Date,Volume,Transaction Amount,Open,High,Low,Close,Diff,Transaction Count,MA5,MA10,MA20,EMA12,EMA26,DIF,MACD,RSI,K,D
20220103,"73,703,302","46,249,716,919",619.0,632.0,618.0,631.0,+16.00,"88,508",,,,631.0,631.0,0.0,0.0,,50.0,50.0
20220104,"90,945,643","59,188,199,534",645.0,656.0,644.0,656.0,+25.00,"106,409",,,,634.8461538461538,632.8518518518518,1.9943019943019635,0.3988603988603927,,66.66666666666666,55.55555555555554
20220105,"72,505,550","47,582,832,784",669.0,669.0,646.0,650.0,-6.00,"64,712",,,,637.1775147928994,634.122085048011,3.0554297448884427,0.9301742680660027,,61.1111111111111,57.40740740740739
20220106,"57,490,736","36,817,638,522",638.0,646.0,636.0,644.0,-6.00,"53,430",,,,638.2271279016841,634.853782451862,3.373345449822068,1.4188085044172158,,52.144249512670555,55.65302144249511
20220107,"39,847,766","25,358,237,656",643.0,646.0,632.0,634.0,-10.00,"44,497",643.0,,,637.5768005321942,634.7905393072797,2.786261224914483,1.6922990485166693,,37.39441195581545,49.56681828026855
20220110,"39,286,754","25,052,138,297",628.0,645.0,627.0,643.0,+9.00,"33,453",645.4,,,638.4111389118566,635.3986475067404,3.0124914051161795,1.9563375198365716,,35.45592376001731,44.86318677351813
20220111,"36,186,544","23,361,588,355",646.0,651.0,639.0,651.0,+8.00,"26,849",644.4,,,640.347886771571,636.5543032469818,3.7935835245891667,2.3237867207870906,,41.18114215580101,43.635838567612424
20220112,"40,832,298","26,762,357,054",657.0,660.0,650.0,660.0,+9.00,"39,164",646.4,,,643.3712888067139,638.2910215249832,5.080267281730698,2.8750828329758122,,52.89269126176208,46.721456132328974
20220113,"39,172,028","25,813,559,647",658.0,662.0,655.0,661.0,+1.00,"34,355",649.8,,,646.0833982210656,639.9731680786881,6.110230142377532,3.5221122948561563,,61.38792030063418,51.61027752176404
20220114,"98,768,193","66,094,477,906",673.0,673.0,661.0,672.0,+11.00,"83,211",657.4,650.2,,650.0705677255171,642.3455259987853,7.725041726731774,4.362698181231281,,73.06813734327991,58.76289746226932
20220117,"63,828,552","43,615,303,577",685.0,688.0,678.0,683.0,+11.00,"61,981",665.4,655.4,,655.1366342292837,645.3569685173939,9.779665711889834,5.446091687362991,,78.16945590327188,65.23175027593683
20220118,"48,802,321","32,742,176,854",678.0,681.0,662.0,662.0,-21.00,"65,357",667.6,656.0,,656.1925366555478,646.5897856642536,9.602750991294215,6.277423548149237,,65.29126517582466,65.25158857589943
20220119,"44,092,247","28,859,030,269",652.0,660.0,651.0,654.0,-8.00,"50,763",666.4,656.4,,655.8552233239251,647.1386904298644,8.71653289406072,6.765245417331534,,50.50425430326295,60.3358104850206
20220120,"48,996,473","31,893,527,292",650.0,657.0,646.0,651.0,-3.00,"39,346",664.4,657.1,,655.1082658894751,647.4247133609855,7.683552528489599,6.948906839563147,57.8125,38.320665659539635,52.99742887652694
20220121,"53,966,101","34,642,476,570",644.0,646.0,637.0,641.0,-10.00,"66,088",658.2,657.8,,652.9377634449405,646.9488086675792,5.9889547773613,6.756916427122778,53.6231884057971,21.57885647143912,42.52457140816433
20220124,"48,665,203","31,412,475,591",639.0,655.0,637.0,653.0,+12.00,"36,231",652.2,658.8,,652.9473382995651,647.3970450625734,5.550293236991706,6.515591789096565,48.8,19.941459869848302,34.99686756205899
20220125,"53,927,064","34,582,254,327",643.0,645.0,638.0,641.0,-12.00,"56,698",648.0,657.8,,651.1092862534782,646.9231898727531,4.1860963807250755,6.049692707422267,46.56488549618321,10.193531386100418,26.729088836739464
20220126,"33,093,553","21,089,251,429",635.0,641.0,635.0,636.0,-5.00,"35,647",644.4,655.4,,648.78478067602,646.1140646969936,2.6707159790263404,5.373897361743082,46.92307692307692,3.2495882999534698,18.9025886578108
20220207,"64,637,049","41,221,401,027",644.0,644.0,631.0,635.0,-1.00,"43,774",641.2,652.8,,646.6640451874015,645.2908006453645,1.373244542037014,4.573766797801869,50.413223140495866,-2.0889269489671904,11.905416788884803
20220208,"43,786,259","27,805,114,442",645.0,645.0,628.0,628.0,-7.00,"40,026",638.6,648.4,649.3,643.7926536201089,644.0100005975597,-0.21734697745080211,3.615544042751335,43.69747899159664,-12.22595129931146,3.861627426152716
20220209,"33,633,394","21,289,086,984",635.0,637.0,630.0,633.0,+5.00,"29,746",634.6,643.4,649.4,642.1322453708614,643.1944449977404,-1.062199626879078,2.6799953088252524,42.24137931034483,-13.947735648816334,-2.0748269321703003
20220210,"37,388,892","24,028,303,016",639.0,649.0,637.0,649.0,+16.00,"28,452",636.2,642.1,649.05,643.1888230061135,643.6244861090189,-0.43566310290543697,2.0568636264791147,45.52845528455285,10.701509567455778,2.1839519010383928
20220211,"28,194,682","18,225,628,338",646.0,650.0,642.0,650.0,+1.00,"21,995",639.0,641.7,649.05,644.2366963897883,644.0967463972397,0.1399499925486225,1.6734808996930164,45.52845528455285,31.208413785711254,11.85877252926268
20220214,"39,394,670","25,104,180,949",640.0,641.0,635.0,637.0,-13.00,"33,928",639.4,640.3,648.7,643.1233584836671,643.5710614789257,-0.44770299525862356,1.2492441207026885,36.0,20.80560919047417,14.841051416333176
20220215,"24,497,955","15,556,533,655",633.0,639.0,633.0,633.0,-4.00,"31,907",640.4,639.5,648.65,641.565918716949,642.7880198878942,-1.222101170945166,0.7549750623731177,28.813559322033896,3.6139958705725235,11.09869956774629
20220216,"27,395,771","17,635,435,307",645.0,646.0,640.0,646.0,+13.00,"23,136",643.0,638.8,648.8,642.2480850681876,643.0259443406427,-0.777859272455089,0.4484081954074764,42.72727272727273,25.486253657304754,15.894550930932445
20220217,"20,447,347","13,171,026,165",644.0,646.0,641.0,645.0,-1.00,"16,116",642.2,639.2,648.5,642.6714565961587,643.1721706857803,-0.5007140896216242,0.25858373840165627,45.63106796116505,37.503656284357014,23.09758604874063
20220218,"21,948,975","13,997,433,486",638.0,639.0,636.0,637.0,-8.00,"23,892",639.6,639.3,647.35,641.7989248121343,642.714972857204,-0.916048045069715,0.02365738170738202,43.518518518518526,25.002437522904675,23.732536540128642
20220221,"25,769,408","16,320,629,980",633.0,636.0,632.0,632.0,-5.00,"41,961",638.6,639.0,645.9,640.2913979179598,641.9212711640778,-1.6298732461179952,-0.3070487438576935,45.63106796116505,7.144482158126927,18.203185079461402
20220222,"38,526,210","24,153,923,316",628.0,630.0,625.0,627.0,-5.00,"68,303",637.4,638.9,643.65,638.2465674690429,640.8159918185905,-2.569424349547603,-0.7595238649956755,36.458333333333336,-0.2370118945820492,12.056452754780253
20220223,"34,561,338","21,606,428,438",624.0,629.0,623.0,625.0,-2.00,"50,926",633.2,638.1,640.75,636.2086340122671,639.6444368690653,-3.4358028567982046,-1.2947796633561814,40.69767441860465,-6.507214278927715,5.8685637435442635
20220224,"80,672,979","49,358,065,299",618.0,619.0,604.0,604.0,-21.00,"188,248",625.0,633.6,637.85,631.2534595488414,637.0041082120975,-5.750648663256129,-2.1859534633361712,34.31372549019608,-22.856661371136994,-3.706511294682822
20220225,"94,155,943","56,880,320,916",600.0,609.0,600.0,604.0, 0.00,"129,776",618.4,629.0,635.35,627.0606196182505,634.5593594556459,-7.498739837395419,-3.248510738148021,34.65346534653466,-19.742278751929167,-9.051767113764937
20220301,"70,303,880","42,445,208,215",599.0,610.0,599.0,604.0, 0.00,"67,439",612.8,625.7,633.0,623.5128319846735,632.2957031996722,-8.782871214998636,-4.355382833518144,37.234042553191486,-17.666023672457282,-11.923185966662384
20220302,"42,428,151","25,528,700,277",601.0,605.0,600.0,601.0,-3.00,"58,916",607.6,622.5,631.0,620.0493193716468,629.9775029626594,-9.928183591012612,-5.469942985017038,32.60869565217391,-15.029381635296724,-12.95858452287383
20220303,"37,103,932","22,373,890,387",603.0,607.0,601.0,602.0,+1.00,"65,410",603.0,618.1,628.45,617.272501006778,627.9050953357957,-10.632594329017707,-6.502473253817172,19.480519480519476,-12.960764227452717,-12.959311091066791
20220304,"65,235,167","38,833,099,256",595.0,597.0,592.0,595.0,-7.00,"206,731",601.2,613.1,626.15,613.8459623903507,625.4676808664775,-11.62171847612683,-7.526322298279104,16.86746987951807,-10.349911194370186,-12.089511125501254
20220307,"97,167,600","56,147,025,127",580.0,581.0,575.0,576.0,-19.00,"297,917",595.6,607.0,623.15,608.023506637989,621.8034082097014,-13.779901571712344,-8.777038152965753,15.730337078651687,-10.301301340464477,-11.493441197155661
20220308,"88,371,413","49,908,147,901",561.0,570.0,561.0,563.0,-13.00,"269,695",587.4,600.1,619.55,601.0968133090677,617.447600194168,-16.35078688510032,-10.291787899392666,14.285714285714292,-10.822336486863323,-11.269739627058215
20220309,"57,512,412","32,761,408,119",567.0,573.0,567.0,568.0,+5.00,"112,422",580.8,594.2,616.55,596.0049958769034,613.7848149946,-17.779819117696547,-11.789394143053443,6.666666666666657,-8.57543520892929,-10.371638154348574
20220310,"49,092,145","28,798,814,637",585.0,589.0,582.0,587.0,+19.00,"71,569",577.8,590.4,614.25,594.6196118958413,611.8007546246296,-17.181142728788245,-12.867743860200404,23.148148148148152,8.449709860713806,-4.097855482661114
20220311,"42,981,381","24,820,833,930",581.0,582.0,574.0,575.0,-12.00,"112,158",573.8,587.5,610.55,591.6012100657119,609.074772800583,-17.473562734871052,-13.788907635134535,22.32142857142857,9.799806573809203,0.5346985361623249
20220314,"38,562,552","22,131,365,409",574.0,577.0,572.0,572.0,-3.00,"87,337",573.0,584.3,606.65,588.5856392863716,606.3284933338731,-17.74285404750151,-14.579696917607931,22.727272727272734,8.33500618434127,3.134801085555306
20220315,"84,338,792","47,191,728,965",562.0,563.0,558.0,558.0,-14.00,"277,901",572.0,579.7,602.7,583.8801563192375,602.7486049387713,-18.868448619533865,-15.437447257993119,21.008403361344534,1.768792001682058,2.679464724264223
20220316,"50,764,807","28,345,633,852",564.0,565.0,555.0,558.0,X0.00,"110,732",570.0,575.4,598.95,579.8985938085856,599.4338934618253,-19.53529965323969,-16.257017737042435,21.367521367521377,-3.7227661165256873,0.5453877773342528
20220317,"65,820,899","38,121,960,334",578.0,583.0,575.0,582.0,+24.00,"65,468",569.0,573.4,595.75,580.2218870688032,598.1424939461346,-17.920606877331352,-16.58973556510022,40.833333333333336,21.87713028129056,7.6559686119863555
20220318,"49,583,448","28,771,454,221",582.0,582.0,576.0,581.0,-1.00,"39,576",570.2,572.0,592.55,580.3415967505258,596.8726795797542,-16.531082829228353,-16.578005017925847,40.49586776859503,37.66167659778345,17.65787127391872
20220321,"22,800,165","13,363,354,969",583.0,589.0,583.0,586.0,+5.00,"32,617",573.0,573.0,590.0,581.212120327368,596.0672959071798,-14.855175579811771,-16.233439130303033,42.857142857142854,54.59496388570178,29.9702354778464
20220322,"23,421,124","13,613,967,252",577.0,586.0,577.0,583.0,-3.00,"27,371",578.0,575.0,587.55,581.4871787385422,595.0993480622035,-13.612169323661305,-15.709185168974688,42.857142857142854,62.03766823149349,40.659379729062096
20220323,"27,475,008","16,177,424,772",590.0,590.0,586.0,590.0,+7.00,"30,970",584.4,577.2,585.7,582.7968435479972,594.7216185761143,-11.924775028117097,-14.95230314080317,45.45454545454545,74.69177882099565,52.00351275970661
20220324,"20,769,676","12,232,627,003",587.0,592.0,585.0,591.0,+1.00,"21,647",586.2,577.6,584.0,584.0588676175362,594.4459431260318,-10.387075508495627,-14.039257614341663,48.412698412698404,81.9784272599741,61.995150926462436
20220325,"26,794,684","15,984,831,591",597.0,598.0,595.0,598.0,+7.00,"29,896",589.6,579.9,583.7,586.2036572148382,594.7092065981776,-8.505549383339371,-12.932515968141205,59.64912280701754,87.98561817331606,70.65864000874697
20220328,"27,954,730","16,298,449,416",581.0,586.0,580.0,584.0,-14.00,"54,537",589.2,581.1,582.7,585.86463302794,593.9159320353497,-8.051299007409625,-11.95627257599489,59.130434782608695,77.8489979741299,73.05542599720795
20220329,"15,742,359","9,243,985,774",586.0,589.0,584.0,589.0,+5.00,"21,222",590.4,584.2,581.95,586.3469971774878,593.5517889216201,-7.204791744132308,-11.005976409622374,59.130434782608695,66.4826653160866,70.86450577016748
20220330,"43,256,548","25,908,489,513",599.0,600.0,597.0,600.0,+11.00,"48,535",592.4,588.4,581.9,588.447459150182,594.0294341866853,-5.581975036503309,-9.92117613499856,56.07476635514018,77.65511021072439,73.12804058368644
20220331,"25,130,417","15,014,260,610",602.0,602.0,594.0,597.0,-3.00,"18,860",593.6,589.9,581.65,589.7632346655386,594.2494760987827,-4.486241433244118,-8.834189194647672,61.22448979591836,74.68674014048293,73.6476071026186
20220401,"31,247,086","18,328,227,645",585.0,589.0,584.0,589.0,-8.00,"53,178",591.8,590.7,581.35,589.6458139477634,593.8606260173914,-4.21481206962801,-7.91031376964374,58.252427184466015,56.04116009365528,67.77879143296414
20220406,"40,726,932","23,547,636,944",578.0,580.0,575.0,578.0,-11.00,"62,822",590.6,589.9,581.45,587.8541502634921,592.685764830918,-4.831614567425845,-7.294573929200162,60.0,34.33047036546715,56.6293510771318
20220407,"47,212,937","26,881,649,976",571.0,573.0,566.0,566.0,-12.00,"130,552",586.0,588.2,581.6,584.4919732998779,590.7090415101092,-6.2170682102312185,-7.079072785406374,53.57142857142857,14.841003232150513,42.69990179547137
20220408,"31,406,384","17,821,660,486",567.0,570.0,566.0,567.0,+1.00,"75,778",579.4,585.9,581.55,581.8009004845121,588.952816213064,-7.151915728551899,-7.093641374035479,41.573033707865164,6.7690021547670085,30.722935248569915
20220411,"41,713,758","23,401,330,531",563.0,566.0,558.0,558.0,-9.00,"130,731",571.6,582.6,580.1,578.1392234868948,586.6600150120963,-8.520791525201503,-7.379071404268684,38.144329896907216,-2.894739304229401,19.517043730970144
20220412,"34,799,056","19,418,030,839",554.0,564.0,552.0,557.0,-1.00,"69,280",565.2,578.5,579.2,574.8870352581417,584.4629768630522,-9.57594160491044,-7.818445444397035,34.40860215053765,-8.070177080012582,10.321303460642568
20220413,"36,968,137","21,134,384,849",564.0,576.0,563.0,573.0,+16.00,"41,249",564.2,577.4,579.25,574.5967221415045,583.6138674657891,-9.01714532428457,-8.058185420374542,45.283018867924525,2.5146187887635403,7.719075236682892
20220414,"20,224,847","11,618,596,373",577.0,578.0,573.0,573.0, 0.00,"27,442",565.6,575.8,580.0,574.3510725812731,582.8276550609158,-8.47658247964273,-8.14186483222818,41.41414141414141,9.571149367947623,8.336433280437802
20220415,"33,158,930","18,667,922,752",562.0,566.0,561.0,562.0,-11.00,"99,936",564.6,572.0,580.2,572.4509075687696,581.2848657971443,-8.83395822837474,-8.280283511457492,36.69724770642201,3.7140995786317483,6.795655379835784
20220418,"16,579,296","9,311,198,146",559.0,566.0,558.0,561.0,-1.00,"31,712",565.2,568.4,579.15,570.6892294812666,579.782283145504,-9.093053664237459,-8.442837542013486,32.03883495145631,-3.773933614245501,3.2724590484753557
20220419,"18,811,242","10,639,032,272",566.0,569.0,563.0,565.0,+4.00,"24,598",566.8,566.0,578.35,569.8139634072256,578.6872992088,-8.873335801574399,-8.52893719392567,39.784946236559136,-0.1350033618779536,2.1366382450242525
20220420,"28,240,222","16,016,967,192",570.0,570.0,562.0,570.0,+5.00,"28,615",566.2,565.2,577.55,569.8425844214986,578.0437955637037,-8.201211142205125,-8.46339198358156,39.784946236559136,14.195712044462315,6.156329511503606
20220421,"21,539,083","12,221,437,009",571.0,571.0,565.0,565.0,-5.00,"28,847",564.6,565.1,576.65,569.0975714335757,577.0775884849108,-7.980017051335153,-8.36671699713228,29.885057471264375,11.844760410593924,8.052473144533712
20220422,"35,567,672","19,849,449,551",558.0,559.0,557.0,558.0,-7.00,"81,550",563.8,564.2,575.05,567.3902527514871,575.6644337823249,-8.27418103083778,-8.348209803873381,28.57142857142857,6.142120975483669,7.415689088183697
20220425,"49,067,362","26,907,070,565",550.0,552.0,546.0,547.0,-11.00,"165,619",561.0,563.1,572.85,564.2532907897198,573.5411423910415,-9.287851601321677,-8.53613816336304,27.65957446808511,-2.3155090932672984,4.171956361033365
20220426,"39,549,934","21,628,474,846",550.0,551.0,544.0,546.0,-1.00,"90,252",557.2,562.0,570.25,561.445092206686,571.5010577694828,-10.055965562796814,-8.840103643249796,30.95238095238095,-7.716512235017705,0.20913349568300843
20220427,"65,034,122","34,416,315,121",530.0,532.0,526.0,526.0,-20.00,"217,895",548.4,557.3,567.35,555.992001097965,568.1306090458174,-12.138607947852392,-9.499804504170315,28.26086956521739,-10.27254661821693,-3.284759875616971
20220428,"50,406,145","26,653,291,522",530.0,532.0,523.0,531.0,+5.00,"79,897",541.6,553.1,564.45,552.1470778521243,565.3801935609421,-13.233115708817763,-10.246466745099806,31.25,-7.703065266845474,-4.757528339359805
20220429,"39,960,198","21,586,196,160",547.0,547.0,535.0,538.0,+7.00,"41,498",537.6,550.7,561.35,549.9706043364129,563.3520310749464,-13.381426738533492,-10.873458743786543,39.361702127659576,-0.007171716358521429,-3.17407613169271
20220503,"29,502,561","15,790,689,728",538.0,540.0,530.0,531.0,-7.00,"48,050",534.4,547.7,558.05,547.0520498231185,560.955584328654,-13.903534505535504,-11.479473896136335,37.00000000000001,-0.8594819989398689,-2.4025447541084293
20220504,"17,305,449","9,229,779,558",533.0,537.0,530.0,534.0,+3.00,"27,460",532.0,544.6,555.3,545.0440421580233,558.9588743783834,-13.91483222036004,-11.966545560981077,27.58620689655173,1.1364137101084633,-1.2228919327027983
20220505,"22,540,182","12,209,716,759",543.0,544.0,539.0,542.0,+8.00,"26,904",535.2,541.8,553.5,544.5757279798659,557.702661461466,-13.12693348160019,-12.1986231451049,33.684210526315795,13.103288152417988,3.5525014290041304
20220506,"34,512,038","18,241,210,653",528.0,531.0,526.0,528.0,-14.00,"66,208",534.6,538.1,551.6,542.0256159829635,555.5024643161722,-13.47684833320875,-12.45426818272567,32.65306122448979,3.973620673040564,3.692874510349608
20220509,"27,309,304","14,249,571,058",523.0,524.0,520.0,520.0,-8.00,"82,004",531.0,534.3,549.25,538.6370596778921,552.8726521446039,-14.23559246671175,-12.810533039522888,30.47619047619048,-2.289191156244561,1.698852621484885
20220510,"44,322,247","22,673,191,861",506.0,519.0,505.0,518.0,-2.00,"83,371",528.4,531.4,547.25,535.4621274197549,550.289492726485,-14.827365306730144,-13.21389949296434,27.18446601941747,-2.7166036279725643,0.2270338716657352
20220511,"28,109,896","14,662,149,551",518.0,526.0,518.0,521.0,+3.00,"40,227",525.8,528.9,545.45,533.2371847397926,548.1199006726713,-14.882715932878682,-13.547662780947208,25.742574257425744,0.5698832956373376,0.34131701298960265
20220512,"35,824,788","18,310,112,210",516.0,518.0,505.0,505.0,-16.00,"107,513",518.4,526.8,542.05,528.8930024721323,544.9258339561771,-16.03283148404489,-14.044696521566745,23.214285714285722,-14.562606538540626,-4.62665750418714
20220513,"30,204,773","15,412,261,905",507.0,514.0,506.0,511.0,+6.00,"37,707",515.0,524.8,538.95,526.140232861035,542.4128092186826,-16.27257635764761,-14.490272488782919,28.828828828828833,-13.041737692360417,-7.431684233578232
20220516,"22,012,610","11,472,463,517",521.0,524.0,518.0,520.0,+9.00,"30,034",515.0,523.0,536.85,525.1955816516449,540.7526011284098,-15.557019476764822,-14.7036218863793,37.61467889908257,-2.027825128240279,-5.630397865132248
20220517,"25,812,051","13,627,135,311",521.0,533.0,520.0,530.0,+10.00,"30,826",517.4,522.9,535.3,525.9347229360072,539.956112155935,-14.021389219927755,-14.567175353088992,43.220338983050844,16.425894358950927,1.721699542895477
20220518,"33,605,299","18,075,946,322",541.0,541.0,534.0,538.0,+8.00,"34,913",520.8,523.3,533.95,527.7909194073908,539.8112149591991,-12.020295551808317,-14.057799392832857,55.660377358490564,40.58022586893024,14.674541651573731
20220519,"40,798,132","21,322,524,192",523.0,527.0,520.0,522.0,-16.00,"47,232",524.2,521.3,531.55,526.9000087293307,538.4918657029622,-11.59185697363148,-13.564610908992583,46.15384615384615,36.930027122496696,22.09303680854805
20220520,"26,111,163","13,784,969,436",524.0,532.0,523.0,530.0,+8.00,"21,767",528.0,521.5,529.8,527.3769304632798,537.8628386138539,-10.485908150574119,-12.948870357308891,46.610169491525426,44.373104501417544,29.519726039504548
20220523,"18,919,447","10,040,778,291",533.0,534.0,528.0,528.0,-2.00,"18,775",529.6,522.3,528.3,527.4727873150829,537.1322579757907,-9.659470660707825,-12.290990417988679,48.67256637168141,46.86602028489564,35.30182412130158
20220524,"19,130,619","10,036,942,322",530.0,531.0,520.0,520.0,-8.00,"31,716",527.6,522.5,526.95,526.323127728147,535.8632018294359,-9.540074101288837,-11.740807154648712,44.06779661016949,38.651420930671165,36.418356391091436
20220525,"22,460,245","11,782,306,905",522.0,529.0,520.0,524.0,+4.00,"18,352",524.8,522.8,525.85,525.9657234622782,534.9844461383666,-9.018722676088373,-11.196390258936644,42.10526315789473,38.11329296612645,36.983335249436436
20220526,"31,542,825","16,336,162,581",523.0,525.0,513.0,514.0,-10.00,"72,846",523.2,523.7,525.25,524.1248429296201,533.4300427207098,-9.305199791089763,-10.818152165367268,43.636363636363626,5.80101884016273,26.589229779678533
20220527,"30,113,220","15,855,257,581",524.0,530.0,522.0,530.0,+16.00,"28,711",523.2,525.6,525.2,525.0287132481401,533.1759654821387,-8.147252233998643,-10.283972179093544,54.23728813559322,14.284012560108486,22.487490706488515
20220530,"36,480,411","19,757,635,264",538.0,547.0,537.0,547.0,+17.00,"42,797",527.0,528.3,525.65,528.4089112099647,534.1999680390173,-5.79105682905265,-9.385389109085365,60.90225563909774,42.85600837340565,29.276996595460894
20220531,"81,962,870","45,507,333,341",542.0,560.0,540.0,560.0,+13.00,"34,286",535.0,531.3,527.1,533.269078716124,536.1110815176087,-2.842002801484682,-8.076711847565228,63.63636363636363,61.90400558227043,40.152666257730736
20220601,"32,970,903","18,171,598,472",550.0,555.0,548.0,549.0,-11.00,"33,456",540.0,532.4,527.85,535.6892204521049,537.0658162200081,-1.3765957679031544,-6.736688631632814,65.94202898550725,64.1264799119898,48.14393747581709
20220602,"26,063,495","14,122,936,388",544.0,545.0,540.0,540.0,-9.00,"30,042",545.2,534.2,527.75,536.3524173056272,537.2831631666742,-0.9307458610469439,-5.57550007751564,60.28368794326241,57.03670089370748,51.108191948447214
20220606,"23,732,327","12,843,324,209",541.0,544.0,538.0,540.0, 0.00,"16,614",547.2,535.2,528.35,536.9135838739923,537.4844103395131,-0.570826465520895,-4.574565355116691,57.57575757575758,52.31018154818594,51.50885514836012
20220607,"22,152,512","11,846,386,906",535.0,538.0,532.0,535.0,-5.00,"28,586",544.8,535.9,529.1,536.6191863549166,537.3003799439937,-0.681193589077111,-3.7958910019087755,51.968503937007874,44.39726388926681,49.13832472866235
20220608,"19,609,522","10,636,701,303",539.0,545.0,538.0,544.0,+9.00,"18,487",541.6,538.3,530.4,537.7546961464678,537.7966480962905,-0.041951949822646384,-3.04510319149155,52.34375,47.69341402141597,48.65668782624688
20220609,"16,894,479","9,115,934,006",538.0,542.0,537.0,541.0,-3.00,"18,802",540.0,540.0,531.4,538.2539736623959,538.0339334224911,0.22004023990473343,-2.3920745052122934,58.26086956521739,44.017831569832865,47.1104024074422
20220610,"22,614,596","12,011,615,014",530.0,533.0,529.0,530.0,-11.00,"44,802",538.0,541.6,532.65,536.9841315604888,537.4388272430474,-0.45469568255862214,-2.0045987406815593,50.0,25.64151734285154,39.95410738591198
20220613,"36,758,925","18,998,155,460",518.0,519.0,515.0,516.0,-14.00,"112,023",533.2,540.2,532.9,533.7558036281059,535.8507659657846,-2.0949623376786803,-2.0226714600809834,45.384615384615394,14.655320504990456,31.521178425604806
20220614,"38,838,778","19,813,036,892",507.0,514.0,507.0,513.0,-3.00,"85,483",528.8,536.8,532.55,530.5626030699358,534.1581166349857,-3.5955135650499415,-2.337239881074775,47.2,8.957205539912337,23.99985413037398
20220615,"38,360,508","19,580,150,319",508.0,515.0,508.0,509.0,-4.00,"72,687",521.8,531.7,531.5,527.2452795207149,532.2945524398016,-5.049272919086661,-2.8796464886771527,43.99999999999999,0.5951262739200525,16.19827817822267
20220616,"31,908,028","16,331,470,764",515.0,516.0,507.0,508.0,X0.00,"42,177",515.2,527.6,530.0,524.2844672867587,530.4949559627793,-6.210488676020532,-3.545814926145829,47.41379310344827,-6.054862053945771,8.780564767499856
20220617,"48,400,798","24,260,277,915",499.5,503.0,499.0,501.0,-7.00,"119,618",509.4,523.7,528.95,520.7022415503343,528.3101444099808,-7.607902859646515,-4.358232512845967,36.44859813084113,-5.623876289932101,3.9790844150225366
20220620,"36,664,463","18,267,359,790",500.0,502.0,495.0,498.0,-3.00,"89,541",505.8,519.5,527.35,517.209589004129,526.06494852776,-8.85535952363091,-5.257657915002955,23.655913978494624,-6.850026053753183,0.36938092543062995
20220621,"34,432,537","17,298,234,720",501.0,505.0,499.0,505.0,+7.00,"32,427",504.2,516.5,526.2,515.3311906958015,524.5045819701481,-9.173391274346613,-6.040804586871687,18.39080459770115,-2.066684035835455,-0.44264072832473167
20220622,"33,438,921","16,630,857,096",501.0,503.0,494.5,494.5,-10.50,"81,024",501.3,511.55,524.925,512.1263921272167,522.2820203427298,-10.155628215513048,-6.86376931259996,18.497109826589593,-9.442305486255895,-3.4425289809684525
20220623,"46,808,462","22,836,692,325",492.0,493.5,485.0,485.5,-9.00,"104,661",496.8,506.0,523.0,508.0300241076449,519.5574262432683,-11.52740213562339,-7.796495877204646,18.497109826589593,-16.752386664039875,-7.8791482086589255
20220624,"29,003,676","14,184,287,155",489.5,492.5,485.5,486.5,+1.00,"43,609",493.9,501.65,521.625,504.7177127064688,517.1087280030263,-12.391015296557498,-8.715399761075217,19.428571428571416,-19.678896073898922,-11.812397497072258
20220627,"38,684,368","19,379,396,938",496.0,506.0,495.5,498.5,+12.00,"37,438",494.0,499.9,520.05,503.7611415208582,515.7303037065058,-11.969162185647576,-9.366152245989689,30.687830687830697,-4.608625751393607,-9.411140248512707
20220628,"16,867,955","8,392,290,378",496.0,500.0,496.0,497.5,-1.00,"18,988",492.5,498.35,517.575,502.7978889791877,514.3799108393572,-11.582021860169505,-9.809326168825653,23.121387283237,4.019781413964545,-4.934166361020289
20220629,"33,124,986","16,352,376,816",496.0,498.5,491.0,491.0,-6.50,"40,024",491.8,496.55,514.125,500.98282913623575,512.6480655919974,-11.665236455761601,-10.180508226212842,22.222222222222214,-1.02384942772734,-3.630727383255972
20220630,"49,820,824","23,900,613,642",484.5,486.5,476.0,476.0,-15.00,"111,117",489.9,493.35,510.475,497.13931696143027,509.9333940666642,-12.794077105233953,-10.703222002017064,21.276595744680847,-18.631284233869508,-8.63091300012715
20220701,"72,597,018","33,459,624,760",471.5,474.0,452.5,453.5,-22.50,"172,267",483.3,488.6,506.15,490.425575890441,505.7531426543187,-15.327566763877712,-11.628090954389194,19.512195121951223,-33.77502282257967,-17.012282940944658
20220704,"61,206,245","27,225,872,277",443.0,451.5,440.0,440.0,-13.50,"96,760",471.6,482.8,501.15,482.6677949842193,500.88253949473955,-18.214744510520234,-12.945421665615402,17.69911504424779,-29.550321025450668,-21.191628969113324
20220705,"55,469,884","24,538,415,224",449.5,451.5,433.0,446.0,+6.00,"70,715",461.3,476.9,496.7,477.02659575587785,496.8171661988329,-19.790570442955072,-14.314451421083337,22.60869565217392,-23.064128390055796,-21.815795442760816
20220706,"42,156,925","18,556,660,847",442.0,447.5,435.0,435.5,-10.50,"59,018",450.2,471.0,491.275,470.637888716512,492.27515388780824,-21.637265171296235,-15.779014171125917,20.883534136546174,-22.213692430977368,-21.948427772166333
20220707,"50,984,110","22,992,311,966",442.0,459.0,438.5,457.5,+22.00,"56,227",446.5,468.2,487.1,468.6166750678179,489.6992165627854,-21.08254149496753,-16.83971963589424,34.40860215053765,-9.111122589312547,-17.669326044548402
20220708,"39,134,398","18,251,251,558",470.0,470.5,461.5,467.0,+9.50,"46,039",449.2,466.25,483.95,468.3679558266151,488.0177931136902,-19.64983728707506,-17.401743166130405,39.38356164383561,6.306870654744017,-9.677260478117596
20220711,"22,930,675","10,673,806,551",468.0,470.5,461.0,462.0,-5.00,"25,631",453.6,462.6,481.25,467.38827031482816,486.09054917934276,-18.702278864514597,-17.661850305807246,35.06944444444444,13.681704619502545,-1.8909387789108818
20220712,"24,155,935","10,932,798,847",458.0,458.0,449.5,449.5,-12.50,"34,431",454.3,457.8,478.075,464.63622872793155,483.3801381290211,-18.743909401089525,-17.878262124863703,34.58904109589041,10.830538122403405,2.3495535215272136
20220713,"48,134,139","22,639,696,871",470.5,473.0,466.0,470.5,+21.00,"48,964",461.3,455.75,476.15,465.53834738517287,482.42605382316765,-16.88770643799478,-17.68015098748992,45.25316455696202,36.15117635833183,13.61676113379542
20220714,"34,014,188","16,045,789,881",466.0,477.5,463.0,475.0,+4.50,"36,454",464.8,455.65,474.5,466.9939862489924,481.87597576219224,-14.881989513199812,-17.1205186926319,46.43962848297213,54.65633979444344,27.296620687344756
20220715,"56,039,339","27,285,128,552",481.0,494.0,477.0,492.5,+17.50,"63,691",469.9,459.55,474.075,470.91798836453205,482.6629405205484,-11.744952156016325,-16.045405385308786,48.203592814371255,68.69562437909133,41.09628858459361
20220718,"40,797,601","20,142,703,483",495.5,498.5,488.5,495.5,+3.00,"42,574",476.6,465.1,473.95,474.6998363084502,483.61383381532255,-8.913997506872363,-14.619123809621502,49.40828402366864,77.16963193900204,53.12073636939642
20220719,"20,554,247","10,063,256,350",487.5,493.0,486.5,491.0,-4.50,"25,035",484.9,469.6,473.25,477.20755379945786,484.1609572364098,-6.95340343695193,-13.085979735087589,50.0,78.60691511982853,61.61612928620712
20220720,"36,862,724","18,330,197,370",502.0,503.0,491.5,495.0,+4.00,"40,233",489.8,475.55,473.275,479.9448532149259,484.96384929297204,-5.018996078046143,-11.4725830036793,56.089743589743584,79.81201748729309,67.68142535323577
20220721,"23,893,063","11,887,266,420",496.0,501.0,494.0,501.0,+6.00,"23,039",495.0,479.9,474.05,483.18410656647575,486.1517123083074,-2.967605741831676,-9.771587551309777,67.02508960573476,85.05986351004724,73.47423807217292
20220722,"26,904,474","13,525,083,791",505.0,505.0,500.0,503.0,+2.00,"26,122",497.1,483.5,474.875,486.23270555624873,487.39973361880317,-1.1670280625544365,-8.05067565355871,74.609375,88.6214692903861,78.52331514491064
20220725,"16,803,972","8,402,110,298",500.0,503.0,498.0,499.5,-3.50,"17,230",497.9,487.25,474.925,488.2738277783643,488.29604964704,-0.022221868675671885,-6.444984896582103,71.31474103585657,86.68514619359073,81.24392549447066
20220726,"19,524,143","9,665,183,112",499.5,499.5,491.0,495.0,-4.50,"29,293",498.7,491.8,474.8,489.3086235047698,488.79263856207405,0.5159849426957521,-5.052790928726532,74.89539748953975,79.00221867451503,80.49668988781877
20220727,"18,411,136","9,144,660,659",494.0,502.0,491.0,502.0,+7.00,"20,351",500.1,494.95,475.35,491.26114296557444,489.77096163155005,1.4901813340243848,-3.7441964761763487,71.29186602870814,77.66814578301002,79.55384185288251
20220728,"35,020,547","17,665,645,632",509.0,509.0,499.0,501.0,-1.00,"31,274",500.1,497.55,476.6,492.75942866317837,490.60274225143525,2.1566864117431237,-2.5640198985924543,67.70833333333334,68.44543052200667,75.8510380759239
20220729,"30,632,627","15,571,856,556",508.0,510.0,504.0,509.0,+8.00,"24,762",501.3,499.2,479.375,495.25797809961244,491.96550208466226,3.292476014950182,-1.392720715883927,73.73737373737373,77.00283603427894,76.2349707287089
20220801,"24,991,291","12,569,771,761",506.0,508.0,500.0,504.0,-5.00,"26,792",502.2,500.05,482.575,496.60290454582594,492.85694637468725,3.745958171138682,-0.3649849384794053,79.78142076502732,65.6209383085669,72.6969599219949
20220802,"42,669,591","20,973,293,337",494.0,496.0,488.5,492.0,-12.00,"63,879",501.6,500.15,484.875,495.89476538492966,492.7934688654512,3.101296519478467,0.32827135311216915,63.03030303030303,34.22348268190174,59.872467508630514
20220803,"29,838,832","14,823,224,632",494.0,501.0,493.0,501.0,+9.00,"25,570",501.4,500.75,488.15,496.6801860949405,493.40136006060294,3.2788260343375555,0.9183822893572465,64.94252873563218,34.720417026029736,51.48845068109692
20220804,"26,589,086","13,279,624,282",499.0,503.0,495.0,500.0,-1.00,"27,173",501.2,500.65,490.275,497.1909266957189,493.890148204262,3.3007784914568674,1.3948615297771707,55.319148936170215,32.67075420782935,45.215885190007725
20220805,"35,052,642","17,966,410,242",509.0,516.0,507.0,516.0,+16.00,"49,928",502.6,501.95,492.725,500.0846302809929,495.5279150039463,4.556715277046578,2.027232279231052,62.27544910179641,55.11383613855289,48.51520217285611
20220808,"20,568,971","10,531,710,250",510.0,515.0,509.0,512.0,-4.00,"18,131",504.2,503.2,495.225,501.91776408391706,496.7480694480984,5.169694635818644,2.6557247505485706,62.65060240963856,63.40922409236859,53.479876146026925
20220809,"24,370,709","12,372,442,661",507.0,511.0,504.0,510.0,-2.00,"25,433",507.8,504.7,498.25,503.16118499408367,497.72969393342447,5.431491060659198,3.210878012570696,59.25925925925925,65.60614939491239,57.52196722898874
20220810,"22,112,239","11,075,581,424",500.0,503.0,499.5,500.0,-10.00,"35,188",507.6,504.5,499.725,502.6748488411477,497.89786475317084,4.776984087976871,3.524099227651931,49.411764705882355,50.404099596608255,55.14934468486191
20220811,"24,906,177","12,771,121,611",513.0,514.0,510.0,514.0,+14.00,"23,949",510.4,505.8,501.675,504.4171797886634,499.0906155121952,5.326564276468218,3.884592237415189,55.670103092783506,63.6027330644055,57.96714081137644
20220812,"21,343,450","11,016,097,043",515.0,518.0,514.0,517.0,+3.00,"21,701",510.6,506.6,502.9,506.3529982827152,500.4172365853659,5.935761697349278,4.294826129402007,59.067357512953365,74.22000386111881,63.38476182795723
20220815,"22,519,886","11,755,494,600",520.0,524.0,519.0,523.0,+6.00,"27,372",512.8,508.5,504.275,508.91407546998977,502.0900338753388,6.824041594650964,4.800669222451798,64.28571428571428,81.36406054509371,69.37786140033604
20220816,"21,234,122","11,141,160,337",526.0,526.0,523.0,525.0,+2.00,"20,628",515.8,511.8,505.975,511.38883308999135,503.7870684030915,7.601764686899855,5.36088831534141,62.365591397849464,86.12676500107696,74.96082926724968
20220817,"28,461,939","14,943,047,011",524.0,527.0,521.0,527.0,+2.00,"26,466",521.2,514.4,507.575,513.7905510761465,505.5065448176773,8.284006258469162,5.945511903966961,63.829787234042556,90.75117666738464,80.224278400628
20220818,"18,721,898","9,734,756,997",520.0,521.0,519.0,520.0,-7.00,"24,209",522.4,516.4,508.525,514.7458509105854,506.58013409044196,8.165716820143473,6.389552887202264,55.91397849462366,84.1118955560342,81.52015078576339
20220819,"14,235,983","7,403,584,002",519.0,523.0,517.0,519.0,-1.00,"14,069",522.8,516.7,509.325,515.40033538588,507.50012415781663,7.90021122806337,6.6916845553744855,58.42696629213483,78.29681925957834,80.44570694370171
20220822,"23,175,820","11,849,427,903",511.0,514.0,510.0,510.0,-9.00,"32,130",520.2,516.5,509.85,514.5695145572831,507.6853001461265,6.88421441115662,6.7301905265309125,60.46511627906977,61.92010172860778,74.27050520533706
20220823,"20,997,847","10,580,935,860",503.0,506.0,502.0,504.0,-6.00,"34,243",516.0,515.9,510.3,512.9434353946242,507.41231495011715,5.531120444507053,6.490376510126141,51.807228915662655,38.105464644468675,62.215491685047596
20220824,"14,995,494","7,560,487,746",504.0,508.0,503.0,503.0,-1.00,"20,031",511.2,516.2,510.35,511.41367610314353,507.08547680566403,4.3281992974795,6.057941067596813,51.807228915662655,20.64173833440769,48.357573901500956
20220825,"10,254,367","5,208,471,523",505.0,510.0,504.0,508.0,+5.00,"11,664",508.8,515.6,510.7,510.8884951641984,507.1532192645037,3.7352758996946704,5.5934080340163845,44.444444444444436,16.9357620642083,37.8836366224034
20220826,"13,268,148","6,805,419,690",513.0,515.0,511.0,512.0,+4.00,"14,862",507.4,515.1,510.85,511.0594959081679,507.5122400597257,3.547255848442205,5.184177596901549,50.0,20.814317566615056,32.19386360380729
20220829,"28,217,313","14,055,439,771",497.0,502.0,496.0,498.5,-13.50,"60,889",505.1,512.65,510.575,509.1272657684498,506.8446667219682,2.2825990464815504,4.603861886817549,43.11377245508982,9.209545044410035,24.532424084008202
20220830,"25,699,463","12,787,938,496",497.5,500.0,496.0,496.0,-2.50,"43,669",503.5,509.75,510.775,507.1076864194575,506.0413580758965,1.066328343560997,3.896355178166239,47.368421052631575,0.3425952469979947,16.4691478050048
20220831,"50,999,514","25,630,339,779",492.0,505.0,492.0,505.0,+9.00,"24,054",503.9,507.55,510.975,506.7834269703102,505.9642204406449,0.81920652966528,3.2809254484660473,43.66197183098591,7.474773642926199,13.47102308431193
20220901,"42,008,490","20,696,930,527",495.0,495.5,490.0,490.5,-14.50,"93,631",500.4,504.6,510.5,504.2782843594932,504.8187226302268,-0.5404382707335458,2.5166527046261287,33.93939393939394,-3.563826118391079,7.792740016744261
20220902,"33,877,655","16,486,942,365",488.0,489.5,485.0,485.0,-5.50,"71,175",495.0,501.2,508.95,501.3123944580327,503.35066910206183,-2.0382746440291157,1.6056672348950798,26.829268292682926,-8.258237020103856,2.4424143377948893
20220905,"17,327,720","8,419,762,666",485.0,488.0,484.0,486.0,+1.00,"27,611",492.5,498.8,507.65,498.9566414644892,502.06543435376096,-3.10879288927174,0.6627752100617158,25.925925925925924,-7.9746271492050385,-1.02993282453842
20220906,"21,197,718","10,364,807,027",488.5,491.5,486.5,489.0,+3.00,"18,950",491.1,497.3,506.6,497.42485046995245,501.0976244016305,-3.67277393167808,-0.20433461828624333,26.829268292682926,-4.081850198235458,-2.0472386157707656
20220907,"38,168,331","18,125,281,029",477.0,478.0,472.0,472.5,-16.50,"101,077",484.6,494.25,505.225,493.5902580899598,498.9792818533616,-5.389023763401838,-1.2412724473093621,24.04371584699453,-7.67618842044526,-3.92355521732893
20220908,"35,355,467","16,755,699,888",473.0,475.0,472.0,475.0,+2.50,"37,943",481.5,490.95,503.275,490.73021838381214,497.2030387531126,-6.47282036930045,-2.2875820317075797,26.344086021505376,-5.117458946963506,-4.321523127207121
20220912,"27,181,969","13,268,334,545",485.0,491.0,485.0,486.5,+11.50,"26,764",481.8,488.4,501.75,490.07941555553333,496.41022106769685,-6.330805512163522,-3.096226727798768,37.696335078534034,9.366138479802109,0.24103074179595518
20220913,"18,916,557","9,329,113,594",495.0,495.0,491.0,493.0,+6.50,"20,511",483.2,487.85,500.25,490.5287362392974,496.1576120997193,-5.628875860421886,-3.602756554323392,44.270833333333336,26.244092319868074,8.908717934486662
20220914,"25,046,110","12,023,421,519",478.5,482.5,476.0,480.0,-13.00,"47,333",481.4,486.25,498.0,488.9089306640209,494.96075194418455,-6.051821280163665,-4.0925694994914465,39.351851851851855,25.626142847391723,14.481192905455014
20220915,"24,272,164","11,587,112,712",476.0,480.0,476.0,476.5,X0.00,"35,435",482.2,483.4,495.475,486.9998644080177,493.5932888372079,-6.593424429190236,-4.592740485431205,35.21126760563381,19.584095231594482,16.1821603475015
20220916,"41,889,816","19,737,743,551",470.5,472.0,469.0,472.0,-4.50,"51,619",481.6,481.55,493.075,484.69219296063034,491.9937859603777,-7.301592999747356,-5.134510988294435,31.308411214953267,13.056063487729654,15.140128060910886
20220919,"20,724,347","9,713,676,332",472.0,473.0,466.5,467.0,-5.00,"45,650",477.7,479.75,490.475,481.97031712053337,490.14239440775714,-8.172077287223772,-5.742024248080303,34.01015228426395,1.457665513558899,10.579307211793555
20220920,"23,269,759","11,027,746,136",470.5,478.0,470.0,476.5,+9.50,"20,621",474.4,478.8,488.8,481.1287298712205,489.1318466738492,-8.00311680262871,-6.194242758989985,40.75829383886256,7.493516139474048,9.550710187687052
20220921,"24,686,050","11,641,957,557",473.5,475.5,468.5,471.0,-5.50,"30,847",472.6,477.0,487.15,479.57046373718657,487.7887469202308,-8.218283183044207,-6.599050843800829,33.33333333333333,3.5464020639971916,7.549274146457098
20220922,"31,417,685","14,524,615,830",462.0,468.0,459.0,464.5,-6.50,"53,974",470.2,476.2,485.225,477.2519308545425,486.06365455576923,-8.811723701226754,-7.041585415286015,36.170212765957444,-1.956719611656193,4.380609560419334
20220923,"32,804,066","15,005,076,330",458.5,460.5,455.0,455.0,-9.50,"82,492",466.8,474.2,482.575,473.8285568769206,483.76264310719375,-9.93408623027318,-7.620085578283448,34.69387755102041,-6.6184894029398755,0.7142432392995972
20220926,"34,856,957","15,560,487,370",443.0,454.0,443.0,446.5,-8.50,"75,861",462.7,470.2,479.3,469.62416351124045,481.0024473214757,-11.378283810235246,-8.371725224673808,31.279620853080573,-13.184256093187987,-3.9185898715295973
20220927,"29,570,005","13,260,363,913",449.0,451.5,446.0,448.0,+1.50,"29,995",457.0,465.7,476.775,466.2973691248958,478.557821593959,-12.260452469063182,-9.149470673551683,30.288461538461533,-12.883071313587312,-6.906750352215502
20220928,"37,827,459","16,693,442,543",447.0,449.0,438.0,438.0,-10.00,"78,780",450.4,461.5,473.875,461.9439277210657,475.553538512925,-13.609610791859325,-10.041498697213212,32.30769230769231,-21.232392369977745,-11.681964358136248
20220929,"42,884,163","18,748,910,795",443.0,443.5,432.0,435.0,-3.00,"70,971",444.5,457.35,470.375,457.79870807167094,472.54957269715277,-14.750864625481825,-10.983371882866935,29.591836734693885,-22.367488633125262,-15.243805783132586
20220930,"58,366,820","24,750,796,363",424.5,427.5,422.0,422.0,-13.00,"87,052",437.9,452.35,466.95,452.2912145221831,468.8051599047711,-16.513945382587963,-12.08948658281114,17.587939698492463,-18.542022125053805,-16.343211230439657
20221003,"38,354,967","16,068,149,231",418.5,424.5,416.5,417.0,-5.00,"70,127",432.0,447.35,463.55,446.8617969033857,464.9677406525658,-18.105943749180085,-13.292778016084931,11.224489795918359,-17.26330886768293,-16.64991044285408
20221004,"42,455,417","18,225,995,343",429.5,432.0,427.0,429.0,+12.00,"31,696",428.2,442.6,460.7,444.1138281490187,462.30346356719053,-18.18963541817186,-14.272149496502317,23.711340206185568,-8.060596716386321,-13.786805867364826
20221005,"48,321,335","21,583,755,745",444.5,451.0,442.0,445.0,+16.00,"51,865",429.6,440.0,458.5,444.2501622799389,461.0217255251764,-16.77156324523753,-14.77203224624936,35.616438356164394,13.607750337223933,-4.655287132501907
20221006,"30,750,331","13,821,382,520",450.5,451.0,447.0,451.0,+6.00,"24,907",432.8,438.65,457.425,445.288598852256,460.27937548627443,-14.99077663401846,-14.81578112380318,40.54054054054054,39.01533638300805,9.901587372668079
20221007,"32,872,044","14,505,036,044",448.5,448.5,437.0,438.0,-13.00,"45,112",436.0,436.95,455.575,444.1672759519089,458.62905137618003,-14.461775424271138,-14.744979983896773,37.81512605042017,42.67689092200536,20.826688555780507
20221011,"109,842,903","44,572,345,642",408.0,412.5,401.0,401.5,-36.50,"210,614",432.9,432.45,451.325,437.6030796516152,454.3972697927593,-16.7941901411441,-15.15482201534624,24.31506849315069,18.927451090860718,20.19360940080724
20221012,"64,138,351","25,536,098,386",397.0,400.0,395.5,397.5,-4.00,"114,055",426.6,427.4,446.55,431.43337508982825,450.18265721551785,-18.749282125689604,-15.873714037414913,24.567474048442904,10.984313799135903,17.123844200250126
20221013,"43,158,592","17,239,718,998",400.5,403.0,395.0,395.0,-2.50,"66,846",416.6,423.1,442.3,425.8282404606239,446.09505297733136,-20.26681251670749,-16.752333733273428,25.266903914590742,4.054902009881451,12.767530136793901
20221014,"59,841,064","24,714,069,328",414.5,416.0,409.0,412.0,+17.00,"54,666",408.8,420.8,439.075,423.70081885129713,443.56949349752904,-19.86867464623191,-17.375601915865126,35.47297297297297,10.546405261489593,12.02715517835913
20221017,"45,038,159","17,954,868,983",400.0,403.5,396.0,397.0,-15.00,"66,589",400.6,418.3,435.325,419.5930005664822,440.119901386601,-20.526900820118783,-18.005861696715858,33.98058252427184,5.070152527267572,9.708154294661943
20221018,"41,304,834","16,675,510,801",406.5,407.0,399.5,407.0,+10.00,"30,538",401.7,417.3,432.325,417.6556158639465,437.6665753579639,-20.010959494017413,-18.40688125617617,37.423312883435585,7.955265083537858,9.123857890953914
20221019,"48,655,069","19,398,261,013",404.0,405.0,395.5,395.5,-11.50,"68,211",401.3,413.95,428.275,414.2470595771855,434.54312533144804,-20.296065754262543,-18.784718155793446,37.08206686930091,2.36233358510367,6.870016455670499
20221020,"63,202,035","24,682,371,387",391.0,397.5,386.0,397.5,+2.00,"76,430",401.8,409.2,424.6,411.6705888730031,431.79919012171115,-20.128601248708037,-19.053494774376365,38.53211009174312,1.5748890567357798,5.104973989358926
20221021,"38,968,511","15,297,273,710",395.5,398.5,389.5,389.5,-8.00,"64,043",397.3,403.05,420.85,408.25972904638724,428.6659167793622,-20.406187732974956,-19.324033366096085,39.747634069400625,-13.36448837659056,-1.0515134659575693
20221024,"48,691,083","18,995,017,699",395.0,397.5,387.0,387.0,-2.50,"58,612",395.3,397.95,417.45,404.9890015007892,425.5795525734835,-20.590551072694325,-19.577336907415734,40.38461538461538,-27.82857783664596,-9.977201589520364
20221025,"81,173,913","30,515,958,539",380.0,382.5,371.0,371.0,-16.00,"155,200",388.1,394.9,413.675,399.7599243468216,421.53662275322546,-21.776698406403852,-20.01720920721336,31.875,-29.995171294082375,-16.6498581577077
20221026,"61,440,878","23,045,141,097",370.5,379.0,370.0,376.0,+5.00,"46,073",384.2,392.75,410.075,396.1045513703875,418.16353958631987,-22.058988215932345,-20.425565008957157,26.845637583892625,-22.699483565424284,-18.666399960279897
20221027,"47,160,778","18,190,840,150",384.5,389.0,382.5,385.5,+9.50,"37,777",381.8,391.8,407.45,394.47308192878944,415.7440181354814,-21.270936206691943,-20.594639248504116,28.52459016393442,-7.39489380552095,-14.909231242026914
20221028,"44,691,746","16,923,109,361",379.5,382.0,375.0,379.5,-6.00,"48,116",379.8,388.55,404.675,392.16953086282183,413.0592760513716,-20.889745188549796,-20.653660436513253,29.896907216494853,-4.334691108442538,-11.384384530832122
20221031,"40,598,928","15,721,543,079",386.0,390.0,381.0,390.0,+10.50,"32,816",380.4,387.85,403.075,391.83575688392614,411.3511815290478,-19.51542464512164,-20.426013278234933,45.18828451882845,11.212770030269077,-3.851999677131722
20221101,"42,123,141","16,428,079,355",388.5,393.0,386.0,391.5,+1.50,"29,780",384.5,386.3,401.8,391.78410197870676,409.8807236380072,-18.096621659300467,-19.96013495444804,47.43589743589743,28.84270138770075,7.046234011145768
20221102,"23,169,428","9,091,891,929",391.0,395.0,388.5,395.0,+3.50,"22,285",388.3,386.25,400.1,392.27885552044415,408.77844781296966,-16.499592292525506,-19.268026422063535,50.0,46.57889494222785,20.223787654839793
20221103,"42,092,776","16,201,844,314",385.0,387.0,383.5,384.0,-11.00,"52,660",388.0,384.9,397.05,391.00518544037584,406.9430072342312,-15.937821793855335,-18.601985496421896,37.5,40.06160563716091,26.83639364894683
20221104,"30,839,846","11,762,941,797",381.0,384.5,378.5,382.0,-2.00,"26,895",388.5,384.15,393.6,389.61977229570266,405.09537706873255,-15.475604773029886,-17.976709351743494,42.42424242424243,32.957737091440606,28.87684146311142
20221107,"37,704,746","14,710,405,524",390.0,393.0,387.0,390.0,+8.00,"30,880",388.5,384.45,391.2,389.67826886559453,403.97720098956717,-14.298932123972634,-17.24115390618932,41.23711340206185,44.88849139429374,34.214058106838856
20221108,"32,576,136","12,954,941,396",395.0,399.5,394.0,399.0,+9.00,"35,956",390.0,387.25,391.075,391.11238134781075,403.6085194347844,-12.496138086973644,-16.292150742346188,51.85185185185185,62.30661331048154,43.578243174719745
20221109,"56,357,663","23,188,739,823",403.5,417.0,403.5,417.0,+18.00,"67,569",394.4,391.35,392.05,395.095091909686,404.6004809581337,-9.505389048447682,-14.934798403566488,58.82352941176471,74.87107554032102,54.00918729658683
20221110,"33,671,621","13,757,669,359",409.0,411.5,406.0,407.5,-9.50,"36,471",399.1,393.55,392.675,397.00353930819585,404.8152601464201,-7.8117208382242325,-13.510182890498037,58.035714285714285,73.5037939499576,60.50738951437708
20221111,"83,770,040","36,838,808,146",441.5,442.0,435.0,441.5,+34.00,"100,349",411.0,399.75,394.15,403.8491486453965,407.5326482837223,-3.683499638325827,-11.544846240063595,68.98954703832753,82.04600756084129,67.68692886319847
20221114,"63,282,094","28,257,175,788",450.0,450.0,441.5,445.0,+3.50,"48,957",422.0,405.25,396.55,410.180048853797,410.3080076701133,-0.1279588163162657,-9.26146875531413,78.2442748091603,85.48614244514101,73.62000005717931
20221115,"118,536,865","56,191,637,241",465.0,487.0,462.0,480.0,+35.00,"139,136",438.2,414.1,400.2,420.9215797993667,415.47037747232713,5.451202327039596,-6.3189345388433855,82.29813664596273,88.0476721991997,78.42922410451943
20221116,"88,416,393","43,103,738,374",491.5,494.0,481.5,487.0,+7.00,"98,338",452.2,423.3,404.775,431.08749059946416,420.76886802993255,10.318622569531612,-2.9914231171683863,82.01892744479495,89.90088344482415,82.25311055128768
20221117,"46,850,915","22,547,582,604",482.5,485.0,475.0,485.0,-2.00,"57,331",467.7,433.4,409.15,439.3817228149312,425.52672965734496,13.85499315758625,0.37786013778254096,84.14239482200648,90.29695860017979,84.93439323425171
20221118,"37,001,332","18,131,673,834",491.5,494.0,486.0,487.0,+2.00,"41,694",476.8,443.9,414.025,446.7076116126341,430.0803052382824,16.62730637435169,3.627749385096371,83.21917808219177,91.06216993098406,86.97698546649582
20221121,"30,609,465","14,843,805,078",487.5,489.5,480.5,482.0,-5.00,"35,815",484.2,453.1,418.775,452.137209826075,433.9262085539652,18.211001272109797,6.544399762499057,80.2675585284281,89.19296177217119,87.71564423505427
20221122,"39,329,440","19,112,616,916",476.0,491.0,476.0,491.0,+9.00,"40,964",486.4,462.3,424.775,458.11610062206347,438.15389680922704,19.962203812836435,9.227960572566534,80.96774193548387,91.58318663599292,89.00482503536715
20221123,"34,752,559","17,111,333,375",494.5,496.0,488.5,492.0,+1.00,"32,889",487.4,469.8,430.575,463.32900821866906,442.14249704558057,21.18651117308849,11.619670692670926,87.24137931034483,91.91965528819281,89.97643511964236
20221124,"28,477,359","14,073,196,704",494.0,496.0,492.0,496.0,+4.00,"34,387",489.6,478.65,436.1,468.3553146465661,446.1319417088709,22.223372937695217,13.740411141675784,88.77551020408163,94.61310352546187,91.52199125491552
20221125,"41,461,805","20,594,790,238",494.0,498.0,494.0,498.0,+2.00,"34,399",491.8,484.3,442.025,472.9160354701713,449.9740201008064,22.942015369364924,15.580731987213612,88.29787234042553,96.40873568364124,93.15090606449075
20221128,"40,815,045","19,790,586,320",486.0,490.0,480.5,480.5,-17.50,"57,163",491.5,487.85,446.55,474.08279924399113,452.23520379704297,21.847595446948162,16.834104679160525,77.25752508361204,52.734028917299284,79.6786136820936
20221129,"40,266,315","19,374,604,221",473.5,488.0,473.0,487.0,+6.50,"35,929",490.7,488.55,451.325,476.0700608987617,454.8103738861509,21.25968701261081,17.719221145850582,75.3623188405797,40.28422440640465,66.54715059019728
20221130,"60,728,041","29,643,130,386",483.0,490.0,482.5,490.0,+3.00,"25,325",490.3,488.85,456.075,478.21312845279834,457.41701285754715,20.796115595251194,18.334600035730706,81.36882129277566,33.52281627093643,55.53903915044366
20221201,"43,684,491","21,976,936,461",506.0,508.0,498.5,498.5,+8.50,"46,181",490.8,490.2,461.8,481.3341856139063,460.46019709032146,20.873988523584842,18.842477733301532,76.88679245283019,39.84854418062429,50.30887416050386
20221202,"29,909,021","14,745,810,388",490.0,497.0,490.0,492.5,-6.00,"31,799",489.7,490.75,467.325,483.0520032117669,462.8335158243717,20.218487387395157,19.117679664120256,71.88940092165899,34.06569612041619,44.89448148047464
20221205,"33,048,153","16,272,219,716",491.5,497.5,489.0,489.0,-3.50,"31,739",491.4,491.45,472.275,483.96707964072584,464.7717739114553,19.195305729270558,19.13320487715032,55.84415584415584,24.37713074694413,38.0553645692978
20221206,"44,964,237","21,703,863,181",488.0,489.0,478.0,478.0,-11.00,"44,448",489.6,490.15,476.225,483.04906738830647,465.75164251060676,17.29742487769971,18.7660488772602,44.44444444444444,-0.41524616870391284,25.23182765663056
20221207,"39,978,821","19,128,832,587",477.0,485.5,475.0,475.0,-3.00,"43,603",486.6,488.45,479.125,481.810749328567,466.4367060283396,15.374043300227413,18.087647761853642,43.90243902439024,-15.832386334691495,11.543756326189875
20221208,"28,348,573","13,366,736,635",475.0,475.0,467.0,471.5,-3.50,"45,114",481.2,486.0,482.325,480.22448020109516,466.81176484105515,13.41271536004001,17.152661281490918,40.7185628742515,-14.090277758481198,2.999078297966184
20221209,"28,903,860","13,881,674,073",478.0,484.5,476.0,481.5,+10.00,"25,790",479.0,484.35,484.325,480.4207140163113,467.89978226023624,12.520931756075072,16.22631537640775,49.71751412429379,-2.8278619399975673,1.0567648853116003
20221212,"24,064,002","11,435,789,974",476.5,478.0,473.5,475.0,-6.50,"34,393",476.2,483.8,485.825,479.5867580138019,468.42572431503356,11.161033698768335,15.21325904087987,40.69767441860465,-1.8852412933317115,0.07609615909716294
20221213,"36,028,109","17,034,191,389",473.0,476.0,471.0,471.5,-3.50,"36,559",474.9,482.25,485.4,478.3426413962939,468.6534484398459,9.68919295644804,14.108445823993504,38.41807909604519,-4.792181064241342,-1.5466629153490055
20221214,"35,263,781","16,860,500,181",472.0,480.5,472.0,480.5,+9.00,"25,102",476.0,481.3,485.075,478.67454271994103,469.53097077763505,9.143571942305982,13.115471047656001,41.711229946524064,4.953360771987253,0.6200116470964139
20221215,"26,001,756","12,446,105,928",476.0,481.5,474.5,480.5,X0.00,"21,052",477.8,479.5,484.85,478.95538230148856,470.3434914607732,8.611890840715375,12.214755006267877,40.43715846994535,11.450388662806315,4.230137318999714
20221216,"51,707,693","24,262,026,661",466.5,471.0,465.5,471.0,-9.50,"69,011",475.7,477.35,484.05,477.73147733202876,470.3921217229381,7.33935560909066,11.239675126832434,44.31137724550898,7.633592441870876,5.364622359956767
20221219,"24,231,653","11,320,207,884",466.5,469.5,465.0,466.5,-4.50,"30,247",474.0,475.1,483.275,476.0035577424859,470.1038164101279,5.899741332358019,10.171688367937552,37.423312883435585,-1.1609383720860826,3.189435449275817
20221220,"33,181,363","15,291,302,176",465.0,467.0,455.0,457.5,-9.00,"59,543",471.2,473.05,481.6,473.1568565513342,469.17020037974805,3.986656171586162,8.934681928667274,31.42857142857143,-18.86919700996215,-4.163442037136838
20221221,"40,831,313","18,763,874,901",460.0,463.0,457.0,459.0,+1.50,"31,581",466.9,471.45,479.95,470.9788786203597,468.4168522034704,2.562026416889296,7.660150826311678,25.465838509316782,-18.781015060905,-9.035966378392892
20221222,"14,519,582","6,784,664,988",466.5,469.0,464.0,468.0,+9.00,"16,893",464.4,471.1,478.55,470.5205896018428,468.3859742624726,2.134615339370214,6.555043728923386,35.32934131736526,-3.5116676982609896,-7.194533485015591
20221223,"26,724,153","12,200,056,423",457.5,458.5,455.0,455.0,-13.00,"63,532",461.2,468.45,476.4,468.1328065861747,467.39442061340054,0.7383859727741537,5.39171217769354,31.72043010752688,-7.413575566956602,-7.267547512329261
20221226,"9,152,790","4,171,194,858",454.0,457.0,453.5,456.5,+1.50,"16,718",459.2,466.6,475.2,466.3431440344555,466.5874264938894,-0.24428245943386173,4.26451325026806,37.125748502994014,-5.622655820147939,-6.719250281602154
20221227,"10,486,219","4,820,155,221",458.0,462.5,457.0,457.0,+0.50,"13,482",459.1,465.15,473.7,464.9057372599239,465.8772467536013,-0.971509493677388,3.21730870147897,38.888888888888886,-3.7484372134319592,-5.728979258878756
20221228,"34,823,492","15,643,266,841",451.0,452.0,446.0,451.0,-6.00,"59,400",457.5,462.2,471.75,462.76639306608945,464.77522847555673,-2.008835409467281,2.17207987928972,37.724550898203596,-4.2533441072002525,-5.237100874985921
20221229,"25,596,357","11,400,284,554",444.0,449.5,442.5,446.0,-5.00,"34,637",453.1,458.75,469.125,460.1869479789988,463.3844708107007,-3.1975228317019173,1.0981593370913925,27.38853503184714,-8.668896071466834,-6.381032607146225
20221230,"22,297,604","10,079,102,379",455.0,456.5,448.5,448.5,+2.50,"23,086",451.8,456.5,466.925,458.38895598222973,462.28191741731547,-3.8929614350857378,0.09993518265596646,32.214765100671144,-7.488665757046265,-6.750243657112905
20230103,"15,311,364","6,871,973,708",446.0,453.5,443.0,453.0,+4.50,"22,581",451.1,455.15,465.125,457.55988583111747,461.5943679789958,-4.03448214787835,-0.7269482834508969,37.74834437086092,0.9904621448751403,-4.170008389783557
20230104,"20,626,874","9,310,050,329",449.5,455.0,448.5,449.5,-3.50,"18,233",449.6,454.35,463.7,456.3199033955609,460.69848886944055,-4.378585473879639,-1.4572757215366454,27.857142857142847,0.6603080965834268,-2.5599028943278954
20230105,"23,972,099","10,972,616,269",459.0,459.5,455.0,458.5,+9.00,"20,752",451.1,454.3,462.875,456.65530287316693,460.5356378420746,-3.8803349689076754,-1.9418875710108514,36.07594936708861,23.517128474645357,6.1324408953298555
20230106,"21,313,593","9,745,142,549",455.0,459.5,455.0,458.5, 0.00,"16,635",453.6,453.35,462.225,456.93910243114124,460.3848498537728,-3.445747422631541,-2.2426595413349895,41.007194244604314,38.75500872668664,17.00663017244878
20230109,"49,186,355","23,352,375,299",468.0,481.0,467.5,481.0,+22.50,"57,305",460.1,455.95,462.2,460.64077898019644,461.91189801275254,-1.2711190325561006,-2.048351439579212,58.28571428571429,59.170005817791086,31.061088720896212
20230110,"34,785,370","16,867,391,241",486.0,487.0,483.0,486.0,+5.00,"36,975",466.7,458.9,462.75,464.54219759862775,463.6962018636598,0.8459957349679712,-1.4694820046697754,67.06586826347305,71.8911149896385,44.67109747714363
20230111,"21,749,124","10,531,314,878",487.0,488.0,482.0,484.5,-1.50,"25,457",473.7,461.65,463.4,467.6126287373004,465.2372239478331,2.375404789467268,-0.7005046458423668,65.26946107784431,78.23044029612262,55.85754508346996
20230112,"22,416,984","10,901,640,739",487.5,488.0,484.0,486.5,+2.00,"25,780",479.3,465.2,463.7,470.5183781623311,466.81224439614175,3.706133766189339,0.1808230365639743,62.091503267973856,84.03768483509623,65.2509250006787
20230113,"81,848,755","41,113,175,651",507.0,509.0,499.0,500.0,+13.50,"93,121",487.6,470.6,464.675,475.05401229120326,469.27059666309424,5.783415628109026,1.3013415548729848,79.22077922077922,83.95305115132541,71.48496705089427
20230116,"38,781,925","19,573,968,332",506.0,508.0,503.0,505.0,+5.00,"48,051",492.4,476.25,466.375,479.66108732332583,471.91721913249467,7.743868190831165,2.589846882064621,80.12422360248448,86.83289829841448,76.600944133401
20230117,"29,443,522","14,784,661,794",504.0,504.0,499.5,503.0,-2.00,"27,930",495.8,481.25,468.2,483.2516892735834,474.21964734490246,9.03204192868094,3.878285891387885,78.04878048780488,87.18152815853894,80.12780547511365
20230130,"148,413,161","80,057,158,264",542.0,543.0,534.0,543.0,+40.00,"153,125",507.5,490.6,472.475,492.4437370776475,479.3144882823171,13.129248795330398,5.728478472176388,89.65517241379311,91.45435210569262,83.90332101863997
20230131,"79,212,272","41,736,937,234",537.0,538.0,521.0,522.0,-21.00,"74,279",514.6,496.95,475.625,496.9908544503171,482.47637803918246,14.514476411134638,7.485678059968038,78.78787878787878,83.01257882314991,83.60640695347661
20230201,"42,539,626","22,450,948,467",532.0,533.0,522.0,530.0,+8.00,"31,487",520.6,504.1,478.725,502.06918453488373,485.99664633257635,16.072538202307385,9.203050088435907,79.63636363636364,80.93695731067137,82.71659040587485
20230202,"46,523,592","25,091,483,557",538.0,542.0,537.0,540.0,+10.00,"45,495",527.6,510.0,482.975,507.9046946064401,489.9968947523855,17.907799854054588,10.944000041559644,80.41958041958041,85.4731230555991,83.6354346224496
20230203,"34,156,234","18,439,613,447",540.0,542.0,536.0,542.0,+2.00,"39,674",535.4,515.6,487.25,513.1501262054493,493.8489766225792,19.301149582870096,12.615429949821735,82.68551236749117,89.7093547643388,85.660074669746
20230206,"32,208,918","17,041,821,849",532.0,533.0,526.0,526.0,-16.00,"46,279",532.0,519.75,490.7,515.1270298661494,496.23053390979555,18.896495956353874,13.871643151128163,72.72727272727273,78.60965531297799,83.30993488415666
20230207,"24,362,116","12,767,910,080",524.0,528.0,522.0,523.0,-3.00,"28,519",532.2,523.4,494.3,516.338256040588,498.21345732388477,18.124798716703253,14.722274264243183,71.2871287128713,68.6457531146349,78.42187429431607
20230208,"37,633,169","20,247,927,642",538.0,540.0,534.0,540.0,+17.00,"43,495",534.2,527.4,499.0,519.978524342036,501.30875678137477,18.669767560661285,15.511772923526804,70.20547945205479,76.53306617898735,77.79227158920649
20230209,"22,311,345","12,026,317,167",540.0,540.0,536.0,540.0, 0.00,"19,698",534.2,530.9,503.575,523.0587513663382,504.1747747975692,18.883976568769015,16.186213652575248,69.14893617021276,77.68871078599156,77.75775132146818
20230210,"30,445,088","16,545,221,176",544.0,546.0,541.0,545.0,+5.00,"40,984",534.8,535.1,508.175,526.4343280792093,507.1988655533048,19.235462525904495,16.796063427241098,70.93425605536332,83.27395533880919,79.59648599391518
20230213,"23,903,151","12,921,896,752",544.0,544.0,538.0,541.0,-4.00,"22,431",537.8,534.9,512.75,528.6752006824079,509.70265329009703,18.972547392310844,17.23136022025505,68.60068259385666,79.59004429994687,79.5943387625924
20230214,"23,855,974","12,990,943,260",544.0,546.0,543.0,545.0,+4.00,"27,983",542.2,537.2,517.075,531.1867082697297,512.3172715649047,18.869436704825034,17.558975517169046,66.42335766423358,84.54151101477939,81.24339617998805
20230215,"66,068,713","34,751,111,404",526.0,532.0,522.0,525.0,-20.00,"103,433",539.2,536.7,520.4,530.2349069974636,513.2567329304673,16.978174066996303,17.4428152271345,56.57894736842105,50.8054517876307,71.09741471586892
20230216,"33,509,968","17,692,691,883",528.0,531.0,524.0,528.0,+3.00,"27,033",536.8,535.5,522.75,529.8910751517,514.3488267874696,15.542248364230318,17.062701854553662,58.169934640522875,33.870301191753796,58.68837687449721
20230217,"29,673,053","15,385,668,299",524.0,524.0,516.0,518.0,-10.00,"55,965",531.4,533.1,524.35,528.0616789745153,514.6192840624719,13.442394912043369,16.338640466051604,39.837398373983746,13.489291703593441,43.622015150862616
20230220,"21,181,235","10,928,087,780",514.0,519.0,511.0,517.0,-1.00,"25,898",526.6,532.2,525.975,526.3598822092052,514.7956333911777,11.564248818027522,15.383762136446789,47.57281553398058,6.523725333259825,31.255918544995016
20230221,"15,097,509","7,771,141,142",515.0,517.0,513.0,516.0,-1.00,"27,200",520.8,531.5,527.45,524.7660541770198,514.884845732572,9.881208444447793,14.28325139804699,42.708333333333336,3.199724934816895,21.903854008268976
20230222,"26,578,867","13,474,662,693",506.0,509.0,505.0,507.0,-9.00,"47,843",517.2,528.2,527.8,522.0328150728628,514.3007830857148,7.732031987148048,12.973007515867202,32.631578947368425,0.3313481547427948,14.713018723760248
20230223,"26,801,677","13,846,782,345",512.0,521.0,510.0,518.0,+11.00,"26,552",515.2,526.0,528.45,521.4123819847301,514.5747991534396,6.837582831290547,11.745922578951872,38.46153846153846,8.329006877936639,12.585014775152377
20230224,"48,372,303","24,932,422,713",524.0,525.0,511.0,511.0,-7.00,"29,612",513.8,522.6,528.85,519.8104770640024,514.3099992161477,5.500477847854654,10.496833632732429,42.10526315789474,7.354473053759561,10.841500868021438
20230301,"45,971,058","23,624,972,884",504.0,522.0,504.0,522.0,+11.00,"31,738",514.8,520.7,527.8,520.1473267464636,514.8796289038405,5.267697842623079,9.451006474710558,49.51456310679612,23.743561745984632,15.142187827342502
20230302,"18,017,085","9,344,352,321",519.0,520.0,515.0,519.0,-3.00,"14,320",515.4,518.1,527.65,519.9708149393153,515.1848415776301,4.785973361685251,8.517999852105497,38.20224719101124,30.980556315504906,20.421643990063302
20230303,"24,117,189","12,510,608,773",524.0,525.0,516.0,516.0,-3.00,"22,160",517.2,517.2,526.95,519.3599203332668,515.2452236829909,4.11469665027596,7.63733921173959,36.95652173913044,35.237037543669935,25.36010850793218
20230306,"24,741,125","12,883,854,256",520.0,524.0,517.0,521.0,+5.00,"20,678",517.8,516.5,526.0,519.612240281995,515.6715034101767,3.9407368718183307,6.898018743755339,36.95652173913044,48.49135836244662,33.070525126103654
20230307,"27,650,283","14,465,320,023",521.0,526.0,519.0,524.0,+3.00,"20,595",520.4,517.1,525.1,520.2872802386112,516.2884290834969,3.9988511551142665,6.318185226027125,40.65934065934066,61.73933694751342,42.62679573324024
20230308,"27,077,587","14,091,713,576",521.0,523.0,518.0,521.0,-3.00,"20,504",520.2,517.5,524.85,520.396929432671,516.6374343365712,3.7594950960997267,5.806447200041646,36.666666666666664,64.68896972971483,49.9808537320651
20230309,"25,639,391","13,430,582,677",525.0,526.0,522.0,522.0,+1.00,"16,497",520.8,518.1,524.8,520.6435556737985,517.0346614227511,3.6088942510473316,5.366936610242783,47.88732394366197,54.23709093092099,51.39959946501706
20230310,"25,572,403","13,122,265,260",515.0,516.0,511.0,513.0,-9.00,"46,216",520.2,518.7,523.45,519.4676240316757,516.7357976136584,2.731826418017249,4.839914571797677,40.25974025974026,26.158060620613995,42.98575318354937
20230313,"22,568,740","11,608,973,891",513.0,518.0,509.0,516.0,+3.00,"24,150",519.2,518.5,522.25,518.9341434114178,516.6812940867208,2.252849324697081,4.322501522377558,48.57142857142856,17.43870708040933,34.47007114916936
20230314,"26,599,476","13,602,260,966",511.0,514.0,510.0,510.0,-6.00,"24,848",516.4,518.4,520.5,517.5596598096613,516.1863834136303,1.373276396030974,3.732656497108241,45.33333333333333,0.5146936091617764,23.15161196916683
20230315,"24,080,361","12,350,942,139",515.0,516.0,510.0,511.0,+1.00,"21,075",514.4,517.3,519.0,516.5504813774057,515.8022068644725,0.7482745129332216,3.1357801002732373,46.666666666666664,-7.990204260558815,12.77100655925828
20230316,"23,325,664","11,809,911,840",505.0,510.0,504.0,505.0,X0.00,"33,493",511.0,515.9,517.0,514.7734842424202,515.0020433930301,-0.22855915060995358,2.462912250096599,48.611111111111114,-15.743469507039208,3.2661812038257843
20230317,"35,872,881","18,538,033,584",516.0,518.0,513.0,518.0,+13.00,"21,217",512.0,516.1,516.65,515.2698712820478,515.2241142528056,0.045757029242167846,1.979481205925713,50.0,6.171020328640527,4.234460912097365
20230320,"12,752,221","6,542,889,562",517.0,518.0,510.0,512.0,-6.00,"17,709",511.2,515.2,515.85,514.7668141617328,514.98529097482,-0.21847681308724987,1.5398896021231205,50.68493150684931,8.280680219093684,5.583200681096137
20230321,"18,519,120","9,534,730,452",515.0,517.0,512.0,517.0,+5.00,"14,094",512.6,514.5,515.8,515.1103812137738,515.1345286803889,-0.024147466615090707,1.2270821883754783,46.268656716417915,20.10378681272912,10.42339605830713
20230322,"45,681,056","24,168,561,556",524.0,533.0,524.0,533.0,+16.00,"56,483",517.0,515.7,516.6,517.8626302578086,516.457896926286,1.404733331522607,1.2626124170049042,58.75,46.73585787515274,22.527549997255665
20230323,"28,614,856","15,307,492,846",528.0,539.0,528.0,538.0,+5.00,"35,313",523.6,517.3,517.7,520.9606871412227,518.0536082650797,2.907078876143032,1.59150570883253,63.41463414634146,63.341146629412165,36.1320822079745
20230324,"22,963,771","12,348,311,773",536.0,539.0,535.0,539.0,+1.00,"24,762",527.8,519.9,519.3,523.7359660425731,519.6051928380367,4.130773204536354,2.099359207973295,61.53846153846153,75.5607644196081,49.274976278519034
20230327,"17,170,557","9,148,085,033",533.0,536.0,531.0,531.0,-8.00,"17,484",531.6,521.4,519.95,524.853509728331,520.4492526278118,4.404257100519203,2.5603387864824767,54.21686746987952,74.51177398088817,57.68724217930874
20230328,"18,327,556","9,629,323,504",525.0,530.0,524.0,525.0,-6.00,"20,744",533.2,522.9,520.65,524.8760466932032,520.7863450257516,4.08970166745155,2.8662113626762915,52.32558139534884,66.9158952976036,60.763459885407016
20230329,"17,620,195","9,329,137,251",533.0,533.0,525.0,530.0,+5.00,"15,653",532.6,524.8,521.05,525.6643472019412,521.4688379868071,4.195509215134052,3.1320709331678436,54.44444444444445,64.30756656203876,61.94482877761759
20230330,"20,380,650","10,894,446,851",536.0,537.0,531.0,535.0,+5.00,"18,171",532.0,527.8,521.85,527.1006014785656,522.4711462840806,4.62945519448499,3.431547785431273,62.7906976744186,70.14443831408644,64.67803195644053
20230331,"24,324,776","12,997,575,231",538.0,538.0,532.0,533.0,-2.00,"15,962",530.8,529.3,522.7,528.008201251094,523.2510613741488,4.757139876945189,3.6966662037340563,60.0,71.00538311848186,66.7871490104543
20230406,"26,706,549","14,130,223,516",530.0,531.0,526.0,530.0,-3.00,"19,144",530.6,531.1,523.15,528.3146318278488,523.7509827538414,4.563649074007344,3.870062777788714,62.19512195121951,47.336922078987904,60.30374003329883
20230407,"11,114,272","5,903,807,797",535.0,535.0,529.0,531.0,+1.00,"10,285",531.8,532.5,523.5,528.727765392795,524.2879469942976,4.439818398497437,3.984013901930459,62.19512195121951,35.261651756362305,51.95637727431999
20230410,"8,203,168","4,350,907,176",533.0,533.0,528.0,529.0,-2.00,"11,698",531.6,532.1,523.9,528.7696476400573,524.636987957683,4.13265968237431,4.013743058019229,65.38461538461539,19.804064133871165,41.238939560837046
20230411,"23,087,326","12,101,146,147",522.0,527.0,522.0,524.0,-5.00,"24,432",529.4,530.7,524.0,528.0358556954332,524.5898036645212,3.4460520309119147,3.9002048525977666,54.285714285714285,4.111800331671686,28.86322648444859
20230412,"24,772,925","12,870,788,209",523.0,524.0,517.0,520.0,-4.00,"37,158",526.8,528.8,524.35,526.799570203828,524.24981820789,2.5497519959379815,3.6301142812658096,55.88235294117647,-6.7826093026950645,16.98128122206737
20230413,"27,501,436","14,121,978,133",515.0,517.0,510.0,510.0,-10.00,"64,834",522.8,526.7,524.05,524.2150209417006,523.1942761184167,1.0207448232838487,3.1082403896694175,45.205479452054796,-15.632850646241153,6.109903932631195
20230414,"21,174,653","10,936,462,759",516.0,520.0,513.0,516.0,+6.00,"19,962",519.8,525.8,524.35,522.9511715660543,522.6613667763118,0.2898047897425613,2.5445532696840463,36.507936507936506,-12.009202018129022,0.07020194904445631
20230417,"17,895,837","9,264,789,087",519.0,520.0,514.0,520.0,+4.00,"17,444",518.0,524.8,524.8,522.4971451712768,522.464228496585,0.032916674691819026,2.042225950685601,35.48387096774192,-3.244229916847919,-1.0346086729196686
20230418,"15,687,059","8,097,905,529",518.0,520.0,514.0,515.0,-5.00,"17,087",516.2,522.8,525.3,521.3437382218495,521.9113226820231,-0.5675844601735207,1.5202638685137768,31.818181818181827,-5.866523648268982,-2.6452469980361064
20230419,"23,209,923","11,881,404,238",517.0,518.0,509.0,510.0,-5.00,"43,281",514.2,520.5,524.9,519.5985477261804,521.0290024833547,-1.4304547571742887,0.9301201433761638,33.33333333333333,-16.87397872847562,-7.388157574849277
20230420,"21,002,685","10,780,268,259",512.0,516.0,510.0,513.0,+3.00,"16,627",514.8,518.8,524.95,518.5833865375373,520.4342615586618,-1.850875021124466,0.3739211104760378,39.99999999999999,-17.13167209349355,-10.6359957477307
20230421,"25,440,179","13,103,618,008",520.0,520.0,510.0,511.0,-2.00,"22,738",513.8,516.8,524.65,517.4167116856084,519.7354273691312,-2.3187156835227825,-0.16460624832372625,33.33333333333333,-26.57262988051085,-15.948207125324082
20230424,"17,579,661","8,903,570,323",505.0,510.0,504.0,507.0,-4.00,"31,635",511.2,514.6,523.35,515.8141406570533,518.7920623788252,-2.9779217217719633,-0.7272693430133736,25.0,-24.857943729864374,-18.918119326837513
20230425,"40,916,105","20,495,640,143",504.0,505.0,498.0,498.0,-9.00,"92,009",507.8,512.0,521.35,513.0735036328912,517.2519096100234,-4.178405977132229,-1.4174966698371447,22.222222222222214,-32.1275180421318,-23.321252231935606
20230426,"33,174,539","16,353,670,134",498.0,498.5,491.0,491.5,-6.50,"58,580",504.1,509.15,518.975,509.75450307398484,515.3443607500217,-5.589857676036843,-2.2519688710770844,21.05263157894737,-32.27105853971577,-26.30452100119566
20230427,"34,149,043","16,816,693,302",491.0,495.0,489.0,493.5,+2.00,"47,699",500.2,507.5,517.1,507.25381029337177,513.7262599537238,-6.4724496603520265,-3.096065028932073,22.222222222222214,-23.514039026477178,-25.374360342956166
20230428,"38,812,949","19,433,015,577",498.5,502.0,498.0,502.0,+8.50,"23,746",498.4,506.1,515.95,506.4455317866992,512.8576481052999,-6.412116318600681,-3.759275286865795,31.756756756756758,-6.342692684318118,-19.03047112341015
20230502,"17,142,380","8,572,554,842",500.0,502.0,496.5,501.0,-1.00,"18,247",497.2,504.2,514.5,505.60775766566854,511.97930380120357,-6.371546135535027,-4.281729456599642,33.57142857142857,3.7715382104545885,-11.429801345455235
20230503,"12,694,698","6,305,914,905",496.0,498.0,495.0,496.0,-5.00,"25,658",496.8,502.3,512.55,504.1296411017195,510.7956516677811,-6.666010566061573,-4.758585678492029,33.098591549295776,3.8476921403030584,-6.337303516869138
20230504,"13,699,933","6,818,128,036",497.0,499.5,496.0,498.0,+2.00,"14,801",498.1,501.1,510.8,503.18661939376267,509.8478256183158,-6.661206224553155,-5.139109787704254,40.47619047619048,6.565128093535372,-2.036492980067635
20230505,"7,898,012","3,949,232,374",500.0,502.0,498.5,500.0,+2.00,"10,944",499.4,499.8,509.3,502.6963702562607,509.11835705399614,-6.421986797735428,-5.395685189710489,36.44067796610169,15.487863173468023,3.804959071110918
20230508,"11,737,287","5,932,968,954",509.0,509.0,502.0,504.0,+4.00,"13,709",499.8,499.1,507.95,502.8969286783744,508.7392194944409,-5.842290816066452,-5.485006314981682,36.44067796610169,31.75381354421678,13.121243895479537
20230509,"18,762,778","9,530,653,802",507.0,510.0,505.0,510.0,+6.00,"17,452",501.6,499.4,507.0,503.98970888170146,508.8326106430008,-4.842901761299345,-5.356585404245215,45.83333333333333,54.502542362811184,26.91501005125675
20230510,"19,385,820","9,753,130,414",508.0,508.0,500.0,503.0,-7.00,"26,320",503.0,499.9,505.95,503.8374459768243,508.40056541018595,-4.563119433361635,-5.197892210068499,44.354838709677416,54.1128060196519,35.9809420407218
20230511,"13,775,130","6,894,746,011",506.0,506.0,498.5,499.0,-4.00,"20,237",503.2,500.65,504.9,503.09322351885135,507.70422723165365,-4.611003712802301,-5.080514510615259,38.888888888888886,38.85298179087904,36.93828862410754
20230512,"20,746,928","10,313,384,387",496.0,500.0,495.0,496.0,-3.00,"27,989",502.4,500.9,504.2,502.001958362105,506.8372474367163,-4.835289074611353,-5.031469423414478,38.28125,20.346432305030472,31.407669851081852
20230515,"15,548,031","7,721,867,966",497.0,499.5,494.5,495.5,-0.50,"16,896",500.7,500.25,503.175,501.0016570756273,505.9974513302929,-4.995794254665611,-5.024334389664705,40.49586776859503,6.619843758909203,23.145061153690968
20230516,"24,052,785","12,131,536,763",503.0,508.0,500.0,505.0,+9.50,"22,355",499.7,500.65,502.425,501.61678675630003,505.9235660465675,-4.306779290267457,-4.880823369785255,55.73770491803278,21.8735466329236,22.721222980101842
20230517,"44,352,410","22,870,340,267",508.0,521.0,506.0,519.0,+14.00,"52,663",502.9,502.95,502.625,504.2911272553308,506.8921907838588,-2.601063528527959,-4.424871401533796,70.07299270072993,44.81492256148395,30.085789507229208
20230518,"46,107,848","24,437,734,052",533.0,536.0,526.0,530.0,+11.00,"50,359",509.1,506.15,503.625,508.2463384468184,508.6038803554248,-0.3575419086063789,-3.6114055029483128,73.54838709677419,57.73049631952811,39.30069177799551
20230519,"34,742,592","18,476,363,730",535.0,535.0,529.0,532.0,+2.00,"39,104",516.3,509.35,504.575,511.90074791653865,510.33692625502295,1.5638216615157035,-2.5763600700555096,71.12676056338029,68.16736284315573,48.92291546638225
20230522,"19,037,508","10,100,912,410",532.0,533.0,529.0,531.0,-1.00,"18,796",523.4,512.05,505.575,514.8390943909174,511.8675243102064,2.971570080710933,-1.466774039902221,71.12676056338029,74.21203184977506,57.352620927513186
20230523,"20,126,817","10,638,352,410",530.0,531.0,525.0,530.0,-1.00,"15,826",528.4,514.05,506.725,517.1715414076994,513.2106706575985,3.9608707501008666,-0.3812450819016036,75.3731343283582,77.32856917838885,64.01127034447174
20230524,"22,621,221","11,888,325,332",527.0,528.0,524.0,525.0,-5.00,"16,339",529.6,516.25,508.075,518.3759196526687,514.0839543125912,4.291965340077468,0.5533970024942108,69.28571428571428,74.84005068513594,67.6208637913598
20230525,"68,360,924","36,976,525,917",542.0,545.0,537.0,543.0,+18.00,"80,930",532.2,520.65,510.65,522.1642397061042,516.2258836227696,5.938356083334611,1.630388818662291,75.0,81.76149899155583,72.3344088580918
20230526,"104,924,623","59,322,536,825",568.0,568.0,563.0,566.0,+23.00,"131,612",539.0,527.65,514.275,528.908202828242,519.9128552062682,8.995347621973792,3.1033805793245914,79.52380952380952,86.72988821659277,77.13290197759213
20230529,"58,813,792","33,454,887,785",574.0,574.0,564.0,568.0,+2.00,"52,250",546.4,534.9,517.575,534.922325470051,523.4748659317298,11.44745953832114,4.7721963711239015,78.7128712871287,87.37967390540146,80.54849262019523
20230530,"47,490,594","26,861,389,177",566.0,568.0,563.0,566.0,-2.00,"32,956",553.6,541.0,520.825,539.7035061669662,526.6248758627128,13.078630304253466,6.433483157749815,82.8125,85.78934782099228,82.29544435379424
20230531,"90,675,529","50,573,324,515",560.0,562.0,551.0,558.0,-8.00,"39,679",560.2,544.9,523.925,542.5183513720483,528.9489591321415,13.569392239906847,7.860664974181222,79.5,78.9320289821108,81.17430589656642
20230601,"25,257,673","13,920,836,412",550.0,554.0,550.0,551.0,-7.00,"25,441",561.8,547.0,526.575,543.8232203917332,530.5823695667976,13.240850824935592,8.936702144332097,76.4423076923077,69.28801932140719,77.21221037151335
20230602,"34,705,102","19,460,144,774",559.0,564.0,557.0,562.0,+11.00,"30,644",561.0,550.0,529.675,546.6196480237743,532.9096014507386,13.710046573035697,9.891371030072818,79.03930131004367,70.8296940403584,75.08470492779503
20230605,"17,483,804","9,730,882,750",560.0,560.0,555.0,555.0,-7.00,"20,211",558.4,552.4,532.225,547.9089329431936,534.5459272692024,13.36300567399121,10.585697958856498,72.32142857142857,66.78501341820994,72.31814109126665
20230606,"21,562,088","12,043,550,635",554.0,562.0,553.0,560.0,+5.00,"15,551",557.2,555.4,534.725,549.7690971057792,536.4314141381503,13.337682967628893,11.136094960610977,69.90291262135922,61.76472158915145,68.80033459056159
20230607,"29,091,913","16,449,319,451",561.0,568.0,560.0,568.0,+8.00,"29,548",559.2,559.7,537.975,552.5738513971978,538.7698279056948,13.804023491503017,11.669680666789386,69.0,64.50981439276762,67.37016119129693
20230608,"25,250,687","14,190,442,437",562.0,568.0,555.0,559.0,-9.00,"27,238",560.8,561.3,540.975,553.5624896437828,540.2683591719397,13.294130471843118,11.994570627800133,62.61682242990654,51.33987626184508,62.026732881479646
20230609,"19,776,199","11,160,654,540",561.0,566.0,561.0,565.0,+6.00,"16,713",561.4,561.2,544.425,555.3221066216623,542.1003325666107,13.221774055051583,12.240011313250424,65.17857142857143,60.417060365039575,61.49017537599962
20230612,"28,656,646","16,431,644,333",574.0,574.0,571.0,574.0,+9.00,"38,130",565.2,561.8,548.35,558.1956286798682,544.4632708950099,13.732357784858209,12.538480607571982,68.33333333333333,73.61137357669304,65.53057477623076
20230613,"62,671,781","37,077,358,748",593.0,594.0,589.0,593.0,+19.00,"84,903",571.8,564.5,552.75,563.5501473445038,548.0585841620463,15.491563182457526,13.12909712254909,75.3731343283582,81.57424905112869,70.87846620119674
20230614,"25,981,992","15,311,616,372",590.0,591.0,587.0,590.0,-3.00,"28,171",576.2,567.7,556.3,567.6193554453494,551.1653557055984,16.453999739750998,13.794077645989473,69.74789915966386,83.79459740663481,75.18384326967609
20230615,"29,868,798","17,618,169,127",590.0,593.0,587.0,591.0,X0.00,"28,303",582.6,571.7,559.35,571.2163776845264,554.1160700977763,17.10030758675009,14.455323634141598,62.88659793814433,86.25522180050163,78.87430277995126
20230616,"41,560,389","24,417,862,365",590.0,590.0,584.0,589.0,-2.00,"27,450",587.4,574.4,562.2,573.9523195792146,556.7000649053484,17.25225467386622,15.014709842086523,60.824742268041234,85.62848120033442,81.12569558674565
20230619,"14,883,308","8,682,282,040",583.0,585.0,582.0,583.0,-6.00,"18,979",589.2,577.2,564.8,575.3442704131817,558.648208245693,16.696062167488662,15.350980307166951,58.41584158415842,77.3237493716515,79.85838018171427
20230620,"17,013,418","9,902,274,410",579.0,585.0,579.0,583.0, 0.00,"17,658",587.2,579.5,567.45,576.5220749649999,560.452044671938,16.070030293061905,15.494790304345942,63.44086021505377,71.7872614858629,77.16800728309714
20230621,"23,718,735","13,782,152,333",582.0,585.0,578.0,581.0,-2.00,"25,132",585.4,580.8,570.25,577.2109865088461,561.9741154369797,15.236871071866403,15.443206457850035,67.04545454545455,65.71531718105146,73.35044391574857
20230626,"29,870,090","17,192,208,130",576.0,578.0,574.0,574.0,-7.00,"28,167",582.0,582.3,571.8,576.7169885844082,562.8649217009071,13.852066883501152,15.124978542980259,57.14285714285714,43.8102114540343,63.503699761843805
20230627,"22,447,417","12,847,067,878",570.0,575.0,569.0,572.0,-2.00,"20,736",578.6,583.0,572.1,575.9912980329608,563.5415941675066,12.44970386545424,14.589923607475056,60.759493670886066,23.943649741286023,50.317016421657875
20230628,"18,684,508","10,734,873,692",579.0,579.0,571.0,574.0,+2.00,"15,939",576.8,583.0,572.4,575.6849444894284,564.3162908958394,11.368653593588988,13.945669604697843,59.21052631578947,14.110581309005497,38.248204717440416
20230629,"18,046,268","10,372,330,946",578.0,580.0,570.0,573.0,-1.00,"17,649",574.8,581.0,572.75,575.2718761064394,564.9595286072587,10.31234749918076,13.219005183594426,53.6231884057971,5.703350502299961,27.399919979060265
20230630,"33,830,922","19,401,712,736",570.0,576.0,568.0,576.0,+3.00,"20,529",573.8,579.6,573.65,575.3838951669873,565.7773413030172,9.60655386397002,12.496514919669545,63.492063492063494,6.024455890422196,20.274765282847575
20230703,"15,118,041","8,743,824,984",578.0,580.0,576.0,579.0,+3.00,"15,659",574.8,578.4,575.05,575.9402189874507,566.7567975027937,9.18342148465706,11.83389623266705,61.666666666666664,17.34963726028146,19.29972260865887
20230704,"17,777,363","10,361,905,547",585.0,585.0,580.0,585.0,+6.00,"18,848",577.4,578.0,576.2,577.3340314509198,568.10814583592,9.225885614999811,11.312294109133603,59.64912280701754,44.899758173520965,27.83306779694623
20230705,"15,553,503","9,060,750,346",589.0,589.0,579.0,582.0,-3.00,"16,504",579.0,577.9,577.55,578.0518727661629,569.1371720702963,8.9147006958666,10.832775426480202,36.58536585365854,46.599838782347305,34.088658125413254
20230706,"32,069,711","18,234,491,768",573.0,574.0,565.0,565.0,-17.00,"60,108",577.4,576.1,577.8,576.0438923405994,568.830714879904,7.2131774606954195,10.108855833323247,27.272727272727266,11.066559188231537,26.41462514635268
20230707,"19,858,943","11,244,712,238",565.0,572.0,563.0,565.0, 0.00,"21,855",575.2,574.5,577.65,574.3448319805073,568.5469582221333,5.797873758373953,9.246659418333389,25.925925925925924,-6.347784070590738,15.493822074038206
20230710,"18,996,089","10,794,393,087",567.0,573.0,565.0,565.0, 0.00,"17,792",572.4,573.6,577.95,572.9071655219677,568.2842205760494,4.622944945918334,8.321916523850378,26.92307692307692,-17.95734624313892,4.343432634979163
20230711,"18,566,571","10,665,245,909",574.0,577.0,570.0,577.0,+12.00,"17,795",570.8,574.1,578.55,573.5368323647419,568.9298338667124,4.606998498029498,7.578932918686203,44.827586206896555,-2.167642593465162,2.1730742254977216
20230712,"16,220,006","9,338,600,582",574.0,578.0,572.0,578.0,+1.00,"14,426",570.0,574.5,578.75,574.223473539397,569.6016980247338,4.621775514663227,6.987501437881608,45.76271186440678,10.319610820042834,4.888586423679426
20230713,"26,878,397","15,790,086,719",587.0,590.0,585.0,585.0,+7.00,"32,540",574.0,575.7,578.35,575.881400687182,570.7423129858646,5.139087701317408,6.617818690568768,53.125,30.953814620769293,13.576995822709382
20230714,"24,381,177","14,372,679,526",589.0,591.0,587.0,591.0,+6.00,"26,789",579.2,577.2,578.4,578.2073390430002,572.242882394319,5.964456648681107,6.487146282191237,63.492063492063494,53.96920974717952,27.04106713086609
20230717,"14,311,753","8,428,551,949",588.0,591.0,587.0,591.0, 0.00,"18,226",584.4,578.4,578.4,580.1754407286925,573.6322985132584,6.543142215434045,6.498345468839799,65.57377049180329,69.31280649811967,41.13164691995061
20230718,"22,022,410","12,866,196,578",587.0,588.0,580.0,581.0,-10.00,"31,079",585.2,578.0,578.0,580.3022960012013,574.178054178943,6.124241822258341,6.423524739523508,55.07246376811594,61.99801134962364,48.08710172984162
20230719,"24,909,638","14,517,904,258",584.0,587.0,579.0,581.0, 0.00,"20,069",585.8,577.9,577.9,580.4096350779396,574.6833834990213,5.726251578918323,6.284070107402471,55.88235294117647,57.121481250626275,51.09856157010317
20230720,"15,676,734","9,102,325,307",580.0,584.0,578.0,579.0,-2.00,"19,382",584.6,579.3,577.7,580.192768142872,575.0031328694641,5.189635273407816,6.065183140603541,52.23880597014925,49.19209861152862,50.463073917244984
20230721,"52,275,128","29,291,080,481",560.0,563.0,557.0,560.0,-19.00,"86,810",578.4,578.8,576.65,577.0861884285839,573.8917896939482,3.1943987346356835,5.49102625940997,38.554216867469876,29.223303836257173,43.38315055691571
20230724,"27,656,825","15,469,188,055",557.0,563.0,557.0,558.0,-2.00,"30,269",571.8,578.1,575.85,574.1498517472633,572.714620086989,1.4352316602742121,4.6798673395828185,32.911392405063296,13.529821605123828,33.43204090631841
20230725,"22,767,807","12,899,067,927",561.0,569.0,561.0,569.0,+11.00,"21,119",569.4,577.3,575.7,573.3575668630689,572.4394630435083,0.9181038195605424,3.9275146355783637,42.52873563218391,16.162738212939693,27.67560667519217
20230726,"15,147,698","8,586,520,667",569.0,571.0,563.0,566.0,-3.00,"21,679",566.4,576.1,575.3,572.2256334995199,571.9624657810263,0.2631677184936052,3.194645252161412,50.68493150684931,14.346587380055032,23.232600243479787
20230727,"13,004,888","7,396,939,592",570.0,570.0,566.0,569.0,+3.00,"12,672",564.4,574.5,575.1,571.7293821919014,571.7430238713206,-0.013641679419151842,2.5529878658452994,52.631578947368425,16.707248729560497,21.057483072173355
20230728,"19,009,675","10,814,265,557",569.0,573.0,565.0,567.0,-2.00,"19,313",565.8,572.1,574.65,571.0017849316089,571.3916887697413,-0.38990383813245444,1.9644095250497486,51.28205128205128,16.47149915304033,19.52882176579568
20230731,"28,409,339","16,044,638,425",575.0,575.0,560.0,565.0,-2.00,"28,425",567.2,569.5,573.95,570.078433403669,570.9182303423531,-0.8397969386841169,1.4035682323029757,41.17647058823529,13.758777213137996,17.60547358157645
20230801,"18,916,866","10,711,815,419",565.0,568.0,564.0,567.0,+2.00,"13,827",566.8,568.1,573.05,569.6048282646431,570.6279910577343,-1.0231627930912737,0.9182220272241258,42.02898550724638,15.521724491298347,16.91089055148375
20230802,"34,495,766","19,394,908,189",567.0,569.0,558.0,561.0,-6.00,"34,408",565.8,566.1,572.0,568.2810085316211,569.9148065349392,-1.6337980033181339,0.4078180211156739,32.35294117647058,4.792260771976676,12.871347291648057
20230804,"29,320,685","16,266,624,892",556.0,560.0,552.0,554.0,-7.00,"47,739",562.8,563.6,571.45,566.0839302959871,568.7359319767955,-2.6520016808084392,-0.2041459192691488,23.18840579710144,-10.138492818682215,5.201400588204633
20230807,"15,607,870","8,719,529,904",558.0,561.0,556.0,558.0,+4.00,"13,239",561.0,563.4,571.1,564.840248711989,567.9406777562922,-3.100429044303155,-0.78340254427595,27.39726027397259,-11.203439656899254,-0.2668794934966625
20230808,"21,167,596","11,708,530,913",558.0,558.0,551.0,552.0,-6.00,"33,867",558.4,562.8,570.45,562.8648258332215,566.7598868113816,-3.8950609781601315,-1.4057342310527865,28.985507246376812,-19.233665653619113,-6.589141546870812
20230809,"15,088,059","8,355,524,852",550.0,557.0,550.0,554.0,+2.00,"14,590",555.8,561.3,569.3,561.5010064742644,565.8147100105385,-4.313703536274147,-1.9873280920970586,30.985915492957744,-18.377999324634963,-10.518760806125528
20230810,"18,884,431","10,418,779,108",552.0,554.0,550.0,551.0,-3.00,"21,572",553.8,559.8,567.95,559.8854670166852,564.717324083832,-4.831857067146757,-2.5562338871069983,30.555555555555557,-17.013904311661403,-12.683808641304152
20230811,"24,816,095","13,663,661,565",556.0,558.0,546.0,546.0,-5.00,"33,682",552.2,557.5,566.0,557.7492413218106,563.3308556331777,-5.5816143113671615,-3.161309971959031,37.93103448275862,-24.04101557285363,-16.469544285153976
20230814,"24,728,477","13,344,853,868",540.0,543.0,537.0,541.0,-5.00,"44,024",548.8,554.9,563.5,555.172434964609,561.6767181788683,-6.504283214259317,-3.8299046204190885,36.0655737704918,-18.591446279338314,-17.17684494988209
20230815,"16,341,396","8,859,336,259",543.0,545.0,540.0,542.0,+1.00,"20,787",546.8,552.6,561.05,553.1459065085153,560.2191834989521,-7.073276990436852,-4.478579094422642,23.529411764705884,-13.676348801610157,-16.01001290045811
20230816,"29,612,963","15,981,443,678",541.0,543.0,536.0,542.0, 0.00,"44,555",544.4,550.1,559.1,551.4311516610514,558.8696143508816,-7.438462689830203,-5.070555813504154,25.0,-10.969417719591956,-14.329814506836058
20230817,"24,070,209","13,048,399,357",540.0,546.0,537.0,544.0,+2.00,"18,167",543.0,548.4,557.25,550.2878975593512,557.7681614360015,-7.48026387665027,-5.552497426133378,23.404255319148945,-5.461093294542785,-11.373574102738301
20230818,"19,582,982","10,591,633,376",540.0,544.0,539.0,539.0,-5.00,"21,346",541.6,546.9,555.25,548.5512979348357,556.377927255557,-7.826629320721281,-6.007323805050959,22.0,-12.529617751917412,-11.758921985798004
20230821,"18,313,588","9,840,509,268",544.0,544.0,534.0,537.0,-2.00,"33,922",540.8,544.8,554.1,546.7741751756301,554.9425252366268,-8.168350060996659,-6.439529056240099,22.0,-21.686411834611604,-15.06808526873587
20230822,"14,853,796","8,041,168,413",544.0,544.0,538.0,541.0,+4.00,"13,606",540.6,543.7,553.25,545.8858405332255,553.9097455894693,-8.023905056243734,-6.756404256240827,25.000000000000014,-18.902052334185512,-16.346074290552416
20230823,"21,701,684","11,920,663,477",546.0,552.0,544.0,552.0,+11.00,"21,521",542.6,543.5,552.4,546.8264804511908,553.7682829532123,-6.94180250202146,-6.793483905396954,42.10526315789473,7.398631777209658,-8.431172267965056
20230824,"24,409,517","13,715,472,727",563.0,564.0,558.0,564.0,+12.00,"28,550",546.6,544.8,552.3,549.4685603817769,554.526187919641,-5.05762753786405,-6.446312631890374,58.064516129032256,38.265754518139765,7.1344699940698835
20230825,"25,782,760","14,141,567,044",549.0,551.0,546.0,546.0,-18.00,"42,456",548.0,544.8,551.15,548.9349357076574,553.894618444112,-4.959682736454624,-6.148986652803224,42.10526315789474,30.272407773997934,14.847115920712564
20230828,"9,384,631","5,166,103,257",547.0,553.0,547.0,549.0,+3.00,"11,096",550.4,545.6,550.25,548.944945598787,553.5320541149185,-4.587108516131593,-5.836611025468898,47.945205479452056,29.70541470647481,19.79988218263331
20230829,"10,969,386","6,035,376,093",551.0,553.0,546.0,552.0,+3.00,"11,040",552.6,546.6,549.6,549.4149539682044,553.4185686249245,-4.003614656720174,-5.470011751719153,48.64864864864865,33.136943137649865,24.245569167638827
20230830,"18,674,649","10,396,527,428",558.0,560.0,554.0,555.0,+3.00,"14,916",553.2,547.9,549.0,550.2741918192498,553.535711689745,-3.2615198704951354,-5.02831337547435,52.7027027027027,40.42462875843324,29.63858903123696
20230831,"47,265,347","25,978,808,976",553.0,556.0,548.0,549.0,-6.00,"19,831",550.2,548.4,548.4,550.078162308596,553.1997330460601,-3.1215707374641397,-4.646964847872308,51.99999999999999,35.28308583895549,31.520087967143137
20230901,"15,194,921","8,331,995,536",543.0,553.0,543.0,548.0,-1.00,"12,739",550.6,549.3,548.1,549.7584450303505,552.8145676352409,-3.0561226048904473,-4.328796399275936,54.929577464788736,30.188723892636993,31.076299942307756
20230904,"9,772,925","5,412,329,762",549.0,557.0,549.0,557.0,+9.00,"12,158",552.2,551.3,548.05,550.8725304102966,553.1245996622602,-2.252069251963576,-3.9134509698134643,59.49367088607595,35.510431313040044,32.55434373255185
20230905,"14,337,041","7,911,531,475",553.0,555.0,550.0,552.0,-5.00,"13,714",552.2,552.4,548.05,551.045987270251,553.0412959835742,-1.9953087133231975,-3.5298225185154113,55.95238095238095,26.23772343946259,30.44880363485543
20230906,"14,442,757","7,972,706,415",556.0,556.0,550.0,550.0,-2.00,"12,752",551.2,552.2,547.85,550.8850661517508,552.8160147996057,-1.9309486478548479,-3.210047744383299,53.57142857142858,13.788111922604692,24.89523973077185
20230907,"22,610,385","12,305,542,681",546.0,548.0,542.0,542.0,-8.00,"41,564",549.8,550.0,547.4,549.5181328976353,552.0148285181534,-2.496695620518153,-3.06737731961027,51.72413793103448,-7.47459205159687,14.10529580331561
20230908,"16,702,110","8,980,038,278",535.0,540.0,535.0,539.0,-3.00,"36,672",548.0,549.3,547.05,547.8999586056914,551.0507671464384,-3.1508085407469935,-3.084063563837615,51.13636363636364,-6.6497280343979135,7.186954524077768
20230911,"15,540,773","8,348,107,210",539.0,540.0,536.0,536.0,-3.00,"31,155",543.8,548.0,546.8,546.0691957432773,549.9358955059614,-3.8666997626841066,-3.2405908036069135,47.12643678160919,-11.099818689598608,1.0913634528523093
20230912,"17,135,765","9,268,673,682",536.0,545.0,536.0,544.0,+8.00,"20,545",542.2,547.2,546.9,545.7508579366192,549.4961995425568,-3.745341605937597,-3.3415409640730505,45.23809523809524,0.4432581285028876,0.8753283447358353
20230913,"16,836,487","9,146,776,791",545.0,548.0,541.0,541.0,-3.00,"18,111",540.4,545.8,546.85,545.0199567156009,548.8668514282933,-3.8468947126924604,-3.4426117137969325,34.66666666666667,2.256289732727415,1.335648807399695
20230914,"18,377,284","10,058,129,685",544.0,550.0,543.0,550.0,X0.00,"19,037",542.0,545.9,547.15,545.7861172208931,548.9507883595309,-3.1646711386378,-3.387023598765106,53.03030303030303,21.112036292406515,7.927777969068634
20230915,"44,681,949","24,818,735,444",549.0,558.0,547.0,558.0,+8.00,"18,023",545.8,546.9,548.1,547.6651761099864,549.6211003328989,-1.955924222912472,-3.1008037235945793,56.33802816901408,47.40802419493767,21.08786004435831
20230918,"40,148,161","21,843,932,948",548.0,549.0,540.0,540.0,-18.00,"58,958",546.6,545.2,548.25,546.4859182469116,548.9084262341656,-2.4225079872539936,-2.9651445763264626,43.02325581395349,31.605349463291777,24.593689850669467
20230919,"21,099,739","11,374,956,906",539.0,543.0,538.0,538.0,-2.00,"45,323",545.4,543.8,548.1,545.1803923627714,548.1003946612644,-2.9200022984930456,-2.9561161207597793,39.99999999999999,17.36652927182415,22.18463632438769
20230920,"28,098,535","15,065,407,249",536.0,538.0,535.0,535.0,-3.00,"50,355",544.2,542.3,547.25,543.6141781531143,547.1299950567263,-3.5158169036120626,-3.068056277330236,41.463414634146346,6.577686181216098,16.98231960999716
20230921,"35,984,810","19,006,048,743",530.0,531.0,526.0,527.0,-8.00,"96,356",539.6,540.8,545.4,541.0581507449428,545.6388843117836,-4.580733566840763,-3.370591735232342,38.20224719101124,-0.553147484127539,11.137163911955593
20230922,"33,499,481","17,519,111,007",523.0,525.0,522.0,522.0,-5.00,"68,488",532.4,539.1,544.2,538.1261275534132,543.8878558442441,-5.761728290830888,-3.8488190463520513,29.411764705882362,-3.3990680197213896,6.291753268063266
20230925,"20,583,374","10,814,706,278",522.0,529.0,522.0,525.0,+3.00,"23,438",529.4,538.0,543.0,536.1067233144265,542.4887554113371,-6.382032096910621,-4.355461656463765,33.73493975903615,-2.2660453464809263,3.439153729881868
20230926,"29,064,997","15,130,935,931",521.0,524.0,519.0,519.0,-6.00,"66,748",525.6,535.5,541.35,533.4749197275917,540.74884760309,-7.273927875498316,-4.939154900270675,32.18390804597702,-6.412657681967676,0.1552165925986868
20230927,"18,655,088","9,709,749,290",517.0,523.0,516.0,522.0,+3.00,"22,249",523.0,533.6,539.7,531.7095474618084,539.3600440769352,-7.650496615126826,-5.481423243241906,37.80487804878049,-5.227486073692736,-1.639017629498454
20230928,"28,350,350","14,826,254,349",523.0,525.0,520.0,523.0,+1.00,"20,589",522.2,530.9,538.4,530.3696170830686,538.1481889601251,-7.778571877056493,-5.940852970004824,39.99999999999999,-3.484990715795157,-2.2543419915973546
20231002,"26,891,996","14,300,676,237",530.0,534.0,528.0,533.0,+10.00,"23,151",524.4,528.4,537.65,530.7742913779812,537.7668416297455,-6.992550251764328,-6.151192426356725,48.275862068965516,14.343339522803227,3.278218513202839
20231003,"17,601,440","9,335,110,434",528.0,533.0,528.0,529.0,-4.00,"17,430",525.2,527.3,536.25,530.5013234736764,537.1174459534681,-6.61612247979167,-6.244178437043715,40.963855421686745,22.895559681868818,9.817332236091499
20231004,"29,808,729","15,519,741,014",521.0,523.0,519.0,520.0,-9.00,"49,176",525.4,525.5,534.65,528.885735246957,535.8494869939519,-6.963751746994944,-6.388093099033961,38.20224719101124,6.172797363670121,8.602487278617705
20231005,"25,749,184","13,563,941,939",523.0,529.0,523.0,528.0,+8.00,"19,027",526.6,524.8,533.55,528.7494682858867,535.2680435129184,-6.518575227031761,-6.414189524633521,37.5,19.266713393961897,12.157229317065768
20231006,"16,160,314","8,587,684,448",530.0,533.0,529.0,532.0,+4.00,"14,047",528.4,525.3,533.05,529.249550088058,535.0259662156652,-5.776416127607263,-6.28663484522827,34.52380952380953,40.11720286870187,21.47722050094447
20231011,"61,670,562","33,477,968,593",542.0,544.0,540.0,544.0,+12.00,"43,385",530.6,527.5,533.3,531.5188500745106,535.6907094589493,-4.171859384438676,-5.863679753070351,52.56410256410256,60.078135245801235,34.34419208256339
20231012,"36,350,241","19,916,786,786",545.0,550.0,544.0,550.0,+6.00,"35,333",534.8,530.0,534.0,534.3621039092013,536.7506569064345,-2.388552997233205,-5.168654401902923,57.31707317073171,73.38542349720082,47.35793588744253
20231013,"34,704,924","19,128,100,250",550.0,554.0,548.0,553.0,+3.00,"31,159",541.4,533.4,534.45,537.229472538555,537.9543119504024,-0.7248394118473698,-4.2798914038918126,60.97560975609756,81.18168018092958,58.632517318604876
20231016,"21,867,048","11,909,042,136",546.0,547.0,542.0,545.0,-8.00,"21,225",544.8,535.7,534.65,538.4249383018542,538.476214768891,-0.05127646703681421,-3.434168416520813,60.97560975609756,77.77703409911433,65.01402291210803
20231017,"19,462,529","10,712,565,922",550.0,552.0,548.0,551.0,+6.00,"19,538",548.6,538.5,534.7,540.3595631784921,539.403902563788,0.9556606147040156,-2.5562026102758475,67.46987951807229,81.95888294779664,70.6623095906709
20231018,"28,848,123","15,664,232,734",549.0,549.0,540.0,540.0,-11.00,"27,159",547.8,539.2,533.8,540.3042457664163,539.4480579294334,0.8561878369829401,-1.87372452082409,58.241758241758234,72.9188251910042,71.41448145744866
20231019,"26,999,255","14,717,458,172",540.0,548.0,540.0,546.0,+6.00,"18,309",547.0,540.9,534.1,541.1805156485061,539.9333869716976,1.2471286768085292,-1.2495538812975662,64.83516483516483,71.27921679400279,71.36939323630003
20231020,"49,143,932","27,116,129,760",549.0,556.0,546.0,556.0,+10.00,"41,402",547.6,544.5,535.0,543.4604363179667,541.1235064552756,2.336929862691136,-0.5322571324998258,67.34693877551021,80.85281119600185,74.53053255620063
20231023,"24,172,637","13,193,058,890",552.0,553.0,543.0,544.0,-12.00,"23,393",547.4,546.1,535.45,543.5434461152026,541.336580051181,2.2068660640215967,0.015567506804458718,59.633027522935784,53.9018741306679,67.65431308102305
20231024,"15,761,516","8,562,488,660",543.0,546.0,540.0,544.0, 0.00,"15,637",546.0,547.3,536.3,543.6136851744022,541.5338704177602,2.0798147566420084,0.42841695677196867,55.55555555555556,29.267916087111935,54.858847416386006
20231025,"17,137,199","9,371,422,161",544.0,551.0,544.0,544.0, 0.00,"12,233",546.8,547.3,537.4,543.6731182244941,541.7165466831113,1.9565715413828002,0.734047873694135,57.89473684210526,12.845277391407956,40.854324074726655
20231026,"31,682,955","16,851,704,175",530.0,535.0,530.0,531.0,-13.00,"45,750",543.8,545.4,537.7,541.7234077284181,540.9227284102883,0.8006793181298235,0.7473741625812728,55.55555555555556,2.2143119117322874,27.9743200203952
20231027,"17,050,787","9,094,404,470",534.0,536.0,532.0,533.0,+2.00,"14,773",539.2,543.4,538.4,540.3813450009692,540.3358596391558,0.04548536181334839,0.6069964024276879,52.68817204301075,-1.6983952334483163,18.083414935780695
20231030,"23,299,422","12,374,705,789",531.0,534.0,528.0,532.0,-1.00,"24,536",536.8,542.1,538.9,539.0919073085124,539.7183885547739,-0.6264812462615055,0.3603008726898493,50.0,-4.162566519268575,10.668087784097604
20231031,"28,073,280","14,873,552,534",535.0,535.0,527.0,529.0,-3.00,"32,067",533.8,539.9,539.2,537.5393061841258,538.9244338470129,-1.3851276628870437,0.011215165574470692,40.74074074074074,-10.350801921936625,3.661791215419528
20231101,"14,028,881","7,432,561,094",533.0,533.0,527.0,528.0,-1.00,"15,452",530.6,538.7,538.95,536.0717206173373,538.115216525012,-2.0434959076746964,-0.3997270490753627,35.526315789473685,-14.146911426218619,-2.274442998459854
20231102,"31,075,778","16,846,430,251",536.0,547.0,535.0,547.0,+19.00,"32,075",533.8,538.8,539.85,537.7529943685162,538.7733486342704,-1.0203542657542357,-0.5238524924111374,46.73913043478261,13.902059049187587,3.1177243507559593
20231103,"16,673,456","9,129,495,705",547.0,549.0,545.0,549.0,+2.00,"17,911",537.0,538.1,541.3,539.483302927206,539.5308783650652,-0.0475754378592228,-0.4285970815007545,52.32558139534884,38.897668995754685,15.044372565755534
20231106,"31,297,186","17,321,453,879",553.0,556.0,550.0,550.0,+1.00,"32,684",540.6,538.7,542.4,541.1012563230204,540.3063688565418,0.794887466478599,-0.1839001719048838,49.382716049382715,50.56946048992341,26.886068540478156
20231107,"16,990,175","9,406,486,499",552.0,555.0,550.0,555.0,+5.00,"15,356",545.8,539.8,543.55,543.2395245810172,541.3947859782794,1.8447386027378343,0.22182758302365982,60.0,65.59703163096343,39.78972290397324
20231108,"16,780,331","9,308,096,586",550.0,557.0,550.0,556.0,+1.00,"17,845",551.4,541.0,544.15,545.2026746454761,542.4766536835921,2.7260209618840463,0.7226662587957371,57.142857142857146,75.67579886508673,51.751748224344404
20231109,"13,649,525","7,577,883,144",551.0,557.0,551.0,557.0,+1.00,"12,731",553.4,543.6,544.5,547.0176477769413,543.5524571144371,3.4651906625042557,1.271171139537441,50.81967213114754,83.78386591005781,62.42912078624887
20231110,"14,105,575","7,841,514,218",555.0,557.0,554.0,557.0, 0.00,"15,342",555.0,546.0,544.7,548.5533942727965,544.5485714022566,4.004822870539897,1.8179014857379323,63.26530612244898,89.18924394003854,71.3491618375121
20231113,"46,556,047","26,712,320,428",579.0,580.0,571.0,571.0,+14.00,"51,281",559.2,549.9,546.0,552.0067182308278,546.5079364835709,5.498781747256885,2.554077538041723,71.42857142857143,86.40985056995476,76.36939141499298
20231114,"25,366,980","14,553,766,501",576.0,576.0,571.0,572.0,+1.00,"29,653",562.6,554.2,547.05,555.0826077337773,548.3962374847879,6.6863702489894195,3.3805360802312623,71.875,82.85909229916174,78.53262504304922
20231115,"53,122,455","30,807,985,243",583.0,583.0,575.0,581.0,+9.00,"56,108",567.6,559.5,549.1,559.0698988516577,550.8113310044332,8.258567847224526,4.356142433629915,91.66666666666667,86.61194388571568,81.22573132393804
20231116,"31,059,487","18,056,972,159",581.0,583.0,578.0,583.0,+2.00,"25,771",572.8,563.1,550.95,562.7514528744796,553.1956768559567,9.55577601852292,5.3960691506085166,91.66666666666667,91.07462925714378,84.50869730167328
20231117,"22,878,229","13,295,351,545",579.0,583.0,579.0,580.0,-3.00,"22,517",577.4,566.2,552.15,565.405075509175,555.181182274034,10.223893235141077,6.361633967515029,88.70967741935485,90.47832426666729,86.49857295667128
20231120,"26,606,128","15,343,389,700",576.0,579.0,575.0,577.0,-3.00,"21,159",578.6,568.9,553.8,567.188910046225,556.7973909944759,10.391519051749128,7.16761098436185,88.70967741935485,85.95990848547049,86.31901813293769
20231121,"39,880,714","23,286,785,359",582.0,585.0,581.0,585.0,+8.00,"35,442",581.2,571.9,555.85,569.9290777314212,558.8864731430332,11.04260458838803,7.9426097051670865,91.30434782608695,90.63993899031365,87.75932508539634
20231122,"23,922,047","13,783,944,507",576.0,579.0,574.0,577.0,-8.00,"31,701",580.4,574.0,557.5,571.0169119265872,560.2282158731789,10.78869605340833,8.511826974815335,75.86206896551724,84.23614980306624,86.58493332461964
20231123,"15,143,501","8,714,906,968",574.0,578.0,574.0,578.0,+1.00,"15,621",579.4,576.1,559.85,572.0912331686508,561.5446443270175,10.546588841633252,8.91877934817892,75.43859649122807,63.564840609451565,78.91156908623029
20231124,"12,503,334","7,192,811,445",577.0,578.0,574.0,575.0,-3.00,"12,961",578.4,577.9,561.95,572.5387357580892,562.541337339831,9.997398418258172,9.13450316219477,71.1864406779661,38.672856702597336,65.49866495835263
20231127,"20,321,872","11,598,721,713",573.0,577.0,568.0,568.0,-7.00,"28,620",576.6,577.6,563.75,571.8404687183831,562.9456827220657,8.89478599631741,9.0865597290193,60.65573770491804,-11.718095531601776,39.75974479503449
20231128,"26,932,029","15,393,289,150",565.0,576.0,565.0,575.0,+7.00,"17,693",574.6,577.9,566.05,572.3265504540165,563.8385951130239,8.487955340992585,8.966838851413957,64.17910447761194,-11.51576739143822,22.667907399543587
20231129,"27,786,565","15,937,354,487",578.0,579.0,570.0,574.0,-1.00,"23,135",574.0,577.2,568.35,572.5840042303216,564.5912917713184,7.992712459003201,8.772013572931806,62.6865671641791,-15.08458566836622,10.083743043573651
20231130,"54,365,027","31,284,297,816",576.0,577.0,570.0,577.0,+3.00,"18,807",573.8,576.6,569.85,573.2633881948875,565.5104553438133,7.752932851074206,8.568197428560287,64.28571428571428,-6.352686741873776,4.604933115091175
20231201,"28,797,795","16,600,169,332",573.0,579.0,573.0,579.0,+2.00,"18,507",574.6,576.5,571.35,574.1459438572125,566.5096808739012,7.636262983311326,8.381810539510495,56.896551724137936,6.875986616528592,5.3619509489036465
20231204,"29,424,299","16,917,950,637",582.0,582.0,571.0,574.0,-5.00,"23,004",575.8,576.2,572.55,574.1234909561028,567.0645193276863,7.058971628416543,8.117242757291704,51.61290322580645,-6.527120033425382,1.3989272881273038
20231205,"27,355,530","15,570,195,609",571.0,572.0,567.0,570.0,-4.00,"26,933",574.8,574.7,573.3,573.4891077320871,567.2819623404503,6.2071453916368,7.735223284160724,40.35087719298246,-11.018080022283588,-2.740075148676327
20231206,"23,116,422","13,197,098,680",568.0,575.0,568.0,570.0, 0.00,"15,802",574.0,574.0,574.0,572.9523219271506,567.4832984633799,5.469023463770668,7.281983320082713,38.18181818181818,-14.012053348189058,-6.49740121518057
20231207,"24,259,384","13,786,125,780",570.0,573.0,566.0,566.0,-4.00,"26,821",571.8,572.8,574.45,571.8827339383582,567.3734245031295,4.509309435228715,6.7274485431119135,37.5,-29.341368898792705,-14.112057109717947
20231208,"39,243,978","22,520,643,109",574.0,577.0,570.0,570.0,+4.00,"23,505",570.0,572.3,575.1,571.5930825632262,567.5679856510459,4.025096912180288,6.1869782169255885,43.85964912280702,-26.2275792658618,-18.150564495099232
20231211,"29,204,446","16,730,528,425",572.0,575.0,570.0,574.0,+4.00,"19,353",570.0,572.9,575.25,571.9633775534991,568.0444311583758,3.918946395123271,5.733371852565125,39.62264150943396,-10.8183861772412,-15.70650505581322
20231212,"32,856,787","19,003,744,361",580.0,581.0,575.0,578.0,+4.00,"22,572",571.6,573.2,575.55,572.8920886991147,568.7818807021998,4.1102079969148235,5.4087390814350655,51.020408163265316,12.787742548505868,-6.20842252104019
20231213,"24,327,758","14,033,215,240",576.0,579.0,576.0,577.0,-1.00,"18,524",573.0,573.5,575.35,573.524075053097,569.3906302798147,4.133444773282349,5.153680219804523,48.97959183673469,25.191828365670574,4.258327774530064
20231214,"40,580,966","23,556,973,793",581.0,582.0,579.0,582.0,X0.00,"33,409",576.2,574.0,575.3,574.8280635064667,570.3246576664951,4.503405839971606,5.0236253438379395,56.86274509803922,50.12788557711371,19.54818037539128
20231215,"58,693,166","34,304,458,160",585.0,586.0,580.0,585.0,+3.00,"35,791",579.2,574.6,575.55,576.3929768131642,571.4117200615696,4.981256751594628,5.015151625389278,68.08510638297872,64.37097133712342,34.48911069596866
20231218,"26,938,728","15,672,718,097",579.0,585.0,577.0,585.0, 0.00,"22,094",581.4,575.7,575.95,577.7171342265235,572.4182593162681,5.298874910255449,5.071896282362513,62.50000000000001,73.68321166064638,47.5538110175279
20231219,"30,591,879","17,885,392,353",588.0,588.0,580.0,585.0, 0.00,"21,981",582.8,577.2,575.95,578.8375751147506,573.3502401076556,5.487335007094998,5.15498402730901,64.1025641025641,75.78880777376425,56.965476602940015
20231220,"38,628,249","22,578,626,040",587.0,587.0,583.0,585.0, 0.00,"25,685",584.4,578.7,576.35,579.7856404817121,574.2131852848663,5.5724551968457945,5.238478261216367,61.11111111111111,76.1668974902018,63.365950232027274
20231221,"26,007,263","14,995,966,443",577.0,579.0,575.0,577.0,-8.00,"33,077",583.4,579.8,576.3,579.3570804076026,574.4196160045059,4.937464403096669,5.178275489592428,47.61904761904762,55.906136788339666,60.879345750798066
20231222,"19,328,302","11,226,845,287",582.0,582.0,579.0,582.0,+5.00,"14,330",582.8,581.0,576.65,579.7636834218175,574.9811259300981,4.782557491719444,5.099131890017832,59.523809523809526,48.38186897000421,56.71352015720011
20231225,"9,994,163","5,820,235,840",582.0,585.0,580.0,581.0,-1.00,"12,786",582.0,581.7,577.3,579.9538859723071,575.4269684537945,4.526917518512619,4.984689015716789,64.1025641025641,39.66198672074354,51.02967567838125
20231226,"17,033,926","9,963,615,754",583.0,586.0,582.0,586.0,+5.00,"22,883",582.2,582.5,577.85,580.884057361183,576.2101559757357,4.673901385447266,4.922531489662885,68.18181818181819,52.36725040642162,51.47553392106137
20231227,"34,750,958","20,491,144,772",587.0,592.0,586.0,592.0,+6.00,"37,372",583.6,584.0,578.75,582.5942023825394,577.3797740516071,5.2144283309322645,4.9809108579167605,78.26086956521739,68.24483360428107,57.065300482134596
20231228,"27,152,352","16,064,106,365",592.0,593.0,589.0,593.0,+1.00,"26,497",586.8,585.1,579.55,584.1950943236872,578.5368278255621,5.658266498125045,5.116381985958418,76.74418604651163,78.8298890695207,64.32016334459664
20231229,"20,155,619","11,931,171,966",589.0,593.0,589.0,593.0, 0.00,"20,081",589.0,585.9,580.25,585.549695196966,579.6081739125575,5.941521284408509,5.281409845648437,74.35897435897436,85.8865927130138,71.50897313406902
20240102,"27,997,826","16,549,619,798",590.0,593.0,589.0,593.0, 0.00,"20,667",591.4,586.7,581.2,586.6958959358943,580.6001610301458,6.095734905748486,5.4442748576684465,71.42857142857143,90.59106180867586,77.86966935893797
20240103,"40,134,497","23,267,025,945",584.0,585.0,576.0,578.0,-15.00,"56,916",589.8,586.0,581.6,585.3580657919106,580.4075565093943,4.9505092825162365,5.345521742638005,51.020408163265316,58.01308882483153,71.25080918090248
20240104,"18,063,758","10,466,284,102",580.0,581.0,577.0,580.0,+2.00,"15,010",587.4,585.5,582.1,584.5337479777705,580.377367138328,4.156380839442477,5.1076935619989,47.82608695652174,35.897614772109904,59.466411044638285
20240105,"22,008,878","12,685,460,114",578.0,580.0,574.0,576.0,-4.00,"28,660",584.0,585.4,582.6,583.2208636734981,580.0531177206741,3.1677459528240206,4.719704040163925,40.42553191489362,13.675332924996347,44.20271833809097
20240108,"19,270,119","11,232,942,053",582.0,585.0,579.0,583.0,+7.00,"19,950",582.0,585.5,583.25,583.1868846468061,580.2714052969204,2.915479349885686,4.358859102108277,48.14814814814815,16.80919630897192,35.07154432838462
20240109,"23,718,766","13,909,252,422",588.0,589.0,583.0,586.0,+3.00,"23,975",580.6,586.0,583.85,583.6196716242206,580.6957456452967,2.923925978923876,4.0718724774713975,50.87719298245614,26.59074625726333,32.24461163801085
20240110,"13,708,117","8,006,229,126",581.0,586.0,580.0,584.0,-2.00,"16,104",581.8,585.8,584.15,583.6781836820328,580.9405052271266,2.737678454906245,3.805033672958367,49.152542372881356,27.98357442791914,30.824265901313613
20240111,"27,842,729","16,323,168,586",586.0,589.0,583.0,586.0,+2.00,"20,754",583.0,585.2,584.6,584.0353861924893,581.3152826177097,2.720103574779614,3.588047653322617,58.49056603773585,34.04033166989481,31.89628782417401
20240112,"17,636,558","10,304,253,419",581.0,588.0,581.0,584.0,-2.00,"15,765",584.6,584.3,584.7,584.0299421628756,581.5141505719535,2.515791590922163,3.373596440842526,52.0,32.9499647030068,32.247513450451606
20240115,"21,900,687","12,873,769,022",590.0,590.0,585.0,586.0,+2.00,"21,886",585.2,583.6,584.75,584.3330279839716,581.8464357147717,2.486592269199946,3.19619560651401,54.90196078431373,41.96664313533786,35.48722334541369
20240116,"28,889,681","16,817,280,777",581.0,588.0,579.0,580.0,-6.00,"21,938",584.0,582.3,584.5,583.6664082941298,581.7096626988626,1.9567455952671935,2.9483056042646467,44.23076923076923,27.97776209022524,32.984069593684204
20240117,"46,857,735","27,229,863,028",583.0,584.0,578.0,581.0,+1.00,"28,790",583.4,582.6,584.3,583.2561916334945,581.6570950915395,1.5990965419549639,2.6784637918027103,38.29787234042553,21.985174726816826,29.31777130472841
20240118,"36,746,623","21,575,062,923",586.0,589.0,585.0,588.0,+7.00,"28,621",583.8,583.4,584.45,583.9860083052646,582.1269398995736,1.859068405691005,2.5145847145803693,45.283018867924525,36.879005373433436,31.83818266096342
20240119,"176,166,037","109,423,769,320",625.0,627.0,614.0,626.0,+38.00,"207,364",592.2,588.4,586.9,590.4496993352238,585.3767962033089,5.072903131914927,3.026248398047281,68.13186813186813,57.144143117172675,40.27350281303317
20240122,"70,829,523","44,436,449,501",633.0,633.0,623.0,626.0, 0.00,"56,376",600.2,592.7,589.1,595.918976360574,588.3859224104713,7.533053950102726,3.9276095084583704,68.13186813186813,66.66752398287701,49.071509869647784
20240123,"45,761,889","28,681,559,251",629.0,629.0,622.0,628.0,+2.00,"34,729",609.8,596.9,591.45,600.8545184589473,591.3202985282142,9.534219930733116,5.04893159291332,82.05128205128204,74.37698877770032,57.50666950566529
20240124,"29,905,121","18,779,693,566",628.0,630.0,624.0,627.0,-1.00,"27,062",619.0,601.2,593.5,604.8769002344939,593.963239377976,10.913660856517822,6.22187744563422,80.51948051948052,78.83635986540565,64.61656629224541
20240125,"59,214,638","37,803,501,446",635.0,642.0,633.0,642.0,+15.00,"85,006",629.8,606.8,596.0,610.5881463522641,597.5215179425704,13.066628409693635,7.590827638446104,87.5,85.8909065769371,71.70801305380931
20240126,"44,103,850","28,392,638,215",644.0,646.0,639.0,644.0,+2.00,"41,691",633.4,612.8,598.55,615.7284315288388,600.964368465343,14.764063063495769,9.025474723456037,86.74698795180723,89.51866890075377,77.64489833612413
20240129,"29,828,008","19,268,444,564",646.0,648.0,644.0,648.0,+4.00,"32,347",637.8,619.0,601.3,620.6932882167097,604.4484893197621,16.2447988969476,10.469339558154351,86.9047619047619,93.01244593383583,82.76741420202802
20240130,"40,398,877","26,028,211,247",642.0,647.0,642.0,642.0,-6.00,"35,002",640.6,625.2,603.75,623.9712438756774,607.2300827034834,16.741161172193983,11.723703880962278,82.95454545454545,91.95180011408264,85.8288761727129
20240131,"47,554,701","29,978,630,024",634.0,637.0,626.0,628.0,-14.00,"61,811",640.8,629.9,606.25,624.5910525101885,608.768595095818,15.822457414370547,12.543454587643932,71.0,62.888501663356685,78.18208466959416
20240201,"46,924,943","29,237,425,981",625.0,628.0,619.0,628.0, 0.00,"51,671",638.0,633.9,608.65,625.1155059701596,610.1931436072389,14.922362362920694,13.019236142699286,72.44897959183673,41.92566777557112,66.09661237158647
20240202,"27,797,894","17,563,853,315",633.0,635.0,628.0,635.0,+7.00,"22,257",636.2,634.8,611.6,626.6361973593658,612.0306885252212,14.605508834144644,13.336490680988359,73.7864077669903,39.617111850380745,57.27011219785123
20240205,"48,037,344","30,931,242,935",645.0,647.0,638.0,646.0,+11.00,"51,065",635.8,636.8,614.75,629.6152439194634,614.5469338196492,15.068310099814198,13.682854564753526,80.55555555555556,56.41140790025383,56.983877431985434
20240215,"132,263,803","92,592,826,951",709.0,709.0,693.0,697.0,+51.00,"130,374",646.8,643.7,620.3,639.9821294703152,620.654568351527,19.32756111878814,14.81179587556045,86.70886075949367,66.00266699523095,59.990140619733936
20240216,"48,963,167","33,742,716,965",697.0,699.0,683.0,683.0,-14.00,"56,882",657.8,649.3,625.25,646.600263397959,625.2727484736362,21.327514924322827,16.114939685312926,78.78787878787878,66.63552285278772,62.20526803075186
20240219,"36,366,837","24,665,534,552",674.0,682.0,674.0,678.0,-5.00,"35,240",667.8,652.9,629.85,651.4309921059653,629.1784708089224,22.252521297042904,17.342456007658924,69.69696969696969,64.99981358910127,63.136783216868324
20240220,"31,403,730","21,494,427,969",675.0,688.0,675.0,687.0,+9.00,"32,847",678.2,657.2,635.0,656.903147166586,633.4615470452985,23.44160012128748,18.562284830384638,71.63120567375887,67.61304445034735,64.62887029469465
20240221,"31,980,543","21,748,906,940",678.0,683.0,678.0,681.0,-6.00,"36,004",685.2,660.5,639.75,660.6103552948035,636.982913930832,23.62744136397157,19.575316137102025,68.27586206896552,66.88606255537559,65.38126771492162
20240222,"34,269,392","23,664,176,835",695.0,695.0,685.0,692.0,+11.00,"36,998",684.2,665.5,645.35,665.4395314032953,641.0582536396593,24.381277763636035,20.53650846240883,70.96774193548387,70.92815692992117,67.23023078658812
20240223,"48,404,478","33,847,447,281",701.0,703.0,696.0,697.0,+5.00,"48,018",687.0,672.4,651.15,670.2949881104806,645.2020867033882,25.092901407092427,21.44778705134555,68.9655172413793,75.2133658812087,69.89127581812832
20240226,"29,976,379","20,917,136,411",700.0,700.0,695.0,698.0,+1.00,"25,850",691.0,679.4,656.65,674.5572976319452,649.113043243878,25.44425438806718,22.247080518689877,68.75,77.56159875951548,72.44805013192403
20240227,"35,389,548","24,647,159,479",700.0,701.0,691.0,698.0, 0.00,"31,145",693.2,685.7,660.25,678.1638672270306,652.7342992998871,25.429567927143466,22.883578000380595,67.85714285714286,71.46081892609672,72.11897306331493
20240229,"59,337,072","40,973,093,720",691.0,698.0,688.0,690.0,-8.00,"39,066",695.0,690.1,663.45,679.9848107305643,655.4947215739695,24.490089156594763,23.20488023162343,66.90140845070422,60.33895864914384,68.19230159192456
20240301,"24,167,721","16,699,995,060",697.0,697.0,688.0,689.0,-1.00,"26,282",694.4,689.3,666.5,681.3717629258621,657.9765940499718,23.39516887589025,23.242937960476795,73.64341085271317,51.33708354387367,62.57389557590759
20240304,"97,210,112","69,868,348,694",714.0,725.0,711.0,725.0,+36.00,"125,799",700.0,693.5,671.4,688.0837993988064,662.941290787011,25.142508611795392,23.622852090740516,79.39393939393939,67.55805569591577,64.23528228257697
20240305,"73,299,411","53,751,887,376",735.0,738.0,728.0,730.0,+5.00,"69,851",706.4,698.7,675.8,694.5324456451439,667.9086025805657,26.623843064578182,24.22305028550805,79.14110429447852,73.52355228212566,67.33137228242653
20240306,"52,464,833","38,203,868,985",718.0,738.0,717.0,735.0,+5.00,"49,897",713.8,703.5,680.35,700.7582232381986,672.878335722746,27.87988751545265,24.954417731496974,78.343949044586,80.0234534594016,71.56206600808488
20240307,"80,382,406","61,221,034,146",755.0,769.0,754.0,760.0,+25.00,"96,348",727.8,711.4,685.95,709.8723427400142,679.3317923358759,30.540550404138344,26.07164426602525,74.04580152671755,82.51563563960106,75.21325588525694
20240308,"98,069,174","77,295,575,097",795.0,796.0,772.0,784.0,+24.00,"110,758",746.8,720.6,693.05,721.276597703089,687.0849929035887,34.19160479950028,27.69563637272026,85.81560283687944,84.30335305266333,78.2432882743924
20240311,"73,436,931","56,348,050,108",768.0,778.0,761.0,766.0,-18.00,"107,368",755.0,727.5,699.95,728.157121133383,692.9305489848044,35.22657214857861,29.201823527891932,78.57142857142857,79.43455860076546,78.64037838318342
20240312,"63,336,798","48,288,411,581",757.0,771.0,754.0,770.0,+4.00,"56,154",763.0,734.7,707.05,734.5944871128626,698.6393972081522,35.95508990471035,30.55247680325562,77.85234899328859,77.53549697963487,78.27208458200056
20240313,"43,130,896","33,672,441,212",785.0,785.0,777.0,779.0,+9.00,"37,744",771.8,742.8,714.25,741.4261044801145,704.5920344519928,36.83407002812169,31.808795448228835,82.23684210526315,79.29975892918418,78.61464269772843
20240314,"48,964,017","38,196,293,503",779.0,785.0,770.0,784.0,+5.00,"35,137",776.6,752.2,721.15,747.9759345600969,710.4741059740675,37.50182858602943,32.94740207578896,81.5068493150685,80.56603646922137,79.26510728822608
20240315,"80,580,846","61,451,780,435",771.0,777.0,753.0,753.0,-31.00,"95,014",770.4,758.6,723.95,748.7488677046974,713.6241721982107,35.12469550648677,33.38286076192852,66.27906976744185,62.33138063465333,73.62053173703515
20240318,"46,006,400","34,967,084,535",754.0,765.0,754.0,764.0,X0.00,"40,073",770.0,762.5,728.0,751.0951957501286,717.3557149983432,33.739480751785436,33.4541847598999,68.13186813186813,56.49678249206774,67.91261532204601
20240319,"32,078,900","24,399,917,859",758.0,765.0,755.0,762.0,-2.00,"31,208",768.4,765.7,732.2,752.7728579424165,720.6626990725399,32.110158869876614,33.18537958189525,67.3913043478261,34.43871520976558,56.754648617952526
20240320,"48,788,389","37,117,091,830",764.0,769.0,752.0,758.0,-4.00,"46,702",764.2,768.0,735.75,753.5770336435833,723.4284250671666,30.148608576416677,32.57802538079954,68.88888888888889,15.432261752746948,42.98051966288399
20240321,"47,759,094","37,203,673,872",773.0,784.0,772.0,784.0,+26.00,"48,467",764.2,770.4,740.9,758.2574900061089,727.9152083955246,30.342281610584337,32.130876626756496,73.17073170731707,41.954841168497964,42.63862683142198
20240322,"32,629,749","25,521,571,701",788.0,789.0,775.0,785.0,+1.00,"33,054",770.6,770.5,745.55,762.3717223128614,732.1437114773375,30.228010835523833,31.750303468509966,67.64705882352942,55.74767189010976,47.00830851765124
20240325,"21,223,414","16,612,693,369",783.0,788.0,779.0,780.0,-5.00,"24,794",773.8,771.9,749.7,765.0837650339596,735.6886217382755,29.39514329568408,31.27927143394479,64.70588235294117,57.99844792673983,50.671688320680765
20240326,"43,103,294","33,847,261,033",788.0,792.0,776.0,782.0,+2.00,"35,046",777.8,773.1,753.9,767.6862627210428,739.1190942021069,28.567168518935887,30.73685085094301,64.07185628742515,59.65328627214753,53.66555430450302
20240327,"19,732,209","15,418,346,943",785.0,785.0,779.0,779.0,-3.00,"21,006",782.0,773.1,757.95,769.4268376870363,742.0732353723212,27.35360231471509,30.060201143697427,56.55172413793103,57.052808132048966,54.794638913685
20240328,"28,393,398","21,889,883,699",774.0,776.0,768.0,769.0,-10.00,"39,848",779.0,771.6,761.9,769.3611703505692,744.067810529927,25.293359820642195,29.106832879086383,44.274809160305345,42.973477026304245,50.854251617891414
20240329,"20,212,820","15,682,908,766",769.0,781.0,768.0,779.0,+10.00,"18,110",777.8,774.2,766.4,770.8440672197124,746.6553801203028,24.188687099409663,28.12320372315104,55.28455284552845,45.93293530148678,49.213812845756536
20240401,"22,348,250","17,301,753,062",783.0,783.0,769.0,770.0,-9.00,"28,192",775.8,774.8,768.65,770.714210724372,748.3846112225026,22.32959950186944,26.96448287889472,50.0,32.071232229976694,43.49961930716325
20240402,"42,219,075","33,230,356,267",784.0,790.0,783.0,790.0,+20.00,"41,138",777.4,777.6,771.65,773.6812552283149,751.4672326134283,22.214022614886517,26.01439082609308,53.9568345323741,50.54748815331779,45.84890892254809
20240403,"32,909,892","25,719,094,412",783.0,785.0,778.0,780.0,-10.00,"36,003",777.6,779.8,773.9,774.6533698085741,753.5807709383596,21.072598870214506,25.026032434917365,48.611111111111114,42.03165876887853,44.57649220465824
20240408,"40,567,580","31,925,988,285",789.0,792.0,783.0,783.0,+3.00,"29,304",780.4,779.7,775.05,775.9374667611012,755.7599730910737,20.177493670027502,24.056324681939394,62.93103448275862,42.60443917925235,43.91914119618961
20240409,"61,642,573","49,946,542,596",795.0,820.0,792.0,819.0,+36.00,"89,138",788.4,783.1,776.8,782.5624718747779,760.444419528772,22.118052346005925,23.6686702147527,69.50354609929079,60.97871702859248,49.60566647365722
20240410,"31,109,466","25,358,780,514",815.0,819.0,810.0,815.0,-4.00,"39,131",797.4,786.6,779.25,787.5528608171197,764.4855736377518,23.067287179367895,23.54839360767574,68.53146853146853,70.1979325645162,56.46975517061021
20240411,"27,772,972","22,655,121,636",811.0,820.0,811.0,820.0,+5.00,"34,739",803.4,790.4,781.75,792.5447283837167,768.5977533682887,23.946975015427938,23.62810988922618,71.52777777777777,80.13195504301079,64.35715512807707
20240412,"32,473,155","26,663,806,808",823.0,826.0,817.0,818.0,-2.00,"38,091",811.0,794.3,783.7,796.460924016991,772.2571790447118,24.203744972279196,23.743236905836785,64.16666666666666,80.8287107694146,69.84767367518958
20240415,"41,251,141","33,300,372,097",804.0,812.0,803.0,806.0,-12.00,"60,451",815.6,798.0,784.8,797.9284741682231,774.7566472636221,23.171826904601062,23.62895490558964,58.01526717557252,71.71526454395081,70.47020396477666
20240416,"54,120,813","42,833,069,476",802.0,803.0,785.0,788.0,-18.00,"127,956",809.4,798.9,786.55,796.4010166038811,775.7376363552056,20.66338024867548,23.03583997420681,52.777777777777786,50.24920075287777,63.72986956081036
20240417,"36,616,351","29,324,186,091",798.0,808.0,793.0,804.0,+16.00,"43,890",807.2,802.3,788.55,797.5700909725148,777.8311447733386,19.738946199176212,22.376461219200692,56.9620253164557,48.94662164012989,58.80212025391686
20240418,"45,765,617","36,684,269,610",796.0,810.0,792.0,804.0, 0.00,"46,571",804.0,803.7,790.65,798.559307745974,779.769578493832,18.789729252142024,21.65911482578896,58.064516129032256,44.395786975772864,54.00000916120219
20240419,"143,868,560","109,032,970,933",769.0,770.0,746.0,750.0,-54.00,"356,590",790.4,800.7,790.25,791.0886450158241,777.5644245313259,13.524220484498187,20.03213595753081,45.22613065326633,17.692429412420005,41.89748257827479
20240422,"52,354,944","39,093,628,250",740.0,757.0,740.0,742.0,-8.00,"103,120",777.6,796.6,788.15,783.5365457826204,774.9300227141907,8.606523068429624,17.747013379710573,40.609137055837564,4.548576130019132,29.447847095522903
20240423,"32,067,682","24,247,217,869",761.0,761.0,752.0,754.0,+12.00,"34,807",770.8,790.1,786.6,778.9924618160634,773.3796506612877,5.612811154775727,15.320172934723605,46.0,1.583108724360581,20.159600971802128
20240424,"41,652,749","32,458,429,294",770.0,785.0,769.0,783.0,+29.00,"58,442",766.6,786.9,786.75,779.6090061520537,774.0922691308219,5.516737021231734,13.35948575202523,48.325358851674636,13.61579228967034,17.97833141109153
20240425,"30,492,037","23,412,746,667",770.0,774.0,765.0,766.0,-17.00,"64,220",759.0,781.5,785.95,777.5153128978916,773.492841787798,4.022471110093534,11.492082823638892,46.75925925925927,14.531740314325681,16.82946771216958
20240426,"34,721,905","27,272,338,208",788.0,789.0,782.0,782.0,+16.00,"42,824",765.4,777.9,786.1,778.2052647597544,774.1230016553686,4.082263104385788,10.010118879788271,49.78165938864629,25.41109731646869,19.690010913602617
20240429,"30,704,200","24,322,394,064",790.0,795.0,787.0,795.0,+13.00,"35,585",776.0,776.8,787.4,780.7890701813307,775.6694459771932,5.119624204137494,9.032019944658117,44.174757281553404,40.84010261349485,26.74004148023336
20240430,"41,627,249","33,118,845,170",797.0,802.0,790.0,790.0,-5.00,"40,926",783.2,777.0,787.95,782.2061363072797,776.730968497401,5.475167809878712,8.320649517702236,43.961352657004824,47.981452056795305,33.82051167242067
20240502,"47,536,363","36,983,047,647",789.0,789.0,772.0,772.0,-18.00,"85,051",781.0,773.8,788.05,780.6359614907751,776.3805263864824,4.255435104292701,7.50760663502033,39.09090909090909,43.09874581564131,36.91325638682755
20240503,"31,026,748","24,240,817,990",788.0,788.0,773.0,780.0,+8.00,"35,153",783.8,771.4,787.55,780.5381212614251,776.6486355430393,3.8894857183857994,6.783982451693424,41.5929203539823,45.76953424746458,39.86534900703989
20240506,"33,733,509","26,644,713,164",791.0,793.0,786.0,786.0,+6.00,"32,394",784.6,775.0,787.85,781.3784102981289,777.3413292065179,4.037081091610958,6.234602179676931,45.45454545454546,50.838226083675565,43.522974699251776
20240507,"35,917,824","28,623,349,239",797.0,800.0,792.0,800.0,+14.00,"38,340",785.6,780.8,788.7,784.2432702522628,779.0197492652943,5.223520986968538,6.032385941135253,52.77777777777778,64.84453167483133,50.630160357778294
20240508,"22,585,765","18,032,263,877",794.0,802.0,792.0,802.0,+2.00,"23,525",788.0,785.6,787.85,786.9750748288378,780.7219900604576,6.253084768380177,6.076525706584238,49.504950495049506,76.56302111655421,59.274447277370264
20240509,"22,863,681","18,267,303,103",798.0,802.0,796.0,796.0,-6.00,"23,671",792.8,786.9,786.9,788.3635248551705,781.8536945004238,6.5098303547466685,6.163186636216725,48.07692307692308,70.08963312532185,62.87950922668746
20240510,"27,560,431","22,107,595,449",803.0,807.0,798.0,802.0,+6.00,"41,029",797.2,790.5,786.0,790.4614441082211,783.3460134263183,7.115430681902808,6.353635445353942,66.25,71.28782559231982,65.68228134856491
20240513,"38,146,948","31,315,059,679",823.0,825.0,818.0,819.0,+17.00,"49,327",803.8,794.2,786.05,794.8519911684948,785.9870494688133,8.86494169968148,6.85589669621945,72.7810650887574,75.45314498947447,68.93923589553476
20240514,"29,663,617","24,309,306,615",816.0,825.0,811.0,825.0,+6.00,"34,685",808.8,797.2,787.0,799.4901463733418,788.8768976563086,10.613248717033116,7.6073671003821834,71.77914110429448,83.63542999298298,73.83796726135083
20240515,"41,805,778","35,112,739,055",838.0,844.0,837.0,839.0,+14.00,"57,892",816.2,802.1,789.55,805.5685853928277,792.5897200521376,12.97886534069005,8.681666748443757,68.91891891891892,86.11409618579816,77.9300102361666
20240516,"46,276,890","39,179,826,883",852.0,856.0,837.0,841.0,+2.00,"60,617",825.2,809.0,791.4,811.0195722554696,796.1756667149423,14.843905540527317,9.91411450686047,78.19548872180451,82.80622285402417,79.55541444211912
20240517,"27,855,719","23,373,478,247",848.0,848.0,834.0,835.0,-6.00,"38,718",831.8,814.5,792.95,814.7088688315512,799.0515432545761,15.65732557697504,11.062756720883383,71.54471544715447,76.03748190268277,78.38277026230699
20240520,"30,148,330","25,069,342,221",834.0,838.0,822.0,835.0, 0.00,"43,094",835.0,819.4,797.2,817.8305813190049,801.7143919023853,16.11618941661959,12.073443260030626,68.18181818181819,71.06202497215888,75.94252183225763
20240521,"20,548,110","17,214,095,315",830.0,841.0,830.0,841.0,+6.00,"20,770",838.2,823.5,802.15,821.3951072699272,804.6244369466531,16.77067032327409,13.012888672679319,72.97297297297297,71.44875738884664,74.44460035112063
20240522,"40,904,357","35,027,824,713",845.0,865.0,843.0,864.0,+23.00,"63,360",843.2,829.7,807.65,827.9497061514768,809.0226268024566,18.927079349020232,14.195726807947501,89.65517241379311,80.39112561555294,76.42677543926473
20240523,"40,771,207","35,638,205,695",875.0,877.0,867.0,875.0,+11.00,"50,325",850.0,837.6,812.25,835.1882128974034,813.9098396319042,21.278373265499226,15.612256099457847,89.91596638655463,85.645365794984,79.49963889117114
20240524,"37,353,467","32,358,555,678",858.0,872.0,858.0,867.0,-8.00,"50,611",856.4,844.1,817.3,840.0823339901106,817.842444103615,22.239889886495575,16.937782856865393,83.47107438016529,84.01998745306625,81.00642174513618
20240527,"32,691,921","28,496,096,179",872.0,878.0,866.0,869.0,+2.00,"42,682",863.2,849.1,821.65,844.5312056839397,821.6318926885324,22.899312995407286,18.130088884573773,81.65137614678899,81.84665830204416,81.28650059743885
20240528,"32,712,504","28,375,286,215",867.0,873.0,865.0,865.0,-4.00,"37,323",868.0,853.1,825.15,847.6802509633336,824.8443450819744,22.835905881359167,19.071252283930853,78.37837837837839,77.06443886802944,79.87914668763571
20240529,"51,073,346","43,924,367,680",861.0,868.0,856.0,857.0,-8.00,"67,680",866.6,854.9,828.5,849.1140585074361,827.2262454462726,21.887813061163456,19.634564439377375,76.99115044247787,67.20962591201962,75.65597309576367
20240530,"42,535,118","35,840,589,611",841.0,848.0,838.0,838.0,-19.00,"110,390",859.2,854.6,831.8,847.404203352446,828.0243013391413,19.379902013304672,19.583631954162836,64.28571428571428,44.806417274679745,65.37278782206903
20240531,"90,177,283","74,602,358,441",838.0,846.0,821.0,821.0,-17.00,"102,070",850.0,853.2,833.85,843.3420182213005,827.5039827214271,15.8380354998734,18.83451266330495,50.79365079365079,11.852926831768478,47.53283415863551
20240603,"29,629,706","25,053,781,742",839.0,853.0,837.0,846.0,+25.00,"40,694",845.4,854.3,836.85,843.7509384949466,828.8740580753954,14.876880419551185,18.042986214554197,57.24137931034483,7.901951221178985,34.32253984615
20240604,"31,031,104","26,107,162,214",844.0,851.0,837.0,839.0,-7.00,"52,392",840.2,854.1,838.8,843.0200248803394,829.6241278475883,13.395897032751122,17.113568378193584,50.0,-2.0236991858806768,22.207126835473105
20240605,"37,531,781","31,774,150,536",841.0,857.0,835.0,854.0,+15.00,"41,869",839.6,853.1,841.4,844.7092518218257,831.4297480070262,13.279503814799455,16.346755465514757,54.3046357615894,6.984200542746215,17.13281807123081
20240606,"67,300,344","60,138,015,941",893.0,899.0,885.0,894.0,+40.00,"112,332",850.8,855.0,846.3,852.2924438492371,836.0645814879872,16.22786236124989,16.322976844661785,65.94594594594594,34.84481294044716,23.036816360969592
20240607,"44,489,018","39,240,336,617",885.0,888.0,879.0,879.0,-15.00,"85,990",862.4,856.2,850.15,856.4012986416622,839.2449828592474,17.15631578241471,16.48964463221237,61.0,43.984592274763514,30.01940833223423
20240611,"57,435,637","51,091,497,348",892.0,895.0,883.0,883.0,+4.00,"47,589",869.8,857.6,853.35,860.4934065429449,842.4860952400439,18.007311302900916,16.793177966350083,60.6060606060606,52.59350176808133,37.54410614418326
20240612,"51,874,967","46,791,431,521",888.0,914.0,888.0,909.0,+26.00,"74,526",883.8,862.0,857.55,867.9559593824919,847.4130511481889,20.542908234303013,17.54312401994067,61.19402985074627,65.9446874532307,47.010966580532404
20240613,"59,656,092","54,980,784,829",923.0,935.0,911.0,919.0,X0.00,"98,777",896.8,868.2,861.55,875.8088887082623,852.7157881001749,23.09310060808741,18.65311933757002,61.0,71.30394893885791,55.1086273666409
20240614,"43,289,572","39,603,293,460",916.0,922.0,905.0,922.0,+3.00,"62,552",902.4,876.6,865.6,882.9152135223758,857.8479519446064,25.067261577769386,19.935947785609894,64.1025641025641,75.71056913384177,61.97594128904119
20240617,"28,796,529","26,475,733,502",913.0,925.0,913.0,921.0,-1.00,"44,582",910.8,886.6,869.9,888.7744114420103,862.5258814301911,26.248530011819184,21.19846423085175,63.402061855670105,78.2514905336723,67.40112437058488
20240618,"40,870,419","38,583,515,635",944.0,950.0,940.0,943.0,+22.00,"55,791",922.8,896.3,875.3,897.116809681701,868.486927250177,28.629882431524038,22.68474787098621,68.39622641509435,82.99203311563815,72.5980939522693
20240619,"76,684,138","74,395,758,883",953.0,984.0,953.0,981.0,+38.00,"117,235",937.2,910.5,882.3,910.0219158845163,876.821228935349,33.20068694916722,24.787935686622415,75.6198347107438,87.61968874375876,77.60529221609912
20240620,"52,144,900","50,859,632,569",971.0,981.0,971.0,981.0, 0.00,"107,978",949.6,923.2,888.15,920.9416211330522,884.538174940138,36.4034461929142,27.111037787880775,82.0627802690583,90.70479249583917,81.9717923093458
20240621,"97,995,843","94,882,220,706",961.0,978.0,960.0,970.0,-11.00,"131,503",959.2,930.8,892.9,928.4890640356596,890.8686805001278,37.6203835355318,29.21290693741098,84.33179723502305,88.55974930434222,84.1677779743446
20240624,"74,081,708","70,162,177,693",958.0,960.0,940.0,940.0,-30.00,"227,255",963.0,936.9,896.55,930.2599772609427,894.5080375001183,35.75193976082437,30.52071350209366,71.17117117117118,71.42078525051386,79.91878039973435
20240625,"62,079,701","57,978,440,842",925.0,945.0,923.0,945.0,+5.00,"103,844",963.4,943.1,900.35,932.5276730669515,898.2481828704799,34.279490196471556,31.27246884096924,74.0909090909091,59.97944823152537,73.27233634366468
20240626,"48,821,135","46,668,874,056",951.0,960.0,951.0,960.0,+15.00,"56,563",959.2,948.2,905.1,936.7541849028052,902.8223915467407,33.93179335606442,31.804333743988277,74.0909090909091,60.41640634789863,68.98702634507599
20240627,"41,276,086","39,447,006,518",951.0,961.0,949.0,960.0, 0.00,"41,133",955.0,952.3,910.25,940.3304641485274,907.0577699506858,33.27269419784159,32.09800583475894,68.33333333333334,60.05161553136744,66.0085560738398
20240628,"42,998,776","41,476,565,443",956.0,971.0,955.0,966.0,+6.00,"42,853",954.2,956.7,916.65,944.2796235102925,911.4238610654498,32.85576244484264,32.24955715677569,75.43859649122807,57.9831283029629,63.333413483547496
20240701,"20,936,005","20,320,957,284",968.0,977.0,965.0,968.0,+2.00,"38,293",959.8,961.4,924.0,947.9289122010167,915.6146861717128,32.31422602930388,32.26249093128133,75.14792899408283,58.31353852676159,61.66012183128552
20240702,"27,992,930","26,971,516,491",967.0,971.0,959.0,960.0,-8.00,"38,928",962.8,963.1,929.7,949.7860026316296,918.9024871960304,30.88351543559918,31.9866958321449,66.88741721854305,52.76458124006328,58.69494163421144
20240703,"25,022,531","24,386,705,873",976.0,979.0,967.0,979.0,+19.00,"36,096",966.6,962.9,936.7,954.280463765225,923.3541548111392,30.926308954085812,31.774618456533084,68.75,68.50972082670884,61.96653469837724
20240704,"47,251,502","47,347,126,144",1000.0,1010.0,997.0,1005.0,+26.00,"92,002",975.6,965.3,944.25,962.0834693398058,929.4019951954992,32.68147414430655,31.95598959408778,72.6775956284153,76.44237798703665,66.79181579459704
20240705,"21,735,614","21,827,958,195",1005.0,1010.0,1000.0,1005.0, 0.00,"35,802",983.4,968.8,949.8,968.6860125182972,935.00184740324,33.68416511505711,32.30162469828165,73.07692307692308,81.73081609392187,71.77148256103865
20240708,"45,678,332","47,210,175,550",1005.0,1050.0,1000.0,1035.0,+30.00,"74,909",996.8,978.3,957.6,978.8881644385591,942.409117965963,36.47904647259611,33.13710905314454,74.21052631578948,82.26498850705903,75.26931787637878
20240709,"54,339,957","56,382,512,235",1030.0,1055.0,1025.0,1040.0,+5.00,"74,954",1012.8,987.8,965.45,988.2899852941654,949.6380721907065,38.651913103458924,34.24006986320742,68.78980891719746,82.8575100685358,77.79871527376446
20240710,"51,810,372","53,308,027,550",1020.0,1050.0,1015.0,1045.0,+5.00,"61,199",1026.0,996.3,972.25,997.0146029412168,956.7019186950986,40.31268424611824,35.45459273978958,69.75308641975309,84.6034194107699,80.0669499860996
20240711,"49,304,453","52,782,475,514",1065.0,1080.0,1055.0,1080.0,+35.00,"65,005",1041.0,1008.3,980.3,1009.7815871041065,965.835109902869,43.946477201237485,37.15296963207916,79.56989247311827,89.73561294051326,83.28983763757083
20240712,"79,472,761","82,222,185,037",1030.0,1045.0,1025.0,1040.0,-40.00,"175,230",1048.0,1015.7,986.2,1014.4305737034747,971.3288054656194,43.101768237855254,38.34272935323438,75.51020408163265,80.92465939153483,82.50144488889215
20240715,"44,123,104","45,805,242,410",1040.0,1045.0,1025.0,1040.0, 0.00,"51,387",1049.0,1022.9,992.15,1018.3643315952478,976.4155606163143,41.94877097893345,39.0639376783742,74.86910994764398,74.08178612901001,79.69489196893144
20240716,"36,244,442","38,188,299,315",1040.0,1070.0,1035.0,1055.0,+15.00,"42,202",1052.0,1032.4,997.75,1024.000588272902,982.2366302002911,41.763958072610876,39.60394175722154,74.86910994764398,70.81642884791144,76.73540426192477
20240717,"62,390,596","64,372,740,657",1035.0,1045.0,1020.0,1030.0,-25.00,"140,918",1049.0,1037.5,1000.2,1024.9235746924555,985.7746575928621,39.148917099593405,39.51293682569592,66.2037037037037,56.734762089083816,70.06852353764445
20240718,"94,327,431","93,948,039,256",988.0,1005.0,986.0,1005.0,-25.00,"305,207",1034.0,1037.5,1001.4,1021.8584093551547,987.1987570304279,34.65965232472672,38.54227992550208,58.297872340425535,37.823174726055875,59.32007393378159
20240719,"110,541,544","108,678,133,437",988.0,995.0,970.0,970.0,-35.00,"475,484",1020.0,1034.0,1001.4,1013.8801925312847,985.924775028174,27.955417503110652,36.4249074410238,50.3731343283582,15.411528248743132,44.683892038768775
20240722,"90,266,550","85,567,920,175",964.0,965.0,938.0,939.0,-31.00,"307,235",999.8,1024.4,1001.35,1002.3601629110871,982.4488657668278,19.911297144259265,33.122185381670896,46.391752577319586,2.738120281770783,30.701968119769443
20240723,"53,439,290","51,686,291,065",963.0,979.0,956.0,979.0,+40.00,"96,981",984.6,1018.3,1003.05,998.7662916939968,982.1933942285442,16.57289746545257,29.812327798427233,50.0,5.883384535673276,22.42910692507072
20240726,"95,625,050","88,299,582,909",915.0,930.0,915.0,924.0,-55.00,"357,707",963.4,1006.2,1001.25,987.2637852795357,977.8827724338372,9.381012845698478,25.726064807881485,38.123167155425215,2.4936849285440887,15.783966259561842
20240729,"44,000,914","41,481,319,942",942.0,948.0,936.0,944.0,+20.00,"78,605",951.2,992.6,1000.45,980.6078183134532,975.3729374387382,5.2348808747150315,21.627828021248195,41.551246537396125,4.995789952362726,12.18790749049547
20240730,"45,996,400","42,988,422,577",930.0,949.0,926.0,940.0,-4.00,"86,139",945.2,982.6,999.15,974.360461649845,972.7527198506834,1.6077417991615448,17.623810776830865,35.82089552238807,5.711479015860864,10.0290979989506
20240731,"47,407,263","44,270,020,990",929.0,940.0,928.0,934.0,-6.00,"62,829",944.2,972.0,997.45,968.1511598575612,969.882148009892,-1.7309881523308377,13.752850990998525,34.22619047619047,4.967072967095648,8.341756321665615
20240801,"50,257,642","48,211,390,158",969.0,969.0,948.0,960.0,+26.00,"66,845",940.4,962.5,997.45,966.8971352640903,969.1501370461964,-2.253001782106139,10.551680436377593,38.095238095238095,16.644715311397096,11.109409318242776
20240802,"89,044,852","81,488,499,047",918.0,928.0,903.0,903.0,-57.00,"451,562",936.2,949.8,993.65,957.0668067619225,964.2501268946263,-7.183320132703784,7.004680322561318,26.64907651715039,-1.3413340710089017,6.95916152182555
20240805,"159,662,795","133,482,646,539",852.0,857.0,813.0,815.0,-88.00,"588,373",910.4,930.8,984.15,935.210374952396,953.1945619394688,-17.984186987072803,2.0069068606344937,23.65339578454332,-12.369632550071508,0.5162301645265304
20240806,"108,521,787","94,271,532,567",868.0,895.0,840.0,880.0,+65.00,"189,677",898.4,921.8,977.9,926.7164711135658,947.7727425365453,-21.05627142297942,-2.605728796088289,33.73983739837399,-1.9622686945831909,-0.3099361218433767
20240807,"62,643,163","56,900,026,373",901.0,920.0,893.0,920.0,+40.00,"109,333",895.6,919.9,972.15,925.6831678653249,945.715502348653,-20.0323344833281,-6.091049933536252,36.94390715667311,17.441820870277873,5.607316208863707
20240808,"41,288,222","37,045,507,217",901.0,905.0,887.0,896.0,-24.00,"107,303",882.8,911.6,964.95,921.1165266552749,942.032872545049,-20.916345889774107,-9.056109124783823,37.015503875968996,23.235023437328103,11.483218618351838
20240809,"54,464,183","50,586,946,042",927.0,934.0,922.0,934.0,+38.00,"94,661",889.0,912.6,959.4,923.0985994775403,941.4378449491195,-18.339245471579147,-10.91273639414289,43.28922495274102,38.406682291552066,20.45770650941858
20240812,"40,968,742","38,572,439,136",942.0,948.0,931.0,940.0,+6.00,"73,731",914.0,912.2,952.4,925.6988149425341,941.3313379158513,-15.632522973317236,-11.85669370997776,47.0,50.30683581341566,30.407416277417603
20240813,"26,831,364","25,227,760,336",945.0,945.0,937.0,941.0,+1.00,"39,633",926.2,912.3,947.45,928.0528434129135,941.3067943665291,-13.253950953615572,-12.136145158705324,50.212765957446805,58.537890542277104,39.784241032370765
20240814,"40,527,779","38,507,151,446",951.0,955.0,945.0,948.0,+7.00,"56,190",931.8,913.7,942.85,931.1216367340037,941.8025873764158,-10.680950642412085,-11.845106255446677,46.453089244851256,69.97764131389901,49.84870779288018
20240815,"21,714,163","20,528,538,286",945.0,950.0,941.0,943.0,-5.00,"42,553",941.2,912.0,937.25,932.9490772364646,941.8912846077924,-8.942207371327754,-11.264526478622892,52.454780361757116,75.90346155620477,58.53362571398837
20240816,"49,830,670","48,022,581,452",963.0,969.0,958.0,969.0,+26.00,"86,023",948.2,918.6,934.2,938.4953730462394,943.8993375998077,-5.403964553568358,-10.092414093611985,53.18066157760815,83.93564103746985,67.00096415514886
20240819,"22,416,274","21,737,948,903",969.0,975.0,964.0,973.0,+4.00,"43,467",954.8,934.4,932.6,943.8037771929718,946.0549422220442,-2.2511650290724674,-8.524164280704083,54.19847328244274,88.33804640593227,74.11332490541
20240820,"26,420,625","25,701,355,510",977.0,977.0,968.0,973.0, 0.00,"43,667",961.2,943.7,932.75,948.2955037786685,948.0508724278187,0.2446313508497724,-6.770405154393313,55.03875968992248,90.37351241876966,79.53338740986322
20240821,"32,606,816","31,287,150,192",961.0,964.0,956.0,958.0,-15.00,"83,432",963.2,947.5,933.7,949.7885031973349,948.7878448405729,1.00065835676196,-5.216192452162258,49.734042553191486,78.85365944197048,79.30681142056564
20240822,"25,850,379","24,661,701,935",958.0,964.0,948.0,951.0,-7.00,"58,791",964.8,953.0,932.3,949.9748873208218,948.9517081857157,1.0231791351061474,-3.968318134708577,57.36196319018405,58.819106294646986,72.47757637859274
20240823,"31,203,321","29,530,574,857",944.0,952.0,939.0,949.0,-2.00,"57,023",960.8,954.5,933.55,949.82490465608,948.9552853571441,0.8696192989358451,-3.000730647979693,77.91666666666667,43.37940419643132,62.778185651205604
