Date,Volume,Transaction Amount,Open,High,Low,Close,Diff,Transaction Count,MA5,MA10,MA20,EMA5,EMA12,EMA26,DIF,MACD,RSI,K,D,Volatility
20220103,1025150,268169866,263.0,263.0,260.0,261.0,1.0,1268,,,,261.0,261.0,261.0,0.0,0.0,,50.0,50.0,
20220104,1947663,515541150,262.0,268.0,261.0,266.5,5.5,1877,,,,262.83333333333337,261.84615384615387,261.4074074074074,0.43874643874647745,0.0877492877492955,,60.41666666666666,53.472222222222214,
20220105,3347146,906835975,267.0,275.0,262.5,274.0,7.5,3035,,,,266.5555555555556,263.71597633136093,262.34019204389574,1.3757842874651942,0.3453562876924753,,71.38888888888889,59.44444444444443,
20220106,2144713,573482684,269.0,271.0,265.0,266.0,-8.0,2025,,,,266.37037037037044,264.0673645880746,262.6112889295331,1.456075658541522,0.5675001618622847,,60.925925925925924,59.93827160493826,
20220107,1600265,417837816,268.0,268.5,259.0,259.0,-7.0,1350,265.3,,,263.9135802469136,263.28777003606314,262.34378604586396,0.9439839901991718,0.6427969275296621,,40.61728395061728,53.497942386831255,
20220110,5037023,1288072688,266.0,270.0,256.5,262.5,3.5,2657,265.6,,,263.44238683127577,263.1665746458996,262.355357449874,0.8112171960255523,0.6764809812288402,,37.88900011122233,48.29496162829494,
20220111,2021707,527747065,266.0,267.0,257.5,257.5,-5.0,1849,263.8,,,261.46159122085055,262.2947939311458,261.99570134247597,0.29909258866985056,0.6010033027170423,,27.061135209283353,41.217019488624416,
20220112,2395861,612122454,259.5,260.0,253.0,255.5,-2.0,2604,260.1,,,259.47439414723374,261.24944101866186,261.5145382800703,-0.2650972614084708,0.4277831898919397,,21.82863559406769,34.754224857105505,
20220113,2506157,657148490,259.0,266.0,256.0,266.0,10.5,2237,260.1,,,261.6495960981558,261.98029624656004,261.8467947037688,0.13350154279123672,0.3689268604717991,,34.249393426348156,34.585947713519715,
20220114,1055539,276126432,264.0,265.0,259.5,260.0,-6.0,2526,260.3,262.8,,261.0997307321039,261.6756352855508,261.70999509608225,-0.034359810531441326,0.28826952627115104,,33.43898955695937,34.203628327999596,
20220117,1589370,425097245,258.0,270.5,258.0,270.5,10.5,1614,261.9,263.75,,264.23315382140265,263.0332298570045,262.3611065704465,0.6721232865580191,0.3650402783285247,,48.80781121979109,39.07168929193009,
20220118,1184293,319648853,268.5,273.5,267.5,269.0,-1.5,1714,264.2,264.0,,265.8221025476018,263.95119449438846,262.85287645411717,1.0983180402712946,0.5116958307170787,,58.554800975795686,45.56605985321862,
20220119,1049924,281358498,269.0,270.0,266.0,267.5,-1.5,1407,266.6,263.35,,266.3814016984012,264.4971645721748,263.19710782788627,1.300056744288554,0.6693680134313738,,62.613769756221515,51.24862982088625,
20220120,1962786,494569734,268.0,269.0,262.0,263.5,-4.0,2906,266.1,263.1,,265.4209344656008,264.3437546379941,263.2195442850799,1.12421035291419,0.7603364813279371,51.72413793103448,58.815683902521656,53.77098118143138,
20220121,1669430,436257640,261.5,265.0,257.0,263.5,0.0,2207,266.8,263.55,,264.7806229770672,264.2139462321488,263.2403187824814,0.9736274496674469,0.8029946749958391,51.72413793103448,56.28362666672175,54.608529676528164,
20220124,1526106,400677135,260.0,266.5,255.0,266.0,2.5,1656,265.9,263.9,,265.1870819847115,264.4887237348952,263.4447396134087,1.0439841214865169,0.8511925642939747,49.64028776978417,58.66062915992832,55.95922950432821,
20220125,4200440,1149534481,263.5,279.0,263.5,274.5,8.5,4414,267.0,265.6,,268.2913879898077,266.02892008337284,264.2636477901932,1.7652722931796347,1.0340085100711067,50.354609929078016,66.19041943995221,59.36962614953621,
20220126,2905330,781126252,277.0,279.0,265.0,265.0,-9.5,11565,266.5,266.55,,267.1942586598718,265.87062468593086,264.318192398327,1.5524322876038354,1.1376932655776526,49.30555555555555,58.01583518219036,58.91836249375426,
20220207,3802528,989605087,257.5,269.5,257.0,258.5,-6.5,6878,265.5,265.8,,264.2961724399146,264.7366824265569,263.88721518363616,0.8494672429207526,1.0800480610462726,49.650349650349646,43.53833456590468,53.79168651780439,
20220208,2574049,672119781,258.5,263.5,258.5,260.5,2.0,1778,264.9,265.85,264.325,263.0307816266097,264.0848851301635,263.63631035521865,0.4485747749448592,0.9537534038259899,48.57142857142856,36.66444526615867,48.082606100589146,
20220209,1508880,398380673,261.0,267.0,260.5,264.5,4.0,1296,264.6,265.25,264.5,263.5205210844065,264.1487489562922,263.7002873659432,0.4484615903489839,0.8526950411305888,55.07246376811594,37.63740795521689,44.60087338546506,
20220210,1778506,482447830,265.0,275.0,265.0,274.5,10.0,1945,264.6,265.8,264.9,267.1803473896043,265.7412491168626,264.50026607957705,1.2409830372855595,0.930352640361583,62.33766233766234,52.174938636811255,47.12556180258045,
20220211,1114013,301040234,272.5,273.0,267.5,271.5,-3.0,1283,265.9,266.2,264.775,268.62023159306955,266.62721079119143,265.0187648884973,1.6084459026941431,1.065971292828095,53.9568345323741,57.699959091207496,50.65036089878946,
20220214,1629260,422976387,269.0,269.0,256.0,256.0,-15.5,2468,265.4,265.45,264.275,264.41348772871305,264.9922552848543,264.3507082300901,0.641547054764203,0.9810864452153167,47.46835443037975,39.85552828302721,47.05208336020204,
20220215,847659,220295933,261.5,262.0,258.0,259.5,3.5,838,265.2,265.05,264.3,262.7756584858087,264.14729293333824,263.9913965093427,0.15589642399555714,0.8160484409713649,42.36111111111111,31.64281595680075,41.91566089240161,
20220216,2241453,607459376,265.0,274.5,262.5,274.0,14.5,2036,267.1,265.85,264.875,266.51710565720583,265.66309402051695,264.7327745456877,0.9303194748292754,0.838902647742947,52.94117647058823,47.182167159606294,43.671162981469834,
20220217,1263451,345027460,277.0,277.5,270.0,272.5,-1.5,1518,266.7,265.65,265.625,268.51140377147055,266.7149257096682,265.3081245793404,1.4068011303277785,0.9524823442599133,52.94117647058823,57.0361734552414,48.12616647272702,
20220218,860012,235281927,270.0,275.0,268.5,275.0,2.5,1041,267.4,266.65,266.6,270.6742691809804,267.9895525235654,266.02604127716705,1.9635112463983546,1.1546881246876017,56.886227544910184,67.48147997791287,54.577937641122304,
20220221,860905,233746018,272.0,274.0,266.5,273.0,-2.0,1816,270.8,268.1,266.95,271.44951278732026,268.76039059686303,266.5426308121917,2.2177597846713297,1.3673024566843475,55.55555555555556,71.3442424658954,60.166705916046666,
20220222,1386971,365602551,267.0,270.5,260.0,262.0,-11.0,3273,271.3,268.25,267.05,268.29967519154684,267.72033050503796,266.20613964091825,1.514190864119712,1.3966801381714204,47.87234042553191,56.86515389199228,59.066188574695204,
20220223,581242,154455221,266.0,268.5,264.0,265.0,3.0,622,269.5,268.3,266.775,267.19978346103125,267.3018181196475,266.1167959638132,1.1850221558343037,1.354348541703997,44.632768361581924,51.86359096675454,56.66532270538164,
20220224,1958961,502904312,260.0,266.0,253.0,254.5,-10.5,2445,265.9,266.3,266.05,262.9665223073542,265.33230763970175,265.2562925590863,0.07601508061543427,1.0986818494862847,44.134078212290504,36.6165436377003,49.98239634948786,
20220225,1361667,345111265,256.5,258.0,250.5,252.0,-2.5,1249,261.3,264.35,265.275,259.31101487156945,263.28118338743997,264.27434496211697,-0.9931615746770035,0.6803131646536271,46.198830409356724,26.262880943652053,42.07589121420926,
20220301,1816930,478776871,258.5,267.0,255.5,267.0,15.0,1536,260.1,265.45,265.45,261.87400991437966,263.8533090201415,264.47624533529347,-0.6229363151519465,0.4196632686925124,53.2994923857868,37.878957666138405,40.676913364852304,
20220302,1073904,281566037,262.0,265.0,260.0,262.0,-5.0,907,260.1,265.7,265.375,261.9160066095865,263.5681845555044,264.29281975490136,-0.7246351993969711,0.1908035750746157,48.74371859296483,39.4501693082898,40.26799867933147,
20220303,1366992,361632948,263.0,267.0,260.0,267.0,5.0,1147,260.5,265.0,265.425,263.6106710730577,264.09615616234987,264.49335162490866,-0.39719546255878413,0.07320376754793574,46.03174603174603,48.74909246402993,43.09502994089762,
20220304,2343429,600692520,261.0,262.0,253.5,253.5,-13.5,2468,260.3,263.1,264.375,260.2404473820385,262.46597829121913,263.6790292823228,-1.213050991103671,-0.18404718418238564,41.42857142857143,36.754714124956124,40.981591335583786,
20220307,3560112,856777254,247.0,251.0,236.0,237.0,-16.5,3286,257.3,259.3,262.975,252.4936315880257,258.54813547718544,261.70280489103965,-3.154669413854208,-0.7781716301167502,41.0377358490566,25.469326324849977,35.81083633200585,
20220308,4108084,946747374,225.0,239.5,225.0,226.5,-10.5,5375,249.2,254.65,261.375,243.8290877253505,253.61765309607998,259.0951897139256,-5.4775366178456295,-1.718044627662526,35.39823008849558,18.128976170589638,29.916882944867112,
20220309,2830862,648443817,230.0,236.0,225.0,228.0,1.5,4111,242.4,251.25,259.75,238.55272515023367,249.67647569668307,256.7918423277089,-7.1153666310258075,-2.7975090283351824,27.0,14.466936494678805,24.766900794804343,
20220310,2145283,505992032,232.0,240.5,232.0,235.5,7.5,3828,236.1,248.3,258.3,237.5351501001558,247.49547943565491,255.21466882195267,-7.7191893862977565,-3.7818450999276974,32.54716981132076,17.977957663119202,22.503919750909294,
20220311,2450749,572193714,235.5,238.0,231.0,234.5,-1.0,3698,232.3,246.3,256.3,236.52343340010387,245.4961749070926,253.68024890921544,-8.184074002122827,-4.662290880366723,30.622009569377994,19.524987648428674,21.510942383415752,
20220314,1505334,347353152,234.5,238.0,227.0,229.5,-5.0,2454,230.8,244.05,254.2,234.1822889334026,243.03522492138606,251.88911936038465,-8.853894438998594,-5.500611592093097,29.767441860465112,16.588087003714353,19.86999059018195,
20220315,1648933,364358485,228.5,228.5,218.0,219.0,-10.5,2414,229.3,239.25,252.35,229.12152595560175,239.33749801040358,249.45288829665245,-10.115390286248868,-6.423567330924252,29.90654205607477,11.738996777986438,17.159659319450114,
20220316,1957293,428650067,221.5,226.5,214.0,219.5,0.5,2618,227.6,235.0,250.35,225.91435063706786,236.28557523957227,247.23415583023376,-10.948580590661493,-7.3285699828717,28.229665071770327,11.645442296435402,15.32158697844521,
20220317,2718962,636057704,230.5,237.0,230.0,236.5,17.0,3420,227.8,231.95,248.475,229.44290042471192,236.31856366425345,246.43903317614237,-10.120469511888928,-7.886949888675146,41.89189189189189,28.03389846789387,19.55902414159476,
20220318,6251731,1372981498,236.0,236.0,213.5,216.0,-20.5,7018,224.1,228.2,245.65,224.96193361647462,233.19263079282985,244.1842899779096,-10.991659185079754,-8.507891747956068,36.04651162790697,21.775685398349,20.297911227179508,
20220321,3839491,841092684,217.0,222.0,217.0,219.0,3.0,4883,222.0,226.4,242.85,222.9746224109831,231.0091491323945,242.31878701658297,-11.309637884188476,-9.06824097520255,29.48717948717949,21.30724705568946,20.63435650334949,
20220322,3120368,676778838,218.0,224.0,213.5,217.5,-1.5,2673,221.7,225.5,240.075,221.14974827398876,228.9308184966415,240.48035834868793,-11.549539852046422,-9.564500750571325,30.39647577092512,19.14310297539791,20.137271994032297,
20220323,2479002,536716133,217.5,220.0,213.5,216.5,-1.0,2259,221.1,224.35,237.8,219.59983218265918,227.01838488177358,238.70403550804437,-11.685650626270785,-9.988730725711218,26.94063926940639,16.843701303326498,19.039415097130362,
20220324,2436989,525265949,216.5,217.5,213.5,215.5,-1.0,4500,216.9,222.35,235.325,218.23322145510613,225.24632566919303,236.98521806300406,-11.738892393811028,-10.33876305933118,30.412371134020617,13.950222637591814,17.343017610617512,
20220325,4958204,1023462501,214.0,215.0,203.0,203.0,-12.5,5751,214.3,219.2,232.75,213.15548097007076,221.82381402777872,234.46779450278154,-12.64398047500282,-10.79980654246551,31.72043010752688,9.30014842506121,14.662061215432075,
20220328,5314386,1069201080,200.0,205.0,196.0,204.0,1.0,5918,211.3,216.65,230.35,210.1036539800472,219.08168879273583,232.21092083590884,-13.129232043173005,-11.265691642607008,36.52694610778443,12.704163990691212,14.00942880718512,
20220329,2006504,412487137,204.0,207.5,202.5,207.0,3.0,4118,209.2,215.45,227.35,209.0691026533648,217.22296744000724,230.3434452184341,-13.120477778426874,-11.636648869770982,37.647058823529406,17.412532091355118,15.143796568575118,
20220330,6191994,1317366600,209.0,217.0,208.0,215.0,8.0,6104,208.9,215.0,225.0,211.04606843557656,216.8809724492369,229.2068937207723,-12.325921271535407,-11.774503350123867,38.01169590643275,27.44168806090341,19.243093732684546,
20220331,6919965,1545546363,220.5,230.0,218.5,222.5,7.5,6317,210.3,213.6,222.775,214.86404562371771,217.74543822627737,228.7100867784929,-10.964648552215522,-11.612532390542198,43.47826086956522,44.27485086413168,27.587012776500256,
20220401,5838874,1329273258,221.0,231.0,218.0,230.0,7.5,7188,215.7,215.0,221.6,219.90936374914514,219.6307554222347,228.80563590601193,-9.17488048377723,-11.125002009189204,50.26455026455026,61.89751962370683,39.02384839223578,
20220406,6048067,1424982298,230.0,239.0,229.0,238.5,8.5,6666,222.6,216.95,221.675,226.10624249943012,222.53371612650628,229.52373695001106,-6.9900208235047785,-10.29800577205232,60.54054054054054,74.21074951657974,50.752815433683764,
20220407,3800002,883125737,236.0,238.0,229.5,231.0,-7.5,4716,227.4,218.3,221.9,227.7374949996201,223.83622133781301,229.63308976852875,-5.796868430715733,-9.397778303785003,55.77889447236181,76.60561595678959,59.37041560805237,
20220408,3281764,745875769,230.0,233.0,223.5,226.0,-5.0,4948,229.6,219.25,221.8,227.15832999974674,224.16911036276485,229.363972007897,-5.194861645132136,-8.55719497205443,43.99999999999999,74.3262245913481,64.35568526915094,
20220411,4287285,940603100,230.0,233.0,216.5,216.5,-9.5,10701,228.4,219.35,220.85,223.6055533331645,222.9892472300318,228.4110851924972,-5.421837962465418,-7.930123570136629,50.326797385620914,65.44228926244911,64.71788660025032,
20220412,3575831,772041753,214.0,221.5,211.5,215.0,-1.5,4485,225.4,220.55,219.875,220.73703555544301,221.76013227156537,227.41767147453444,-5.657539202969076,-7.475606696703118,47.33333333333333,55.04371795578799,61.49316371876288,
20220413,1863288,411447213,219.5,224.0,216.5,222.0,7.0,5152,222.1,222.35,219.5,221.1580237036287,221.79703499901686,227.01636247642077,-5.219327477403908,-7.024350852843277,52.795031055900616,51.749575411385536,58.2453009496371,
20220414,1603744,361217456,220.5,227.5,219.5,226.0,4.0,2544,221.1,224.25,219.85,222.77201580241913,222.4436449991681,226.94107636705627,-4.4974313678881686,-6.518966955852256,55.68862275449102,52.07547451668126,56.18869213865182,
20220415,1478569,333363085,226.5,228.0,222.5,224.0,-2.0,2056,220.7,225.15,220.075,223.18134386827944,222.68308423006533,226.72321885838542,-4.040134628320089,-6.023200490345823,55.02958579881657,49.86849816263599,54.0819608133132,
20220418,901125,198506879,220.0,224.0,218.0,219.0,-5.0,3974,221.2,224.8,219.2,221.78756257885297,222.11645588697837,226.1511285725791,-4.034672685600725,-5.625494929396804,60.38961038961039,42.33657453266642,50.16683205309761,
20220419,1509858,338465602,219.5,227.5,219.5,221.5,2.5,2406,222.5,223.95,219.475,221.691708385902,222.02161651975092,225.80660053016584,-3.7849840104149166,-5.257392745600427,61.146496815286625,40.80299937397887,47.04555449339136,
20220420,1681664,376453991,221.5,226.0,221.5,223.0,1.5,1898,222.7,222.4,219.675,222.12780559060133,222.17213705517386,225.59870419459799,-3.4265671394241224,-4.8912276243651664,60.38961038961039,45.03145694699366,46.374188644592124,
20220421,1077504,244589261,225.0,230.0,225.0,225.5,2.5,2714,222.6,221.85,220.075,223.25187039373424,222.6841159697625,225.59139277277592,-2.907276803013417,-4.494437460094817,57.34265734265735,51.726397654584915,48.158258314589716,
20220422,1330006,295138793,220.5,225.0,219.0,221.5,-4.0,2882,222.1,221.4,220.325,222.66791359582282,222.50194428210673,225.28832664145918,-2.7863823593524444,-4.152826439946343,49.264705882352935,52.502283121074626,49.60626658341801,
20220425,1682282,356845621,217.0,218.5,209.5,211.0,-10.5,6296,220.5,220.85,220.1,218.7786090638819,220.73241439255185,224.22993207542515,-3.4975176828733083,-4.021764688531736,36.61971830985915,37.440546470960314,45.55102654593211,
20220426,2268587,498902070,214.5,224.0,214.0,221.0,10.0,3549,220.4,221.45,221.0,219.5190727092546,220.77358140908234,223.99067784761587,-3.217096438533531,-3.860831038532095,37.93103448275862,43.659551305843465,44.920534799235895,
20220427,2739781,589032846,210.5,218.5,210.5,215.5,-5.5,6278,218.9,220.8,221.575,218.17938180616974,219.96226119230045,223.3617387477925,-3.399477555492041,-3.7685603419240845,39.00709219858155,38.86246509820458,42.901178232225455,
20220428,1519718,333297021,217.0,222.5,217.0,219.5,4.0,3832,217.7,220.15,222.2,218.61958787077984,219.8911440857927,223.07568402573378,-3.1845399399410894,-3.6517562615274857,45.32374100719424,42.168472667095735,42.65694304384888,
20220429,5540965,1283285165,224.5,238.0,223.0,233.0,13.5,6048,220.0,221.05,223.1,223.4130585805199,221.9078911495169,223.81081854234608,-1.9029273928291843,-3.3019904877878257,61.22448979591837,55.597695228356216,46.97052710535132,
20220503,2845479,658938266,233.5,234.5,228.0,232.5,-0.5,4204,224.3,222.4,223.6,226.44203905367996,223.53744635728353,224.4544616132834,-0.9170152559998712,-2.824995441430235,62.06896551724138,63.96571494755911,52.63558971942058,
20220504,2002977,467838411,235.0,236.0,230.0,234.0,1.5,3872,226.9,223.65,223.8,228.96135936912,225.14706999462453,225.16153853081795,-0.014468536193419368,-2.262890060382872,58.95522388059702,71.29878072527332,58.856653388038154,
20220505,1676258,393586466,238.0,239.5,232.0,232.0,-2.0,2899,230.2,224.55,223.475,229.97423957941334,226.20136691852844,225.66809123223885,0.5332756862895849,-1.7036569110483808,54.61538461538461,72.53252048351554,63.41527575319728,
20220506,2168531,487448498,224.0,227.0,222.0,226.0,-6.0,3552,231.5,224.6,223.225,228.64949305294223,226.170387392601,225.69267706688782,0.4777103257131614,-1.2673834636960724,51.44927536231884,66.68834698901037,64.50629949846831,
20220509,1870870,412309124,218.5,224.0,218.0,218.5,-7.5,2750,228.6,224.3,222.85,225.2663287019615,224.9903277937393,225.15988617304427,-0.16955837930495932,-1.0478184468178497,49.650349650349646,53.65430029152415,60.88896642948692,
20220510,4185494,867528656,211.0,213.0,203.5,207.0,-11.5,12047,223.5,223.9,222.375,219.17755246797435,222.22258505624094,223.81470941948544,-1.5921243632444941,-1.1566796301031788,40.993788819875775,39.01027426842351,53.596069042465786,
20220511,5707473,1235760484,207.0,222.0,207.0,219.0,12.0,6231,220.5,223.7,222.575,219.11836831198292,221.7268027398962,223.45806427730133,-1.731261537405146,-1.2715960115635723,47.80219780219781,40.35870136413419,49.18361314968858,
20220512,3852580,861020574,215.0,228.0,215.0,223.5,4.5,3068,218.8,224.5,222.65,220.57891220798862,221.9996023183737,223.46117062713085,-1.4615683087571654,-1.309590471002291,48.924731182795696,45.42431942794131,47.93051524243948,
20220513,4915914,1137629967,227.5,236.5,221.0,234.5,11.0,4736,220.5,226.0,223.075,225.21927480532577,223.92274042323928,224.27886169178782,-0.35612126854854864,-1.1188966305115426,56.5,58.98658332233124,51.61587126907007,
20220516,2993569,706627717,238.5,239.0,233.5,235.5,1.0,3733,223.9,226.25,223.65,228.64618320355052,225.70385728120246,225.11005712202575,0.593800159176709,-0.7763572725738923,63.53591160220994,68.95401851118379,57.395253683107974,
20220517,3824032,871885245,232.5,234.0,225.0,225.5,-10.0,15308,227.6,225.55,223.975,227.5974554690337,225.67249462255592,225.13894177965346,0.5335528429024521,-0.5143752494786235,52.486187845303874,66.33971604449289,60.37674113690294,
20220518,2180999,500446515,226.5,231.5,226.5,230.0,4.5,2780,229.8,225.15,224.4,228.39830364602247,226.33826468062423,225.4990201663458,0.8392445142784482,-0.24365129672720914,58.100558659217874,69.10910647097647,63.287529581594114,
20220519,2936416,668925993,225.0,234.5,223.0,225.0,-5.0,4538,230.1,224.45,224.5,227.265535764015,226.13237780668206,225.46205570957943,0.6703220971026269,-0.06085661796124194,53.03867403314917,66.26053107454769,64.2785300792453,
20220520,2353774,520783202,226.0,226.5,218.5,218.5,-6.5,4904,226.9,223.7,224.15,224.34369050934333,224.9581658364233,224.94634787924022,0.011817957183069439,-0.046321702932379666,41.31736526946108,58.25819442528531,62.271751527925296,
20220523,2351918,507964686,221.5,221.5,213.0,213.5,-5.0,2163,222.5,223.2,223.75,220.7291270062289,223.19537109235816,224.09847025855575,-0.9030991661975918,-0.2176771955854221,39.20454545454545,45.60962961685687,56.71771089090248,
20220524,2152577,460974645,215.5,217.5,211.0,211.0,-2.5,1683,219.6,223.6,223.75,217.48608467081928,221.3191601550723,223.12821320236642,-1.8090530472941282,-0.5359523659271633,37.07865168539326,30.406419744571245,47.94728050879207,
20220525,2339794,495901454,211.0,215.0,208.0,213.0,2.0,1915,216.2,223.0,223.35,215.99072311387954,220.03928936198426,222.3779751873763,-2.338685825392048,-0.8964990578201403,39.325842696629216,25.647290582402334,40.513950533328824,
20220526,4059739,852149034,214.0,218.0,206.0,206.0,-7.0,3731,212.4,221.25,222.875,212.6604820759197,217.87939869090977,221.16479184016325,-3.28539314925348,-1.3742778761068082,38.888888888888886,17.098193721601554,32.70869826275307,
20220527,2639336,550636178,212.0,212.0,206.5,208.0,2.0,2606,210.3,218.6,222.3,211.10698805061315,216.35949120000058,220.18962207422524,-3.8301308742246647,-1.8654484757303795,43.78698224852071,13.737977100950744,26.38512454215229,
20220530,4023567,880607402,210.0,224.0,210.0,217.5,9.5,3440,211.1,216.8,221.525,213.23799203374213,216.53495409230817,219.9903908094678,-3.4554367171596425,-2.1834461240162324,56.36363636363637,22.608943798294646,25.126397627533073,
20220531,5975104,1362411972,220.0,232.0,218.0,232.0,14.5,4320,215.3,217.45,221.5,219.49199468916143,218.91419192426076,220.87999149024796,-1.9657995659871972,-2.1399168124104255,57.647058823529406,45.481985924009294,31.91159372635848,
20220601,2406371,547877800,228.0,233.0,225.5,225.5,-6.5,5273,217.8,217.0,221.075,221.49466312610764,219.92739316668218,221.22221434282218,-1.2948211761400046,-1.9708976851563416,51.149425287356316,54.3953980234136,39.40619515871018,
20220602,1637406,370431839,224.0,228.5,222.0,226.0,0.5,1757,221.8,217.1,220.775,222.99644208407176,220.861640371808,221.57612439150202,-0.7144840196940265,-1.7196149520638786,44.444444444444436,60.95495670696708,46.58911567479581,
20220606,2228234,488430827,221.0,221.5,215.0,219.5,-6.5,4736,224.1,217.2,220.45,221.83096138938117,220.6521572376837,221.42233739953892,-0.7701801618552224,-1.5297279940221475,40.243902439024396,57.303304471311385,50.16051194030101,
20220607,2686056,594904289,217.0,225.0,216.0,223.5,4.0,4959,225.3,218.2,220.7,222.3873075929208,221.09028689342466,221.5762383329064,-0.48595143948173813,-1.3209726831140658,48.684210526315795,59.80714125247919,53.3760550443604,
20220608,4058341,928037183,228.5,233.0,226.0,228.5,5.0,5022,224.6,219.95,221.775,224.42487172861388,222.2302427559747,222.08910956750591,0.14113318846878542,-1.0285515087974957,49.01960784313726,67.64920527943056,58.13377178938378,
20220609,3989006,925254735,226.5,234.0,226.5,234.0,5.5,2993,226.3,222.05,222.525,227.61658115240928,224.0409746396709,222.97139774769067,1.0695768919802333,-0.6089258286419499,55.84415584415584,78.43280351962036,64.90011569946263,
20220610,5457043,1305436515,231.0,245.0,228.5,242.0,8.0,7143,229.5,225.65,223.45,232.4110541016062,226.80390161818306,224.38092384045433,2.4229777777287325,-0.00254510736781342,64.96815286624204,82.76472615593738,70.85498585162088,
20220613,3574472,850352781,236.0,241.5,235.0,236.0,-6.0,3807,232.8,228.45,223.525,233.6073694010708,228.21868598461643,225.24159614856882,2.977089836047611,0.5933818813152715,64.15094339622641,78.50981743729159,73.40659638017777,
20220614,4152134,991660025,236.5,244.0,235.0,238.0,2.0,6171,235.7,230.5,223.65,235.07157960071387,229.72350352544467,226.1866631005267,3.5368404249179832,1.182073590035814,67.0886075949367,77.89543384708328,74.90287553581294,
20220615,4153147,999124291,240.0,244.0,238.0,240.0,2.0,7501,238.0,231.3,224.375,236.71438640047595,231.30450298306857,227.20987324122842,4.094629741840151,1.7645848203966816,67.0886075949367,79.70806700916663,76.50460602693083,
20220616,6763398,1672909100,245.0,254.0,242.0,242.5,2.5,11566,239.7,233.0,225.0,238.64292426698398,233.02688713951957,228.34247522335966,4.684411916159917,2.3485502395493287,74.49664429530202,76.64298484371791,76.55073229919319,
20220617,4536706,1050392022,238.5,240.0,227.0,227.5,-15.0,8339,236.8,233.15,225.125,234.92861617798934,232.17659681036272,228.28006965125894,3.8965271591037833,2.6581456234602197,61.142857142857146,61.18304252739088,71.42816904192574,
20220620,4548432,1065830436,228.5,238.0,228.0,233.5,6.0,4959,236.3,234.55,225.875,234.45241078532624,232.38019730107615,228.6667311585731,3.7134661425030515,2.869209727268786,59.523809523809526,49.717266446832014,64.19120151022783,
20220621,5479840,1350017374,236.0,252.0,235.5,252.0,18.5,4867,239.1,237.4,227.8,240.3016071902175,235.398628485526,230.39512144312323,5.0035070424027595,3.2960691902955808,61.36363636363637,64.0539352069789,64.14544607581152,
20220622,3593414,886279310,248.0,253.0,240.0,245.0,-7.0,6958,240.1,239.05,229.5,241.86773812681167,236.87576256467582,231.47696429918818,5.398798265487642,3.7166150053339932,61.016949152542374,64.92484569354149,64.40524594838817,
20220623,3698962,897311794,249.0,249.0,238.0,240.0,-5.0,8725,239.6,239.65,230.85,241.2451587512078,237.35641447780262,232.1083002770261,5.248114200776513,4.022914844422497,57.52688172043011,59.33261317841037,62.71436835839556,
20220624,2545073,619163363,244.5,247.5,239.0,242.5,2.5,5754,242.6,239.7,232.675,241.6634391674719,238.14773532737144,232.8780558120612,5.26967951531023,4.272267778600044,62.921348314606746,58.69087792140938,61.37320487940016,
20220627,3101044,767796629,246.0,251.0,243.0,245.5,3.0,6746,245.0,240.65,234.55,242.9422927783146,239.2788529693143,233.8130146407974,5.465838328516895,4.510981888583415,62.5,61.96675812044576,61.57105595974869,
20220628,1776573,432023648,245.5,248.5,239.5,240.5,-5.0,7516,242.7,240.9,235.7,242.12819518554306,239.46672174326594,234.30834688962722,5.158374853638719,4.640460481594476,56.81818181818182,57.97783874696383,60.3733168888204,
20220629,2122750,513999960,238.5,244.5,237.0,243.5,3.0,4384,242.4,241.25,236.275,242.5854634570287,240.0872260904558,234.98921008298817,5.098016007467635,4.731971586769109,55.55555555555556,59.80573865182204,60.18412414315428,
20220630,2885491,690490495,241.0,243.0,235.5,238.5,-5.0,5931,242.1,240.85,236.925,241.22364230468582,239.84303746115492,235.2492685953594,4.593768865795511,4.704331042574389,47.878787878787875,53.87049243454803,58.07958024028552,
20220701,4423118,974305090,234.0,235.5,215.0,215.0,-23.5,10582,236.6,239.6,236.375,232.4824282031239,236.02103169790033,233.74932277348094,2.2717089244193858,4.2178066189433885,39.5,35.91366162303201,50.690940701201015,
20220704,5394485,1103038557,210.5,214.5,199.5,204.0,-11.0,7462,228.3,236.65,235.6,222.9882854687493,231.09471912899258,231.54566923470458,-0.45095010571199623,3.284055274012312,34.40366972477065,26.74617939977835,42.70935360072679,
20220705,6295586,1325036171,208.0,214.0,205.5,213.0,9.0,8065,222.8,232.75,235.075,219.65885697916622,228.31091618607064,230.1719159580598,-1.8609997719891567,2.2550442648120184,38.362068965517246,26.568650344188804,37.3291191818808,
20220706,3847642,811626489,212.0,217.5,207.5,208.0,-5.0,6570,215.7,229.05,234.05,215.77257131944415,225.18615984975207,228.52955181301834,-3.3433919632662707,1.1353570191963605,35.443037974683534,23.21405168576988,32.62409668317716,
20220707,6212862,1358732304,214.0,225.0,213.0,222.0,14.0,6313,212.4,227.25,233.45,217.84838087962945,224.6959814113287,228.04588130835032,-3.349899897021629,0.23830563595276255,47.65957446808511,30.039141253296425,31.76244487321691,
20220708,3807559,879183577,228.5,235.0,227.0,230.0,8.0,9631,215.4,226.0,232.85,221.89892058641965,225.51198427112428,228.19063084106511,-2.678646569940838,-0.34508480522595764,48.53556485355649,40.774393488592175,34.76642774500866,
20220711,2937705,663638629,232.5,234.0,220.5,222.0,-8.0,6891,219.0,223.65,232.15,221.93261372427978,224.97167899864363,227.7320655935788,-2.76038659493517,-0.8281451631678002,36.23853211009175,43.84959565906145,37.794150383026256,
20220712,2898664,612689428,219.0,219.0,208.0,211.5,-10.5,7467,218.7,220.75,230.825,218.45507581618654,222.8991129988523,226.52969036442482,-3.6305773655725204,-1.3886316036487443,35.111111111111114,38.428466071558205,38.00558894587024,
20220713,3954742,905981163,219.0,232.5,219.0,232.5,21.0,3441,223.6,219.65,230.45,223.13671721079103,224.37617253749042,226.97193552261558,-2.5957629851251625,-1.630057879944028,47.081712062256805,56.17453293659435,44.06190360944494,
20220714,8276195,1997565807,226.0,252.5,223.5,249.0,16.5,9150,229.0,220.7,230.775,231.7578114738607,228.16445368556882,228.60364400242185,-0.4391903168530291,-1.3918843673258283,52.280701754385966,68.58176409609435,52.235190438328075,
20220715,10260044,2544386546,243.0,253.0,243.0,247.0,-2.0,9513,232.4,223.9,231.75,236.83854098257382,231.06223004163516,229.9663370392795,1.0958930023556661,-0.8943288933895295,50.53003533568904,74.84398308160675,59.771454652754294,
20220718,8049948,2080161320,249.5,265.0,249.5,265.0,18.0,10216,241.0,230.0,233.325,246.22569398838255,236.28342541984514,232.56142318451805,3.7220022353270963,0.02893733235379568,57.92880258899677,83.22932205440449,67.59074378663769,
20220719,3532925,915124700,260.0,262.0,256.0,260.0,-5.0,4688,250.7,234.7,233.725,250.81712932558838,239.93212920140743,234.59391035603522,5.338218845372211,1.0907936349574787,55.27156549520767,85.89557142808252,73.69235300045263,
20220720,7090284,1807933308,260.5,265.0,251.0,253.5,-6.5,20589,254.9,239.25,234.15,251.71141955039226,242.01949393965245,235.99436144077336,6.025132498879088,2.0776614077418007,54.74683544303798,83.87190141989127,77.08553580693217,
20220721,4057676,1024470560,256.0,259.0,249.0,250.5,-3.0,7157,255.2,242.1,234.675,251.30761303359486,243.32418717970592,237.06885318590125,6.255333993804669,2.9131959249543744,62.909090909090914,80.76840211618482,78.31315791001639,
20220722,3198401,793866077,250.0,253.0,245.5,248.0,-2.5,6649,255.4,243.9,234.95,250.20507535572992,244.0435429982127,237.87856776472339,6.164975233489315,3.5635517866613626,67.05426356589147,77.23741427628696,77.95457669877324,
20220725,2696863,674517868,244.0,252.5,244.0,249.5,1.5,3807,252.3,246.65,235.15,249.9700502371533,244.8829979215646,238.7394145969661,6.143583324598495,4.07955809424879,65.02057613168725,73.59305879288695,76.50073739681113,
20220726,1537076,377426651,247.0,248.5,243.0,245.0,-4.5,3965,249.3,250.0,235.375,248.31336682476888,244.9009982413239,239.20316166385751,5.697836577466376,4.403213790892307,65.28925619834712,66.33111550047884,73.11086343136704,
20220727,1885628,463233599,244.0,247.5,242.5,247.0,2.0,4610,248.0,251.45,235.55,247.87557788317926,245.22392158881252,239.78070524431251,5.4432163445000015,4.611214301613846,61.46788990825688,50.88741033365256,65.70304573212888,
20220728,3403225,849542448,251.0,254.5,244.0,248.0,1.0,6330,247.5,251.35,236.025,247.91705192211953,245.65101057514906,240.38954189288197,5.261468682267093,4.741265177744496,58.82352941176471,42.073088370583186,57.826393278280314,
20220729,3459820,865554389,254.5,257.0,246.0,248.0,0.0,5258,247.5,251.45,237.675,247.94470128141302,246.01239356358766,240.95327953044625,5.059114033141412,4.8048349488238795,63.829787234042556,36.196873728536936,50.61655342836585,
20220801,4546265,1151761388,248.5,257.5,243.5,253.0,5.0,8435,248.2,250.25,240.125,249.62980085427535,247.08740993842034,241.84562919485765,5.2417807435626855,4.892224107771641,73.44632768361582,39.68680470791351,46.973303854881735,
20220802,5610741,1434300009,249.0,258.5,248.5,255.0,2.0,4500,250.2,249.75,242.225,251.4198672361836,248.30473148635568,242.8200270322756,5.484704454080088,5.01072017703333,66.18705035971223,51.71039505780092,48.552334255854795,
20220803,3085816,789173864,257.5,261.5,252.0,253.0,-2.0,2613,251.4,249.7,244.475,251.94657815745575,249.0270804884548,243.57409910395887,5.452981384495928,5.09917241852585,53.63636363636364,52.894649336779565,49.99977261616305,
20220804,4746056,1213339645,253.0,260.5,250.0,253.5,,3727,252.5,250.0,246.05,252.46438543830385,249.71522195176945,244.30935102218413,5.405870929585319,5.160512120737744,56.07476635514018,54.56134517188813,51.52029680140474,
20220805,4175187,1080201009,258.0,262.0,255.0,257.5,4.0,7760,254.4,250.95,247.425,254.1429236255359,250.9128801130357,245.28643613165198,5.626443981383716,5.253698492866938,40.50632911392405,62.01525575561772,55.01861645280907,
20220808,3863909,1014760485,257.5,267.5,256.0,261.5,4.0,8368,256.1,252.15,249.4,256.59528241702395,252.5416677879533,246.48744086264074,6.054226925312548,5.4138041793560605,51.94805194805195,66.67683717041182,58.904690025343314,
20220809,11195096,3087388107,261.5,286.5,259.5,280.0,18.5,10922,261.1,255.65,252.825,264.3968549446827,256.76602658980664,248.96985265059328,7.796173939213361,5.890278131327521,76.23762376237624,72.74579842368539,63.518392824790666,
20220810,7450276,2070642392,277.5,283.0,273.5,280.0,0.0,9482,266.5,258.95,255.2,269.5979032964551,260.3404840375287,251.26838208388267,9.07210195364604,6.526642895791225,81.05263157894737,76.79177259253444,67.94285274737192,
20220811,9148133,2523002412,285.5,287.0,268.0,278.5,-1.5,17253,271.5,262.0,256.675,272.56526886430345,263.13425572406277,253.28553896655802,9.848716757504747,7.19105766813393,82.79569892473118,78.01443843333713,71.30004797602699,
20220812,5690162,1568335890,278.5,278.5,271.5,276.5,-2.0,7336,275.3,264.85,258.15,273.87684590953563,265.19052407420696,255.00512867273892,10.185395401468043,7.789925214800753,78.72340425531914,76.252049864649,72.95071527223432,
20220815,3306971,920134490,277.0,283.0,272.5,279.0,2.5,2862,278.8,267.45,258.85,275.58456393969044,267.3150588320213,256.7825265488323,10.53253228318897,8.338446628478398,87.77777777777779,76.96082603589213,74.28741886012025,
20220816,3576913,999518612,279.0,283.0,275.0,279.5,0.5,3290,278.7,269.9,259.825,276.889709293127,269.18966516555645,258.4653023600299,10.724362805526539,8.815629863888025,87.35632183908046,77.88379393383799,75.4862105513595,
20220817,3922506,1104335951,279.0,285.0,277.0,284.5,5.0,3692,279.6,273.05,261.375,279.42647286208467,271.54510129393236,260.3937984815092,11.151302812423182,9.282764453595057,88.42105263157895,82.651695955892,77.87470568620367,
20220818,3809155,1082990174,280.5,286.5,280.5,285.5,1.0,3381,281.0,276.25,263.125,281.45098190805646,273.69200878717356,262.2535171125085,11.438491674665045,9.713909897809055,88.65979381443299,86.82156074478821,80.85699070573185,
20220819,5618409,1610048470,287.0,295.0,281.5,283.0,-2.5,7197,282.3,278.8,264.875,281.9673212720377,275.1240074353007,263.79029362269307,11.333713812607641,10.037870680768773,82.6086956521739,79.94676819605598,80.55358320250656,
20220822,3675050,1019296097,278.0,281.0,273.0,276.5,-6.5,3554,281.8,280.3,266.225,280.14488084802514,275.3356985991006,264.7317533543454,10.60394524475521,10.15108559356606,71.2871287128713,63.791672624531145,74.96627967651474,
20220823,3065196,845104279,271.0,279.0,270.5,275.5,-1.0,16472,281.0,279.85,267.75,278.59658723201676,275.3609757377005,265.5294012540235,9.831574483677002,10.08718337158825,72.72727272727273,51.78704100894669,67.23986678732538,
20220824,1937917,532685632,276.0,278.5,272.0,273.5,-2.0,2214,278.8,279.2,269.075,276.8977248213445,275.07467177805427,266.1198159759477,8.954855802106579,9.860717857691917,69.6078431372549,38.60632665902568,57.69535341122548,
20220825,3591792,1021774352,276.0,289.0,276.0,287.5,14.0,3417,279.2,280.1,271.05,280.431816547563,276.9862607352767,267.7035333110627,9.282727424213988,9.74511977099633,74.59016393442623,48.86680280669739,54.75250320971611,
20220826,3319066,951491391,288.0,291.0,283.0,285.5,-2.0,3699,279.7,281.0,272.925,282.1212110317087,278.29606677600333,269.02179010283584,9.274276673167492,9.650951151430563,70.33898305084746,52.98603180310438,54.1636794075122,
20220829,1681203,464533313,276.0,280.0,272.0,276.0,-9.5,3948,279.6,280.7,274.075,280.0808073544725,277.94282573354127,269.5386945396628,8.40413119387847,9.401587159920146,46.0,42.8070143993485,50.37812440479097,
20220830,3082298,880692187,276.5,290.0,276.5,286.5,10.5,2831,281.8,281.4,275.65,282.220538236315,279.2593140822272,270.7950875367248,8.464226545502413,9.2141150370366,55.37190082644628,50.30671708255886,50.35432196404693,
20220831,3575786,1009232939,282.0,287.0,278.0,283.5,-3.0,9317,283.8,281.3,277.175,282.6470254908767,279.9117273003461,271.7361921636341,8.175535136712028,9.006399056971686,54.03225806451613,51.22488621830455,50.64451004879947,
20220901,8739850,2318213942,272.5,274.5,256.0,266.0,-17.5,16191,279.5,279.35,277.8,277.0980169939178,277.7714615618313,271.31128904040196,6.460172521429342,8.497153749863218,43.2258064516129,43.67373366934588,48.32091792231493,
20220902,6560706,1715226826,261.0,264.5,257.0,262.0,-4.0,5236,274.8,277.25,278.025,272.0653446626119,275.3450828600111,270.6215639262981,4.723518933712967,7.7424267866331675,39.24050632911393,34.830108160516296,43.82398133504872,
20220905,3528156,933389896,264.0,269.5,261.0,263.5,1.5,3333,272.3,275.95,278.125,269.2102297750746,273.52276242000937,270.09404067249824,3.4287217475111333,6.879685778808761,39.99999999999999,30.362929249868007,39.336963973321815,
20220906,2684486,708704838,266.5,271.0,258.5,262.0,-1.5,3328,267.4,274.6,277.225,266.80681985004975,271.7500297400079,269.49448210416506,2.255547635842845,5.954858150215578,35.294117647058826,25.95623854753105,34.87672216472489,
20220907,3812330,1003930723,259.5,268.0,258.0,264.0,2.0,3957,263.5,273.65,276.425,265.8712132333665,270.5577174723144,269.0874834297825,1.4702340425318994,5.057933328678843,36.12903225806452,24.923206650734983,31.558883660061582,
20220908,4032531,1089023554,268.0,273.0,265.0,270.5,6.5,3579,264.4,271.95,276.025,267.4141421555777,270.5488378611891,269.19211428683565,1.3567235743534525,4.317691377813765,42.331288343558285,30.83115737499979,31.316308231707648,
20220912,5614171,1598583033,280.0,288.5,278.0,284.5,14.0,4593,268.9,271.85,276.425,273.10942810371847,272.6951704979292,270.32603174707003,2.369138750859179,3.927980852422848,54.49438202247191,48.495281387254764,37.04263261689002,
20220913,3019695,849702646,289.0,289.0,278.5,280.0,-4.5,5472,272.2,272.25,276.475,275.406285402479,273.8189904213247,271.0426219880278,2.776368433296909,3.6976583685976605,52.432432432432435,56.57261183392742,43.55262568923581,
20220914,3744141,1063331633,272.5,288.0,272.5,286.5,6.5,4034,277.1,272.25,276.825,279.10419026831937,275.76991497189016,272.1876129518776,3.5823020200125484,3.674587098880638,56.70103092783505,68.52315536403242,51.87613558083468,
20220915,3388726,968929975,286.5,289.5,281.5,284.5,-2.0,3695,281.2,272.35,276.825,280.90279351221295,277.11300497621477,273.0996416221089,4.013363354105877,3.742342349925686,48.23529411764706,73.88723178114981,59.21316764760638,
20220916,3043803,865103771,280.5,286.5,280.5,284.0,-0.5,3056,283.9,274.15,276.75,281.93519567480865,278.17254267218175,273.9070755760267,4.265467096155021,3.846967299171553,49.10179640718563,76.77138203399404,65.06590577640226,
20220919,2217144,622945830,284.5,284.5,276.5,281.0,-3.0,1923,283.2,276.05,276.65,281.6234637832058,278.6075361072307,274.43247738520995,4.175058722020765,3.9125855837413956,53.246753246753244,75.51954569462036,68.55045241580828,
20220920,4021945,1160081149,285.0,291.5,282.0,290.5,9.5,3599,285.3,278.75,277.35,284.5823091888039,280.43714593688753,275.62266424556475,4.814481691322783,4.092964805257673,52.631578947368425,82.68467225412502,73.26185902858052,
20220921,2133592,605875522,288.0,288.5,281.5,282.5,-8.0,3206,284.5,280.8,277.7,283.88820612586926,280.7545081004433,276.13209652367107,4.622411576772208,4.198854159560581,49.382716049382715,77.13569345243555,74.55313716986552,
20220922,3856786,1104131440,278.5,290.0,278.0,287.0,4.5,3006,285.0,283.1,278.375,284.9254707505795,281.7153530080674,276.93712641080657,4.778226597260812,4.314728647100627,65.44117647058823,76.8623921261851,75.32288882197204,
20220923,2883258,817614369,287.0,289.5,278.5,282.5,-4.5,2778,284.7,284.3,278.125,284.1169805003864,281.83606792990315,277.3491911211172,4.486876808785951,4.349158279437692,64.96350364963504,68.78545439991287,73.14374401461899,
20220926,3195953,876435734,279.0,279.0,269.0,274.0,-8.5,4745,283.3,283.25,277.55,280.74465366692425,280.63051901761037,277.1011028899233,3.529416127687057,4.185209849087565,56.953642384105954,53.26437700734931,66.5172883455291,
20220927,2928524,816982774,279.0,283.0,273.5,279.5,5.5,2684,281.1,283.2,277.725,280.32976911128287,280.4565930149011,277.2787989721512,3.1777940427498947,3.9837266878200315,61.0062893081761,51.06514022712176,61.36657230605998,
20220928,4046994,1086262314,284.0,284.0,262.0,262.0,-17.5,11100,277.0,280.75,276.5,274.2198460741886,277.61711716645476,276.14703608532517,1.4700810811295923,3.480997566481944,48.94736842105264,34.04342681808117,52.25885714340038,
20220929,4341832,1182275118,270.0,275.0,269.5,272.0,10.0,4234,274.0,279.5,275.925,273.4798973827924,276.7529452946925,275.8398482271529,0.9130970675395815,2.9674174666934716,50.76142131979695,33.99505290696936,46.17092239792337,
20220930,2759946,743146021,266.0,274.5,262.5,272.5,0.5,4749,272.0,278.35,276.25,273.1532649218616,276.09864601858595,275.5924520621786,0.5061939564073441,2.4751727646362465,42.94117647058823,34.52777538430726,42.28987339338467,
20221003,2437514,650692231,267.0,271.5,263.0,266.5,-6.0,4809,270.5,276.9,276.475,270.93550994790775,274.6219312464958,274.9189370946098,-0.2970058481139972,1.9207370420861978,42.19653179190751,28.375659780014363,37.6518021889279,
20221004,4258755,1197901189,276.0,284.0,276.0,283.0,16.5,3747,271.2,276.15,277.45,274.9570066319385,275.91086490088105,275.51753434686094,0.3933305540201104,1.6152557444729805,48.186528497409334,43.917106520009575,39.74023696595513,
20221005,4901259,1410732173,286.0,291.0,284.0,285.0,2.0,3305,275.8,276.4,278.6,278.30467108795904,277.3091933776686,276.21993921005645,1.0892541676121255,1.5100554291008095,50.25906735751296,55.71485262253512,45.06510885148179,
20221006,2545442,733035504,287.0,290.0,283.5,289.0,4.0,2423,279.2,276.6,279.85,281.86978072530604,279.1077790118734,277.1666103796819,1.9411686321914772,1.5962780697189431,52.50000000000001,68.17771784031076,52.76931184775811,
20221007,4397311,1263337528,287.5,292.0,283.0,286.0,-3.0,7600,281.9,276.95,280.625,283.2465204835374,280.16812070235443,277.8209355367425,2.3471851656119043,1.7464594888975356,52.50000000000001,72.11847856020717,59.21903408524113,
20221011,4186833,1146226171,278.5,283.0,268.0,270.5,-15.5,11990,282.7,276.6,279.925,278.9976803223583,278.6807175173768,277.2786440155023,1.4020735018744972,1.677582291492928,40.56603773584906,57.523430151249215,58.65383277391048,
20221012,4078772,1080251488,271.5,271.5,259.0,266.5,-4.0,10295,279.4,275.3,279.25,274.8317868815722,276.80676097624195,276.4802259402799,0.32653503596202427,1.4073728403867474,42.15686274509804,45.92471100992372,54.410792185914886,
20221013,3001959,774503453,266.5,268.5,252.0,254.5,-12.0,11198,273.3,274.55,277.65,268.0545245877148,273.37495159528163,274.8520610558147,-1.477109460533086,0.8304763802027808,35.159817351598164,32.699807339949146,47.173797237259635,
20221014,4385659,1113267289,261.0,262.5,247.0,247.5,-7.0,4026,265.0,272.1,275.8,261.2030163918099,269.39418981139215,272.8259824590877,-3.431792647695545,-0.02197742537688435,34.375,22.170241930336466,38.839278801618576,
20221017,5540059,1346847072,243.0,250.0,237.5,243.5,-4.0,4423,256.5,269.2,273.775,255.30201092787328,265.4104683019472,270.6536874621182,-5.243219160171009,-1.0662257723357091,35.81395348837208,18.449886057533178,32.04281455359011,
20221018,3034343,754910841,249.0,252.0,245.0,249.0,5.5,2551,252.2,267.45,272.175,253.2013406185822,262.8857808708784,269.0497106130724,-6.163929742194,-2.0857665663073677,35.81395348837208,19.333563182086337,27.80639742975552,
20221019,2658235,648561721,247.0,248.5,241.5,241.5,-7.5,2568,247.2,263.3,269.725,249.30089374572148,259.5956607368971,267.00899130840037,-7.413330571503252,-3.151279367346545,39.48717948717949,15.335525301819025,23.649440053776686,
20221020,5232304,1215364036,234.0,235.5,229.0,233.0,-8.5,3605,242.9,258.1,267.25,243.86726249714766,255.50402062352833,264.4898067670374,-8.985786143509074,-4.318180722579051,29.6875,12.340085650948133,19.879655252833835,
20221021,5845609,1332705957,227.5,232.5,225.0,225.0,-8.0,4640,238.4,251.7,264.15,237.57817499809846,250.81109437375474,261.564635895405,-10.753541521650249,-5.605252882393291,27.05314009661835,8.226723767298754,15.995344757655474,
20221024,3313297,754242032,230.0,231.5,224.0,225.5,0.5,3431,234.8,245.65,261.3,233.55211666539898,246.91707985471555,258.89318138463426,-11.976101529918708,-6.879422611898375,29.08163265306122,6.537114090479871,12.842601201930272,
20221025,3528295,782748230,222.5,225.0,218.0,221.0,-4.5,2710,229.2,240.7,258.65,229.36807777693267,242.92983680014393,256.08627905984656,-13.15644225970263,-8.134826541459226,13.95348837209302,6.338274080121893,10.674492161327478,
20221026,8487090,1801472052,220.0,220.0,207.0,215.5,-5.5,6000,224.0,235.6,255.45,224.7453851846218,238.7098619078141,253.07988801837644,-14.37002611056235,-9.381866455279852,11.1731843575419,9.3306211585197,10.226535160391553,
20221027,10857129,2506121078,228.0,236.5,223.0,233.0,17.5,7245,224.0,233.45,254.0,227.49692345641455,237.83142161430422,251.5924889059041,-13.761067291599886,-10.257706622543859,22.815533980582515,25.479673364939053,15.310914561907385,
20221028,3929369,929629713,231.0,239.5,231.0,237.0,4.0,3762,226.4,232.4,252.25,230.66461563760973,237.70351059671896,250.51156380176306,-12.808053205044104,-10.767775939043908,26.442307692307693,39.208671132181586,23.27683341866545,
20221031,3871492,939871843,240.5,245.5,239.5,243.0,6.0,3839,229.9,232.35,250.775,234.77641042507318,238.51835512030067,249.95515166829912,-11.436796547998455,-10.901580060834817,35.449735449735456,55.05477673872346,33.86948119201812,
20221101,1994618,485544870,240.5,248.0,240.0,244.0,1.0,2735,234.5,231.85,249.65,237.85094028338213,239.3616851017929,249.5140293224992,-10.152344220706311,-10.751732892809116,37.70491803278689,66.78448530549043,44.84114922984222,
20221102,1650230,399280894,244.0,245.5,239.0,242.5,-1.5,2230,239.9,231.95,247.625,239.4006268555881,239.84450277844013,248.99447159490666,-9.149968816466526,-10.431380077540599,42.592592592592595,73.38477882154646,54.35569242707697,
20221103,2184500,536348258,238.5,249.0,237.0,247.5,5.0,1853,242.8,233.4,245.75,242.1004179037254,241.02227158175702,248.88376999528393,-7.861498413526903,-9.91740374473786,50.0,81.06604302388811,63.25914262601401,
20221104,1831764,454204271,244.0,252.0,243.5,250.0,2.5,1807,245.4,235.9,243.8,244.73361193581695,242.40346056917903,248.96645369933697,-6.562993130157935,-9.246521621821875,54.193548387096776,85.89588053444392,70.80472192882397,
20221107,2954150,734507468,249.0,251.5,245.0,249.5,-0.5,3187,246.7,238.3,241.975,246.3224079572113,243.4952358662284,249.00597564753423,-5.51073978130583,-8.499365253718667,50.3448275862069,88.74540183777742,76.78494856514178,
20221108,1937133,487672162,252.0,255.0,248.0,249.0,-0.5,2044,247.7,241.1,240.9,247.2149386381409,244.3421226560394,249.00553300697612,-4.663410350936715,-7.7321742731622765,55.72519083969466,86.24693455851828,79.93894389626726,
20221109,2091478,531028828,253.0,256.0,251.5,254.0,5.0,2590,250.0,244.95,240.275,249.4766257587606,245.82794993972564,249.37549352497788,-3.5475435852522423,-6.89524813558027,66.93548387096774,88.16462303901218,82.6808369438489,
20221110,4180064,1022134290,250.0,251.0,239.5,245.0,-9.0,8112,249.5,246.15,239.8,247.98441717250708,245.7005730259217,249.05138289349804,-3.350809867576345,-6.186360481979485,65.87301587301587,72.8115030786397,79.39105898877916,
20221111,4114597,1069567698,260.0,263.0,255.0,261.5,16.5,3404,251.8,248.6,240.5,252.48961144833805,248.13125409885683,249.97350267916485,-1.8422485803080235,-5.3175381016451935,72.78481012658227,79.95125846268287,79.57779214674706,
20221114,3280683,838414668,262.5,262.5,253.0,254.0,-7.5,3623,252.7,249.7,241.025,252.99307429889205,249.0341380836481,250.27176173996745,-1.2376236563193572,-4.501555212580026,70.1219512195122,75.0957107699937,78.0837650211626,
20221115,2154046,550128779,256.5,258.0,252.0,256.5,2.5,1827,254.2,250.95,241.4,254.16204953259472,250.1827322246253,250.7331127221921,-0.5503804975667776,-3.7113202695773766,75.94936708860759,75.06380717999579,77.07711240744032,
20221116,2698844,701245514,259.5,262.5,255.5,261.0,4.5,2421,255.6,252.8,242.375,256.44136635506317,251.84692726699063,251.4936228909186,0.3533043760720318,-2.898395340447495,71.21212121212122,80.5389920207064,78.23107227852901,
20221117,1974977,516726666,264.0,266.0,258.5,259.0,-2.0,1730,258.4,253.95,243.675,257.2942442367088,252.94739999514593,252.04965082492464,0.8977491702212888,-2.139166438313738,67.1875,78.22096323393005,78.22770259699602,
20221118,2134312,555902810,261.0,263.5,257.0,259.5,0.5,1736,258.0,254.9,245.4,258.02949615780585,253.95549230358503,252.60152854159688,1.3539637619881546,-1.4405403982533596,64.1025641025641,77.30454152702255,77.91998224033819,
20221121,2278187,585235705,255.5,260.5,252.5,256.5,-3.0,1903,258.5,255.6,246.95,257.5196641052039,254.3469550261104,252.8903042051823,1.456650820928104,-0.861102154417067,60.3305785123967,72.92000881675716,76.25332443247784,
20221122,2026408,525205629,256.5,263.0,254.0,260.5,4.0,1554,259.3,256.75,248.925,258.5131094034693,255.29357732978573,253.4539853751688,1.8395919546169353,-0.3209633326102665,64.28571428571428,75.02843355079408,75.84502747191658,
20221123,1062945,279072258,262.0,264.5,261.0,262.5,2.0,931,259.6,257.6,251.275,259.84207293564623,256.4022577405879,254.1240605325637,2.27819720802421,0.19886877551662877,62.5,75.01895570052938,75.56967021478751,
20221124,2405403,644534454,266.0,271.0,263.5,269.0,6.5,2062,261.6,260.0,253.075,262.89471529043084,258.34037193434364,255.225981974596,3.1143899597476263,0.7819730123628283,64.84375,79.83719853719502,76.99217965559001,
20221125,1354878,362703538,271.0,272.0,264.5,265.5,-3.5,1189,262.8,260.4,254.5,263.7631435269539,259.44185317521385,255.98702034684817,3.4548328283656815,1.3165449755633991,61.940298507462686,75.72479902479668,76.56971944532556,
20221128,1013882,269428648,260.5,269.0,260.5,266.5,1.0,994,264.8,261.65,255.675,264.6754290179693,260.52772191748863,256.76575958041497,3.761962337073669,1.8056284478654532,62.96296296296296,74.41482328148838,75.85142072404649,
20221129,974109,260686453,268.5,270.0,266.0,268.0,1.5,944,266.3,262.8,256.875,265.7836193453129,261.6773031609519,257.59792553742125,4.079377623530661,2.2603782829984946,60.93749999999999,76.10560868338541,75.93615004382613,
20221130,2871065,779156178,272.0,274.5,269.0,271.5,3.5,1763,268.1,263.85,258.325,267.68907956354195,263.1884872900362,258.6277088309456,4.5607784590906135,2.7204583182169184,72.64957264957265,79.52495124346906,77.13241711037377,
20221201,2502952,687464371,279.0,279.5,271.5,272.0,0.5,2087,268.7,265.15,259.55,269.1260530423613,264.54410463003063,259.61824891754225,4.925855712488385,3.1615377970712117,62.35294117647059,77.09070823638677,77.1185141523781,
20221202,6467526,1684786146,269.5,270.5,255.5,259.0,-13.0,5361,267.4,265.1,260.0,265.7507020282409,263.69116545617976,259.572452701428,4.118712754751755,3.3529727886073206,55.208333333333336,57.92975320334281,70.72226050269967,
20221205,4860747,1251734853,259.5,261.0,254.5,258.0,-1.0,3188,265.7,265.25,260.425,263.1671346854939,262.8156015398444,259.45597472354444,3.359626816299965,3.3543035941458497,51.61290322580645,43.28650213556187,61.57700771365373,
20221206,3395089,883712210,258.5,262.5,255.5,260.0,2.0,2353,264.1,265.2,260.975,262.11142312366263,262.382432072176,259.4962728921708,2.8861591800052224,3.2606747113177246,48.86363636363637,36.19100142370791,53.11500561700512,
20221207,3796779,956100554,259.0,259.0,248.0,248.5,-11.5,3304,259.5,263.8,260.7,257.57428208244175,260.24667329184126,258.6817341594174,1.5649391324238877,2.9215275955389575,40.18691588785047,24.656434811572467,43.62881534852757,
20221208,2286250,567319371,252.0,252.0,245.0,248.5,0.0,1901,254.8,261.75,260.875,254.54952138829452,258.4394927854041,257.92753162909014,0.511961156313987,2.4396143076939634,39.62264150943396,19.819265719792273,35.6922988056158,
20221209,3077518,764583343,253.5,253.5,244.0,250.5,2.0,3110,253.1,260.25,260.325,253.1996809255297,257.2180323568804,257.3773441010094,-0.15931174412895643,1.9198290973293795,44.23076923076923,19.316130198171372,30.233575936467656,
20221212,1829977,454874170,248.5,251.0,246.0,249.0,-1.5,1431,251.3,258.5,260.075,251.79978728368647,255.9537196865911,256.7568000935272,-0.8030804069360897,1.3752471964762858,38.383838383838395,17.57225581286542,26.01313589526691,
20221213,2110720,529298302,252.5,254.5,247.0,248.0,-1.0,1626,248.9,256.5,259.65,250.53319152245766,254.73007050403862,256.10814823474743,-1.3780777307088101,0.8245822110392667,35.05154639175257,15.470705753177885,22.498992514570567,
20221214,2428032,620387020,251.0,258.0,249.5,258.0,10.0,2075,250.8,255.15,259.5,253.02212768163847,255.23313658034039,256.2482854025439,-1.015148822203514,0.4566360043907105,39.42307692307692,27.92386672853368,24.307283919224936,
20221215,2074456,541170438,258.0,263.0,256.5,262.5,4.5,2027,253.6,254.2,259.675,256.1814184544257,256.35111556798034,256.71137537272585,-0.36025980474551034,0.29325684256346635,47.16981132075472,51.07205150323298,33.22887311389428,
20221216,2190528,560462868,256.5,260.0,254.0,255.0,-7.5,1589,254.5,253.8,259.45,255.78761230295046,256.1432516344449,256.584606826598,-0.44135519215313934,0.14633443562014523,40.33613445378151,53.34627994952374,39.93467539243743,
20221219,790355,201391576,251.5,257.0,251.0,256.0,1.0,738,255.9,253.6,259.425,255.858408201967,256.1212129214534,256.54130261722037,-0.42008969576698973,0.03304960934271824,39.83050847457627,56.61681821196319,45.49538966561268,
20221220,1745165,437051757,254.0,257.5,245.5,245.5,-10.5,1674,255.4,252.15,258.675,252.405605467978,254.4871801643067,255.72342834927812,-1.23624818497143,-0.2208099495201114,30.30303030303031,40.37612442201054,43.788967917745296,
20221221,1873281,473144725,249.5,255.0,249.0,253.0,7.5,1525,254.4,252.6,258.2,252.60373697865202,254.25838321595182,255.52169291599827,-1.2633097000464488,-0.4293098996253789,36.986301369863014,42.706889965550886,43.428275267013824,
20221222,1165955,297361192,256.0,257.5,253.0,254.0,1.0,1106,252.7,253.15,257.45,253.06915798576802,254.21863195195922,255.4089749222206,-1.1903429702613835,-0.5815165137525798,45.9016393442623,44.661736167510114,43.83942890051259,
20221223,4084703,976758271,247.0,248.5,233.0,237.5,-16.5,4063,249.2,251.85,256.05,247.8794386571787,251.6465347285809,254.0823841872413,-2.435849458660414,-0.9523831027341467,36.60130718954248,34.77449077834007,40.817782859788416,
20221226,2276657,535908629,235.0,239.0,232.0,236.5,-1.0,2185,245.3,250.6,254.55,244.08629243811913,249.3162986164915,252.77998535855676,-3.4636867420652493,-1.4546438306003673,34.437086092715234,28.02170352964607,36.5524230830743,
20221227,1486730,355430962,239.0,240.5,237.5,238.0,1.5,1400,243.8,249.6,253.05,242.05752829207944,247.57532959856974,251.6851716282933,-4.109842029723552,-1.9856834704250044,41.984732824427475,25.132748589656522,32.74586491860171,
20221228,1756108,412880513,238.0,240.0,232.5,233.5,-4.5,1512,239.9,247.15,251.15,239.2050188613863,245.40989427571284,250.33812187804935,-4.928227602336506,-2.5741922968073045,39.285714285714285,18.540880012151966,28.010869949785125,
20221229,1327742,308130836,230.0,234.0,230.0,232.5,-1.0,1372,235.6,244.15,249.175,236.97001257425754,243.42375669483394,249.01677951671235,-5.593022821878407,-3.1779584018215252,36.95652173913044,15.390889705071007,23.804209868213754,
20221230,951849,225426190,235.5,239.0,234.5,234.5,2.0,1124,235.0,242.1,247.95,236.14667504950503,242.05087104947486,247.9414625154744,-5.890591465999535,-3.7204850146571276,39.568345323741006,15.715138591259457,21.10785277589565,
20230103,1553903,374326358,238.0,243.0,237.5,242.0,7.5,1622,236.1,240.7,247.15,238.0977833663367,242.04304473417105,247.5013541809948,-5.458309446823762,-4.068049901090455,46.05263157894737,25.02221360629418,22.412639719361827,
20230104,1982277,483266669,243.5,246.5,241.0,244.5,2.5,2693,237.4,240.6,246.375,240.2318555775578,242.4210378519909,247.27903164906928,-4.857993797078393,-4.226038680288043,40.14598540145986,34.257233313287024,26.36083758400356,
20230105,2398785,593042923,247.0,249.0,243.5,248.5,4.0,2174,240.4,240.15,246.375,242.98790371837188,243.35626279783844,247.36947374913822,-4.013210951299783,-4.183473134490391,39.70588235294118,55.294295893068536,36.00532368702522,
20230106,4782624,1215173269,250.0,257.5,248.5,255.5,7.0,4796,245.0,240.3,246.725,247.1586024789146,245.22453005970945,247.97173495290576,-2.7472048931963116,-3.896219486231575,50.370370370370374,67.77195483780326,46.59420073728457,
20230109,6112690,1508430168,253.0,254.0,243.0,248.0,-7.5,7274,247.7,241.35,246.6,247.4390683192764,245.65152543513875,247.97382866009792,-2.322303224959171,-3.581436233977094,44.5945945945946,66.99948504338398,53.39596217265104,
20230110,4213122,1070979110,249.5,258.5,249.0,253.0,5.0,3484,249.9,243.0,246.8,249.29271221285094,246.78205998357893,248.34613764823882,-1.5640776646598908,-3.1779645201136537,55.47445255474454,71.56690815757761,59.452944167626555,0.29524815265411475
20230111,2235529,566912942,254.0,257.0,251.5,253.5,0.5,1709,251.7,244.55,247.075,250.69514147523398,247.81558921687449,248.72790522985076,-0.9123160129762766,-2.7248348186861784,50.40650406504066,75.19665222201081,64.70084685242131,0.29612948328113536
20230112,2098490,533231146,254.0,256.0,251.5,253.0,-0.5,1731,252.6,246.5,246.825,251.463427650156,248.61319087581688,249.04435669430626,-0.43116581848937585,-2.266101018646818,49.18032786885246,75.82554592578498,68.40907987687586,0.26912525777137036
20230113,2790485,687422468,256.0,256.0,243.0,243.0,-10.0,2561,250.1,247.55,245.85,248.64228510010403,247.74962304876814,248.5966265688021,-0.847003520033951,-1.9822815189242444,55.04587155963303,59.280522680682054,65.3662274781446,0.3524815532860203
20230116,2014284,496966549,246.0,248.0,244.0,247.5,4.5,1474,250.0,248.85,245.475,248.26152340006936,247.71121950280383,248.51539497111304,-0.8041754683092108,-1.7466603088012378,59.48275862068966,51.90130083474041,60.87791859700987,0.358412797852886
20230117,1772928,445117907,247.0,253.0,247.0,252.5,5.0,1556,249.9,249.9,245.3,249.67434893337958,248.44795496391092,248.81055089917874,-0.3625959352678194,-1.4698474340945542,61.78861788617886,55.03097475004199,58.92893731468724,0.3411070960334219
20230130,5448701,1387080939,262.0,262.0,250.5,251.5,-1.0,3658,249.5,250.6,245.6,250.28289928891974,248.91750035407847,249.00976935109142,-0.0922689970129511,-1.1943317466782337,65.51724137931035,51.59959720178237,56.48582394371894,0.34150720834762927
20230131,5733009,1422873035,252.0,257.5,243.0,243.5,-8.0,3980,247.6,250.1,245.125,248.02193285927984,248.08403876114332,248.6016382880476,-0.5175995269042915,-1.0589853027234453,58.46153846153846,35.27692445031105,49.41619077924964,0.3705284509236818
20230201,4523130,1119193730,248.5,251.5,245.0,247.5,4.0,3398,248.5,249.3,244.8,247.8479552395199,247.99418664404436,248.52003545189592,-0.5258488078515597,-0.9523580037490682,59.701492537313435,31.412686475645963,43.415022678048416,0.35074983845598995
20230202,5289118,1339791966,252.5,257.0,250.0,255.5,8.0,3761,250.1,250.05,245.7,250.3986368263466,249.14892716034524,249.0370698628666,0.11185729747865025,-0.7395149435035245,60.0,42.87161554516749,43.233886967088104,0.35562884670734396
20230203,2267372,579324008,257.5,258.0,251.5,256.5,1.0,1926,250.9,250.4,246.7,252.43242455089776,250.27986144336904,249.58987950265424,0.6899819407148016,-0.45361556665985936,59.09090909090909,52.265287556427445,46.24435383020121,0.3443503350588769
20230206,1762621,453906454,256.5,259.5,253.5,257.5,1.0,1651,252.1,250.8,247.675,254.12161636726518,251.39065199054303,250.1758143543095,1.2148376362335398,-0.11992492608117954,57.142857142857146,60.28212152884636,50.92360972974959,0.3445554779713072
20230207,7520697,2011402791,260.0,273.5,259.0,273.0,15.5,6155,258.0,252.8,249.65,260.4144109115101,254.71516706892103,251.8664947725088,2.8486722964122464,0.47379451841750564,62.23776223776223,72.97496626513254,58.27406190821057,0.4367497110922942
20230208,4881504,1336629045,275.5,277.5,270.5,274.0,1.0,3030,263.3,255.9,251.725,264.94294060767345,257.68206444293315,253.50601367824888,4.176050764684277,1.21424576767086,70.0,78.6016683313444,65.04993071592185,0.35827626562680465
20230209,2667414,729338766,274.5,275.5,270.5,274.0,0.0,2241,267.0,258.55,253.7,267.96196040511563,260.1925160670973,255.02408673911933,5.168429327977975,2.005082479732283,67.5,82.3528030421523,70.81755482466534,0.3607388738226857
20230210,3859262,1050161193,275.0,275.5,267.5,273.5,-0.5,4470,270.4,260.65,255.275,269.80797360341046,262.23982128754386,256.392672906592,5.8471483809518645,2.7734956599761995,66.66666666666666,84.37046772858463,75.33519245930509,0.36072866348454186
20230213,1685637,456430456,272.5,273.0,268.5,271.0,-2.5,2398,273.1,262.6,256.6,270.205315735607,263.5875410894602,257.4746971357333,6.112843953726895,3.441365318726339,64.51612903225806,82.91364515238975,77.86134335699997,0.36590217615033993
20230214,2715519,747785209,275.0,277.0,272.0,277.0,6.0,2868,273.9,265.95,258.025,272.47021049040467,265.65099630646637,258.92101586641974,6.729980440046631,4.099088342990398,79.3103448275862,88.00303616219922,81.24190762539972,0.30301456989026826
20230215,2873254,791745475,274.5,279.5,273.5,274.5,-2.5,3643,274.0,268.65,258.975,273.14680699360315,267.0123814900869,260.0750146911294,6.937366798957498,4.666744034183818,74.10714285714286,86.04964315575185,82.84448613551709,0.3194583333084343
20230216,3174150,891989054,279.0,285.0,276.0,283.5,9.0,2573,275.9,271.45,260.75,276.59787132906877,269.5489381839197,261.8101987880828,7.7387393958368875,5.281143106514432,75.83333333333333,89.11246051653296,84.93381092918904,0.3202246362412266
20230217,5392072,1537964961,281.5,290.0,280.5,283.0,-0.5,4977,277.8,274.1,262.25,278.7319142193792,271.61833230947053,263.37981369266925,8.238518616801286,5.8726182085718035,76.47058823529412,85.2147586239252,85.02746016076776,0.32423638069862315
20230220,3056729,846126147,283.0,283.0,274.0,276.5,-6.5,6938,278.9,276.0,263.4,277.98794281291947,272.3693581080135,264.3516793450641,8.017678762949402,6.301630319447323,78.44827586206897,70.14317241595013,80.06603091249522,0.36047368909477184
20230221,1585247,437101705,276.5,278.5,274.0,276.5,0.0,1469,278.8,276.35,264.575,277.4919618752797,273.00484147601145,265.25155494913344,7.753286526878014,6.591961560933462,76.85185185185185,60.09544827730008,73.40917003409683,0.23707523582503684
20230222,3168127,863522082,272.0,276.0,268.0,276.0,-0.5,2438,279.1,276.55,266.225,276.9946412501865,273.4656350950866,266.04773606401244,7.417899031074171,6.757149054961604,72.04301075268816,52.656224777459315,66.49152161521765,0.2371202105154782
20230223,3418993,954831021,275.0,284.5,274.5,283.5,7.5,2644,279.1,277.5,268.025,279.163094166791,275.0093835419964,267.3404963555671,7.668887186429288,6.939496681255141,75.47169811320754,58.588998336488025,63.85734718897444,0.26748197438307597
20230224,3225453,917868415,284.0,288.0,279.5,283.0,-0.5,2418,279.1,278.45,269.55,280.44206277786066,276.23870915092004,268.50045958848807,7.7382495624319745,7.099247257490508,74.28571428571428,61.786604951598065,63.16709977651564,0.2674519195326029
20230301,3386898,962445139,272.0,290.0,272.0,287.5,4.5,5040,281.3,280.1,271.35,282.79470851857377,277.9712154353939,269.90783295230375,8.063382483090152,7.2920743026104375,67.46987951807229,70.7365245131866,65.69024135540596,0.26422027356653743
20230302,2141201,610972027,288.0,291.5,283.0,284.5,-3.0,1822,282.9,280.85,273.4,283.36313901238253,278.9756438299487,270.9887342150961,7.986909614852607,7.431041365058872,62.06896551724138,70.56193832794,67.31414034625064,0.25981708277064697
20230303,2493246,714688196,290.0,290.0,284.0,285.5,1.0,1722,284.8,281.95,275.3,284.075426008255,279.9793909330335,272.0636427917556,7.915748141277902,7.527982720302679,62.921348314606746,71.86398725408765,68.83075598219631,0.2522937238425613
20230306,6397552,1937584848,292.0,309.0,290.5,305.5,20.0,5295,289.2,284.15,277.8,291.21695067217,283.9056384817976,274.54040999236634,9.365228489431274,7.895431874128398,75.0,78.39712971410721,72.01954722616661,0.37784192514228926
20230307,7040317,2167857001,311.0,317.5,301.5,303.5,-2.0,9862,293.3,286.2,280.15,295.31130044811334,286.92015563844416,276.68556480774663,10.234590830697528,8.363263665442224,75.59055118110236,76.17047704846203,73.40319050026508,0.38147631039990193
20230308,3224573,962774271,301.0,302.0,295.0,300.0,-3.5,2934,295.8,288.55,282.275,296.87420029874227,288.93243938637585,278.41256000717283,10.519879379203019,8.794586808194383,68.85245901639344,72.32913958112957,73.0451735272199,0.361753755588159
20230309,3388187,1031750232,303.0,306.5,302.5,305.5,5.5,2862,300.0,291.45,283.9,299.7494668658282,291.48129486539494,280.41903704367854,11.0622578217164,9.248121010898787,74.21875,72.76155092954426,72.95063266132802,0.3617766883419994
20230310,3807692,1143849773,299.5,308.0,297.0,298.0,-7.5,6533,302.5,293.65,285.1,299.1663112438855,292.4841725784111,281.72133059599867,10.762841982412453,9.551065205201521,61.6,67.55531966731522,71.15219499665707,0.39574719592102986
20230313,3312144,982718066,296.0,301.0,291.5,300.5,2.5,3472,301.5,295.35,286.425,299.61087416259033,293.7173767971171,283.11234314444323,10.605033652673853,9.761858894695989,63.565891472868216,65.91600065733101,69.40679688354838,0.38279958262813457
20230314,4698545,1369375925,292.0,295.0,289.5,290.5,-10.0,5506,298.9,296.1,287.275,296.5739161083936,293.22239575140674,283.6595769855956,9.56281876581113,9.722050868919018,60.29411764705882,51.19037724981487,63.33465700563721,0.42678329156315326
20230315,5453737,1655208602,295.0,309.0,294.5,302.0,11.5,4714,299.3,297.55,288.825,298.3826107389291,294.57279640503646,285.01812683851443,9.554669566522023,9.68857460843962,66.03773584905662,52.03736592773728,59.5688933130039,0.45768787133638844
20230316,5074202,1501083435,302.0,304.5,292.0,295.5,-6.5,10709,297.3,298.65,289.75,297.4217404926194,294.7154431119539,285.79456188751334,8.920881224440564,9.53503593163981,61.40350877192982,41.83443442801533,53.6574070180077,0.47022337191177693
20230317,4490528,1333152049,300.5,301.0,292.5,294.5,-1.0,3634,296.6,299.55,290.75,296.4478269950796,294.68229801780717,286.43940915510495,8.242888862702216,9.276606517852292,56.9620253164557,33.84200390439117,47.05227264680219,0.47147470257593643
20230320,2208032,648303022,297.5,298.0,291.5,294.5,0.0,2218,295.4,298.45,291.3,295.7985513300531,294.6542521689138,287.03648995843054,7.617762210483249,8.944837656378484,57.324840764331206,31.108344483269324,41.73762992562456,0.32527186258882496
20230321,5750770,1747562477,297.0,308.0,297.0,304.5,10.0,4522,298.2,298.55,292.375,298.6990342200354,296.1689826044655,288.33008329484306,7.838899309622434,8.723649987027274,60.11904761904762,46.37992196320519,43.2850606048181,0.36901885469474743
20230322,4783968,1479972182,306.5,312.5,304.0,309.5,5.0,5426,299.7,299.5,294.025,302.2993561466903,298.21990835762466,289.8982252730028,8.321683084621839,8.643256606546187,64.53488372093024,59.905455221846935,48.82519214382771,0.37019894214487065
20230323,2077377,647032711,309.0,313.5,308.0,313.0,3.5,2559,303.2,300.25,295.85,305.8662374311269,300.49376861029776,291.609467845373,8.884300764924774,8.691465438221904,65.53672316384181,72.57585903678684,56.74208110814742,0.36453185226941653
20230324,3472759,1093820783,315.0,319.0,310.0,315.5,2.5,4409,307.4,302.0,297.825,309.0774916207513,302.80241959332886,293.37913689386386,9.423282699465005,8.837828890470524,57.04225352112677,77.76243709797089,63.74886643808857,0.3349403549500941
20230327,3218064,989132538,317.0,317.0,304.0,305.0,-10.5,10086,309.5,302.45,298.9,307.71832774716756,303.1405088866629,294.23994156839245,8.900567318270419,8.850376576030504,50.94339622641509,68.20526109561695,65.23433132393136,0.3833342393271747
20230328,5492473,1677047901,308.0,312.0,301.5,305.5,0.5,2781,309.7,303.95,300.025,306.9788851647784,303.50350751948395,295.07401997073373,8.429487548750217,8.766198770574446,53.594771241830074,62.4398710334416,64.30284456043476,0.3351375521324507
20230329,1846556,566104045,310.0,311.0,303.5,307.0,1.5,1649,309.2,304.45,301.0,306.9859234431856,304.04142943956333,295.9574258988275,8.084003540735807,8.62975972460672,51.03448275862069,60.41445947683985,63.00671619923646,0.2839838715146608
20230330,4011015,1246001849,308.5,313.0,307.0,312.0,5.0,2399,309.0,306.1,302.375,308.6572822954571,305.2658249103997,297.1457647211366,8.120060189263143,8.527819817538004,60.0,65.12479116637807,63.71274118828366,0.2617895071552485
20230331,5404522,1710146582,312.0,319.0,311.0,319.0,7.0,2848,309.7,308.55,304.05,312.1048548636381,307.37877492418437,298.76459696401537,8.614177960169002,8.545091446064205,62.41610738255034,76.74986077758538,68.0584477180509,0.2683230219928735
20230406,7459507,2357835339,317.0,323.5,305.5,316.5,-2.5,5491,312.0,310.75,304.6,313.5699032424254,308.7820403204637,300.07833052223646,8.703709798227237,8.576815116496812,69.40298507462687,73.8938465789963,70.00358067169937,0.27671293003257336
20230407,3932799,1226553244,321.5,323.5,306.5,309.0,-7.5,3666,312.7,311.2,304.875,312.046602161617,308.8155725788539,300.7391949279967,8.076377650857182,8.476727623368886,55.55555555555556,60.626200749633895,66.87778736434421,0.27477635973255815
20230410,3302303,1012150301,307.5,309.0,303.5,308.5,-0.5,2469,313.0,311.1,305.3,310.86440144107803,308.76702295133794,301.31406937777473,7.452953573563207,8.27197281340775,61.40350877192982,51.023527772483206,61.59303416705721,0.26343759726013727
20230411,4100394,1274232295,309.5,313.5,307.5,311.5,3.0,2680,312.9,310.95,305.6,311.0762676273854,309.1874809588244,302.06858275719884,7.118898201625541,8.041357891051309,64.40677966101694,49.16720033317062,57.45108955576168,0.2618035301583805
20230412,3304963,1032103050,314.0,314.0,309.5,313.0,1.5,2645,311.7,310.7,306.35,311.7175117515903,309.7740223497745,302.87831736777673,6.895704981997767,7.812227309240601,65.28925619834712,50.2023759796895,55.034851697070955,0.25966591667713257
20230413,4536562,1384758175,315.5,316.5,301.5,302.5,-10.5,3778,308.9,310.45,306.45,308.64500783439354,308.6549419882707,302.8502938590525,5.804648129218208,7.410711473236123,48.36065573770492,34.98340216827785,48.35103518747325,0.26054981898098234
20230414,3125031,975582107,305.5,316.0,304.5,315.5,13.0,2994,310.2,311.45,307.7,310.930005222929,309.70802783622906,303.7873091287523,5.920718707476738,7.112712920084246,54.34782608695652,44.534389324306446,47.07881989975098,0.3316501497838749
20230417,1968449,616791600,315.5,315.5,311.5,313.0,-2.5,2211,311.1,312.05,308.25,311.6200034819527,310.2144850921938,304.4697306747707,5.74475441742311,6.83912121955202,50.0,47.11383530711338,47.090491702205114,0.3356372770070052
20230418,2373324,744203846,314.5,316.5,308.0,313.5,0.5,1946,311.5,312.2,309.15,312.2466689879685,310.719948924164,305.13863951367654,5.581309410487449,6.587558857739106,48.484848484848484,49.59104171989377,47.92400837476799,0.32714757630965274
20230419,2449240,780543788,315.5,322.5,315.5,319.5,6.0,3234,312.8,312.25,310.4,314.66444599197905,312.07072601275416,306.2024439941449,5.86828201860925,6.443703489913135,61.78861788617886,60.33342175265645,52.06047950073081,0.32206865181803085
20230420,4602016,1398235963,316.0,316.0,298.0,298.5,-21.0,5175,312.0,310.45,310.6,309.2762973279861,309.982922010792,305.6318925871712,4.351029423620787,6.0251686766546655,45.73170731707317,40.90255327728117,48.341170759580926,0.45827509257472204
20230421,3980937,1173541833,300.0,302.0,289.0,295.5,-3.0,2899,308.0,309.1,310.15,304.6841982186574,307.75478016297785,304.88138202515853,2.873398137819322,5.394814568887597,43.11377245508982,33.736030543063066,43.4727906874083,0.44911545581205087
20230424,1399102,415982762,293.0,300.0,291.5,298.5,3.0,1338,305.1,308.1,309.6,302.6227988124383,306.33096783021205,304.408687060332,1.9222807698800466,4.7003078090860875,41.717791411042946,31.94342334711667,39.62966824064442,0.45442546819684027
20230425,2630494,761111719,295.0,297.5,286.5,287.5,-11.0,2383,299.9,305.7,308.325,297.5818658749589,303.43389585633327,303.1561917225296,0.27770413380363834,3.815787074029598,31.578947368421055,22.221541490670372,33.8269593239864,0.4756111898422123
20230426,3755467,1093358600,290.0,293.5,285.0,292.5,5.0,2605,294.5,303.65,307.175,295.88791058330594,301.751758032282,302.3668441875274,-0.6150861552454217,2.929612428174594,36.36363636363636,21.481027660446912,29.711648769473236,0.48759831008873133
20230427,3462238,1005637864,288.5,294.5,287.0,289.0,-3.5,2827,292.6,302.3,306.375,293.5919403888706,299.78994910423864,301.3767075810439,-1.5867584768052438,2.0263382471786264,38.095238095238095,17.876240662520164,25.76651273382221,0.46730496631384283
20230428,2436502,722752247,293.5,299.0,291.0,299.0,10.0,1777,293.3,300.65,306.05,295.39462692591377,299.66841847281734,301.2006551676332,-1.5322366948158788,1.3146232587797255,44.919786096256686,24.361938219457887,25.2983212290341,0.4482173854907752
20230502,2460452,736132932,304.5,304.5,297.0,298.0,-1.0,2242,293.2,299.15,305.6,296.26308461727587,299.4117387077685,300.9635695996604,-1.551830891891882,0.741332428645404,42.622950819672134,27.796847701860813,26.131163386643003,0.44808491148892304
20230503,3009267,883261483,293.0,296.5,288.5,295.0,-3.0,2384,294.7,297.3,304.75,295.84205641151726,298.7330096758041,300.52182370338926,-1.788814027585147,0.23530313739929384,40.32258064516129,29.283919973283552,27.182082248856517,0.4472700825659977
20230504,2239179,664711064,291.5,299.5,291.5,298.0,3.0,1577,295.8,295.15,303.7,296.56137094101155,298.6202389564496,300.3350219475827,-1.7147829911330632,-0.1547140883071776,47.368421052631575,41.744835537744585,32.036333345152535,0.436653975048853
20230505,5361083,1551856604,295.5,295.5,285.5,288.5,-9.5,3922,295.7,294.15,302.3,293.8742472940077,297.06327911699583,299.45835365516916,-2.3950745381733327,-0.6027861782804087,33.536585365853654,33.812796341402375,32.62848767723581,0.3315725022452224
20230508,2370380,698362846,290.5,297.0,290.5,295.0,6.5,1695,294.9,294.1,301.6,294.24949819600516,296.74585156053496,299.12810523626774,-2.382253675732784,-0.9586796777708838,39.53488372093023,39.63588132161867,34.96428555869676,0.35042458597111664
20230509,2241296,657977337,295.0,296.0,291.5,292.5,-2.5,1500,293.8,293.5,300.8,293.6663321306701,296.09264362814497,298.6371344780257,-2.544490849880731,-1.2758419121928533,38.06818181818182,39.24443370159193,36.39100160632848,0.34787883557621513
20230510,2020920,579074955,288.0,289.5,283.5,286.5,-6.0,2079,292.1,293.4,299.55,291.2775547537801,294.61685230073806,297.7380874796534,-3.121235178915356,-1.6449205655373538,31.25,30.924860562966046,34.56895459187433,0.31197243374335837
20230511,2287578,645044613,285.0,287.0,279.5,282.0,-4.5,2152,288.9,292.35,298.0,288.1850365025201,292.6757981006245,296.57230322190134,-3.896505121276846,-2.095237476685252,38.46153846153846,23.94990704197736,31.029272075242005,0.3046540266696343
20230512,2256792,646448018,284.5,288.5,281.0,288.0,6.0,2736,288.8,292.25,297.275,288.1233576683468,291.95644454668223,295.93731779805677,-3.9808732513745326,-2.4723646316231083,44.966442953020135,27.299938027984908,29.786160726156304,0.32197774340622665
20230515,2102708,603881824,285.0,292.5,283.5,287.5,-0.5,2000,287.3,291.1,295.875,287.91557177889786,291.2708376933465,295.312331294497,-4.041493601150535,-2.7861904255285936,42.36111111111111,31.533292018656603,30.368537823656403,0.26596891366764847
20230516,2216544,653160588,292.0,296.5,290.5,295.5,8.0,2083,287.9,290.85,295.0,290.44371451926526,291.9214780482163,295.32623268008984,-3.4047546318735726,-2.9099032667975897,55.79710144927537,47.688861345771066,36.14197899769462,0.3051834011419069
20230517,2018949,597998300,297.0,300.0,294.0,295.5,0.0,1995,289.7,290.9,294.1,292.12914301284354,292.47201988695224,295.3391043334165,-2.8670844464642755,-2.9013395027309272,52.34375,57.80883439311567,43.364264129501635,0.30121196576628934
20230518,2183418,651130568,299.5,301.0,296.5,296.5,1.0,1764,292.6,290.75,292.95,293.5860953418957,293.09170913511343,295.4250966050153,-2.3333874699018793,-2.787749096165118,56.09756097560975,64.8958120760306,50.54144677834462,0.29728678746796927
20230519,3115040,907093112,298.0,299.5,287.5,291.0,-5.5,3574,293.2,291.0,292.575,292.72406356126385,292.76990772971135,295.0973116713105,-2.3274039415991297,-2.6956800652519206,42.98245614035088,61.09333208169481,54.05874187946135,0.2657808090739926
20230522,2660860,754209294,289.0,289.0,281.0,284.0,-7.0,2817,292.5,289.9,292.0,289.81604237417594,291.4206911559096,294.27528858454673,-2.8545974286371347,-2.727463537928964,38.888888888888886,47.705632240509715,51.94103866647747,0.2638538593275511
20230523,1433521,412310193,286.5,289.0,286.0,286.0,2.0,1287,290.6,289.25,291.375,288.54402824945066,290.58673867038505,293.6623042449507,-3.075565574565644,-2.7970839452563,42.74193548387096,41.88127420685144,48.58778384660212,0.26720966414179004
20230524,1819894,514768822,287.0,287.5,281.0,283.0,-3.0,1775,288.1,288.9,291.15,286.6960188329671,289.4195481057104,292.8725039305099,-3.45295582479946,-2.9282583211649325,37.903225806451616,31.254182804567623,42.809916832590616,0.25351496587801137
20230525,4416716,1297839535,287.0,298.5,283.5,295.5,12.5,3253,287.9,290.25,291.3,289.6306792219781,290.3550022432934,293.06713326899063,-2.7121310256972038,-2.885032862071387,55.38461538461538,45.00278853637841,43.54087406718654,0.3160715093284416
20230526,10731861,3455188737,313.0,325.0,310.0,325.0,29.5,5746,294.7,293.95,293.1,301.4204528146521,295.6850018981714,295.43253080462097,0.25247109355041175,-2.2575320709470272,67.04545454545455,63.3351923575856,50.138980163986226,0.5344231759649323
20230529,9468808,3368803251,357.5,357.5,346.5,357.5,32.5,3005,309.4,300.95,296.025,320.11363520976806,305.195001606145,300.03012111538976,5.164880490755252,-0.7730495586065717,77.54237288135593,75.55679490505706,58.6115850776765,0.6569612638833106
20230530,17296251,6236458543,374.0,378.5,346.5,354.0,-3.5,12533,323.0,306.8,298.825,331.4090901398454,312.70346289750734,304.02788992165716,8.675572975850173,1.1166749482847773,79.22077922077922,75.32846156063633,64.18387723866311,0.6726813655662756
20230531,9987402,3526990380,358.0,364.5,343.5,353.0,-1.0,7189,337.0,312.55,301.725,338.60606009323027,318.90293014404466,307.65545363116405,11.24747651288061,3.142835261203944,81.69642857142857,74.83435898914216,67.73403782215613,0.6747273580756048
20230601,8853883,3010191116,347.0,347.5,336.5,342.0,-11.0,6469,346.3,317.1,303.925,339.7373733954869,322.45632550649935,310.1994941029297,12.256831403569663,4.965634489677088,73.07692307692307,70.74427351412896,68.7374497194804,0.7131107537022936
20230602,6963175,2383466445,335.5,348.0,333.0,343.0,1.0,5001,349.9,322.3,306.65,340.8249155969913,325.6168908131918,312.62916120641637,12.987729606775417,6.570053513096754,73.61702127659575,68.3594302060005,68.61144321498709,0.6950922824978422
20230605,3186993,1098470008,341.0,348.0,339.0,345.0,2.0,2574,347.4,328.4,309.15,342.2166103979942,328.5989076111623,315.0270011170522,13.571906494110124,7.970424109299429,72.19730941704036,67.45329535100888,68.22539392699434,0.664664202088323
20230606,6825309,2419989167,347.0,359.5,345.5,354.0,9.0,4846,347.4,335.2,312.225,346.1444069319962,332.5067679786758,317.91388992319645,14.592878055479332,9.29491489853541,74.27385892116183,69.7057056726024,68.71883117553037,0.6618106209924537
20230607,4111261,1455797058,357.0,358.5,349.0,355.5,1.5,3356,347.9,342.45,315.675,349.26293795466415,336.04418828964873,320.6980462251819,15.346142064466846,10.505160331721697,74.3801652892562,68.61158966981279,68.68308400695784,0.6474640088446459
20230608,5280103,1809483293,349.0,352.5,339.5,339.5,-16.0,3801,347.4,346.85,318.55,346.00862530310945,336.57585162970275,322.0907835418351,14.48506808786766,11.30114188295089,68.44106463878327,50.502964541779946,62.62304418523187,0.7128198001302388
20230609,2938927,1011667985,343.0,349.0,341.0,343.0,3.5,2398,347.4,348.65,321.3,345.005750202073,337.56418214821,323.63961439058806,13.924567757621958,11.825827057885105,73.046875,40.99465035386062,55.413579574774786,0.5690463316250973
20230612,2379647,829436778,347.5,354.5,342.0,348.5,5.5,2053,348.1,347.75,324.35,346.1705001347153,339.24661566387005,325.48112443572967,13.765491228140377,12.21375989193616,73.76425855513308,43.73188330469014,51.519680818079905,0.3270435914665087
20230613,4003823,1433783920,352.0,364.0,350.0,359.0,10.5,3599,349.1,348.25,327.525,350.4470000898102,342.2855978694285,327.9640041071571,14.321593762271391,12.635326666003207,77.33812949640287,57.11157811710525,53.38364658442168,0.35758324647207396
20230614,3743175,1371575835,358.5,370.0,358.5,370.0,11.0,2661,352.0,349.95,331.25,356.96466672654014,346.5493520433626,331.077781580701,15.471570462661589,13.202575425334885,77.0909090909091,71.40771874473683,59.39167063786006,0.3814954647900916
20230615,5399056,2041104164,376.0,385.0,370.0,382.0,12.0,4477,360.5,353.95,335.525,365.30977781769343,352.0032978828453,334.84979775990837,17.15350012293692,13.992760364855293,73.75,78.76456611967961,65.84930246513323,0.34741862031741044
20230616,7342959,2674393989,382.0,382.0,356.5,363.0,-19.0,6327,364.5,355.95,339.125,364.5398518784623,353.6950982085614,336.93499792584106,16.760100282720316,14.546228348428299,52.582159624413144,69.72582796257029,67.14147763094559,0.45696081505656866
20230619,2745116,999724523,360.0,367.5,355.5,364.5,1.5,2153,367.7,357.9,343.15,364.5265679189749,355.35739079185964,338.9768499313343,16.380540860525343,14.91309085084771,55.02392344497608,64.7989036233985,66.36061962842989,0.45701803287751
20230620,1951049,700682246,362.5,363.5,356.0,359.0,-5.5,1950,367.7,358.4,346.8,362.68437861264994,355.9177922084966,340.46004623271693,15.457745975779687,15.022021875834106,52.75229357798165,57.48498336797995,63.4020742082799,0.4528805523118657
20230621,2958577,1051971215,359.0,359.0,352.0,358.0,-1.0,2388,365.3,358.65,350.55,361.12291907509996,356.2381318687279,341.7593020673305,14.47882980139741,14.913383460946768,58.080808080808076,51.20211012410784,59.33541951355588,0.45301025325298855
20230626,4500583,1547051022,333.0,350.5,329.0,350.0,-8.0,3236,358.9,359.7,353.275,357.4152793834,355.278419273539,342.3697241364171,12.908695137121867,14.512445796181789,53.301886792452834,46.63474008273856,55.10185970328343,0.4030295698851202
20230627,2163240,745543300,345.5,350.5,341.0,341.0,-9.0,1911,354.5,359.5,354.075,351.9435195889333,353.0817393853022,342.26826308927514,10.81347629602709,13.77265189615085,48.23008849557522,38.23268386468285,49.47880109041657,0.42324384813611843
20230628,2368611,814617472,347.5,353.0,339.0,341.0,0.0,2114,349.8,358.75,353.25,348.29567972595555,351.2230102491019,342.17431767525477,9.04869257384712,12.827860031690104,43.75,32.63131305264571,43.862971744492945,0.41430874608455304
20230629,2326451,804273108,343.5,348.0,342.5,347.0,6.0,1882,347.4,357.55,352.9,347.8637864839704,350.5733163646247,342.5317756252359,8.041540739388779,11.87059617322984,46.082949308755765,32.46849441604952,40.064812635011805,0.39419983351569965
20230630,2041581,709760942,345.0,350.5,340.5,349.0,2.0,1545,345.6,355.45,352.7,348.24252432264694,350.33126769314396,343.01090335669994,7.320364336444015,10.960549805872676,55.026455026455025,34.22427929623427,38.11796818875263,0.35718466954955436
20230703,5189079,1908814769,353.0,374.0,349.5,367.5,18.5,4523,349.1,354.0,353.975,354.66168288176465,352.97261112496795,344.82491051546293,8.147700609505023,10.397979966599145,61.18721461187214,51.334704716008034,42.52354703117109,0.4170961059719946
20230704,2761304,1026074777,365.5,376.0,365.5,370.5,3.0,2489,355.0,354.75,355.35,359.94112192117643,355.66913249035747,346.72676899579903,8.942363494558435,10.106856672191004,60.2803738317757,63.655760590813856,49.567618217718675,0.3358030331002554
20230705,2201135,818568298,368.5,376.0,364.0,371.0,0.5,2133,361.0,355.4,356.65,363.62741461411764,358.02772749184095,348.5247861072213,9.502941384619646,9.986073614676732,56.18556701030928,72.22440776976242,57.11988140173325,0.33563016620043706
20230706,3186689,1154408915,361.0,368.0,358.0,361.0,-10.0,3395,363.8,355.6,357.0,362.75160974274513,358.48500018540386,349.4488760252049,9.036124160198938,9.796083723781173,45.31250000000001,70.84464064083451,61.69480114810034,0.3554521467007325
20230707,3910702,1381474408,349.0,359.0,348.5,351.0,-10.0,3255,364.2,354.9,356.775,358.8344064951634,357.3334616953417,349.56377409741197,7.76968759792976,9.39080449861089,33.51063829787235,58.04057123803382,60.47672451141149,0.3809616312959479
20230710,2153499,767799483,353.0,361.5,349.0,357.5,6.5,1983,362.2,355.65,357.675,358.38960433010897,357.35908297298147,350.15164268278886,7.207440290192608,8.954131656927235,46.625766871165645,55.360380825355875,58.771276616059616,0.37496029791184615
20230711,2733594,1009164691,361.0,372.5,360.0,369.5,12.0,2643,362.0,358.5,359.0,362.093069553406,359.2269163617535,351.5848543359156,7.642062025837902,8.69171773070937,52.71739130434783,64.13696749859406,60.559840243571095,0.36858976602809196
20230712,6378626,2460857966,367.0,392.5,367.0,390.0,20.5,6147,365.8,363.4,361.075,371.3953797022707,363.96123692148376,354.43042068140335,9.530816240080412,8.85953743258358,64.48598130841123,74.48874756316526,65.20280935010248,0.42442820754452537
20230713,6315013,2598757511,392.0,421.5,392.0,408.5,18.5,6525,375.3,369.55,363.55,383.7635864681805,370.81335431817854,358.4355747050031,12.377779613175449,9.563185868701954,70.28112449799197,77.05642531608277,69.15401467209591,0.4526981095357851
20230714,4247528,1692600915,408.5,410.0,386.0,403.0,-5.5,5090,385.7,374.95,365.2,390.17572431212034,375.76514596153567,361.7366432453732,14.02850271616245,10.456249238194053,71.72131147540983,76.25679495958029,71.52160810125737,0.472935934129464
20230717,3027375,1198077875,396.0,400.0,391.5,394.5,-8.5,3252,393.1,377.65,365.825,391.6171495414136,378.6474311982225,364.16355856053076,14.483872637691718,11.261773918093587,72.01646090534979,71.84242951643252,71.62854857298242,0.455390286081912
20230718,2904094,1144158730,394.0,399.0,385.0,394.0,-0.5,2658,398.0,380.0,367.375,392.41143302760906,381.0093648600344,366.37366533382476,14.635699526209635,11.936559039716798,71.72131147540983,68.67120871871757,70.6427686215608,0.45704565972529276
20230719,3340024,1293555407,396.0,397.5,383.0,385.5,-8.5,3175,397.1,381.45,368.425,390.10762201840606,381.7002318046445,367.79043086465254,13.909800939991953,12.331207419771829,65.46184738955823,62.67578298142815,67.98710674151658,0.47608611824585173
20230720,2227442,853206743,380.0,385.0,380.0,384.0,-1.5,1990,392.2,383.75,369.675,388.07174801227075,382.05404229623764,368.9911396894931,13.062902606744558,12.477546457166376,64.11290322580646,57.8758093439406,64.61667427565791,0.44979683037398954
20230721,2965062,1139364760,376.0,390.0,373.0,389.0,5.0,2620,389.4,387.55,371.225,388.38116534151385,383.12265117373954,370.47327749027136,12.649373683468184,12.51191190242674,59.72850678733032,54.30203007753221,61.17845954294934,0.4118668160275389
20230724,3101768,1241584330,387.5,406.0,387.0,401.5,12.5,3221,390.8,391.95,373.8,392.75411022767594,385.94993560854886,372.77155323173275,13.178382376816103,12.645205997304613,62.91666666666667,57.30227081621413,59.8863966340376,0.4231245170856217
20230725,2414889,966892519,404.0,405.5,393.0,400.0,-1.5,2353,392.0,395.0,376.75,395.1694068184506,388.1114839764644,374.78847521456737,13.323008761897029,12.780766550223097,61.98347107438016,56.75821490840392,58.84366939215971,0.41233219425699735
20230726,1803715,718548259,401.0,408.0,393.0,394.5,-5.5,1982,393.8,395.45,379.425,394.9462712123005,389.0943325954699,376.24858816163646,12.845744433833431,12.793762126945165,64.37768240343348,57.20817930830531,58.29850603087491,0.34190216483303637
20230727,5153685,1955660684,393.5,398.0,368.0,382.5,-12.0,5267,393.5,392.85,381.2,390.79751414153367,388.0798198884745,376.71165570521896,11.368164183255544,12.50864253820724,63.291139240506325,50.2221195388702,55.60637720020667,0.2761343744687703
20230728,2722016,1057797477,382.5,394.0,378.0,390.0,7.5,2640,393.7,391.55,383.25,390.5316760943558,388.3752322133246,377.69597750483234,10.679254708492238,12.14276497226424,63.59832635983264,51.814746359246804,54.342500253220045,0.2988491181442361
20230731,3953567,1552010347,396.5,410.0,380.5,382.0,-8.0,3657,389.8,390.3,383.975,387.6877840629039,387.3944272574285,378.01479398595586,9.379633271472642,11.590138632105921,55.41125541125541,45.65427535060898,51.44642528568302,0.29796167548066177
20230801,7729049,3106890260,420.0,420.0,388.0,394.5,12.5,6516,388.7,390.35,385.175,389.95852270860263,388.4875922947472,379.2359203573665,9.25167193738065,11.122445293160867,52.093023255813954,47.423363054252135,50.105404541872716,0.3427464931917473
20230802,5620836,2110223650,385.0,387.0,366.0,366.0,,5478,383.0,388.4,384.925,381.9723484724018,385.0279627109399,378.2554818123764,6.772480898563515,10.252452414241397,31.914893617021278,31.61557536950142,43.94212815108228,0.49030489267696353
20230804,3105054,1156848048,367.0,380.0,361.0,369.0,3.0,2863,380.3,386.9,385.325,377.64823231493455,382.5621222938722,377.5698905670152,4.992231726857028,9.200408276764524,35.21739130434783,25.596824257633713,37.82702685326609,0.4944533751120298
20230807,3412362,1329991157,378.0,397.5,373.5,390.0,21.0,3389,380.3,387.0,387.275,381.7654882099564,383.706411171738,378.49063941390295,5.215771757835057,8.403480972978631,48.23529411764706,33.44873029604959,36.36759466752726,0.5669696558104347
20230808,3149552,1235992401,403.0,403.0,385.0,388.0,-2.0,3561,381.5,385.65,388.8,383.8436588066376,384.36696329916293,379.1950364943546,5.171926804808322,7.75717013934457,47.674418604651166,37.55339081883532,36.762860051296606,0.5421999987391798
20230809,2383983,919065065,390.0,397.5,378.5,380.0,-8.0,2875,378.6,383.65,389.325,382.5624392044251,383.69512279159943,379.2546634206987,4.440459370900726,7.0938279856558015,47.85992217898833,35.7700571560597,36.431925752884304,0.5485287823183714
20230810,2469195,903117025,375.0,377.0,361.0,366.0,-14.0,3038,378.6,380.8,388.125,377.0416261362834,380.97279620827646,378.272836500647,2.699959707629489,6.215054330050539,43.61702127659574,26.671563527768612,33.178471677845735,0.5692300037096011
20230811,3641882,1393717342,376.0,388.5,375.5,384.0,18.0,3534,381.6,380.95,386.9,379.3610840908556,381.4385198685416,378.6970708339324,2.741449034609218,5.520333270962276,48.37662337662338,30.775392634331617,32.377445330007696,0.6100742051536523
20230814,3227574,1247895647,383.5,396.0,375.0,385.0,1.0,3286,380.6,380.45,386.0,381.2407227272371,381.986439888766,379.1639544758633,2.8224854129026653,4.980763699350354,44.210526315789465,34.07625045678605,32.94371370560047,0.6020615040563482
20230815,3216275,1253694394,396.0,399.5,381.0,384.0,-1.0,3393,379.8,380.65,385.475,382.1604818181581,382.29621836741734,379.5221800702438,2.774038297173547,4.5394186189149925,44.366197183098585,40.97146855849228,35.61963198989774,0.5934426172260471
20230816,5508739,2165343913,395.0,398.5,385.0,398.5,14.5,5014,383.5,381.05,385.7,387.60698787877203,384.7891078493531,380.927944509485,3.861163339868142,4.403767563105623,51.324503311258276,57.07621713423295,42.77182703800948,0.6004002131305215
20230817,3885255,1553826376,398.0,404.0,392.0,403.0,4.5,3456,390.9,384.75,386.575,392.73799191918135,387.59078356483724,382.56291158285643,5.027871981980809,4.5285884468806605,57.14285714285714,70.60895095770567,52.05086834457487,0.44592239583514676
20230818,5288062,2166966960,405.0,420.0,398.5,411.5,8.5,4779,396.4,389.0,387.95,398.9919946127876,391.2691245548623,384.70639961375593,6.562724941106353,4.935415745725799,57.43944636678201,75.60370741813146,59.90181470242707,0.4489659567474598
20230821,6711888,2908712131,418.5,452.5,411.5,452.5,41.0,5925,409.9,395.25,391.125,416.8279964085251,400.6892592387296,389.72814779051475,10.961111448214865,6.140554886223613,69.85915492957747,83.73580494542097,67.84647811675836,0.5709332379761234
20230822,12972151,6037496904,464.5,481.5,442.0,473.0,20.5,15042,427.7,403.75,394.7,435.5519976056834,411.81398858661737,395.8964331393655,15.917555447251857,8.095954998429262,71.15902964959568,86.80588932737606,74.16628185363092,0.5758156880282151
20230823,6467886,3035077818,465.0,475.5,465.0,468.0,-5.0,6050,441.6,412.55,398.1,446.367998403789,420.4579903425224,401.2374380920051,19.2205522505173,10.32087444884687,81.48148148148148,86.97857410557464,78.43704593761215,0.5594805117931502
20230824,8284083,4155202466,481.0,514.0,477.0,514.0,46.0,18346,463.8,427.35,404.075,468.91199893585934,434.8490687513651,409.59022045556026,25.258848295804853,13.308469218238468,85.3658536585366,91.31904940371642,82.73104709298023,0.5636880905004241
20230825,7682116,3672031402,489.0,500.0,466.0,472.0,-42.0,8103,475.9,436.15,408.55,469.94133262390625,440.5645966357705,414.2131670884817,26.351429547288774,15.917061284048529,68.14159292035399,83.68638381300393,83.04949266632147,0.7912651798097371
20230828,3850215,1840677762,472.0,486.0,466.0,480.0,8.0,4078,481.4,445.65,413.05,473.2942217492709,446.6315817687289,419.0862658226683,27.54531594606061,18.242712216450947,69.82758620689654,80.33872615957367,82.14590383073886,0.7859811352174632
20230829,3823354,1803903380,475.5,481.5,463.0,473.5,-6.5,5158,481.5,454.6,417.625,473.36281449951395,450.76518457353984,423.1169127987669,27.648271774772923,20.12382412811534,70.28199566160521,75.82691033589063,80.03957266578945,0.7963903565686186
20230830,2829770,1355021220,480.0,484.0,474.0,477.0,3.5,3007,483.3,462.45,421.75,474.5752096663427,454.8013100237645,427.1082525914508,27.69305743231365,21.637670788955006,75.22727272727272,73.20639621238307,77.76184718132065,0.7938027834770539
20230831,4101016,1977938438,480.5,492.0,478.0,478.0,1.0,3206,476.1,469.95,427.35,475.7168064442285,458.37033925087763,430.8780116587508,27.492327592126856,22.808602149589376,73.15270935960592,70.4302804017513,75.31799158813087,0.7969466121708738
20230901,2962137,1393351250,483.0,483.5,462.5,470.0,-8.0,5514,475.7,475.8,432.4,473.81120429615237,460.1595178276657,433.77593672106553,26.38358110660016,23.523597940991536,70.23809523809524,59.91648323079716,70.18415546901963,0.8125303705496185
20230904,3091746,1448499853,478.0,478.0,463.5,470.0,0.0,2852,473.7,477.55,436.4,472.5408028641016,461.673438161871,436.45920066765325,25.21423749421774,23.861725851636777,70.57416267942584,44.79869108590361,61.722334007980955,0.6883125462895829
20230905,2977456,1411988316,470.5,481.0,469.0,472.0,2.0,3033,473.4,477.45,440.6,472.3605352427344,463.2621399831216,439.09185247004933,24.170287513072253,23.923438183923874,68.70229007633587,36.01466137118493,53.15310979571561,0.6545027279857736
20230906,2067603,981904485,477.0,479.0,470.0,477.0,5.0,1930,473.4,478.35,445.45,473.9070234951563,465.3756569087952,441.8998633981938,23.475793510601363,23.833909249259374,68.78172588832487,36.898663136345505,47.7349609092589,0.6537759449867692
20230907,2106418,989926191,472.5,473.0,466.5,470.0,-7.0,2427,471.8,473.95,450.65,472.6046823301042,466.08709430744204,443.9813549983276,22.105739309114426,23.488275261230385,64.9616368286445,33.073685028750106,42.8478689490893,0.43835558801943475
20230908,3069432,1411101220,464.0,465.0,455.5,460.5,-9.5,3274,469.9,472.8,454.475,468.5697882200695,465.2275413370663,445.20495833178484,20.02258300528149,22.795136810040606,52.4390243902439,26.615333398162168,37.437023765446924,0.19543189616572137
20230911,1890270,858961111,463.0,464.5,449.0,455.0,-5.5,2230,466.9,470.3,457.975,464.04652548004634,463.6540734390561,445.93051697387483,17.723556465181275,21.78082074106874,43.959731543624166,22.39471838947245,32.42292197345543,0.1704015423200396
20230912,2150738,974043011,453.5,458.5,443.5,452.5,-2.5,2314,463.0,468.2,461.4,460.19768365336427,461.93806214073976,446.4171453461804,15.520916794559355,20.528839951766866,44.7098976109215,21.11537926995758,28.653741072289478,0.1647455708130797
20230913,3754611,1680715673,448.0,454.0,441.0,454.0,1.5,3377,458.4,465.9,464.175,458.13178910224286,460.71682181139516,446.97883828350035,13.737983527894812,19.170668666992455,20.588235294117652,24.2729979446776,27.193493363085516,0.15837216139613813
20230914,7889073,3775886712,452.5,488.5,452.5,482.5,28.5,7326,460.9,466.35,468.15,466.2545260681619,464.06807999425746,449.6100354476855,14.458044546571955,18.228143842908356,55.932203389830505,45.30480564732893,33.23059745783331,0.3525854939602672
20230915,15239892,7596604159,480.5,504.0,480.5,503.0,20.5,8581,469.4,469.65,472.725,478.50301737877464,470.0576061489871,453.56484763674587,16.49275851224121,17.881066776774926,61.38613861386139,63.007436569118745,43.15621049492846,0.386503468943087
20230918,4228474,2096578214,495.0,502.0,491.0,493.5,-9.5,3797,477.1,472.0,474.775,483.5020115858498,473.6641282799122,456.523007071061,17.14112120885119,17.73307766319018,59.61538461538462,69.7827354905236,52.03171882679351,0.4051562392051512
20230919,6983086,3580199011,494.5,534.0,492.0,503.0,9.5,8826,487.2,475.1,476.275,490.0013410572332,478.1773393137718,459.96574728801943,18.211592025752395,17.828780535702624,61.81818181818181,68.74404588257129,57.602494512052765,0.4106834474107886
20230920,7742875,3708435248,499.5,500.0,468.5,472.0,-31.0,7995,490.8,474.6,476.475,484.0008940381555,477.2269794193454,460.8571734148328,16.36980600451261,17.53698562946462,47.85714285714286,56.9404750328253,57.38182135231027,0.5270186177771379
20230921,7526138,3437551079,463.0,468.5,451.5,453.5,-18.5,7002,485.0,472.95,473.45,473.8339293587703,473.57667489329225,460.31219760632666,13.264477286965587,16.682483960964813,44.518272425249165,42.44060342690145,52.40141537717399,0.5564076203471506
20230922,4546293,2085887657,448.0,468.0,445.0,463.5,10.0,4092,477.1,473.25,473.025,470.38928623918025,472.0264172174011,460.5483311169691,11.478086100431995,15.64160438885825,47.97507788161994,36.35825174696655,47.05369416710484,0.5605196323987381
20230925,5994790,2909358372,475.0,493.5,474.0,481.5,18.0,5252,474.7,475.9,473.1,474.0928574927869,473.4838914916471,462.1003065897862,11.3835849018609,14.79000049145878,52.69121813031162,38.75496353023576,44.28745062148181,0.5823702995412704
20230926,3664363,1786855472,477.5,491.5,477.0,486.5,5.0,3523,471.4,479.3,473.75,478.2285716618579,475.4863697237014,463.9076912868391,11.578678436862276,14.147736080539481,52.69121813031162,41.3797135145392,43.3182049191676,0.5795928861419845
20230927,3853487,1862159959,480.0,490.5,472.0,486.5,0.0,3878,474.3,482.55,474.225,480.98571444123866,477.1807743815935,465.58119563596216,11.599578745631334,13.638104613557852,54.86725663716815,43.12954683740815,43.25531889191445,0.5803729261694219
20230928,5320246,2608041933,484.5,497.0,481.5,493.0,6.5,3896,482.2,483.6,474.975,484.9904762941591,479.6145013998099,467.61221818144645,12.00228321836346,13.310940334518975,59.75975975975975,46.73055931482641,44.41373236621843,0.50866310611109
20231002,3662644,1843237904,496.0,513.0,496.0,500.0,7.0,5057,489.5,483.3,476.475,489.99365086277277,482.7507319536853,470.0113131309689,12.739418822716402,13.19663603215846,63.39285714285714,51.75295714621386,46.860140626216904,0.4703144175919876
20231003,3347542,1631266417,495.5,499.5,481.5,482.0,-18.0,3819,489.6,482.15,477.075,487.3291005751819,482.6352347300414,470.8993640101564,11.735870719885042,12.904482969703777,58.038147138964575,52.639226332770015,48.78650252840127,0.49456858956398025
20231004,4736891,2263606433,476.0,491.5,466.0,490.5,8.5,4368,490.4,480.9,478.0,488.3860670501213,483.84519861772736,472.351262972367,11.493935645360352,12.622373504835092,59.580052493438316,57.39673912380745,51.65658139353666,0.49289185647090994
20231005,7138734,3652119808,505.0,521.0,498.0,516.0,25.5,7176,496.3,485.3,479.95,497.5907113667476,488.792091138077,475.58450275219167,13.207588385885344,12.739416481045144,58.93333333333334,69.40484362639793,57.57266880449041,0.4327587686371088
20231006,3834233,1998350236,515.0,527.0,510.0,522.0,6.0,4056,502.1,492.15,482.55,505.7271409111651,493.90100019375745,479.0226877335108,14.878312460246661,13.167195676885449,55.49132947976879,76.87098864710681,64.00544208536255,0.3471480530473395
20231011,6915141,3747099838,542.0,552.0,532.0,536.0,14.0,6706,509.3,499.4,486.325,515.8180939407767,500.37776939471786,483.2432293828804,17.134540011837487,13.960664543875858,61.971830985915496,78.3791087104743,68.79666429373313,0.35045728349181066
20231012,3740133,1980434804,534.0,540.0,523.0,530.0,-6.0,4391,518.9,504.25,490.075,520.5453959605179,504.93503564168435,486.7066938730374,18.228341768646942,14.814199988830076,57.758620689655174,77.05894069070379,71.55075642605668,0.345609738202973
20231013,4496815,2448713668,535.0,551.0,531.0,545.0,15.0,4358,529.8,510.1,494.7,528.6969306403453,511.0988763121945,491.0247165491087,20.074159763085788,15.866191943681219,73.10126582278481,81.99278216589555,75.03143167266964,0.3565163482214104
20231016,2187543,1173397535,540.0,548.0,528.0,534.0,-11.0,4032,533.4,514.85,498.7,530.4646204268969,514.6221261103184,494.20807087880434,20.414055231514055,16.775764601247786,76.74418604651163,81.01844392455052,77.0271024232966,0.38497015206260926
20231017,2780722,1473271504,540.0,542.0,523.0,526.0,-8.0,2834,534.2,518.15,500.875,528.9764136179313,516.3725682471925,496.5630285914855,19.809539655707,17.382519612139628,71.04377104377105,77.26810990318872,77.1074382499273,0.40099349113244975
20231018,8737615,4289295581,495.0,511.0,481.0,484.0,-42.0,8806,523.8,516.55,499.925,513.9842757452875,511.3921731322398,495.63243388100506,15.759739251234748,17.057963539958653,50.724637681159415,58.48881745483899,70.9012313182312,0.5815572142078793
20231019,6946967,3435007265,477.0,500.0,477.0,496.0,12.0,6007,517.0,517.95,500.05,507.989517163525,509.0241464965106,495.6596610009306,13.36448549557997,16.31926793108292,52.64623955431755,47.4369894143371,63.079817350266495,0.5657284387724207
20231020,3096953,1548317293,486.0,507.0,486.0,507.0,11.0,3004,509.4,519.6,500.25,507.65967810901674,508.71273934320124,496.4996861119728,12.213053231228457,15.498024991112027,55.38057742782152,44.957992942891394,57.03920921447479,0.5690166786466726
20231023,2442124,1229788392,511.0,514.0,498.5,500.0,-7.0,2427,502.6,518.0,501.65,505.1064520726778,507.3723179057857,496.758968622197,10.613349283588661,14.521089849607355,51.832460732984295,40.19421751748315,51.42421198214424,0.5139845877853796
20231024,3502705,1755275608,504.0,511.0,490.0,511.0,11.0,3191,499.6,516.9,504.525,507.0709680484519,507.9304228433571,497.8138598353676,10.116563007989498,13.640184481283784,52.820512820512825,42.11146032697075,48.31996143041974,0.5235485275903098
20231025,2089228,1065296600,511.0,517.0,505.0,506.0,-5.0,2258,504.0,513.9,506.65,506.71397869896794,507.63343471360986,498.42024058830333,9.21319412530653,12.754786410088334,56.59340659340659,41.137369947710226,45.92576426951656,0.5016677484465089
20231026,2248719,1119096913,494.5,508.0,491.0,491.0,-15.0,2563,503.0,510.0,507.125,501.47598579931196,505.0744447576699,497.8705931373179,7.2038516203519976,11.644599452141067,50.132625994694955,33.997683251525125,41.94973726351941,0.5147188168894726
20231027,3830933,1934111297,495.5,514.0,489.0,511.0,20.0,3383,503.8,506.6,508.35,504.65065719954134,505.9860686411053,498.84314179381283,7.142926847292472,10.74426493117135,48.63387978142076,40.10101960358085,41.33349804353989,0.5382770995351164
20231030,1528633,779638643,513.0,517.0,505.0,507.0,-4.0,1699,505.2,503.9,509.375,505.43377146636095,506.14205808093527,499.4473535127897,6.694704568145596,9.934352858566198,45.85635359116023,51.7340130690539,44.80033638537789,0.5333800623529723
20231031,4352071,2238619611,515.0,528.0,497.5,498.5,-8.5,4403,502.7,501.15,509.65,503.1225143109073,504.96635683771444,499.377179178509,5.589177659205461,9.065317818694052,39.31623931623932,48.541629627735276,46.04743413283035,0.5342975686299531
20231101,4185538,2083621495,508.0,508.0,492.5,497.5,-1.0,3506,501.0,502.5,509.525,501.2483428739382,503.81768655498917,499.2381288689898,4.579557685999362,8.168165792155113,40.469208211143695,41.48807054547431,44.527646270378334,0.34121210702356203
20231102,2938674,1505591137,504.0,522.0,503.0,511.0,13.5,2743,505.0,504.0,510.975,504.49889524929216,504.9226578542216,500.10937858239794,4.81327927182366,7.497188488088823,39.94082840236686,46.46213250040167,45.17247501371944,0.34502955997475837
20231103,4908653,2613662726,522.0,539.0,512.0,536.0,25.0,4949,510.0,506.9,513.25,514.9992634995282,509.7037874151106,502.76794313184996,6.9358442832606215,7.3849196471231835,50.54644808743169,62.30808833360111,50.88434612034666,0.3985640673481857
20231106,2318159,1249926767,540.0,545.0,534.0,535.0,-1.0,2837,515.6,510.4,514.2,521.6661756663522,513.5955124281705,505.15550289986106,8.440009528309474,7.595937623360442,52.55681818181817,68.91967793668645,56.89612339245993,0.3877256747474175
20231107,2661757,1449648317,534.0,550.0,526.0,550.0,15.0,2889,525.9,514.3,515.6,531.1107837775681,519.1962028238366,508.47731749987133,10.71888532396531,8.220527163481416,72.14765100671141,79.2797852911243,64.35734402534804,0.39442312048380324
20231108,2457621,1361340360,547.0,562.0,546.0,554.0,4.0,2741,537.2,519.1,516.5,538.7405225183788,524.5506331586311,511.8493680554364,12.701265103194658,9.116674751424064,70.56737588652481,82.53355549088651,70.41608118052753,0.3839143325046824
20231109,1870719,1035176840,552.0,560.0,546.0,554.0,0.0,2082,545.8,525.4,517.7,543.8270150122526,529.0813049803801,514.9716370883671,14.109667892013022,10.115273379541856,68.07692307692308,84.51877320495552,75.11697852200352,0.32945839847417746
20231110,2723725,1493436746,554.0,558.0,540.0,545.0,-9.0,3697,547.6,528.8,517.7,544.2180100081684,531.5303349833986,517.1959602670065,14.334374716392063,10.959093646911898,67.04545454545455,81.52570491841159,77.25322065413954,0.318436517034154
20231113,4401871,2363154394,540.0,549.0,530.0,533.0,-12.0,6933,547.2,531.4,517.65,540.478673338779,531.7564372936449,518.3666298768579,13.389807416786994,11.445236400886918,58.27067669172932,73.77493037726241,76.09379056184716,0.3413080804452956
20231114,3711320,1971231317,541.0,543.0,524.0,524.0,-9.0,3435,542.0,533.95,517.55,534.9857822258527,530.5631392484688,518.7839165526462,11.779222695822568,11.51203365987405,56.569343065693424,61.04769369783595,71.07842494051009,0.3415063915229409
20231115,5370048,2916755227,538.0,556.0,533.0,534.0,10.0,4861,538.0,537.6,520.05,534.6571881505686,531.0918870563967,519.9110338450428,11.180853211353906,11.445797570170022,66.28787878787878,55.36512913189063,65.84065967097027,0.345210851535059
20231116,3486345,1843522716,534.0,542.0,523.0,525.0,-9.0,3186,532.2,539.0,521.5,531.4381254337125,530.1546736631049,520.2879943009656,9.86667936213928,11.129973928563874,55.78512396694214,38.619487797328794,56.76693571308977,0.3452211373620445
20231117,2161568,1153630319,525.0,542.0,523.0,532.0,7.0,2237,529.6,538.6,522.75,531.6254169558083,530.4385700226272,521.1555502786719,9.283019743955379,10.760583091642175,60.08064516129033,33.43863289052689,48.99083477223547,0.2603950100904387
20231120,5005067,2769074561,542.0,560.0,536.0,555.0,23.0,4783,534.0,540.6,525.5,539.4169446372056,534.2172515576077,523.6625465543258,10.554705003281924,10.719407473970126,70.3971119133574,49.64284927744527,49.20817294063873,0.33106991023659205
20231121,4555954,2579720154,556.0,576.0,556.0,560.0,5.0,4628,541.2,541.6,527.95,546.2779630914704,538.1838282410527,526.3542097725239,11.829618468528793,10.941449672881859,71.9298245614035,56.365673103202504,51.59400632815999,0.3081273337272788
20231122,2376796,1324367068,560.0,566.0,548.0,562.0,2.0,2465,546.8,542.4,530.75,551.5186420609803,541.8478546655061,528.9946386782628,12.853215987243289,11.323802935754145,69.46564885496183,62.105417288927455,55.097809981749144,0.30698475227469463
20231123,2215174,1224144358,564.0,564.0,546.0,549.0,-13.0,2959,551.6,541.9,533.65,550.6790947073202,542.9481847169667,530.4765172946878,12.47166742227887,11.553375833059091,55.46218487394958,57.75581278381327,55.98381091577051,0.32917021568434174
20231124,1807474,979666390,551.0,551.0,539.0,540.0,-9.0,2218,553.2,541.4,535.1,547.1193964715469,542.4946178374333,531.1819604580443,11.312657379389066,11.505232142325086,51.968503937007874,49.19569908857991,53.72110697337364,0.32934910648783355
20231127,1968419,1048133043,540.0,547.0,527.0,527.0,-13.0,2587,547.6,540.8,536.1,540.4129309810313,540.1108304778282,530.8721856093002,9.238644868528013,11.051914687565672,40.8,35.31285599616019,47.58502331430249,0.3329184689530849
20231128,2991266,1599364216,525.0,543.0,522.0,538.0,11.0,2787,543.2,542.2,538.075,539.6086206540209,539.7860873273931,531.4001718604632,8.385915466929987,10.518714843438536,43.93939393939394,33.41844720731666,42.86283127864054,0.3359339586647553
20231129,3126532,1693507009,537.0,554.0,533.0,538.0,0.0,3112,538.4,542.6,540.1,539.0724137693473,539.5113046616403,531.8890480189474,7.622256642692946,9.939423203289419,43.93939393939394,32.15550801475432,39.293723524011796,0.3247423052813922
20231130,4605262,2451219419,541.0,541.0,526.0,533.0,-5.0,3623,535.2,543.4,541.2,537.0482758462316,538.5095654829264,531.9713407582847,6.538224724641736,9.259183507559882,45.31250000000001,28.22712879995967,35.60485861599442,0.31612944424540895
20231201,1694746,909053629,528.0,543.0,528.0,536.0,3.0,1810,534.4,543.8,541.2,536.6988505641544,538.1234784855532,532.2697599613747,5.8537185241784755,8.578090510883602,51.26050420168067,27.46006117528175,32.88992613575686,0.31103964394107086
20231204,4177752,2180826771,536.0,536.0,515.0,521.0,-15.0,5083,533.2,540.4,540.5,531.465900376103,535.4890971800835,531.4349629271987,4.054134252884751,7.673299259283832,48.8,22.228276077638814,29.336042783050843,0.24894935728975098
20231205,2710646,1425682077,525.0,531.0,520.0,527.0,6.0,2498,531.0,537.1,539.35,529.9772669174021,534.1830822293014,531.1064471548136,3.07663507448774,6.753966422324614,47.107438016528924,22.982116024548322,27.218067196883332,0.2530377108465895
20231206,2425778,1293646791,532.0,537.0,528.0,534.0,7.0,2273,530.2,534.3,538.35,531.3181779449347,534.1549157324857,531.3207844026052,2.834131329880506,5.969999403835793,53.78151260504202,31.56072692234845,28.665620438705037,0.2661009586930277
20231207,1666745,879807807,539.0,539.0,524.0,528.0,-6.0,1830,529.2,532.2,537.05,530.2121186299565,533.2080056197956,531.0748003727826,2.1332052470129383,5.202640572471222,48.30508474576271,32.15159572601007,29.82761220114005,0.2509445678774946
20231208,1805968,967662878,536.0,540.0,532.0,532.0,4.0,1755,528.4,531.4,536.4,530.8080790866377,533.0221586013655,531.1433336785025,1.878824922863032,4.5378774425495845,38.383838383838395,35.96431168058791,31.873178694289333,0.24656730917904662
20231211,2612205,1389999410,532.0,538.0,526.0,533.0,1.0,2262,530.8,532.0,536.4,531.5387193910918,533.0187495857708,531.2808645171319,1.7378850686388887,3.9778789677674458,35.78947368421052,39.360823171673985,34.369060186750886,0.2148447397406193
20231212,3581020,1905301476,543.0,549.0,525.0,526.0,-7.0,3349,530.6,530.8,536.5,529.6924795940613,531.9389419571907,530.8896893677147,1.049252589475941,3.392153692109145,32.0,37.02486250660618,35.25432762670265,0.19710171809776075
20231213,5336822,2790162298,526.0,535.0,516.0,533.0,7.0,5287,530.4,530.3,536.45,530.7949863960409,532.1021816560844,531.0460086738099,1.0561729822745747,2.9249575501422314,41.48936170212766,42.3303004946002,37.61298524933517,0.21051354921248677
20231214,3206084,1712119221,539.0,545.0,526.0,530.0,-3.0,3071,530.8,530.0,536.7,530.529990930694,531.7787690936099,530.968526549824,0.8102425437858756,2.50201454887096,44.31818181818182,42.92608268267464,39.384017727114994,0.2075120153409343
20231215,5810727,2981232878,527.0,532.0,506.0,506.0,-24.0,6823,525.6,527.0,535.4,522.3533272871293,527.8128046176699,529.1190060646519,-1.3062014469819587,1.7403713497003765,39.39393939393939,28.617388455116426,35.79514130311547,0.2968211264473737
20231218,3322499,1692073697,502.0,516.0,498.0,514.0,8.0,2950,521.8,526.3,533.35,519.5688848580862,525.687757753413,527.9990796894925,-2.31132193607948,0.9300326925444052,37.5,29.535775309946896,33.70868597205928,0.2861818887900656
20231219,1816652,931294884,510.0,517.0,507.0,512.0,-2.0,1775,519.0,524.8,530.95,517.0459232387242,523.5819488682725,526.8139626754561,-3.2320138071835345,0.09762339259881729,36.73469387755102,28.84084367068355,32.0860718716007,0.27809871036407946
20231220,7179726,3558411690,511.0,511.0,486.5,496.0,-16.0,8163,511.6,521.0,527.65,510.0306154924828,519.3385721193075,524.5314469217186,-5.192874802411097,-0.9604762464031655,33.027522935779814,24.2938957804557,29.48867984121903,0.29448439178085906
20231221,4727658,2311127170,483.5,495.5,483.5,488.5,-7.5,4963,503.3,517.05,524.625,502.85374366165524,514.5941764086448,521.8624508534432,-7.268274444798408,-2.2220358860822143,29.07488986784142,18.74045978239031,25.905939821609458,0.29639483894241786
20231222,2654261,1309795466,490.5,504.0,488.5,489.5,1.0,2768,500.0,512.8,522.1,498.40249577443683,510.7335338842379,519.4652322717067,-8.731698387468782,-3.523968386359528,34.17085427135679,15.547074969430689,22.4529848708832,0.29032276583354244
20231225,1330614,662361337,495.0,501.0,494.5,498.0,8.5,1555,496.8,509.3,520.65,498.26833051629126,508.77452867127823,517.8752150663951,-9.100686395116838,-4.6393119881109905,35.78431372549019,18.223795237073034,21.043254992946476,0.3122665741061408
20231226,2373282,1203494355,500.0,511.0,496.5,510.0,12.0,2583,496.4,507.7,519.25,502.1788870108609,508.9630627218508,517.2918658022177,-8.328803080366868,-5.377210206562166,38.785046728971956,26.51234045615167,22.86628348068154,0.3414880271643577
20231227,2826930,1460292679,510.0,521.0,510.0,519.0,9.0,2754,501.0,506.3,518.3,507.7859246739073,510.50720691848915,517.4183942613126,-6.911187342823496,-5.684005633814433,45.909090909090914,42.07351906698771,29.268695342783595,0.3471893870995253
20231228,2689634,1407041183,520.0,527.0,519.0,523.0,4.0,2592,507.9,505.6,517.8,512.8572831159382,512.4291750848754,517.8318465382524,-5.402671453377025,-5.627738797726952,45.909090909090914,58.317211945041606,38.95153421020293,0.35008994868090004
20231229,1513002,786107754,523.0,526.0,514.0,523.0,0.0,1731,514.6,507.3,517.15,516.2381887439589,514.0554558410485,518.2146727206041,-4.159216879555629,-5.334034414092688,45.412844036697244,69.14634053041087,49.01646965027224,0.25717998385258267
20240102,3136639,1570259629,525.0,525.0,492.5,493.5,-29.5,4276,513.7,505.25,515.775,508.6587924959726,510.8930780193487,516.3839562227815,-5.490878203432828,-5.3654031719607165,37.6425855513308,53.76039560264939,50.59777830106462,0.3787639055139481
20240103,4015096,1957640468,486.0,494.5,481.0,490.0,-3.5,4083,509.7,503.05,513.925,502.4391949973151,507.6787583240643,514.4295890951681,-6.750830771103836,-5.642488691789341,33.203125,42.36200286553437,47.852519822554534,0.3790372991078213
20240104,1613858,792569707,491.0,496.0,488.0,491.0,1.0,1621,504.1,502.55,511.775,498.6261299982101,505.1127955049775,512.6940639770075,-7.581268472030047,-6.030244647837482,34.52380952380953,35.48771205528378,43.73091723346428,0.3506780058911911
20240105,2495974,1232589060,491.0,502.0,486.5,486.5,-4.5,2514,496.8,502.35,509.7,494.5840866654734,502.24928850421173,510.75376294167364,-8.504474437461909,-6.525090605762368,40.84507042253521,27.64398194989933,38.36860547227596,0.3456550979805811
20240108,2073770,1027751797,492.0,499.5,489.5,496.5,10.0,2141,491.5,503.05,507.925,495.222724443649,501.36478258048686,509.6979286496978,-8.333146069210954,-6.886701698452086,41.935483870967744,29.661205357903903,35.466138767485276,0.35963703058615654
20240109,4460587,2300638540,508.0,522.0,508.0,516.0,19.5,4258,496.0,504.85,507.075,502.1484829624327,503.6163544911812,510.1647487497202,-6.54839425853902,-6.819040210469473,51.58730158730159,45.13645574584898,38.689577760273174,0.3957259269422973
20240110,1382870,705419561,511.0,518.0,506.0,508.0,-8.0,1584,499.6,504.65,506.175,504.0989886416218,504.29076149253797,510.00439699048167,-5.713635497943699,-6.597959267964319,55.08474576271186,49.656187888537,42.34511446969445,0.38936186143109375
20240111,2652282,1374173777,518.0,524.0,509.0,520.0,12.0,2851,505.4,504.75,505.525,509.39932576108123,506.7075674167629,510.74481202822375,-4.037244611460835,-6.085816336663623,62.85714285714286,61.993014147913556,48.89441436243415,0.39706078562439695
20240112,2390089,1220912678,513.0,517.0,505.0,510.0,-10.0,3352,510.1,503.45,504.525,509.5995505073875,507.2140955064917,510.6896407668738,-3.475545260382148,-5.563762121407328,57.79467680608366,63.298373068306006,53.69573393105809,0.40507599543387374
20240115,1905160,983333014,522.0,522.0,508.0,516.0,6.0,2985,514.0,502.75,505.025,511.7330336715917,508.56577312087757,511.08300071006835,-2.5172275891907816,-4.954455214964019,56.97674418604652,69.3306983246071,58.90738872890776,0.41069805403527454
20240116,1445884,740665163,511.0,518.0,509.0,513.0,-3.0,1532,513.4,504.7,504.975,512.1553557810612,509.2479618715118,511.2250006574707,-1.9770387859588823,-4.358971929162992,51.24999999999999,69.77602110529362,62.53026618770305,0.285058784145263
20240117,2564998,1307016247,506.0,515.0,506.0,509.0,-4.0,2056,513.6,506.6,504.825,511.1035705207075,509.2098138912792,511.0601857939543,-1.8503719026750787,-3.8572519238654097,45.65217391304348,66.51734740352907,63.85929325964506,0.28576829794086844
20240118,2153614,1089438049,510.0,514.0,502.0,504.0,-5.0,1680,510.4,507.9,505.225,508.7357136804717,508.40830406185165,510.5372090684762,-2.1289050066245636,-3.5115825404172405,41.810344827586206,58.35456010476817,62.024382208019425,0.29315648024752416
20240119,1942377,998869160,510.0,520.0,506.0,517.0,13.0,2100,511.8,510.95,506.65,511.49047578698116,509.7301034369514,511.01593432266316,-1.2858308857117322,-3.066432209476139,47.674418604651166,61.630312797118165,61.893025737719,0.3042225651577644
20240122,3970319,2130609619,528.0,543.0,519.0,542.0,25.0,4622,517.0,515.5,509.275,521.6603171913208,514.6947029081897,513.3110502987622,1.383652609427486,-2.1764152456954142,69.47791164658634,73.6072004013308,65.7977506255896,0.35813213220431817
20240123,2767511,1461370341,539.0,541.0,522.0,522.0,-20.0,3030,518.8,516.1,510.475,521.7735447942139,515.8185947684682,513.9546762025576,1.8639185659105806,-1.3683484833742154,61.347517730496456,65.33162953584655,65.64237692900858,0.38147345849969944
20240124,1839402,959575703,520.0,526.0,516.0,522.0,0.0,1713,521.4,517.5,511.075,521.8490298628093,516.7695801887038,514.5506261134792,2.2189540752245875,-0.6508879716544549,61.07142857142857,59.81458229219037,63.699778716735835,0.3712730972494207
20240125,1848091,958549117,521.0,530.0,513.0,513.0,-9.0,2483,523.2,516.8,510.775,518.8993532418729,516.1896447750571,514.4357649198881,1.7538798551689752,-0.16993440628976889,59.169550173010386,48.81947762568789,58.73967835305318,0.36486865651747197
20240126,1104240,566321391,512.0,516.0,509.0,510.0,-3.0,1364,521.8,516.8,510.125,515.9329021612486,515.2373917327407,514.1071897406372,1.1302019921034798,0.09009287338888086,54.90909090909091,39.050383457775666,52.17658005462734,0.3534924668536028
20240129,1299603,673579270,510.0,524.0,508.0,519.0,9.0,1414,517.2,517.1,509.925,516.9552681074991,515.8162545430882,514.4696201302196,1.3466344128686387,0.3414011812848325,51.181102362204726,39.854727183232555,48.069295764162405,0.35935554605845016
20240130,2338352,1206700263,519.0,522.0,511.0,515.0,-4.0,2124,515.8,517.3,511.0,516.3035120716661,515.6906769210747,514.5089075279811,1.181769393093532,0.5094748236465724,52.84552845528455,37.138923813211946,44.42583844717891,0.3603257517541296
20240131,2361768,1247930910,516.0,533.0,514.0,529.0,14.0,2782,517.2,519.3,512.95,520.5356747144441,517.7382650870632,515.5823217851677,2.1559433018954905,0.8387685192963561,53.599999999999994,45.48000326286201,44.777226719073276,0.37777546169364173
20240201,2662752,1434203367,533.0,544.0,529.0,542.0,13.0,3184,523.0,523.1,515.5,527.6904498096294,521.4708396890535,517.5391868381182,3.9316528509352793,1.4573453856241407,62.50000000000001,61.80148365672282,50.451979031623125,0.3814962128679515
20240202,3589295,1993265812,548.0,564.0,542.0,562.0,20.0,4167,533.4,527.6,519.275,539.126966539753,527.7060951215068,520.832580405665,6.873514715841793,2.5405792516676713,66.19718309859155,73.34384624733902,58.08260143686175,0.39755104673227976
20240205,2841038,1550368794,553.0,559.0,536.0,548.0,-14.0,4516,539.2,528.2,521.85,542.0846443598354,530.8282343335827,522.8449818570972,7.983252476485518,3.6291138966312406,61.43790849673203,72.70542130774982,62.95687472715777,0.36760627629142545
20240215,12182567,6301254444,530.0,539.0,498.0,539.0,-9.0,10894,544.0,529.9,523.0,541.0564295732236,532.0854290514931,524.0416498676826,8.043779183810443,4.512046954067081,59.49367088607595,69.17735157890391,65.03036701107314,0.32270464654406356
20240216,3807147,2102033530,539.0,558.0,539.0,558.0,19.0,4096,549.8,533.5,525.5,546.7042863821491,536.0722861204941,526.5570832108173,9.515202909676873,5.51267814518904,65.69767441860465,76.42126468896623,68.82733290370416,0.3546298877249057
20240219,3841425,2166489688,561.0,570.0,554.0,564.0,6.0,3924,554.2,538.6,527.7,552.4695242547662,540.368857486572,529.3306326026086,11.03822488396338,6.617787492943908,64.24242424242424,81.5030653481997,73.05257705186933,0.3310497419030646
20240220,3315023,1887292677,561.0,580.0,559.0,569.0,5.0,3948,555.6,544.5,530.65,557.9796828365108,544.773648642484,532.2691042616747,12.504544380809307,7.795138870516988,59.310344827586206,83.19716551668597,76.43410654014154,0.3211362460564142
20240221,2987196,1638717484,555.0,561.0,542.0,547.0,-22.0,4208,555.4,547.3,532.2,554.319788557674,545.116164235948,533.3602817237728,11.755882512175162,8.587287598848624,58.503401360544224,75.38347619811584,76.08389642613297,0.39729133760843677
20240222,4347276,2328747230,550.0,555.0,526.0,535.0,-12.0,4983,554.6,549.3,533.3,547.8798590384494,543.5598312765713,533.4817423368266,10.078088939744703,8.88544786702784,54.08805031446541,65.29630120524796,72.48803135250463,0.41476622783369865
20240223,3028269,1629757016,545.0,550.0,531.0,532.0,-3.0,2941,549.4,549.6,534.45,542.5865726922996,541.7813956955604,533.3719836452099,8.409412050350511,8.790240703692374,56.20915032679739,57.35200568154742,67.44268946218557,0.3978398800881236
20240226,6298390,3278955327,535.0,544.0,514.0,520.0,-12.0,6110,540.6,547.4,535.25,535.0577151281998,538.4304117423973,532.3814663381573,6.04894540423993,8.241981643801886,53.086419753086425,47.177759885259256,60.68771293654346,0.39024885220010125
20240227,6291991,3170976229,515.0,518.0,500.0,502.0,-18.0,7489,527.2,541.4,534.5,524.0384767521332,532.8257330127977,530.1309873501457,2.6947456626520534,7.13253444757192,45.029239766081865,33.07785618366877,51.4844273522519,0.35026472384061347
20240229,5187190,2632545872,505.0,519.0,498.0,519.0,17.0,4262,521.6,538.5,533.35,522.3589845014221,530.698697164675,529.3064697686534,1.3922273960215534,5.984473037261846,51.086956521739125,30.588489488299505,44.51911473093443,0.3990878943881483
20240301,2979475,1511002708,510.0,512.0,504.0,504.0,-15.0,4315,515.4,535.0,532.45,516.2393230009482,526.5912052931865,527.4319164524569,-0.8407111592704268,4.619436197955392,43.24324324324324,22.831350715776903,37.28986005921526,0.4124631194253417
20240304,2158331,1103073030,509.0,516.0,508.0,508.0,4.0,2646,510.6,530.0,531.75,513.4928820006321,523.7310198634655,525.9925152337564,-2.261495370290959,3.243249884306122,40.340909090909086,19.285941127591105,31.288553748673873,0.36139605983804124
20240305,3302461,1697355551,509.0,520.0,505.0,514.0,6.0,3316,509.4,525.0,531.8,513.6619213337548,522.2339398844708,525.1041807719967,-2.8702408875258243,2.020551729939733,35.185185185185176,21.322902550669202,27.966670016005647,0.36289286667271065
20240306,2523374,1294096989,509.0,517.0,503.0,515.0,1.0,2610,512.0,519.6,532.05,514.1079475558365,521.1210260560907,524.355722937034,-3.234696880943261,0.9695020077631341,38.92617449664429,24.156788834949054,26.696709622320114,0.35564563469271826
20240307,4367994,2237285763,511.0,529.0,504.0,507.0,-8.0,4059,509.6,515.6,531.45,511.73863170389103,518.9485605089999,523.070113830587,-4.121553321587157,-0.048709058106924163,39.189189189189186,21.8737566591968,25.089058634612343,0.322493922407732
20240308,8924138,4424795116,515.0,517.0,484.5,491.0,-16.0,9257,507.0,511.2,530.25,504.8257544692607,514.6487819691538,520.6945498431362,-6.045767873982413,-1.248120821282022,26.896551724137936,18.223961022097587,22.80069276377409,0.33687711480384086
20240311,5163625,2518108782,485.0,496.5,476.5,491.0,0.0,4753,503.6,507.1,528.35,500.21716964617383,511.0105078200532,518.4949535584594,-7.484445738406237,-2.495385804706865,23.741007194244602,21.355656554414264,22.31901402732081,0.3391783796392497
20240312,8278451,3936318458,478.0,486.5,468.0,475.5,-15.5,10314,495.9,502.65,525.025,491.97811309744924,505.54735277081426,515.3101421837588,-9.762789412944528,-3.9488665263543976,18.729096989966564,18.33546502534721,20.991164359996276,0.3519864877514357
20240313,6053959,2822943611,472.0,475.5,462.0,465.0,-10.5,7325,485.9,498.95,520.175,482.98540873163284,499.3092984983813,511.58346498496184,-12.274166486580555,-5.613926518399629,20.28985507246378,13.716180663664309,18.566169794552287,0.33253784298369576
20240314,5475272,2551683354,467.0,473.5,460.0,465.5,0.5,4014,477.6,493.6,516.05,477.15693915442193,494.1078679601688,508.1698749860758,-14.062007025907008,-7.303542619901105,22.529644268774703,11.801125273360746,16.311154954155107,0.26001190794234275
20240315,5496297,2504829898,459.0,465.0,450.5,454.0,-11.5,5585,470.2,488.6,511.8,469.4379594362813,487.9374267355274,504.1572916537739,-16.219864918246458,-9.086807079570177,21.111111111111114,9.353616424278714,13.991975444196308,0.2530179056166643
20240318,5031196,2303632334,458.0,468.0,453.0,457.5,3.5,5121,463.5,483.55,506.775,465.4586396241876,483.2547456992924,500.70119597571653,-17.446450276424116,-10.758735718940965,25.29644268774703,9.208143433595575,12.397364773996063,0.2526076679432926
20240319,3870783,1742691057,455.5,459.0,444.0,444.0,-13.5,5187,457.2,476.55,500.775,458.30575974945845,477.21555405324744,496.5011073849227,-19.28555333167526,-12.464099241487824,26.229508196721312,6.138762289063717,10.31116394568528,0.2378256580876392
20240320,7309258,3229346022,446.0,453.0,437.5,437.5,-6.5,7374,451.7,468.8,494.2,451.37050649963896,471.10546881428627,492.13065498603953,-21.025186171753262,-14.176316627540913,13.45291479820628,4.092508192709144,8.238278694693234,0.22119885110150808
20240321,7505117,3423768035,445.5,464.5,444.0,459.0,21.5,6860,450.4,464.0,489.8,453.91367099975935,469.24308899670376,489.67653239448106,-20.433443397777296,-15.427741981588191,30.93220338983052,14.87523145050666,10.450596279964376,0.3779523468039301
20240322,7371698,3530782290,468.0,484.0,465.0,481.0,22.0,7022,455.8,463.0,487.1,462.94244733317294,471.0518445356724,489.0338262911862,-17.9819817555138,-15.938589936373313,40.07352941176471,39.50865770169831,20.136616753875686,0.44275443358728916
20240325,2740643,1305397211,486.0,486.0,471.0,475.0,-6.0,3816,459.3,461.4,484.25,466.96163155544866,471.65925306864585,487.9942836029502,-16.335030534304337,-16.017878055959518,35.66176470588235,52.1123010107542,30.795178172835186,0.44531254866918196
20240326,3198396,1500711403,480.0,480.0,463.5,465.5,-9.5,3722,463.6,460.4,481.525,466.4744210369658,470.7116756734696,486.32804037310206,-15.61636469963247,-15.937575384694108,32.871972318339104,53.98552026146499,38.52529220237845,0.42928601102238695
20240327,3158230,1442406109,460.0,466.5,452.0,453.0,-12.5,3943,466.7,459.2,479.075,461.98294735797725,467.9868024929358,483.85929664176115,-15.872494148825353,-15.924559137520358,31.879194630872476,46.643267803175966,41.23128406931095,0.4356705358806531
20240328,2384149,1089788154,451.0,462.0,448.0,458.5,5.5,2526,466.6,458.5,476.05,460.82196490531817,466.52729441709954,481.98083022385293,-15.453535806753393,-15.830354471366967,38.26714801444043,45.52850155950563,42.66368989937584,0.4411280210983934
20240329,1467629,678353642,458.5,466.0,458.0,463.0,4.5,1709,463.0,459.4,474.0,461.54797660354546,465.9846337375458,480.57484279986386,-14.590209062318081,-15.582325389557191,40.209790209790214,47.87810756888004,44.4018291225439,0.42524871778588047
20240401,2128143,983534588,465.5,470.0,458.0,460.5,-2.5,2406,460.1,459.7,471.625,461.19865106903035,465.1408439317695,479.08781740728136,-13.946973475511868,-15.255255006748127,44.23076923076923,47.7262985167104,45.509985587266065,0.42538490942415996
20240402,2645137,1212878461,466.0,471.0,451.5,456.0,-4.5,3067,458.2,460.9,468.725,459.4657673793536,463.7345602499588,477.3776087104457,-13.64304846048691,-14.932813697495884,46.37096774193548,41.34134186828312,44.120437680938416,0.39886076666144227
20240403,2226258,1017274710,454.5,463.5,449.0,461.0,5.0,2288,459.8,463.25,466.025,459.97717825290243,463.3138586730421,476.16445250967195,-12.850593836629855,-14.51636972532268,48.24902723735409,38.96440335078524,42.40175957088736,0.3892293325942564
20240408,3018234,1413363406,457.0,477.0,457.0,466.0,5.0,3675,461.3,463.95,463.975,461.984785501935,463.7271111848818,475.4115301015481,-11.684418916666345,-13.949979563591413,54.91803278688525,41.765742584734014,42.18975390883624,0.3205567088965505
20240409,3704127,1756979924,498.0,498.0,462.5,465.0,-1.0,4113,461.7,462.35,462.675,462.98985700129003,463.9229402333615,474.6403056495816,-10.717365416220105,-13.303456734117152,53.138075313807526,39.177161723156004,41.18555651360949,0.21291277388920293
20240410,3022767,1443313551,468.5,482.5,466.0,476.0,11.0,3633,464.8,462.45,461.925,467.3265713341934,465.78094942822895,474.74102374961257,-8.960074321383615,-12.434780251570444,63.675213675213676,44.784774482104,42.38529583644099,0.24085178608349753
20240411,3147584,1503739898,476.0,484.0,472.5,473.0,-3.0,3520,468.2,463.2,461.8,469.2177142227956,466.8915725931168,474.61205902741904,-7.720486434302245,-11.491921488116805,65.63876651982379,46.52318298806933,43.76459155365043,0.21931467028878288
20240412,4531880,2085032080,468.5,471.5,456.0,456.0,-17.0,5267,467.2,463.5,461.35,464.8118094818638,465.2159460403296,473.23338798835096,-8.017441948021371,-10.797025580097719,48.62385321100918,35.777360087284315,41.102181064861725,0.2524345801146011
20240415,4911960,2156122488,450.0,451.5,431.0,431.0,-25.0,6993,460.2,460.75,459.625,453.54120632124256,459.9519543418173,470.10498887810274,-10.153034536285418,-10.66822737133526,27.67857142857143,23.851573391522876,35.35197850708211,0.36144000617234934
20240416,4415313,1856303779,431.0,431.0,415.5,416.5,-14.5,5352,450.5,456.1,457.75,441.1941375474951,453.2670382892301,466.13424896120625,-12.867210671976181,-11.108024031463444,25.726141078838168,16.30508933172232,29.003015448628844,0.3730394190685212
20240417,4283937,1763708376,409.5,420.0,407.5,408.0,-8.5,5937,436.9,450.85,455.275,430.1294250316634,446.30287855242545,461.8280082974132,-15.525129744987737,-11.991445174168303,25.941422594142267,11.054221617096648,23.020084171451444,0.3747533210104668
20240418,3816125,1547641265,404.5,412.0,401.5,409.0,1.0,4453,424.1,446.15,453.525,423.0862833544423,440.5639741597446,457.9148224976048,-17.350848337860214,-13.063325806906686,29.629629629629633,9.960154653193966,18.666774332032283,0.3811378141695166
20240419,4608298,1839847250,402.0,406.5,387.0,401.0,-8.0,5258,413.1,440.15,451.7,415.72418890296154,434.4772089043993,453.69890972000445,-19.221700815605175,-14.295000808646385,23.981900452488688,10.844307306333514,16.059285323466025,0.36458915642062084
20240422,3323592,1290878910,395.5,399.5,383.0,384.5,-16.5,4320,403.8,432.0,447.975,405.3161259353077,426.7884075344917,448.57306455555965,-21.78465702106797,-15.792932051130704,17.959183673469383,7.724587709172837,13.281052785368296,0.36103551067116935
20240423,6595342,2669533470,397.0,410.5,394.0,405.0,20.5,5364,401.5,426.0,444.175,405.2107506235385,423.4363448368776,445.3454301440367,-21.909085307159103,-17.016162702336384,30.2491103202847,12.410451212055818,12.9908522609308,0.4932124543070323
20240424,4101715,1704367337,425.5,427.0,408.0,412.0,7.0,4097,402.3,419.6,441.025,407.4738337490257,421.67690716966564,442.87539828151546,-21.19849111184982,-17.852628384239072,34.61538461538461,19.196421335344176,15.059375285735257,0.4821173804322015
20240425,2400974,978040606,410.0,415.0,401.0,401.0,-11.0,2978,400.7,412.4,437.8,405.31588916601714,418.4958445281786,439.7735169273291,-21.277672399150504,-18.53763718722136,29.86577181208054,21.556738311154025,17.225162960874847,0.48343352731507816
20240426,5021390,2123287775,405.0,432.0,405.0,428.0,27.0,4748,406.1,409.6,436.55,412.87725944401143,419.95802229307424,438.9014045623418,-18.943382269267545,-18.6187862036306,38.888888888888886,44.98340377206187,26.477909897937188,0.6046038219096087
20240429,7682176,3488151340,450.0,467.0,447.0,447.5,19.5,7525,418.7,411.25,436.0,424.4181729626743,424.1952496326013,439.5383375577239,-15.343087925122575,-17.963646547928995,45.382585751978894,55.58417394327934,36.17999791305124,0.5848195556707276
20240430,6150678,2868835592,448.0,482.0,448.0,461.5,14.0,7253,430.0,415.75,435.925,436.7787819751162,429.9344419968165,441.16512736826286,-11.230685371446384,-16.617054312632472,46.233766233766225,63.487092393162655,45.282362739755044,0.55986384629977
20240502,4963458,2323865528,456.0,478.0,452.0,469.0,7.5,5027,441.4,421.85,436.35,447.5191879834108,435.9445278434601,443.2269697854286,-7.2824419419685,-14.750131838499678,48.984771573604064,71.28095721833739,53.94856089928249,0.5356149550926136
20240503,7370581,3315426603,470.0,470.5,435.5,442.5,-26.5,7683,449.7,425.2,435.675,445.8461253222739,436.9530620213893,443.17312017169314,-6.220058150303828,-13.04411710086051,46.73123486682809,67.55430817922829,58.483809992597756,0.6366211163283173
20240506,3748237,1713814250,450.0,464.5,446.0,458.5,16.0,4146,455.8,430.95,435.55,450.0640835481826,440.2679755565602,444.30844460341956,-4.040469046859357,-11.243387490060279,56.9620253164557,69.46802363463704,62.14521453994418,0.6305685763857476
20240507,3617548,1614508683,458.0,460.0,440.0,446.0,-12.5,3961,455.5,437.1,434.55,448.70938903212175,441.1498254709355,444.4337450031663,-3.2839195322307546,-9.651493898494374,57.54475703324808,64.8305342749432,63.040321118277184,0.6017894662972516
20240508,3760072,1668621724,446.0,455.0,438.0,445.0,-1.0,3450,452.2,441.1,433.55,447.47292602141454,441.7421600138685,444.47568981774657,-2.7335298038780707,-8.267901079571114,59.840425531914896,61.327352068069125,62.46933143487449,0.5721958419409006
20240509,2922848,1313154311,443.5,454.5,442.0,444.0,-1.0,3067,447.2,444.3,431.95,446.3152840142764,442.08952001173486,444.4404535349505,-2.3509335232156445,-7.084507568300021,59.308510638297875,57.768018261829624,60.90222704385953,0.5730542167176301
20240510,6469378,3008330321,455.0,475.0,454.5,461.5,17.5,6398,451.0,450.35,431.375,451.3768560095176,445.0757477022372,445.7041236434727,-0.6283759412355039,-5.793281242887118,65.31645569620252,57.15000500609429,59.651486364604445,0.5585112511437811
20240513,2934760,1338307570,461.5,463.0,450.0,454.0,-7.5,3413,450.1,452.95,431.275,452.2512373396784,446.4487095942007,446.3186330032155,0.13007659098519753,-4.608609676112655,68.43501326259947,51.361652082915896,56.88820827070826,0.5026879068877048
20240514,3312484,1549838762,462.5,472.0,462.5,470.0,16.0,3671,454.9,455.2,433.225,458.1674915597856,450.07198504124676,448.07280833631063,1.9991767049361329,-3.2870523999028975,67.66304347826087,61.299924918022356,58.35878048647962,0.48539003197580977
20240515,2040752,958460861,468.5,474.0,461.5,469.5,-0.5,2617,459.8,456.0,435.875,461.94499437319047,453.0609104195165,449.6600077188061,3.4009027007103896,-1.9494613797802403,66.19718309859155,69.55859973437776,62.09205356911233,0.4658731727678959
20240516,9267355,4574780176,485.0,504.0,484.5,494.5,25.0,9052,469.9,458.55,440.2,472.79666291546033,459.4361549703601,452.9814886285242,6.454666341835946,-0.26863583545700304,74.41253263707571,74.90775335827205,66.36395349883223,0.5215295404432139
20240517,4857838,2428846330,493.5,505.0,489.0,499.5,5.0,4788,477.5,464.25,444.725,481.6977752769736,465.59982343645856,456.4273042856705,9.172519150788048,1.6195951617920072,71.09144542772862,80.53551716422116,71.08780805396188,0.3992019841623469
20240520,3265999,1637803760,500.0,506.0,496.5,504.0,4.5,3052,487.5,468.8,449.875,489.13185018464907,471.50754290777263,459.95120767191713,11.5563352358555,3.6069431766047058,68.28478964401295,86.04328595261802,76.07296735351392,0.37951714958389404
20240521,3027080,1515556670,504.0,505.0,495.0,500.0,-4.0,2794,493.5,474.2,455.65,492.75456678976605,475.8909978450384,462.91778488140477,12.973212963633614,5.480197134010488,63.32179930795848,87.570523968412,79.9054862251466,0.34062089870307977
20240522,2396534,1214133669,498.0,512.0,498.0,506.0,6.0,2635,500.8,480.3,460.7,497.16971119317736,480.5231520227248,466.10906007537477,14.414091947350016,7.266976096678394,62.93706293706294,88.48787619399509,82.76628288142943,0.3328830158951009
20240523,3452070,1758558281,506.0,515.0,500.0,510.0,4.0,3215,503.9,486.9,465.6,501.4464741287849,485.05805171153634,469.3602408105322,15.697810901004118,8.953143057543539,78.00829875518673,89.76114823189417,85.09790466491768,0.32470457057569524
20240524,3691626,1900409450,510.0,526.0,506.0,512.0,2.0,5025,506.4,491.95,471.15,504.96431608585664,489.20296683283846,472.5187414912335,16.68422534160493,10.499359514355817,75.11737089201878,85.93895670239972,85.37825534407835,0.29897447232495905
20240527,2430390,1255959574,513.0,523.0,511.0,514.0,2.0,4383,508.4,497.95,475.45,507.97621072390444,493.01789501240177,475.5914273066977,17.426467705704056,11.884781152625465,85.41666666666667,84.42442074733624,85.06031047849766,0.2671160740488227
20240528,2551214,1292584824,515.0,518.0,502.0,502.0,-12.0,4888,508.8,501.15,478.175,505.984140482603,494.3997573181861,477.54761787657196,16.852139441614156,12.878252810423204,76.63551401869158,70.33917206448922,80.15326434049484,0.28823055244240087
20240529,6585127,3436142348,497.5,535.0,493.0,527.0,25.0,7274,513.0,506.9,481.45,512.989426988402,499.4151792692344,481.2107572931222,18.2044219761122,13.943486643561004,81.6793893129771,74.42901326038411,78.24518064712458,0.34621900923622184
20240530,4510824,2387094306,520.0,536.0,517.0,525.0,-2.0,4835,516.0,509.95,484.25,516.9929513256013,503.351305535506,484.4544049010391,18.89690063446693,14.93416944174219,77.4891774891775,74.425543723977,76.97196833940872,0.27752015417131654
20240531,5720387,2917497822,524.0,529.0,504.0,504.0,-21.0,9323,514.4,510.4,487.325,512.661967550401,503.4511046838897,485.90222676022137,17.54887792366833,15.457111138127418,69.37984496124031,58.14416093226374,70.69603253702705,0.35395674481661
20240603,2686167,1404764235,520.0,530.0,511.0,525.0,21.0,2852,516.6,512.5,490.65,516.7746450336007,506.7663193479067,488.7983581113161,17.96796123659061,15.959281157820058,70.52238805970148,63.568975505230085,68.3203468597614,0.40156670214518037
20240604,4877936,2599213728,525.0,537.0,525.0,535.0,10.0,4852,523.2,516.0,495.1,522.8497633557338,511.1099625251518,492.2207019549223,18.88926057022951,16.54527704030195,72.82229965156795,74.19749882166853,70.27939751373043,0.40161069748531053
20240605,2991124,1583742682,531.0,539.0,522.0,528.0,-7.0,4136,523.4,518.2,499.25,524.5665089038225,513.7084298289745,494.87102032863174,18.8374095003428,17.003703532310123,63.34661354581674,74.82731805502539,71.7953710274954,0.41115435193007993
20240606,9393607,5143089435,554.0,560.0,534.0,544.0,16.0,7670,527.2,521.6,504.25,531.044339269215,518.3686713937477,498.51020400799234,19.858467385755375,17.574656302999173,66.3003663003663,75.25801303170846,72.94958502889975,0.42896605823404815
20240607,4920215,2613016016,540.0,540.0,522.0,532.0,-12.0,7684,532.8,523.6,507.775,531.3628928461434,520.4657988716327,500.9909296370299,19.474869234602807,17.9546988893199,59.722222222222214,69.5749937624325,71.82472127341066,0.4505110221723041
20240611,3961430,2101307345,545.0,548.0,524.0,529.0,-3.0,3512,533.6,525.1,511.525,530.575261897429,521.7787528913815,503.0656755898425,18.713077301538988,18.10637457176372,60.13986013986015,64.29377693614902,69.31440649432344,0.45276717363878705
20240612,2951337,1592046006,526.0,548.0,525.0,536.0,7.0,2889,533.8,528.5,514.825,532.3835079316193,523.9666370619382,505.50525517578006,18.461381886158108,18.1773760346426,60.416666666666664,61.910137005051716,66.84631666456619,0.43191719057175326
20240613,4228035,2303040921,547.0,554.0,537.0,543.0,7.0,3512,536.8,530.1,518.5,535.9223386210796,526.8948467447169,508.2826436812778,18.612203063439097,18.2643414404019,61.22448979591837,64.48771038432018,66.06011457115085,0.37395320583667563
20240614,6356349,3557360673,581.0,581.0,546.0,556.0,13.0,6320,539.2,533.2,521.575,542.6148924140531,531.3725626301451,511.81726266784983,19.555299962295294,18.522533144780578,63.924050632911396,64.42037835145155,65.51353583125108,0.38411248318743507
20240617,2272209,1236347956,557.0,559.0,539.0,543.0,-13.0,3282,541.4,537.1,523.75,542.7432616093688,533.1613991485843,514.127095062824,19.03430408576037,18.624887332976538,58.57988165680473,54.81132568062871,61.94613244771028,0.33756324223705897
20240618,1334394,724590384,543.0,549.0,536.0,545.0,2.0,1618,544.6,539.1,525.8,543.4955077395792,534.9827223564945,516.4139769100221,18.56874544647235,18.613658955675703,63.52201257861635,49.53523406957168,57.80916632166408,0.28770107252200583
20240619,1977683,1087241247,550.0,554.0,543.0,552.0,7.0,2140,547.8,540.8,528.4,546.3303384930529,537.60076507088,519.0499786203909,18.550786450489113,18.601084454638386,58.86524822695035,49.97264192208733,55.19699152180516,0.28100056615102914
20240620,1553948,858544559,552.0,558.0,548.0,553.0,1.0,1716,549.8,543.3,530.75,548.5535589953686,539.9698781368985,521.5647950188804,18.40508311801807,18.561884187314323,60.0,50.8292189085102,53.7410673173735,0.26785322927100513
20240621,2941497,1636672965,551.0,563.0,549.0,555.0,2.0,2732,549.6,544.4,533.0,550.7023726635791,542.2822045773756,524.0414768693337,18.24072770804196,18.49765289145985,71.07438016528926,52.01480090976703,53.16564518150467,0.2323764688106717
20240624,1431614,778169460,555.0,557.0,537.0,537.0,-18.0,2446,548.4,544.9,534.25,546.1349151090528,541.4695577193179,525.0013674716052,16.46819024771264,18.09176036271041,55.08474576271186,41.81939108270183,49.38356048190372,0.2638995699033586
20240625,2770273,1458266242,531.0,534.0,521.0,532.0,-5.0,3057,545.8,545.2,535.15,541.4232767393686,540.0127026855766,525.5197846959308,14.492917989645889,17.371991888097508,48.67256637168141,33.99070516624566,44.2526087100177,0.26680001094653905
20240626,1346964,719442381,528.0,540.0,526.0,535.0,3.0,1544,542.4,545.1,536.8,539.2821844929124,539.2415176570264,526.2220228666025,13.019494790423892,16.501492468562788,53.21100917431193,30.438247888608217,39.64782176954787,0.2601847030075299
20240627,1329211,710054877,529.0,539.0,529.0,535.0,0.0,1428,538.8,544.3,537.2,537.8547896619416,538.5889764790223,526.8722433950023,11.716733084020007,15.544540591654233,45.16129032258064,31.40327637018325,36.89963996975966,0.2508130118236178
20240628,3155486,1750328678,541.0,562.0,541.0,555.0,20.0,3418,538.8,544.2,538.7,543.5698597746277,541.1137493284035,528.9557809212985,12.157968407105045,14.867226154744396,61.38613861386139,47.91964456424915,40.57297483458949,0.2886047325752212
20240701,2203571,1219234912,555.0,563.0,547.0,549.0,-6.0,2645,541.2,544.8,540.95,545.3799065164185,542.3270186624953,530.4405378900912,11.886480772404184,14.271077078276354,59.61538461538462,54.16865193172165,45.104867200300205,0.26808261630768976
20240702,1885147,1030393129,546.0,554.0,538.0,551.0,2.0,2029,545.0,545.4,542.25,547.2532710109457,543.6613234836499,531.9634610093436,11.697862474306248,13.756434157482333,57.57575757575757,59.92195843067157,50.043897610424,0.26807296650603596
20240703,1307900,715554157,552.0,556.0,543.0,543.0,-8.0,1582,546.6,544.5,542.65,545.8355140072972,543.5595814092422,532.7809824160589,10.778598993183323,13.160867124622532,50.0,57.408289747431844,52.49869498942661,0.2697594929399504
20240704,3587306,2039910987,554.0,574.0,550.0,571.0,28.0,3932,553.8,546.3,544.8,554.2236760048648,547.7811842693588,535.6120207556102,12.169163513748686,12.962526402447764,56.52173913043478,69.7187340454577,58.23870800810363,0.3667293209703334
20240705,1836123,1030181874,569.0,570.0,557.0,557.0,-14.0,3367,554.2,546.5,545.45,555.1491173365766,549.1994636125344,537.1963155144539,12.003148098080487,12.77065074157431,56.03448275862069,69.12066546426739,61.86602716015821,0.3901843882914703
20240708,2772627,1549920034,557.0,565.0,547.0,563.0,6.0,2516,557.0,549.1,547.0,557.7660782243845,551.3226230567599,539.1076995504203,12.214923506339574,12.659505294527364,57.5,71.77488808728937,65.16898080253526,0.3494894109486412
20240709,2014456,1135604265,560.0,570.0,559.0,567.0,4.0,2112,560.2,552.6,548.9,560.8440521495897,553.7345272018738,541.1737958800188,12.560731321854973,12.639750499992886,56.41025641025641,75.99807353967438,68.77867838158163,0.34147300483533816
20240710,1580257,903819917,570.0,576.0,564.0,575.0,8.0,2034,566.6,556.6,550.85,565.5627014330598,557.0061384015855,543.679440629647,13.326697771938484,12.777139954382006,58.87096774193549,83.12152271066012,73.55962649127446,0.34334095094886047
20240711,2270485,1311858798,576.0,583.0,573.0,578.0,3.0,2087,568.0,560.9,552.6,569.70846762204,560.2359632628801,546.2217042867102,14.014258976169913,13.024563758739589,59.2,85.04397810340303,77.38774369531731,0.3414763605883649
20240712,2964456,1701103680,578.0,588.0,566.0,571.0,-7.0,2639,570.8,562.5,553.35,570.1389784146934,561.8919689147447,548.0571335988058,13.834835315938903,13.186618070179453,64.91228070175438,78.69598540226869,77.8238242643011,0.3153224432762415
20240715,3574143,1955939736,571.0,571.0,539.0,542.0,-29.0,4773,566.6,561.8,553.3,560.759318943129,558.831666004784,547.6084570359312,11.22320896885276,12.793936249914115,53.6231884057971,54.504806594709734,70.0508183744373,0.4080876563084682
20240716,2111320,1143639990,542.0,548.0,535.0,544.0,2.0,2262,562.0,561.1,553.25,555.1728792954193,556.5498712348173,547.3411639221586,9.208707312658703,12.076890462463034,53.284671532846716,41.99691508829705,60.69951727905722,0.4081019582669045
20240717,2184187,1158614682,540.0,545.0,523.0,526.0,-18.0,3487,552.2,559.4,551.95,545.4485861969463,551.8498910448454,545.7603369649617,6.089554079883783,10.879423185947184,47.09677419354839,29.53640493065957,50.311813162924665,0.43307080093270506
20240718,4516090,2267467803,515.0,515.0,497.0,503.0,-23.0,5550,537.2,552.6,549.45,531.2990574646309,544.3345231917923,542.5929045971867,1.7416185946055975,9.051862267678867,33.54430379746836,21.88873881824191,40.837455048030414,0.3691244295904457
20240719,3876472,1967371179,501.0,523.0,495.0,521.0,18.0,4092,527.2,549.0,547.75,527.866038309754,540.7445965469012,540.9934301825803,-0.24883363567903416,7.191723087007287,41.76470588235294,23.911488961265214,35.19546635244201,0.42560910270916974
20240722,3919908,2001579583,516.0,528.0,501.0,511.0,-10.0,3549,521.0,543.8,546.45,522.244025539836,536.1685047704549,538.7716946135002,-2.6031898430453566,5.2327405009967585,38.764044943820224,21.675759665933082,30.68889745693903,0.4186867638160073
20240723,3523316,1794709433,518.0,522.0,501.0,512.0,1.0,3828,514.6,538.3,545.45,518.8293503598907,532.450273267308,536.7886061236113,-4.338332856303282,3.3185258295367506,40.93567251461988,20.543696408113092,27.30716377399705,0.4142012363880736
20240726,4003347,2022391191,485.0,516.0,485.0,511.0,-1.0,3400,511.6,531.9,544.25,516.2195669065939,529.1502312261837,534.8783390033439,-5.728107777160176,1.5091991081973652,29.166666666666657,22.110037087609374,25.574788211867823,0.3973151977705702
20240729,2935455,1522515844,522.0,536.0,503.0,505.0,-6.0,3435,512.0,524.6,542.75,512.4797112710626,525.43481103754,532.6651287067999,-7.230317669259875,-0.2387042472940829,30.882352941176464,22.491962709569037,24.54717971110156,0.3870964814852228
20240730,1803048,911978746,505.0,512.0,497.5,510.0,5.0,2624,509.8,518.5,540.5,511.6531408473751,523.0602247240723,530.986230284074,-7.926005560001727,-1.7761645098356118,30.370370370370367,28.222155033892584,25.772171485365234,0.4028899729681382
20240731,2132920,1074382971,498.0,511.0,496.0,507.0,,1959,509.0,515.0,538.4,510.1020938982501,520.5894209203689,529.2094724852537,-8.620051564884875,-3.1449419208454645,27.611940298507463,31.036992244817277,27.527111738515913,0.3401018986355252
20240801,2287009,1194384156,521.0,528.0,515.0,520.0,13.0,2584,510.6,512.6,536.85,513.4013959321667,520.4987407787736,528.5272893381979,-8.02854855942428,-4.1216632485612275,30.2158273381295,43.567145156675565,32.87378954456913,0.3709174594845236
20240802,2326556,1172789567,510.0,521.0,495.0,496.0,-24.0,2725,507.6,509.6,534.5,507.6009306214445,516.7297037358853,526.1178604983313,-9.388156762445988,-5.1749619513381795,24.375,36.23430592144384,33.99396167019403,0.40218869196996293
20240805,2566698,1161478183,470.0,470.0,446.5,446.5,-49.5,3564,495.9,503.95,528.275,487.2339537476297,505.9251339303645,520.2202412021586,-14.295107271794109,-6.9989910154293655,19.259259259259252,24.156203947629226,30.714709096005762,0.6023673139072585
20240806,3612585,1635202667,465.0,468.5,426.5,453.5,7.0,3780,484.6,497.2,523.1,475.9893024984198,497.85972871030845,515.2780011131098,-17.418272402801335,-9.08284729290376,25.48476454293629,24.323314047277933,28.584244079763153,0.5701321558220062
20240807,5432903,2662538231,451.5,498.5,450.0,495.5,42.0,4479,482.3,495.65,519.725,482.4928683322799,497.4966935241072,513.8129639936202,-16.31627046951303,-10.529531928225614,39.002267573696145,37.22010890823095,31.462865689252414,0.7479346343875745
20240808,3148659,1559961935,489.5,511.0,489.5,491.0,-4.5,3181,476.5,493.55,515.925,485.3285788881866,496.4972022127061,512.1231148089076,-15.625912596201545,-11.5488080618208,41.54589371980676,44.44810913516766,35.79128017122416,0.747915955935839
20240809,3840240,1912324767,502.0,505.0,491.0,493.0,2.0,3305,475.9,491.75,511.825,487.8857192587911,495.959171103059,510.7065877860256,-14.74741668296656,-12.188529786049953,47.31182795698925,51.47115321654856,41.01790451966562,0.7489177226263258
20240812,2345792,1198473653,495.5,518.0,495.5,509.0,16.0,2590,488.4,492.15,508.375,494.92381283919406,497.96545247181916,510.5801738759496,-12.614721404130421,-12.273768109666047,46.73913043478261,61.407698203479,47.81450241427008,0.7656058451154527
20240813,1562350,792100644,512.0,515.0,502.0,502.0,-7.0,1646,498.1,491.35,504.925,497.2825418927961,498.5861520915393,509.94460544069403,-11.358453349154729,-12.090705157563784,47.51381215469614,65.73321095338665,53.78740526064227,0.7668543428502277
20240814,1906255,963750500,512.0,515.0,501.0,502.0,0.0,2631,499.4,490.85,502.925,498.8550279285307,499.11135946207173,509.35611614879076,-10.244756686719029,-11.721515463394834,47.22222222222223,70.45353393365106,59.34278148497853,0.7665317102870478
20240815,1495183,753686936,506.0,511.0,500.0,500.0,-2.0,1329,501.2,488.85,500.725,499.23668528568714,499.2480733909838,508.6630705081396,-9.414997117155792,-11.260211794147025,46.96132596685082,73.74497890658705,64.14351395884803,0.7537841700934228
20240816,3476424,1798324518,509.0,524.0,505.0,515.0,15.0,3200,505.6,490.75,500.175,504.49112352379143,501.6714467154478,509.1324726927218,-7.461025977274005,-10.500374630772422,52.631578947368425,79.41972952746829,69.23558581505478,0.7309284543676678
20240819,940623,491628082,519.0,525.0,518.0,525.0,10.0,1311,508.8,498.6,501.275,511.32741568252766,505.2604549130712,510.30784508585356,-5.047390172782343,-9.409777739174407,53.84615384615384,86.27981968497886,74.91699710502947,0.4499813416451619
20240820,2143826,1149881367,530.0,545.0,528.0,533.0,8.0,2956,515.0,506.55,501.875,518.5516104550185,509.5280772341372,511.9887454498644,-2.460668215727196,-8.019955834484966,56.5,83.64600591611203,77.82666670872365,0.4500015690288587
20240821,1218494,645476824,535.0,537.0,526.0,530.0,-3.0,1626,520.6,510.0,502.825,522.3677403033457,512.6776038135007,513.3229124535782,-0.6453086400774737,-6.545026395603468,52.631578947368425,79.83807801814876,78.49713714519868,0.24482930840098593
20240822,1028720,536998900,530.0,533.0,518.0,520.0,-10.0,1329,524.6,512.9,503.225,521.5784935355639,513.8041263037313,513.8175115310909,-0.01338522735954939,-5.238698161954685,56.81818181818182,69.72370184374901,75.57265871138212,0.2647754570254059
20240823,1500507,771499668,520.0,520.0,511.0,515.0,-5.0,2040,524.6,515.1,503.425,519.3856623570426,513.988106872388,513.9051032695286,0.08300360285943498,-4.174357808991861,76.04562737642586,57.59357900694378,69.57963214323601,0.2748406055481134
20240826,1161140,604307077,516.0,528.0,512.0,519.0,4.0,1502,523.4,516.1,504.125,519.2571082380284,514.7591673535591,514.2825030273412,0.47666432621781496,-3.2441533819499258,75.4863813229572,52.469793412036594,63.87635256616954,0.23492298491182645
20240827,1189113,623591538,519.0,532.0,516.0,522.0,3.0,1233,521.2,518.1,504.725,520.171405492019,515.8731416068576,514.8541694697604,1.0189721370971938,-2.391528278140502,64.80446927374302,51.27615857098735,59.67628790110881,0.2197753526349825
20240828,1208016,620455995,523.0,524.0,510.0,510.0,-12.0,2139,517.2,518.9,504.875,516.7809369946793,514.9695813596488,514.4946013608893,0.47497999875952246,-1.818226622760497,59.79381443298969,38.35077238065823,52.56778272762528,0.2552404322448209
20240829,984190,502821555,510.0,517.0,502.0,514.0,4.0,1192,516.0,520.3,504.575,515.8539579964529,514.8204149966259,514.4579642230457,0.36245077358023536,-1.3820911434923506,60.6060606060606,34.86950716850083,46.66835754125046,0.2549360289017249
20240830,3062253,1567662540,517.0,524.0,508.0,508.0,-6.0,2192,514.6,519.6,505.175,513.2359719976353,513.7711203817604,513.9795965028201,-0.20847612105967528,-1.1473681390058157,49.438202247191015,27.897500903031563,40.411405328510824,0.2188576396558266
20240902,5069459,2691258916,519.0,540.0,515.0,531.0,23.0,4370,517.0,520.2,509.4,519.1573146650902,516.421717246105,515.2403671322407,1.181350113864255,-0.6816244884318016,63.80952380952381,44.036930426582444,41.619913694534695,0.2968779276913373
20240903,1901419,1000502383,529.0,532.0,521.0,527.0,-4.0,2039,518.0,519.6,513.075,521.7715431100602,518.0491453620889,516.1114510483711,1.9376943137177705,-0.1577607280018872,61.46788990825688,51.28777817912514,44.84253518939818,0.28951044001232795
20240904,2870811,1450839601,504.0,517.0,498.0,502.0,-25.0,3233,516.4,516.8,513.4,515.1810287400401,515.5800460756137,515.0661583781214,0.5138876974923505,-0.023431042903039656,50.75757575757576,37.366455294019936,42.35050855760542,0.36801491444889894
20240905,2665708,1383002265,512.0,528.0,507.0,514.0,12.0,2365,516.4,516.2,514.55,514.7873524933601,515.3369620639809,514.9871836834457,0.3497783805352128,0.051210841784610835,49.61240310077519,37.609382894425984,40.77013333654561,0.38397780979659796
20240906,3200708,1655789975,516.0,525.0,503.0,520.0,6.0,3026,518.8,516.7,515.9,516.5249016622402,516.0543525156761,515.3585034105978,0.6958491050783095,0.1801384944433506,47.99999999999999,42.533239389934785,41.357835354342,0.38546698597705076
20240909,1456263,745295542,507.0,517.0,507.0,515.0,-5.0,1521,515.6,516.3,516.2,516.0166011081601,515.8921444363414,515.3319476024053,0.560196833936061,0.2561501623418927,42.622950819672134,41.84755641868668,41.52107570912356,0.3866693485419092
20240910,2189642,1109205942,517.0,520.0,495.0,495.0,-20.0,2488,509.2,513.6,515.85,509.0110674054401,512.677968369212,513.8258774096346,-1.1479090404226326,-0.024661678211012384,37.41007194244605,27.898370945791118,36.98017412134608,0.42574018902644145
20240911,2053233,1020831986,499.0,504.0,494.0,494.5,-0.5,2218,507.7,512.05,515.475,504.17404493696006,509.88135785087167,512.3943309348468,-2.5129730839751687,-0.5223239593638437,40.15444015444015,18.961232804440456,30.973860349044205,0.4151599981525549
20240912,3721436,1924792335,505.0,524.0,505.0,518.0,23.5,3447,508.5,512.45,516.375,508.78269662464004,511.13037971996835,512.8095656804137,-1.679185960445352,-0.7536963595801454,51.013513513513516,30.032126217453055,30.659948971847154,0.47685327344909545
20240913,1665497,871532274,516.0,526.0,515.0,526.0,8.0,1913,509.7,514.25,516.925,514.52179774976,513.418013609204,513.7866348892719,-0.36862128006794137,-0.6766813436777046,52.30263157894736,48.09159291689852,36.47049695353094,0.47637167296737415
20240916,4562459,2471077593,529.0,552.0,521.0,550.0,24.0,5186,516.7,516.15,518.175,526.3478651665067,519.0460115154802,516.4691063789554,2.5769051365248288,-0.025964047637197892,58.092485549132945,64.24496999057601,45.72865463254596,0.4771000417810253
20240918,2506204,1333027262,546.0,547.0,520.0,521.0,-29.0,3562,521.9,515.55,517.575,524.5652434443379,519.3466251284833,516.8047281286624,2.5418969998208922,0.48760816185442013,52.89473684210527,58.34722137302768,49.934843546039865,0.5503722570288078
20240919,2484563,1331129745,523.0,547.0,519.0,547.0,26.0,2794,532.4,520.05,518.425,532.0434956295586,523.600990493332,519.0414149339467,4.55957555938528,1.3020016413605922,57.783018867924525,69.35791769696098,56.409201596346904,0.5337684346128481
20240920,2932211,1609345306,552.0,559.0,543.0,545.0,-2.0,2677,537.8,523.15,519.675,536.3623304197058,526.8931458020502,520.9642730869878,5.928872715062425,2.227375856100959,58.89423076923077,72.39245795182015,61.73695371483798,0.5302016642195998
20240923,2317657,1285223872,545.0,562.0,545.0,552.0,7.0,2751,543.0,526.35,521.525,541.5748869464705,530.755738755581,523.2632158212849,7.492522934296062,3.2804052717399794,55.46875,76.69301118356637,66.72230620441411,0.5305462485904294
20240924,2353995,1312120599,550.0,566.0,546.0,566.0,14.0,2834,546.2,531.45,523.875,549.716591297647,536.1779327931839,526.4289035382268,9.749029254957122,4.5741300683834085,59.65346534653465,84.4620074557109,72.63553995484637,0.5305210907138831
20240925,7880765,4383215783,580.0,583.0,543.0,550.0,-16.0,7163,552.0,536.95,525.275,549.811060865098,538.3044046711556,528.1749106835433,10.12949398761225,5.685202852229177,62.43523316062176,75.53877420124316,73.60328470364529,0.5070840170905031
20240926,7883511,4259976436,546.0,555.0,530.0,532.0,-18.0,6891,549.0,540.7,526.375,543.8740405767321,537.3344962602085,528.4582506329104,8.87624562729809,6.32341140724296,54.52261306532663,58.692516134162105,68.63302851381755,0.5472839835734855
20240927,4526106,2454145896,542.0,548.0,536.0,542.0,10.0,4025,548.4,543.1,527.775,543.2493603844881,538.0522660663303,529.4613431786208,8.59092288770944,6.776913703336256,55.418719211822655,51.10751075610806,62.791189261247716,0.512088032760435
20240930,3029800,1620333951,530.0,545.0,528.0,532.0,-10.0,2403,544.4,543.7,528.975,539.4995735896588,537.1211482099718,529.6493918320564,7.471756377915426,6.915882238252091,54.08653846153846,40.842507170738706,55.474961897744706,0.5195183506297719
20241001,2313696,1213298065,532.0,536.0,517.0,524.0,-8.0,2533,536.0,541.1,528.625,534.3330490597725,535.1025100238223,529.2309183630151,5.871591660807212,6.707024122763116,57.397959183673464,30.76369164917934,47.23787181488958,0.4689711216965787
20241004,5374120,2722413414,515.0,528.0,492.0,492.0,-32.0,5052,524.4,538.2,526.875,520.222032706515,528.471354635542,526.4730725583473,1.9982820771946308,5.7652757136494195,49.45054945054946,20.50912776611956,38.328290465299574,0.4936559889188159
20241007,3974192,2026616934,507.0,521.0,502.0,506.0,14.0,3504,519.2,534.1,527.075,515.4813551376767,525.0142231531509,524.9565486651364,0.05767448801441333,4.623755468522418,47.247706422018354,18.800956972284833,31.819179300961324,0.44355361738274846
20241008,5994674,3066475080,495.5,520.0,495.5,520.0,14.0,4869,514.8,531.6,527.375,516.9875700917845,524.2428042065122,524.5893969121634,-0.3465927056511191,3.629685833687711,48.660714285714285,22.79038157126681,28.809580057729818,0.4742497735494819
20241009,5886532,3178029248,533.0,549.0,529.0,532.0,12.0,6006,514.8,529.6,527.975,521.991713394523,525.4362189439719,525.1383304742253,0.29788846974656735,2.9633263608994826,45.75471698113208,29.845602366192523,29.154920827217385,0.4858493861988439
20241011,2275294,1211906857,527.0,538.0,525.0,537.0,5.0,2300,517.4,526.7,529.075,526.9944755963487,527.2152621833608,526.0169726613198,1.1982895220410228,2.6103189931277906,54.25531914893617,43.70659205365216,34.005477902695645,0.4678757573866384
20241014,2606058,1430966413,533.0,557.0,532.0,556.0,19.0,3195,530.2,527.3,532.125,536.6629837308992,531.6436833859207,528.2379376493701,3.405745736550557,2.769404341812344,52.486187845303874,61.95824085628092,43.323065553890736,0.4851043171085909
20241015,2998098,1662453601,562.0,562.0,546.0,558.0,2.0,3035,540.6,529.9,535.3,543.7753224872662,535.6985013265482,530.4425348605279,5.255966466020368,3.266716766653949,53.59116022099448,72.7340653327587,53.12673214684672,0.44978725874525505
20241016,2962421,1625990907,546.0,555.0,536.0,554.0,-4.0,2994,547.4,531.1,537.1,547.1835483248442,538.5141165070793,532.1875322782665,6.326584228812749,3.878690259085709,50.561797752808985,78.01318641231532,61.422216902002916,0.4465451156792674
20241017,2465150,1341441184,554.0,554.0,540.0,543.0,-11.0,2526,549.6,532.2,537.95,545.7890322165629,539.2042524290671,532.9884558132097,6.215796615857357,4.346111530440039,43.42857142857143,76.29450522725783,66.37964634375454,0.4482767988169173
20241018,5449083,3093041776,553.0,576.0,553.0,569.0,26.0,5475,556.0,536.7,538.9,553.5260214777086,543.788213593826,535.6559776048239,8.132235989002083,5.103336422152448,55.13513513513514,81.2977860935342,71.35235959368109,0.4839862164662872
20241021,3812997,2190548880,563.0,582.0,563.0,578.0,9.0,3947,560.4,545.3,541.75,561.6840143184725,549.0515653486219,538.7925718563184,10.258993492303489,6.134467836182656,63.06818181818182,85.990431576807,76.23171692138972,0.30347389059492813
20241022,3737675,2162085813,573.0,586.0,568.0,586.0,8.0,3434,566.0,553.3,543.7,569.7893428789816,554.7359399103724,542.2894183854801,12.446521524892319,7.39687857392459,62.643678160919535,90.66028771787133,81.04124052021692,0.2968557219722815
20241023,2865641,1629703581,580.0,585.0,563.0,565.0,-21.0,3848,568.2,557.8,544.7,568.1928952526545,556.3150260780075,543.9716836902593,12.34334238774818,8.386171336689308,58.91891891891892,82.29811530918198,81.46019878320527,0.37396486164794135
20241024,2218262,1258040090,562.0,573.0,556.0,570.0,5.0,2169,573.6,561.6,545.6,568.7952635017697,558.4204066813909,545.8997071206104,12.520699560780486,9.213076981507545,62.63736263736264,78.32220032957811,80.41419929866288,0.366132262208831
20241025,5449030,3223903056,580.0,596.0,577.0,596.0,26.0,5396,579.0,567.5,547.1,577.8635090011799,564.2018825765615,549.6108399264912,14.591042650070335,10.288670115220103,79.54545454545455,85.54813355305207,82.1255107167926,0.4081614312498901
20241028,4289118,2497076105,590.0,598.0,573.0,573.0,-23.0,4727,578.0,569.2,548.25,576.24233933412,565.5554391032443,551.3433703023067,14.212068800937686,11.07334985236362,68.10810810810811,76.92456215364761,80.39186119574427,0.4475016003212548
20241029,4521159,2506025031,567.0,567.0,549.0,553.0,-20.0,4588,571.4,568.7,549.3,568.4948928894133,563.6238330873606,551.466083613247,12.157749474113643,11.290229776713625,58.638743455497384,58.75430580358116,73.1793427316899,0.4835517698082045
20241030,4432910,2466095740,553.0,568.0,548.0,552.0,-1.0,3781,568.8,568.5,549.8,562.996595259609,561.8355510739206,551.5056329752287,10.329918098691905,11.098167441109283,55.55555555555556,41.8362038690541,62.73162977747796,0.48246427631333283
20241101,4620793,2525485322,530.0,553.0,530.0,553.0,1.0,3441,565.4,569.5,550.85,559.6643968397393,560.4762355240866,551.6163268289154,8.85990869517127,10.650515691921681,54.54545454545455,39.16531238329097,54.87619064608229,0.47107558856668513
20241104,2964068,1606704695,553.0,553.0,535.0,542.0,-11.0,3095,554.6,566.8,551.75,553.7762645598262,557.6337377511502,550.9040063230698,6.729731428080413,9.866358839153428,45.833333333333336,31.992561196703782,47.24831416295612,0.41453919638246717
20241105,3862502,2120968088,539.0,556.0,539.0,551.0,9.0,3156,550.2,564.1,554.7,552.8508430398842,556.6131627125117,550.9111169658054,5.70204574670629,9.033496220664,48.0,31.622491778194675,42.03970670136897,0.41552333358048427
20241106,5616413,3223054307,568.0,586.0,559.0,574.0,23.0,5574,554.4,562.9,558.1,559.9005620265896,559.2880607567406,552.621404597968,6.666656158772639,8.560128208285729,55.154639175257735,42.650288636443506,42.24323401306048,0.4633898627020775
20241107,4473589,2612522745,572.0,594.0,570.0,588.0,14.0,6405,561.6,565.2,561.5,569.2670413510598,563.7052821787805,555.2420412944148,8.463240884365746,8.540750743501732,61.421319796954315,56.86489830664861,47.11712211092319,0.4391679805839859
20241108,9124830,5369133743,594.0,603.0,579.0,584.0,-4.0,6984,567.8,566.6,564.1,574.1780275673732,566.8275464589682,557.3722604577914,9.455286001176773,8.723657795036742,54.285714285714285,62.567466451007746,52.267236890951374,0.44115176337942014
20241111,3285616,1916769892,587.0,599.0,572.0,579.0,-5.0,5027,575.2,564.9,566.2,575.7853517115822,568.700231619127,558.9743152386958,9.725916380431158,8.924109512115626,50.292397660818715,64.08607352441612,56.20684910210629,0.38172623703905306
20241112,3462271,1971107778,575.0,576.0,564.0,564.0,-15.0,3947,577.8,564.0,566.6,571.8569011410548,567.9771190623381,559.3465881839776,8.63053087836056,8.865393785364613,43.82022471910112,58.24916317152855,56.88762045858037,0.35429588953361557
20241113,8029567,4812371781,567.0,617.0,567.0,608.0,44.0,7679,584.6,569.5,569.1,583.9046007607033,574.13448536044,562.950544614794,11.183940745645941,9.32910317742088,60.69651741293532,68.71783291895007,60.83102461203693,0.4624934744488529
20241114,4974241,3024217484,608.0,622.0,593.0,594.0,-14.0,5161,585.8,573.7,571.1,587.2697338404689,577.1907183819108,565.2505042729574,11.940214108953342,9.851325363727373,55.71428571428571,68.41725259730771,63.35976727379385,0.48641283510941014
20241115,2938458,1758198787,600.0,606.0,591.0,600.0,6.0,2889,589.0,578.4,573.95,591.513155893646,580.6998386308476,567.8245409934791,12.875297637368476,10.456119818455594,51.05263157894737,70.10949369940995,65.60967608233256,0.4856373634459369
20241118,3970727,2372942136,600.0,606.0,590.0,592.0,-8.0,3401,591.6,583.4,575.1,591.6754372624307,582.4383249953326,569.6153157347029,12.823009260629647,10.929497706890405,55.42857142857143,64.19997992659077,65.13977736375196,0.476820024232622
20241119,2247514,1358439667,605.0,612.0,596.0,606.0,14.0,2223,600.0,588.9,576.5,596.4502915082871,586.0631980729737,572.3104775321323,13.752720540841437,11.494142273680612,65.68047337278107,66.93791765220993,65.73915745990462,0.4807274068437649
20241120,4204044,2595501608,606.0,626.0,605.0,625.0,19.0,4234,603.4,594.0,578.45,605.9668610055248,592.0534752925162,576.2134051223447,15.84007017017143,12.363327852978776,69.51871657754012,77.4209773595378,69.63309742644901,0.4663962262989668
20241121,5380345,3357242227,616.0,638.0,606.0,630.0,5.0,5097,610.6,598.2,581.7,613.9779073370166,597.8914021705906,580.1975973355044,17.693804835086212,13.429423249400264,70.15706806282722,81.34371463608827,73.53663649632875,0.45908186976878024
20241122,5209057,3367331724,633.0,662.0,633.0,640.0,10.0,8915,618.6,603.8,585.2,622.6519382246778,604.3696479904997,584.6274049402818,19.742243050217894,14.691987209563791,75.78947368421052,80.07948322677993,75.71758540647915,0.4546405646373507
20241125,6613545,4309480623,646.0,666.0,640.0,640.0,0.0,6460,628.2,609.9,587.4,628.4346254831186,609.851240607346,588.7290786484091,21.122161958936886,15.97802215943841,74.58563535911603,77.96544673031119,76.46687251442316,0.4479736441005838
20241126,3665012,2353740006,642.0,653.0,632.0,632.0,-8.0,3821,633.4,616.7,590.35,629.6230836554124,613.2587420523697,591.9343320818602,21.324409970509464,17.04729972165262,67.46987951807229,70.39801711845307,74.44392071576647,0.4241862328694444
20241127,8213811,5418535074,637.0,675.0,637.0,658.0,26.0,7859,640.0,621.7,595.6,639.082055770275,620.1420125058513,596.8280852609818,23.313927244869546,18.300625226296006,69.66292134831461,73.5986780789687,74.16217317016721,0.3091960924092277
20241128,4396733,2861191595,659.0,669.0,642.0,647.0,-11.0,13044,643.4,627.0,600.35,641.7213705135167,624.2740105818742,600.544523389798,23.72948719207625,19.386397619452055,67.02702702702703,71.41872656244972,73.2476909675947,0.2939735951718064
20241129,4082417,2659178062,635.0,663.0,634.0,657.0,10.0,3725,646.8,632.7,605.55,646.8142470090112,629.3087781846629,604.7264105461093,24.582367638553592,20.425591623272364,70.52631578947368,73.35088099943906,73.28208764487616,0.2957282934968827
20241202,12850120,9052549187,651.0,722.0,651.0,704.0,47.0,9640,659.6,643.9,613.65,665.8761646726741,640.7997353870225,612.080009764916,28.719725622106466,22.084418423039185,81.53153153153153,77.10571553808757,74.55663027594662,0.3851203345972765
20241203,6926459,4903866724,718.0,718.0,699.0,708.0,4.0,6334,674.8,654.1,621.5,679.9174431151162,651.1382376351728,619.1851942267741,31.953043408398685,24.058143420111087,77.47252747252747,80.71415518631125,76.60913857940149,0.3873412034877161
20241204,6189540,4457873081,703.0,735.0,703.0,735.0,27.0,6062,690.2,665.1,629.55,698.2782954100775,664.0400472297616,627.7640687284945,36.275978501267105,26.501710436342293,86.15384615384616,87.14277012420749,80.12034909433682,0.3950533855601661
20241205,8829575,6291338604,730.0,733.0,703.0,709.0,-26.0,8566,702.6,673.0,635.6,701.8521969400517,670.9569630405675,633.7815451189764,37.175417921591134,28.636451933392063,75.34883720930233,83.01427393393767,81.08499070753709,0.4671362516886811
20241206,6979389,4982929994,720.0,725.0,704.0,705.0,-4.0,6584,712.2,679.5,641.65,702.9014646267012,676.1943533420186,639.0569862212744,37.137367120744216,30.336634970862494,76.77725118483411,78.96744475854743,80.37914205787386,0.47367035466248314
20241209,6887078,4969531952,701.0,733.0,701.0,720.0,15.0,6275,715.4,687.5,648.7,708.6009764178009,682.9336835970927,645.0527650196985,37.88091857739414,31.845491692168824,76.88679245283019,81.02780145619333,80.59536185731368,0.47344748755697236
20241210,7572105,5391684146,718.0,734.0,699.0,706.0,-14.0,6353,715.0,694.9,655.8,707.733984278534,686.4823476590784,649.5673750182394,36.91497264083898,32.859387881902855,69.56521739130434,77.78091054175265,79.65721141879334,0.48367909437705336
20241211,10129731,7410047336,708.0,745.0,708.0,730.0,24.0,9478,714.0,702.1,661.9,715.1559895190227,693.1773710961432,655.5253472391106,37.652023857032646,33.81791507692881,72.12389380530973,80.68276918999726,79.99906400919464,0.47420639913524093
20241212,6898219,5012823450,740.0,746.0,712.0,712.0,-18.0,6880,714.6,708.6,667.8,714.1039930126818,696.0731601582751,659.7086548510283,36.36450530724676,34.3272331229924,65.38461538461539,75.19202156526133,78.39671652788354,0.48733475361732187
20241213,11713996,8702866051,719.0,762.0,719.0,746.0,34.0,10130,722.8,717.5,675.1,724.7359953417879,703.7542124416174,666.1006063435448,37.6536060980726,34.99250771800845,69.77611940298507,74.99573924456575,77.26305743344427,0.5184836435932432
20241216,8400916,6257800067,752.0,765.0,730.0,736.0,-10.0,8476,726.0,720.7,682.3,728.4906635611919,708.7151028352147,671.278339206986,37.43676362822873,35.481358900052506,69.25925925925927,68.68402818324586,74.40338101671146,0.43451318119443794
20241217,4781948,3508898314,734.0,741.0,725.0,740.0,4.0,4927,732.8,723.9,689.0,732.3271090407947,713.5281639374894,676.3688325990611,37.159331338428274,35.81695338772766,66.53225806451613,66.4964228292346,71.7677282875525,0.43449736563621716
20241218,4764059,3466264822,733.0,737.0,718.0,735.0,-5.0,4751,733.8,723.9,694.5,733.2180726938632,716.8315233317218,680.7118820361677,36.11964129555406,35.87749096929294,68.18181818181819,62.51276673464125,68.68274110324874,0.39946494797035564
20241219,6600977,4857086005,715.0,755.0,714.0,742.0,7.0,6800,739.8,727.2,700.1,736.1453817959089,720.703596665303,685.2517426260812,35.45185403922187,35.79236358327873,67.78242677824268,63.392349540265876,66.91927724892112,0.3520432038382697
20241220,10810607,8283211667,740.0,787.0,740.0,757.0,15.0,9508,742.0,732.4,705.95,743.0969211972726,726.2876587167949,690.5664283574826,35.72123035931236,35.77813693848546,62.80193236714976,64.23126332987422,66.02327260923882,0.35450654736114356
20241223,3755120,2855479012,769.0,772.0,750.0,763.0,6.0,4177,747.4,736.7,712.1,749.7312807981818,731.9357112219034,695.9318781087801,36.00383311312328,35.82327617341303,63.15789473684211,66.02759327476846,66.02471283108203,0.3469280410750264
20241224,4097990,3124982903,767.0,774.0,753.0,755.0,-8.0,4664,750.4,741.6,718.25,751.4875205321213,735.4840633416105,700.3072945451668,35.17676879644375,35.693974698019176,55.26315789473684,63.129506627623414,65.05964409659582,0.33252770264164494
20241225,2934466,2234702724,765.0,774.0,752.0,760.0,5.0,3414,755.4,744.6,723.35,754.3250136880808,739.2557459044397,704.72897643071,34.5267694737297,35.460533653161285,65.0887573964497,63.0909039617946,64.4033973849954,0.30128172475072224
20241226,2037551,1543245929,763.0,765.0,753.0,754.0,-6.0,2706,757.8,748.8,728.7,754.2166757920539,741.524092688372,708.378681880287,33.14541080808499,34.997509084146024,64.32748538011695,60.325442823844796,63.044079197945194,0.26917498596038536
20241227,4043832,3130656364,754.0,784.0,754.0,777.0,23.0,4856,761.8,751.9,734.7,761.8111171947027,746.9819245824687,713.4617424817473,33.5201821007214,34.7020436874611,65.92178770949721,68.98408517023444,65.02408118870827,0.21088644469120688
20241230,1589992,1216783315,773.0,775.0,760.0,761.0,-16.0,2997,761.4,754.4,737.55,761.5407447964685,749.1385515697812,716.9830948905067,32.155456679274494,34.19272628582378,65.19337016574585,67.45057732810149,65.83291323517267,0.2283833413173342
20241231,3477710,2683706411,758.0,787.0,756.0,773.0,12.0,3687,765.0,757.7,740.8,765.360496530979,752.8095436359687,721.1324952689877,31.677048366981012,33.68959070205523,62.72189349112426,71.90769082147405,67.85783909727313,0.23580137450505792
