Date,Volume,Transaction Amount,Open,High,Low,Close,Diff,Transaction Count,MA5,MA10,MA20,EMA5,EMA12,EMA26,DIF,MACD,RSI,K,D
20220103,1956065,1131153745,589.0,594.0,571.0,573.0,-7.0,2007,,,,573.0,573.0,573.0,0.0,0.0,,50.0,50.0
20220104,2501707,1405123218,576.0,580.0,556.0,558.0,-15.0,3337,,,,568.0,570.6923076923077,571.8888888888889,-1.1965811965811781,-0.23931623931623563,,35.08771929824561,45.029239766081865
20220105,1860504,1040654855,556.0,565.0,556.0,563.0,5.0,1677,,,,566.3333333333334,569.508875739645,571.2304526748972,-1.7215769352521875,-0.5357683785034261,,29.532163742690052,39.86354775828459
20220106,2932109,1625797711,560.0,565.0,548.0,555.0,-8.0,2548,,,,562.5555555555557,567.2767410104689,570.028196921201,-2.7514559107321475,-0.9789058849491703,,24.76057292990931,34.82922281549283
20220107,2274586,1262253312,563.0,566.0,548.0,555.0,0.0,1845,560.8,,,560.0370370370372,565.3880116242428,568.9149971492602,-3.5269855250173805,-1.4885218129628124,,21.57951238805548,30.41265267301371
20220110,1986933,1104130948,553.0,562.0,548.0,557.0,2.0,1302,557.6,,,559.0246913580248,564.0975482974362,568.0324047678336,-3.934856470397335,-1.977788744449717,,20.90808072247177,27.244462022833062
20220111,3637036,1994504840,558.0,562.0,539.0,543.0,-14.0,3345,554.6,,,553.6831275720166,560.8517716362921,566.1781525628088,-5.326380926516663,-2.6475071808631063,,16.36296290589027,23.617295650518795
20220112,2767629,1501344215,553.0,553.0,539.0,543.0,0.0,1947,550.6,,,550.1220850480111,558.1053452307087,564.4612523729711,-6.355907142262367,-3.389187173142959,,13.332884361502604,20.18915855418006
20220113,1876779,1013665777,538.0,546.0,534.0,540.0,-3.0,1693,547.6,,,546.7480566986741,555.3199075029074,562.649307752751,-7.329400249843616,-4.17722978848309,,12.2219229076684,17.533413338676173
20220114,1637786,871190627,538.0,539.0,527.0,532.0,-8.0,1773,543.0,551.9,,541.832037799116,551.7322294255371,560.3789886599546,-8.646759234417573,-5.071135677669987,,11.29260269316258,15.453143123504974
20220117,1267005,677229280,527.0,539.0,527.0,536.0,4.0,1428,538.8,548.2,,539.8880251994108,549.311886436993,558.5731376481061,-9.261251211113176,-5.909158784358625,,15.220709487749412,15.375665244919785
20220118,1547977,839379189,539.0,547.0,536.0,537.0,1.0,1654,537.6,546.1,,538.9253501329406,547.4177500620709,556.9751274519501,-9.557377389879207,-6.638802505462741,,18.694148205508153,16.481826231782573
20220119,1334352,722614389,535.0,545.0,533.0,541.0,4.0,1446,537.2,543.9,,539.6169000886271,546.4304038986754,555.7917846777316,-9.361380779056162,-7.183318160181426,,24.428577436150732,19.13074329990529
20220120,1272460,688421331,534.0,547.0,534.0,540.0,-1.0,1237,537.2,542.4,,539.7446000590847,545.4411109911869,554.6220228497515,-9.180911858564627,-7.582836899858067,24.615384615384613,28.666670671719537,22.309385757176706
20220121,1874305,1017798498,538.0,546.0,537.0,544.0,4.0,1798,539.6,541.3,,541.1630667060565,545.2194016079274,553.8352063423625,-8.615804734435187,-7.789430466773491,28.985507246376812,35.30158997162255,26.64012049532532
20220124,1602014,859112815,540.0,543.0,530.0,535.0,-9.0,1674,539.4,539.1,,539.1087111373711,543.6471859759386,552.4400058725579,-8.792819896619335,-7.99010835274266,31.746031746031747,33.79080357082529,29.023681520491976
20220125,1962851,1047164684,530.0,542.0,527.0,531.0,-4.0,2328,538.2,537.9,,536.4058074249141,541.7014650565634,550.8518572894054,-9.150392232842023,-8.222165128762533,24.19354838709677,29.193869047216857,29.080410696066934
20220126,1502378,799259665,533.0,540.0,526.0,526.0,-5.0,2031,535.2,536.2,,532.9372049499427,539.2858550478613,549.0109789716716,-9.725123923810315,-8.52275688777209,25.423728813559322,19.462579364811237,25.8744669189817
20220207,3059832,1562530232,525.0,531.0,503.0,506.0,-20.0,3632,528.4,532.8,,523.9581366332952,534.1649542712673,545.8249805293256,-11.660026258058224,-9.150210761829317,18.987341772151893,15.247780182601431,22.33223800685494
20220208,2432891,1246026405,511.0,518.0,504.0,514.0,8.0,2455,522.4,531.0,541.45,520.6387577555302,531.0626536141493,543.4675745641903,-12.404920950040946,-9.801152799471645,24.705882352941174,18.498520121734288,21.054332045148055
20220209,4694656,2369063190,491.0,517.0,491.0,511.0,-3.0,4309,517.6,528.5,538.35,517.4258385036868,527.9760915196648,541.062569040917,-13.086477521252164,-10.458217743827749,28.378378378378386,24.237108652584762,22.11525758096029
20220210,2629295,1337541075,506.0,514.0,505.0,510.0,-1.0,2663,513.4,525.8,535.95,514.9505590024579,525.210538978178,538.7616380008491,-13.55109902267111,-11.076793999596422,28.0,27.467596244580317,23.89937046883363
20220211,3092763,1559963568,505.0,510.0,500.0,504.0,-6.0,2945,509.0,522.1,533.0,511.30037266830533,521.9473791353813,536.1867018526381,-14.239322717256755,-11.709299743128488,26.92307692307692,26.19051870850809,24.66308654872512
20220214,2699172,1326102387,500.0,501.0,486.0,487.5,-16.5,4285,505.3,516.85,529.625,503.36691511220357,516.6477823453226,532.5802794931834,-15.932497147860772,-12.553939224074945,24.277456647398836,18.3375387881282,22.554570628526143
20220215,2381077,1170857049,490.0,496.0,488.0,490.0,2.5,2430,500.5,511.45,526.375,498.91127674146907,512.5481235229653,529.4261847159106,-16.878061192945324,-13.418763617849022,22.941176470588232,14.605978239704513,19.905039832252264
20220216,2610737,1311384835,497.0,507.0,496.0,503.0,13.0,2666,498.9,508.25,523.675,500.27418449431275,511.0791814425091,527.4686895517691,-16.38950810926002,-14.012912516131223,32.47422680412372,20.2311459869635,20.013741883822675
20220217,2496425,1232300447,505.0,505.0,489.0,489.0,-14.0,4017,494.7,504.05,520.975,496.51612299620854,507.68238429750767,524.6191569923787,-16.93677269487108,-14.597684551879196,25.70093457943925,15.70965288019789,18.57904554928108
20220218,2553026,1231568237,482.0,486.5,479.0,483.0,-6.0,3753,490.5,499.75,517.975,492.01074866413904,503.8850944055834,521.5362564744248,-17.651162068841415,-15.208380055271641,24.55357142857143,13.891905338935345,17.016665479165834
20220221,2808604,1341504185,478.0,484.5,470.0,481.5,-1.5,3258,489.3,497.3,515.05,488.50716577609273,500.4412337278013,518.5706078466897,-18.129374118888336,-15.792578867994981,21.46118721461187,17.417298594751223,17.15020985102763
20220222,3011090,1421919847,465.5,480.0,465.5,476.0,-5.5,3744,486.5,493.5,512.25,484.3381105173952,496.6810439235242,515.4172294876756,-18.736185564151413,-16.381300207226268,22.169811320754718,18.82802724186164,17.709482314638965
20220223,2569482,1212904473,476.0,479.0,468.5,472.0,-4.0,3271,480.3,489.6,509.05,480.2254070115968,492.883960242982,512.2011384145145,-19.317178171532476,-16.96847580008751,22.169811320754718,17.420932018918997,17.61329888273231
20220224,3960595,1812101257,462.0,466.5,450.0,455.0,-17.0,6253,473.5,484.1,504.95,471.8169380077312,487.05565866713863,507.9640170504764,-20.90835838333777,-17.756452316737565,19.915254237288124,14.537931287466465,16.58817635097703
20220225,5421797,2456276243,455.0,463.5,447.5,456.0,1.0,5031,468.1,479.3,500.7,466.5446253384875,482.2778650260404,504.11483060229295,-21.836965576252567,-18.572554968640567,24.747474747474755,14.453858953549071,15.876737218501042
20220301,3354616,1591058256,475.0,478.5,468.0,474.5,18.5,3456,466.7,478.0,497.425,469.19641689232503,481.08127040664954,501.92113944656757,-20.839869039918028,-19.026017782896062,31.96347031963471,24.76195638920078,18.83847694206762
20220302,1483063,696368667,473.0,473.0,465.0,472.0,-2.5,1792,465.9,476.2,493.825,470.1309445948834,479.6841518825496,499.7047587468218,-20.020606864272224,-19.224935599171296,32.11009174311927,30.710869476858488,22.79594112033124
20220303,2571893,1236586380,477.0,486.5,476.5,477.5,5.5,2679,467.0,473.65,490.95,472.58729639658895,479.3481285160035,498.0599618026128,-18.711833286609306,-19.122315136658898,35.68281938325991,46.114938625597965,30.56894028875348
20220304,1804100,846473403,473.0,473.0,466.0,466.5,-11.0,2737,469.3,471.4,487.725,470.558197597726,477.37149335969525,495.7221868542711,-18.350693494575864,-18.96799080824229,34.17721518987341,46.982608656381544,36.04016307796283
20220307,2741731,1230781496,459.0,459.0,445.0,449.0,-17.5,4233,467.9,468.0,483.875,463.3721317318174,473.0066482274344,492.26128412432513,-19.254635896890704,-19.025319825971977,33.89121338912135,34.53459050987685,35.5383055552675
20220308,1997847,894150622,440.0,455.5,440.0,448.0,-1.0,2503,462.6,464.65,480.975,458.2480878212116,469.1594715770599,488.9826704854862,-19.82319890842632,-19.184895642462845,32.203389830508485,28.757827365007504,33.27814615851417
20220309,2352715,1063433712,448.0,456.5,448.0,451.0,3.0,2249,458.4,462.15,477.825,455.8320585474744,466.36570671905065,486.1691393384132,-19.803432619362525,-19.308603037842783,25.925925925925924,27.05718956950321,31.204493962177178
20220310,2075390,967608465,462.0,470.0,461.0,469.0,18.0,2206,456.7,461.85,475.725,460.2213723649829,466.77098260842746,484.8973512392715,-18.126368630844013,-19.07215615644303,41.07142857142856,38.82665684561862,33.745214923324326
20220311,1249402,582575344,466.0,470.5,462.0,466.0,-3.0,1357,456.6,462.95,473.525,462.1475815766553,466.6523698994386,483.49754744376986,-16.84517754433125,-18.626760434020674,42.201834862385326,44.52243072862029,37.337620191756315
20220314,1260774,586527878,471.0,474.5,460.5,465.0,-1.0,1413,459.8,463.85,471.575,463.0983877177702,466.39815914567885,482.12735874423134,-15.729199598552498,-18.047248266927042,42.3963133640553,47.602767439151876,40.759335940888164
20220315,2215605,1000693994,463.5,464.0,446.5,447.5,-17.5,2816,459.7,461.15,469.575,457.89892514518016,463.49075004634363,479.5623692076216,-16.071619161277965,-17.65212244579723,38.17427385892116,37.111522378789424,39.54339808685525
20220316,2390830,1062092131,455.0,456.5,440.0,445.0,-2.5,2703,458.5,458.45,467.325,453.5992834301201,460.64601926998307,477.00219371076076,-16.356174440777693,-17.39293284479332,38.65546218487395,29.571932793589085,36.21957632243319
20220317,3186682,1450439020,459.0,460.5,450.0,455.0,10.0,2954,455.7,456.2,464.925,454.0661889534134,459.7774009207549,475.37240158403773,-15.595000663282804,-17.03334640849122,50.0,34.207375485581125,35.54884271014917
20220318,2964945,1349591008,460.0,461.0,451.0,455.0,0.0,2317,453.5,455.05,463.225,454.3774593022756,459.0424161637157,473.8633348000349,-14.82091863631922,-16.59086085405682,49.54954954954955,37.29767061357582,36.13178534462472
20220321,1243311,570942249,458.0,462.0,456.5,459.5,4.5,1360,452.4,456.1,462.05,456.08497286818374,459.1128136769902,472.7993840741064,-13.686570397116213,-16.0100027626687,42.2680412371134,43.705693452528806,38.65642138059275
20220322,1213308,556539148,464.5,464.5,456.0,457.5,-2.0,1546,454.4,457.05,460.85,456.5566485787892,458.8646884959148,471.66609636491336,-12.80140786899858,-15.368283783934679,42.487046632124354,46.04534152873901,41.119394763308165
20220323,1956214,894314565,457.5,462.5,454.5,457.5,0.0,2317,456.9,457.7,459.925,456.8710990525262,458.6547364196202,470.61675589343827,-11.962019473818088,-14.687030921911362,39.01098901098901,47.605106912879144,43.28129881316516
20220324,2140203,963056266,455.5,455.5,447.5,452.5,-5.0,2648,456.4,456.05,458.95,455.41406603501747,457.70785389352477,469.2747739754058,-11.566920081881051,-14.0630087539053,41.76470588235294,43.81403262790977,43.45887675141336
20220325,1986110,890481276,450.0,453.5,446.0,446.0,-6.5,2479,454.6,454.05,458.5,452.276044023345,455.90664560221325,467.5507166438943,-11.644071041681059,-13.579221211460453,47.972972972972975,37.37262039139563,41.430124631407445
20220328,2663446,1151119964,441.0,442.0,428.5,430.5,-15.5,4073,448.8,450.6,457.225,445.01736268223004,451.99793089418046,464.80621911471695,-12.808288220536497,-13.425034613275663,40.112994350282484,26.766932112782268,36.54239379186572
20220329,2037117,878680825,435.0,437.0,428.0,432.5,2.0,2560,443.8,449.1,455.125,440.84490845482003,448.9982492181527,462.41316584696017,-13.414916628807475,-13.423011016382027,39.42857142857143,21.954210449617403,31.679666011116282
20220330,1734047,750204361,436.0,436.5,430.0,432.5,0.0,2047,438.8,447.85,453.15,438.06327230321335,446.46005703074457,460.1973757842224,-13.737318753477837,-13.48587256380119,23.741007194244602,18.745729340840825,27.368353787691127
20220331,1426751,615372238,429.5,434.5,429.0,430.5,-2.0,1293,434.4,445.4,450.8,435.5421815354756,444.00466364139925,457.9975701705763,-13.992906529177048,-13.587279356876362,24.08759124087591,14.780257916724933,23.172321830702394
20220401,3563573,1489707797,424.0,424.0,415.0,417.0,-13.5,5378,428.6,441.6,448.325,429.36145435698376,439.8501000042609,454.96071312090396,-15.110613116643037,-13.891946108829698,20.370370370370367,11.20030662461797,19.181650095340917
20220406,3135202,1297764094,416.0,419.0,403.5,413.0,-4.0,3974,425.1,436.95,446.525,423.9076362379892,435.71931538822076,451.85251214898517,-16.133196760764406,-14.34019623921664,24.444444444444443,12.834102721496723,17.065800970726187
20220407,2008495,824550995,410.0,417.0,406.0,407.5,-5.5,3985,420.1,431.95,444.5,418.4384241586595,431.3778822515714,448.56714087869,-17.18925862711859,-14.91000871679703,23.404255319148945,11.12017104510038,15.083924328850916
20220408,2777986,1132950229,410.5,414.0,405.0,407.0,-0.5,2876,415.0,426.9,442.3,414.625616105773,427.6274388282527,445.4880934061944,-17.860654577941716,-15.500137889025968,10.655737704918025,9.746780696733586,13.304876451478473
20220411,2154410,861472915,412.0,412.5,394.5,396.0,-11.0,4348,408.1,421.25,438.65,408.41707740384874,422.7616790085215,441.82230870943926,-19.06062970091773,-16.21223625140432,9.027777777777786,7.550485376769759,11.386746093242234
20220412,2532596,1001479013,388.0,401.5,387.0,396.0,0.0,3172,403.9,416.25,435.15,404.2780516025659,418.6444976225951,438.4280636198512,-19.783565997256062,-16.92650220057467,2.962962962962962,11.033656917846505,11.269049701443658
20220413,3207162,1319616957,401.0,417.5,400.0,413.5,17.5,4263,404.0,414.55,432.575,407.3520344017106,417.8530364498882,436.5815403887511,-18.7285039388629,-17.286902548232316,23.493975903614455,25.20088912368218,15.912996175523165
20220414,1941209,804804436,414.0,417.5,409.5,416.0,2.5,2642,405.7,412.9,431.0,410.2346896011404,417.56795391913613,435.0569818414362,-17.489027922300068,-17.327327623045868,25.73099415204679,37.15146994210391,22.99248743105008
20220415,1887004,759310101,409.0,409.5,398.0,398.0,-18.0,2955,403.9,409.45,428.65,406.15645973409363,414.55749947003824,432.31202022355205,-17.754520753513816,-17.41276624913946,22.335025380710647,34.677556537979186,26.887510466693115
20220418,1438522,581478669,397.0,407.5,394.0,405.5,7.5,2488,405.8,406.95,426.175,405.9376398227291,413.1640380131093,430.3259446514371,-17.16190663832782,-17.36259432697713,29.64824120603015,42.38920435865279,32.054741764013
20220419,2987188,1206223543,408.0,411.0,400.0,400.0,-5.5,3462,406.6,405.25,423.425,403.9584265484861,411.13880139570784,428.0795783809603,-16.940776985252455,-17.2782308586322,32.960893854748605,42.467119845659234,35.52553445789508
20220420,2357949,956791732,403.0,409.5,402.5,405.0,5.0,2159,404.9,404.45,420.7,404.3056176989908,410.1943704117528,426.36997998237064,-16.175609570617837,-17.057706601029327,35.135135135135144,47.983544377980465,39.67820443125687
20220421,2137078,866492999,401.0,409.0,401.0,406.0,1.0,3015,402.9,404.3,418.125,404.8704117993272,409.5490826560985,424.86109257626913,-15.312009920170624,-16.70856726485759,35.82887700534759,52.75405690772468,44.0368219234128
20220422,3098854,1225594885,396.5,399.0,393.0,395.0,-11.0,4165,402.3,403.1,415.0,401.5802745328848,407.31076224746795,422.6491597928418,-15.338397545373823,-16.434533320960835,32.6829268292683,43.91254067072356,43.99539483918305
20220425,4082349,1578996929,386.0,392.5,380.0,392.0,-3.0,4825,399.6,402.7,411.975,398.3868496885899,404.95526036324213,420.37885166003866,-15.42359129679653,-16.232344916127975,36.41304347826087,39.94169378048237,42.644161152949486
20220426,2683216,1033839163,392.0,393.5,380.0,381.0,-11.0,4452,395.8,401.2,408.725,392.59123312572666,401.2698356919741,417.461899685221,-16.192063993246904,-16.224288731551763,33.83838383838385,27.5166847425438,37.60166901614759
20220427,2465707,932145719,370.5,384.5,370.0,382.5,1.5,2985,391.3,398.1,406.325,389.2274887504845,398.3821686624396,414.8721293381676,-16.489960675728014,-16.277423120387013,36.8421052631579,28.50705812104546,34.570132051113546
20220428,2537789,997480664,386.0,399.0,383.0,395.0,12.5,3685,389.1,396.0,404.45,391.1516591669897,397.86183502206427,413.4001197575626,-15.538284735498337,-16.12959544340928,44.392523364485974,39.32990866606282,36.15672425609664
20220429,3243292,1315917730,404.0,410.0,400.0,407.5,12.5,3919,391.6,396.95,403.2,396.6011061113265,399.3446296340544,412.963073849595,-13.618444215540592,-15.627365197835543,55.29953917050691,56.70774398875733,43.00706416698353
20220503,1264401,509438041,404.0,408.5,398.5,403.0,-4.5,2887,393.8,396.7,401.825,398.73407074088436,399.90699430573835,412.2250683792546,-12.318074073516243,-14.965506972971683,53.09734513274336,65.30516265917154,50.439763664379534
20220504,1271130,513343246,404.0,406.0,402.0,405.0,2.0,1829,398.6,397.2,401.225,400.8227138272563,400.69053364331705,411.6898781289394,-10.999344485622373,-14.172274475501823,45.64102564102564,72.70344177278102,57.86098970051336
20220505,3152122,1305562461,410.0,417.0,410.0,415.0,10.0,4088,405.1,398.2,401.325,405.54847588483756,402.89199000588366,411.9350723416106,-9.043082335726922,-13.146436047546842,49.52380952380953,80.38385479887529,65.36861139996734
20220506,1809910,738200849,404.5,412.5,402.0,409.0,-6.0,3034,407.9,398.5,401.4,406.69898392322506,403.8316838511323,411.71765957556534,-7.885975724433024,-12.09434398292408,55.91397849462366,81.24881100066864,70.66201126686776
20220509,1324539,540217272,404.5,411.5,403.0,408.0,-1.0,1840,408.0,399.8,401.45,407.13265594881676,404.4729632586504,411.4422773847827,-6.9693141261323035,-11.069338011565726,51.44508670520231,81.11622861037483,74.14675038137011
20220510,2250492,926847137,404.0,416.5,400.0,414.5,6.5,3076,410.3,402.05,402.375,409.5884372992112,406.0155842957811,411.66877535628026,-5.653191060499182,-9.986108621352418,58.28571428571429,85.63776942819314,77.97709006364445
20220511,2039351,847486620,414.0,421.0,412.5,415.0,0.5,3158,412.3,405.45,403.325,411.39229153280746,407.39780209643015,411.91553273729653,-4.517730640866375,-8.89243302525521,56.02409638554217,85.16202172405858,80.37206728378248
20220512,2815451,1159694779,408.0,418.5,407.5,410.5,-4.5,3592,411.4,408.25,403.175,411.0948610218717,407.875063312364,411.81067846045977,-3.935615148095792,-7.901069449823327,52.601156069364166,74.55245892715016,78.4321978315717
20220513,2084479,868464155,417.0,419.5,414.5,416.5,6.0,3057,412.9,410.4,403.2,412.8965740145811,409.2019766489234,412.15803561153683,-2.95605896261344,-6.912067352381349,63.190184049079754,76.36830595143343,77.74423387152561
20220516,4834018,2070648507,424.0,437.5,422.5,427.0,10.5,4864,416.7,412.35,404.65,417.5977160097208,411.9401340875506,413.2574403810526,-1.3173062935020425,-5.793115140605488,69.66292134831461,74.91220396762228,76.80022390355782
20220517,2969480,1275694092,423.5,435.0,420.5,431.5,4.5,4065,420.1,415.2,405.95,422.2318106731472,414.9493442279274,414.60874109356723,0.3406031343601512,-4.56637148561236,80.60606060606061,77.94146931174818,77.18063903962127
20220518,3039327,1314524396,433.0,436.0,429.5,432.0,0.5,3825,423.5,417.9,407.55,425.4878737820982,417.5725220390155,415.89698249404375,1.6755395449717412,-3.3179892794955403,80.3680981595092,80.4054239856099,78.25556735495081
20220519,3756066,1645992669,426.0,443.0,425.5,441.5,9.5,4668,429.7,420.55,409.375,430.82524918806547,421.25367249455155,417.79350230929975,3.4601701852517976,-1.9623573865460728,79.61783439490446,85.77415862606551,80.76176444532237
20220520,2533250,1111776249,443.0,444.5,435.5,437.5,-4.0,3407,433.9,423.4,410.95,433.050166125377,423.75310749538977,419.25324287898127,4.499864616408502,-0.6699129859551579,71.42857142857143,85.27266005782644,82.26539631615705
20220523,2256537,976239529,433.5,438.0,426.0,430.5,-7.0,2599,434.6,425.65,412.725,432.2001107502514,424.7910909576375,420.0863359990567,4.704754958580793,0.40502060295203224,68.9655172413793,77.56916075927168,80.69998446386192
20220524,1620184,693944828,430.5,437.5,422.0,422.0,-8.5,1896,432.7,426.4,414.225,428.80007383350096,424.3616923487702,420.22808888801546,4.133603460754728,1.1507371745125714,60.759493670886066,64.77583690257751,75.39193527676711
20220525,1453440,625221912,424.5,434.5,423.5,429.0,7.0,1883,432.1,427.8,416.625,428.86671588900066,425.07527814126706,420.8778600814958,4.19741805977128,1.7600733515643132,59.21052631578947,59.29500237949611,70.02629097767678
20220526,2956932,1238659319,429.0,429.0,412.5,417.5,-11.5,3862,427.3,428.5,418.375,425.0778105926671,423.9098507349183,420.6276482236072,3.282202511311084,2.0644991835136675,55.214723926380366,44.73833491966408,61.59697229167254
20220527,1996159,853148979,423.0,430.0,422.0,429.5,12.0,1935,425.7,429.8,420.1,426.5518737284448,424.769873698777,421.284859466303,3.485014232474043,2.3486021933057426,61.62162162162162,47.53388994644271,56.90927817659593
20220530,2877607,1270864835,436.0,444.5,434.0,443.5,14.0,2872,428.3,431.45,421.9,432.20124915229655,427.65143159127285,422.930425431762,4.721006159510864,2.8230829865467673,64.5,63.980926630961804,59.26649432805122
20220531,2600347,1153216342,438.5,445.0,438.5,445.0,1.5,2214,432.9,432.8,424.0,436.4674994348644,430.3204421156924,424.56520873311297,5.7552333825794335,3.4095130657533006,64.85148514851485,75.9872844206412,64.84009102558122
20220601,2191148,984183530,443.0,453.0,441.0,446.0,1.0,2309,436.3,434.2,426.05,439.64499962324294,432.73268179020124,426.1529710491787,6.579710741022552,4.043552600807152,68.2051282051282,78.23020607466614,69.30346270860952
20220602,1778239,787719181,443.0,445.5,439.5,441.5,-4.5,1786,441.1,434.2,427.375,440.263333082162,434.0814999763241,427.28978800849876,6.791711967825336,4.593184474210789,63.020833333333336,76.02178347364574,71.54290296362159
20220606,2030768,900684964,443.5,448.5,432.5,448.5,7.0,2454,444.9,435.3,429.35,443.00888872144134,436.2997307491973,428.86091482268404,7.438815926513257,5.1623107646712825,61.62162162162162,80.31081861206012,74.4655415131011
20220607,1456163,648420256,444.0,450.5,440.5,444.5,-4.0,1580,445.1,436.7,431.175,443.50592581429424,437.56131063393616,430.01936557655927,7.541945057376893,5.6382376232124045,57.065217391304344,79.87799430104418,76.26969244241546
20220608,1862940,838888661,452.0,456.5,446.0,451.0,6.5,1970,446.3,439.6,433.0,446.00395054286287,439.62880130563826,431.57348664496226,8.055314660676004,6.121653030705125,59.69387755102041,82.41866286736278,78.31934925073122
20220609,1089348,489331674,447.5,451.5,446.0,450.0,-1.0,1100,447.1,441.7,434.75,447.3359670285753,441.2243703355401,432.93841356015025,8.28595677538982,6.554513779642065,54.74860335195531,81.99891534152687,79.54587128099644
20220610,992193,441521458,443.0,448.5,441.5,445.5,-4.5,1418,447.9,444.5,436.5,446.7239780190502,441.88215951468777,433.86890144458357,8.0132580701042,6.846262637734492,54.44444444444445,72.72149911657347,77.2710805595221
20220613,2075047,902413257,437.0,438.0,431.0,433.5,-12.0,2638,444.9,444.9,437.35,442.31598534603353,440.5925965124281,433.84157541165143,6.751021100776654,6.827214330342925,51.57894736842105,51.74897326725813,68.76371146210077
20220614,2364193,1008087913,428.0,430.0,421.5,428.5,-5.0,2532,441.7,443.4,437.425,437.7106568973557,438.7321970489776,433.4459031589365,5.286293890041065,6.519030242282554,53.551912568306015,41.16598217817208,59.56446836745788
20220615,1271122,544596257,423.0,432.0,423.0,426.0,-2.5,1506,436.7,441.5,437.15,433.8071045982372,436.773397502981,432.8943547767931,3.879042726187947,5.991032739063633,48.275862068965516,31.72970240449567,50.28621304647047
20220616,1801057,783400592,435.0,443.5,422.0,429.5,3.5,1825,432.6,439.85,437.025,432.37140306549145,435.6544132717532,432.6429210896232,3.0114921821299845,5.395124627676903,57.594936708860764,28.772182555378066,43.11486954943967
20220617,2894833,1217772779,417.0,432.0,410.0,432.0,2.5,2656,429.9,438.9,436.55,432.247602043661,435.0921958453296,432.59529730520666,2.49689854012297,4.815479410166117,51.79856115107915,34.95206435591513,40.393934484931485
20220620,2584079,1067779072,428.5,428.5,404.0,404.5,-27.5,3420,424.1,434.5,434.9,422.9984013624407,430.3857041768174,430.51416417148766,-0.1284599946702656,3.8266915291988406,26.506024096385545,23.618836554737065,34.802235174866674
20220621,1714274,712187267,409.5,419.5,409.5,419.0,14.5,1664,422.2,431.95,434.325,421.6656009082938,428.634057380384,429.6612631217478,-1.0272057413638436,2.855912075086304,36.458333333333336,26.272206825965057,31.958892391899465
20220622,2647899,1063949876,418.0,418.0,394.0,395.0,-24.0,3467,416.0,426.35,432.975,412.7770672721959,423.45958701417106,427.0937621497665,-3.6341751355954557,1.557894632949952,28.57142857142857,18.126425345750402,27.34807004318311
20220623,4455469,1705558673,391.0,397.0,365.0,381.0,-14.0,5056,406.3,419.45,430.575,402.1847115147973,416.92734285814475,423.679409397932,-6.752066539787222,-0.10409760159748294,26.4591439688716,18.878338765532114,24.52482628396611
20220624,2576709,978036933,391.0,391.0,373.0,375.0,-6.0,2825,394.9,412.4,428.45,393.1231410098649,410.47698241843017,420.07352722030737,-9.5965448018772,-2.0025870416534266,21.17647058823529,16.83184367808298,21.960498748671732
20220627,3458444,1350371261,385.5,399.0,381.5,388.0,13.0,3151,391.6,407.85,426.375,391.41542733990997,407.01898512328705,417.6977103891735,-10.678725265886442,-3.73781468650003,29.3040293040293,20.9876834711636,21.636226989502354
20220628,2251667,848789172,385.5,387.0,372.0,376.5,-11.5,2865,383.1,402.65,423.025,386.4436182266067,402.32375664278135,414.6460281381236,-12.32227149534225,-5.454706048268474,23.674911660777383,18.875016156996537,20.715823378667082
20220629,1960139,730826961,368.0,378.5,368.0,374.5,-2.0,2074,379.0,397.5,419.5,382.46241215107113,398.0431786977381,411.67224827604036,-13.629069578302278,-7.0895787542752355,23.50877192982456,17.309712263868338,19.580453007067497
20220630,2949260,1066722951,367.5,369.0,356.5,363.0,-11.5,3150,375.4,390.85,415.35,375.9749414340474,392.6519204365476,408.0668965518892,-15.41497611534163,-8.754658226488516,22.408026755852845,14.549067435171484,17.90332448310216
20220701,2330471,823798597,364.0,364.5,346.0,347.0,-16.0,2549,369.8,382.35,410.625,366.3166276226983,385.6285480616941,403.5434227332307,-17.91487467153661,-10.586701515498135,21.824104234527695,10.152893029343346,15.319847331849221
20220704,4070209,1402977432,347.0,358.0,337.0,339.5,-7.5,3453,360.1,375.85,405.175,357.3777517484656,378.53184835989504,398.79946549373216,-20.26761713383712,-12.522884639165932,21.474358974358978,7.797401937257703,12.812365533652047
20220705,5948377,1933399969,343.5,345.5,314.5,324.0,-15.5,5834,349.6,366.35,399.15,346.2518344989771,370.1423332276035,393.2587643460483,-23.11643111844478,-14.641593935021703,19.822485207100584,8.945802474937087,11.523511180747061
20220706,5425486,1718899309,324.0,325.0,311.5,313.0,-11.0,5280,337.3,358.15,392.25,335.1678896659847,361.3512050387414,387.31367069078544,-25.962465652044045,-16.905768278426173,16.997167138810198,6.535296888053296,9.860773083182472
20220707,4971341,1616334345,319.5,332.0,317.0,328.0,15.0,5007,330.3,352.85,386.15,332.7785931106565,356.2202504173966,382.920065454431,-26.699815037034398,-18.864577630147817,22.486772486772495,10.642578877749816,10.12137501470492
20220708,4592962,1545299593,334.0,344.0,327.0,335.0,7.0,4148,327.9,348.85,380.625,333.519062073771,352.9555965070279,379.370430976325,-26.41483446929709,-20.374628997977673,29.376854599406528,17.470328523356386,12.571026184255409
20220711,2068693,686264638,338.0,339.5,327.0,330.5,-4.5,3363,326.1,343.1,375.475,332.5127080491807,349.50088935210056,375.7503990521528,-26.249509700052215,-21.549605138392582,22.082018927444793,21.09962200064555,15.413891456385455
20220712,5571846,1730386445,317.5,318.0,303.5,313.5,-17.0,6340,324.0,336.8,369.725,326.1751386994538,343.96229099023896,371.13925838162294,-27.176967391383982,-22.675077588990863,23.10231023102311,19.15547319127006,16.66108536801366
20220713,2985349,946667693,324.5,324.5,313.5,313.5,0.0,3539,324.1,330.7,364.1,321.9500924663025,339.27578468404835,366.8696836866879,-27.593899002639546,-23.6588418717206,25.454545454545453,18.234796335163644,17.185655690396985
20220714,2718822,862538154,310.0,321.5,308.5,320.0,6.5,3430,322.5,326.4,358.625,321.3000616442017,336.3102793480409,363.39785526545177,-27.087575917410845,-24.34458868085865,30.072463768115938,22.24827400937515,18.873195130056374
20220715,4734053,1561623301,324.0,339.5,316.5,332.5,12.5,5139,322.0,324.95,353.65,325.0333744294678,335.7240825252654,361.1091252457887,-25.385042720523302,-24.552679488791583,29.818181818181813,37.848055688789785,25.198148649634177
20220718,4238034,1452720843,335.5,346.0,334.5,346.0,13.5,3811,325.1,325.6,350.725,332.0222496196452,337.3049929059938,359.98993078313765,-22.684937877143852,-24.17913116646204,39.06810035842294,58.56537045919318,36.32055591948718
20220719,3505367,1191813168,341.0,343.5,338.5,339.0,-7.0,3077,330.2,327.1,346.725,334.3481664130968,337.56576322814857,358.43512109549783,-20.869357867349265,-23.517176506639487,37.71626297577855,66.88671756103075,46.50927646666837
20220720,5554603,1980792810,350.0,362.0,348.5,354.0,15.0,5064,338.3,331.2,344.675,340.8987776087312,340.09410734689493,358.10659360694245,-18.012486260047524,-22.416238457321096,46.95945945945946,73.36607381561595,55.46154224965089
20220721,4279287,1562421834,356.5,371.5,355.5,371.5,17.5,3817,348.6,335.55,344.2,351.0991850724875,344.92578313968033,359.09869778420597,-14.172914644525633,-20.767573694762007,58.19397993311036,82.24404921041062,64.38904456990413
20220722,3610489,1336279321,372.5,374.0,366.0,369.0,-2.5,3299,355.9,338.95,343.9,357.0661233816584,348.62950881049875,359.8321275779685,-11.202618767469744,-18.854582709303557,60.207612456747405,85.79863327975366,71.52557413985397
20220725,2934708,1072283898,370.5,372.5,361.5,362.0,-7.0,2988,359.1,342.1,342.6,358.7107489211056,350.68650745503743,359.9927107203412,-9.306203265303793,-16.944906820503604,63.970588235294116,84.4255519574948,75.82556674573425
20220726,3275335,1151314966,359.0,359.0,346.0,352.5,-9.5,3461,361.8,346.0,341.4,356.6404992807371,350.9655063081086,359.43769511142705,-8.472188803318431,-15.250363217066571,64.68401486988847,78.67555881135786,76.77556410094212
20220727,2593027,902862573,351.5,355.5,342.0,355.5,3.0,2488,362.1,350.2,340.45,356.26033285382476,351.66312072224576,359.1460139920621,-7.482893269816316,-13.69686922761652,61.224489795918366,75.05906819307914,76.20339879832112
20220728,3412555,1212226593,359.0,361.0,351.0,354.0,-1.5,3116,358.6,353.6,340.0,355.5068885692165,352.022640611131,358.76482777042787,-6.742187159296861,-12.30593281395259,58.11965811965811,66.49507499791774,72.96729086485333
20220729,6416275,2211427129,343.0,353.5,341.5,342.0,-12.0,6122,353.2,354.55,339.75,351.0045923794777,350.4806959017262,357.5229886763221,-7.042292774595865,-11.253204806081245,54.61847389558233,47.61643497513765,64.51700556828143
20220801,4264668,1455857587,338.5,350.0,329.5,347.0,5.0,3884,350.2,354.65,340.125,349.6697282529851,349.9452042245376,356.74350803363154,-6.798303809093966,-10.362224606683789,64.88888888888889,44.85290421563484,57.96230511739923
20220802,4044758,1364933651,344.0,344.0,333.0,339.0,-8.0,3421,347.5,354.65,340.875,346.11315216865677,348.2613266515318,355.4291741052144,-7.167847453682555,-9.723349176083543,60.580912863070544,37.018041012670416,50.98088374915629
20220803,3510160,1192084930,332.5,344.0,332.0,343.0,4.0,2582,345.0,353.55,342.375,345.0754347791045,347.4518917820654,354.50849454186516,-7.056602759799773,-9.18999989282679,59.7457627118644,34.791053559008745,45.584273685773766
20220804,2072161,705982954,340.5,345.5,336.0,344.0,1.0,2109,343.0,350.8,343.175,344.716956519403,346.9208315079015,353.73008753876405,-6.809256030862571,-8.713851120433947,55.399061032863855,34.4343457835252,41.86763105169091
20220805,2114140,743642427,349.5,354.0,348.0,352.0,8.0,2069,345.0,349.1,344.025,347.14463767960206,347.7022420451474,353.601932906263,-5.89969086111563,-8.151019068570283,52.97029702970298,46.76575433187394,43.50033881175192
20220808,2201326,772343614,348.5,356.0,347.0,349.5,-2.5,2252,345.5,347.85,344.975,347.9297584530681,347.9788201920478,353.2980860243176,-5.319265832269821,-7.584668421310191,55.44041450777202,52.341190718603784,46.4472894473692
20220809,1937828,666019832,348.0,348.0,339.5,344.0,-5.5,2072,346.5,347.0,346.5,346.6198389687121,347.3666940086558,352.6093389114052,-5.242644902749362,-7.1162637175980255,44.25287356321839,50.23804248965119,47.71087379479653
20220810,3905184,1296023636,338.0,339.0,329.0,329.5,-14.5,4018,343.8,344.4,347.3,340.91322597914143,344.617971853478,350.8975360290789,-6.279564175600854,-6.948923809198591,25.0,34.10931227705141,43.177019955548154
20220811,2785922,938688321,335.5,338.5,335.0,336.5,7.0,2163,342.3,342.65,348.125,339.442150652761,343.3690531067891,349.83105187877675,-6.4619987719876235,-6.851538801756398,31.63841807909604,31.998800777293532,39.45094689612995
20220812,3300944,1134398714,336.0,352.0,335.0,349.5,13.0,2787,341.8,343.4,348.975,342.79476710184065,344.31227570574464,349.80652951738585,-5.494253811641215,-6.5800818037333615,43.38624338624338,46.64117582683766,41.84768987303252
20220815,3417406,1234062909,357.5,366.5,354.0,363.0,13.5,3447,344.5,345.0,349.825,349.52984473456047,347.18731021255314,350.78382362720913,-3.5965134146559876,-5.983368125917887,55.32994923857867,61.31633944011399,48.337239728726345
20220816,2158092,781928699,366.5,368.5,357.5,361.0,-2.0,2419,347.9,347.2,350.925,353.35322982304035,349.3123394106219,351.540577432601,-2.2282380219791094,-5.232342105130132,52.820512820512825,67.88177903602536,54.852086164492675
20220817,1586344,571257375,361.0,363.0,356.5,361.0,0.0,1781,354.2,349.0,351.275,355.9021532153603,351.110441039757,352.2412754005565,-1.130834360799497,-4.412040556264006,53.64583333333333,72.25873876663294,60.65430369853942
20220818,1930973,694693144,356.5,365.5,354.0,365.0,4.0,1861,359.9,351.1,350.95,358.9347688102402,353.2472962644098,353.1863661116264,0.06093015278338498,-3.5174464144545277,63.06818181818182,78.55223934653166,66.62028224787016
20220819,1832870,670269125,366.0,369.5,363.0,364.5,-0.5,1755,362.9,352.35,350.725,360.7898458734935,354.9784814545006,354.02441306632073,0.9540683881798486,-2.6231434539276526,60.47904191616767,81.58626656023921,71.60894368532651
20220822,1272584,459531362,358.5,365.0,356.5,361.0,-3.5,1402,362.5,353.5,350.675,360.8598972489957,355.904868923039,354.54112320955625,1.3637457134827287,-1.8257656204455763,63.924050632911396,80.72829293316359,74.64872676793885
20220823,1583784,560883844,357.5,358.0,352.5,352.5,-8.5,1869,360.8,354.35,350.675,358.0732648326638,355.38104293487913,354.38992889773726,0.9911140371418696,-1.2623896889280872,55.68862275449102,70.72707451582886,73.34150935056886
20220824,2691468,931644490,353.5,356.5,342.0,343.5,-9.0,2921,357.3,355.75,350.075,353.21550988844257,353.55319017566694,353.5832674979049,-0.03007732223795756,-1.0159272155900614,49.72677595628416,55.363943397026006,67.34898736605457
20220825,2013910,702118043,346.0,354.0,346.0,350.0,6.5,1940,354.3,357.1,349.875,352.1436732589617,353.00654553325666,353.31784027583785,-0.3112947425811967,-0.8750007209882885,48.88888888888889,46.60626529498703,60.43474667569872
20220826,2284568,808450860,353.0,356.5,350.0,353.5,3.5,2016,352.1,357.5,350.45,352.5957821726412,353.0824616050633,353.33133358873874,-0.2488719836754285,-0.7497749735257165,52.1978021978022,45.01023746938529,55.293243606927575
20220829,2123089,726236477,343.0,346.0,339.0,342.0,-11.5,2761,348.3,355.4,350.2,349.0638547817608,351.37746751197665,352.49197554512847,-1.1145080331518216,-0.8227215854509375,48.96907216494845,33.28551350418036,47.9573335726785
20220830,2038800,703089933,345.0,348.0,342.0,343.0,1.0,1808,346.4,353.6,350.4,347.04256985450724,350.08862635628793,351.7888662454893,-1.7002398892013844,-0.9982252462010269,58.08383233532934,26.561927035573788,40.825531393643594
20220831,1795767,618283374,342.0,347.0,340.0,346.0,3.0,1744,346.9,352.1,350.55,346.6950465696715,349.459606916859,351.360061338416,-1.900454421557015,-1.1786710812722245,55.9748427672956,25.358224581092905,35.6697624561267
20220901,3276728,1100077379,341.0,342.0,331.5,333.0,-13.0,4233,343.5,348.9,350.0,342.1300310464477,346.9273596988807,350.0000567948296,-3.072697095948911,-1.5574762842075618,39.62264150943396,18.398020367494773,29.912515093249386
20220902,2054982,686540504,335.5,337.5,332.0,332.5,-0.5,2078,339.3,345.7,349.025,338.9200206976318,344.7077658990529,348.7037562915089,-3.995990392456008,-2.045179105857251,27.067669172932327,13.523208546883307,24.44941291112736
20220905,2918054,965844192,328.5,338.5,328.5,331.0,-1.5,2186,337.1,342.7,348.1,336.28001379842124,342.59887883766015,347.39236693658233,-4.793488098922182,-2.5948409044702374,27.272727272727266,11.991662840779346,20.29682955434469
20220906,5082063,1698275336,338.5,346.5,327.5,330.0,-1.0,4033,334.5,340.45,347.4,334.1866758656142,340.66058978571243,346.10404345979845,-5.443453674086015,-3.1645634583933933,26.86567164179104,10.868005112243702,17.15388807364436
20220907,4644964,1492081902,326.0,326.0,316.5,319.5,-10.5,4304,329.2,338.05,346.9,329.2911172437428,337.4051144340644,344.13337357388747,-6.728259139823081,-3.877302594679331,19.04761904761905,9.745336741495802,14.684370962928174
20220908,4045408,1319170519,326.5,331.5,319.5,331.5,12.0,3191,328.9,336.2,346.65,330.0274114958286,336.4966352903622,343.19756812396986,-6.7009328336076805,-4.442028642465001,30.588235294117638,22.36990703401307,17.246216319956474
20220912,5358383,1670012636,310.0,314.5,309.5,313.0,,3689,325.0,332.15,344.825,324.3516076638857,332.88176832261416,340.960711225898,-8.07894290328386,-5.169411494628773,26.0,17.943574386311745,17.478669008741562
20220913,4300875,1363192783,315.0,323.0,315.0,317.5,4.5,2621,322.3,329.7,342.55,322.0677384425905,330.5153424268274,339.2228807647204,-8.707538337893027,-5.877036863281624,31.77083333333333,19.07349403531894,18.01027735093402
20220914,4262448,1348769312,310.0,322.0,308.0,321.5,4.0,5562,320.6,327.55,340.575,321.87849229506037,329.1283666688539,337.9100747821485,-8.781708113294599,-6.45797111328422,37.91208791208791,24.403974378524314,20.141509693464116
20220915,2315049,737314321,322.0,322.0,315.5,315.5,-6.0,2787,319.8,324.5,338.3,319.7523281967069,327.0316948736456,336.2500692427301,-9.218374369084472,-7.01005176444427,30.939226519337012,22.762822745856035,21.01528071092809
20220916,2935204,929988069,313.0,318.5,312.0,318.5,3.0,1947,317.2,323.05,335.975,319.3348854644713,325.7191264315463,334.93524929882415,-9.216122867277875,-7.451265985010991,30.555555555555557,24.266124254813114,22.09889522555643
20220919,4837208,1488008484,318.5,318.5,303.5,306.0,-12.5,4929,315.8,320.4,333.05,314.8899236429809,322.68541467284683,332.7918974989112,-10.106482826064394,-7.982309353221672,30.21978021978022,18.115400665999438,20.771063705704098
20220920,3361603,1021805414,309.5,310.5,300.5,305.0,-1.0,3526,313.3,317.8,330.25,311.59328242865394,319.964581646255,330.73323842491783,-10.76865677866283,-8.539578838309904,29.120879120879124,16.915643454752313,19.4859236220535
20220921,2929923,888309771,301.5,306.0,300.5,305.5,0.5,2700,310.1,315.35,327.9,309.5621882857693,317.739261392985,328.8641096527017,-11.124848259716714,-9.056632722591267,27.11864406779661,16.653439722523046,18.541762322210015
20220922,2773500,838062951,301.5,305.5,299.0,305.5,0.0,2537,308.1,313.95,326.0,308.2081255238462,315.8562981017565,327.1334348636127,-11.277136761856184,-9.50073353044425,31.78807947019868,20.13007092612647,19.0711985235155
20220923,2196283,669991411,305.0,309.5,302.0,303.5,-2.0,2151,305.1,311.15,323.675,306.6387503492308,313.95532916302477,325.38281005890065,-11.427480895875874,-9.886083003530576,31.16883116883116,19.670047284084312,19.270814777038435
20220926,4761286,1405849120,300.5,300.5,290.0,294.5,-9.0,4829,302.8,309.3,320.725,302.59250023282056,310.9622015994825,323.0951944989821,-12.132992899499584,-10.335464982724378,28.40236686390533,17.800864856056208,18.780831470044358
20220927,5384734,1556038105,294.0,295.5,286.0,289.0,-5.5,4471,299.6,306.45,318.075,298.0616668218804,307.5834013534083,320.5696245360945,-12.986223182686217,-10.865616622716747,26.966292134831463,14.645021015148581,17.402227985079097
20220928,5571299,1543855748,290.0,290.5,270.0,271.5,-17.5,5451,292.8,301.45,314.5,289.2077778812536,302.0321088374993,316.9348375334209,-14.902728695921553,-11.673039037357709,25.0,10.794275178483932,15.199577049547376
20220929,5290159,1423168424,277.0,278.5,264.0,266.0,-5.5,4871,284.9,296.5,310.5,281.4718519208358,296.488707477884,313.16188660501933,-16.673179127135313,-12.673067055313231,13.40782122905027,8.41942504253669,12.939526380543814
20220930,5188626,1376400030,259.0,271.5,257.0,270.0,4.0,3947,278.2,291.65,307.35,277.6479012805572,292.4135217120557,309.96470981946237,-17.551188107406688,-13.648691265731923,21.33333333333333,13.712638501878041,13.197230420988555
20221003,2872788,769073389,265.0,273.5,260.5,269.0,-1.0,3421,273.1,287.95,304.175,274.7652675203715,288.8114414486625,306.9302868698726,-18.118845421210096,-14.542722096827559,16.08391608391608,16.760806620299647,14.38508915409225
20221004,3681180,1026985224,278.0,285.0,275.5,278.5,9.5,3409,271.0,285.3,301.55,276.01017834691436,287.22506584117593,304.82433969432645,-17.59927385315052,-15.154032448092153,22.077922077922068,24.824664730993412,17.864947679725972
20221005,5294405,1498033166,282.0,288.0,277.5,279.5,1.0,5846,272.6,282.7,299.025,277.17345223127626,286.0365941733027,302.9484626799319,-16.911868506629162,-15.505599659799556,25.000000000000014,30.835490773043226,22.188462044165057
20221006,3634768,1019105153,281.0,287.0,277.0,278.5,-1.0,3460,275.1,280.0,296.975,277.61563482085086,284.8771181466408,301.13746544438135,-16.260347297740566,-15.656549187387759,21.42857142857143,37.0320896341361,27.136337907488738
20221007,6476342,1714031040,274.0,274.0,259.5,259.5,-19.0,7499,273.0,275.6,293.375,271.57708988056726,280.97294612408064,298.05320874479753,-17.080262620716894,-15.941291874053586,19.607843137254903,26.852561920592894,27.04174591185679
20221011,5795306,1440132353,249.0,253.0,245.0,247.0,-12.5,5695,268.6,270.85,290.075,263.38472658704484,275.74633902806823,294.27148957851625,-18.525150550448018,-16.458063609332473,17.045454545454547,19.366909412263396,24.48346707865899
20221012,7030049,1704270523,246.0,248.0,238.5,242.0,-5.0,5957,261.3,266.15,286.3,256.25648439136324,270.5545945622116,290.39952738751504,-19.84493282530343,-17.135437452526666,15.675675675675677,15.268175298411286,21.41170315190975
20221013,6892828,1637724845,239.0,243.5,232.5,234.0,-8.0,4925,252.2,262.4,281.925,248.83765626090886,264.9308107834098,286.2217846180695,-21.290973834659667,-17.966544728953266,14.427860696517413,11.07968443317509,17.96769691233153
20221014,5509047,1353816791,242.0,251.0,239.5,246.0,12.0,4287,245.7,260.4,278.45,247.89177084060591,262.0183783551929,283.24239316487916,-21.224014809686253,-18.618038745099863,23.981900452488688,15.494564396891501,17.143319407184855
20221017,3107713,760891171,241.0,251.0,238.0,251.0,5.0,4570,244.0,258.5,275.075,248.92784722707063,260.3232432236248,280.8540677452585,-20.53082452163369,-19.00059590040663,29.577464788732385,21.440820709038775,18.57581984113616
20221018,4554261,1138787297,254.0,256.0,245.0,252.0,1.0,4247,245.0,256.8,272.375,249.95189815138045,259.04274426614404,278.7167293937579,-19.673985127613832,-19.13527374584807,31.862745098039213,26.00559218440423,21.052410622225516
20221019,2855117,723807970,250.0,257.5,250.0,251.5,-0.5,2834,246.9,254.1,269.7,250.4679321009203,257.88232207135263,276.7006753645906,-18.818353293237976,-19.071889655326054,38.23529411764706,28.957856563303125,23.687559269251384
20221020,4900249,1227219102,247.0,253.5,246.0,253.0,1.5,4828,250.7,251.45,267.075,251.3119547339469,257.1311955988368,274.9450697820283,-17.8138741831915,-18.820286560899145,41.9753086419753,35.771101162684005,27.715406567062256
20221021,3276655,833743891,252.5,258.5,250.0,252.5,-0.5,2885,252.0,248.85,264.425,251.70796982263127,256.4187039682465,273.2824720203966,-16.86376805215008,-18.428982859149333,38.70967741935484,49.488426416148315,34.97307985009094
20221024,3731430,977052052,259.0,265.0,258.0,260.0,7.5,3205,253.8,248.9,262.25,254.47197988175418,256.9696725885163,272.29858520407095,-15.328912615554657,-17.808968810430397,44.64285714285714,61.19741248256041,43.714524060914094
20221025,4621795,1168000615,258.5,259.0,247.5,251.5,-8.5,4703,253.7,249.35,260.1,253.48131992116947,256.1281844979753,270.75794926302865,-14.629764765053324,-17.173128001354982,33.73493975903615,60.285454475553095,49.23816753246042
20221026,3400302,861400505,251.5,257.5,249.5,254.5,3.0,2744,254.3,250.6,258.375,253.82087994744631,255.8776945752099,269.55365672502654,-13.675962149816655,-16.473694831047318,35.294117647058826,60.560673354072435,53.01233613966442
20221027,3035220,779512763,255.0,260.0,254.5,256.5,2.0,3027,255.0,252.85,257.625,254.71391996496422,255.97343387133145,268.5867191898394,-12.613285318507963,-15.701612928539447,37.2093023255814,63.21328840888779,56.412653562738875
20221028,3636987,925891635,256.0,258.0,249.0,255.5,-1.0,4241,255.6,253.8,257.1,254.9759466433095,255.9005978911266,267.61733258318463,-11.716734692058026,-14.904637281243163,47.05882352941176,59.642192272591856,57.48916646602319
20221031,7792232,1942259943,250.0,256.0,240.0,255.0,-0.5,6115,254.6,254.2,256.35,254.983964428873,255.7620443694148,266.68271535480056,-10.920670985385755,-14.107844022071681,57.14285714285714,59.761461515061235,58.24659814903587
20221101,5887787,1533536439,253.0,266.0,251.0,259.5,4.5,6078,256.2,254.95,255.875,256.4893096192487,256.3371144664279,266.15066236555606,-9.813547899128139,-13.248984797482974,65.76576576576576,64.84097434337416,60.44472354714863
20221102,3879464,1017423028,262.0,265.5,257.0,262.0,2.5,4039,257.7,256.0,255.05,258.32620641283245,257.208327625439,265.84320589403336,-8.634878268594377,-12.326163491705255,78.0,71.4324444340443,64.10729717611385
20221103,3251118,855649312,257.5,266.5,257.0,264.0,2.0,3129,259.2,257.1,254.275,260.21747094188834,258.25320029844835,265.70667212410495,-7.453471825656607,-11.351625158495526,72.5,77.81030886797922,68.67496774006896
20221104,2350551,623444209,265.0,267.5,261.5,267.0,3.0,2799,261.5,258.55,253.7,262.4783139612589,259.59886179099476,265.8024741889861,-6.203612397991321,-10.322022606394686,71.05263157894737,84.6008119725922,73.98358248424337
20221107,3731582,1014673414,270.5,275.0,266.5,274.0,7.0,3594,265.3,259.95,254.425,266.3188759741726,261.8144215154571,266.4096983231353,-4.595276807678147,-9.176673446651378,75.0,88.78149369601384,78.91621955483353
20221108,4505788,1227123639,275.0,279.5,266.5,268.0,-6.0,5244,267.0,261.6,255.475,266.8792506494484,262.76604897461755,266.52749844734745,-3.7614494727299075,-8.093628651867084,66.66666666666666,82.81635444713157,80.21626451893287
20221109,4686739,1316138435,272.0,285.0,272.0,284.0,16.0,4656,271.4,264.55,257.575,272.5861670996323,266.03281067083026,267.821757821618,-1.7889471507877488,-6.832692351651217,74.21875,87.80349555734696,82.74534153173757
20221110,3224233,911469263,285.0,286.5,280.0,283.0,-1.0,4368,275.2,267.2,260.025,276.05744473308823,268.6431474907025,268.9460720570537,-0.30292456635118015,-5.5267387945912105,73.64341085271317,89.3600364647546,84.95023984274323
20221111,6670416,2003761780,301.0,308.0,291.5,300.5,17.5,6840,281.9,271.7,262.75,284.2049631553922,273.54420172290213,271.2834000528275,2.2608016700746134,-3.969230701658046,77.18120805369128,88.52072606422236,86.1404019165696
20221114,6689485,2058157952,305.0,311.0,303.0,307.5,7.0,6853,288.6,276.95,265.575,291.96997543692817,278.7681706886095,273.9661111600255,4.802059528583982,-2.2149726556096407,88.35616438356165,90.18665688232107,87.48915357182008
20221115,5484457,1725166076,308.0,318.0,305.5,315.0,7.5,7811,298.0,282.5,268.725,299.6466502912855,284.3422982749772,277.00565848150507,7.336639793472159,-0.3046501657932808,89.03225806451613,91.81842699258563,88.93224471207526
20221116,5096067,1625535585,318.0,322.5,313.0,322.0,7.0,4657,305.6,288.5,272.25,307.097766860857,290.13579084805764,280.33857266806024,9.797218179997401,1.7157235033648557,89.6969696969697,94.27239395134123,90.71229445849724
20221117,2588270,828352821,320.5,323.5,317.0,322.5,0.5,2821,313.5,294.35,275.725,312.2318445739047,295.1148999483565,283.461641359315,11.653258589041457,3.7032305205001763,90.85365853658537,95.59680064592338,92.34046318763929
20221118,2476785,800442699,323.5,328.5,319.0,321.0,-1.5,4757,317.6,299.75,279.15,315.1545630492698,299.09722303322474,286.2422605178843,12.854962515340446,5.5335769194682305,89.75903614457832,93.03227569943279,92.57106735823712
20221121,3380626,1102046818,325.0,328.5,323.0,325.0,4.0,3634,321.1,304.85,282.4,318.4363753661799,303.08226564349786,289.1132041832262,13.96906146027169,7.220673827628922,89.6969696969697,93.28995371112629,92.8106961425335
20221122,4191567,1344587063,323.0,324.0,314.5,323.5,-1.5,4620,322.8,310.4,286.0,320.12425024411993,306.22345554449817,291.6603742437279,14.56308130077025,8.689155322257188,87.73006134969324,92.09020969057903,92.570533991882
20221123,4680284,1541904825,330.5,333.0,325.0,327.0,3.5,6223,323.8,314.7,289.625,322.4161668294133,309.4198469991908,294.2781242997481,15.14172269944271,9.979668797694293,87.95180722891567,89.90752935195228,91.68286577857208
20221124,8872868,3010508839,332.5,350.0,324.0,343.0,16.0,7539,327.9,320.7,293.95,329.27744455294226,314.58602438393063,297.8871521293964,16.69887225453425,11.323509489062285,89.58333333333333,88.30714722754264,90.55762626156226
20221125,7995094,2685432918,344.5,348.0,330.5,330.5,-12.5,6883,329.8,323.7,297.7,329.68496303529486,317.03432832486436,300.30291863832997,16.73140968653439,12.405089528556708,77.83251231527093,77.59802324532805,86.23775858948419
20221128,6236813,2021059874,319.0,328.0,318.5,321.5,-9.0,4874,329.1,325.1,301.025,326.9566420235299,317.7213547364237,301.8730728132685,15.848281923155184,13.093728007476404,75.59808612440192,59.389673154543026,77.28839677783714
20221129,7272001,2279934144,309.0,317.5,307.0,314.5,-7.0,6135,327.3,325.05,303.775,322.80442801568665,317.2257617000508,302.8084007530264,14.417360947024406,13.358454595386005,65.96858638743456,45.407068924734105,66.66128749346946
20221130,8581682,2699591742,315.0,317.0,310.0,317.0,2.5,6059,325.3,324.55,306.525,320.86961867712444,317.1910291308122,303.8596303268763,13.331398803935883,13.353043437095982,67.5257731958763,38.02331726765219,57.11529741819703
20221201,6481722,2133508204,323.0,334.5,321.5,333.0,16.0,5749,323.3,325.6,309.975,324.913079118083,319.6231784953026,306.01817622858914,13.605002266713484,13.403435203019484,67.01570680628272,45.50391693812471,53.24483725817292
20221202,5392152,1760610984,324.5,331.0,323.0,326.0,-7.0,8505,322.4,326.1,312.925,325.275386078722,320.60422795756375,307.49831132276773,13.105916634796017,13.343931489374791,59.68586387434555,45.06462679595911,50.51810043743498
20221205,5457026,1772247664,324.0,328.5,321.0,322.5,-3.5,4749,322.6,325.85,315.35,324.3502573858147,320.89588519486165,308.60954752108125,12.286337673780395,13.132412726255913,54.09836065573771,42.05858840660839,47.698263093826114
20221206,7921014,2467129018,318.0,320.0,304.0,305.5,-17.0,8230,320.8,324.05,317.225,318.06683825720984,318.5272874725752,308.37921066766785,10.148076804907362,12.535545541986203,41.87192118226601,29.126015459478058,41.507513882376756
20221207,4954719,1493223003,305.5,307.5,297.0,297.5,-8.0,5058,316.9,321.1,317.9,311.2112255048066,315.2923201691021,307.57334321080356,7.718976958298526,11.572231825248668,38.53211009174312,19.744141025272953,34.25305626334215
20221208,3712580,1089314425,293.5,297.0,291.0,292.5,-5.0,4114,308.8,316.05,318.375,304.9741503365377,311.7858093738556,306.45679926926255,5.329010104593067,10.32358748111755,37.333333333333336,14.312185970871624,27.60609949918531
20221209,3622045,1082257132,297.0,302.0,295.5,299.5,7.0,3418,303.5,312.95,318.325,303.14943355769185,309.8956848548009,305.94148080487275,3.954204049928137,9.049710794879667,38.96103896103896,16.054867275600238,23.755688757990285
20221212,2812095,837381878,296.0,301.0,293.0,299.5,0.0,2509,298.9,310.75,317.925,301.93295570512794,308.2963487232931,305.46433407858586,2.8320146447072148,7.806171564845177,39.473684210526315,17.21665481208598,21.57601077602218
20221213,3643419,1071914969,295.5,297.0,292.0,292.5,-7.0,3687,296.3,308.55,316.8,298.78863713675196,305.86614122740184,304.50401303572767,1.3621281916741736,6.517362890210976,35.31914893617021,12.627195162080309,18.593072238041557
20221214,4180353,1243107541,293.0,301.5,291.0,301.5,9.0,3523,297.1,307.0,315.775,299.69242475783466,305.1944271924169,304.2814935515997,0.9129336408172435,5.39647704033223,31.221719457013577,17.16813010805354,18.11809152804555
20221215,3356546,1014792685,298.5,306.5,298.5,302.0,0.5,2961,299.0,303.9,314.75,300.4616165052231,304.702976855122,304.112494029259,0.5904828258630346,4.435278197438391,35.53299492385787,21.223197849813467,19.153126968634854
20221216,6881645,2024046728,295.0,297.0,293.0,293.0,-9.0,4010,297.7,300.6,313.35,297.9744110034821,302.90251887741096,303.289346323388,-0.3868274459770191,3.4708570687553095,35.53299492385787,16.447649141254956,18.251301026174886
20221219,5577840,1639275279,291.5,296.0,289.0,294.0,1.0,2903,296.6,297.75,311.8,296.64960733565476,301.5329005885785,302.6012465957296,-1.0683460071510922,2.563016453574029,38.91891891891892,19.974108436512314,18.82557016295403
20221220,5870086,1700723102,291.5,297.5,286.5,286.5,-7.5,3627,295.4,295.85,309.95,293.26640489043655,299.22014665187413,301.4085616627126,-2.188415010838469,1.6127301606915296,34.358974358974365,13.316072291008208,16.989070872305422
20221221,5141516,1472207472,288.0,290.5,284.5,285.5,-1.0,2774,292.2,294.65,307.875,290.67760326029105,297.1093548592781,300.23014968769684,-3.1207948284187523,0.6660251628694732,21.212121212121204,10.39253304249032,14.790224929033721
20221222,4736051,1376909216,291.0,296.0,289.0,290.5,5.0,2146,289.9,294.45,305.25,290.6184021735274,296.09253103477374,299.50939785897856,-3.416866824204817,-0.15055323454538486,27.950310559006212,16.019264452569303,15.199904770212248
20221223,1351501,388879041,286.5,290.5,284.5,289.0,-1.5,1348,289.1,293.4,303.175,290.0789347823516,295.00137241403934,298.7309239434987,-3.729551529459343,-0.8663528935281765,28.662420382165607,17.497691453228022,15.96583366455084
20221226,1419765,406327464,291.0,291.0,283.0,286.5,-2.5,1618,287.6,292.1,301.425,288.8859565215678,293.6934689657256,297.8249295773136,-4.131460611588011,-1.5193744371401434,35.15625,16.629666642577547,16.187111323893074
20221227,1904304,558975122,289.0,296.5,288.5,293.0,6.5,2055,288.9,292.15,300.35,290.25730434771185,293.586781432537,297.46752738640146,-3.880745953864448,-1.9916487404850045,46.4,25.270841591505597,19.215021413097247
20221228,2753365,783384018,290.5,290.5,282.5,283.0,-10.0,3158,288.4,290.3,298.65,287.8382028984746,291.9580458275313,296.39585869111244,-4.437812863581144,-2.4808815651042324,42.96296296296296,17.958338838781508,18.796127221658665
20221229,1151240,324956930,279.5,285.0,279.0,282.5,-0.5,1234,286.8,288.35,296.125,286.05880193231644,290.50296185406495,295.3665358251041,-4.863573971039159,-2.957420046291218,36.0655737704918,18.27853219882731,18.623595547381548
20221230,1457623,414182921,288.0,288.0,281.0,281.0,-1.5,1500,285.2,287.15,293.875,284.37253462154433,289.04096772267036,294.3023479862075,-5.2613802635371485,-3.418212089740404,35.2,15.789291736155143,17.67882761030608
20230103,1553152,444333070,282.0,290.0,280.0,289.0,8.0,1538,285.7,286.65,292.2,285.9150230810296,289.0346649961057,293.90958146871066,-4.87491647260498,-3.7095529663133195,47.24409448818897,29.57381353838914,21.643822919667098
20230104,1384482,401611178,288.5,293.5,287.0,289.0,0.0,2079,284.9,286.9,291.375,286.9433487206864,289.0293319197817,293.5459087673247,-4.516576847542979,-3.8709577425592516,38.53211009174312,38.76349473987847,27.350380193070887
20230105,1421693,413082516,290.0,294.5,287.5,289.0,0.0,1640,286.1,287.25,290.95,287.6288991471243,289.0248193167384,293.20917478455993,-4.184355467821547,-3.933637287611711,37.96296296296296,44.88994887420469,33.19690308678215
20230106,5165562,1560113014,289.0,307.0,289.0,307.0,18.0,5293,291.0,288.9,291.675,294.08593276474954,291.7902317295479,294.23071739311104,-2.4404856635631518,-3.635006962801999,61.11111111111111,63.25996591613645,43.217924029900246
20230109,6303305,1997628949,315.5,321.0,310.0,321.0,14.0,7606,299.0,292.1,292.75,303.05728850983303,296.2840422326944,296.21362721584353,0.07041501685085905,-2.893922566871428,67.76315789473685,75.50664394409097,53.980830667963815
20230110,4384315,1416005667,321.5,327.0,320.5,323.5,2.5,3960,305.9,295.8,293.95,309.87152567322204,300.4711126584337,298.23484001466994,2.236272643763755,-1.8678835247443915,76.05633802816902,81.24054040717175,63.06740058103312
20230111,2211568,711786841,323.5,325.0,319.0,323.0,-0.5,3124,312.7,298.8,295.475,314.24768378214804,303.937095326367,300.0692963098796,3.8677990164874245,-0.7207470164980283,76.59574468085106,84.71591582700339,70.28357232968987
20230112,2172921,703588054,323.0,326.5,321.0,323.0,0.0,2606,319.5,302.8,296.55,317.16512252143207,306.8698498915413,301.7678669535922,5.101982937949117,0.44379897439140087,74.80916030534351,86.97373111871147,75.84695859269706
20230113,4697325,1513549953,328.0,333.0,316.5,317.5,-5.5,12452,321.6,306.3,297.325,317.2767483476214,308.50525760053495,302.933210142215,5.5720474583199575,1.4694486711771122,70.50359712230215,81.56739307285167,77.75377008608193
20230116,1474136,473802557,321.0,324.0,319.0,321.0,3.5,2042,321.6,310.3,298.725,318.5178322317476,310.4275256619911,304.2714908724213,6.156034789569844,2.4067658948556585,74.46808510638297,79.01594320798806,78.17449446005064
20230117,2238704,710757276,321.5,323.0,315.0,316.5,-4.5,8199,320.2,313.05,299.85,317.84522148783174,311.36175248322326,305.177306363353,6.184446119870245,3.162301939858576,67.15328467153284,73.92271671741328,76.75723521250484
20230130,5569816,1800980034,324.0,326.0,320.0,323.5,7.0,5364,320.3,316.5,301.7,319.73014765855453,313.229175178112,306.5345429290306,6.694632249081394,3.86876800170314,80.91603053435114,75.41817478130582,76.3108817354385
20230131,3362337,1075656707,321.5,323.0,317.0,320.0,-3.5,3278,319.7,319.6,303.425,319.82009843903637,314.27084053532553,307.5319841935468,6.738856341778728,4.4427856697182575,77.37226277372262,64.77153681072562,72.46443342720087
20230201,4018982,1310621804,323.0,329.5,321.5,329.5,9.5,3294,322.1,321.85,305.375,323.04673229269093,316.61378814527546,309.15924462365444,7.454543521621019,5.045137240098811,81.69934640522877,70.0328763923356,71.65391441557911
20230202,5488651,1877514897,333.5,347.0,333.5,347.0,17.5,5908,327.3,324.45,308.275,331.031154861794,321.2885899690792,311.9622635404208,9.326326428658433,5.9013750778107354,83.72093023255815,80.0219175948904,74.44324880868287
20230203,3812037,1326694386,348.0,352.0,343.0,348.0,1.0,3995,333.6,326.9,311.35,336.68743657452933,325.398037666144,314.6317255003896,10.766312165754357,6.87436249539946,83.9080459770115,83.07767479299,77.3213908034519
20230206,3359746,1130590560,345.0,345.0,332.0,333.0,-15.0,4246,335.5,327.9,313.35,335.45829104968624,326.5675703328911,315.99233842628666,10.575231906604415,7.6145363776404515,71.56862745098039,71.6013327448762,75.41470478392667
20230207,2264733,755440421,333.0,336.5,330.0,334.0,1.0,2236,338.3,329.0,315.9,334.9721940331242,327.71102105090785,317.32623928359874,10.384781767309107,8.168585455574183,65.88235294117646,64.85133894703458,71.89358283829597
20230208,7063538,2520473989,340.0,364.5,339.0,364.5,30.5,7519,345.3,333.7,320.0,344.8147960220828,333.3708639661528,320.8205919292581,12.550272036894683,9.044922771838284,71.42857142857143,76.56755929802304,73.45157499153832
20230209,3300971,1193048672,362.0,364.0,357.5,361.5,-3.0,3376,348.2,337.75,324.025,350.37653068138854,337.6984233559754,323.83388141597976,13.86454193999566,10.00884660546976,68.62745098039215,82.27310970745395,76.39208656351019
20230210,3059098,1090006412,360.0,361.0,352.0,357.0,-4.5,3263,350.0,341.8,327.425,352.58435378759236,340.6678966858254,326.290630940722,14.377265745103387,10.882530433396486,66.0377358490566,82.91891524356578,78.56769612352872
20230213,4044071,1401632685,352.0,353.0,342.5,345.0,-12.0,5164,352.4,343.95,330.225,350.0562358583949,341.3343741187753,327.67651013029814,13.657863988477175,11.437597144412624,59.32203389830509,73.49633109260974,76.8772411132224
20230214,2835423,998655630,349.0,356.0,347.0,355.0,10.0,2880,356.6,347.45,333.525,351.70415723892995,343.4367781005022,329.70047234286864,13.736305757633545,11.89733886705681,65.30612244897961,73.1521434337205,75.63554188672177
20230215,3391192,1198196089,352.5,359.5,349.5,353.5,-1.5,3120,354.4,349.85,335.85,352.30277149261997,344.9849660850403,331.463400317471,13.521565767569314,12.222184247159312,63.48547717842324,71.47340963214216,74.24816446852856
20230216,3830795,1368965200,353.5,361.0,353.5,359.5,6.0,3471,354.0,351.1,337.775,354.7018476617467,347.21804822580333,333.5401854791398,13.67786274666355,12.513319947060161,67.62295081967213,76.15135521369864,74.88256138358526
20230217,2367715,848866113,355.5,361.5,355.5,359.5,0.0,2013,354.5,352.25,339.575,356.3012317744978,349.10757926798743,335.4631347029072,13.64444456508022,12.739544870664174,65.65217391304347,79.26998560140295,76.34503612285782
20230220,5219661,1917560260,363.0,372.0,360.5,368.0,8.5,4701,359.1,355.75,341.825,360.20082118299854,352.0141055344509,337.87327287306226,14.140832661388629,13.019802428809065,70.0,82.13958636053125,78.27655286874896
20230221,5216648,1945015599,370.0,378.0,369.0,370.5,2.5,4642,362.2,359.4,344.2,363.6338807886657,354.8580892983815,340.29006747505764,14.568021823323875,13.329446307712027,68.14159292035399,81.05080405256074,79.20130326335288
20230222,5215204,1932433184,370.0,375.0,366.5,370.5,0.0,4574,365.6,360.0,346.85,365.9225871924438,357.2645370986305,342.527840254683,14.736696843947527,13.610896414959129,62.303664921465966,80.32494918058039,79.57585190242872
20230223,8828826,3392171356,378.0,395.0,376.0,382.5,12.0,8092,370.2,362.1,349.925,371.4483914616292,361.1469160065335,345.48874097655835,15.658175029975155,14.020352137962336,66.19718309859155,78.94679151721232,79.36616510735658
20230224,4138971,1584086752,389.0,390.0,376.5,380.0,-2.5,4155,374.3,364.4,353.1,374.29892764108615,364.0473904670668,348.04513053385034,16.002259933216465,14.416733697013163,75.0,75.54786101147488,78.09339707539601
20230301,2885931,1090609498,375.0,380.5,372.0,379.0,-1.0,2842,376.5,367.8,355.875,375.8659517607241,366.34779193367194,350.3380838276392,16.009708106032747,14.73532857881708,73.93617021276596,71.97696228603819,76.0545854789434
20230302,2506490,949145585,380.5,382.5,373.0,380.0,1.0,2841,378.4,370.3,358.875,377.24396784048275,368.448131636184,352.5352628033696,15.912868832814354,14.970836629616537,62.015503875968996,69.26978208627445,73.79298434805375
20230303,1648427,627072069,383.0,385.0,378.0,379.5,-0.5,2051,380.2,372.9,361.375,377.9959785603219,370.14841907677106,354.53265074386076,15.615768332910307,15.09982297027529,64.51612903225806,66.433019281145,71.33966265908415
20230306,3972789,1544054205,385.0,392.5,384.0,388.0,8.5,4123,381.3,375.75,363.425,381.33065237354793,372.8948161418832,357.0117136517229,15.883102490160297,15.256478874252293,73.48484848484848,70.85872782994207,71.17935104937013
20230307,1847820,714476035,390.0,390.0,382.5,387.5,-0.5,2263,382.8,378.55,365.4,383.3871015823653,375.1417675046704,359.2701052330768,15.871662271593607,15.379515553720557,88.9908256880734,71.80055539539997,71.3864191647134
20230308,1700281,652565195,382.5,388.0,380.0,387.0,-0.5,2077,384.4,380.45,368.1,384.5914010549102,376.9661109654903,361.32417151210814,15.641939453382179,15.432000333652882,85.55555555555556,71.84364511740114,71.53882781560931
20230309,2939820,1152113792,389.0,394.0,388.5,390.5,3.5,3096,386.5,382.45,370.925,386.5609340366068,379.04824774003026,363.4853439926927,15.562903747337543,15.458181016389815,89.36170212765957,74.7073576144993,72.5950044152393
20230310,2828952,1079405722,384.5,386.0,378.0,379.5,-11.0,3536,386.5,383.35,371.675,384.2072893577379,379.1177480877179,364.67161480804884,14.446133279669084,15.25577146904567,69.23076923076923,61.168541439969225,68.78618342348261
20230313,2855093,1094421669,376.5,387.0,375.5,386.0,6.5,2919,386.1,383.7,372.9,384.8048595718253,380.17655607422284,366.25149519263783,13.925060881585011,14.989629351553539,72.64957264957265,61.99114883876736,66.52117189524418
20230314,2539879,965118513,381.0,384.0,377.0,379.0,-7.0,2488,384.4,383.6,374.0,382.8699063812169,379.9955474474193,367.1958288820721,12.799718565347234,14.55164719431228,59.64912280701754,50.85124208298775,61.29786195782537
20230315,3261570,1265055840,382.5,394.0,381.5,384.0,5.0,3251,383.8,384.1,375.95,383.2466042541446,380.61161707089326,368.4405822982149,12.171034772678354,14.075524709985496,61.34453781512605,49.21614337064048,57.27062242876374
20230316,2847765,1108245945,381.0,392.0,381.0,392.0,8.0,3160,384.1,385.3,377.8,386.16440283609643,382.36367598306356,370.185724350199,12.177951632864563,13.69601009456131,65.92592592592592,62.540491976823375,59.027245611450276
20230317,4357313,1744379826,399.5,405.0,397.5,397.5,5.5,3848,387.7,387.1,380.0,389.94293522406434,384.6923412164384,372.209004027962,12.483337188476412,13.45347551334433,62.295081967213115,66.55241838002914,61.535636534309894
20230320,2089485,822881469,400.5,401.0,390.5,391.5,-6.0,3101,388.8,387.45,381.6,390.4619568160429,385.73967333698636,373.6379666925574,12.10170664442893,13.183121739561251,58.91472868217055,62.44737496521716,61.83954934461231
20230321,3080108,1198572038,395.0,396.0,385.0,389.0,-2.5,3138,390.8,387.6,383.075,389.97463787736194,386.24126205437307,374.77589508570134,11.46536696867173,12.839570785383348,57.57575757575758,56.88582059828036,60.18830642916832
20230322,2236808,882762025,393.0,398.0,392.5,393.5,4.5,2491,392.7,388.25,384.35,391.149758584908,387.3579909690849,376.1628658200938,11.195125148991053,12.51068165810489,59.71223021582734,58.26286344970103,59.546492102679224
20230323,1447418,572070133,393.0,397.0,392.0,396.5,3.0,1632,393.6,388.85,385.65,392.9331723899387,388.764453896918,377.66932020379056,11.095133693127423,12.227572065109397,61.80555555555556,62.570722525789385,60.55456891038261
20230324,2540790,1009794170,397.5,400.5,395.0,396.0,-0.5,2953,393.3,390.5,386.925,393.95544825995916,389.8776148358537,379.02714833684314,10.850466499010565,11.952150951889632,56.25,64.33286263624055,61.814000152335254
20230327,1661193,655434009,396.0,398.0,392.5,393.0,-3.0,2087,393.6,391.2,387.45,393.63696550663946,390.3579817841839,380.0621743859659,10.295807398218017,11.620882241155309,54.13533834586467,59.5552417574937,61.06108068738807
20230328,3863513,1476503967,395.0,395.0,378.5,380.0,-13.0,5088,391.8,391.3,387.45,389.09131033775964,388.7644461250787,380.05756887589433,8.706877249184345,11.038081242761116,45.56962025316456,41.59028695782598,54.57081611086737
20230329,2762108,1052174428,387.0,388.0,376.5,379.5,-0.5,3054,389.0,390.85,387.475,385.8942068918398,387.3391467212204,380.01626747767995,7.322879243540456,10.295040842916984,42.76315789473684,31.23562990170855,46.79242070781443
20230330,1508921,576427315,379.5,383.5,379.5,382.5,3.0,1823,386.2,389.9,387.6,384.7628045945599,386.5946626102634,380.2002476645185,6.394414945744927,9.514915663482574,52.20588235294117,28.987018573928147,40.85728666318566
20230331,2478044,958411084,385.0,391.0,382.0,387.5,5.0,2962,384.5,388.9,388.0,385.67520306303993,386.7339452856075,380.7409700597393,5.992975225868179,8.810527575959695,51.127819548872175,34.60245682706321,38.77234338447818
20230406,2034669,776365304,384.5,386.0,379.5,380.0,-7.5,3341,381.9,387.75,387.6,383.7834687086933,385.69795370320634,380.6860833886475,5.011870314558848,8.050796123679525,50.74626865671642,27.92941566248658,35.158034143814305
20230407,860659,327440439,384.0,384.0,379.0,379.0,-1.0,1275,381.7,386.75,387.175,382.1889791391289,384.66749928732844,380.56118832282175,4.10631096450669,7.261899091844959,46.03174603174603,22.09183266387994,30.802633650502848
20230410,1377367,522325458,380.0,384.5,377.5,378.5,-0.5,1856,381.5,385.25,386.75,380.9593194260859,383.71865324312404,380.4085077063164,3.3101455368076245,6.4715483808374925,37.83783783783784,17.505666220364404,26.370311173790032
20230411,2343224,898234365,380.5,386.5,376.5,385.0,6.5,2352,382.0,384.1,386.475,382.30621295072393,383.91578351341263,380.7486182465893,3.1671652668233605,5.810671758034666,38.93805309734513,24.848738720553012,25.863120356044355
20230412,2106641,816775601,387.0,392.0,384.0,387.0,2.0,2206,381.9,383.2,386.85,383.87080863381595,384.390278357503,381.21168356165674,3.1785947958462657,5.2842563655969865,45.714285714285715,35.484744732620925,29.070328481569877
20230413,1839225,706239047,385.0,387.0,381.5,383.0,-4.0,1749,382.5,382.2,386.7,383.5805390892107,384.17638937942564,381.34415144597847,2.832237933447175,4.793852679167024,44.444444444444436,37.63499111206986,31.92521602506987
20230414,2643595,1023441016,385.0,392.0,382.5,389.0,6.0,2441,384.5,383.1,387.2,385.3870260594738,384.91848332105246,381.91125133886896,3.007231982183498,4.436528539770319,45.94594594594595,51.97171450482077,38.60738218498683
20230417,3250350,1282460866,388.5,400.0,385.0,400.0,11.0,3217,388.8,385.15,388.0,390.2580173729825,387.2387166562752,383.2511586471009,3.987558009174279,4.346734433651111,52.75590551181102,67.98114300321384,48.3986357910625
20230418,2784102,1101771845,397.0,402.0,392.0,392.5,-7.5,2924,390.3,386.15,388.025,391.0053449153217,388.0481448630021,383.9362580065749,4.111886856427191,4.299764918206328,47.51773049645389,66.23579468188112,54.34435542133537
20230419,2403305,934207189,394.0,396.0,385.0,387.0,-5.5,2914,390.3,386.1,387.5,389.67022994354784,387.8868918071556,384.1632018579397,3.7236899492158955,4.184549924408241,45.89041095890411,57.88268665066583,55.52379916444552
20230420,2291520,879557842,382.0,388.0,379.0,385.0,-2.0,2457,390.7,386.6,387.175,388.1134866290319,387.44275460605473,384.22518690549975,3.21756770055498,3.991153479637589,54.03225806451613,49.69956887822166,53.58238906903756
20230421,5613404,2098363815,383.0,384.0,366.5,367.0,-18.0,6199,386.3,385.4,386.075,381.07565775268796,384.2977154358925,382.949247134722,1.3484683011704988,3.462616443944171,42.13836477987421,33.60252948688956,46.922435874988224
20230424,4580184,1687859616,365.5,372.0,365.0,367.0,0.0,3609,379.7,384.25,384.75,376.38377183512534,381.6365284457552,381.7678214210389,-0.13129297528371353,2.7438345600985943,39.869281045751634,24.203488126394838,39.34945329212376
20230425,6719662,2360593976,370.0,370.0,343.0,344.5,-22.5,7054,370.1,380.2,382.15,365.7558478900836,375.9232163771774,379.0072420565175,-3.0840256793400727,1.578262512210861,27.127659574468098,16.983116378048535,31.894007654098687
20230426,4054026,1386581475,346.0,346.0,336.5,345.0,0.5,4052,361.7,376.0,379.6,358.83723192672244,371.1657984729963,376.48818708936807,-5.322388616371768,0.19813228649433515,29.885057471264375,15.647777330912763,26.478597546370043
20230427,4485875,1598990313,350.0,361.0,345.5,359.0,14.0,4353,356.5,373.6,377.9,358.8914879511483,369.2941371694584,375.19276582348897,-5.898628654030574,-1.0212199016106467,40.0,21.882233233331156,24.946476108690412
20230428,3684805,1320167643,356.5,364.0,352.0,359.0,0.0,3403,354.9,370.6,376.85,358.92765863409886,367.7104237587725,373.9933016884157,-6.282877929643234,-2.0735515072171644,40.20100502512563,26.03853716827675,25.310496461885855
20230502,2320690,841067904,358.5,365.5,353.0,363.5,4.5,2241,354.2,366.95,376.05,360.4517724227326,367.0626662574229,373.2160200818664,-6.1533538244435135,-2.8895119706624346,38.97435897435897,32.485075199019235,27.70202270759698
20230503,1251316,457844879,363.5,368.5,362.5,368.0,4.5,1385,358.9,364.5,375.325,362.9678482818217,367.20687144858863,372.8296482239504,-5.622776775361785,-3.436164931602305,40.5,42.04506631390926,32.4830372430344
20230504,2480962,925097022,368.0,375.5,368.0,373.5,5.5,2403,364.6,363.15,374.625,366.4785655212145,368.17504507188266,372.8793039110652,-4.7042588391825575,-3.6897837131183557,45.320197044334975,53.99495648997459,39.65367699201447
20230505,2026724,745573252,373.0,373.0,365.5,366.0,-7.5,2471,366.0,361.25,373.925,366.31904368080967,367.84042275313146,372.3697258435789,-4.529303090447456,-3.857687588584176,38.83495145631068,61.21031287365827,46.83922228589573
20230508,3211521,1192665747,373.0,377.0,367.5,369.0,3.0,2722,368.0,361.45,373.425,367.2126957872065,368.0188192526497,372.12011652183236,-4.10129726918268,-3.906409524703877,33.684210526315795,67.55584644252114,53.74476367143753
20230509,1997742,727289765,371.5,372.5,359.0,364.5,-4.5,2171,368.2,361.2,372.725,366.30846385813766,367.4774624445497,371.55566344614107,-4.078201001591367,-3.940767820081375,34.78260869565217,68.0824984513927,58.52400859808925
20230510,1770871,650935581,362.0,372.0,362.0,368.5,4.0,1781,368.3,363.6,371.9,367.0389759054251,367.63477591461896,371.32931800568616,-3.6945420910672055,-3.891522674278541,39.77900552486188,69.7269566395528,62.258324611910425
20230511,2128612,791773507,368.5,375.5,367.0,373.0,4.5,1926,368.2,366.4,371.2,369.02598393695007,368.4601950046776,371.4530722274872,-2.992877222809625,-3.711793583984758,43.54838709677419,74.48463775970185,66.3337623278409
20230512,2083468,765025182,369.0,371.0,363.0,369.0,-4.0,2080,368.8,367.4,370.5,369.0173226246334,368.5432419270349,371.2713631735993,-2.728121246564399,-3.5150591165006864,51.265822784810126,71.87864739535678,68.18205735034618
20230515,1220225,449313037,370.0,371.0,364.5,368.0,-1.0,1343,368.6,368.3,369.45,368.67821508308896,368.45966624595263,371.0290399755549,-2.569373729602262,-3.325922039121002,50.625,64.58576493023784,66.98329321031007
20230516,1626342,608768495,372.5,375.5,370.5,374.0,6.0,1896,370.5,369.35,368.15,370.452143388726,369.31202528503684,371.24911108847675,-1.9370858034399134,-3.0481547919847842,73.22834645669292,70.83495439793634,68.26718027285216
20230517,1884803,707259345,376.0,378.5,373.0,374.5,0.5,2120,371.7,370.0,367.25,371.80142892581733,370.110175241185,371.48991767451554,-1.3797424333305344,-2.7144723202539343,73.22834645669292,73.71902942768406,70.08446332446279
20230518,1904285,712348827,379.0,379.0,372.0,373.5,-1.0,2228,371.8,370.0,366.575,372.36761928387824,370.63168674254115,371.6388126615885,-1.0071259190473256,-2.3730030400126125,64.35643564356435,73.31268628512271,71.16053764468276
20230519,1756529,659693154,377.0,377.5,373.0,376.0,2.5,1496,373.2,371.0,366.125,373.5784128559188,371.4575810898425,371.9618635755449,-0.5042824857023902,-1.9992589291505682,66.0377358490566,77.20845752341513,73.17651093759355
20230522,1168658,439103585,376.0,377.0,373.5,375.5,-0.5,1409,374.7,371.65,366.55,374.2189419039459,372.0794916914052,372.2239477551342,-0.1444560637289669,-1.628298356066248,62.24489795918367,77.9428932509042,74.76530504203043
20230523,1536626,574059592,376.0,377.0,372.5,373.0,-2.5,1767,374.5,372.5,366.85,373.812627935964,372.22110835426594,372.28143310660573,-0.060324752339795396,-1.3147036353209576,55.319148936170215,72.79526216726947,74.10862408377677
20230524,1400981,519253073,373.0,373.0,366.0,372.0,-1.0,1634,374.0,372.85,368.225,373.208418623976,372.18709168437886,372.26058620982013,-0.07349452544127644,-1.0664618133450214,48.23529411764706,67.28017477817964,71.8324743152444
20230525,1792203,667469160,370.0,376.5,370.0,370.5,-1.5,1803,373.4,372.6,369.5,372.305612415984,371.92753911755136,372.1301724165001,-0.20263329894874005,-0.8936961104657652,56.16438356164384,58.646553300395624,67.4371673102948
20230526,2564230,969038906,371.0,380.0,371.0,379.0,8.5,3034,374.0,373.6,370.5,374.53707494398935,373.01561002254346,372.63904853379637,0.37656148874708606,-0.639644590623195,61.904761904761905,70.0500831526447,68.30813925774476
20230529,3599017,1396757673,385.0,393.5,383.5,388.0,9.0,4025,376.5,375.6,371.95,379.02471662932624,375.320900788306,373.7768967905522,1.544003997753805,-0.20291487294779503,75.26881720430107,73.36672210176313,69.99433353908421
20230530,3058799,1161331451,388.0,388.0,376.0,378.0,-10.0,3840,377.5,376.0,372.675,378.68314441955084,375.7330698977974,374.0897192505113,1.6433506472861268,0.16633823109898938,59.047619047619044,63.456602613296624,67.815089897155
20230531,2992594,1145277469,381.0,387.0,378.5,382.0,4.0,2124,379.5,376.75,373.375,379.7887629463672,376.697212990444,374.67566597269564,2.0215470177483326,0.537379988428858,58.65384615384615,61.69834113613714,65.77617364348238
20230601,2479738,946340416,385.0,385.0,379.0,380.5,-1.5,1550,381.5,377.45,373.725,380.0258419642448,377.2822571457603,375.1070981228663,2.175159022893979,0.8649357953218823,61.61616161616161,58.707984999848996,63.42011076227125
20230602,2337106,898235797,384.0,387.5,382.0,387.0,6.5,2300,383.1,378.55,374.775,382.3505613094966,378.777294507951,375.9880538174688,2.7892406904821883,1.2497967743539435,67.27272727272728,64.59320212111145,63.81114121521798
20230605,1690464,654841926,387.0,389.5,384.0,386.5,-0.5,1862,382.8,379.65,375.65,383.7337075396644,379.9654030451893,376.7667164976563,3.1986865475329864,1.6395747289897522,62.62626262626263,67.91061959589247,65.17763400877614
20230606,1964794,768701260,391.0,393.5,387.5,392.0,5.5,2413,385.6,381.55,377.025,386.4891383597763,381.81687949977555,377.8951078682003,3.921771631575268,2.0960141095068554,66.05504587155963,76.47942015612689,68.94489605789305
20230607,3090201,1235028110,397.0,402.0,396.5,401.5,9.5,3773,389.5,384.5,378.675,391.49275890651757,384.84505188442546,379.64361839648177,5.201433487943689,2.717097985194222,72.22222222222223,83.78197902881578,73.89059038153395
20230608,2727000,1080153076,402.0,402.0,391.0,395.0,-6.5,3318,392.4,386.95,379.775,392.66183927101173,386.40735159451384,380.78112814489054,5.626223449623296,3.298923078080037,64.17910447761194,80.21362704485153,75.99826926930648
20230609,2675818,1075211199,399.0,404.5,396.5,403.0,8.0,2987,395.6,389.35,381.475,396.1078928473412,388.9600667338194,382.4269705045283,6.533096229291118,3.9457577083222533,68.45637583892618,85.0546987316554,79.01707909008945
20230612,2002495,806770574,410.0,410.0,399.0,404.0,1.0,2735,399.1,390.95,383.275,398.7385952315608,391.2739026209241,384.02497268937805,7.2489299315460585,4.606392152967015,71.23287671232876,83.68725947189725,80.57380588402538
20230613,2568189,1055111570,406.5,415.5,404.5,414.5,10.5,3291,403.6,394.6,385.3,403.99239682104053,394.84714837155116,386.2823821197945,8.56476625175668,5.398066972724948,75.75757575757575,88.21159763879908,83.11973646894994
20230614,1715402,700053788,417.0,417.0,405.0,407.0,-7.5,2374,404.7,397.1,386.925,404.994931214027,396.71681785285097,387.8170204812912,8.899797371559771,6.098413052491913,70.62146892655367,82.6172555687232,82.95224283554101
20230615,2205430,899688173,412.0,412.5,405.5,407.0,0.0,2322,407.1,399.75,388.6,405.663287476018,398.2988458754893,389.2379819271215,9.060863948367796,6.69090323166709,67.5,78.31049361147203,81.40499309418468
20230616,3026911,1213376618,408.0,408.0,399.0,401.0,-6.0,3143,406.7,401.15,389.85,404.1088583173454,398.71440804849095,390.1092425251125,8.605165523378446,7.073755690009361,58.44155844155844,67.46123302911694,76.75707307249543
20230619,895170,358530044,399.0,402.5,396.0,400.0,-1.0,1179,405.9,402.5,391.075,402.73923887823025,398.9121914256462,390.841891226956,8.070300198690177,7.273064591745524,66.1764705882353,56.512616891206164,70.00892101206567
20230620,2418368,953159140,401.5,401.5,392.0,392.0,-8.0,3443,401.4,402.5,392.025,399.1594925854869,397.84877736016216,390.9276770619963,6.921100298165868,7.202671733029594,56.944444444444436,38.95712920952206,59.65832374455113
20230621,2413103,939285956,395.0,395.0,387.0,391.0,-1.0,2677,398.2,401.45,392.975,396.43966172365793,396.7951193047526,390.9330343166632,5.86208498808935,6.934554384041546,57.34265734265735,30.41586391745915,49.91083713552047
20230626,1432738,554593550,387.0,390.0,383.5,387.5,-3.5,1821,394.3,400.7,393.825,393.45977448243866,395.36510095017525,390.6787354783919,4.686365471783347,6.484916601589906,50.36496350364963,24.257342114126992,41.359672128389306
20230627,1709087,664048367,387.5,393.5,385.0,388.0,0.5,2015,391.7,399.2,394.275,391.6398496549591,394.2320084963021,390.48031062814067,3.7516978681614432,5.938272854904214,51.0948905109489,20.6491733497165,34.45617253549837
20230628,1401744,542146781,392.5,392.5,383.5,387.0,-1.0,1771,389.1,397.5,394.225,390.0932331033061,393.11939180456335,390.222509840871,2.8968819636923513,5.329994676661841,46.09375,17.24870263115428,28.72034923405034
20230629,1300538,510194377,390.0,395.0,388.0,393.0,6.0,1514,389.3,395.35,394.975,391.0621554022041,393.10102383463055,390.4282498526583,2.6727739819722274,4.798550537723918,42.97520661157025,22.418675317321245,26.619791261807308
20230630,2572540,990700185,391.0,394.0,381.0,387.5,-5.5,2711,388.6,393.4,395.25,389.8747702681361,392.239327860072,390.21134245616514,2.0279854039068823,4.244437510960512,43.69747899159664,22.97047490290552,25.403352475506708
20230703,1158377,454241464,390.0,394.5,389.5,392.0,4.5,1376,389.5,391.9,395.825,390.5831801787574,392.20250818929173,390.3438356075603,1.8586725817314118,3.767284525114692,40.17857142857142,32.36791350116182,27.724872817391745
20230704,1494173,588025357,391.0,396.0,389.0,393.5,1.5,1658,390.6,391.15,396.15,391.55545345250493,392.4021223140161,390.57762556255585,1.8244967514602308,3.3787269703838,40.70796460176991,41.90381225280707,32.45118596253019
20230705,2282107,887208469,393.5,395.0,385.5,387.5,-6.0,2564,390.7,389.9,396.2,390.2036356350033,391.6479496503213,390.3496532986628,1.2982963516585073,2.9626408466387417,24.038461538461533,42.38031927964916,35.76089706823651
20230706,3075303,1187543314,383.5,390.5,381.0,385.0,-2.5,2788,389.1,389.2,395.85,388.46909042333556,390.6251881656565,389.95338268394704,0.6718054817094412,2.5044737736528817,26.59574468085107,37.14243507532166,36.22140973726489
20230707,2063993,790568180,385.0,386.5,381.0,383.0,-2.0,2108,388.2,388.4,394.925,386.64606028222374,389.45208229401703,389.43831729995094,0.01376499406609355,2.006332017735524,25.51020408163265,29.206067827992214,33.882962434174
20230710,1880897,714587773,379.0,382.5,378.0,379.0,-4.0,2229,385.6,387.55,394.125,384.0973735214825,387.84406963339904,388.6651086110657,-0.8210389776666602,1.4408578186550873,26.59574468085107,21.322563737179994,29.696162868509326
20230711,1408733,548754031,383.0,391.5,382.5,390.5,11.5,1680,385.0,387.8,393.5,386.23158234765503,388.2526743051838,388.8010264917275,-0.5483521865436956,1.0430158176153308,41.7391304347826,37.36319063960147,32.251838792206705
20230712,1634146,643416013,387.5,396.0,386.5,394.5,4.0,1884,386.4,388.55,393.025,388.9877215651034,389.2138013351555,389.22317267752544,-0.009371342369945523,0.8325383856182755,52.33644859813084,55.464349315289866,39.98934229990109
20230713,2551707,1026286983,396.0,406.0,396.0,399.5,5.0,2815,389.3,389.2,392.275,392.49181437673565,390.79629343743926,389.98441914585686,0.8118742915823987,0.8284055668111002,57.39130434782609,62.571470972098005,47.51671852396673
20230714,3230059,1326933450,409.0,415.0,405.5,408.0,8.5,3573,394.3,391.25,392.325,397.66120958449045,393.44301752398707,391.31890661653415,2.1241109074529163,1.0875466349394636,66.4,68.74134100842569,54.59159268545305
20230717,1872272,762067216,408.0,410.5,402.0,408.5,0.5,1991,400.2,392.9,392.4,401.27413972299365,395.7594763664506,392.5915802004946,3.1678961659559945,1.5036165411427698,66.4,73.30503814976127,60.82940784022245
20230718,3761574,1561120938,414.0,418.0,409.0,417.5,9.0,3899,405.6,395.3,393.225,406.6827598153291,399.1041723100736,394.4366483337913,4.6675239762822684,2.1363980281706696,71.63120567375887,81.78669209984085,67.81516926009525
20230719,3888910,1617590975,417.0,420.0,411.5,415.0,-2.5,3338,409.7,398.05,393.975,409.4551732102194,401.54968426236996,395.95985956832527,5.589824694044694,2.8270833613454744,66.41791044776119,83.88954076497325,73.17329309505458
20230720,2351545,966418957,412.5,413.5,408.0,410.5,-4.5,2337,411.9,400.6,394.9,409.803448806813,402.9266559143131,397.0369070077086,5.8897489066044955,3.439616470397279,67.42424242424242,81.72001130363296,76.0221991645807
20230721,3913217,1603617353,404.0,415.0,399.0,415.0,4.5,3563,413.3,403.8,396.1,411.53563253787536,404.7840934659572,398.36750648861903,6.41658697733817,4.035010571785457,67.42424242424242,83.36889642464419,78.47109825126853
20230724,3497317,1421905863,411.5,411.5,403.0,406.5,-8.5,3391,412.9,406.55,397.05,409.8570883585836,405.04807908657915,398.96991341538796,6.0781656711911864,4.443641591666603,58.9041095890411,75.47976179553393,77.47398609935699
20230725,1692125,687131189,409.0,410.0,403.5,404.0,-2.5,2114,410.2,407.9,397.85,407.9047255723891,404.8868361501824,399.3425124216555,5.5443237285268765,4.663778019038658,61.8705035971223,61.430952308133726,72.12630816894924
20230726,2333514,937357554,409.0,409.0,398.0,399.5,-4.5,3011,407.1,408.4,398.475,405.10315038159274,404.0580921270774,399.35417816819955,4.70391395887782,4.671805207006491,60.13986013986015,43.22669547814976,62.49310393868274
20230727,2356665,966267842,401.5,413.0,401.5,409.5,10.0,2518,406.9,409.4,399.3,406.56876692106187,404.89530872291164,400.1057205261107,4.789588196800935,4.69536180496538,66.66666666666666,46.24203940967559,57.07608242901369
20230728,4064005,1709400664,406.5,429.5,405.0,423.5,14.0,4962,408.6,410.95,401.1,412.21251128070793,407.75756891938676,401.8386301167692,5.918938802617561,4.940077204495816,74.86033519553072,57.81215325724404,57.32143937175714
20230731,4791437,2070510761,430.0,438.0,425.0,430.5,7.0,5602,413.4,413.15,403.025,418.3083408538053,411.25640447025035,403.96169455256404,7.294709917686305,5.411003747133914,73.52941176470588,65.6247688381627,60.08921586055898
20230801,2078009,891329455,429.5,432.5,423.0,432.5,2.0,2564,419.1,414.65,404.975,423.03889390253687,414.5246499363657,406.07564310422595,8.44900683213973,6.0186043641350775,72.89156626506023,72.49984589210845,64.22609253774213
20230802,5637694,2481724648,435.0,450.0,433.5,439.0,6.5,6854,427.0,417.05,407.55,428.3592626016913,418.29008840769404,408.51448435576475,9.775604051929292,6.770004301693921,73.37278106508876,74.61528187679025,67.68915565075817
20230804,4777664,2047540253,432.5,437.0,423.0,428.0,-11.0,5501,430.7,418.8,409.7,428.2395084011275,419.7839209603565,409.9578558849674,9.826065075389124,7.381216456432962,61.49425287356322,68.97429048196273,68.11753392782634
20230807,4158167,1719267342,421.0,422.0,408.0,415.0,-13.0,7780,429.0,418.8,411.3,423.826338934085,419.04793312030165,410.3313480416365,8.716585078665162,7.648290180879402,53.266331658291456,56.88029621874438,64.37178802479902
20230808,3004132,1237027231,413.0,420.5,409.0,410.0,-5.0,3171,424.9,419.15,412.85,419.21755928939,417.655943409486,410.306803742256,7.349139667229963,7.588460078149515,46.07329842931937,45.61250517147061,58.118693740356214
20230809,2070642,845630444,413.0,414.5,403.5,407.0,-3.0,2566,419.8,419.45,413.675,415.14503952626,416.0165675003343,410.06185531690375,5.9547121834305585,7.261710499205724,45.833333333333336,34.18840550950274,50.14193099673839
20230810,4027924,1606429394,401.0,404.5,396.0,398.5,-8.5,3828,411.7,419.35,413.875,409.5966930175067,413.32171096182134,409.2054215897257,4.11628937209565,6.63262627378371,43.99999999999999,24.335480216211703,41.539780736562825
20230811,2040374,811873548,398.5,402.0,394.0,398.0,-0.5,2243,405.7,418.2,413.8,405.7311286783378,410.96452466000267,408.3753903608571,2.5891342991455417,5.823927878856076,41.145833333333336,18.604605858426847,33.89472244385083
20230814,2317245,940352389,398.0,408.0,398.0,408.0,10.0,2407,404.3,416.65,413.8,406.4874191188919,410.50844394307916,408.3475836674603,2.160860275618859,5.091314358208633,50.76923076923077,20.736403905617898,29.50861626443985
20230815,1873518,760605832,410.0,413.0,403.0,404.0,-4.0,2490,403.1,414.0,413.575,405.65827941259465,409.50714487491314,408.0255404328336,1.4816044420795151,4.3693723749828095,50.0,19.776650222792885,26.26462758389086
20230816,2005766,820265061,402.0,411.5,401.0,411.0,7.0,2101,403.9,411.85,413.25,407.4388529417298,409.73681489415725,408.2458707711422,1.4909441230150264,3.793686724589253,55.66502463054187,26.362728055505332,26.297327741095682
20230817,1346608,548834832,405.0,410.5,404.0,407.5,-3.5,1510,405.7,408.7,412.875,407.4592352944866,409.39268952582535,408.19062108439095,1.2020684414343918,3.2753630679582812,48.94736842105264,33.646580608432124,28.747078696874496
20230818,2645264,1095648503,405.5,418.5,405.0,417.5,10.0,2832,409.6,407.65,413.225,410.8061568629911,410.6399680603138,408.8802047077694,1.7597633525443825,2.9722431248755017,46.7032967032967,51.9908021666277,36.494986520125565
20230821,2455769,1030363701,427.5,427.5,413.0,417.0,-0.5,3338,411.4,407.85,413.325,412.8707712419941,411.6184345125732,409.4816710257124,2.1367634868607865,2.8051471972725586,42.01183431952663,57.54610691705528,43.512026652435466
20230822,1619944,667612702,419.0,420.0,408.5,412.0,-5.0,3395,413.0,408.05,413.6,412.5805141613294,411.67713689525425,409.6682139126967,2.0089229825575785,2.6459023543295626,38.28571428571428,56.27451903923088,47.76619078136727
20230823,947626,391111852,412.0,415.0,408.5,415.0,3.0,1169,413.8,408.85,414.15,413.3870094408863,412.1883466036767,410.06316103027467,2.125185573402007,2.5417589981440516,35.71428571428572,58.41186841421362,51.31474999231605
20230824,2132099,900534653,413.0,426.0,413.0,425.5,10.5,2634,417.4,411.55,415.45,417.4246729605909,414.2362932800341,411.20663058358764,3.029662696446451,2.639339737804532,48.50299401197604,70.01469193715936,57.54806397393048
20230825,1730953,741171162,422.0,432.0,421.5,430.0,4.5,2185,419.9,414.75,416.475,421.61644864039397,416.6614789292596,412.5987320218404,4.062746907419182,2.9240211717274622,60.0,77.85925699036429,64.31846164607508
20230828,1916651,821571132,430.0,433.0,424.0,427.0,-3.0,2373,421.9,416.65,416.65,423.4109657602627,418.2520206324504,413.6654926128152,4.586528019635182,3.2565225413090064,61.64383561643836,78.98950466024286,69.20880931746433
20230829,2619739,1106204526,430.0,430.0,418.0,424.5,-2.5,7593,424.4,418.7,416.35,423.7739771735085,419.21324822745805,414.46804871556964,4.745199511888416,3.5542579354248884,62.06896551724138,76.22288816429983,71.54683559974282
20230830,3124458,1329979997,426.0,433.5,422.0,425.5,1.0,4301,426.5,420.15,416.0,424.34931811567236,420.1804408078491,415.2852302921941,4.8952105156549806,3.822448451470907,70.76923076923077,74.79186696333439,72.62851272094001
20230831,4830598,2030800467,429.0,430.0,418.0,418.0,-7.5,3010,425.0,421.2,414.95,422.2328787437816,419.84498837587233,415.48632434462417,4.358664031248168,3.9296915674263593,63.888888888888886,62.527911308889585,69.26164558358987
20230901,3047412,1293152230,425.0,427.5,418.5,426.5,8.5,2566,424.3,422.1,414.875,423.6552524958544,420.8688363180458,416.3021521709483,4.566684147097476,4.057090083360583,63.12056737588653,65.68527420592639,68.06952179103537
20230904,2597625,1120058094,429.0,435.0,421.0,435.0,8.5,2632,425.9,423.9,415.875,427.4368349972363,423.0428614998849,417.6871779360633,5.3556835638216285,4.316808779452792,70.66666666666667,77.12351613728426,71.08751990645166
20230905,4491901,1978863218,429.5,449.0,429.5,449.0,14.0,4594,430.8,427.6,417.825,434.62455666482424,427.03626742297956,420.00664623709565,7.0296211858839115,4.8593712607390165,73.17073170731707,84.7490107581895,75.64135019036426
20230906,3531720,1596767341,458.0,458.0,443.0,448.5,-0.5,3495,435.4,430.95,419.9,439.2497044432162,430.33838012713653,422.11726503434784,8.221115092788693,5.531720027148952,75.94936708860759,81.91600717212633,77.73290251761829
20230907,2772144,1236380778,446.5,448.0,441.0,446.0,-2.5,2340,441.0,433.0,422.275,441.49980296214414,432.7478601075771,423.886356513285,8.86150359429206,6.197676740577574,69.93006993006993,77.94400478141755,77.80326993888471
20230908,3742754,1660760843,445.0,446.0,438.5,445.5,-0.5,3730,444.8,434.55,424.65,442.8332019747628,434.7097277833345,425.4873671419306,9.222360641403895,6.802613520742838,69.93006993006993,74.87933652094503,76.82862546623815
20230911,9640354,4025447434,421.0,421.0,404.0,405.0,,6156,438.8,432.35,424.5,430.2221346498419,430.1390004320522,423.96978439067647,6.169216041375762,6.675934024869424,46.728971962616825,50.536841631247306,68.0646975212412
20230912,3480087,1393265945,409.0,409.0,397.5,401.0,-4.0,4098,429.2,430.0,424.35,420.48142309989464,425.65607728865956,422.268318880256,3.387758408403556,6.018298901576251,43.518518518518526,35.61960240981225,57.24966581743155
20230913,4314189,1704350918,399.0,400.0,392.0,395.0,-6.0,4826,418.5,426.95,423.55,411.9876153999298,420.93975770578885,420.24844340764446,0.6913142981443912,4.952901980889879,35.26570048309178,25.261553121693016,46.5869615855187
20230914,2532744,1033209462,399.0,411.0,399.0,411.0,16.0,2993,411.5,426.25,423.725,411.6584102666199,419.41056421259054,419.5633735255967,-0.1528093130061734,3.931759722110669,41.7391304347826,26.436995010421604,39.87030606048633
20230915,3079502,1280745567,413.0,419.0,412.0,416.0,5.0,2680,405.6,425.2,423.65,413.1056068444133,418.8858620260381,419.29941993110805,-0.41355790506992207,3.062696196674551,45.2991452991453,29.74587546149319,36.49549586082195
20230918,2255786,944526860,413.5,423.0,410.5,418.0,2.0,2340,408.2,423.5,423.7,414.7370712296089,418.7495755604938,419.20316660287784,-0.4535910423840619,2.3594387488628286,47.21030042918454,32.961896772308585,35.31762949798416
20230919,2973157,1227837775,420.0,422.0,407.0,414.0,-4.0,3382,410.8,420.0,423.8,414.4913808197393,418.0188716281101,418.81774685451654,-0.7988752264064374,1.7277759538089754,45.18828451882845,35.06983594344382,35.23503164647071
20230920,2621404,1064681252,412.5,414.5,402.5,404.0,-10.0,3593,412.6,415.55,423.25,410.9942538798262,415.8621221468624,417.7201359764042,-1.8580138295417896,1.0106179971388225,44.26229508196722,30.787298036369954,33.75245377643712
20230921,4946813,1929537554,392.0,396.0,386.0,390.0,-14.0,7074,408.4,409.95,421.475,403.9961692532175,411.8833341242682,415.66679257074463,-3.783458446476459,0.051802708415766195,35.68627450980392,24.12846896118357,30.54445883801927
20230922,1623923,631979708,389.0,393.5,383.0,392.5,2.5,2551,403.7,404.65,419.6,400.16411283547836,408.9012827205346,413.9507338618006,-5.04945114126599,-0.9684480615205852,32.510288065843625,24.002312640789043,28.363743438942528
20230925,4800802,1950417998,398.5,416.0,395.0,405.0,12.5,4981,401.1,404.65,418.5,401.7760752236523,408.3010853789139,413.2877165387043,-4.986631159790363,-1.7720846811745408,31.66666666666667,34.33487509385937,30.35412065724814
20230926,1651302,658882005,402.5,403.5,397.0,398.0,-7.0,2265,397.9,404.35,417.175,400.51738348243487,406.71630301292714,412.1552930913928,-5.438990078465679,-2.5054657606327684,30.03952569169961,35.38991672923957,32.03271934791195
20230927,2355249,922500762,393.0,396.5,389.0,392.5,-5.5,3313,395.6,404.1,415.525,397.84492232162324,404.5291794724768,410.69934545499336,-6.170165982516551,-3.238405805009525,29.343629343629345,31.50994448615971,31.8584610606612
20230928,1378726,545122593,392.5,398.0,392.5,395.0,2.5,1664,396.6,402.5,414.375,396.8966148810822,403.06315186132656,409.5364309768457,-6.473279115519119,-3.8853804671114442,30.798479087452463,31.006629657439806,31.5745172595874
20231002,1125706,449007556,398.0,403.0,394.0,398.5,3.5,1456,397.8,400.75,412.975,397.43107658738813,402.36112849804556,408.7189175711534,-6.357789073107824,-4.37986218831072,46.56084656084656,33.91894968615645,32.355994735110414
20231003,1484504,598906338,398.0,406.0,397.0,404.0,5.5,1763,397.6,399.35,411.425,399.62071772492544,402.61326257526935,408.3693681214383,-5.756105546168953,-4.655110859882367,51.5625,43.82475433622551,36.17891460214878
20231004,1685718,674698441,398.5,403.5,396.5,402.5,-1.5,1844,398.5,398.2,409.1,400.5804784832836,402.59583756368943,407.93460011244287,-5.3387625487534365,-4.791841197656581,54.09836065573771,48.9134725877867,40.423767264028086
20231005,2114104,861617119,403.5,410.0,402.0,410.0,7.5,2418,402.0,398.8,407.175,403.72031898885575,403.73493947696795,408.08759269670634,-4.352653219738386,-4.704003602072942,49.397590361445786,59.8817089979184,46.90974784199152
20231006,1296209,526851443,410.5,410.5,404.5,407.5,-2.5,1477,404.5,400.55,405.25,404.98021265923717,404.31417955743444,408.0440673117651,-3.7298877543306617,-4.509180432524486,44.72049689440994,62.7606455047851,52.193380396256046
20231011,3165411,1316309024,411.5,422.0,410.5,415.5,8.0,3336,407.9,402.85,403.75,408.4868084394915,406.03507501013684,408.59635862200474,-2.561283611867907,-4.1196010683931705,48.55491329479769,68.60810710420016,57.66495596557074
20231012,2274109,951170448,419.0,422.0,414.5,419.5,4.0,2188,411.0,404.3,404.475,412.15787229299434,408.10660193165427,409.4040357611155,-1.2974338294612267,-3.555167620606782,53.17919075144508,76.54681887754758,63.95891026956302
20231013,2789701,1173788172,416.0,423.5,413.0,422.0,2.5,2649,414.9,406.7,405.525,415.4385815286629,410.24404778832286,410.337070149181,-0.09302236085812865,-2.8627385686570515,61.39240506329114,82.7516426925586,70.22315441056155
20231016,2248441,951464612,419.0,426.5,418.0,423.0,1.0,2606,417.5,409.75,406.925,417.95905435244197,412.20650197473475,411.27506495294534,0.9314370217894066,-2.10390345056776,75.0,84.91135153862882,75.1192201199173
20231017,2237858,938272149,423.0,424.0,415.0,415.5,-7.5,2697,419.1,411.8,407.15,417.1393695682947,412.7131939786217,411.588023104579,1.1251708740426807,-1.4580885856456718,66.19718309859155,77.71867880353031,75.9857063477883
20231018,2233383,927366051,414.0,419.0,411.0,414.0,-1.5,2149,418.8,413.35,407.05,416.0929130455298,412.9111641357568,411.7666880597954,1.1444760759613928,-0.937575653324259,57.5,71.25689698013132,74.4094365585693
20231019,1510431,632453807,414.5,422.0,413.0,421.5,7.5,1778,419.2,415.1,407.225,417.8952753636866,414.23252349948655,412.48767412944017,1.7448493700463814,-0.4010906486501309,69.42148760330579,74.03521023165216,74.28469444959691
20231020,2048132,860493880,415.5,423.5,413.0,423.0,1.5,2268,419.4,417.15,407.675,419.5968502424578,415.58136603802706,413.2663649346668,2.3150011033602595,0.1421277017519472,76.99115044247787,77.38710985140446,75.31883291686609
20231023,5719907,2289148062,407.5,408.5,396.0,396.5,-26.5,6589,414.1,415.8,407.3,411.8979001616385,412.64577126294597,412.0244119765433,0.6213592864026509,0.23797401868208795,50.931677018633536,52.137854655034666,67.59184016292228
20231024,2790576,1100423413,390.5,398.0,389.0,395.5,-1.0,3336,410.1,414.6,407.575,406.4319334410924,410.0079602994158,410.8003814597623,-0.792421160346521,0.03189498287636617,48.07692307692308,40.53634754780089,58.57334262454848
20231025,1274235,511733794,396.0,404.5,396.0,401.5,6.0,1443,407.6,413.2,408.025,404.7879556273949,408.6990433302749,410.11146431459474,-1.4124209843198514,-0.2569682105628774,48.40764331210192,38.13534280964503,51.760676019580664
20231026,2368644,937602117,397.0,399.0,393.0,393.0,-8.5,2836,401.9,410.55,407.425,400.85863708492997,406.283805894848,408.8439484394396,-2.5601425445915993,-0.7176030773686218,44.44444444444444,28.979117428652245,44.16682315593785
20231027,3442166,1340027775,390.0,394.0,382.0,391.5,-1.5,4160,395.6,407.5,407.1,397.73909138995333,404.00937421871754,407.55921151799964,-3.5498372992821032,-1.2840499217513182,38.36477987421383,26.859094158784032,38.397580156886576
20231030,2125602,853732243,386.5,406.0,386.5,405.0,13.5,2521,397.3,405.7,407.725,400.1593942599689,404.16177818506867,407.36964029444414,-3.207862109375469,-1.6688123592761486,48.61878453038674,36.37995835485201,37.72503955620839
20231031,1949921,786980865,406.0,409.0,400.5,401.5,-3.5,1777,398.5,404.3,408.05,400.6062628399793,403.7522738489043,406.9348521244853,-3.1825782755810224,-1.9715655425371235,41.860465116279066,39.91595617231097,38.45534509490925
20231101,1342998,544736625,403.5,408.0,401.0,405.5,4.0,1381,399.3,403.45,408.4,402.2375085599862,404.0211547952267,406.8285667819308,-2.8074119867040963,-2.138734831370518,41.860465116279066,45.48613945623944,40.798943215352644
20231102,1737694,708687705,410.0,413.0,405.5,408.0,2.5,1863,402.3,402.1,408.6,404.15833903999084,404.6332848267303,406.9153396128989,-2.282054786168601,-2.1673988223301346,41.860465116279066,58.281082218138124,46.626322882947804
20231103,1901222,773250242,408.5,411.0,404.0,405.5,-2.5,2070,405.1,400.35,408.75,404.6055593599939,404.76662562261794,406.8104996415731,-2.0438740189551368,-2.142693861655135,39.99999999999999,64.12287201639316,52.458505927429584
20231106,2000492,821592096,409.5,414.0,407.0,410.5,5.0,2187,406.2,401.75,408.775,406.5703729066626,405.64868321913826,407.0837959644195,-1.4351127452812307,-2.0011776383803546,47.05882352941176,72.4360813442621,59.11769773304042
20231107,1430883,581651573,411.0,411.0,404.0,406.0,-4.5,1638,407.1,402.8,408.7,406.38024860444176,405.70273195465546,407.0035147818699,-1.300782827214448,-1.8610986761471733,45.45454545454546,73.29072089617473,63.842038787418524
20231108,4018574,1669286888,410.0,419.5,406.5,415.0,9.0,3524,409.0,404.15,408.675,409.2534990696279,407.1330808847085,407.5958470202499,-0.46276613554141477,-1.5814321680260217,46.36871508379889,78.19381393078315,68.62596383520673
20231109,1574152,647564313,415.0,416.5,407.0,412.5,-2.5,1776,409.9,406.1,408.325,410.3356660464186,407.9587607485995,407.9591176113425,-0.0003568627429899607,-1.2652171069694154,44.19889502762431,78.39183554981503,71.88125440674283
20231110,1120976,457994726,409.0,412.0,406.5,407.5,-5.0,1239,410.3,407.7,407.6,409.3904440309458,407.88818217189186,407.9251088993912,-0.036926727499349,-1.0195590310754021,57.971014492753625,64.54192545426264,69.43481142258275
20231113,1553544,641413113,413.5,417.0,410.5,412.0,4.5,1633,410.6,408.4,407.05,410.26029602063056,408.52076953006235,408.2269526846215,0.2938168454408583,-0.7568838557721501,61.37931034482759,62.84777012266158,67.2391309892757
20231114,2541626,1068164705,417.0,424.0,414.5,418.5,6.5,2875,413.1,410.1,407.2,413.0068640137537,410.0560357562066,408.9879191524273,1.0681166037792877,-0.3918837638618626,61.64383561643836,66.06518008177437,66.84781402010859
20231115,1793214,751651530,422.0,424.5,416.0,417.5,-1.0,1838,413.6,411.3,407.375,414.50457600916917,411.2012610244825,409.61844365965493,1.5828173648275765,0.0030564618760252674,68.70229007633588,65.9946729000447,66.56343364675395
20231116,1484940,616549989,419.5,419.5,412.0,416.0,-1.5,1631,414.3,412.1,407.1,415.00305067277947,411.9395285591775,410.0911515367175,1.8483770224599994,0.37212057399282006,68.70229007633588,63.50864372198102,65.5451703384963
20231117,3270347,1385909586,414.0,429.0,414.0,428.0,12.0,3395,418.4,414.35,407.35,419.33536711518633,414.41037031930404,411.41773290436805,2.9926374149359845,0.896223942181453,67.96875,74.339095814654,68.47647883054887
20231120,1372494,589271060,429.5,433.0,426.0,427.5,-0.5,1883,421.5,416.05,408.9,422.05691141012426,416.42415950094954,412.60901194848896,3.815147552460587,1.4800086642372798,71.31147540983606,75.97449154939197,70.97581640349657
20231121,1988647,859928565,432.0,439.0,429.5,430.5,3.0,2293,423.9,418.5,410.65,424.8712742734162,418.5896734238804,413.93427032267493,4.655403101205479,2.11508755163092,70.83333333333333,75.2650456483126,72.4055594851019
20231122,1294713,561830916,430.5,436.0,427.5,435.5,5.0,1887,427.5,420.55,412.35,428.41418284894417,421.1912621278988,415.5317317802546,5.65953034764425,2.823976110833586,72.0,79.9202868424648,74.91046860422287
20231123,2143754,933553646,437.5,438.5,432.0,433.5,-2.0,2538,431.0,422.65,414.375,430.1094552326295,423.08491410822205,416.8627146113468,6.222199496875248,3.5036207880419186,72.58064516129032,80.1807760236315,76.66723774402574
20231124,2860042,1267253538,433.5,448.5,433.5,439.0,5.5,3462,433.2,425.8,416.75,433.07297015508635,425.53338886080326,418.50251352902484,7.030875331778418,4.209071696789219,72.8,78.11138492899633,77.14862013901593
20231127,4580129,2067997835,439.5,456.5,439.5,449.0,10.0,4669,437.5,429.5,418.95,438.3819801033909,429.143636728372,420.76158660094893,8.382050127423042,5.043667382915984,81.61764705882354,79.78961242457433,78.02895090086872
20231128,2647825,1194683562,449.0,454.5,443.0,451.5,2.5,2915,441.7,432.8,421.45,442.75465340226066,432.58307723169935,423.03850611198976,9.544571119709587,5.943848130274706,79.67479674796748,82.78108993098962,79.61299724424235
20231129,3935839,1814189131,451.5,464.5,450.0,462.5,11.0,4322,447.1,437.3,424.3,449.3364356015071,437.18568073451485,425.96157973332384,11.224101001191002,6.999898704457966,85.71428571428571,87.20059460745843,82.14219636531438
20231130,4278150,1932260097,456.0,456.5,449.5,449.5,-13.0,4860,450.3,440.65,426.375,449.3909570676714,439.0801913907433,427.70516641974433,11.375024970998993,7.874923957766171,76.92307692307692,78.48005008462596,80.92148093841823
20231201,2171094,976699781,444.0,455.5,442.0,449.0,-0.5,2813,452.3,442.75,428.55,449.2606380451143,440.60631579216744,429.2825614997633,11.323754292404146,8.564690024693766,75.0,71.68940275912,77.84412154531881
20231204,1283925,575489817,446.0,450.0,444.0,450.0,1.0,1710,452.5,445.0,430.525,449.50709203007625,442.0514979779878,430.8171865738549,11.234311404132939,9.098614300581602,72.99270072992701,68.06320544301694,74.58381617788486
20231205,1893741,848381358,449.5,453.0,443.5,447.0,-3.0,2575,451.6,446.65,432.575,448.6713946867175,442.8128059813743,432.0159134943101,10.796892487064213,9.438269937878125,70.92198581560284,60.760085679960014,69.9759060119099
20231206,1409468,632642410,444.0,451.5,442.5,451.5,4.5,1761,449.4,448.25,434.4,449.6142631244784,444.1492973688552,433.45917916139825,10.69011820745692,9.688639591793885,74.14965986394557,59.86156249631743,66.60445817337907
20231207,1694551,750252377,448.0,448.5,438.0,441.5,-10.0,3092,447.8,449.05,435.85,446.9095087496523,443.7417131582621,434.0547955198132,9.686917638448904,9.68829520112489,59.44055944055943,44.310224054148726,59.17304680030229
20231208,1281189,572188174,446.5,450.0,443.0,444.5,3.0,1494,446.9,449.6,437.7,446.10633916643485,443.8583726723756,434.8285143701974,9.029858302178184,9.556607821335549,61.486486486486484,37.7162499983633,52.02078119965596
20231211,1808692,812681574,447.5,452.5,445.5,451.0,6.5,2182,447.1,449.8,439.65,447.7375594442899,444.95708456893317,436.0264021946272,8.930682374305945,9.43142273192963,63.225806451612904,41.49636792343716,48.51264344091635
20231212,2735610,1248274171,455.0,459.5,452.5,457.0,6.0,2708,449.1,450.35,441.575,450.8250396295266,446.8098407890973,437.5800020320622,9.229838757035054,9.391105936950716,63.69426751592357,57.12160962337671,51.3822988350698
20231213,3958835,1836962001,460.0,468.5,457.5,468.5,11.5,4443,452.5,450.95,444.125,456.7166930863511,450.1467883600054,439.8703722519095,10.27641610809593,9.56816797117976,69.88636363636364,71.41440641558447,58.059668028574684
20231214,5362728,2574311120,470.0,492.0,467.0,492.0,23.5,6523,462.6,455.2,447.925,468.4777953909008,456.58574399692765,443.73182615917545,12.853917837752192,10.225317944494247,75.0,80.94293761038963,65.68742455584633
20231215,4330346,2079043910,490.5,490.5,476.0,479.0,-13.0,5585,469.5,458.2,450.475,471.9851969272672,460.0340910743234,446.344283480718,13.689807593605394,10.918215874316477,63.76146788990825,79.27060038223506,70.21514983130925
20231218,4294311,2013934688,475.0,476.0,462.5,470.0,-9.0,4881,473.3,460.2,452.6,471.32346461817815,461.5673078321198,448.09655877844256,13.470749053677253,11.428722510188633,58.00865800865801,72.60015334124313,71.0101510012872
20231219,6972743,3242391753,459.0,475.0,454.0,474.0,4.0,6482,476.7,462.9,454.775,472.2156430787855,463.4800297041014,450.0153322022616,13.464697501839794,11.835917508518866,55.29953917050691,70.62232444971764,70.88087548409734
20231220,3995630,1862072606,474.0,476.0,463.0,465.5,-8.5,3731,476.1,464.3,456.275,469.977095385857,463.7907943650089,451.1623446317237,12.628449733285152,11.994423953472124,57.692307692307686,62.38767208212468,68.04980768343978
20231221,3438449,1580037020,461.5,465.5,457.0,459.0,-6.5,3289,469.5,466.05,457.55,466.3180635905714,463.0537490780844,451.7429116960405,11.310837382043928,11.857706639186485,54.54545454545455,51.26920074292183,62.45627203660046
20231222,2060495,954729768,461.0,466.5,460.0,464.0,5.0,2092,466.5,468.0,458.8,465.5453757270476,463.1993261429945,452.65084416300044,10.548481979994051,11.595861707347998,56.14035087719298,43.88410851215885,56.265550861786586
20231225,2062022,968222260,465.0,473.0,464.5,470.0,6.0,2315,466.5,469.9,459.85,467.0302504846984,464.2455836594569,453.935966817593,10.309616841863885,11.338612734251177,59.82905982905983,43.29116006073748,51.94075392810355
20231226,2240077,1065441373,475.5,479.5,470.5,479.0,9.0,2784,467.5,472.1,461.225,471.02016698979895,466.5154938656943,455.79256186814166,10.722931997552621,11.215476586911466,61.31687242798353,50.7905979352285,51.55736859714519
20231227,4122016,1933160281,483.5,483.5,465.5,468.0,-11.0,4990,468.0,472.05,461.5,470.013444659866,466.74387942481826,456.6968165445756,10.047062880242663,10.981793845577705,60.81632653061224,46.64578675133954,49.92017464854331
20231228,1860522,869379676,468.0,472.0,464.5,465.0,-3.0,2049,469.2,469.35,462.275,468.34229643991074,466.4755902825385,457.3118671709033,9.163723111635193,10.618179698789204,58.36734693877551,43.52656969863314,47.78897299857325
20231229,1772487,832570676,466.5,472.0,462.0,471.5,6.5,1867,470.7,468.6,463.4,469.3948642932738,467.2485763929172,458.3628399730586,8.885736419858574,10.271691043003079,58.36734693877551,48.79172443185712,48.12322347633454
20240102,3171380,1460710457,468.5,472.0,457.5,458.0,-13.5,3815,468.3,467.4,463.8,465.5965761955159,465.82571848631454,458.33596293801725,7.489755548297296,9.715303944061922,50.38461538461539,33.785677923124865,43.344041625264644
20240103,3174005,1435097560,457.5,457.5,450.0,452.0,-6.0,3668,462.9,465.2,464.05,461.06438413034397,463.6986848730354,457.86663235001595,5.832052523019456,8.93865365985343,43.373493975903614,24.513835033327023,37.06730609461877
20240104,1973729,898234444,454.5,459.0,451.5,456.0,4.0,2272,460.5,464.25,464.275,459.37625608689603,462.5142718156454,457.7283632870518,4.785908528593552,8.108104633601455,32.85714285714286,22.312705942616024,32.149106043951186
20240105,2396086,1077221771,454.0,454.0,446.0,450.5,-5.5,3385,457.6,463.4,464.725,456.4175040579307,460.6659223055461,457.1929289694924,3.472993336053662,7.181082374091897,35.38461538461539,18.875137295077348,27.72444979432657
20240108,1561232,705707781,451.5,458.0,448.0,450.5,0.0,2011,453.4,462.05,465.025,454.44500270528715,459.10193425853896,456.69715645323373,2.4047778053052298,6.225821460334564,38.983050847457626,16.5834248633849,24.01077481734601
20240109,2906507,1312049765,457.5,457.5,447.0,451.5,1.0,2911,452.1,460.2,465.05,453.4633351368581,457.93240591107144,456.31218190114237,1.6202240099290748,5.304701970253467,36.8421052631579,15.94450546447882,21.322018366390278
20240110,2159527,982338397,454.5,458.0,449.5,456.0,4.5,2057,452.9,457.9,465.0,454.30889009123877,457.63511269398356,456.2890573158726,1.3460553781109752,4.512972651824969,44.171779141104295,23.450183130165367,22.031406620981976
20240111,2046614,923218891,456.5,459.0,448.0,450.5,-5.5,2700,451.8,456.15,464.1,453.0392600608259,456.5374030487553,455.8602382554376,0.6771647933177292,3.745811080123521,44.72049689440994,21.40268618934101,21.82183314376832
20240112,1457529,653502942,447.5,452.5,446.0,447.0,-3.5,2061,451.1,454.35,461.85,451.026173373884,455.0701102720237,455.20392431059037,-0.13381403856664065,2.969886056385489,39.24050632911393,15.550508741611957,19.731391676382863
20240115,1826542,829399123,450.0,460.0,449.5,455.0,8.0,1956,452.0,452.7,460.65,452.350782249256,455.05932407632775,455.1888188061022,-0.12949472977442156,2.3500098991535068,40.74074074074074,31.795577256312733,23.75278686969282
20240116,2383986,1075496053,450.5,453.0,447.0,453.0,-2.0,2419,452.3,452.2,459.8,452.5671881661707,454.74250498766196,455.02668407972425,-0.2841790920622884,1.8231721009103479,32.432432432432435,37.86371817087515,28.456430636753595
20240117,3939062,1743434853,446.0,449.0,438.5,438.5,-14.5,4876,448.8,450.85,458.025,447.87812544411383,452.2436580664832,453.80248525900396,-1.5588271925207664,1.146772242224125,30.967741935483872,25.242478780583433,27.38511335136354
20240118,2266299,997333017,439.0,443.5,433.5,440.0,1.5,2577,446.7,449.25,456.75,445.25208362940924,450.3600183639473,452.7800789435222,-2.4200605795749084,0.43340567786431844,33.55263157894737,25.004419815986438,26.59154883957117
20240119,3771686,1710582410,447.0,458.0,446.0,458.0,18.0,3593,448.9,450.0,456.7,449.50138908627287,451.53540015410925,453.16673976252054,-1.631339608411281,0.020456620609198558,42.285714285714285,47.487223273550704,33.55677365089768
20240122,3444422,1553181095,451.0,457.0,448.0,449.5,-8.5,4271,447.8,449.9,455.975,449.50092605751524,451.2222616688617,452.89512940974123,-1.6728677408795534,-0.3182082516885518,44.84848484848485,51.783935012555816,39.632494104783724
20240123,2919473,1304972904,451.0,452.0,441.5,447.0,-2.5,2769,446.6,449.45,454.825,448.66728403834355,450.57268295057526,452.4584531571678,-1.8857702065925537,-0.6317206426693522,46.835443037974684,51.503755417175576,43.58958120891434
20240124,3941810,1767011547,453.5,456.0,443.5,448.5,1.5,3791,448.6,448.7,453.3,448.6115226922291,450.25380865048675,452.165234404785,-1.91142575429825,-0.8876616649951319,45.09803921568628,53.2037614730856,46.79430796363809
20240125,3386743,1548761679,453.0,459.5,452.0,459.0,10.5,3865,452.4,449.55,452.85,452.07434846148607,451.5993765504119,452.6715133377639,-1.072136787352008,-0.9245566894665072,55.214723926380366,67.54464601350361,53.71108731359326
20240126,1385875,627844740,450.5,457.5,450.0,453.5,-5.5,1694,451.5,450.2,452.275,452.54956564099075,451.89178015804083,452.73288272015174,-0.8411025621109047,-0.9078658639953867,51.72413793103448,70.67078965002804,59.36432142573818
20240129,1304987,594202370,451.5,458.0,449.0,455.5,2.0,1783,452.7,450.25,451.475,453.5330437606605,452.44689090295765,452.9378543705109,-0.49096346755322884,-0.8244853847069552,52.272727272727266,75.31898797181356,64.68254360776331
20240130,1437916,654467028,455.0,459.0,453.5,453.5,-2.0,1726,454.0,450.3,451.25,453.5220291737737,452.608907687118,452.9794947875101,-0.370587100392072,-0.7337057278439786,48.538011695906434,75.85368428890135,68.40625716814264
20240131,4375568,2042907615,462.0,470.0,456.0,469.5,16.0,5236,458.2,453.4,452.125,458.8480194491825,455.2075372737152,454.2032359143612,1.0043013593540309,-0.3861043104043767,59.895833333333336,83.31766087096346,73.37672506908291
20240201,3026306,1410231001,473.0,473.0,460.5,464.5,-5.0,3639,459.3,455.85,452.55,460.7320129661217,456.6371469239129,454.96595917996405,1.671187743948849,0.02535410046626842,58.97435897435897,79.8837315859333,75.54572724136636
20240202,6359584,2994689323,466.5,483.5,458.0,469.5,5.0,6780,462.5,457.0,453.5,463.65467531074785,458.61604739715705,456.042554796263,2.573492600894042,0.5349818005518232,57.67195767195767,75.47804327951108,75.52316592074794
20240205,2748667,1272142814,469.5,471.0,458.5,463.5,-6.0,4803,464.1,458.4,454.15,463.60311687383194,459.36742472067135,456.59495814468795,2.772466575983401,0.9824787556381388,55.32994923857867,66.98536218634072,72.6772313426122
20240215,2979072,1386746965,470.5,471.0,458.5,469.0,5.5,3394,467.2,460.6,455.025,465.40207791588796,460.84935937902964,457.5138501339703,3.3355092450593133,1.453084853522374,67.0391061452514,63.980579621811685,69.7783474356787
20240216,2209935,1041933497,470.0,476.0,466.5,473.5,4.5,2867,468.0,463.1,455.9,468.10138527725866,462.79561178225583,458.6980093833059,4.0976023989499595,1.9819883626078911,68.10810810810811,66.32521733241552,68.6273040679243
20240219,2269477,1070899601,475.0,475.0,469.0,470.0,-3.5,2790,469.1,464.2,456.875,468.7342568515058,463.9039792003703,459.53519387343135,4.368785326938962,2.4593477554741052,57.69230769230769,64.50666662740744,67.25375825441867
20240220,13912165,7020386425,488.0,517.0,484.0,487.5,17.5,13915,472.7,467.6,458.9,474.98950456767056,467.5341362464672,461.6066609939179,5.9274752525493,3.1529732548891443,71.83908045977012,60.852213447143015,65.11990998532679
20240221,8055503,4014422718,481.5,507.0,479.0,501.0,13.5,8715,480.2,472.15,461.2,483.6596697117804,472.6827306700876,464.52468610547953,8.158044564608076,4.153987516832931,77.55102040816327,65.15830623252157,65.13270873439171
20240222,9466672,4952044513,508.0,533.0,506.0,532.0,31.0,10168,492.8,480.0,465.15,499.77311314118697,481.80846441315106,469.52285750507366,12.285606908077398,5.780311395081824,82.74509803921569,76.32775971056992,68.86439239311778
20240223,13079283,7259000557,554.0,563.0,540.0,547.0,15.0,12065,507.5,487.75,470.575,515.5154087607913,491.83793142651245,475.2619050972904,16.57602632922203,7.939454381909866,83.33333333333333,79.1391413943482,72.28930872686125
20240226,4381622,2394086932,541.0,556.0,535.0,551.0,4.0,5119,523.7,496.4,476.125,527.3436058405275,500.9397881301259,480.87213434934296,20.067653780782962,10.365094261684487,87.35632183908046,82.26500973339321,75.61454239570523
20240227,10458259,5954423846,557.0,582.0,554.0,567.0,16.0,10766,539.6,506.15,481.575,540.5624038936851,511.1028976485681,487.25197624939165,23.850921399176457,13.06225968918288,88.58131487889273,84.12809015964405,78.4523916503515
20240229,5622288,3185178115,566.0,573.0,556.0,569.0,2.0,7880,553.2,516.7,487.55,550.0416025957901,520.010144164173,493.3073854161034,26.702758748069584,15.790359500960223,89.96539792387543,85.66692302129228,80.8572354406651
20240301,5684340,3241789150,578.0,579.0,565.0,565.0,-4.0,6058,559.8,526.3,493.45,555.0277350638601,526.9316604466079,498.617949459355,28.313710987252932,18.295029798218767,86.0377358490566,85.42986608499132,82.3814456554405
20240304,7222034,4105867802,566.0,578.0,555.0,573.0,8.0,8534,565.0,536.25,499.675,561.0184900425734,534.0190973009759,504.1277309808842,29.891366320091663,20.614297102593348,90.03690036900369,87.37395603077091,84.04561578055063
20240305,5395969,3114653334,577.0,587.0,568.0,584.0,11.0,5602,571.6,547.65,505.925,568.6789933617156,541.7084669469796,510.04419535267056,31.664271594309014,22.82429200093648,90.45936395759718,90.65671142792135,86.2493143296742
20240306,6870734,4097142550,586.0,611.0,578.0,600.0,16.0,9898,578.2,558.9,513.25,579.1193289078104,550.6763951089827,516.7075882895098,33.96880681947289,25.053194964643765,95.04950495049505,90.27907745988406,87.59256870641082
20240307,6036780,3650559415,604.0,614.0,593.0,601.0,1.0,6810,584.6,568.9,520.525,586.4128859385403,558.4184881691392,522.951470638435,35.4670175307042,27.135959477855852,94.89795918367346,88.03415290574549,87.73976343952236
20240308,7906613,4699185905,619.0,620.0,578.0,587.0,-14.0,9746,589.0,574.4,527.2,586.6085906256935,562.8156438354255,527.695806146699,35.11983768872642,28.732735120029968,86.26198083067092,79.08159213324208,84.85370633742893
20240311,5020977,3011063244,590.0,605.0,589.0,604.0,17.0,5370,595.2,580.1,533.925,592.4057270837957,569.1516986299754,533.347968654351,35.80372997562438,30.146934091148854,89.41176470588235,77.97358667468663,82.56033311651483
20240312,2661714,1592047119,603.0,604.0,593.0,601.0,-3.0,6703,598.6,585.1,540.75,595.2704847225305,574.0514373022869,538.3592302355102,35.692207066776746,31.255988686274435,86.49517684887459,75.57213470620134,80.23093364641032
20240313,4346001,2595319151,598.0,613.0,590.0,593.0,-8.0,4527,597.2,587.7,546.925,594.513656481687,576.9666007942428,542.4066946625094,34.55990613173344,31.916772175366237,80.66666666666666,69.86860262464705,76.77682330582256
20240314,5565491,3214939294,589.0,592.0,567.0,580.0,-13.0,7462,593.0,588.8,552.75,589.6757709877913,577.4332775951285,545.1913839467679,32.24189364836059,31.981796469965108,68.18181818181819,59.39958123694419,70.9844092828631
20240315,5711854,3367660028,578.0,594.0,572.0,594.0,14.0,5004,594.4,591.7,559.0,591.1171806585276,579.9820041189549,548.806836987748,31.175167131206877,31.820470602213465,67.93893129770993,56.580852900101156,66.18322382194245
20240318,5460206,3198768301,580.0,592.0,573.0,590.0,-4.0,6274,591.6,593.4,564.825,590.7447871056851,581.5232342545004,551.8581823960631,29.665051858437323,31.389386853458237,64.8854961832061,52.18597740509888,61.51747501632792
20240319,4988183,2949493233,590.0,598.0,582.0,591.0,1.0,4891,589.6,594.1,570.875,590.8298580704568,582.9811982153465,554.757576292651,28.22362192269543,30.756233867305678,60.3448275862069,49.88499122604077,57.63998041956553
20240320,4491315,2653367026,595.0,603.0,584.0,588.0,-3.0,4907,588.6,592.9,575.9,589.8865720469712,583.7533215668316,557.2199780487509,26.533343518080642,29.91165579746067,58.11965811965811,46.46420798717183,53.91472294210096
20240321,5393528,3119607135,598.0,598.0,570.0,584.0,-4.0,8507,589.4,591.2,580.05,587.9243813646475,583.7912720950113,559.2036833784731,24.58758871653822,28.846842381276183,58.11965811965811,43.2949792378247,50.37480837400887
20240322,4332151,2537633584,587.0,592.0,576.0,591.0,7.0,4222,588.8,591.6,583.0,588.9495875764317,584.9003071573172,561.5589660911788,23.341341066138398,27.74574211824863,57.758620689655174,46.25462383970922,49.00141352924231
20240325,2837904,1663022105,592.0,592.0,582.0,584.0,-7.0,3219,587.6,589.6,584.85,587.2997250509545,584.7617983638838,563.2212648992397,21.540533464644113,26.504700387527727,50.0,43.15525647284962,47.05269451044475
20240326,6540318,3691030859,587.0,590.0,554.0,565.0,-19.0,9984,582.4,586.0,585.55,579.8664833673031,581.7215216925171,563.3530230548516,18.368498637665425,24.877460037555267,34.78260869565217,36.253164179178654,43.452851066689384
20240327,3441105,1953140073,574.0,574.0,560.0,573.0,8.0,5071,579.4,584.0,585.85,577.5776555782021,580.3797491244375,564.0676139396775,16.312135184759995,23.164395066996214,38.52459016393443,37.093946187479645,41.333216106952804
20240328,5550072,3081678071,568.0,570.0,549.0,557.0,-16.0,7682,574.0,581.7,585.25,570.7184370521347,576.7828646437548,563.5440869811829,13.23877766257192,21.179271586111355,37.903225806451616,29.667569063258036,37.44466709238788
20240329,2314914,1296590993,553.0,561.0,551.0,560.0,3.0,2796,567.8,578.3,585.0,567.1456247014232,574.2008854677925,563.2815620196138,10.919323448178716,19.12728195852483,30.0,26.56850283229548,33.81927900569041
20240401,2098741,1172723024,560.0,563.0,553.0,559.0,-1.0,2725,562.8,575.2,584.3,564.4304164676155,571.8622877035168,562.9644092774203,8.897878426096554,17.081401252039175,30.555555555555557,23.885174727703156,30.50791091302799
20240402,3496546,1981401204,559.0,572.0,559.0,568.0,9.0,3538,563.4,572.9,583.5,565.6202776450771,571.2680895952834,563.3374159976114,7.930673597672012,15.251255721165743,38.53211009174312,28.84861988649598,29.954813904183986
20240403,3261263,1858775314,573.0,577.0,564.0,571.0,3.0,3137,563.0,571.2,582.05,567.4135184300515,571.2268450421628,563.9050148126031,7.321830229559737,13.665370622844542,45.45454545454546,36.28667682355546,32.06543487730781
20240408,2764955,1565999073,570.0,573.0,563.0,567.0,-4.0,2979,565.0,569.5,580.35,567.2756789533677,570.5765611895224,564.1342729746325,6.442288214889913,12.220754141253616,34.8314606741573,38.144606254463326,34.09182533635965
20240409,2401506,1361156069,572.0,576.0,562.0,568.0,1.0,2748,566.6,567.2,579.4,567.5171193022452,570.1801671603652,564.4206231246598,5.759544035705403,10.928512120143974,37.2093023255814,40.87689197452026,36.353514215746515
20240410,2218106,1269542892,568.0,577.0,566.0,571.0,3.0,2961,569.0,565.9,577.75,568.6780795348302,570.3062952895398,564.9079843746849,5.3983109148548465,9.82247187908615,38.63636363636363,53.44173750682303,42.04958864610535
20240411,2465231,1392017599,575.0,575.0,560.0,567.0,-4.0,3320,568.8,566.1,576.05,568.1187196898868,569.7976344757644,565.0629484950787,4.734685980685754,8.804914699406071,38.20224719101124,57.05639643312011,47.0518579084436
20240412,2637427,1499513612,562.0,571.0,562.0,569.0,2.0,2614,568.4,565.7,574.85,568.412479793258,569.6749214794929,565.3545819398877,4.320339539605243,7.907999667445906,41.379310344827594,61.114520699003144,51.73941217196345
20240415,2079465,1167944860,567.0,567.0,556.0,561.0,-8.0,2565,567.2,566.1,573.9,565.9416531955053,568.3403181749555,565.0320203147108,3.308297860244693,6.988059306005663,32.95454545454545,51.85412491044654,51.77764975145781
20240416,3843545,2123104143,549.0,557.0,547.0,551.0,-10.0,3865,563.8,565.2,571.75,560.9611021303369,565.67257691727,563.9926114025101,1.6799655147599424,5.92644054775652,31.86813186813187,39.013861051408796,47.52305351810813
20240417,4790098,2715665076,555.0,578.0,555.0,570.0,19.0,4365,563.6,566.3,570.75,563.9740680868913,566.3383343146131,564.4376031504723,1.9007311641407796,5.121298671033372,52.747252747252745,50.740423496638115,48.595510177618124
20240418,3165200,1814219809,576.0,577.0,565.0,574.0,4.0,2880,565.0,566.9,569.9,567.3160453912609,567.5170521123649,565.14592884303,2.3711232693349302,4.571263590693684,50.57471264367816,62.85920706227487,53.35007580583704
20240419,5189059,2898956753,567.0,570.0,548.0,552.0,-22.0,5218,561.6,565.0,568.1,562.2106969275073,565.1298133258473,564.1721563361389,0.9576569897084255,3.8485422704966328,47.31182795698925,47.28248212753808,51.327544579737385
20240422,9089889,4670694394,537.0,541.0,501.0,504.0,-48.0,12183,550.2,558.7,564.1,542.807131285005,555.7252266603323,559.714959570499,-3.9897329101667083,2.2808872343639646,29.71014492753622,32.82035605039335,45.158481736622704
20240423,3285746,1678465641,514.0,518.0,505.0,510.0,6.0,3101,542.0,552.9,560.05,531.87142085667,548.6905764048965,556.0323699726843,-7.341793567787704,0.35635107393363086,32.86713286713288,25.776341263032794,38.69776824542606
20240424,4060986,2172259107,527.0,540.0,524.0,538.0,28.0,4102,535.6,549.6,557.75,533.9142805711134,547.0458723426048,554.6966388635965,-7.650766520991738,-1.245072445051443,40.74074074074074,33.20154352600454,36.86569333895222
20240425,3542418,1872500126,548.0,548.0,520.0,523.0,-15.0,3733,525.4,545.2,555.65,530.2761870474089,543.3465073668194,552.3487396885153,-9.002232321695828,-2.7965044203803204,36.206896551724135,31.658171874479216,35.12985285079455
20240426,4942839,2571279966,530.0,531.0,514.0,520.0,-3.0,5418,519.0,540.3,553.0,526.8507913649394,539.7547370026933,549.9525367486252,-10.197799745931889,-4.276763485490634,36.41618497109827,29.3305561414277,33.19675394767226
20240429,4036490,2122718005,523.0,536.0,520.0,527.0,7.0,4186,523.6,536.9,551.5,526.9005275766262,537.7924697715098,548.2523488413196,-10.459879069809858,-5.51338660235448,38.54748603351956,30.809115349696384,32.40087441501363
20240430,2734607,1420676245,526.0,526.0,517.0,518.0,-9.0,3248,525.2,533.6,549.4,523.9336850510842,534.7474744220467,546.011434112333,-11.263959690286242,-6.663501219940833,35.67567567567568,27.995550584008114,30.932433138011792
20240502,4177397,2130533554,516.0,517.0,506.0,511.0,-7.0,4393,519.8,527.7,547.0,519.6224567007229,531.094016818655,543.4179945484565,-12.323977729801527,-7.795596521912972,35.1063829787234,23.49461826373488,28.45316151325282
20240503,2846462,1476358158,520.0,522.0,508.0,511.0,0.0,3107,517.4,521.4,544.15,516.7483044671486,528.0026296157849,541.0166616189412,-13.014032003156217,-8.839283618161621,34.40860215053765,22.755277424050202,26.553866816851944
20240506,2186605,1116714551,511.0,515.0,508.0,511.0,0.0,2698,515.6,517.3,541.15,514.8322029780991,525.3868404441257,538.7932052027232,-13.406364758597533,-9.752699846248804,35.95505617977528,19.821347740064475,24.30969379125612
20240507,4003205,2083357041,521.0,527.0,509.0,525.0,14.0,4132,515.2,519.4,539.05,518.221468652066,525.3273265296448,537.7714862988178,-12.444159769172984,-10.29099183083364,42.857142857142854,28.29359690607473,25.637661496195655
20240508,2355673,1243617046,525.0,531.0,522.0,528.0,3.0,2854,517.2,521.2,537.05,521.4809791013774,525.7385070635456,537.0476724989053,-11.30916543535966,-10.494626551738845,37.34939759036145,36.32271539770061,29.199346130030637
20240509,2826520,1508399665,533.0,538.0,530.0,532.0,4.0,2969,521.4,520.6,535.1,524.9873194009183,526.701813669154,536.6737708323197,-9.971957163165712,-10.390092674024219,37.34939759036145,51.29847693180041,36.56572306395389
20240510,4408599,2309171832,532.0,532.0,516.0,517.0,-15.0,4436,522.6,520.0,532.6,522.3248796006122,525.2092269508227,535.2164544743702,-10.007227523547499,-10.313519643928876,38.9937106918239,45.657317954533596,39.59625469414712
20240513,2694048,1420192227,520.0,531.0,520.0,527.0,10.0,2657,525.8,520.7,530.5,523.8832530670749,525.4847304968499,534.6078282170095,-9.123097720159535,-10.075435259175007,59.50413223140496,52.313211969689064,43.8352404526611
20240514,3197746,1699202553,535.0,536.0,525.0,536.0,9.0,2867,528.0,521.6,529.25,527.9221687113833,527.1024642665653,534.7109520527865,-7.60848778622119,-9.582045764584244,60.483870967741936,66.12547464645937,51.26531851726052
20240515,2580944,1374282441,540.0,541.0,530.0,531.0,-5.0,2927,528.6,522.9,528.25,528.9481124742556,527.7020851486322,534.4360667155431,-6.73398156691087,-9.01243292504957,46.53465346534653,67.31597299662948,56.61553667705017
20240516,4066018,2210997229,537.0,547.0,536.0,547.0,16.0,4009,531.6,526.5,527.1,534.9654083161704,530.6709951257658,535.3667284403177,-4.695733314551944,-8.149093002950044,61.76470588235294,78.21064866441965,63.81390733950666
20240517,3974953,2129205498,537.0,537.0,527.0,530.0,-17.0,3946,534.2,528.4,524.9,533.3102722107803,530.5677651064173,534.9691930002942,-4.401427893876985,-7.3995599811354325,54.310344827586206,70.56148507452538,66.06309991784623
20240520,3519585,1865659961,534.0,539.0,525.0,531.0,1.0,3904,535.0,530.4,523.85,532.5401814738536,530.6342627823531,534.6751787039761,-4.040915921623082,-6.727831169232963,51.81818181818182,63.1700223077481,65.09874071448019
20240521,2732338,1450351511,531.0,534.0,525.0,529.0,-2.0,2450,533.6,530.8,525.1,531.3601209825691,530.3828377389141,534.2547950962742,-3.8719573573600883,-6.156656406858389,55.33980582524271,56.09184282882131,62.09644141926056
20240522,2273042,1216596462,534.0,538.0,530.0,537.0,8.0,2384,534.8,531.7,526.45,533.2400806550461,531.4008627021581,534.4581436076612,-3.0572809055031485,-5.536781306587341,62.50000000000001,59.97520704717119,61.389363295230766
20240523,3253349,1755805770,531.0,545.0,531.0,539.0,2.0,3181,533.2,532.4,526.5,535.1600537700308,532.56996074798,534.7945774145011,-2.224616666521115,-4.874348378574096,63.20754716981132,63.44026148823758,62.072996026233035
20240524,2365813,1253963212,532.0,534.0,528.0,528.0,-11.0,2957,532.8,533.5,526.75,532.7733691800206,531.8668898636754,534.2912753837973,-2.4243855201218594,-4.384355806883649,57.26495726495726,46.838962204279596,56.99498475224855
20240527,3329959,1782278189,533.0,545.0,530.0,532.0,4.0,3860,533.0,534.0,527.35,532.5155794533471,531.8873683461869,534.1215512812937,-2.2341829351067872,-3.954321232528277,53.27102803738317,41.83203540891367,51.94066830447025
20240528,4695167,2537249424,540.0,546.0,536.0,541.0,9.0,4235,535.4,534.5,528.05,535.3437196355648,533.2893116775427,534.6310660011978,-1.3417543236550955,-3.431807850753641,55.752212389380524,52.130447848366686,52.003928152435726
20240529,6574990,3682694350,557.0,566.0,550.0,561.0,20.0,6921,540.2,537.5,530.2,543.8958130903766,537.5524944963823,536.5843203714795,0.9681741249028164,-2.5518114556223495,61.24031007751938,64.02192458183795,56.00992696223646
20240530,6990460,3972448304,556.0,577.0,553.0,570.0,9.0,6793,546.4,539.8,533.15,552.5972087269178,542.5444184200159,539.059555899518,3.4848625204978134,-1.344476660398317,71.54471544715447,71.52743690071247,61.18243027506179
20240531,7766865,4269919186,572.0,574.0,541.0,543.0,-27.0,9237,549.4,541.1,534.75,549.3981391512785,542.6145078938596,539.3514406477019,3.263067246157675,-0.4229678790871185,55.71428571428571,59.22341947226985,60.52942667413114
20240603,9111367,4994784691,552.0,564.0,540.0,550.0,7.0,7640,553.0,543.0,536.7,549.5987594341857,543.7507374486504,540.1402228219462,3.61051462670423,0.3837286220711512,55.07246376811594,54.44826604273772,58.50237313033333
20240604,8421862,4489123080,549.0,551.0,523.0,534.0,-16.0,9636,551.6,543.5,537.15,544.3991729561238,542.2506239950119,539.685391501802,2.565232493209919,0.8200293962989048,51.00671140939597,43.08896748528194,53.36457124864953
20240605,8407423,4399629188,535.0,537.0,517.0,523.0,-11.0,8361,544.0,542.1,536.9,537.2661153040826,539.2889895342408,538.4494365757425,0.8395529584983024,0.8239341087387844,41.66666666666667,32.059311656854625,46.262818051384556
20240606,8993493,4795243999,534.0,540.0,524.0,536.0,13.0,6543,537.2,541.8,537.1,536.8440768693885,538.7829911443577,538.2679968293912,0.5149943149664296,0.7621461499843134,52.14285714285714,31.928429993458636,41.48468869874258
20240607,6851701,3636523087,539.0,540.0,527.0,530.0,-6.0,5224,534.6,542.0,537.75,534.5627179129257,537.4317617375334,537.6555526198067,-0.22379088227330612,0.5649587435327895,49.6551724137931,28.50784221786131,37.15907320511549
20240611,6191598,3300507570,528.0,538.0,526.0,534.0,4.0,4675,531.4,542.2,538.1,534.3751452752838,536.9037983932975,537.3847709442655,-0.48097255096797653,0.35577248463263633,51.700680272108855,28.449672589685314,34.25593966663877
20240612,6500671,3496121437,531.0,547.0,531.0,541.0,7.0,5040,532.8,542.2,538.35,536.5834301835225,537.5339832558672,537.6525656891347,-0.11858243326753382,0.2609015010526023,51.36986301369863,32.29978172645687,33.60388701991147
20240613,6525931,3689877664,550.0,574.0,544.0,573.0,32.0,8137,542.8,543.4,540.45,548.722286789015,542.9902935241953,540.2708941566062,2.7193993675890624,0.7526010743598944,59.659090909090914,54.28172582933381,40.49649995638558
20240614,3097127,1770569056,580.0,580.0,564.0,569.0,-4.0,5493,549.4,543.3,541.55,555.48152452601,546.9917868281652,542.3989760709317,4.592810757233565,1.5206430109346287,62.1301775147929,63.70104473278337,48.23134821518484
20240617,2123076,1197935036,571.0,571.0,559.0,561.0,-8.0,3077,555.6,545.1,543.1,557.3210163506734,549.146896546909,543.7768296953071,5.370066851601905,2.2905277790680842,58.38150289017341,65.7477864356122,54.07016095532728
20240618,2633464,1474699202,561.0,567.0,556.0,561.0,0.0,5169,561.0,546.2,544.6,558.5473442337823,550.9704509243077,545.0526200882473,5.917830836060375,3.0159883904665423,56.09756097560975,67.11228090416475,58.41753427160643
20240619,2960278,1654539683,567.0,567.0,555.0,558.0,-3.0,3397,564.4,548.6,546.05,558.3648961558549,552.0519200128757,546.0116852668956,6.040234745980115,3.620837661569257,48.9795918367347,64.97961584087173,60.60489479469486
20240620,3204505,1815198696,560.0,577.0,559.0,563.0,5.0,3573,562.4,552.6,547.35,559.90993077057,553.7362400108948,547.2700789508292,6.466161060065588,4.189902341268524,47.55244755244755,66.159250066754,62.456346552047904
20240621,4816820,2695302014,560.0,564.0,555.0,560.0,-3.0,4234,560.6,555.0,548.4,559.9399538470467,554.699895393834,548.2130360655826,6.486859328251398,4.649293738665099,57.14285714285714,65.09382103215698,63.33550471208426
20240624,4069144,2188819433,554.0,556.0,529.0,531.0,-29.0,6789,554.6,555.1,548.55,550.2933025646978,551.0537576409365,546.9379963570209,4.115761283915617,4.542587247715203,43.26241134751773,44.70307023058832,57.124693218252276
20240625,2663127,1411558412,534.0,535.0,525.0,532.0,1.0,3098,548.8,554.9,548.55,544.1955350431319,548.1224103115617,545.8314781083527,2.2909322032089676,4.092256238813956,49.20634920634921,34.044471062816456,49.431285833107
20240626,2851169,1512329291,537.0,537.0,526.0,530.0,-2.0,4153,543.2,553.8,548.0,539.4636900287546,545.334347186706,544.6587760262526,0.6755711604535009,3.408919223141865,52.991452991452995,25.726617072180666,41.529729579464885
20240627,2600068,1367594839,525.0,530.0,517.0,530.0,0.0,3452,536.6,549.5,546.45,536.3091266858364,542.9752168502897,543.5729407650487,-0.5977239147589444,2.607590595561703,47.11538461538462,24.373300270342664,35.81091980975748
20240628,6978235,3770434662,531.0,547.0,529.0,546.0,16.0,5955,533.8,547.2,545.25,539.5394177905576,543.4405681040913,543.7527229306006,-0.3121548265092997,2.0236415111475026,57.01754385964913,32.35997795800622,34.66060585917373
20240701,6583698,3511763015,540.0,548.0,526.0,531.0,-15.0,8586,533.8,544.2,544.65,536.6929451937051,541.5266345496158,542.8080767875931,-1.2814422379773305,1.362624761322536,48.8,29.35109641644859,32.89076937826535
20240702,6188036,3267619012,528.0,537.0,521.0,537.0,6.0,5453,534.8,541.8,544.0,536.7952967958034,540.8302292342903,542.377848877401,-1.5476196431106928,0.7805758804358902,48.38709677419355,30.678508722076835,32.15334915953584
20240703,5359759,2898867061,539.0,547.0,536.0,544.0,7.0,3993,537.6,540.4,544.5,539.1968645305357,541.3178862751687,542.4980082198157,-1.1801219446469986,0.3884363154193125,35.35353535353535,39.60127531826399,34.63599121244522
20240704,5211843,2840917478,549.0,551.0,535.0,550.0,6.0,4248,541.6,539.1,545.85,542.7979096870238,542.6535960789889,543.0537113146441,-0.4001152356552211,0.23072600520440578,40.59405940594059,54.60597841730419,41.292653614064875
20240705,4625845,2539814096,551.0,554.0,540.0,554.0,4.0,4584,543.2,538.5,546.75,546.5319397913493,544.3991966822214,543.8645475135594,0.5346491686619856,0.29151063789592174,46.391752577319586,69.73731894486946,50.774208724333064
20240708,4258174,2341272922,554.0,557.0,543.0,553.0,-1.0,4131,547.6,540.7,547.9,548.6879598608996,545.7223971926488,544.5412476977401,1.1811494949087091,0.46943840929847924,45.91836734693878,76.4915459632463,59.346654470637475
20240709,5968173,3369179867,551.0,573.0,549.0,573.0,20.0,6992,554.8,544.8,549.85,556.7919732405998,549.9189514707028,546.6493034238334,3.2696480468694062,1.0294803368126648,56.52173913043478,84.32769730883086,67.67366875003526
20240710,3734372,2120849535,574.0,574.0,560.0,570.0,-3.0,5526,560.0,548.8,551.3,561.1946488270665,553.0083435521332,548.3789846516976,4.629358900435591,1.7494560495372502,53.09734513274336,87.03607493544699,74.1278041451725
20240711,3018312,1742151962,570.0,582.0,568.0,581.0,11.0,3998,566.2,553.9,551.7,567.7964325513777,557.3147522364204,550.7953561589792,6.519396077441229,2.7034440551180463,58.67768595041322,90.81093520286629,79.68884783107043
20240712,3067632,1762538726,578.0,585.0,569.0,571.0,-10.0,3866,569.6,556.4,551.8,568.8642883675852,559.4201749692788,552.2919964434992,7.128178525779617,3.588390949250361,69.6078431372549,86.5822901352442,81.98666193246169
20240715,1164528,661373031,573.0,574.0,564.0,568.0,-3.0,1761,572.6,560.1,552.15,568.5761922450569,560.7401480509283,553.4555522624993,7.284595788428987,4.327631917086086,67.30769230769232,79.72152675682946,81.2316168739176
20240716,2247711,1261306556,569.0,570.0,557.0,559.0,-9.0,2585,569.8,562.3,552.05,565.3841281633713,560.4724329661701,553.8662520949067,6.606180871263405,4.783341707921551,63.06306306306307,69.14768450455297,77.20363941746271
20240717,3100061,1716682514,555.0,561.0,543.0,555.0,-4.0,3314,566.8,563.4,551.9,561.9227521089142,559.630520202144,553.9502334212099,5.680286780934125,4.962730722524066,60.869565217391305,57.20956744747975,70.53894876080172
20240718,3025412,1641899974,550.0,550.0,538.0,544.0,-11.0,3618,559.4,562.8,550.95,555.9485014059428,557.2258247864295,553.2131790937128,4.01264569271666,4.772713716562585,49.09090909090909,42.39503078058934,61.15764276739759
20240719,2239485,1199208417,542.0,545.0,532.0,534.0,-10.0,3010,552.0,560.8,549.65,548.6323342706286,553.6526209731327,551.7899806423267,1.8626403308060162,4.190699039411271,51.42857142857142,29.52121548894635,50.61216700791384
20240722,2749949,1421623881,530.0,530.0,508.0,513.0,-21.0,4381,541.0,556.8,548.75,536.7548895137525,547.3983715926507,548.9166487428951,-1.5182771502443302,3.048903801480151,39.99999999999999,21.845312490466394,41.023215502098026
20240723,1840665,966096153,515.0,532.0,515.0,527.0,14.0,2244,534.6,552.2,548.5,533.503259675835,544.2601605783967,547.2931932804584,-3.0330327020616323,1.8325165007717943,43.30708661417323,22.788649885419154,34.945026963205066
20240726,2155172,1119013274,512.0,524.0,509.0,520.0,-7.0,2616,527.6,547.2,548.0,529.0021731172234,540.5278281817203,545.2714752596837,-4.743647077963374,0.5172837850247608,38.28125,20.387238451751298,30.092430792720478
20240729,2837307,1439780479,526.0,529.0,499.5,502.0,-18.0,4696,519.2,539.3,546.6,520.0014487448157,534.6004699999172,542.0661807960034,-7.465710796086228,-1.079315131197437,31.69014084507043,14.710060533829722,24.964974039756893
20240730,3956357,1966676989,497.0,505.0,490.0,502.0,0.0,4708,512.8,532.4,544.4,514.0009658298771,529.585013076853,539.0983155518551,-9.513302475002092,-2.766112599958368,31.914893617021278,14.806707022553148,21.578885034022306
20240731,4357196,2252600148,518.0,528.0,511.0,512.0,10.0,4424,512.6,526.8,543.45,513.3339772199181,526.8796264496449,537.0910329183844,-10.211406468739483,-4.2551713737145915,26.717557251908403,20.19977651268801,21.11918219357754
20240801,2182274,1130308191,521.0,526.0,513.0,517.0,5.0,2331,510.6,522.6,542.45,514.5559848132788,525.3596839189303,535.6028082577633,-10.243124338833013,-5.452761966738276,30.075187969924812,28.46651767512534,23.56829402076014
20240802,2322734,1177306155,506.0,519.0,500.0,500.0,-17.0,3397,506.6,517.1,540.25,509.7039898755192,521.4581940852487,532.9655632016327,-11.507369116383984,-6.663683396667418,20.863309352517987,25.03828451068962,24.058290850736633
20240805,3138800,1466641835,480.0,481.0,454.0,465.0,-35.0,4858,499.2,509.2,536.0,494.8026599170128,512.7723180721335,527.9310770385488,-15.158758966415235,-8.362698510616982,17.682926829268297,21.39304437464778,23.169875358707014
20240806,2736696,1271587890,479.5,480.0,452.0,463.5,-1.5,3659,491.5,502.15,531.475,484.36843994467523,505.19196144565143,523.1584046653229,-17.966443219671476,-10.28344745242788,17.846153846153854,19.053696249765185,21.797815655726403
20240807,2033839,990363609,475.0,493.0,475.0,489.0,25.5,2676,486.9,499.75,528.275,485.9122932964502,502.7008904540128,520.6281524678916,-17.927262013878817,-11.81221036471807,30.44692737430168,28.71978018382614,24.10513716509298
20240808,2564719,1255890784,487.0,495.0,486.0,487.0,-2.0,2831,480.9,495.75,523.975,486.27486219763347,500.28536884570315,518.1371782110107,-17.85180936530753,-13.020130164835962,30.790960451977398,34.29803527406591,27.502769868083956
20240809,2045784,1027637484,498.0,512.0,492.0,499.5,12.5,2553,480.8,493.7,520.45,490.683241465089,500.1645428694411,516.7566464916765,-16.592103622235413,-13.734524856315852,37.53501400560224,43.69869018271061,32.901409972959506
20240812,1164008,592667673,502.0,514.0,502.0,509.0,9.5,1668,489.6,494.4,516.85,496.78882764339266,501.52384396645016,516.1820800848857,-14.658236118435525,-13.919267108739788,42.97752808988764,54.13246012180707,39.97842668924203
20240813,1233659,639836549,514.0,523.0,510.0,518.0,9.0,1934,500.5,496.0,514.2,503.85921842892844,504.0586372023809,516.3167408193386,-12.258103616957726,-13.587034410383376,51.50602409638554,65.81803647760111,48.591629952028384
20240814,2288593,1207156804,524.0,532.0,520.0,529.0,11.0,2665,508.5,497.7,512.25,512.2394789526189,507.89576994047616,517.2562414993877,-9.360471558911513,-12.741721840089005,50.61349693251534,75.96202431840074,57.71509474081917
20240815,1380597,719955338,530.0,530.0,517.0,517.0,-12.0,3199,514.5,497.7,510.15,513.826319301746,509.29642071886445,517.2372606475811,-7.940839928716684,-11.781545457814541,49.10714285714286,77.72468287893382,64.38495745352405
20240816,1944682,1028644164,526.0,534.0,523.0,526.0,9.0,2411,519.8,500.3,508.7,517.8842128678307,511.8662021467315,517.8863524514641,-6.020150304732567,-10.629266427198147,57.54716981132076,81.89775606563067,70.22255699089291
20240819,3541778,1940519819,526.0,556.0,526.0,550.0,24.0,4374,528.0,508.8,509.0,528.5894752452205,517.7329402780035,520.2651411587631,-2.5322008807595466,-9.009853317910427,63.114754098360656,85.46270157461797,75.30260518546793
20240820,1588919,878370008,554.0,558.0,546.0,547.0,-3.0,2466,533.8,517.15,509.65,534.726316830147,522.2355648506184,522.2455010729287,-0.009936222310329867,-7.209869898790408,59.94318181818182,85.21587512381937,78.60702849825174
20240821,1367706,739923272,542.0,548.0,536.0,537.0,-10.0,3055,535.4,521.95,510.85,535.484211220098,524.5070164120617,523.3384269193784,1.1685894926832816,-5.53417802049567,55.52486187845304,79.5378561431523,78.91730437988525
20240822,1161383,632695799,537.0,553.0,537.0,545.0,8.0,1623,541.0,527.75,511.75,538.6561408133987,527.6597831178984,524.9429878883134,2.7167952295850455,-3.8839833704795272,63.08139534883721,78.62047552400628,78.8183614279256
20240823,1563903,840945584,540.0,545.0,533.0,540.0,-5.0,3740,543.8,531.8,512.75,539.1040938755991,529.5582780228372,526.0583221188087,3.499955904028411,-2.4071955155779396,76.40845070422536,73.24698368267084,76.96123551284067
20240826,926611,499739541,544.0,544.0,535.0,537.0,-3.0,1392,541.2,534.6,514.5,538.4027292503995,530.703158327016,526.8688167766747,3.8343415503412643,-1.158888102394099,75.60975609756098,65.09148505673991,73.00465202747375
20240827,975279,521829989,534.0,541.0,532.0,535.0,-2.0,1412,538.8,536.3,516.15,537.268486166933,531.3642108920905,527.4711266450693,3.893084247021193,-0.14849363251104059,69.16666666666667,58.028469712623355,68.01259125585696
20240828,920980,487512110,536.0,539.0,524.0,532.0,-3.0,1747,537.8,536.6,517.15,535.5123241112888,531.4620246009996,527.8065987454345,3.655425855565113,0.6122902651041902,68.59504132231405,47.257075046510806,61.09408585274157
20240829,1004243,538321484,525.0,542.0,525.0,537.0,5.0,1440,536.2,538.6,518.15,536.0082160741925,532.3140208162304,528.4875914309579,3.8264293852724904,1.2551180891378504,66.51982378854626,44.249814736889554,55.47932881412423
20240830,2911992,1520626718,537.0,543.0,535.0,535.0,-2.0,1678,535.2,539.5,519.9,535.6721440494617,532.7272483829641,528.9699920657017,3.7572563172624314,1.7555457347627668,62.264150943396224,40.2841902167499,50.41428261499945
20240902,2269326,1140655112,539.0,544.0,536.0,537.0,2.0,1187,535.2,538.2,523.5,536.1147626996412,533.384594785585,529.5648074682423,3.8197873173427297,2.1683940512787596,59.5959595959596,41.798655546798784,47.542406925599224
20240903,2076340,1084338332,535.0,542.0,531.0,533.0,-4.0,1351,534.8,536.8,526.975,535.0765084664275,533.3254263570335,529.8192661742984,3.5061601827351296,2.4359472775700337,52.17391304347826,38.21059795073942,44.43180393397929
20240904,2443903,1253734117,510.0,522.0,498.5,510.0,-23.0,3522,530.4,534.1,528.025,526.7176723109517,529.7368992251822,528.3511723836097,1.3857268415725912,2.2259031903705453,46.60194174757281,33.71745956572592,40.86035581122816
20240905,3565278,1764758578,499.0,502.0,488.5,488.5,,5083,520.7,528.45,528.1,513.9784482073012,523.3927608828465,525.3992336885275,-2.006472805681028,1.3794279911602307,33.76623376623377,22.47830637715061,34.73300599986898
20240906,2038707,1027324290,490.0,510.0,488.5,504.0,15.5,2462,514.5,524.85,528.325,510.6522988048675,520.4092592085624,523.8141052671551,-3.4048460585927387,0.42257318120963694,28.504672897196258,24.29484689407638,31.253619631271444
20240909,1970607,976186690,493.5,500.0,492.0,495.0,-9.0,2667,506.1,520.65,527.625,505.4348658699117,516.5001424072451,521.6797270992178,-5.17958469197265,-0.6978583934268205,26.991150442477874,20.10046849995482,27.535902587499233
20240910,1754846,863923727,496.0,500.0,486.5,489.0,-6.0,2230,497.3,516.05,526.175,499.9565772466078,512.269351267669,519.2590065733498,-6.989655305680799,-1.9562177758776165,27.981651376146786,14.849587695622054,23.307130956873504
20240911,1056932,524373234,491.0,501.0,490.0,495.5,6.5,1240,494.4,512.4,524.5,498.4710514977386,509.689451072643,517.499080160509,-7.809629087866028,-3.126900038275299,26.976744186046517,15.117116434762528,20.577126116169843
20240912,1136445,577342427,510.0,512.0,501.0,509.0,13.5,1641,498.5,509.6,524.1,501.9807009984924,509.5833816768518,516.869518667138,-7.286136990286195,-3.9587474286774786,36.637931034482754,23.121555884044582,21.42526937212809
20240913,1288620,652175595,508.0,510.0,500.0,506.0,-3.0,1704,498.9,506.7,523.1,503.3204673323283,509.03209218810537,516.0643691362388,-7.032276948133472,-4.573453332568677,36.637931034482754,27.126082301074767,23.325540348443646
20240916,7286730,3427170973,488.5,488.5,462.5,468.0,-38.0,11480,493.5,499.8,519.0,491.54697822155225,502.7194626207045,512.5040454965174,-9.784582875812873,-5.615679241217517,27.960526315789465,21.165287360380376,22.60545601908922
20240918,4079319,1906501465,472.0,472.5,463.0,465.0,-3.0,4806,488.7,493.0,514.9,482.6979854810349,496.91646837136534,508.98522731159017,-12.068758940224825,-6.906295181018979,27.960526315789465,15.7936932570886,20.33486843175568
20240919,2629145,1235136498,467.0,474.0,463.5,473.0,8.0,2970,484.2,489.3,511.7,479.4653236540233,493.2370116988476,506.31965491813907,-13.08264321929147,-8.141564788673477,29.354838709677423,17.599835908766135,19.4231909240925
20240920,4792118,2258635467,476.0,478.0,468.5,470.0,-3.0,3690,476.4,487.45,507.95,476.3102157693489,489.6620868221018,503.62931010938803,-13.967223287286231,-9.306696488396028,29.166666666666657,16.783728989682473,18.543370279289157
20240923,2344615,1121794134,474.5,481.0,471.0,480.5,10.5,2609,471.3,485.1,504.975,477.70681051289927,488.2525350033169,501.916027879063,-13.663492875746101,-10.178055765866043,32.82674772036475,23.310364781000438,20.13236844652625
20240924,1828580,874423314,480.5,482.5,472.0,481.0,0.5,2225,473.9,483.7,502.175,478.80454034193286,487.136760387422,500.3666924806139,-13.229932093191906,-10.788431031331216,33.850931677018636,27.998155645246083,22.754297512766193
20240925,3723307,1824187379,485.0,494.5,479.0,490.0,9.0,3896,478.9,483.8,499.925,482.53636022795524,487.5772587893571,499.5987893339018,-12.021530544544703,-11.035050933973913,43.197278911564624,37.18395561534924,27.564183546960543
20240926,3079207,1516494785,487.0,495.5,487.0,491.0,1.0,4088,482.5,483.35,497.875,485.35757348530353,488.1038343602252,498.961841975835,-10.858007615609779,-10.999642270301088,50.98814229249011,44.78930374356616,33.30589027916241
20240927,2651472,1307509100,497.0,497.0,490.0,494.0,3.0,2815,487.3,481.85,495.725,488.2383823235357,489.0109367663444,498.59429812577315,-9.58336135942875,-10.71638608812662,45.6140350877193,60.294318437739754,42.30203299868819
20240930,2919981,1400900108,488.0,489.5,471.0,471.0,-23.0,3364,485.4,478.35,492.525,482.49225488235714,486.240023417676,496.55027604238256,-10.31025262470655,-10.635159395442606,40.625,48.03934954672846,44.21447184803495
20241001,2119158,1005312911,471.5,479.0,471.0,473.5,2.5,2687,483.9,478.9,489.35,479.4948365882381,484.28001981495663,494.84284818739127,-10.562828372434637,-10.620693190841013,43.77510040160642,41.976481787371206,43.46847516114703
20241004,3085803,1475403057,472.0,484.5,472.0,481.0,7.5,3042,482.1,480.5,486.75,479.9965577254921,483.77540138188635,493.8174520253623,-10.042050643475932,-10.504964681367998,44.223107569721115,42.60420423251647,43.180384851603506
20241007,2104374,1003670604,477.5,483.5,472.5,479.5,-1.5,2591,479.8,481.15,485.225,479.8310384836614,483.11764732313463,492.7569000234836,-9.639252700348948,-10.331822285164188,37.00440528634362,39.300238719113544,41.88700280744018
20241008,2764827,1311401453,475.0,479.0,472.0,474.0,-5.5,2649,475.8,481.55,484.5,477.88735898910767,481.7149323503447,491.36750002174404,-9.65256767139931,-10.195971362411214,36.206896551724135,30.04631299222954,37.94010620236997
20241009,2560730,1239418328,480.0,492.0,478.5,480.0,6.0,2877,477.6,481.5,483.3,478.59157265940513,481.45109660413783,490.52546298309636,-9.07436637895853,-9.971650365720677,57.14285714285714,31.569336866614563,35.81651642378483
20241011,1171450,567725066,480.0,489.0,478.0,483.5,3.5,1762,479.6,481.75,482.725,480.2277151062701,481.7663125111936,490.0050583176818,-8.238745806488225,-9.625069453874188,60.946745562130175,37.07186560338407,36.23496615031791
20241014,890833,432193018,484.0,489.5,483.0,485.0,1.5,1412,480.4,481.25,482.525,481.81847673751344,482.2638028940869,489.63431325711275,-7.370510363025858,-9.174157635704523,57.69230769230769,42.663295017640664,38.37774243942549
20241015,1248850,610767896,488.0,492.0,484.0,489.5,4.5,1567,482.4,481.1,482.225,484.3789844916756,483.37706398730427,489.62436412695627,-6.247300139651998,-8.588786136494019,62.264150943396224,57.80727604350647,44.854253640785814
20241016,3126425,1492562000,479.0,480.0,473.5,477.5,-12.0,3298,483.1,479.45,480.65,482.0859896611171,482.4729002969498,488.7262630805151,-6.253362783565308,-8.121701465908277,48.148148148148145,48.85564434646463,46.18805054267875
20241017,5501530,2578019322,475.0,478.0,463.0,467.0,-10.5,7480,480.5,479.05,478.7,477.05732644074476,480.092454097419,487.1169102597362,-7.024456162317165,-7.902252405190056,42.30769230769231,37.16813071373504,43.181410599697514
20241018,3346055,1567787183,473.0,478.0,464.0,465.0,-2.0,3460,476.8,478.2,478.55,473.0382176271632,477.7705380824315,485.4786206108668,-7.708082528435341,-7.863418429839113,35.11904761904762,27.077604383869335,37.81347519442145
20241021,2692269,1276239756,470.5,476.0,468.5,476.0,11.0,2524,475.0,477.7,479.1,474.02547841810883,477.49814760821124,484.7765005656174,-7.2783529574061845,-7.746405335352527,42.02127659574468,32.99426499154507,36.20707179346266
20241022,3372800,1619076130,477.0,483.0,474.0,481.0,5.0,2608,473.3,477.85,479.5,476.3503189454059,478.0368941300249,484.4967597829791,-6.459865652954193,-7.489097398872861,43.22916666666667,42.68583183344384,38.36665847345638
20241023,2711936,1289589575,478.0,480.5,471.5,473.5,-7.5,2980,472.5,477.8,479.675,475.40021263027063,477.3389104177134,483.6821849842399,-6.343274566526475,-7.259932832403584,51.552795031055894,40.526186739537266,39.08650122881667
20241024,4349493,2107986232,480.0,491.0,478.0,483.0,9.5,4133,475.7,478.1,479.8,477.9334750868471,478.2098472765267,483.63165276318506,-5.421805486658343,-6.892307363254536,55.42857142857143,50.005963573484614,42.72632201037265
20241025,2084231,1018939527,485.5,491.0,484.0,489.5,6.5,2399,480.6,478.7,480.225,481.78898339123145,479.94679384936876,484.06634515109727,-4.119551301728507,-6.337756150949331,54.91329479768786,63.79707916393227,49.74990772822585
20241028,1311909,636203714,488.5,490.5,481.5,483.0,-6.5,1912,482.0,478.5,479.875,482.19265559415436,480.4165178725428,483.98735662138637,-3.5708387488435847,-5.784372670528182,51.91256830601093,66.34090991881199,55.28024179175456
20241029,2004515,966090751,481.0,486.0,476.5,484.0,1.0,2725,482.6,477.95,479.525,482.7951037294363,480.9678228152285,483.98829316795036,-3.0204703527218726,-5.23159220696692,55.74712643678161,69.22727327920799,59.92925228757237
20241030,1536394,740755848,487.0,487.5,478.5,478.5,-5.5,2230,483.6,478.05,478.75,481.3634024862909,480.5881577667318,483.58175293328736,-2.993595166555565,-4.78399279888465,49.13294797687861,64.05275008737323,61.30375155417265
20241101,4431957,2106425014,453.0,489.0,452.0,486.0,7.5,4213,484.2,479.95,479.5,482.90893499086064,481.4207488795423,483.76088234563645,-2.34013346609413,-4.295220932326546,51.38121546961325,71.76166245141121,64.78972185325216
20241104,1902767,916364347,484.5,487.0,474.0,482.5,-3.5,2028,482.8,481.7,479.95,482.77262332724047,481.5867875134589,483.66748365336707,-2.0806961399081843,-3.8523159738428743,48.64864864864865,73.90948436931687,67.82964269194039
20241105,1398132,671374459,482.0,484.5,477.0,479.5,-3.0,1705,482.1,482.05,479.875,481.681748884827,481.26574328061906,483.35878116052504,-2.093037879905978,-3.500460355055495,44.5054945054945,72.77726308381808,69.47884948923296
20241106,2532232,1247697602,483.0,498.0,480.0,491.0,11.5,2819,483.5,483.05,480.45,484.7878325898847,482.7633212374469,483.92479737085654,-1.1614761334096215,-3.0326635107263207,57.4585635359116,76.77904495442945,71.91224797763178
20241107,1748823,862654867,485.0,498.5,485.0,495.0,4.0,2132,486.8,485.2,481.5,488.19188839325653,484.6458872009166,484.7451827507931,-0.09929554987650135,-2.445989918556357,66.66666666666666,82.01040272947625,75.27829956157993
20241108,2061144,1032013740,494.0,505.0,494.0,500.0,5.0,2666,489.6,486.9,482.5,492.1279255955044,487.0080584007756,485.87516921369735,1.1328891870782627,-1.7302140974294333,70.11494252873563,84.86228106493385,78.4729600626979
20241111,1228505,609180765,497.0,502.0,492.0,499.0,-1.0,1646,492.9,487.85,483.275,494.4186170636696,488.852972492964,486.84737890157163,2.005593591392369,-0.9830525596650729,64.93506493506493,86.1346024709622,81.02684086545266
20241112,2249202,1116782363,491.5,506.0,490.0,490.0,-9.0,4149,495.0,488.55,483.525,492.9457447091131,489.02943826327726,487.0809063903441,1.9485318729331311,-0.39673567314543207,55.55555555555556,80.87985843743158,80.97784672277896
20241113,1602858,794540314,489.0,499.0,489.0,495.0,5.0,1801,495.8,489.65,483.8,493.6304964727421,489.94798622277307,487.6675059169853,2.280480305787762,0.13870752264120675,63.69426751592357,80.46311550149758,80.8062696490185
20241114,2395173,1173853243,494.0,495.5,485.0,487.0,-8.0,2447,494.2,490.5,484.275,491.4203309818281,489.49444988080796,487.61806103424567,1.8763888465622927,0.48624378742542396,52.5974025974026,67.18374366766506,76.26542765523402
20241115,1620518,797334648,488.0,501.0,487.5,488.0,1.0,3364,491.8,490.7,485.325,490.28022065455207,489.2645345145298,487.64635280948676,1.618181705043071,0.7126313709489533,48.951048951048946,57.43284060602957,69.98789863883253
20241118,3182870,1579977882,489.0,501.0,488.0,497.0,9.0,3435,491.4,492.15,486.925,492.52014710303473,490.4546061276791,488.3392155643396,2.1153905633394743,0.9931832094270575,59.45945945945946,60.08343219889151,66.68640982551887
20241119,5145978,2596408412,499.0,510.0,496.5,503.0,6.0,4414,494.0,494.5,488.275,496.0134314020232,492.38466672342076,489.42519959661075,2.9594671268100115,1.3864399929036484,62.0253164556962,64.05562146592767,65.8094803723218
20241120,4203226,2099119639,502.0,505.0,496.0,496.0,-7.0,3331,494.2,495.0,489.025,496.0089542680155,492.94087184289447,489.91222184871367,3.028649994180796,1.714881993159078,60.869565217391305,57.37041431061844,62.99645835175401
20241121,3760078,1887281958,494.0,508.0,493.5,500.0,4.0,2992,496.8,495.5,490.35,497.3393028453437,494.02689155937225,490.65946467473486,3.367426884637382,2.0453909714547387,59.09090909090909,58.246942873745624,61.41328652575121
20241122,3819550,1876830754,506.0,506.0,484.5,484.5,-15.5,10436,496.1,493.95,490.425,493.0595352302292,492.56121593485346,490.2032080321619,2.358007902691554,2.107914357702102,51.12359550561798,38.831295249163745,53.88595610022205
20241125,2644530,1297224091,490.0,497.0,488.0,488.0,3.5,2084,494.3,492.85,490.35,491.3730234868195,491.85949040641447,490.04000743718694,1.819482969227522,2.050228080007186,54.74860335195531,30.462693564801974,46.07820192174869
20241126,2025404,983083472,486.0,495.0,481.5,481.5,-6.5,2712,490.0,492.0,490.275,488.0820156578797,490.2657226515815,489.4074142936916,0.8583083578898822,1.8118441355837254,44.378698224852066,20.30846237653465,37.48828874001068
20241127,1386215,665762595,485.0,485.0,477.5,477.5,-4.0,1897,486.3,490.25,489.95,484.5546771052532,488.30176532056896,488.52538360527,-0.22361828470104683,1.404751651526771,39.64497041420118,13.538974917689766,29.505184132570378
20241128,2085601,986443422,480.0,480.0,468.5,471.5,-6.0,2700,480.6,488.7,489.6,480.2031180701688,485.71687834817374,487.2642440789537,-1.5473657307799726,0.8143281750654224,33.33333333333333,11.435621832676711,23.48199669927249
20241129,2105815,1002142801,472.0,480.5,468.0,476.0,4.5,1893,478.9,487.5,489.1,478.8020787134459,484.2219739869162,486.42985562866085,-2.2078816417446205,0.20988621170341384,37.07865168539326,13.97295423765749,20.312315878734154
20241202,1564914,768254465,479.5,497.5,479.5,492.0,16.0,2193,479.7,487.0,489.575,483.20138580896395,485.41859337354447,486.84245891542673,-1.4238655418822646,-0.11686413901372183,51.04166666666667,29.315302825104993,23.313311527524434
20241203,1811608,897832946,499.0,504.0,489.0,490.0,-2.0,3459,481.4,485.7,490.1,485.4675905393093,486.1234251622299,487.07635084761733,-0.9529256853874131,-0.28407644828846007,47.31182795698925,37.87686855007,28.16783053503962
20241204,2745548,1387266670,490.5,511.0,490.5,508.0,18.0,3635,487.5,486.9,490.95,492.9783936928729,489.4890520603484,488.62625078483086,0.8628012755175405,-0.05470090352725995,60.19417475728156,56.25899763803116,37.53155290270347
20241205,1538755,790200887,508.0,516.0,507.0,513.0,5.0,2436,495.8,488.2,491.85,499.6522624619153,493.10612097414094,490.4317136896582,2.674407284482754,0.4911207340747429,61.68224299065421,68.75599842535411,47.939701410253676
20241206,5624284,2972919712,519.0,537.0,517.0,524.0,11.0,7248,505.4,492.15,493.05,507.76817497461025,497.8590254396577,492.9182534163502,4.940772023307545,1.3810509919213034,62.38532110091743,72.89047238018776,56.256625066898366
20241209,3681780,1938321884,528.0,534.0,518.0,519.0,-5.0,5069,510.8,495.25,494.05,511.5121166497402,501.1114830643258,494.8502346447687,6.261248419557091,2.357090477448461,57.40740740740741,73.2313294128788,61.91485984889184
20241210,3187655,1668266712,520.0,528.0,518.0,521.0,2.0,3620,517.0,499.2,495.6,514.6747444331602,504.1712549005834,496.78725430071177,7.3840005998716265,3.3624725019330945,62.13592233009709,74.42475100955204,66.0848235691119
20241211,3796610,2004292916,516.0,537.0,516.0,527.0,6.0,3771,520.8,504.15,497.2,518.7831629554402,507.6833695312629,499.025235463622,8.658134067640901,4.421604815074656,62.85714285714286,78.11891613197189,70.0961877567319
20241212,2890895,1527446134,527.0,534.0,525.0,525.0,-2.0,3413,523.2,509.5,499.1,520.8554419702934,510.3474665264532,500.9492920959463,9.398174430506913,5.416918738161108,72.1311475409836,78.45608901551748,72.88282150966042
20241213,1909519,1014678211,522.0,535.0,522.0,534.0,9.0,2517,525.2,515.3,501.4,525.236961313529,513.9863178300758,503.39749268143174,10.588825148644048,6.451300020257697,73.71134020618557,83.55405934367832,76.43990078766637
20241216,3172849,1702122125,530.0,544.0,529.0,533.0,-1.0,3774,528.0,519.4,503.2,527.8246408756861,516.9114997023718,505.5902710013257,11.321228701046095,7.425285756415377,78.14207650273224,82.18245700793507,78.35408619442259
20241217,4703088,2568528122,537.0,554.0,535.0,545.0,12.0,6278,532.8,524.9,505.3,533.5497605837908,521.2328074404684,508.5095101864127,12.723297254055694,8.484888055943442,83.91959798994975,81.73865928188579,79.48227722357699
20241218,2267956,1229081207,539.0,550.0,534.0,548.0,3.0,3194,537.0,528.9,507.9,538.3665070558606,525.3508370650117,511.4347316540858,13.916105410925866,9.571131526939928,89.63730569948187,82.56261495985368,80.50905646900254
20241219,2658845,1421897730,539.0,542.0,529.0,535.0,-13.0,4607,539.0,531.1,509.65,537.2443380372404,526.8353236703945,513.1803070871165,13.655016583277984,10.38790853820754,78.0952380952381,71.70840997323577,77.57550763708028
20241220,3115147,1663390069,532.0,545.0,529.0,529.0,-6.0,3096,538.0,531.6,511.875,534.4962253581602,527.168350798026,514.3521361917745,12.816214606251492,10.873569751816332,69.47368421052632,59.20911542075367,71.45337689830474
20241223,1516550,815611256,539.0,542.0,535.0,537.0,8.0,1675,538.8,533.4,514.325,535.3308169054402,528.6809122137144,516.0297557331246,12.651156480589748,11.229087097571016,73.26732673267327,57.89379624541472,66.93351668067473
20241224,985542,525556502,541.0,542.0,530.0,532.0,-5.0,1500,536.2,534.5,516.85,534.2205446036269,529.1915411039122,517.2127367899302,11.978804313981982,11.37903054085321,63.63636363636363,49.012530830276475,60.95985473054198
20241225,666315,354636214,534.0,535.0,526.0,535.0,3.0,1356,533.6,535.3,519.725,534.4803630690847,530.0851501648488,518.530311842528,11.554838322320734,11.414192097146715,62.7906976744186,46.21668722018431,56.04546556042275
20241226,1962247,1074523400,538.0,553.0,536.0,553.0,18.0,2908,537.2,538.1,523.8,540.6535753793898,533.6105116779489,521.0836220764148,12.526889601534094,11.636731598024191,65.59139784946237,62.95398195631334,58.34830435905294
20241227,1866941,1041743763,552.0,565.0,548.0,558.0,5.0,2973,543.0,540.5,527.9,546.4357169195932,537.3627406505722,523.818168589273,13.544572061299164,12.018299690679186,70.96774193548387,69.31974865463624,62.0054524575807
20241230,3300295,1857085769,561.0,568.0,554.0,564.0,6.0,4064,548.4,543.6,531.5,552.2904779463955,541.4607805504842,526.7946005456231,14.666180004861076,12.547875753515564,72.16494845360825,76.37189592848765,66.79426694788302
20241231,5525767,3120840377,557.0,568.0,551.0,568.0,4.0,4500,555.6,545.9,535.4,557.5269852975971,545.5437373888713,529.8468523570584,15.696885031812826,13.177677609175017,71.57894736842105,84.24793061899176,72.6121548382526
