Date,Volume,Transaction Amount,Open,High,Low,Close,Diff,Transaction Count,MA5,MA10,MA20,EMA5,EMA12,EMA26,DIF,MACD,RSI,K,D
20220103,187837309,25836308886,142.5,143.0,133.0,139.5,-3.0,76820,,,,139.5,139.5,139.5,0.0,0.0,,50.0,50.0
20220104,68072267,9509080238,139.5,141.0,138.0,140.5,1.0,31425,,,,139.83333333333334,139.65384615384616,139.57407407407408,0.07977207977208423,0.015954415954416847,,58.33333333333333,52.77777777777777
20220105,77568365,11007709044,140.5,144.0,139.0,141.0,0.5,36578,,,,140.22222222222223,139.86094674556213,139.67969821673526,0.18124852882687037,0.04901323852890756,,63.13131313131313,56.22895622895622
20220106,93502622,13346610083,139.5,144.5,139.0,143.0,2.0,39878,,,,141.14814814814815,140.34387801547564,139.9256464969771,0.4182315184985441,0.12285689452283487,,71.0730493339189,61.17698726394377
20220107,106049282,15022120623,144.0,145.0,139.0,140.5,-2.5,46525,140.9,,,140.9320987654321,140.36789678232554,139.96819120090473,0.39970558142081813,0.17822663190243151,,68.2153662226126,63.52311358350005
20220110,137203986,18929882303,139.5,142.0,135.0,136.5,-4.0,65012,140.3,,,139.45473251028807,139.77283573889085,139.71128814898586,0.06154758990498976,0.15489082350294317,,55.19913303729729,60.74845340143246
20220111,97937241,13279311272,136.0,137.5,133.5,134.0,-2.5,46430,139.0,,,137.63648834019205,138.88470716367686,139.2882297675795,-0.40352260390264405,0.043208138021825736,,39.57719980264263,53.69136886850251
20220112,155994474,20386578492,135.5,136.0,128.0,128.5,-5.5,73710,136.5,,,134.5909922267947,137.2870599077266,138.4891016366477,-1.2020417289211025,-0.20584183536675993,,27.365192025291165,44.915976587432056
20220113,95042077,12155944207,128.5,130.5,126.0,126.0,-2.5,46325,133.1,,,131.72732815119647,135.5505891526917,137.56398299689602,-2.013393844204302,-0.5673522371342683,,18.24346135019411,36.02513817501941
20220114,139530283,17819686405,126.5,132.0,124.0,132.0,6.0,56745,131.4,136.15,,131.81821876746432,135.00434466766222,137.15183610823706,-2.1474914405748393,-0.8833800778223826,,24.86072026520877,32.303665538415856
20220117,106898108,13697919970,130.5,131.0,127.0,127.0,-5.0,46853,129.5,134.9,,130.21214584497622,133.7729070264834,136.39984824836765,-2.6269412218842376,-1.2320923066347536,,21.33571827204394,28.647683116291883
20220118,86936264,11018014438,125.5,129.0,124.5,127.0,0.0,37717,128.1,133.55,,129.1414305633175,132.73092133010135,135.70356319293302,-2.972641862831665,-1.580202217874136,,18.985716943267388,25.42702772528372
20220119,133695843,16581654871,125.5,128.0,121.0,122.5,-4.5,65468,126.9,131.7,,126.927620375545,131.1569334331627,134.72552147493798,-3.5685880417752855,-1.977879382654366,,14.740477962178257,21.86484447091523
20220120,71313774,8785587001,122.5,125.0,121.0,124.0,1.5,31421,126.5,129.8,,125.95174691703001,130.05586675113767,133.93103840272036,-3.87517165158269,-2.357337836440031,29.33333333333333,14.588890070023599,19.439526337284683
20220121,178893090,21210036231,122.0,122.5,115.5,115.5,-8.5,92380,123.2,127.3,,122.46783127802001,127.81650263557803,132.56577629881514,-4.749273663237105,-2.835725001799446,23.913043478260875,9.725926713349065,16.20165979597281
20220124,152964023,17370187073,112.0,116.5,110.5,115.0,-0.5,61173,120.8,125.15,,119.97855418534668,125.84473299933526,131.26460768408808,-5.419874684752813,-3.3525549383901194,21.978021978021985,12.36630408340918,14.923207891784932
20220125,104194078,11655947725,114.0,114.0,110.0,110.0,-5.0,48020,117.4,122.75,,116.65236945689779,123.4070817686683,129.68945155934082,-6.282369790672519,-3.9385179088466,19.0,8.244202722272785,12.696872835280882
20220126,77410499,8739600577,111.0,114.5,111.0,113.0,3.0,35639,115.5,121.2,,115.43491297126519,121.80599226579626,128.45319588827854,-6.64720362248228,-4.480255051573736,20.588235294117652,10.041589693636402,11.811778454732721
20220207,142530130,17060180775,115.5,124.0,115.0,124.0,11.0,63157,115.5,121.0,,118.28994198084347,122.14353191721221,128.12332952618382,-5.979797608971609,-4.780163563053311,36.13445378151261,28.91661535131315,17.513390753592866
20220208,254620237,32684344448,124.5,133.5,123.5,129.0,5.0,116400,118.2,120.7,128.425,121.85996132056232,123.19837316071803,128.18826807979983,-4.989894919081792,-4.822109834259007,43.80165289256198,46.22809817747117,27.084959894885632
20220209,116746110,15219297256,131.5,133.0,128.0,129.0,0.0,64484,121.0,120.9,127.9,124.23997421370822,124.09093113599218,128.24839637018502,-4.157465234192841,-4.689180914245774,45.689655172413794,57.76908672824318,37.31300217267148
20220210,111847726,14657607224,131.5,133.0,128.5,132.0,3.0,50189,125.4,121.4,127.475,126.8266494758055,125.30771096122415,128.5262929353565,-3.2185819741323627,-4.395061126223092,53.153153153153156,69.7183982443607,48.11480086323455
20220211,153813806,20481762456,133.5,135.0,131.0,131.5,-0.5,67734,129.1,122.3,127.0,128.38443298387034,126.26037081334351,128.74656753273752,-2.4861967193940018,-4.013288244857274,55.14018691588786,75.1455988295738,57.1250668520143
20220214,140819575,18693972575,131.5,135.5,130.0,130.0,-1.5,77109,130.3,122.9,126.35,128.92295532258024,126.83569838052144,128.83941438216436,-2.0037160016429283,-3.611373796214405,47.95918367346939,76.24085673605573,63.49699681336144
20220215,67159205,8846369412,131.5,133.0,130.0,132.0,2.0,27064,130.9,124.55,125.925,129.94863688172018,127.63020632197967,129.07353183533738,-1.4433255133577063,-3.1777641396430654,55.434782608695656,79.58540775867768,68.85980046180018
20220216,85731645,11501468941,135.0,135.5,133.0,133.5,1.5,37375,131.8,126.4,125.775,131.13242458781346,128.53325150321356,129.40141836605312,-0.8681668628395585,-2.7158446842823643,56.8421052631579,83.6691834037443,73.79626144244821
20220217,106132635,14296203719,134.0,136.5,133.0,133.5,0.0,40128,132.1,128.75,125.75,131.92161639187566,129.29736665656532,129.70501700560473,-0.40765034903941455,-2.2542058172337742,62.7906976744186,84.46162614513186,77.35138301000943
20220218,200009496,27585306615,133.0,142.0,132.0,141.5,8.0,87110,134.1,131.6,126.4,135.1144109279171,131.17469486324757,130.578719449634,0.5959754136135587,-1.6841695710643076,67.67676767676767,88.74018319585367,81.14764973862417
20220221,249069026,36270407980,143.0,147.5,143.0,147.0,5.5,101369,137.5,133.9,127.45,139.07627395194476,133.60935719197872,131.79511060151296,1.814246590465757,-0.9844863387582948,83.87096774193549,91.63875460920158,84.6446846954833
20220222,298269214,42085702768,145.5,147.0,135.5,142.5,-4.5,127517,139.6,135.25,127.975,140.21751596796318,134.97714839321276,132.58806537177125,2.3890830214415075,-0.30977246671833436,77.22772277227723,85.65390658157298,84.98109199084652
20220223,155280786,22681078830,145.0,148.0,144.5,145.0,2.5,71650,141.9,136.85,128.875,141.81167731197547,136.51912556348773,133.50746793682524,3.0116576266624975,0.3545135519578321,86.45833333333333,84.8803821654931,84.94752204906204
20220224,253657385,36237312924,141.5,147.0,138.5,141.5,-3.5,106865,143.5,137.8,129.6,141.70778487465032,137.28541393833578,134.09950734891225,3.1859065894235243,0.9207921594509706,79.38144329896907,77.88321773995835,82.59275394602747
20220225,146856916,21287920304,146.5,147.0,143.0,143.5,2.0,65243,143.9,139.0,130.65,142.30518991643356,138.24150410166874,134.79584013788173,3.4456639637870126,1.425766520318179,74.68354430379748,76.92214515997223,80.70255101734239
20220301,225991888,33500097825,146.0,151.0,144.5,150.5,7.0,92696,144.6,141.05,131.975,145.0367932776224,140.12742654756585,135.95911123877937,4.168315308786475,1.9742762780118384,75.90361445783132,83.73757045752535,81.71422416407003
20220302,190071490,28891349111,150.0,154.0,149.0,151.5,1.0,82594,146.4,143.0,133.775,147.19119551841493,141.8770532325557,137.11028818405498,4.76676504850073,2.5327740321096166,76.47058823529412,85.37050151713811,82.93298328175939
20220303,229574210,36231217230,154.5,162.5,153.5,160.5,9.0,122257,149.5,145.7,136.05,151.6274636789433,144.74212196600868,138.84285942968054,5.899262536328138,3.206071732953321,79.38144329896907,88.06120866169863,84.64239174173913
20220304,431046214,70685147482,161.5,171.0,159.0,159.0,-1.5,217133,153.0,148.25,138.5,154.0849757859622,146.9356416635458,140.3359809534079,6.599660710137897,3.8847895283902365,77.77777777777777,80.77320014066294,83.35266120804707
20220307,337599130,52483840125,160.5,162.0,151.0,151.0,-8.0,154859,154.5,149.2,140.4,153.0566505239748,147.56092756146182,141.12590829019248,6.43501927126934,4.394835476966057,68.75,68.40279070410392,78.36937104006601
20220308,389717827,57242765336,148.0,153.5,138.5,147.0,-4.0,169342,153.8,149.2,141.55,151.0377670159832,147.4746310135446,141.56102619462266,5.913604818921954,4.698589345357237,62.93103448275862,54.319809187351325,70.35285042249444
20220309,261873095,40071630066,152.5,156.0,149.0,156.0,9.0,118750,154.7,150.55,142.9,152.69184467732214,148.78622624223004,142.63057980983578,6.1556464323942635,4.990000762764643,67.17557251908397,54.16192407361883,64.95587497286924
20220310,243329897,38810454184,161.0,162.5,156.0,156.0,0.0,114184,153.8,151.65,144.25,153.79456311821477,149.89603758957927,143.62090723132943,6.2751303582498394,5.247026681861683,67.17557251908397,54.0566673311305,61.32280575895632
20220311,193990525,30643796584,155.0,160.0,155.0,160.0,4.0,88588,154.0,153.5,145.65,155.86304207880985,151.4504933450286,144.83417336234206,6.616319982686548,5.520885342026656,65.04065040650406,58.08906027203571,60.24489059664945
20220314,212637788,34888264329,162.5,166.0,162.0,164.5,4.5,85564,156.7,155.6,147.3,158.74202805253992,153.45810975348576,146.29090126142782,7.167208492057938,5.850149972032913,64.46280991735537,65.3927068480238,61.96082934710756
20220315,299775867,48261929886,165.0,167.0,157.5,158.0,-6.5,132306,158.9,156.35,148.7,158.49468536835997,154.15686209910334,147.15824190872945,6.9986201903738845,6.0798440157011076,62.4,63.59513789868254,62.505598864299216
20220316,532028484,80584238683,160.5,163.5,142.5,143.0,-15.0,251876,156.3,155.5,149.25,153.32979024557332,152.44042177616436,146.8502239895643,5.590197786600044,5.981914769880895,48.666666666666664,47.0121432145063,57.341113647701576
20220317,311757278,44842881989,146.0,148.0,138.5,146.5,3.5,147168,154.4,154.1,149.9,151.05319349704888,151.52651073367753,146.8242814718188,4.702229261858719,5.72597766827646,53.33333333333333,40.6981539558697,51.79346041709095
20220318,165238709,23416651571,145.0,145.5,140.0,141.0,-5.5,75350,150.6,152.3,150.275,147.7021289980326,149.907047543881,146.39285321464703,3.514194329233959,5.28362100046796,48.40764331210192,30.0560792454336,44.547666693205166
20220321,128286768,18232994607,141.0,145.0,138.5,144.5,3.5,54235,146.6,151.65,150.425,146.63475266535508,149.0751940755916,146.25264186541392,2.8225522101776903,4.791407242409907,46.0,27.054930023271524,38.71675446989395
20220322,74326569,10674467445,144.0,145.5,142.5,142.5,-2.0,33194,143.5,151.2,150.2,145.2565017769034,148.06362575626983,145.97466839390177,2.0889573623680633,4.250917266401538,44.07894736842105,22.714982588613765,33.38283050946722
20220323,68992130,9887649383,143.5,145.0,141.5,143.5,1.0,29152,143.6,149.95,150.25,144.6710011846023,147.36152948607446,145.7913596239831,1.5701698620913476,3.7147677855395003,37.5,20.991274942116778,29.25231198701707
20220324,84745736,11997997643,142.5,144.0,140.5,140.5,-3.0,34682,142.4,148.4,150.025,143.28066745640155,146.30590956513993,145.39940705924363,0.9065025058962988,3.15311472961086,36.69064748201439,16.333364581294227,24.94599618510945
20220325,165131365,22339790187,140.0,140.0,132.5,132.5,-8.0,93040,140.7,145.65,149.575,139.68711163760105,144.18192347819533,144.44389542522558,-0.26197194703024707,2.470097394282639,36.69064748201439,10.888909720862816,20.260300697027237
20220328,93721893,12295843089,128.0,134.5,127.0,133.0,0.5,47753,138.4,142.5,149.05,137.45807442506737,142.46162755847297,143.59619946780145,-1.1345719093284856,1.749163533560414,39.39393939393939,12.738725202036397,17.75310886536362
20220329,61231272,8321178086,134.0,137.5,134.0,135.0,2.0,30944,136.9,140.2,148.275,136.63871628337824,141.31368485716945,142.95944395166802,-1.6457590944985725,1.0701790079486169,32.203389830508485,21.190896166436964,18.8990379657214
20220330,56886329,7687024058,136.0,136.5,133.5,135.0,0.0,28038,135.2,139.4,147.45,136.09247752225218,140.34234872529723,142.36985551080372,-2.027506785506489,0.4506418492575957,32.203389830508485,28.54167852537239,22.113251485605062
20220331,38747258,5242424775,135.5,137.0,133.5,135.0,0.0,17819,134.1,138.25,146.175,135.72831834816813,139.52044892140535,141.82394028778123,-2.30349136637588,-0.10018479386909945,27.272727272727266,33.44220009799601,25.889567689735376
20220401,68842684,9410907938,134.0,138.5,133.5,138.5,3.5,31253,135.3,138.0,145.15,136.6522122321121,139.36345677965068,141.57772248868633,-2.214265709035658,-0.5230009769024112,25.925925925925924,43.01552078605139,31.598218721840713
20220406,76145364,10209116968,135.0,135.5,133.0,133.5,-5.0,42277,135.4,136.9,144.275,135.6014748214081,138.46138650585826,140.97937267470957,-2.5179861688513085,-0.9219980152921907,26.66666666666667,40.71405089440462,34.636829446028685
20220407,75050269,9784874588,131.0,133.5,128.5,128.5,-5.0,46314,134.1,135.5,143.35,133.2343165476054,136.92886550495697,140.05497469880515,-3.1261091938481798,-1.3628202510033887,32.94117647058823,30.083877066857983,33.11917865297178
20220408,96179860,12918808725,131.0,136.5,130.5,135.5,7.0,42144,134.2,134.7,142.325,133.9895443650703,136.70904004265591,139.71756916556032,-3.008529122904406,-1.6919620253835923,38.04347826086957,41.850789839443785,36.029715715129115
20220411,89856268,12311512144,136.5,138.5,135.5,136.0,0.5,36530,134.4,134.25,141.325,134.6596962433802,136.59995695917038,139.44219367181512,-2.842236712644734,-1.9220169628358208,43.90243902439024,53.98748308136832,42.015638170542175
20220412,76995661,10307505603,136.5,137.0,132.0,134.5,-1.5,31186,133.6,134.45,140.05,134.60646416225347,136.27688665775955,139.07610525168067,-2.7992185939211254,-2.097457289052882,37.17948717948718,55.991655387578874,46.674310576221075
20220413,102258649,14184789817,136.5,140.5,136.0,140.0,5.5,44013,134.9,135.15,138.825,136.40430944150233,136.84967332579654,139.14454189970434,-2.2948685739077916,-2.136939546023864,47.05882352941176,69.27221470283035,54.20694528509083
20220414,73856909,10343618749,140.5,142.0,138.0,138.0,-2.0,33530,136.8,135.45,137.825,136.9362062943349,137.02664666028937,139.05976101824476,-2.033114357955384,-2.1161745084101677,43.67816091954023,69.63826659201035,59.350719054064
20220415,77659356,10892177071,137.0,142.0,137.0,141.5,3.5,35808,138.0,136.1,137.75,138.45747086288995,137.7148548663987,139.24051946133773,-1.5256645949390304,-1.9980725257159404,51.13636363636364,78.52427649343899,65.74190486718899
20220418,56844230,7918054956,141.0,141.5,138.0,138.0,-3.5,24141,138.4,136.4,137.325,138.30498057525998,137.7587233484912,139.14862913086827,-1.3899057823770704,-1.8764391770481665,56.9620253164557,75.80630778574944,69.09670584004247
20220419,62583545,8846800257,140.0,142.5,139.5,141.5,3.5,26579,139.8,136.7,137.35,139.36998705017334,138.33430437180024,139.32280475080395,-0.9885003790037103,-1.6988514174392755,60.0,81.48991947621391,73.22777705209961
20220420,97083572,13923374136,143.0,144.5,142.0,143.5,2.0,38123,140.5,137.7,137.3,140.7466580334489,139.12902677613866,139.63222662111477,-0.503199844976109,-1.4597211029466424,60.0,85.27899393652356,77.24484934690759
20220421,75810527,11074862921,145.0,147.5,145.0,145.5,2.0,36631,142.0,139.4,137.45,142.33110535563262,140.10917650288656,140.0668765010322,0.04230000185435756,-1.1593168819864423,61.79775280898876,85.88492068886517,80.12487312756011
20220422,81848440,12008737605,144.5,149.0,143.5,147.5,2.0,41558,143.2,140.6,137.65,144.0540702370884,141.24622627167324,140.6174782416965,0.6287480299767481,-0.8017038995938043,63.44086021505377,87.64877065532187,82.63283897014736
20220425,139636313,19707773159,144.0,145.0,139.0,139.5,-8.0,58741,143.5,140.95,137.6,142.53604682472562,140.9775760760312,140.5347020756449,0.442874000386297,-0.5527883195977841,50.98039215686275,67.40687274457355,77.55751689495608
20220426,49643058,6971741131,141.0,142.5,139.0,139.0,-0.5,23748,143.0,141.4,137.925,141.35736454981708,140.67333360279562,140.42102044041195,0.25231316238367185,-0.3917680232014929,55.91397849462366,50.493470718604584,68.53616816950557
20220427,90781882,12457636051,134.0,140.5,133.0,140.0,1.0,36128,142.3,141.4,138.275,140.90490969987806,140.56974381775015,140.38983374112217,0.17991007662797642,-0.27743240323559903,63.529411764705884,48.245647145736385,61.772661161582505
20220428,63157535,8861771847,142.0,142.0,138.0,138.0,-2.0,26595,140.8,141.4,138.425,139.93660646658537,140.17439861501936,140.21280901955757,-0.03841040453821165,-0.22962800349612156,53.33333333333333,42.58043143049092,55.375251251218636
20220429,113755419,16383593654,140.5,145.5,140.0,145.0,7.0,48159,140.3,141.75,138.925,141.62440431105694,140.9167988280933,140.5674157588496,0.3493830692437143,-0.11382578894815439,60.22727272727273,53.38695428699394,54.712485596477066
20220503,71040875,10337736835,146.0,146.5,144.0,146.5,1.5,26891,141.7,142.6,139.5,143.24960287403798,141.77575285454049,141.00686644337924,0.7688864111612475,0.062716651073726,63.63636363636363,63.716302857995956,57.71375801698336
20220504,115815573,17529311024,148.5,153.0,148.5,151.5,5.0,54643,144.2,143.6,140.15,145.99973524935865,143.27179087691889,141.78413559572152,1.4876552811973625,0.3477043770984533,63.2183908045977,73.3108685719973,62.91279486865467
20220505,121717467,18575293259,154.0,155.5,150.5,152.5,1.0,49447,146.7,144.5,141.1,148.1664901662391,144.69151535739292,142.5779033293718,2.113612028021123,0.7008859072829873,67.05882352941177,77.76280127022042,67.86279700250992
20220506,125219294,19023585675,149.5,154.5,148.5,154.0,1.5,54662,149.9,145.35,142.375,150.11099344415942,146.123589917794,143.42398456423314,2.6996053535608553,1.100629796538561,65.4320987654321,82.9529786245914,72.89285754320375
20220509,144784664,21752154232,152.5,154.0,147.0,147.0,-7.0,73375,150.3,145.3,142.95,149.07399562943962,146.2584222381334,143.68887459651216,2.5695476416212273,1.3944133655550943,60.22727272727273,76.04272649046834,73.9428138589586
20220510,115425361,16964716047,143.0,150.5,142.5,149.0,2.0,50822,150.8,146.25,143.6,149.04933041962641,146.68020343226672,144.08229129306682,2.597912139199906,1.6351131202840568,58.82352941176471,74.39885469734926,74.09482747175548
20220511,82004378,12018686064,148.5,150.0,144.5,144.5,-4.5,50325,149.4,146.8,144.1,147.53288694641762,146.3447875196103,144.11323267876557,2.2315548408447228,1.75440146439619,51.11111111111111,61.980188845851885,70.05661459645428
20220512,120876015,17170510528,145.5,147.5,139.0,139.0,-5.5,55043,146.7,146.7,144.05,144.68859129761177,145.21482020890102,143.7344747025607,1.4803455063403135,1.6995902727850147,43.29896907216495,41.32012589723459,60.47778503004771
20220513,64937090,9295085745,142.5,144.0,142.0,143.5,4.5,26806,144.6,147.25,144.325,144.29239419840786,144.95100171522392,143.71710620607473,1.2338955091491925,1.6064513200578503,46.07843137254902,36.63765968906549,52.53107658305363
20220516,127589403,17726037965,143.0,143.0,136.5,137.5,-6.0,72872,142.7,146.5,144.125,142.02826279893858,143.80469375903562,143.25657982043955,0.5481139385960603,1.3947838437654925,47.95918367346939,26.179492424289272,43.74721519679885
20220517,81973444,11197904283,138.0,139.5,135.0,135.5,-2.0,38764,140.0,145.4,144.0,139.8521751992924,142.52704856533782,142.68201835225884,-0.15496978692101493,1.0848331176281911,46.53465346534653,18.26600307960748,35.25347782440173
20220518,51147174,7044247185,137.5,138.5,137.0,137.5,2.0,26149,138.6,144.0,143.8,139.06811679952827,141.75365647836276,142.29816514098042,-0.544508662617659,0.7589647615790212,47.57281553398058,16.450839659909256,28.9859317695709
20220519,132772282,17654482012,134.0,136.5,130.0,136.0,-1.5,60598,138.0,142.35,143.425,138.04541119968553,140.86847855861464,141.83163438979668,-0.9631558311820356,0.4145406430268098,48.03921568627451,19.300559773272838,25.757474437471544
20220520,71608198,9755527837,137.0,138.5,134.5,135.0,-1.0,33257,136.3,140.45,142.9,137.0302741331237,139.96563570344316,141.32558739795988,-1.3599516945167238,0.05964217551810309,38.888888888888886,20.997121149661567,24.17069000820155
20220523,187976803,26948569425,138.0,147.0,137.5,144.0,9.0,81025,137.6,140.15,142.725,139.35351608874913,140.58630713368268,141.52369203514803,-0.9373849014653501,-0.13976323987858755,47.61904761904762,37.33141409977438,28.55759803872582
20220524,93521294,13487081699,145.5,146.5,142.0,142.0,-2.0,37772,138.9,139.45,142.85,140.23567739249944,140.80379834388535,141.55897410661854,-0.7551757627331881,-0.2628457444495077,40.4040404040404,47.74475225699244,34.95331611148136
20220525,69046871,9889274690,144.5,146.0,141.5,143.0,1.0,30999,140.0,139.3,143.05,141.1571182616663,141.14167552174914,141.66571676538754,-0.5240412436384076,-0.3150848442872877,40.4040404040404,57.32003091642633,42.40888771312968
20220526,46757415,6693363032,144.5,145.0,141.0,142.0,-1.0,19939,141.2,139.6,143.15,141.4380788411109,141.27372544148002,141.69047848646994,-0.4167530449899175,-0.3354184844278137,37.755102040816325,61.742765708990106,48.85351371174982
20220527,57965859,8349113220,144.5,145.5,142.5,144.5,2.5,20113,143.1,139.7,143.475,142.45871922740727,141.77007537356002,141.89859119117588,-0.12851581761586317,-0.2940379510654236,47.19101123595505,69.593216355013,55.76674792617088
20220530,59398115,8595772002,145.5,146.0,144.0,144.0,-0.5,25599,143.1,140.35,143.425,142.9724794849382,142.11314070070463,142.05425110294064,0.058889597763993606,-0.22345244129954014,44.18604651162791,73.84645796216552,61.79331793816909
20220531,86696376,12317274929,145.0,146.0,140.5,140.5,-3.5,35643,142.8,140.85,143.125,142.14831965662546,141.86496520828854,141.9391213916117,-0.07415618332316853,-0.19359318970426584,45.23809523809524,69.81920726889464,64.46861438174427
20220601,67603736,9689103731,141.5,145.0,141.0,144.5,4.0,26313,143.1,141.55,142.775,142.93221310441697,142.27035517624415,142.12881610334418,0.14153907289997392,-0.1265667371834179,56.79012345679012,73.21280484592975,67.38334453647276
20220602,36014719,5198746244,143.5,145.0,142.5,144.5,0.0,14831,143.6,142.4,142.375,143.45480873627798,142.61337745682198,142.3044593549483,0.3089181018736724,-0.03946976937199984,51.388888888888886,73.36994007272509,69.3788763818902
20220606,72086994,10507320888,146.0,148.0,143.5,143.5,-1.0,29714,143.4,143.25,141.85,143.469872490852,142.74978092500322,142.39301792124843,0.35676300375479286,0.0397767852533587,59.67741935483871,62.24662671515006,67.00145982631014
20220607,32709331,4724087026,144.0,145.5,143.0,144.5,1.0,13483,143.5,143.3,141.725,143.81324832723467,143.01904539807964,142.5490906678226,0.4699547302570295,0.12581237425409286,65.0,59.27552892121115,64.42614952461048
20220608,47545813,6904381899,145.5,146.5,144.0,145.5,1.0,19165,144.5,143.65,141.55,144.37549888482312,143.400730721452,142.7676765442802,0.6330541771718003,0.22726073483763437,63.793103448275865,61.739241503029646,63.530513517416864
20220609,115246943,16187777908,140.0,142.0,139.5,140.0,-5.5,59791,143.6,143.35,141.325,142.91699925654876,142.87754137969014,142.5626634669261,0.31487791276404664,0.24478417042291684,56.060606060606055,43.120278649078585,56.727101894637435
20220610,55948195,7752430217,138.5,140.0,137.0,139.0,-1.0,28276,142.5,143.05,141.325,141.6113328376992,142.2809965520455,142.29876246937602,-0.017765917330507364,0.192274152872232,56.060606060606055,34.807458493325115,49.420554094199986
20220613,111048287,14697750663,134.0,134.5,130.0,130.5,-8.5,63339,139.9,141.65,140.675,137.9075552251328,140.4685355440385,141.42478006423704,-0.9562445201985383,-0.03742958174192206,29.23076923076924,24.130898254809335,40.9906688144031
20220614,105909358,13751755333,129.0,132.0,128.5,131.5,1.0,42825,137.3,140.4,140.375,135.77170348342187,139.08876084495566,140.68961117058984,-1.600850325634184,-0.3501137305203745,33.33333333333333,21.21547063141135,34.398936086739184
20220615,87949056,11402316772,131.5,132.5,128.0,128.0,-3.5,51324,133.8,139.15,140.0,133.18113565561458,137.3827976380394,139.74963997276836,-2.3668423347289718,-0.753459451362094,27.941176470588232,14.143647087607565,27.64717308702864
20220616,195221433,24048791813,130.0,130.5,119.0,119.5,-8.5,91675,129.7,136.65,139.1,128.62075710374307,134.63159800141796,138.2496666414522,-3.618068640034238,-1.326381289096523,22.891566265060234,10.003810702083204,21.766052292046826
20220617,144637601,17251841934,118.5,121.0,116.5,119.5,0.0,45646,125.8,134.15,138.275,125.58050473582873,132.30365984735366,136.86080244578906,-4.557142598435405,-1.9725335509642994,17.948717948717942,10.002540468055468,17.844881684049707
20220620,212116937,23954565486,120.0,120.0,108.5,109.5,-10.0,81048,121.6,130.75,137.0,120.2203364905525,128.79540448622234,134.83407633869356,-6.038671852471225,-2.785761211265685,14.43298969072164,7.545553294493119,14.411772220864178
20220621,134478357,14873326384,112.0,113.0,108.5,110.0,0.5,46999,117.3,127.3,135.3,116.81355766036833,125.90380379603428,132.99451512841998,-7.090711332385695,-3.646751235489687,16.483516483516482,6.522906176428248,11.7821502060522
20220622,263422716,27561450000,110.0,110.0,101.0,102.0,-8.0,84133,112.1,122.95,133.3,111.87570510691224,122.22629551972132,130.6986251189074,-8.472329599186068,-4.611866908228963,7.070707070707087,5.203304972319686,9.589201794808028
20220623,214981629,21334974621,102.5,103.5,96.1,96.1,-5.9,96465,107.42,118.55999999999999,130.95499999999998,106.6171367379415,118.20686543976419,128.13576399898832,-9.928898559224137,-5.675273238427998,6.317689530685911,3.468869981546457,7.549091190387504
20220624,140963741,14048901671,98.9,102.5,97.6,98.7,2.6,66891,103.25999999999999,114.53,128.79000000000002,103.97809115862766,115.205809218262,125.9553370361003,-10.749527817838299,-6.690124154310059,10.701754385964918,4.693532368650025,6.597238249808344
20220627,177736631,18803759282,102.0,108.5,102.0,108.5,9.8,73072,103.05999999999999,112.33,126.99000000000001,105.48539410575178,114.17414626160631,124.66234910750028,-10.488202845893966,-7.449739892626841,22.644376899696056,14.484332934411377,9.226269811342688
20220628,263567315,28362041394,107.5,110.0,104.5,108.5,0.0,87977,102.75999999999999,110.03,125.215,106.49026273716785,113.30120068289764,123.46513806250026,-10.163937379602615,-7.992579390021996,21.45061728395062,21.671725832243247,13.374755151642873
20220629,348908335,32224336489,93.5,95.7,89.0,89.0,,140098,100.16,106.13,122.64000000000001,100.66017515811191,109.56255442399032,120.91216487268542,-11.349610448695103,-8.663985601756618,17.63959390862945,14.447817221495498,13.732442508260412
20220630,165915250,14291200054,88.6,88.7,84.5,84.6,-4.4,85589,97.86,102.64000000000001,119.64500000000001,95.30678343874128,105.72216143568411,118.22237488211613,-12.500213446432014,-9.431231170691698,16.90997566909975,9.725774861278683,12.396886625933169
20220701,187282562,15557604867,85.4,86.7,79.7,79.8,-4.8,92702,94.08,98.67,116.41,90.13785562582753,101.73413659942501,115.37627303899642,-13.642136439571402,-10.27341222446764,17.70700636942675,6.583950007619217,10.459241086495183
20220704,128512135,10450348889,80.5,82.9,79.2,82.5,2.7,69870,88.88,95.97,113.35999999999999,87.5919037505517,98.77503866105194,112.94099355462632,-14.16595489357438,-11.051920758288988,19.45137157107233,7.960728576508046,9.626403583166137
20220705,195405370,16780297305,85.2,90.5,82.0,87.7,5.2,99487,84.72,93.74,110.52000000000001,87.62793583370113,97.07118655935164,111.0712903283577,-14.00010376900606,-11.641557360432403,25.396825396825406,14.506286583472896,11.253031249935056
20220706,143401293,12514637766,86.4,89.7,85.6,85.8,-1.9,81547,84.08,92.12,107.535,87.01862388913409,95.33715785791293,109.1993428966275,-13.862185038714571,-12.085682896088837,27.62284196547145,16.8137148651724,13.10659245501417
20220707,125705521,11009215216,86.8,89.3,85.2,88.4,2.6,72194,84.84,91.35,104.955,87.47908259275607,94.2699028028494,107.65865083021065,-13.388748027361245,-12.34629592234332,30.038510911424922,21.165853200158224,15.79301270339552
20220708,174092834,16225742381,92.3,94.7,92.1,92.7,4.3,89958,87.42,90.75,102.64000000000001,89.21938839517072,94.02837929471872,106.55060262056541,-12.522223325846696,-12.381481403043995,38.36565096952909,28.720958410495093,20.102327939095375
20220711,85206508,7897371666,93.4,93.9,91.6,92.3,-0.4,61464,89.38,89.13000000000001,100.72999999999999,90.24625893011383,93.76247478783891,105.49500242644946,-11.732527638610549,-12.251690650157306,37.72538141470181,45.61195207164318,28.605535983277974
20220712,144176325,12511791686,89.1,89.6,84.0,86.1,-6.2,71767,89.06,86.89000000000001,98.46000000000001,88.86417262007589,92.58363251278676,104.05833558004579,-11.474703067259028,-12.096293133577651,38.691322901849226,45.246677725181456,34.15258323057913
20220713,100449338,8941734973,89.8,90.4,87.1,87.1,1.0,51152,89.32000000000001,86.7,96.41499999999999,88.2761150800506,91.7399967415888,102.80216257411648,-11.062165832527683,-11.889467673367658,43.11926605504588,47.15369912861557,38.48628852992461
20220714,100778338,9027459691,87.6,90.9,87.5,90.6,3.5,53699,89.76,87.3,94.97,89.0507433867004,91.5646126274982,101.89829867973748,-10.333686052239273,-11.578311349141982,43.89140271493213,55.95192845133509,44.3081685037281
20220715,74505822,6688355119,90.6,90.8,89.1,89.3,-1.3,49980,89.08,88.25,93.46000000000001,89.13382892446694,91.21621068480617,100.9650913701273,-9.748880685321126,-11.212425216377811,33.39100346020763,56.461390621100016,48.35924254285207
20220718,50045302,4500753720,89.9,91.2,89.1,89.3,0.0,25550,88.47999999999999,88.93,92.45,89.18921928297796,90.92140904098984,100.10101052789564,-9.179601486905796,-10.80586047048341,33.39100346020763,54.15183050752461,50.29010519774291
20220719,111112717,10168578859,90.1,93.2,90.1,91.6,2.3,56046,89.58,89.32000000000001,91.53,89.99281285531865,91.02580765006833,99.47130604434781,-8.445498394279483,-10.333788055242625,53.201970443349744,59.7772327994089,53.4524810649649
20220720,92439570,8428118254,93.0,93.2,89.3,89.7,-1.9,56639,90.1,89.71000000000001,90.91499999999999,89.89520857021243,90.8218372423655,98.74750559661834,-7.925668354252835,-9.852164115044667,56.69291338582678,57.60849787873366,54.83782000288782
20220721,93530203,8625855062,90.5,93.0,90.5,93.0,3.3,42338,90.58,90.16999999999999,90.76,90.93013904680829,91.1569392050785,98.32176444131328,-7.164825236234776,-9.314696339282689,68.0327868852459,68.70869555551938,59.461445187098334
20220722,92370920,8705400712,93.9,95.7,92.7,94.2,1.2,58390,91.55999999999999,90.32000000000001,90.535,92.0200926978722,91.6251024042972,98.01644855677155,-6.391346152474355,-8.730026301921022,66.66666666666666,74.86562609684198,64.59617215701289
20220725,75318197,6926278872,93.8,93.8,90.8,92.1,-2.1,42707,92.12,90.3,89.715,92.04672846524814,91.69816357286686,97.57819310812181,-5.880029535254948,-8.160026948587808,56.874999999999986,69.29026235913494,66.16086889105357
20220726,51824917,4759359842,91.5,93.2,90.5,91.7,-0.4,32276,92.14,90.86,88.875,91.93115231016543,91.69844610011812,97.14277139640909,-5.44432529629097,-7.61688661812844,59.672131147540995,63.26667897113062,65.19613891774591
20220727,61327873,5723424445,92.2,94.2,92.1,94.0,2.3,32502,93.0,91.55,89.125,92.62076820677696,92.05253131548456,96.9099735151936,-4.857442199709041,-7.06499773444456,59.271523178807946,66.92526072822848,65.77251285457343
20220728,69911529,6491871990,94.6,94.8,91.7,92.0,-2.0,47833,92.8,91.69,89.49499999999999,92.41384547118464,92.04444957464078,96.5462717733274,-4.501822198686625,-6.552362627292974,48.74551971326164,59.263305131950304,63.60277694703239
20220729,122869864,11746717950,93.9,96.8,93.8,95.5,3.5,57416,93.05999999999999,92.31,90.28,93.44256364745644,92.57607271700374,96.46877016048833,-3.892697443484593,-6.020429590531298,55.161290322580655,67.06442564352244,64.7566598458624
20220801,59528798,5712544175,95.9,96.8,94.5,96.6,1.1,42450,93.96000000000001,93.03999999999999,90.98499999999999,94.49504243163763,93.19513845284932,96.47849088934105,-3.2833524364917253,-5.473014159723384,70.27027027027029,77.15406154012605,68.88912707728362
20220802,92164267,8631705960,95.0,95.0,93.0,93.3,-3.3,50790,94.28,93.21,91.265,94.09669495442509,93.21127099856481,96.24304711976023,-3.0317761211954206,-4.984766552017792,60.992907801418454,66.25085584156551,68.00970333204424
20220803,56352179,5270488780,94.4,94.7,92.7,93.2,-0.1,28207,94.12,93.56,91.63499999999999,93.7977966362834,93.20953699878561,96.01763622200022,-2.8080992232146116,-4.549433086257156,55.24193548387099,58.452951513424644,64.82411939250437
20220804,59991966,5586143255,93.2,94.1,92.0,94.0,0.8,29555,94.52000000000001,93.66,91.91499999999999,93.86519775752227,93.33114669128013,95.86818168703724,-2.537034995757111,-4.146953468157147,59.67078189300413,57.48715286080162,62.37846388193678
20220805,123939466,12116948693,96.2,99.3,95.9,99.2,5.2,60215,95.26,94.16,92.24,95.64346517168151,94.23404720031395,96.114983043553,-1.880935843239044,-3.6937499431735263,66.77966101694918,71.27931402841321,65.34541393076225
20220808,111558950,11097577529,98.2,102.0,97.0,101.0,1.8,64116,96.14,95.05,92.675,97.42897678112101,95.27496301565027,96.47683615143796,-1.201873135787693,-3.1953745816963597,66.20689655172416,77.61663006424958,69.43581930859135
20220809,133321277,13768441718,101.0,106.0,100.0,105.0,4.0,51088,98.47999999999999,96.38,93.61999999999999,99.95265118741402,96.77112255170408,97.10818162170182,-0.3370590699977356,-2.623711479356635,74.59807073954985,82.74675104516405,73.87279655411558
20220810,97970225,10211991177,104.0,106.0,102.5,103.0,-2.0,37295,100.44,97.28,94.41499999999999,100.96843412494269,97.72941138990345,97.54461261268686,0.1847987772165851,-2.062009428041991,66.7785234899329,81.35497688725222,76.36685666516112
20220811,94797659,9902919430,105.0,106.5,102.5,103.0,0.0,34455,102.24,98.38,95.035,101.6456227499618,98.54027117607215,97.94871538211747,0.5915557939546829,-1.5312963836426563,65.38461538461539,79.52400758000722,77.41924030344316
20220812,54266527,5623392540,103.5,104.5,102.5,104.0,1.0,18124,103.2,99.22999999999999,95.77,102.43041516664121,99.38022945667643,98.39695868714581,0.9832707695306198,-1.028382953008001,71.63636363636367,80.60221194988986,78.48023085225873
20220815,118906026,11913162888,102.5,103.0,99.5,99.5,-4.5,62039,102.9,99.52000000000001,96.28,101.45361011109415,99.39865569411083,98.47866545106093,0.9199902430498952,-0.6387083137964219,62.34177215189874,70.97618727693806,75.9788829938185
20220816,90581703,8887124262,99.0,100.0,97.1,97.1,-2.4,48744,101.32000000000001,99.9,96.555,100.00240674072944,99.04501635655532,98.37654208431567,0.6684742722396493,-0.3772717965892077,54.889589905362776,59.04159611565984,70.33312070109895
20220817,76747896,7602256154,98.0,100.0,98.0,98.3,1.2,41746,100.38,100.41,96.985,99.43493782715296,98.93039845554681,98.37087230029229,0.5595261552545168,-0.1899122062204628,60.194174757281544,46.90823388842729,62.52482509687506
20220818,43958094,4324854709,97.9,99.4,97.5,97.8,-0.5,23346,99.34,100.78999999999999,97.225,98.88995855143531,98.75649100084729,98.32858546323361,0.42790553761368244,-0.06634865745363375,54.121863799283155,34.07917346947783,53.042941221075985
20220819,36251396,3561921319,98.7,98.9,97.6,98.0,0.2,16663,98.14,100.67,97.41499999999999,98.59330570095688,98.6401077699477,98.30424579929038,0.3358619706573194,0.014093468168556878,52.5925925925926,25.910938341354033,43.99894026116866
20220822,71950388,6868968898,96.3,96.8,94.4,95.0,-3.0,39437,97.24,100.07000000000001,97.56,97.39553713397126,98.08009118995575,98.0594868511948,0.020604338760946916,0.015395642287034886,53.18352059925094,18.926851456219477,35.6415773261856
20220823,38968212,3715304448,94.6,96.1,94.5,95.1,0.1,19924,96.84,99.08000000000001,97.72999999999999,96.63035808931417,97.62161562227026,97.84026560295816,-0.21864998068789987,-0.031413482307952066,53.55805243445691,14.546275626460337,28.609810092943846
20220824,65786345,6160635399,95.1,95.7,92.1,92.1,-3.0,36848,95.6,97.98999999999998,97.635,95.12023872620945,96.77213629576714,97.41506074347977,-0.6429244477126304,-0.15371567538888775,46.712802768166085,9.697517084306892,22.305712423398194
20220825,40119432,3745767894,93.1,94.4,92.6,93.2,1.1,20086,94.67999999999999,97.00999999999999,97.69500000000001,94.4801591508063,96.22257686564912,97.10283402174053,-0.8802571560914174,-0.2990239715293937,37.903225806451616,9.828925762626636,18.14678353647434
20220826,32988686,3102761717,94.3,94.7,93.5,93.5,0.3,18187,93.78,95.96,97.595,94.15343943387087,95.80371888631848,96.83595742753754,-1.0322385412190584,-0.4456668854673267,33.90557939914163,12.459790170865034,16.251119081271238
20220829,86603885,7605031503,88.0,89.1,86.5,87.9,-5.6,49561,92.36,94.79999999999998,97.16,92.06895962258059,94.58776213457718,96.17403465512734,-1.5862725205501675,-0.6737880124838949,15.662650602409656,11.763316904033493,14.75518502219199
20220830,33749140,2974189589,88.1,88.8,87.6,88.0,0.1,18094,90.94000000000001,93.89,96.895,90.71263974838706,93.57426026771915,95.56855060659939,-1.9942903388802335,-0.9378884777631626,17.391304347826093,11.718180261603722,13.742850101995899
20220831,77769821,6789876100,87.2,89.0,85.5,88.3,0.3,37083,90.17999999999999,92.89,96.65,89.90842649892471,92.76283561114697,95.03013945055498,-2.267303839408015,-1.203771550092133,18.454935622317578,14.777294303755705,14.087664835915835
20220901,52224875,4539484217,87.2,87.8,86.2,86.2,-2.1,29397,88.78,91.72999999999999,96.26,88.67228433261648,91.75316859404744,94.37605504681017,-2.622886452762728,-1.4875945306262521,13.52459016393442,11.916426290999386,13.363918654277017
20220902,119093356,9803552154,86.0,86.0,79.7,79.7,-6.5,70027,86.02000000000001,89.9,95.285,85.681522888411,89.89883496419398,93.28893985815756,-3.3901048939635814,-1.868096603293718,12.5,7.94428419399959,11.55737383418454
20220905,69575938,5579900668,78.8,81.6,78.5,80.0,0.3,37991,84.44,88.4,94.235,83.78768192560733,88.37593727739491,92.30457394273849,-3.928636665343575,-2.2802046157036897,14.81481481481481,8.20316620685244,10.43930462507384
20220906,64268417,5199250082,81.5,82.3,80.2,80.8,0.8,36330,83.0,86.97,93.025,82.7917879504049,87.210408465488,91.45238328031341,-4.2419748148254115,-2.672558655528034,13.389121338912105,10.201287759300797,10.359965669816159
20220919,69441741,12325299084,185.5,186.0,169.0,169.0,,46381,99.14000000000001,94.66,96.325,111.52785863360326,99.79342254772061,97.19665118547537,2.596771362245235,-1.6186926519733802,81.89964157706095,34.8628740100765,18.52760178323627
20220920,45784406,7832480889,171.5,173.0,167.5,172.5,3.5,29971,116.4,102.59,99.8,131.85190575573552,110.97904984807128,102.77467702358831,8.204372824482974,0.34592044331789057,82.4194952132289,52.389202828423095,29.81480213163188
20220921,61264204,10380271278,172.0,173.5,166.5,166.5,-6.0,39214,133.76,109.89000000000001,102.925,143.4012705038237,119.52073448682955,107.49507131813732,12.025663168692233,2.6818689883927593,80.3223070398643,62.212956924375085,40.61418706254628
20220922,77458752,12343705425,163.5,164.5,154.0,156.0,-10.5,47322,148.95999999999998,116.7,105.75,147.60084700254913,125.13292918116346,111.08802899827529,14.04490018288817,4.954475227291842,73.73343725643025,65.50631236818803,48.91156216442686
20220923,54622405,8690092144,155.5,162.0,155.5,158.0,2.0,29978,164.4,123.7,108.795,151.06723133503277,130.18940161483062,114.56298981321787,15.626411801612747,7.088862542156023,75.88373919874313,68.32203770282302,55.38172067722557
20220926,81150599,12074004836,154.0,155.0,145.5,145.5,-12.5,42507,159.7,129.42000000000002,111.15500000000002,149.21148755668852,132.54487828947205,116.85462019742396,15.690258092048097,8.809141652134437,68.8536409516943,66.32321893366496,59.02888676270537
20220927,59566651,8984067281,149.5,155.0,147.5,153.5,8.0,32604,155.9,136.15,113.94000000000001,150.64099170445903,135.76874316801482,119.56909277539255,16.199650392622274,10.287243400232006,70.49180327868854,67.47129324259834,61.84302225600302
20220928,62152796,9120816457,152.0,152.5,143.5,144.0,-9.5,33302,151.4,142.57999999999998,116.24000000000001,148.42732780297268,137.03509037293563,121.37878960684495,15.65630076609068,11.361054873403742,68.6626746506986,65.08168131737179,62.92257527645927
20220929,48532708,7149893669,148.0,151.5,144.0,144.0,0.0,24500,149.0,148.98,118.69000000000001,146.95155186864847,138.10661493094554,123.05443482115273,15.052180109792815,12.099279920681557,68.64181091877496,43.77994440765962,56.54169832019272
20220930,55589747,7914172284,139.0,147.0,137.5,146.0,2.0,27132,146.6,155.5,121.23500000000001,146.6343679124323,139.32098186464623,124.75410631588215,14.566875548764074,12.592799046298062,68.99275839368005,37.056999975476785,50.04679887195407
20221003,68807955,10333283314,146.0,154.0,145.5,149.5,3.5,31306,147.4,153.55,124.10500000000002,147.5895786082882,140.88698465470065,126.58713547766867,14.299849177031987,12.934209072444848,70.64579256360078,35.81577776142896,45.303125168445696
20221004,50430274,7639565212,155.0,156.0,149.0,150.5,1.0,21898,146.8,151.35,126.97,148.55971907219214,142.365910092439,128.35845877561914,14.007451316819868,13.148857521319853,73.9512855209743,39.92656789033535,43.510939409075576
20221005,55645069,8636232429,152.0,158.5,151.5,155.5,5.0,29515,149.1,150.25,130.07,150.8731460481281,144.38653930898684,130.36894331075845,14.017595998228387,13.322605216701561,74.75409836065573,51.10750784525758,46.04312888780291
20221006,47863098,7308536348,154.5,156.0,150.0,155.5,0.0,22521,151.4,150.2,133.45,152.41543069875206,146.09630249221962,132.2305030655171,13.865799426702523,13.431244058701754,74.62096242584047,62.64310046826695,51.57645274795759
20221007,28713476,4465127604,153.5,157.5,152.5,155.5,0.0,14516,153.3,149.95,136.825,153.44362046583473,147.5430251857243,133.9541695051084,13.588855680615893,13.462766383084583,39.37007874015748,70.3334955502732,57.82880034872946
20221011,44325705,6878400962,153.5,158.0,153.0,156.0,0.5,20200,154.6,151.0,140.21,154.29574697722316,148.8440982340744,135.5871939862115,13.256904247862906,13.421593956040248,36.36363636363636,76.25407639859483,63.97055903201792
20221012,58867494,8796050717,155.5,156.0,147.0,147.0,-9.0,28819,153.9,150.35,143.25,151.86383131814878,148.56039081344758,136.4325870242699,12.127803789177676,13.162835922667734,34.64566929133858,65.91541601176164,64.61884469193248
20221013,34347020,5028144367,149.0,150.0,143.5,144.5,-2.5,18022,151.7,150.4,146.49,149.40922087876586,147.9357153036864,137.0301731706203,10.90554213306612,12.711377164747411,39.63963963963965,55.05472178561886,61.430803723161276
20221014,52345707,7904414707,149.5,154.0,146.5,152.5,8.0,25152,151.1,151.25,150.115,150.4394805858439,148.6379129492731,138.17608626909285,10.461826680180252,12.26146706783398,45.52845528455285,56.70314785707924,59.85491843446726
20221017,79770023,11174396498,149.0,149.0,137.5,140.0,-12.5,42154,148.0,150.65,153.075,146.95965372389594,147.30900326476956,138.31119098990078,8.997812274868778,11.60873610924094,45.52845528455285,41.77035253964012,53.82672980285821
20221018,49463773,7047042854,142.0,145.0,140.5,141.0,1.0,24279,145.0,149.8,151.675,144.9731024825973,146.33838737788193,138.51036202768591,7.828025350196015,10.852593957431957,38.53211009174312,33.40245724864897,47.01863895145513
20221019,47102292,6789975935,142.5,146.5,141.5,144.0,3.0,24806,144.4,149.15,150.25,144.64873498839822,145.9786354735924,138.91700187748697,7.061633596105423,10.09440188516665,50.0,32.83741052348956,42.29156280879994
20221020,63034550,8511501386,139.0,140.0,132.5,137.0,-7.0,29730,142.9,147.3,148.775,142.09915665893215,144.59730693919357,138.77500173841386,5.822305200779709,9.239982548289262,43.636363636363626,27.773959956836176,37.45236185814535
20221021,33630401,4605008671,136.0,138.5,135.5,135.5,-1.5,15625,139.5,145.3,147.75,139.89943777262144,143.19772125624073,138.53240901704987,4.665312239190854,8.325048486469582,40.366972477064216,22.43754193200843,32.44742188276638
20221024,43291729,6069725416,140.5,143.5,137.0,137.5,2.0,17749,139.0,143.5,146.725,139.09962518174763,142.3211487552806,138.4559342750462,3.865214480234414,7.4330816852225485,38.679245283018865,22.0505598695659,28.98180121169955
20221025,30602847,4245526933,138.5,140.5,136.0,139.0,1.5,14401,138.6,141.8,146.4,139.06641678783177,141.81020279292974,138.49623543985757,3.3139673530721723,6.6092588187924735,39.25233644859813,24.777892626222226,27.58049834987377
20221026,47602583,6493857123,138.0,139.5,133.5,139.0,0.0,21033,137.6,141.0,145.675,139.04427785855452,141.3778639017098,138.53355133320144,2.844312568508343,5.856269568735648,32.98969072164948,26.59611446399311,27.252370387913547
20221027,31866416,4467994615,140.5,142.5,137.0,142.5,3.5,16561,138.7,140.8,145.6,140.19618523903637,141.55050022452366,138.8273623455569,2.723137878966753,5.229643230781869,37.5,37.932763178015605,30.812501317947564
20221028,30536385,4236431352,140.0,141.5,136.0,137.5,-5.0,14092,139.1,139.3,145.275,139.29745682602424,140.9273463438277,138.72903920884897,2.1983071349787338,4.623376011621242,34.21052631578948,37.19327069010564,32.93942444200025
20221031,42218018,5709837116,135.5,137.5,132.0,137.5,0.0,19307,139.1,139.05,144.85,138.69830455068285,140.40006229093115,138.63799926745276,1.7620630234783903,4.051113413992672,33.6283185840708,37.4391919543233,34.43934694610793
20221101,28916372,3928542006,138.0,138.5,134.0,135.0,-2.5,13486,138.3,138.45,144.125,137.4655363671219,139.56928347694173,138.36851784023403,1.2007656367077004,3.4810438585356778,37.99999999999999,33.655113476795236,34.177935789670364
20221102,47154865,6537583197,138.0,141.5,136.0,137.0,2.0,18893,137.9,137.75,143.45,137.31035757808127,139.17400909587377,138.26714614836484,0.9068629475089267,2.9662076763303276,42.42424242424243,36.9294959410519,35.09512250679754
20221103,34172074,4582766093,132.0,136.0,131.5,135.0,-2.0,14084,136.4,137.55,142.425,136.5402383853875,138.53185385035474,138.02513532256003,0.5067185277947033,2.474309846623203,29.885057471264375,34.34188618292349,34.84404373217285
20221104,35176483,4829001979,133.5,139.0,133.0,139.0,4.0,15446,136.7,137.9,141.6,137.36015892359168,138.60387633491555,138.09734752088892,0.5065288140266375,2.08075364010389,48.57142857142856,45.62186351588838,38.43665032674469
20221107,52711164,7540764343,144.0,145.0,141.0,143.5,4.5,21978,137.9,138.5,141.0,139.4067726157278,139.35712612954393,138.49754400082307,0.8595821287208594,1.836519337827284,53.246753246753244,60.04420530688854,45.63916865345931
20221108,54518746,8079656233,146.5,152.0,144.0,147.5,4.0,27397,140.4,139.35,140.575,142.10451507715186,140.60987595576793,139.1643925933547,1.4454833624132277,1.7583121427444728,54.43037974683545,66.04573036719398,52.44135589137086
20221109,34568244,5129922231,149.0,150.0,147.0,148.5,1.0,15041,142.7,140.3,140.65,144.2363433847679,141.8237411933421,139.85591906792104,1.9678221254210655,1.8002141392797915,67.16417910447761,71.67276333422689,58.85182503898953
20221110,38989414,5871584372,147.0,152.5,146.5,151.0,2.5,18785,145.9,141.15,140.975,146.49089558984528,143.2354733174433,140.68140654437133,2.5540667730719804,1.9509846660382293,72.46376811594203,78.73422317519888,65.47929108439264
20221111,61181442,9367192006,158.0,159.0,149.5,150.0,-1.0,24637,148.1,142.4,140.85,147.66059705989687,144.27616973014435,141.37167272626974,2.90449700387461,2.1416871336055054,68.65671641791045,74.91372454104167,68.62410223660898
20221114,47424477,7310398557,150.5,156.0,149.5,155.5,5.5,21606,150.5,144.2,141.625,150.27373137326458,146.0029128485837,142.4182154872868,3.5846973612968895,2.430289179143782,72.0,79.0333921182702,72.09386553049605
20221115,31527322,4877319562,157.5,157.5,152.0,155.0,-0.5,16427,152.0,146.2,142.325,151.84915424884306,147.38708010264773,143.35019952526557,4.036880577382163,2.7516074587914585,71.05263157894737,81.17377656369528,75.12050254156244
20221116,29956220,4642820759,155.0,157.0,153.5,154.5,-0.5,13866,153.2,147.95,142.85,152.7327694992287,148.48137547147115,144.1761106715422,4.305264799928949,3.0623389270189567,67.14285714285714,81.67995360656607,77.30698622989698
20221117,20376405,3155766222,155.0,157.0,153.5,154.0,-0.5,9194,153.8,149.85,143.7,153.1551796661525,149.33039462970635,144.90380617735389,4.426588452352462,3.335188832085658,77.04918032786885,78.52737647845146,77.71378297941513
20221118,21248161,3241330440,154.5,155.0,150.0,150.5,-3.5,11544,153.9,151.0,144.45,152.270119777435,149.51033391744383,145.31833905310546,4.191994864338369,3.5065500385362007,69.11764705882354,66.79602876341208,74.07453157408078
20221121,21699445,3219256308,150.0,150.0,147.0,147.5,-3.0,11186,152.3,151.4,144.95,150.68007985162336,149.2010517762986,145.47994356769024,3.7211082086083707,3.5494616725506347,68.1159420289855,47.197352508941385,65.11547188570097
20221122,16273370,2436487629,147.0,151.0,146.5,150.5,3.0,8805,151.4,151.7,145.525,150.6200532344156,149.40088996456038,145.8517995997132,3.5490903648471885,3.549387411009946,69.01408450704226,42.131568339294255,57.454170703565396
20221123,22018104,3377719928,152.0,154.5,151.5,153.5,3.0,12156,151.2,152.2,146.25,151.5800354896104,150.03152227770494,146.4183329626974,3.6131893150075314,3.5621477918094633,75.34246575342465,46.75437889286283,53.887573433331205
20221124,40870941,6413143669,155.0,162.0,152.5,161.0,7.5,24040,152.6,153.2,147.175,154.72002365974026,151.71898038882725,147.49845644694204,4.2205239418852045,3.6938230218246115,77.5,62.35238162749995,56.70917616472078
20221125,40026500,6498750034,161.0,165.0,159.5,160.5,-0.5,20472,154.6,154.25,148.325,156.64668243982686,153.06990648285384,148.46153374716855,4.608372735685293,3.876732964596748,73.61111111111111,66.79347964355853,60.07061065766669
20221128,30522749,4855923407,159.5,162.5,157.0,157.5,-3.0,15666,156.6,154.45,149.325,156.93112162655126,153.75145933164555,149.1310497658968,4.6204095657487585,4.02546828482715,64.28571428571428,64.34880624885884,61.49667585473073
20221129,20860917,3315108227,157.5,162.0,155.5,161.0,3.5,11624,158.7,155.05,150.625,158.28741441770086,154.8666194344693,150.01023126471924,4.856388169750062,4.191652261811733,66.66666666666666,69.02533029203201,64.00622733383115
20221130,21258387,3445170852,160.0,163.5,159.0,163.0,2.0,10003,160.6,155.9,151.925,159.85827627846726,156.11790875224324,150.97243635622152,5.145472396021717,4.3824162886537295,66.21621621621622,75.7466165910844,67.91969041958222
20221201,25862564,4243943567,165.5,167.0,161.5,162.0,-1.0,14144,160.8,156.7,153.275,160.57218418564486,157.02284586728274,151.78929292242734,5.233552944855404,4.552643619894065,66.21621621621622,75.7009964265766,70.51345908858035
20221202,19521790,3121450063,160.5,162.5,158.5,158.5,-3.5,11572,160.4,157.5,154.25,159.88145612376326,157.25010034923923,152.28638233558087,4.963718013658365,4.634858498646925,54.285714285714285,69.97952607300228,70.33548141672098
20221205,21028836,3363086585,158.0,161.5,158.0,159.0,0.5,9019,160.7,158.65,155.025,159.58763741584218,157.51931568012552,152.78368734776006,4.735628332365451,4.65501246539063,55.71428571428571,62.782049640066035,67.81767082450266
20221206,30422769,4720894867,158.0,160.0,152.5,152.5,-6.5,18178,159.0,158.85,155.275,157.22509161056146,156.7471132677985,152.7626734701482,3.9844397976503103,4.520897931842566,47.56097560975609,41.85469976004402,59.16334713634977
20221207,22974003,3488271583,151.0,154.5,149.5,151.5,-1.0,12696,156.7,158.65,155.425,155.31672774037432,155.93986507275258,152.66914210198908,3.270722970763501,4.2708629396267535,46.98795180722891,31.71265698288649,50.01311708519534
20221208,14186011,2137991956,150.5,152.0,148.5,151.0,-0.5,7876,154.5,157.65,155.425,153.87781849358288,155.17988583079065,152.54550194628618,2.634383884504473,3.9435671286022975,50.649350649350644,25.646275826428827,41.8908366656065
20221209,17720907,2719597985,151.5,155.0,151.0,154.5,3.5,8716,153.7,157.05,155.65,154.08521232905525,155.07528801066903,152.69027957989462,2.3850084307744055,3.631855389036719,58.97435897435897,27.908328028430027,37.23000045321434
20221212,13033266,2009641740,153.0,156.0,152.0,154.5,0.0,6720,152.8,156.75,155.6,154.22347488603685,154.9867821628738,152.82433294434688,2.162449218526916,3.337974154934759,55.55555555555556,29.41636282976416,34.625454578730945
20221213,24119390,3757431785,156.5,158.0,153.5,155.0,0.5,10394,153.3,156.15,155.6,154.48231659069125,154.98881567627782,152.98549346698786,2.003322209289962,3.0710437658057996,52.23880597014925,31.322620264887817,33.5245098074499
20221214,22628304,3449384126,155.0,155.5,151.0,152.0,-3.0,11568,153.4,155.05,155.475,153.6548777271275,154.5289978799274,152.9124939509147,1.6165039290127083,2.7801357984471817,34.48275862068965,29.215080176591876,32.08803326383055
20221215,21824210,3387084275,152.5,157.0,152.5,157.0,5.0,11336,154.6,154.55,155.625,154.76991848475168,154.90915205224627,153.21527217677286,1.6938798754734137,2.5628846138524284,44.77611940298508,41.27159191259971,35.14921948008694
20221216,81992411,13383964949,154.5,170.0,154.0,164.0,7.0,43315,156.5,155.1,156.3,157.8466123231678,156.3077440442084,154.01414090441932,2.29360313978907,2.5090283190397566,58.66666666666666,51.54540236033779,40.61461377350389
20221219,44109385,7220010628,164.5,167.5,160.0,162.0,-2.0,21953,158.0,155.4,157.025,159.23107488211187,157.1834757297148,154.60568602261048,2.5777897071043014,2.522780596652666,51.388888888888886,55.29383413169806,45.50768722623528
20221220,38323191,6200769055,162.0,166.0,158.0,158.5,-3.5,18905,158.7,156.0,157.425,158.98738325474125,157.38601792514328,154.89415372463932,2.4918642005039544,2.516597317422924,43.99999999999999,52.366432056790956,47.79393550308717
20221221,38375798,6270470478,161.0,165.5,160.0,164.0,5.5,18825,161.1,157.25,157.95,160.65825550316083,158.4035536289674,155.56866085614752,2.8348927728198703,2.580256408502313,52.38095238095237,57.71797224838694,51.10194775152043
20221222,61553722,10407570078,167.0,172.0,165.5,171.5,7.5,34684,164.0,159.3,158.475,164.27217033544056,160.41839153220317,156.74876005198843,3.669631480214747,2.7981314228448,64.13043478260869,71.01833070527383,57.74074206943823
20221223,36971633,6181559888,169.0,170.5,165.5,167.5,-4.0,18726,164.7,160.6,158.825,165.34811355696039,161.50786975801807,157.54514819628557,3.962721561732508,3.031049450622342,58.585858585858595,73.53602999399207,63.005838044289504
20221226,23872223,3925287888,168.5,168.5,162.5,162.5,-5.0,13354,164.8,161.4,159.075,164.39874237130692,161.66050517986145,157.91217425581996,3.7483309240414826,3.1745057453061705,60.416666666666664,67.27798824996296,64.42988811284732
20221227,19205543,3158165273,164.0,167.0,162.0,162.5,0.0,9878,165.6,162.15,159.15,163.76582824753797,161.78965822911354,158.2520131998333,3.5376450292802417,3.247133602100985,61.70212765957447,61.94600926065906,63.60192849545123
20221228,20354928,3269011174,162.0,164.0,159.0,159.0,-3.5,11722,164.6,162.85,158.95,162.177218831692,161.36048004001916,158.30741962947528,3.0530604105438783,3.208318963789564,58.00000000000001,50.5565987663653,59.253485252422585
20221229,17412045,2778410802,159.0,161.0,157.5,160.0,1.0,8430,162.3,163.15,158.85,161.451479221128,161.15117541847775,158.43279595321786,2.7183794652598863,3.1103310640836286,55.78947368421053,39.451525614358474,52.65283203973454
20221230,21903285,3567271168,161.5,164.5,161.5,163.0,3.0,9827,161.4,163.05,159.075,161.96765281408534,161.43560996948116,158.77110736409062,2.6645026053905383,3.0211653723450107,58.41584158415842,38.94469523715852,48.08345310554253
20230103,23686531,3820730738,163.0,164.0,160.0,160.0,-3.0,10658,160.9,162.85,159.125,161.31176854272357,161.2147468972533,158.86213644823206,2.3526104490212276,2.887454387680254,54.716981132075475,31.710256594887287,42.62572093532412
20230104,25397174,4015210766,161.0,161.5,156.0,156.0,-4.0,14138,159.6,162.6,159.3,159.5411790284824,160.4124781438297,158.6501263409556,1.7623518028740932,2.6624338707190223,53.70370370370371,21.14017106325819,35.46387097796881
20230105,20465675,3238706218,158.0,160.5,156.5,156.5,0.5,10681,159.1,161.85,159.55,158.52745268565494,159.81055842939435,158.49085772310704,1.319700706287307,2.393887237832679,49.494949494949495,15.242872662861782,28.723538206266465
20230106,12142062,1920032026,158.0,159.5,156.0,159.0,2.5,6600,158.9,160.6,159.95,158.6849684571033,159.68585713256445,158.52857196583986,1.1572851667245914,2.1465668236110615,44.444444444444436,18.16191510857452,25.202997173702478
20230109,33194560,5174135128,158.0,158.5,154.5,155.0,-4.0,17332,157.3,159.35,159.975,157.4566456380689,158.96495603524684,158.26719626466652,0.6977597705803191,1.8568054130049132,42.5531914893617,13.441276739049679,21.28242369548488
20230110,12602221,1966171463,155.5,157.5,155.0,155.5,0.5,7278,156.4,158.65,160.025,156.80443042537928,158.4318858759781,158.06221876358012,0.3696671123979911,1.5593777528835289,46.59090909090909,12.294184492699785,18.28634396122318
20230111,19448131,3069131709,157.0,160.0,156.5,156.5,1.0,9917,156.5,158.05,160.1,156.70295361691953,158.13467266428916,157.94649885516677,0.18817380912238946,1.285136964131301,40.50632911392405,14.862789661799855,17.14515919474874
20230112,22161914,3415594076,157.5,158.0,152.5,152.5,-4.0,15210,155.7,157.4,160.125,155.30196907794635,157.26779994670622,157.54305449552479,-0.27525454881856604,0.9730586615413277,23.611111111111114,9.908526441199903,14.732948276899126
20230113,13672185,2093665496,154.0,154.5,152.5,152.5,0.0,7778,154.4,156.65,159.9,154.3679793852976,156.53429226259757,157.16949490326368,-0.6352026406661082,0.6514064010998406,26.5625,6.605684294133269,12.023860282643838
20230116,17171904,2589106968,153.0,153.5,149.5,151.5,-1.0,11077,153.7,155.5,159.275,153.41198625686508,155.7597857606595,156.74953231783675,-0.9897465571772557,0.32317580944442137,30.35714285714286,9.959345084977734,11.33568855008847
20230117,17230114,2641628626,153.5,155.5,152.0,152.5,1.0,8690,153.1,154.75,158.8,153.10799083791005,155.25828025901959,156.43475214614514,-1.1764718871255582,0.023246270130425472,32.758620689655174,15.730472480894246,12.800616527023728
20230130,21048516,3180772754,153.0,153.5,150.0,150.5,-2.0,13122,151.9,154.2,158.4,152.2386605586067,154.52623714224734,155.9951408760603,-1.4689037338129651,-0.27518373065825263,34.54545454545455,13.661584828532671,13.087605960860042
20230131,13805204,2097733393,152.0,153.5,151.0,152.0,1.5,6832,151.8,153.75,157.8,152.15910703907116,154.1375852742093,155.69920451487064,-1.5616192406613436,-0.5324708326588709,35.71428571428572,17.044231155529715,14.406481025749931
20230201,14304390,2178096411,152.5,153.5,151.0,152.0,0.0,7645,151.7,153.05,156.825,152.1060713593808,153.80872600125403,155.42518936562098,-1.6164633643669504,-0.7492693390004868,28.0,19.299328706861075,16.037430252786976
20230202,26593417,4123991901,154.0,156.0,154.0,156.0,4.0,12570,152.6,153.15,156.25,153.40404757292055,154.14584507798418,155.46776793113054,-1.3219228531463614,-0.8638000418296617,42.30769230769231,33.50113977282801,21.85866675946732
20230203,34158216,5404464563,158.5,160.0,156.0,157.0,1.0,18283,153.5,153.3,155.975,154.60269838194705,154.58494583521738,155.58126660289864,-0.9963207676812544,-0.8903041869999804,52.17391304347826,46.14361699140915,29.953650170114592
20230206,28148209,4281202909,156.0,156.5,150.5,151.0,-6.0,18621,153.6,152.75,155.4,153.40179892129805,154.0334157067224,155.24191352120243,-1.2084978144800402,-0.9539429124959924,40.35087719298246,35.524316089510855,31.810538809913346
20230207,13555338,2048753412,152.0,152.0,150.5,151.0,0.0,5920,153.4,152.6,155.0,152.6011992808654,153.56673636722664,154.92769770481706,-1.3609613375904246,-1.035346597514879,34.61538461538463,28.444782154911998,30.688619924912892
20230208,8844276,1339469739,152.0,152.0,151.0,151.5,0.5,5664,153.3,152.5,154.575,152.23413285391027,153.24877692611486,154.6737941711269,-1.425017245012043,-1.113280727014312,42.22222222222222,23.963188103274664,28.446809317700147
20230209,12167793,1833146537,151.5,152.0,150.0,150.0,-1.5,8408,152.1,152.35,153.925,151.48942190260686,152.74896509132796,154.32758719548787,-1.578622104159905,-1.2063490024434305,38.29787234042553,15.975458735516442,24.289692456972244
20230210,25544250,3775384321,151.0,151.5,146.5,147.0,-3.0,18159,150.1,151.8,153.275,149.99294793507124,151.86450892343134,153.78480295878506,-1.9202940353537201,-1.3491380090254885,31.372549019607845,11.884873724912195,20.154752879618894
20230213,21108147,3031259383,146.0,146.5,142.5,143.5,-3.5,14920,148.6,151.1,152.65,147.82863195671416,150.5776613967496,153.02296570257877,-2.4453043058291826,-1.5683712683862274,32.0,9.828011054703367,16.712505604647053
20230214,24638100,3629648156,145.5,149.0,145.0,149.0,5.5,13355,148.2,150.8,152.275,148.21908797114278,150.3349442587881,152.7249682431285,-2.390023984340388,-1.7327018115770596,44.26229508196722,18.932959750754627,17.45265698668291
20230215,16442481,2423121353,149.0,149.0,146.0,146.5,-2.5,11413,147.2,150.25,151.65,147.64605864742853,149.74495283435917,152.26385948437823,-2.518906650019062,-1.8899427792654602,42.1875,20.24102078621737,18.382111586527728
20230216,10042209,1479702007,147.0,148.0,145.5,148.0,1.5,6358,146.8,149.45,151.3,147.7640390982857,149.47649855215008,151.94801804109096,-2.471519488940885,-2.006258121200545,43.07692307692308,26.58925195271634,21.11782504192393
20230217,10357721,1514125553,146.5,147.0,145.5,146.0,-2.0,7528,146.6,148.35,150.825,147.1760260655238,148.94165262105005,151.50742411212127,-2.5657714910712173,-2.1181607951746795,43.07692307692308,30.00686972286352,24.08083993557046
20230220,8951220,1312724748,146.0,147.5,145.0,147.0,1.0,5729,147.3,147.95,150.35,147.11735071034923,148.6429368331962,151.17354084455673,-2.5306040113605377,-2.200649438411851,42.1875,35.79405349945287,27.985244456864596
20230221,42687050,6486525128,148.5,155.0,147.0,155.0,8.0,22782,148.5,148.35,150.475,149.74490047356616,149.620946551166,151.45698226347844,-1.8360357123124231,-2.1277266931919656,53.75,57.19603566630191,37.72217486001037
20230222,35721736,5509512316,154.0,156.0,152.0,152.5,-2.5,17617,149.7,148.45,150.475,150.66326698237745,150.06387785098661,151.5342428365541,-1.4703649855674996,-1.9962543516670725,45.45454545454546,62.82204846889263,46.08879939630445
20230223,34603881,5423905167,153.5,158.5,153.5,158.0,5.5,19249,151.7,149.25,150.8,153.1088446549183,151.2848197200656,152.0131878116242,-0.7283680915585933,-1.7426770996453769,51.16279069767442,74.17303231259508,55.45021036840133
20230224,32485781,5103408774,158.5,159.5,155.5,157.0,-1.0,14349,153.9,150.25,151.025,154.4058964366122,152.1640782246709,152.38258130705944,-0.218503082388537,-1.437842296194009,57.89473684210526,77.03489510494845,62.6451052805837
20230301,21365944,3322713267,157.5,158.0,154.0,156.0,-1.0,10850,155.7,151.5,151.3,154.93726429107483,152.75422003626,152.65053824727727,0.10368178898272618,-1.1295374791586619,56.41025641025641,76.64395305847137,67.31138787321292
20230302,34187903,5465813779,158.0,161.0,157.5,160.5,4.5,18067,156.8,152.65,151.725,156.79150952738323,153.94587849222,153.23197985859005,0.7138986336299524,-0.7608502566009391,60.46511627906977,83.38763537231424,72.67013703958003
20230303,37287917,5991249150,161.0,163.0,158.5,163.0,2.5,17555,158.9,154.3,152.275,158.86100635158883,155.3388202626477,153.9555369061019,1.3832833565457747,-0.33202353397159634,64.77272727272727,88.92509024820949,78.08845477578984
20230306,29710614,4856444465,164.5,165.0,161.5,164.5,1.5,15021,160.2,155.95,152.7,160.74067090105922,156.74823252993266,154.73660824639066,2.0116242835420053,0.13670602953112398,70.58823529411765,91.78339349880632,82.65343435012866
20230307,26356283,4302344993,163.5,166.0,162.0,166.0,1.5,12950,162.0,157.95,153.15,162.49378060070615,158.1715813714815,155.57093356147283,2.6006478100086667,0.6294943856266325,77.77777777777777,94.52226233253754,86.60971034426495
20230308,24913929,4047283715,164.0,164.5,161.0,161.0,-5.0,15199,163.0,159.35,153.65,161.9958537338041,158.60672269894587,155.97308663099335,2.633636067952523,1.0303227220918105,65.0,84.44341298359646,85.88761122404212
20230309,26516073,4337914904,161.5,165.0,161.0,164.5,3.5,13093,163.8,160.3,154.325,162.8305691558694,159.51338074526188,156.60470984351235,2.908670901749531,1.4059923580233546,71.95121951219512,85.6289419890643,85.80138814571617
20230310,88723390,14713119055,160.0,171.5,158.5,165.0,0.5,38637,164.2,161.55,155.0,163.5537127705796,160.3574760152216,157.22658318843736,3.1308928267842475,1.7509724517755334,71.25,78.03834227842381,83.21370618995205
20230313,48583289,8176537242,165.0,170.5,164.5,170.5,5.5,24746,165.4,162.8,156.025,165.86914184705307,161.91786432057214,158.2097992485531,3.708065072019025,2.142390975824232,78.16091954022988,83.45413294752063,83.29384844247491
20230314,63240575,10632052270,167.0,171.0,164.5,171.0,0.5,28114,166.4,164.2,157.225,167.5794278980354,163.31511596356103,159.15722152643806,4.1578944371229625,2.545491668083978,77.90697674418604,87.77894577453756,84.78888088649579
20230315,149338137,26041859892,176.5,179.5,166.5,167.0,-4.0,92990,167.6,165.3,158.4,167.38628526535695,163.88202119993625,159.73816808003525,4.143853119900996,2.865163958447382,65.38461538461539,72.01136067508853,80.52970748269337
20230316,80733816,13106469530,167.0,167.5,158.5,159.5,-7.5,52183,166.6,165.2,158.925,164.75752351023797,163.20786409225374,159.72052600003263,3.4873380922211084,2.9895987852021273,57.954545454545446,49.594875370693934,70.21809677869356
20230317,31071793,5007275080,161.0,162.0,160.0,162.0,2.5,18799,166.0,165.1,159.7,163.83834900682533,163.02203884729164,159.88937592595613,3.132662921335509,3.0182116124288036,54.8780487804878,38.61880580268485,59.68499978669065
20230320,31993229,5234066984,163.5,166.0,161.5,162.0,0.0,18620,164.3,164.85,160.4,163.22556600455022,162.86480210155446,160.0457184499594,2.819083651595065,2.978386020262056,56.25,31.301426090678785,50.2238085546867
20230321,18610182,3008418300,163.0,163.5,160.5,160.5,-1.5,12524,162.2,164.3,161.125,162.3170440030335,162.500986393623,160.07936893514758,2.421617458475424,2.8670323079047297,55.55555555555556,24.04222056838903,41.49661255925414
20230322,22160441,3561461286,161.5,162.5,160.0,161.5,1.0,11049,161.1,164.35,161.85,162.04469600202233,162.34698848691178,160.1846008658774,2.1623876210343838,2.7261033705306605,51.35135135135135,20.79005180749745,34.59442564200191
20230323,26825520,4265759108,159.5,160.5,157.5,159.5,-2.0,19159,161.1,163.85,162.075,161.19646400134823,161.90899025815614,160.13388969062723,1.7751005675289093,2.5359028099303105,45.205479452054796,16.890337568634664,28.693062950879494
20230324,15237051,2439069444,160.0,161.0,159.0,160.5,1.0,9168,160.8,163.4,162.475,160.96430933423215,161.69222252613213,160.161008972803,1.5312135533291382,2.334964958610076,44.444444444444436,15.805679591210987,24.397268497656658
20230327,25218943,4015297217,158.0,161.5,157.5,161.0,0.5,13641,160.6,162.45,162.625,160.97620622282145,161.58572675288104,160.22315645629905,1.3625702965819926,2.1404860262044596,42.857142857142854,15.840150030504294,21.544895675272535
20230328,13668099,2202198672,161.0,162.5,160.0,160.5,-0.5,8213,160.6,161.4,162.8,160.8174708152143,161.41869186782242,160.24366338546207,1.1750284823603465,1.947394517435637,49.18032786885246,20.560100020336193,21.21663045696042
20230329,10667291,1704294395,161.0,161.5,158.5,158.5,-2.0,8616,160.0,160.55,162.925,160.0449805434762,160.96966234969588,160.1145031346871,0.8551592150087686,1.7289474569502634,39.655172413793096,17.628301974341774,20.020520962754205
20230330,11498546,1825659801,160.0,160.5,158.0,158.0,-0.5,7221,159.7,160.4,162.8,159.3633203623175,160.51279121897343,159.95787327285845,0.5549179461149834,1.4941415547832075,37.93103448275862,13.712985629953339,17.918009185153913
20230331,9924945,1580842255,160.0,160.5,158.5,158.5,0.5,6868,159.3,160.05,162.575,159.07554690821166,160.20313103143906,159.8498826600541,0.35324837138495013,1.265962918103556,25.0,14.697545975524445,16.844521448610756
20230406,14591500,2321544640,160.0,161.0,158.0,158.0,-0.5,10634,158.7,159.65,162.25,158.71703127214113,159.86418779583306,159.7128543148649,0.15133348096816235,1.0430370306764774,22.91666666666667,13.131697317016297,15.606913404745935
20230407,25898959,4192657474,159.0,163.5,158.5,163.5,5.5,16690,159.3,159.95,162.125,160.31135418142742,160.42354351955106,159.9933836248749,0.4301598946761658,0.920461603476415,43.13725490196078,42.08779821134419,24.433875006945353
20230410,24118762,3973702023,165.5,166.5,162.0,163.5,0.0,14435,160.3,160.15,162.25,161.37423612095162,160.8968445165432,160.25313298599528,0.6437115305479324,0.8651115888907186,61.11111111111111,50.28075436311835,33.04950145900301
20230411,11018659,1815854136,164.5,166.0,164.0,164.5,1.0,8135,161.6,160.65,162.25,162.41615741396777,161.45117612938273,160.56771572777342,0.8834604016093124,0.8687813514344374,57.57575757575758,59.446428834671494,41.8484772508925
20230412,29396702,4895265070,166.0,167.5,164.5,166.5,2.0,14389,163.2,161.25,162.325,163.7774382759785,162.22791826332386,161.00714419238278,1.2207740709410757,0.9391798953357651,62.16216216216216,69.45551395995643,51.05082282058048
20230413,15182134,2524822001,166.5,167.5,164.5,166.5,0.0,8569,164.9,161.8,162.125,164.68495885065235,162.88516160742788,161.41402240035444,1.4711392070734348,1.045571757683299,67.64705882352942,76.12823737681306,59.409961005991335
20230414,42524743,7177789463,167.0,170.5,166.0,170.0,3.5,20238,166.2,162.75,162.075,166.45663923376824,163.97975212936205,162.05002074106892,1.9297313882931348,1.2224036838052663,71.7948717948718,82.7521582512087,67.19069342106378
20230417,39883772,6901118381,173.0,174.5,171.0,174.5,4.5,21960,168.4,164.35,162.45,169.13775948917885,165.5982518017679,162.97224142691567,2.6260103748522283,1.5031250220146588,84.0909090909091,88.50143883413912,74.29427522542223
20230418,35099767,6044739822,175.5,175.5,169.0,170.0,-4.5,20124,169.5,165.55,162.975,169.42517299278592,166.27544383226515,163.49281613603304,2.7826276962321117,1.7590255568581494,68.62745098039215,81.85810207990227,76.81555084358223
20230419,19651845,3318101773,170.5,171.0,167.5,168.0,-2.0,12297,169.8,166.5,163.275,168.95011532852396,166.54076016576283,163.826681607438,2.714078558324843,1.9500361571514884,62.96296296296296,73.19951903366032,75.61020690694158
20230420,19689594,3347548378,168.5,171.0,168.0,170.5,2.5,12110,170.6,167.75,163.7,169.46674355234933,167.14987398641472,164.32100148836852,2.828872498046195,2.12580342533043,67.24137931034483,69.7873336767612,73.66924916354812
20230421,20587972,3442877793,170.0,170.5,165.0,166.0,-4.5,15351,169.8,168.0,163.975,168.31116236823289,166.97297029619708,164.44537174848938,2.527598547707697,2.2061624498058836,61.904761904761905,52.32199056711615,66.5534962980708
20230424,11746802,1939534120,165.0,166.0,164.0,165.0,-1.0,7880,167.9,168.15,164.15,167.20744157882194,166.66943640447445,164.48645532267534,2.182981081799113,2.2015261762045295,60.93749999999999,37.77987776938178,56.96229012184112
20230425,17938027,2933452252,165.0,166.5,161.5,162.0,-3.0,13042,166.3,167.9,164.275,165.47162771921464,165.95106157301683,164.30227344692162,1.6487881260952122,2.0909785661826663,55.07246376811594,26.37706137006404,46.76721387124876
20230426,18577858,2977336635,161.0,162.0,159.5,160.0,-2.0,14433,164.7,167.25,164.25,163.64775181280976,165.03551363870656,163.98358652492743,1.0519271137791293,1.883168275701959,52.777777777777786,18.62637424670936,37.38693399640229
20230427,15994129,2548377639,159.0,160.5,158.5,159.0,-1.0,11897,162.4,166.5,164.15,162.09850120853986,164.10697307890555,163.6144319675254,0.4925411113801488,1.6050428428375971,42.857142857142854,13.397974988002318,29.39061432693563
20230428,16430177,2662529961,161.5,164.0,161.0,161.5,2.5,10539,161.5,165.65,164.2,161.89900080569325,163.70590029753546,163.45780737733833,0.2480929201971378,1.3336528583095053,47.05882352941176,14.814336266511349,24.531854973460867
20230502,46194614,7199769602,160.0,160.5,154.0,155.5,-6.0,32660,159.6,163.75,164.05,159.76600053712883,162.4434540979146,162.86834016420215,-0.42488606628754155,0.981945073390096,38.46153846153846,12.817400648262467,20.6270368650614
20230503,50104766,7572662799,154.0,154.5,149.5,150.0,-5.5,40248,157.2,161.75,163.65,156.51066702475256,160.52907654438928,161.91512978166867,-1.3860532372793841,0.5083454112562,30.588235294117638,9.320127563957923,16.858067098026908
20230504,20332362,3078123665,150.0,152.5,149.5,150.5,0.5,14427,155.3,160.0,163.25,154.50711134983504,158.98614169140632,161.06956461265617,-2.0834229212498485,-0.010008255245009689,31.395348837209312,7.800719963273536,13.83895138644245
20230505,10529406,1593796971,151.0,152.0,150.5,151.5,1.0,7946,153.8,158.1,162.925,153.50474089989004,157.8344275850361,160.36070797468165,-2.5262803896455353,-0.5132626821251148,27.160493827160494,9.12204860296667,12.266650458617189
20230508,12044261,1813951489,151.5,152.0,149.5,151.0,-0.5,9397,151.7,156.6,162.3,152.66982726659336,156.78297718733825,159.6673221987793,-2.8843450114410416,-0.9874791479883003,17.808219178082197,9.022542205899349,11.185281041044574
20230509,8746507,1321529327,151.0,152.0,150.5,151.0,0.0,6682,150.8,155.2,161.675,152.11321817772892,155.8932883892862,159.02529833220305,-3.132009942916852,-1.4163853069740107,20.3125,9.463303999335198,10.611288693808113
20230510,22578518,3481137532,151.5,155.5,151.5,155.0,4.0,14478,151.8,154.5,161.2,153.07547878515263,155.7558594063191,158.72712808537318,-2.971268679054077,-1.727361981390024,30.882352941176464,18.952547493809668,13.39170829380863
20230511,15983482,2429907329,153.5,154.5,151.0,151.0,-4.0,11689,151.9,153.6,160.425,152.3836525234351,155.02418872842387,158.1547482271974,-3.130559498773522,-2.008001484866724,22.535211267605646,16.083307524608742,14.288908037408666
20230512,7642797,1161890248,151.0,153.0,150.5,152.5,1.5,5230,152.1,152.95,159.725,152.42243501562342,154.63585200097404,157.73587798814572,-3.1000259871716764,-2.2264063853277145,29.23076923076924,19.813114107314917,16.130310060710748
20230515,21839337,3296002700,150.0,153.5,148.0,152.5,0.0,14435,152.4,152.05,158.85,152.44829001041563,154.30725938543958,157.348035174209,-3.040775788769423,-2.389280266016056,30.158730158730165,33.20874273820994,21.823120953210477
20230516,17627052,2666048544,152.5,153.0,150.5,151.0,-1.5,12116,152.4,151.6,157.675,151.96552667361044,153.79845024921812,156.8778103464898,-3.079360097271689,-2.5272962322671826,31.66666666666667,35.47249515880662,26.372912355075858
20230517,17484123,2647219456,152.0,152.5,150.5,151.0,0.0,12796,151.6,151.7,156.725,151.64368444907365,153.3679194416461,156.44241698749056,-3.0744975458444515,-2.6367364949826366,33.92857142857143,36.98166343920441,29.90916271645204
20230518,11834969,1793967200,151.5,152.5,151.0,151.0,0.0,8373,151.6,151.75,155.875,151.4291229660491,153.00362414293133,156.0392749884172,-3.0356508454858613,-2.7165193650832817,35.18518518518519,37.98777562613627,32.602033686346786
20230519,15427176,2327960531,151.0,152.0,150.0,150.5,-0.5,9649,151.2,151.65,154.875,151.11941531069942,152.61845119786497,155.6289583226085,-3.010507124743526,-2.775316917015331,28.0,36.43629486186862,33.88012074485406
20230522,21781092,3338447671,151.5,154.5,150.5,153.5,3.0,13716,151.4,151.9,154.25,151.9129435404663,152.75407409050112,155.471257706119,-2.71718361561787,-2.763690256735839,45.45454545454546,48.73530768569019,38.83184972513277
20230523,15944466,2427092779,153.5,153.5,151.0,151.5,-2.0,10249,151.5,151.95,153.575,151.7752956936442,152.56113961503942,155.1770904686287,-2.6159508535892826,-2.7341423761065275,54.054054054054056,50.43892307251141,42.700874174258985
20230524,8756098,1329460210,151.5,152.5,151.5,151.5,0.0,6598,151.6,151.6,153.05,151.68353046242947,152.3978873665718,154.90471339687844,-2.5068260303066268,-2.6886791069465477,52.777777777777786,51.57466666372555,45.658805004081174
20230525,19228838,2890778399,151.5,151.5,150.0,150.0,-1.5,15148,151.4,151.5,152.55,151.12235364161967,152.02898161786845,154.54140129340595,-2.512419675537501,-2.6534272206647387,45.945945945945944,44.63952136556062,45.319043791240986
20230526,23853788,3628090199,150.5,154.0,149.5,152.5,2.5,14721,151.8,151.5,152.225,151.5815690944131,152.10144598435022,154.3901863827833,-2.2887403984330774,-2.5804898562184064,53.65853658536585,49.759680910373746,46.79925616428524
20230529,28869265,4507758930,153.5,157.5,153.0,157.0,4.5,20595,152.5,151.95,152.0,153.38771272960875,152.85506967906556,154.58350590998452,-1.728436230918959,-2.410079131158517,62.0,64.42312060691583,52.6738776451621
20230530,20422894,3168143703,157.0,157.0,153.5,153.5,-3.5,12521,152.9,152.2,151.9,153.42514181973917,152.9542897284401,154.50324621294862,-1.5489564845085226,-2.237854601828518,46.93877551020408,59.61541373794388,54.987723009422695
20230531,25496225,3937143583,155.0,157.0,153.0,153.0,-0.5,13906,153.2,152.4,152.05,153.28342787982612,152.96132207791086,154.3918946416191,-1.430572563708239,-2.0763981942044625,54.76190476190476,54.32694249196258,54.76746283693599
20230601,17656245,2704365289,154.5,154.5,152.0,153.5,0.5,11209,153.9,152.65,152.2,153.35561858655075,153.04419560438612,154.32582837186953,-1.2816327674834156,-1.9174451088602533,52.5,52.88462832797505,54.13985133394901
20230602,20343566,3111865233,154.5,154.5,152.0,152.5,-1.0,14818,153.9,152.85,152.25,153.07041239103384,152.96047320371133,154.1905818258051,-1.2301086220937805,-1.7799778115069589,50.0,47.7564188853167,52.01204051773824
20230605,26532727,4009315911,152.5,153.0,150.0,151.0,-1.5,18340,152.7,152.6,152.25,152.3802749273559,152.65886194160188,153.95424243130103,-1.2953804896991414,-1.6830583471453955,50.0,38.08761259021113,47.370564541895874
20230606,23418829,3546976891,151.0,152.5,150.5,151.5,0.5,12217,152.3,152.6,152.275,152.08684995157063,152.48057548904774,153.7724466956491,-1.2918712066013711,-1.6048209190365907,51.16279069767442,33.72507506014075,42.822068047977496
20230607,16773676,2539309165,151.5,152.5,151.0,151.0,-0.5,10787,151.9,152.55,152.075,151.72456663438044,152.25279464457887,153.56708027374918,-1.314285629170314,-1.5467138610633355,50.0,28.733383373427166,38.125839823127386
20230608,36840399,5673290766,151.5,155.5,151.5,154.0,3.0,19824,152.0,152.95,152.225,152.4830444229203,152.5215954684898,153.5991484016196,-1.0775529331297946,-1.4528816754766274,57.14285714285714,36.93336669339589,37.728348779883554
20230609,16670766,2574529061,154.5,155.5,153.0,155.0,1.0,10694,152.5,153.2,152.35,153.3220296152802,152.90288847333753,153.7029151866848,-0.8000267133472789,-1.3223106830507578,53.33333333333333,48.43176827178773,41.296155277184944
20230612,21001086,3242645134,154.0,156.0,153.0,155.5,0.5,12527,153.4,153.05,152.5,154.04801974352014,153.30244409282406,153.83603258026372,-0.5335884874396584,-1.164566243928538,59.523809523809526,58.47832170500134,47.02354408645708
20230613,26561385,4155826672,156.0,158.0,154.5,157.0,1.5,16144,154.5,153.4,152.8,155.03201316234677,153.8712988477742,154.07040053728122,-0.19910168950701745,-0.971473333044234,62.22222222222223,68.1522144700009,54.06643421430502
20230614,43357213,6979271897,157.5,162.5,157.0,161.5,4.5,26745,156.6,154.25,153.325,157.18800877489787,155.04494517888585,154.62074123822336,0.424203940662494,-0.6923378783028884,72.54901960784314,76.10147631333393,61.41144824731465
20230615,28532383,4625371031,163.0,164.0,160.5,162.0,0.5,17088,158.2,155.1,153.875,158.7920058499319,156.1149536129034,155.16735299835497,0.9476006145484348,-0.3643501797326238,70.2127659574468,79.3057461136512,67.37621420276017
20230616,55442599,9148609376,163.0,166.5,162.0,166.0,4.0,24749,160.4,156.45,154.65,161.19467056662128,157.63572998014902,155.96977129477312,1.665958685375898,0.04171159328908058,69.56521739130434,85.16216407576746,73.30486416042926
20230619,37929972,6190054937,166.0,166.0,162.0,162.0,-4.0,21329,161.7,157.55,155.075,161.46311371108087,158.30715613704916,156.41645490256772,1.8907012344814405,0.4115095215275526,68.08510638297872,80.43069002900626,75.68013944995492
20230620,35112752,5723078628,163.0,164.5,162.0,162.5,0.5,14733,162.8,158.65,155.625,161.80874247405393,158.9522090390416,156.8670878727479,2.0851211662937033,0.7462318504807828,70.2127659574468,78.06490446378194,76.4750611212306
20230621,49752311,7926092871,162.5,162.5,158.0,158.0,-4.5,31127,162.1,159.35,155.95,160.5391616493693,158.80571534072752,156.95100728958138,1.8547080511461331,0.967927090613853,58.18181818181818,64.38894865486698,72.44635696577606
20230626,48598260,7750597058,159.0,160.5,158.0,160.0,2.0,19038,161.7,159.95,156.45,160.35944109957956,158.98945144215406,157.17685860146423,1.812592840689831,1.1368602406290487,63.15789473684211,60.209916387195264,68.36754343958245
20230627,40548901,6545790420,160.5,162.5,160.5,161.0,1.0,20203,160.7,160.55,156.875,160.57296073305304,159.29876660489958,157.46005426061504,1.838712344284545,1.277230661360148,67.85714285714286,58.19549981368573,64.9768622309502
20230628,49412842,7825742356,161.5,162.0,156.0,157.5,-3.5,30449,159.8,160.75,156.9,159.54864048870203,159.02203328106887,157.46301320427318,1.55902007679569,1.3335885444472566,59.67741935483871,43.55890463769524,57.83754303319854
20230629,116946504,18093538667,158.0,158.5,153.0,155.0,-2.5,59637,158.3,160.55,156.975,158.03242699246803,158.4032589301352,157.28056778173442,1.1226911484007758,1.2914090652379604,56.060606060606055,33.97754136340176,49.884209143266276
20230630,317803134,29495191574,91.9,93.5,89.5,93.5,,59071,145.4,153.75,154.0,136.5216179949787,148.41814217165285,152.55608127938373,-4.137939107730887,0.205539430644191,16.939890710382514,24.383295973869572,41.38390475346737
20230703,75242468,7608707274,98.8,102.5,98.5,102.5,9.0,35120,133.9,147.8,151.45,125.18107866331914,141.35381260678318,148.84822340683678,-7.4944108000536005,-1.3344506154953675,23.6180904522613,21.920018666675574,34.89594272453677
20230704,199849706,21467918308,108.0,112.0,104.0,105.5,3.0,107302,122.8,141.75,149.1,118.62071910887943,135.83784143650885,145.63724389521923,-9.799402458710375,-3.0274409841383694,25.490196078431367,21.724456888894828,30.505447445989457
20230705,77296346,8140026462,106.0,107.5,102.5,107.0,1.5,37589,112.7,136.25,146.9,114.74714607258629,131.40125044627672,142.77522582890668,-11.373975382629965,-4.696747863836689,25.490196078431367,22.473838839171894,27.828244577050267
20230706,41200553,4377751938,106.5,108.0,105.0,106.5,-0.5,20282,103.0,130.65,144.65,111.99809738172421,127.57028883915723,140.0881720638025,-12.51788322464526,-6.260974935998403,21.93877551020408,22.745116303740165,26.1338684859469
20230707,42265656,4541128508,107.0,108.5,106.0,108.0,1.5,22261,105.9,125.65,142.5,110.66539825448281,124.55947517159458,137.71127042944676,-13.151795257852172,-7.639139000369157,22.727272727272734,23.610899453634996,25.2928788085096
20230710,31533433,3320017884,107.5,107.5,104.0,104.5,-3.5,19870,106.3,120.1,140.025,108.61026550298854,121.47340206827234,135.25117632356182,-13.777774255289486,-8.866866051353224,18.78172588832487,22.637151359894595,24.40763632563793
20230711,33130160,3434518865,105.0,106.0,102.5,104.0,-0.5,17213,106.0,114.4,137.475,107.0735103353257,118.7851863654612,132.93627437366834,-14.15108800820714,-9.923710442724007,19.473684210526315,22.096265157804126,23.637179269693327
20230712,41367429,4175681586,103.0,103.0,100.0,100.5,-3.5,25961,104.7,108.7,134.725,104.88234022355047,115.97208077077487,130.53358738302623,-14.561506612251364,-10.851269676629478,18.367346938775512,31.027139734832378,26.100499424739674
20230713,63238660,6154525600,100.0,100.5,95.5,95.9,-4.6,49253,102.58,102.79,131.67,101.88822681570032,112.88406834450181,127.96813646576503,-15.084068121263215,-11.697829365556226,18.34862385321101,21.492840631302403,24.564613160260585
20230714,37563916,3666651702,97.5,99.4,96.2,96.5,0.6,25131,100.28,103.09,128.42,100.09215121046688,110.36344244534769,125.63716339422687,-15.273720948879188,-12.413007682220819,17.1664943123061,16.34876244107029,21.825996253863817
20230717,26842406,2641036204,98.4,99.5,97.3,98.4,1.9,16216,99.06,102.68000000000002,125.23999999999998,99.52810080697793,108.52291283837113,123.61959573539525,-15.096682897024124,-12.94974272518148,17.93032786885246,18.335072396610975,20.66235496811287
20230718,36893074,3668793513,99.2,101.5,97.9,98.6,0.2,22512,97.97999999999999,101.99000000000001,121.86999999999998,99.21873387131862,106.9963108632371,121.76629234758819,-14.769981484351092,-13.313790477015402,18.769883351007408,20.172099546458583,20.498936494228104
20230719,40674221,4020108385,99.9,101.0,97.3,98.1,-0.5,25036,97.5,101.1,118.675,98.84582258087909,105.62764765350832,120.01323365517425,-14.385586001665928,-13.528149581945508,19.17659804983748,20.114733030972374,20.37086867314286
20230720,30044542,3008750058,98.1,101.0,98.1,101.0,2.9,17284,98.52000000000001,100.55,115.6,99.56388172058607,104.91570186066089,118.6048459770132,-13.68914411635231,-13.560348488826868,61.12759643916914,28.687599798426024,23.14311238157058
20230721,31109058,3144528869,100.5,103.0,99.9,101.0,0.0,15698,99.42,99.85,112.75,100.04258781372405,104.31328618978998,117.30078331204926,-12.987497122259285,-13.445778215513352,46.96356275303644,36.58538399260148,27.623869585247547
20230724,25818178,2567282791,100.5,100.5,98.8,99.3,-1.7,15866,99.6,99.33000000000001,109.71499999999999,99.7950585424827,103.54201139136075,115.96739195560117,-12.425380564240427,-13.241698685258768,36.752136752136735,41.279144883956526,32.17562801815054
20230725,15115777,1509934570,100.0,100.5,99.2,99.7,0.4,10152,99.82,98.9,106.65,99.76337236165514,102.95093271576678,114.76239995888997,-11.81146724312319,-12.955652396831653,33.6322869955157,46.18609658930436,36.84578420853515
20230726,35276750,3607860112,100.5,103.5,100.0,102.0,2.3,19817,100.6,99.05,103.875,100.5089149077701,102.80463537487958,113.8170369989722,-11.012401624092618,-12.567002242283847,40.663900414937764,57.27474932437642,43.655439247148905
20230727,20789073,2141261456,103.0,104.0,102.0,103.0,1.0,12143,101.0,99.75999999999999,101.275,101.33927660518007,102.83469147105195,113.01577499904833,-10.181083527996378,-12.089818499426354,39.406779661016955,66.54137517147483,51.28408455525754
20230728,48869681,5207559198,104.0,108.0,104.0,107.5,4.5,27662,102.3,100.85999999999999,101.975,103.39285107012006,103.55243124473627,112.6071990731929,-9.054767828456633,-11.48280836523241,56.09756097560975,76.13661771556265,59.568262275359245
20230731,43186619,4568891121,110.0,110.0,103.0,104.0,-3.5,24122,103.24000000000001,101.42,102.05,103.59523404674671,103.6212879763153,111.96962877147492,-8.348340795159615,-10.855914851217852,50.0,68.34304698097878,62.49319051056575
20230801,17114607,1792660265,104.5,106.0,103.5,105.5,1.5,9500,104.4,102.10999999999999,102.05,104.23015603116448,103.91032059534372,111.49039701062492,-7.580076415281198,-10.200747164030522,59.76562500000001,66.29032263717914,63.75890121943688
20230802,18367322,1919642221,105.5,105.5,103.5,105.0,-0.5,9635,105.0,102.8,101.95,104.486770687443,104.07796358067546,111.00962686168974,-6.931663281014281,-9.546930387427274,71.16279069767441,62.64592937716705,63.38791060534693
20230804,34157351,3679290263,106.0,109.0,105.5,109.0,4.0,19857,106.2,103.6,102.075,105.99118045829533,104.83519995287924,110.86076561267568,-6.025565659796442,-8.842657441901109,75.10040160642569,72.12109577525422,66.29897232864936
20230807,33210652,3501271724,107.0,107.0,104.0,106.5,-2.5,17698,106.0,104.15,102.0,106.1607869721969,105.09132303705167,110.53774593766266,-5.446422900610997,-8.163410533643086,65.88235294117646,70.611594714367,67.73651312388857
20230808,19980775,2143428013,106.5,108.0,106.0,107.5,1.0,9663,106.7,104.97,102.15,106.60719131479794,105.4618887236591,110.31272772005802,-4.85083899639892,-7.500896226194254,66.92015209125475,72.07439647624466,69.1824742413406
20230809,16093008,1723446161,107.5,109.0,106.0,106.5,-1.0,8679,106.9,105.65,102.275,106.57146087653197,105.62159815078847,110.03030344449817,-4.408705293709701,-6.882458039697344,65.67164179104478,66.79959765082977,68.38818204450365
20230810,14296501,1521192031,106.5,108.0,105.0,107.0,0.5,8520,107.3,106.15,102.6,106.71430725102132,105.83365997374409,109.80583652268349,-3.9721765489394016,-6.300401741545755,62.29508196721311,63.58068414817222,66.7856827457265
20230811,15878327,1697991635,107.0,108.0,105.0,108.0,1.0,8279,107.1,106.65,103.205,107.1428715006809,106.16694305470654,109.67207085433657,-3.5051277996300314,-5.741346953162611,63.77952755905511,66.19664657497195,66.58933735547498
20230814,21862988,2333146392,108.0,108.5,105.5,106.5,-1.5,11249,107.1,106.55,103.705,106.92858100045395,106.21818258475169,109.43710264290424,-3.2189200581525483,-5.236861574160599,64.28571428571428,62.312915898466144,65.16386353647204
20230815,10861209,1155525097,106.5,107.5,105.5,106.0,-0.5,6380,106.8,106.75,104.085,106.61905400030264,106.18461603325143,109.18250244713356,-2.997886413882128,-4.789066542104905,62.45059288537549,56.69345908382591,62.34039538558999
20230816,25488868,2662756194,105.0,106.0,103.0,104.0,-2.0,14734,106.3,106.6,104.35499999999999,105.74603600020177,105.84852125890505,108.79861337697551,-2.950092118070458,-4.421271657298016,54.0,43.35119494477283,56.010661905317605
20230817,23196607,2424927384,103.5,106.5,102.5,106.0,2.0,10848,106.1,106.7,104.75,105.83069066680119,105.87182568061196,108.59130868238474,-2.7194830017727725,-4.0809139261929674,55.769230769230774,46.8495145785665,52.9569461297339
20230818,54057259,5861029338,106.0,110.5,105.5,107.0,1.0,26251,105.9,106.5,105.05,106.22046044453413,106.04539096051782,108.47343396517105,-2.428043004653233,-3.750339741885021,48.88888888888889,49.98300971904433,51.965633992837375
20230821,18111009,1913308183,107.5,107.5,105.0,105.0,-2.0,9669,105.6,106.35,105.25,105.8136402963561,105.88456158197661,108.21614256034357,-2.331580978366958,-3.4665879891814084,52.38095238095237,43.73867314602955,49.22331371056809
20230822,9999729,1064094661,106.5,107.0,105.5,106.5,1.5,6113,105.7,106.25,105.61000000000001,106.04242686423741,105.97924441551868,108.089020889207,-2.1097764736883278,-3.1952256860827926,52.38095238095237,45.82578209735303,48.09080317282973
20230823,8741220,932130662,107.0,108.0,106.0,106.5,0.0,5511,106.2,106.25,105.95,106.19495124282496,106.05936065928503,107.97131563815464,-1.911954978869602,-2.938571544640155,53.65853658536585,47.21718806490202,47.799598136853824
20230824,9394277,996928783,106.0,107.0,105.5,106.0,-0.5,5453,106.2,106.15,106.15,106.12996749521665,106.05022825016427,107.82529225755059,-1.7750640073863195,-2.705870037189388,41.17647058823529,46.061458709934676,47.22021832788077
20230825,9401318,998278661,105.5,107.0,105.5,105.5,-0.5,5439,105.9,105.9,106.275,105.91997833014443,105.96557775013899,107.65304838662091,-1.687470636481919,-2.5021901570478944,46.666666666666664,43.20763913995645,45.882691931905995
20230828,10223033,1070996672,106.0,106.0,104.0,105.0,-0.5,6358,105.9,105.75,106.15,105.61331888676297,105.81702732704068,107.45652628390825,-1.6394989568675697,-2.3296519170118297,41.379310344827594,39.22175942663763,43.66238109681654
20230829,6845743,716643899,105.5,106.0,104.5,105.5,0.5,3783,105.7,105.7,106.225,105.57554592450865,105.76825389211135,107.31159841102615,-1.5433445189148074,-2.1723904373924254,46.42857142857143,38.64783961775842,41.99086727046383
20230830,6762977,709345008,106.0,106.5,105.5,105.5,0.0,4223,105.5,105.85,106.225,105.55036394967243,105.72698406255576,107.17740593613533,-1.4504218735795718,-2.0279967246298547,44.444444444444436,33.45753410414664,39.14642288169143
20230831,8387983,884747087,106.0,106.5,105.5,106.5,1.0,3978,105.6,105.9,106.3,105.86690929978163,105.84590959139334,107.12722771864382,-1.2813181272504863,-1.8786610051539812,44.444444444444436,43.13835606943109,40.47706727760465
20230901,10074966,1055369838,106.0,106.5,105.0,105.5,-1.0,5504,105.6,105.75,106.125,105.74460619985442,105.79269273117897,107.00669233207762,-1.2139996008986458,-1.7457287243029143,46.15384615384615,41.25890404628739,40.73767953383222
20230904,14825991,1574103135,106.0,107.5,105.5,107.5,2.0,7916,106.1,106.0,106.175,106.32973746656961,106.05535538792067,107.04323364081262,-0.9878782528919459,-1.5941586300207207,55.17241379310345,56.67260269752492,46.049320588396455
20230905,11867684,1279124743,107.5,108.5,107.0,108.5,1.0,7075,106.7,106.2,106.225,107.05315831104642,106.4314545590098,107.15114226001168,-0.7196877010018881,-1.4192644442169542,66.66666666666666,71.1150684650166,54.40456988060317
20230906,8973462,965044930,109.0,109.0,107.0,107.0,-1.5,4946,107.0,106.25,106.25,107.03543887403094,106.51892308839291,107.13994653704785,-0.6210234486549382,-1.259616245104551,53.846153846153854,67.4100456433444,58.73972846818358
20230907,6314915,674918877,107.5,107.5,106.0,107.0,0.0,3708,107.1,106.35,106.25,107.02362591602063,106.59293492094785,107.12958012689616,-0.5366452059483038,-1.1150220372733015,50.0,64.94003042889626,60.80649578842113
20230908,8142152,870788376,107.0,108.0,106.0,107.0,0.0,4244,107.4,106.5,106.2,107.01575061068043,106.6555603177251,107.11998159897793,-0.4644212812528252,-0.9849018860692064,60.0,61.81187213778269,61.141621238208316
20230911,11920412,1263265261,106.5,107.0,105.0,106.5,-0.5,6615,107.2,106.65,106.2,106.84383374045363,106.631627961152,107.07405703609068,-0.4424290749386728,-0.8764073238430997,50.0,53.707914758521795,58.6637190783128
20230912,6514221,691522551,106.5,106.5,105.5,106.5,0.0,3827,106.8,106.75,106.225,106.72922249363576,106.61137750559016,107.03153429267655,-0.42015678708639825,-0.7851572164917595,50.0,48.30527650568119,55.21090488743559
20230913,7252074,770754251,106.5,107.0,106.0,106.5,0.0,3665,106.7,106.85,106.35,106.65281499575718,106.59424250473013,106.99216138210792,-0.39791887737779064,-0.7077095486689657,52.94117647058823,44.703517670454126,51.708442481775094
20230914,26166515,2840503456,107.0,109.5,106.5,109.5,3.0,14420,107.2,107.15,106.525,107.60187666383813,107.04128211938703,107.17792720565548,-0.13664508626844452,-0.5934966561888615,68.18181818181819,63.13567844696941,55.51752113683986
20230915,88372619,10266912553,109.5,120.0,109.5,118.5,9.0,45228,109.5,108.45,107.1,111.23458444255876,108.8041617933275,108.01659926449581,0.7875625288316854,-0.3172848191847521,84.61538461538461,72.0904522979796,61.04183152388644
20230918,43131806,5084043182,117.0,120.5,115.5,117.0,-1.5,21677,111.6,109.4,107.7,113.15638962837251,110.06505997896942,108.68203635601463,1.3830236229547808,0.02277686924315445,78.04878048780488,73.86675314488963,65.31680539755416
20230919,26083286,3019148074,117.5,117.5,114.0,116.0,-1.0,14091,113.5,110.15,108.175,114.10425975224834,110.97812767451258,109.22410773705059,1.7540199374619903,0.3690254828869216,74.4186046511628,72.9004160750877,67.84467562339867
20230920,30420594,3579674394,116.0,120.0,116.0,117.5,1.5,14999,115.7,111.2,108.725,115.23617316816556,111.98149264766448,109.83713679356536,2.1443558540991177,0.7240915571293609,75.0,75.48199781349932,70.39044968676555
20230921,18097437,2096939396,117.0,118.0,114.5,115.5,-2.0,10505,116.9,112.05,109.2,115.32411544544372,112.52280147110072,110.25660814219015,2.2661933289105747,1.0325119114856036,71.73913043478261,72.90197703695654,71.22762547016254
20230922,14980342,1718737194,114.5,116.0,114.0,114.5,-1.0,8422,116.1,112.8,109.65,115.04941029696249,112.82698586016215,110.57093346499087,2.256052395171281,1.2772200082227392,65.9090909090909,68.60131802463769,70.35218965498758
20230925,9363496,1079980176,114.5,116.5,114.0,116.0,1.5,5498,115.9,113.75,110.2,115.36627353130834,113.31514188167567,110.97308654165822,2.3420553400174526,1.4901870745816819,66.66666666666666,68.72271776355157,69.80903235784224
20230926,10989177,1271763771,115.5,117.0,114.5,115.5,-0.5,5758,115.8,114.65,110.7,115.41084902087223,113.65127389987941,111.30841346449836,2.3428604353810556,1.6607217467415567,69.76744186046511,67.24371660427248,68.95392710665232
20230927,12945749,1495675073,115.0,117.0,114.5,116.0,0.5,6102,115.5,115.6,111.225,115.60723268058149,114.01261637682104,111.65593839305403,2.356677983767014,1.7999129941466483,70.45454545454545,64.52611409981802,67.47798943770755
20230928,8753349,1015622247,116.0,116.5,115.5,116.0,0.0,4563,115.6,116.25,111.7,115.73815512038766,114.31836770346396,111.97772073430929,2.340646969154676,1.908059789148254,70.45454545454545,53.27381965628893,62.74326617723467
20231002,22406965,2544473771,116.0,116.5,112.0,113.5,-2.5,13586,115.4,115.75,112.1,114.99210341359178,114.19246497985412,112.09048216139749,2.1019828184566336,1.9468443950099301,64.58333333333334,41.765879770859286,55.750804041776206
20231003,16352307,1825732435,113.0,114.0,110.0,110.5,-3.0,11268,114.3,115.1,112.25,113.4947356090612,113.62439344449194,111.97266866796063,1.6517247765313101,1.8878204713142062,57.40740740740741,29.51058651390619,47.00406486581953
20231004,12630524,1385014914,110.0,111.0,108.5,110.0,-0.5,9140,113.2,114.5,112.325,112.32982373937413,113.06679445303165,111.82654506292651,1.2402493901051344,1.7583062550723918,56.36363636363637,24.936882237340967,39.64833732299334
20231005,12204770,1370287748,111.5,113.5,111.5,112.0,2.0,6151,112.4,113.95,112.575,112.2198824929161,112.90267222948832,111.8393935767838,1.0632786527045113,1.6193007345988157,54.716981132075475,30.35007835430574,36.54891766676414
20231006,12832048,1432912128,113.5,113.5,110.5,111.0,-1.0,7173,111.4,113.5,112.775,111.8132549952774,112.60995342495166,111.77721627479983,0.8327371501518286,1.4619880177094184,29.729729729729726,30.03730713816461,34.37838082389763
20231011,36870238,3867656000,109.0,109.5,103.0,103.5,-7.5,25639,109.4,112.4,112.6,109.04216999685161,111.20842212880524,111.16408914333317,0.04433298547206732,1.1784570112619484,22.448979591836732,21.215347615919264,29.99070308790484
20231012,12873817,1346590715,102.5,106.0,102.5,106.0,2.5,7286,108.5,111.4,112.575,108.02811333123441,110.40712641668135,110.7815640216048,-0.37443760492344325,0.8678780880248701,30.769230769230774,22.18954208877376,27.390316088194478
20231013,7995463,837521289,105.0,105.5,104.0,105.0,-1.0,4904,107.5,110.35,112.5,107.01874222082294,109.57526081411498,110.35330002000444,-0.7780392058894563,0.5386946292420048,25.490196078431367,20.74540901156346,25.1753470626508
20231016,9009246,932143768,104.0,104.0,102.5,104.0,-1.0,5833,105.9,109.15,112.375,106.01249481388197,108.71752838117422,109.88268520370781,-1.1651568225335893,0.19792433888688601,26.530612244897966,17.40170124580421,22.584131790368602
20231017,5785366,598928504,104.0,104.5,103.0,103.0,-1.0,4594,104.3,107.85,112.05,105.00832987592132,107.83790863022433,109.37285667009982,-1.5349480398754878,-0.14865013686558873,26.530612244897966,13.050409526188314,19.406224368975174
20231018,17148861,1769714131,103.5,105.0,102.5,102.5,-0.5,9370,104.1,106.75,111.25,104.17221991728088,107.01669191788213,108.86375617601836,-1.8470642581362284,-0.4883329611197167,21.276595744680847,8.700273017458876,15.83757391846974
20231019,7554610,782627319,102.5,105.0,102.5,103.5,1.0,4293,103.6,106.05,110.575,103.9481466115206,106.4756623920541,108.4664409037207,-1.9907785116665906,-0.7888220712290915,25.0,8.830485041942282,13.50187762629392
20231020,13355515,1372878492,103.0,103.5,102.0,103.5,0.0,8570,103.3,105.4,109.95,103.79876440768041,106.01786817789193,108.09855639233398,-2.0806882144420484,-1.047195299871683,23.404255319148945,10.234816114918043,12.412857122501961
20231023,7005383,726736017,103.5,104.5,103.0,103.5,0.0,3198,103.2,104.55,109.25,103.69917627178695,105.63050384283163,107.75792258549443,-2.1274187426627975,-1.263239988429906,23.404255319148945,13.489877409945361,12.771863884983095
20231024,7347761,768137421,103.5,105.5,103.0,105.0,1.5,4115,103.6,103.95,108.725,104.13278418119131,105.53350325162677,107.55363202360596,-2.020128771979188,-1.4146177451397624,31.111111111111114,33.99325160663024,19.84565979219881
20231025,5566743,587691141,105.5,106.0,105.0,105.5,0.5,3347,104.2,104.15,108.275,104.58852278746087,105.52834890522264,107.40151113296848,-1.873162227745837,-1.5063266416609773,37.5,51.82883440442016,30.506717996272588
20231026,11634880,1227837579,105.0,106.5,104.0,106.5,1.0,5085,104.8,104.2,107.8,105.22568185830725,105.67783368903454,107.33473253052637,-1.6568988414918238,-1.5364410816271468,41.463414634146346,67.88588960294676,42.96644186516397
20231027,11100015,1193789886,106.5,108.0,106.0,108.0,1.5,7065,105.7,104.5,107.425,106.15045457220485,106.0350900445677,107.38401160233923,-1.3489215577715328,-1.498937176856024,39.99999999999999,78.59059306863116,54.84115893298637
20231030,13965929,1521192543,109.0,110.0,107.5,110.0,2.0,7625,107.0,105.1,107.125,107.43363638146991,106.64507619155728,107.57778852068446,-0.9327123291271846,-1.3856922073102562,47.61904761904762,85.72706204575411,65.1364599705756
20231031,15289169,1651766785,110.0,110.0,107.0,107.5,-2.5,5654,107.5,105.55,106.7,107.45575758764662,106.7766029313177,107.57202640804117,-0.7954234767234709,-1.2676384611928992,62.50000000000001,80.06804136383607,70.11365376832909
20231101,8271093,900001430,108.0,109.5,108.0,109.0,1.5,4457,108.2,106.2,106.475,107.97050505843109,107.11866401880728,107.67780222966775,-0.5591382108604677,-1.125938411126413,60.0,82.54536090922404,74.2575561486274
20231102,8317206,915961383,109.5,110.5,109.0,110.5,1.5,5684,109.0,106.9,106.475,108.81367003895406,107.63886955437539,107.88685391635903,-0.24798436198364016,-0.9503476012978584,67.74193548387098,88.36357393948269,78.95956207891248
20231103,11820819,1328290998,111.0,113.0,111.0,113.0,2.5,8325,110.0,107.85,106.625,110.2091133593027,108.46365885370226,108.26560547811022,0.19805337559203906,-0.720667405919879,76.47058823529412,92.24238262632178,83.38716892804891
20231106,18335559,1999816526,109.5,110.5,107.5,109.0,-4.0,9839,109.8,108.4,106.475,109.80607557286848,108.5461728762096,108.32000507232428,0.22616780388531765,-0.5313003639588397,65.0,80.01344026939971,82.26259270849917
20231107,6288446,685772926,108.5,110.0,108.5,108.5,-0.5,4039,110.0,108.75,106.35,109.370717048579,108.53906935679274,108.33333802992989,0.20573132686284623,-0.38389402579450255,65.0,70.0089601795998,78.17804853219937
20231108,10322860,1112478382,109.0,109.5,107.0,107.5,-1.0,6366,109.7,108.95,106.55,108.74714469905267,108.37921253267078,108.27160928697212,0.10760324569865531,-0.285594571495871,60.0,53.81549726259034,70.05719810899635
20231109,8220369,896210280,108.0,110.0,107.5,109.0,1.5,5190,109.4,109.2,106.7,108.83142979936845,108.47471829687527,108.32556415460381,0.14915414227145618,-0.19864482874240555,62.7906976744186,46.98810928617133,62.36750183472134
20231110,10190429,1109278676,109.5,110.0,108.0,109.0,0.0,4739,108.6,109.3,106.9,108.88761986624564,108.55553086658676,108.3755223653739,0.1800085012128676,-0.12291416275135093,62.7906976744186,42.436517301891996,55.72384032377822
20231113,12066115,1315154197,109.0,110.5,108.0,108.5,-0.5,5638,108.5,109.15,107.125,108.75841324416376,108.54698765634265,108.38474293090175,0.16224472544089963,-0.06588238511290083,58.53658536585366,36.624344867927995,49.357341838494804
20231114,52672617,6042964290,112.5,117.5,112.5,114.0,5.5,23868,109.6,109.8,107.675,110.50560882944252,109.38591263228993,108.8006878989831,0.5852247333068306,0.06433903857104545,66.66666666666666,46.638452134174216,48.45104527038794
20231115,25718521,2947666102,115.0,115.5,113.0,115.5,1.5,13033,111.2,110.45,108.325,112.17040588629503,110.32654145809148,109.29693323979916,1.0296082182923243,0.25739287451530124,67.30769230769232,58.07642840690979,51.65950631589522
20231116,25844605,3014585407,116.0,117.5,115.0,117.0,1.5,11965,112.8,111.1,109.0,113.78027059086337,111.35322738761587,109.86753077759181,1.485696610024064,0.5030536216170538,67.30769230769232,70.4636506839716,57.92755443858734
20231117,12160434,1407362830,117.0,117.0,115.0,115.0,-2.0,7064,114.0,111.3,109.575,114.18684706057559,111.91426932798267,110.24771368295538,1.6665556450272874,0.7357540262991006,59.61538461538462,72.37259251947312,62.74256713221593
20231120,13282125,1510642319,115.0,115.0,112.5,114.0,-1.0,6766,115.1,111.8,110.1,114.1245647070504,112.2351509698315,110.52566081755128,1.7094901522802104,0.9305012514953226,63.26530612244898,70.47061723520429,65.31858383321205
20231121,10335746,1172039557,113.5,114.0,113.0,113.5,-0.5,6218,115.0,112.3,110.525,113.91637647136693,112.42974312831896,110.74598223847342,1.6837608898455443,1.081153179165367,59.57446808510638,66.98041149013619,65.87252638552009
20231122,11348328,1276473051,113.0,114.0,111.5,112.0,-1.5,7027,114.3,112.75,110.85,113.27758431424462,112.36362880088528,110.83887244303094,1.5247563578543435,1.1698738149031624,53.19148936170213,58.68869537938903,63.477916050143065
20231123,8462781,948820217,112.5,113.5,111.5,112.0,0.0,4586,113.3,113.05,111.125,112.85172287616308,112.3076859084414,110.9248818916953,1.3828040167460927,1.2124598552717485,47.61904761904762,53.160884638890934,60.038905579725686
20231124,6126502,689785757,113.0,113.0,111.5,113.0,1.0,3385,112.9,113.45,111.375,112.90114858410873,112.41419576868118,111.07859434416233,1.335601424518856,1.2370881691211701,61.11111111111111,43.77392309259395,54.61724475068177
20231127,8429204,956798527,113.5,114.0,113.0,113.5,0.5,4658,112.8,113.95,111.55,113.10076572273915,112.58124257349947,111.25795772607623,1.3232848474232384,1.2543275047815838,63.888888888888886,40.29372650617374,49.84273866917909
20231128,11851537,1350228374,113.5,115.0,113.0,114.0,0.5,6541,112.9,113.95,111.875,113.40051048182612,112.79951294680724,111.4610719685891,1.338440978218145,1.271150199468896,68.57142857142857,40.751373226338046,46.812283521565405
20231129,12642615,1423343609,114.0,114.0,112.0,112.0,-2.0,7026,112.9,113.6,112.025,112.93367365455074,112.67651095499075,111.50099256350842,1.1755183914823277,1.2520238378715824,58.33333333333334,30.197885181195062,41.27415074144196
20231130,11420653,1279386575,113.0,113.5,111.5,112.0,0.0,6299,112.9,113.1,112.1,112.62244910303383,112.57243234653063,111.5379560773226,1.034476269208028,1.2085143241388716,58.33333333333334,24.893828216034798,35.81404323297291
20231201,15086759,1719861753,112.5,115.0,112.5,114.5,2.5,7504,113.2,113.05,112.175,113.24829940202255,112.86898121629515,111.75736673826167,1.1116144780334878,1.1891343549177948,65.0,45.1673140487851,38.93180017157697
20231204,42463677,4980801657,115.5,119.0,114.5,118.5,4.0,20818,114.2,113.5,112.65,114.99886626801505,113.7352917984036,112.25682105394598,1.47847074445761,1.247001632825758,62.16216216216216,61.222653810301175,46.36208471781837
20231205,25844543,3041514658,119.0,120.0,116.0,117.5,-1.0,12586,114.9,113.9,113.1,115.83257751201003,114.31447767557228,112.64520467957962,1.6692729959926567,1.3314559054591377,55.55555555555556,64.34451430490667,52.356227913514466
20231206,12722166,1487165419,118.0,118.0,115.5,117.0,-0.5,7010,115.9,114.4,113.575,116.22171834134004,114.72763495625347,112.96778211072187,1.7598528455315972,1.4171352934736297,50.0,64.46497032091817,56.39247538264903
20231207,10490926,1214755801,116.5,116.5,115.0,115.5,-1.5,5992,116.6,114.75,113.9,115.98114556089337,114.84646034759909,113.15535380622396,1.6911065413751345,1.4719295430539308,51.515151515151516,58.66292139041603,57.14929071857136
20231208,13801306,1621988550,116.5,118.5,116.0,118.5,3.0,8336,117.4,115.3,114.375,116.82076370726226,115.40854337104538,113.55125352428144,1.8572898467639476,1.5490016037959342,62.16216216216216,66.55959465243421,60.286058696525636
20231211,32033978,3865010784,120.0,122.0,119.0,122.0,3.5,18021,118.1,116.15,115.05,118.54717580484152,116.42261362165378,114.17708659655689,2.245527025096891,1.6883066880561257,69.76744186046511,77.70639643495613,66.09283794266914
20231212,64868924,8235073702,122.0,130.5,121.5,129.0,7.0,36449,120.4,117.65,115.8,122.03145053656102,118.35759614139936,115.27508018199713,3.0825159594022296,1.9671485423253467,81.48148148148148,82.50601867593566,71.56389818709131
20231213,34506801,4425941470,129.5,129.5,126.5,129.5,0.5,17935,122.9,119.4,116.5,124.52096702437402,120.07181211964561,116.32877794629364,3.7430341733519725,2.322325668530672,81.81818181818181,86.48549393210526,76.53776343542928
20231214,24540800,3161667529,130.0,131.0,127.5,129.0,-0.5,10708,125.6,121.1,117.1,126.01397801624935,121.44537948585398,117.26738698730892,4.177992498545052,2.6934590345335483,79.62962962962963,86.94992524766613,80.00848403950823
20231215,47184535,6294640524,130.5,134.5,130.0,134.0,5.0,23986,128.7,123.05,118.05,128.67598534416624,123.37685956495336,118.50683980306381,4.8700197618895515,3.1287711800047493,82.53968253968254,90.44524931040989,83.48740579647546
20231218,100300600,14110375593,138.5,144.5,136.0,141.5,7.5,48330,132.6,125.35,119.425,132.95065689611084,126.165035016499,120.21003685468871,5.954998161810295,3.6940165763658586,85.71428571428571,90.24033569846534,85.73838243047209
20231219,82907523,12052645874,143.5,147.0,142.0,147.0,5.5,39973,136.2,128.3,121.1,137.6337712640739,129.37041424472991,122.19447856915622,7.175935675573697,4.3904003962074265,91.66666666666667,93.49355713231023,88.32344066441813
20231220,59499049,8727393085,147.5,148.0,144.5,148.0,1.0,28532,139.9,131.4,122.9,141.08918084271596,132.23650436092532,124.10599867514465,8.130505685780676,5.138421454122077,91.86046511627907,95.66237142154014,90.76975091679213
20231221,83687142,12589636975,148.5,153.0,146.5,152.0,4.0,46491,144.5,135.05,124.9,144.72612056181066,135.2770421515522,126.1722209955043,9.10482115604789,5.93170139450724,92.13483146067415,96.12785545749735,92.55578576369388
20231222,60997658,9257968913,152.5,153.5,149.5,153.0,1.0,29123,148.3,138.5,126.9,147.48408037454044,138.0036510513134,128.1594638847262,9.844187166587204,6.714198548923233,91.56626506024097,96.8977369716649,94.00310283301755
20231225,89473186,12839164994,146.0,147.5,140.5,142.0,-11.0,45151,148.4,140.5,128.325,145.65605358302696,138.61847396649594,129.18468878215387,9.43378518434207,7.258115876007001,73.7864077669903,83.73429378357906,90.58016648320472
20231226,39593610,5760984388,142.5,147.5,142.0,146.5,4.5,20847,148.3,142.25,129.95,145.93736905535133,139.83101643318886,130.46730442792025,9.36371200526861,7.679235101859324,76.57657657657657,80.1818368813604,87.11405661592327
20231227,33094033,4933361472,149.0,151.5,147.0,147.0,0.5,18456,148.1,144.0,131.7,146.29157937023422,140.93393698192904,131.6919485443706,9.241988437558433,7.991785768999146,78.89908256880734,77.5680330982119,83.93204877668614
20231228,28867223,4155891042,148.0,148.0,142.0,143.0,-4.0,17925,146.3,145.4,133.25,145.19438624682283,141.25179283086302,132.52958198552832,8.7222108453347,8.137870784266257,72.07207207207207,65.04535539880793,77.6364843173934
20231229,16734184,2396711113,143.0,144.5,141.5,143.5,0.5,8920,144.4,146.35,134.7,144.62959083121524,141.5976708568841,133.34220554215585,8.25546531472824,8.161389690358654,70.47619047619048,51.05587795817964,68.77628219765548
20240102,60928270,9240837773,151.0,155.0,148.0,151.0,7.5,28198,146.2,147.3,136.325,146.7530605541435,143.0441830327481,134.65019031681098,8.393992715937117,8.207910295474347,70.75471698113208,58.175183006602516,65.24258246730449
20240103,55679480,8569465793,154.5,156.0,151.5,155.0,4.0,29418,147.9,148.1,138.2,149.502040369429,144.8835394892484,136.15758362667682,8.725955862571567,8.311519408893792,72.56637168141593,69.96625103665974,66.81713865708957
20240104,94583275,15233657674,158.0,165.0,156.5,161.0,6.0,55201,150.7,149.4,140.4,153.33469357961934,147.36299495244094,137.99776261729335,9.365232335147596,8.522261994144554,75.80645161290323,74.53532382035819,69.38986704484577
20240105,51104770,8280463215,163.0,164.0,160.0,162.5,1.5,26993,154.6,150.45,142.75,156.38979571974625,149.6917649597577,139.8127431641605,9.879021795597197,8.793613954435083,74.35897435897436,79.62218866935444,72.800640919682
20240108,40708923,6542101531,163.0,163.0,157.5,160.5,-2.0,21769,158.0,151.2,144.85,157.75986381316417,151.35457035056422,141.3451325594079,10.00943779115633,9.036778721779333,67.9245283018868,80.03181372283203,75.21103185406534
20240109,66920788,10142350031,154.0,155.0,149.5,151.5,-9.0,35226,158.1,152.15,146.325,155.67324254210945,151.3769441427851,142.09734496241472,9.279599180370383,9.085342813497544,53.98230088495575,67.53893964500858,72.65366778437975
20240110,46472269,6879528230,150.5,151.0,146.0,148.0,-3.5,24347,156.7,152.3,147.275,153.11549502807298,150.8574142746643,142.53457866890253,8.322835605761782,8.932841371950392,50.0,54.245817919367425,66.51771782937564
20240111,23115952,3450354863,148.5,151.5,148.0,149.0,1.0,11895,154.3,152.5,148.25,151.74366335204866,150.57165823240825,143.01349876750234,7.558159464905913,8.657904990541496,47.32142857142857,46.80217648525204,59.94587071466777
20240112,45136983,6996895338,153.5,157.0,152.5,156.5,7.5,23936,153.1,153.85,149.625,153.32910890136577,151.48371081203774,144.01249885879847,7.471211953239276,8.420566383081052,52.79999999999999,49.62250362174697,56.504748350360835
20240115,33560786,5319779876,157.5,161.0,156.0,158.5,2.0,16913,152.7,155.35,150.85,155.05273926757718,152.5631399178781,145.08564709148007,7.47749282639802,8.231951671744445,65.42056074766356,55.011493642568155,56.0069967810966
20240116,35090076,5466526650,159.0,160.0,153.0,153.5,-5.0,19924,153.1,155.6,151.45,154.53515951171812,152.70727223820452,145.7089324921112,6.998339746093336,7.985229286614224,56.481481481481474,49.83222383188754,53.94873913136024
20240117,38154067,5815205057,154.0,156.5,149.5,152.5,-1.0,18834,154.0,155.35,151.725,153.85677300781208,152.67538420155768,146.21197452973257,6.463409671825104,7.680865363656401,55.04587155963303,45.258519591628726,51.051999284783065
20240118,32973463,5148204133,154.0,158.0,152.0,158.0,5.5,17953,155.8,155.05,152.225,155.23784867187473,153.4945558628565,147.08516160160423,6.40939426125226,7.426571143175573,63.39285714285714,53.701758159125035,51.93525224289705
20240119,24145319,3745978821,158.0,158.5,153.5,155.0,-3.0,14529,155.5,154.3,152.375,155.15856578124982,153.72616265318626,147.67144592741133,6.054716725774938,7.152200259695446,59.82905982905983,55.80117210608336,53.223892197292486
20240122,29946555,4505044164,151.0,152.5,148.5,152.5,-2.5,17983,154.3,153.5,152.35,154.2723771874999,153.53752224500377,148.02911659945494,5.508405645548834,6.823441336866124,51.4018691588785,51.64522584850001,52.69767008102832
20240123,14055685,2155062542,153.0,155.5,152.0,152.5,0.0,8686,154.1,153.6,152.875,153.6815847916666,153.37790343808012,148.36029314764346,5.017610290436664,6.462275127580233,47.474747474747474,45.96861210412821,50.454650755394944
20240124,16903117,2618130670,153.5,157.0,152.5,153.5,1.0,9983,154.3,154.15,153.225,153.62105652777774,153.39668752452934,148.74101217374394,4.655675350785401,6.1009551722212665,41.573033707865164,43.97907473608547,48.29612541562511
20240125,16545151,2514139204,153.0,153.5,151.0,151.5,-2.0,10369,153.0,154.4,153.45,152.91403768518518,153.10488944383252,148.9453816423555,4.1595078014770195,5.712665698072417,37.77777777777778,37.31938315739031,44.637211329546844
20240126,16989377,2566656555,152.0,154.0,150.0,151.0,-0.5,9627,152.2,153.85,153.85,152.2760251234568,152.78106029862752,149.09757559477362,3.6834847038539067,5.306829499228716,39.080459770114935,32.12596558318774,40.466796080760474
20240129,12295556,1854130001,150.5,152.0,150.0,151.5,0.5,8180,152.0,153.15,154.25,152.01735008230455,152.58397409883867,149.2755329581237,3.3084411407149616,4.907151827525965,50.0,31.417310388791826,37.450300850104256
20240130,10369938,1574084907,152.0,153.0,150.5,151.5,0.0,6715,151.8,152.95,154.275,151.8449000548697,152.4172088528635,149.44030829455897,2.9769005583045214,4.521101573681676,55.55555555555556,30.944873592527884,35.281825097578796
20240131,15636607,2356824557,152.0,153.5,150.0,150.5,-1.0,7840,151.2,152.75,154.05,151.3966000365798,152.12225364473065,149.5188039764435,2.6034496682871406,4.13757119260277,52.38095238095238,27.29658239501859,32.62007753005872
20240201,36137808,5618279219,151.5,157.0,151.5,157.0,6.5,20687,152.3,152.65,153.85,153.26440002438653,152.87267616092595,150.07296664485511,2.799709516070834,3.8699988572963826,50.81967213114754,51.53105493001239,38.92373666337661
20240202,35844921,5433333387,154.0,154.0,150.0,150.0,-7.0,23187,152.1,152.15,153.225,152.17626668292436,152.43072598232195,150.06756170819918,2.3631642741227665,3.5686319406616596,38.02816901408451,34.35403662000826,37.40050331558716
20240205,12587106,1907891937,151.0,152.5,150.0,152.0,2.0,8059,152.2,152.1,152.8,152.11751112194958,152.3644604465801,150.2107052853696,2.1537551612104835,3.2856565847714245,47.69230769230769,32.42650060381503,35.74250241166311
20240215,31868942,4702806173,147.0,149.0,146.0,149.0,-3.0,19686,151.7,151.75,152.675,151.0783407479664,151.84685114710624,150.12102341237926,1.7258277347269768,2.973690814762535,44.92753623188406,30.708576160119108,34.064526994481774
20240216,17836015,2678629921,151.0,153.0,148.0,148.0,-1.0,11382,151.2,151.2,152.675,150.05222716531094,151.2550278937053,149.96391056701782,1.2911173266874698,2.637176117147522,33.33333333333333,26.532990167352132,31.55401471877189
20240219,12747248,1889344300,149.0,149.5,147.0,149.0,1.0,8547,149.6,150.95,152.675,149.70148477687397,150.90810052544293,149.89250978427575,1.0155907411671876,2.312859041951455,39.285714285714285,26.779569202477177,29.962532880006982
20240220,27196765,4165818843,151.0,155.0,150.0,153.5,4.5,17596,150.3,151.2,152.525,150.967656517916,151.30685429075942,150.1597312817368,1.1471230090226072,2.0797118353656856,51.66666666666666,40.580318862257506,33.50179487409049
20240221,30286586,4736760596,154.5,158.0,154.0,155.0,1.5,18207,150.9,151.55,152.35,152.31177101194402,151.8750305537195,150.51826970531187,1.3567608484076459,1.9351216379740779,53.96825396825397,52.05354590817167,39.685711885450885
20240222,53634158,8624349407,156.0,163.0,154.0,162.5,7.5,31141,153.6,152.65,152.8,155.70784734129603,153.50964123776265,151.40580528269618,2.1038359550664723,1.9688645013925568,61.84210526315789,67.0553051152517,48.80890962871782
20240223,27804374,4481082823,163.5,164.5,158.5,159.5,-3.0,17663,155.9,153.55,153.15,156.9718982275307,154.43123489349148,152.00537526175572,2.4258596317357615,2.060263527461198,60.256410256410255,69.02786106782546,55.54856010842036
20240226,11394265,1815882836,160.0,160.5,158.0,160.0,0.5,7450,158.1,153.85,153.25,157.98126548502046,155.28796798680048,152.59756968681086,2.6903982999896243,2.1862904819668834,61.53846153846153,71.2437992704422,60.78030649576097
20240227,15097170,2427244314,160.0,162.5,159.0,159.5,-0.5,9532,159.3,154.8,153.475,158.48751032334698,155.9359729119081,153.10886082112117,2.827112090786926,2.314454803730892,60.256410256410255,71.82019050461912,64.46026783204701
20240229,36571715,6038150684,162.0,166.5,161.5,165.5,6.0,22045,161.4,156.15,154.125,160.82500688223132,157.40736169469147,154.0267229825196,3.380638712171873,2.5276915854190882,65.55555555555556,79.50405862701103,69.47486476370167
20240301,25813733,4269992734,165.5,168.5,162.5,165.0,-0.5,14153,161.9,157.75,154.75,162.21667125482088,158.57545989550817,154.83955831714778,3.735901578360398,2.7693335840073505,66.29213483146069,80.90968249552674,73.28647067431002
20240304,44757795,7495313526,164.5,173.0,161.5,172.0,7.0,27598,164.4,160.15,155.675,165.47778083654725,160.6407737577377,156.1107021455072,4.5300716122305005,3.1214811896519805,66.66666666666666,85.82384630136565,77.46559588332856
20240305,39509348,6866467871,171.5,177.5,171.0,173.5,1.5,25551,167.1,162.6,156.775,168.15185389103152,162.61911625654727,157.39879828287704,5.220317973670234,3.5412485464556314,79.74683544303798,84.87547200232888,79.93555458966199
20240306,21577705,3710358772,173.0,175.0,170.5,171.5,-2.0,15364,169.5,164.4,157.8,169.26790259402102,163.98540606323232,158.44333174340466,5.5420743198276625,3.941413701130038,74.68354430379748,81.40634303701357,80.42581740544586
20240307,39270972,6923211836,172.0,178.0,172.0,177.5,6.0,25069,171.9,166.65,159.1,172.0119350626807,166.06457436119658,159.85493679944875,6.209637561747826,4.395058473253596,83.52941176470588,86.77089535800904,82.54084338963358
20240308,74316650,13490691604,180.0,187.5,175.5,179.5,2.0,48774,174.8,168.35,160.5,174.5079567084538,168.1315629210125,161.31012666615626,6.8214362548562235,4.880334029574121,86.20689655172414,82.14104888274049,82.40757855400254
20240311,33383730,6031495236,182.0,184.0,178.0,180.0,0.5,22009,176.4,170.4,161.975,176.33863780563587,169.9574763177798,162.69456172792246,7.262914589857331,5.356850141630764,86.04651162790698,79.32210276393225,81.3790866239791
20240312,38591192,7120080082,181.0,188.0,178.0,187.5,7.5,24614,179.2,173.15,163.5,180.0590918704239,172.65632611504444,164.5320015999282,8.124324515116228,5.910345016327857,86.95652173913044,85.58580435834477,82.78132586876765
20240313,54429118,10431515436,189.5,194.5,189.0,191.0,3.5,38441,183.1,176.3,165.55,183.70606124694928,175.47842978965298,166.4925940740076,8.98583571564538,6.525443156191361,87.5,86.85518270354298,84.13927814702609
20240314,61429553,11321021817,192.0,193.0,179.5,183.5,-7.5,48633,184.3,178.1,167.125,183.63737416463286,176.71251751432175,167.7524019203774,8.960115593944352,7.01237764374196,71.875,80.12567735791754,82.80141121732323
20240315,108451830,18231938435,170.0,172.5,165.5,166.5,-17.0,81054,181.7,178.25,168.0,177.92491610975526,175.14136097365687,167.65963140775685,7.481729565900025,7.106248028173574,55.645161290322584,54.566543525968015,73.38978865353815
20240318,49283936,8061020354,167.0,167.0,161.0,164.5,-2.0,34861,178.6,177.5,168.825,173.44994407317017,173.5042285161712,167.4255846368119,6.078643879359305,6.900727198410721,53.54330708661416,39.86028274865529,62.21328668524386
20240319,73126229,12589224057,166.5,177.0,165.5,177.0,12.5,48351,176.5,177.85,170.225,174.63329604878012,174.04203951368333,168.13480058964063,5.9072389240427015,6.702029543537117,61.58940397350993,42.4939198423871,55.640164404291596
20240320,92502218,16663803135,179.0,186.0,174.5,176.0,-1.0,62968,173.5,178.3,171.35,175.0888640325201,174.3432642038859,168.71740795337095,5.625856250514943,6.486794884932682,57.4468085106383,43.25465302925309,51.51166061261209
20240321,51843444,9181397892,181.0,181.5,174.0,175.0,-1.0,32787,171.8,178.05,172.35,175.05924268834673,174.44430048021113,169.18278514201015,5.261515338200979,6.241738975586342,57.04225352112677,42.76678361154186,48.596701612255345
20240322,55440016,9483950553,176.5,177.0,168.0,170.0,-5.0,38299,172.5,177.1,172.725,173.37282845889783,173.76056194479403,169.24331957593532,4.517242368858717,5.896839654240818,48.550724637681164,37.46641295495826,44.88660539315631
20240325,32842846,5681582908,172.0,176.0,169.5,173.5,3.5,21726,174.3,176.45,173.425,173.41521897259855,173.7204754917488,169.55862923697714,4.16184625477166,5.549840974346987,50.0,37.415419581912474,42.39621012274169
20240326,38092526,6519926435,173.0,175.5,168.0,171.5,-2.0,26198,173.2,174.85,174.0,172.77681264839904,173.3788638776336,169.70243447868253,3.6764293989510577,5.175158659267801,50.0,35.88111305460831,40.22451110003057
20240327,36498061,6380217739,174.5,177.0,172.0,175.5,4.0,23610,173.1,173.3,174.8,173.68454176559936,173.70519251184382,170.1318837765579,3.573308735285906,4.854788674471422,48.550724637681164,43.25407536973887,41.2343658566
20240328,69317927,12167921753,178.0,179.5,170.5,176.0,0.5,32477,173.3,172.55,175.325,174.45636117706624,174.058239817714,170.56655905236843,3.4916807653455635,4.582167092646251,47.40740740740741,48.836050246492576,43.768260653230854
20240329,118411196,20709305302,176.5,177.5,172.0,172.0,-4.0,42575,173.7,173.1,175.675,173.63757411804417,173.7415875380657,170.67273986330412,3.068847674761571,4.279503209069315,44.366197183098585,43.12647252205196,43.554331276171226
20240401,41717719,7056786174,172.0,172.0,167.5,167.5,-4.5,29148,172.5,173.4,175.45,171.59171607869612,172.7813433014402,170.43772209565196,2.3436212057882244,3.892326808413097,35.294117647058826,28.750981681367975,38.619881411236804
20240402,43964667,7256385568,167.5,168.5,162.0,165.5,-2.0,29031,171.3,172.25,175.05,169.5611440524641,171.66113663968017,170.07196490338146,1.5891717362987094,3.4316957939902197,30.827067669172934,25.150227103817965,34.12999664209719
20240403,21624319,3589558991,164.0,167.5,164.0,165.0,-0.5,14370,169.2,171.15,174.725,168.04076270164273,170.63634638742167,169.69626379942727,0.9400825879943966,2.9333731527910554,34.45378151260503,22.481103783497687,30.247032355897353
20240408,21133948,3514292069,166.0,169.0,165.0,168.0,3.0,14230,167.6,170.45,174.25,168.0271751344285,170.23075463551064,169.5706146290993,0.660140006411325,2.4787265235151095,51.64835164835165,26.41597395090322,28.97001288756597
20240409,24752089,4224573608,169.0,172.5,168.0,171.0,3.0,14717,167.4,170.55,173.825,169.01811675628568,170.3491000762013,169.6764950269438,0.6726050492574984,2.117502228663587,56.98924731182796,34.75350644345929,30.89784407286374
20240410,17429135,2978365575,172.0,173.0,169.0,169.0,-2.0,11154,167.7,170.1,173.275,169.0120778375238,170.14154621832418,169.6263842842072,0.5151619341169749,1.7970341697542649,38.888888888888886,36.50233762897285,32.766008591566774
20240411,39622348,6895750709,169.0,176.0,168.5,175.0,6.0,24716,169.6,170.45,172.65,171.00805189168256,170.8890006462743,170.02442989278444,0.8645707534898577,1.6105414865013836,48.78048780487806,49.09679651455333,38.209604565895624
20240412,23464258,4128462128,175.0,177.5,174.0,176.5,1.5,16503,171.9,170.55,171.925,172.8387012611217,171.75223131607825,170.50410175257818,1.248129563500072,1.5380591019011214,51.807228915662655,63.913993375293614,46.777734169028285
20240415,36027534,6377841460,176.5,180.0,171.0,178.0,1.5,22434,173.9,170.75,171.65,174.55913417408115,172.71342649822006,171.05935347460942,1.6540730236106356,1.5612618862430243,60.526315789473685,72.23895854649203,55.264808961516195
20240416,36614682,6313642340,176.5,177.5,170.0,170.5,-7.5,21792,173.8,170.6,171.85,173.20608944938743,172.37289934464775,171.0179198838976,1.354979460750144,1.5200054011444484,46.42857142857143,63.90004643840209,58.14322145381149
20240417,21568273,3689600528,172.0,174.0,169.0,170.5,0.0,12827,174.1,170.9,172.15,172.30405963292498,172.0847609839327,170.97955544805333,1.105205535879378,1.4370454280914344,48.75,56.14169762560139,57.476046844408124
20240418,19546370,3307607674,170.5,172.0,168.0,168.0,-2.5,12296,172.7,171.15,171.7,170.86937308861667,171.45633621717383,170.7588476370864,0.6974885800874233,1.2891340584906323,40.25974025974026,44.094465083734256,53.01551959085017
20240419,52810715,9217141905,170.0,179.0,169.5,172.5,4.5,31943,171.9,171.9,171.525,171.41291539241112,171.61689987607016,170.88782188619112,0.7290779898790447,1.1771228447683149,45.88235294117647,41.89631005582284,49.30911641250772
20240422,65454817,11699886873,175.0,183.0,174.0,174.0,1.5,38296,171.1,172.5,171.475,172.27527692827408,171.98353066436707,171.11835359832511,0.8651770660419515,1.1147336890230424,52.5,41.26420670388189,46.627479842965776
20240423,26289167,4575946828,175.0,177.0,172.0,173.5,-0.5,13961,171.7,172.75,171.65,172.68351795218274,172.21683363907982,171.29477185030103,0.922061788778791,1.0761993089741921,58.33333333333334,39.73169335814348,44.32888434802501
20240424,37500744,6702490250,176.0,180.5,173.5,180.0,6.5,20104,173.6,173.85,171.975,175.12234530145517,173.41424384845214,171.93960356509353,1.4746402833586103,1.1558875038510759,67.90123456790124,53.15446223876232,47.27074364493744
20240425,17271293,3106575753,179.5,182.0,177.5,181.0,1.0,11513,176.2,174.45,172.45,177.08156353430346,174.5812832563826,172.61074404175326,1.9705392146293264,1.3188178460067261,69.51219512195122,64.32519704806377,52.95556144597955
20240426,62830211,11684591831,182.0,190.0,180.5,187.0,6.0,38031,179.1,175.5,173.025,180.387709022869,176.49185506309297,173.67661485347526,2.8152402096177127,1.6181023187289234,71.5909090909091,71.67134348658796,59.194155459515684
20240429,54240206,10369220453,193.0,193.5,188.0,191.5,4.5,28608,182.6,176.85,173.8,184.091806015246,178.80080043800174,174.99686560506967,3.8039348329320717,2.055268821569553,72.52747252747253,78.49984990609131,65.62938694170755
20240430,33506686,6313851903,191.0,191.5,185.5,189.5,-2.0,17286,185.8,178.75,174.675,185.89453734349735,180.44683113984763,176.071171856546,4.375659283301644,2.5193469139159714,72.52747252747253,80.43780843412623,70.56552743918044
20240502,38246380,7082243195,190.0,191.5,181.0,181.5,-8.0,27643,186.1,179.85,175.375,184.42969156233158,180.60885711833262,176.4733072745796,4.135549843753012,2.8425874998833796,56.8421052631579,70.29187228941748,70.47430905592611
20240503,24269703,4383459115,182.0,183.0,178.5,180.0,-1.5,16773,185.9,181.05,176.1,182.95312770822107,180.5151867924353,176.7345437727589,3.7806430196763756,3.030198603841979,53.684210526315795,59.26434896813878,66.73765569333034
20240506,22355553,4054206909,181.0,184.5,178.5,180.5,0.5,13396,184.6,181.85,176.875,182.1354184721474,180.51285036282985,177.01346645625824,3.499383906571609,3.1240356643879053,52.68817204301075,52.6878605524026,62.05439064635442
20240507,27821350,5045012248,181.0,185.0,178.0,178.0,-2.5,16798,181.9,182.25,177.375,180.75694564809828,180.12625799931757,177.08654301505393,3.0397149842636395,3.107171528363052,59.036144578313255,42.62524036826839,55.578007220325745
20240508,57760877,10112581562,179.0,181.5,172.0,172.5,-5.5,37175,178.5,182.15,177.45,178.00463043206554,178.9529875378841,176.7467990880129,2.206188449871206,2.926974912664683,52.127659574468076,29.19202071062854,46.78267838376001
20240509,56086720,9975989090,176.0,181.0,175.0,177.5,5.0,27460,177.7,181.9,177.875,177.8364202880437,178.72945099359424,176.8025917481601,1.9268592454341444,2.7269517792185756,59.5959595959596,27.988478923364763,40.51794523029493
20240510,121521340,23168291819,180.5,195.0,180.0,193.5,16.0,68347,180.4,183.15,178.8,183.05761352536248,181.0018431484259,178.03943680385194,2.9624063445739637,2.7740426922896533,67.21311475409836,49.81840623876491,43.61809889978492
20240513,156530435,32231545625,201.0,210.0,201.0,205.5,12.0,77322,185.4,185.0,180.25,190.53840901690833,184.77079035636038,180.0735525961592,4.697237760201176,3.158681705871958,72.02797202797203,62.59823573812397,49.944811179231266
20240514,166944559,35960284747,206.0,225.0,204.0,215.0,9.5,94337,192.8,187.35,182.1,198.6922726779389,189.4214379938434,182.66069684829557,6.760741145547826,3.8790935938071316,75.77639751552795,68.77618231598201,56.22193489148151
20240515,82880954,17000560546,206.0,208.0,202.0,203.5,-11.5,57719,199.0,188.75,183.75,200.29484845195927,191.58737061017518,184.204348933607,7.383021676568177,4.579879210359341,63.74269005847953,65.66210896537166,59.36865958277822
20240516,76952834,16306626001,205.5,217.0,204.0,217.0,13.5,48635,206.9,192.3,186.075,205.8632323013062,195.49700590091746,186.63365642000647,8.863349480910983,5.436573264469669,68.36734693877551,72.0766261027006,63.60464842275234
20240517,61329763,13170178234,219.5,220.5,210.5,210.5,-6.5,39856,210.3,195.35,188.2,207.40882153420415,197.80515883923786,188.4015337222282,9.403625117009653,6.229983634977667,61.92893401015229,72.26492054645448,66.49140579731971
20240520,65605236,14126197420,216.0,222.0,210.5,212.5,2.0,37162,211.7,198.55,190.2,209.10588102280278,200.06590363320126,190.18660529835944,9.87929833484182,6.959846574950498,60.93750000000001,73.64831181084386,68.8770411351611
20240521,46292105,9683641661,213.5,213.5,205.5,208.0,-4.5,28067,210.3,201.55,191.9,208.73725401520187,201.286533843478,191.50611601699947,9.780417826478526,7.523960825256104,59.39086294416244,71.09887454056258,69.61765227029491
20240522,37603742,7838439743,207.5,211.0,205.0,209.0,1.0,21589,211.4,205.2,193.675,208.8248360101346,202.47322094448137,192.80195927499952,9.67126166948185,7.953420994101254,65.02732240437157,68.88073117518987,69.37201190525988
20240523,26586404,5581764900,209.5,212.0,208.5,209.0,0.0,14899,209.8,208.35,195.125,208.8832240067564,203.47734079917655,194.00181414351806,9.475526655658484,8.2578421264127,66.11111111111111,57.03159856123768,65.25854079058581
20240524,70624918,15372004403,212.0,221.0,212.0,219.5,10.5,40489,211.6,210.95,197.05,212.4221493378376,205.9423652916109,195.8905686514056,10.05179664020531,8.616633029171224,69.5,63.3833845480715,64.6334887097477
20240527,91432183,20411793912,224.0,229.5,216.5,223.0,3.5,52165,213.7,212.7,198.85,215.9480995585584,208.56661678520922,197.8986746772274,10.667942107981816,9.026894844933343,72.27722772277228,67.71013515325978,65.65903752425172
20240528,55600072,12414309348,225.5,228.0,218.5,218.5,-4.5,36851,215.8,213.05,200.2,216.79873303903895,210.09482958748472,199.42469877521057,10.670130812274152,9.355542038401506,73.0,64.09433846818627,65.1374711722299
20240529,52561833,11682513203,222.5,227.5,217.0,218.0,-0.5,31853,217.6,214.5,201.625,217.1991553593593,211.31100965094862,200.80064701408386,10.510362636864755,9.586506158094156,71.20418848167539,60.416633808722814,63.563858717727534
20240530,29442445,6419678454,219.0,221.0,215.0,218.5,0.5,18031,219.5,214.65,203.475,217.6327702395729,212.4170081661873,202.1117101982258,10.30529796796148,9.730264520067621,65.625,58.64510281125738,61.924273415570816
20240531,71240361,15464289640,221.0,226.0,210.0,210.5,-8.0,39160,217.7,214.65,205.0,215.25518015971528,212.1220838329277,202.73306499835724,9.389018834570464,9.66201538296819,53.28947368421052,46.579728404783836,56.809425078641816
20240603,36534715,7849793666,216.5,218.0,211.0,215.5,5.0,20522,216.2,214.95,206.75,215.33678677314353,212.64176324324652,203.6787638873678,8.962999355878708,9.522212177550294,50.34965034965036,45.33886655557018,52.98590557095127
20240604,32512482,6875637373,214.0,214.5,210.0,211.0,-4.5,20284,214.7,215.25,208.4,213.8911911820957,212.38918428274704,204.2210776734887,8.16810660925833,9.251391063891901,55.8139534883721,34.19416500530075,46.721992049067765
20240605,55478389,12089387487,213.0,221.0,213.0,217.0,6.0,33138,214.5,216.05,210.625,214.9274607880638,213.0985405469398,205.16766451248955,7.93087603445025,8.987288058003571,50.0,34.7619219693458,42.73530202249377
20240606,48145304,10583865516,221.0,222.5,216.5,222.0,5.0,27741,215.2,217.35,212.85,217.2849738587092,214.4679958474106,206.41450417823106,8.05349166917955,8.800528780238768,60.36036036036035,43.68743515905104,43.05267973467953
20240607,40210450,8802648014,221.0,222.5,216.5,218.0,-4.0,24754,216.7,217.2,214.075,217.52331590580616,215.01138110165513,207.27268905391765,7.738692047737487,8.588161433738511,54.78260869565218,43.93977158751551,43.34837701895819
20240611,111938940,22974935701,220.0,222.0,196.5,197.5,-20.5,82334,213.1,214.65,213.675,210.84887727053746,212.31732247063127,206.54878616103485,5.7685363095964135,8.024236408910092,42.857142857142854,30.36844987554797,39.021734637821446
20240612,84472939,16156865258,196.0,198.0,186.0,191.5,-6.0,57993,209.2,211.95,212.5,204.39925151369164,209.11465747514953,205.43406126021745,3.6805962149320806,7.1555083701144895,38.85350318471337,24.828966583698644,34.290811953113845
20240613,43402056,8445031897,197.5,199.5,191.0,192.5,1.0,30193,204.3,209.4,211.95,200.4328343424611,206.55855632512652,204.4759826483495,2.082573676777031,6.140921431446998,39.62264150943396,21.969311055799096,30.18364498734226
20240614,34152113,6726405646,194.0,200.0,193.0,199.0,6.5,22494,199.7,207.45,211.05,199.95522289497407,205.39570150587627,204.0703543040273,1.3253472018489845,5.177806585527396,36.423841059602644,26.51835348925419,28.961881154646232
20240617,29666492,5926230174,200.0,203.5,197.0,200.0,1.0,17797,196.1,206.4,210.525,199.97014859664938,204.5655935818953,203.76884657780303,0.7967470040922819,4.301594669240373,34.24657534246576,30.464290454023335,29.462684254438596
20240618,17778328,3547402102,202.0,202.5,198.0,199.0,-1.0,12184,196.4,204.75,209.85,199.6467657310996,203.70934841544988,203.41559868315096,0.2937497322989202,3.5000256818520827,35.97122302158273,32.18167308807035,30.36901386564918
20240619,30216127,6102857642,200.0,204.5,199.5,200.5,1.5,19649,198.2,203.7,209.475,199.9311771540664,203.21560250538067,203.19962841032498,0.01597409505569658,2.8032153644928055,37.5886524822695,34.696457857800326,31.811495196366224
20240620,19330687,3947538919,203.0,205.5,202.0,204.5,4.0,14527,200.6,202.45,209.25,201.45411810271094,203.4132021199375,203.2959522317824,0.11724988815510073,2.2660222692252647,40.54054054054053,40.02594907414999,34.54964648896081
20240621,33744604,6957461363,208.0,210.0,203.5,204.0,-0.5,21334,201.6,200.65,209.0,202.3027454018073,203.50347871687018,203.34810391831704,0.15537479855314018,1.8438927750908398,45.11278195488722,43.350632716099994,37.48330856467387
20240624,22716760,4595987118,204.0,205.5,200.0,201.0,-3.0,16016,201.8,198.95,208.075,201.86849693453823,203.118328145044,203.174170294738,-0.055842149694001364,1.4639457901338717,38.759689922480625,49.73375514406666,41.566790757804796
20240625,22932615,4636075306,204.5,205.0,200.0,202.0,1.0,12835,202.4,199.4,207.025,201.91233128969216,202.94627766119106,203.08719471735,-0.14091705615894057,1.1429732208753094,42.622950819672134,52.45408237674619,45.1958879641186
20240626,35984854,7222068888,203.0,203.0,200.0,200.0,-2.0,16510,202.3,200.25,206.1,201.27488752646144,202.49300417485398,202.85851362717594,-0.36550945232195886,0.8412766862358558,35.08771929824562,48.69487844724256,46.36221812515991
20240627,40890983,7878901019,190.5,196.5,190.0,194.5,,24260,200.3,200.45,204.925,199.01659168430763,201.26331122487645,202.23936446960735,-0.976053244730906,0.4778107000425035,26.08695652173914,39.963252298161706,44.22922951616051
20240628,16008222,3107965797,195.5,196.5,193.0,193.0,-1.5,11900,198.1,199.85,203.65,197.01106112287175,199.99203257489546,201.5549671014883,-1.5629345265928407,0.06966165471543466,27.272727272727266,31.64216819877447,40.03354241036516
20240701,21948663,4258939121,195.0,197.0,191.0,192.0,-1.0,14486,196.3,199.05,202.725,195.34070741524786,198.76248910183463,200.84719176063732,-2.0847026588026836,-0.361211207988189,42.25352112676056,24.42811213251631,34.83173231774887
20240702,22901660,4394180836,194.0,195.0,190.5,190.5,-1.5,13559,194.0,198.2,201.475,193.72713827683194,197.49133693232162,200.08073311170122,-2.589396179379605,-0.8068482022664724,48.38709677419355,17.118741421677537,28.927402019058427
20240703,26317800,5076312634,192.5,197.0,191.0,191.0,0.5,16251,192.2,197.25,200.475,192.81809218455464,196.49266971196445,199.40808621453817,-2.91541650257372,-1.228561862327922,47.540983606557376,13.079160947785024,23.644654995300627
20240704,22344416,4256757502,193.5,193.5,188.0,188.5,-2.5,18805,191.0,195.65,199.05,191.37872812303644,195.26302821781607,198.60007982827608,-3.3370516104600085,-1.6502598119543395,30.188679245283026,9.671821584237634,18.987043858279627
20240705,29560310,5483474596,189.0,189.5,184.0,184.0,-4.5,27081,189.2,193.65,197.15,188.9191520820243,193.53025464584437,197.51859243358896,-3.988337787744598,-2.117875407112391,23.33333333333333,6.4478810561584226,14.807322924239225
20240708,58656319,10223842240,177.0,178.0,170.5,175.5,-8.5,45188,185.9,191.1,195.025,184.44610138801622,190.75636931571447,195.88758558665646,-5.131216270941991,-2.7205435798783113,18.66666666666667,9.42679249897741,13.013812782485285
20240709,31343549,5609916702,181.0,182.5,177.0,178.0,2.5,21849,183.4,188.7,194.05,182.29740092534416,188.7938509594507,194.56257924690414,-5.768728287453428,-3.3301805213933346,20.77922077922078,15.718490596802548,13.915372053924372
20240710,19238876,3424449947,179.5,181.0,176.0,177.0,-1.0,15537,180.6,186.4,193.325,180.53160061689613,186.97941235030444,193.26164745083716,-6.282235100532716,-3.920591437221211,11.267605633802816,18.655094360132516,15.495279489327086
20240711,15316066,2708977063,178.5,179.0,176.0,176.0,-1.0,11683,178.1,184.55,192.5,179.02106707793075,185.29027198871916,191.9830068989233,-6.692734910204138,-4.4750201318177965,11.111111111111114,19.354968567132367,16.781842515262177
20240712,23280940,4023102212,174.0,175.0,171.0,173.5,-2.5,21834,176.0,182.6,191.225,177.18071138528717,183.47638399045468,190.61389527678082,-7.137511286326145,-5.007518362719466,11.267605633802816,16.676897283748623,16.746860771424323
20240715,19827156,3419453975,173.0,175.0,170.5,173.5,0.0,14252,175.6,180.75,189.9,175.95380759019145,181.94155568423088,189.34619933035262,-7.404643646121741,-5.486943419399921,8.695652173913047,14.89151642815946,16.1284126570027
20240716,16492961,2848624024,174.5,175.5,171.0,171.5,-2.0,12917,174.3,178.85,188.525,174.46920506012765,180.3351625020415,188.0242586392154,-7.689096137173891,-5.927373962954715,8.695652173913047,11.376952981091812,14.544592765032402
20240717,57705799,9773258872,171.5,172.0,167.0,172.0,0.5,39829,173.3,176.95,187.1,173.64613670675178,179.05282980941973,186.83727651779202,-7.784446708372286,-6.29878851203823,11.86440677966101,14.992042728135281,14.69374275273336
20240718,21479743,3708359914,174.0,174.5,171.0,173.0,1.0,13588,172.7,175.4,185.525,173.43075780450118,178.12162522335515,185.81229307202966,-7.690667848674508,-6.5771643793654855,15.517241379310349,22.8979209585418,17.42846882133617
20240719,26944129,4538230278,172.5,172.5,167.0,167.0,-6.0,22541,171.4,173.7,183.675,171.28717186966747,176.41060595822358,184.41878988150896,-8.008183923285372,-6.863368288149463,13.235294117647058,15.265280639027866,16.70740609390007
20240722,36842727,5941193093,163.0,164.0,158.5,162.0,-5.0,25382,169.1,172.35,181.725,168.19144791311166,174.1935896569584,182.75813877917497,-8.564549122216562,-7.203604454962883,12.000000000000014,15.362038944537096,16.258950377445743
20240723,22072225,3663291167,164.0,169.0,162.5,167.0,5.0,14721,168.2,171.25,179.975,167.79429860874112,173.08688355588788,181.59086923997683,-8.503985684088946,-7.463680700788096,21.42857142857143,24.062497507740176,18.860132754210554
20240726,16438362,2694233293,163.0,165.5,161.0,165.5,-1.5,12288,166.9,170.1,178.25,167.0295324058274,171.91967070113589,180.39895299997855,-8.479282298842662,-7.66680102039901,21.951219512195124,29.767155201238545,22.495806903219883
20240729,19096330,3113076787,166.5,166.5,161.0,162.0,-3.5,15792,164.7,168.7,176.625,165.35302160388494,170.39356751634574,179.03606759257272,-8.64250007622698,-7.861940831564604,22.5,26.70751523219824,23.899709679546
20240730,18685039,3087493642,165.0,167.0,163.0,167.0,5.0,11627,164.7,168.05,175.325,165.90201440258997,169.8714802061387,178.14450703015993,-8.27302682402123,-7.94415803005593,38.35616438356164,34.47167682146549,27.423698726852496
20240731,15365476,2594009140,166.0,170.5,165.5,170.5,3.5,10613,166.4,167.75,174.25,167.43467626839333,169.96817555904045,177.57824725014808,-7.610071691107635,-7.877340762266272,39.99999999999999,47.981117880976996,34.27617177822733
20240801,22949496,3987473466,172.0,175.5,170.0,175.0,4.5,15248,168.0,168.1,173.475,169.95645084559555,170.74230239611114,177.38726597235933,-6.644963576248188,-7.630865325062655,47.56097560975609,64.34035309712192,44.29756555119219
20240802,28717027,4986550623,172.0,177.0,171.0,171.0,-4.0,19261,169.1,168.0,172.475,170.30430056373038,170.78194818132482,176.91413515959198,-6.132186978267157,-7.331129655703556,44.31818181818182,65.41609125393714,51.33707411877384
20240805,40628395,6565972434,166.0,166.0,158.0,160.5,-10.5,28383,168.8,166.75,171.075,167.03620037582027,169.20010999958254,175.6982732959185,-6.498163296335974,-7.16453638383004,37.5,47.99669241490545,50.2236135508177
20240806,37291237,6218682928,165.0,173.0,163.0,165.5,5.0,21841,168.5,166.6,170.15,166.5241335838802,168.63086230733907,174.942845644369,-6.311983337029915,-6.994025774470015,42.98245614035088,45.1556896801124,48.53430559391593
20240807,29226315,5039082572,167.5,177.0,165.0,177.0,11.5,19370,169.8,168.1,170.225,170.01608905592013,169.91842195236384,175.0952274484898,-5.176805496125951,-6.630581718801203,54.13533834586467,63.43712645340826,53.50191254708004
20240808,21757837,3753327851,175.0,175.5,170.5,172.5,-4.5,14847,169.3,168.65,169.95,170.84405937061342,170.31558780584632,174.9029883782313,-4.587400572384979,-6.2219454895179584,50.354609929078016,67.73001412683358,58.244613073664546
20240809,40858169,7163729785,178.5,180.0,170.0,173.0,0.5,23227,169.7,169.4,169.75,171.56270624707562,170.72857429725457,174.7620262761401,-4.033451978885523,-5.784246787391472,50.0,67.8806154784951,61.456613875274726
20240812,30662629,5462960637,174.5,181.0,173.5,180.0,7.0,19296,173.6,171.2,169.95,174.37513749805044,172.15494748229233,175.15002432975933,-2.995076847467004,-5.226412799406578,59.154929577464785,77.13780162334456,66.68367645796467
20240813,22260503,3968632553,182.0,182.0,176.0,178.5,-1.5,13582,176.2,172.35,170.2,175.75009166536697,173.13110940809352,175.39817067570308,-2.267061267609563,-4.634542493047175,62.22222222222222,79.89742330445192,71.08825874012709
20240814,38096970,6916864904,180.5,184.5,180.0,181.5,3.0,20340,177.1,173.45,170.6,177.66672777691133,174.4186310376176,175.85015803305842,-1.4315269954408336,-3.993939393525907,61.06870229007633,82.82469729730757,75.00040492585391
20240815,27516380,5067314796,181.5,186.5,181.0,185.5,4.0,18448,179.7,174.5,171.3,180.2778185179409,176.12345703183027,176.56496114172077,-0.44150410989050215,-3.283452336798826,64.70588235294119,87.3802075549302,79.12700580221266
20240816,19152391,3557822702,187.0,187.0,183.5,186.0,0.5,13705,182.3,176.0,172.0,182.18521234529393,177.64292518077946,177.26385290900072,0.3790722717787389,-2.5509474150833134,68.46153846153847,90.19791614773123,82.81730925071885
20240819,12062733,2245303283,186.5,187.0,184.5,187.0,1.0,8210,183.7,178.65,172.7,183.7901415635293,179.08247515296722,177.98504898981548,1.097426163151738,-1.8212726994363033,66.39344262295083,93.46527743182082,86.36663197775283
20240820,18027978,3415554151,189.5,192.0,187.5,188.5,1.5,12454,185.7,180.95,173.775,185.3600943756862,180.5313251294338,178.76393424982916,1.7673908796046476,-1.1035399836281132,65.25423728813558,90.34048798485024,87.6912506467853
20240821,15756650,2955884260,188.5,190.0,186.0,187.5,-1.0,11877,186.9,182.0,175.05,186.07339625045748,181.60342895567476,179.4110502313233,2.192378724351471,-0.4443562420321964,61.261261261261254,86.74214350505167,87.37488159954076
20240822,9138002,1721351306,187.5,189.0,187.0,189.0,1.5,7213,187.6,183.65,176.15,187.04893083363834,182.74136296249404,180.12134280678083,2.620020155713206,0.1685190375168841,66.98113207547169,85.75602359796237,86.83526226568128
20240823,12208614,2312728612,189.5,191.0,188.0,189.5,0.5,8346,188.3,185.3,177.35,187.86595388909222,183.78115327595648,180.81605815442668,2.9650951215297994,0.7278342543194671,83.72093023255815,85.29568239864157,86.32206897666805
20240826,18540930,3526166512,189.5,193.0,188.0,189.0,-0.5,13235,188.7,186.2,178.7,188.24396925939482,184.58405277196317,181.4222760689136,3.1617767030495827,1.2146227440654904,80.51948051948052,79.94071134268412,84.19494976534007
20240827,24705971,4563375186,189.5,190.0,182.5,183.5,-5.5,20374,187.7,186.7,179.525,186.6626461729299,184.41727542243038,181.57618154529035,2.8410938771400254,1.5399169706803975,60.0,60.23825200623386,76.209383845638
20240828,11042920,2018751112,183.5,184.0,181.0,183.0,-0.5,8824,186.8,186.85,180.15,185.44176411528662,184.19923304974878,181.68164957897255,2.5175834707762306,1.7354502706995643,68.42105263157895,45.71439022637813,66.04438597255138
20240829,9194741,1683101915,182.5,184.5,181.5,184.5,1.5,7694,185.9,186.75,180.625,185.1278427435244,184.24550488824897,181.89041627682644,2.3550886114225307,1.8593779388441576,69.49152542372882,40.198482373140976,57.42908477274791
20240830,18202233,3402747480,185.5,188.0,184.5,188.0,3.5,11590,185.6,186.95,181.475,186.08522849568294,184.82311952082605,182.34297803409856,2.48014148672749,1.9835306484208242,65.38461538461539,46.243432693205094,53.700534079566964
20240902,22437569,4111548890,188.0,188.0,181.0,182.0,-6.0,18685,184.2,186.45,182.55,184.72348566378864,184.38879344069898,182.31757225379496,2.071221186904012,2.0010687561174616,55.73770491803278,33.60673290658117,47.00260035523836
20240903,9615815,1758934122,182.0,184.0,182.0,182.0,0.0,7312,183.9,185.8,183.375,183.81565710919244,184.0212867575145,182.2940483831435,1.7272383743710122,1.946302679768172,50.909090909090914,25.182266382165224,39.72915569754731
20240904,23714174,4201809293,176.5,180.5,173.0,178.5,-3.5,17431,183.0,184.9,183.45,182.04377140612831,183.1718580255892,182.0130077621699,1.158850263419282,1.788812196498394,37.037037037037045,25.954844254776816,35.13771854995714
20240905,11844442,2138568539,180.0,182.0,178.5,181.0,2.5,7431,182.3,184.1,183.875,181.69584760408554,182.8377260216524,181.93797015015733,0.8997558714950742,1.6110009314977303,41.379310344827594,30.636562836517875,33.63733331214405
20240906,10025417,1803494817,180.0,181.5,178.0,180.0,-1.0,5840,180.7,183.15,184.225,181.13056506939037,182.40115278755204,181.79441680570122,0.606735981850818,1.410147941568348,37.93103448275862,34.14986542042368,33.80817734823726
20240909,14516557,2579837039,176.5,179.0,175.5,179.0,-1.0,8010,180.1,182.15,184.175,180.42037671292692,181.87789851254402,181.58742296824187,0.2904755443021543,1.1862134621151093,33.33333333333333,36.09991028028245,34.57208832558565
20240910,11785588,2102087367,180.5,181.5,176.0,177.5,-1.5,7813,179.2,181.55,184.125,179.44691780861797,181.20437566446031,181.28465089652025,-0.08027523205993248,0.932915723280101,32.758620689655174,34.066606853521634,34.403594501564314
20240911,15383544,2796434019,178.0,183.5,177.0,182.5,5.0,10199,180.0,181.5,184.175,180.46461187241198,181.40370248531258,181.37467675603727,0.029025729275304002,0.7521377244791416,40.0,43.8221823467922,37.54312378330694
20240912,12742901,2355065581,185.0,186.0,183.0,184.5,2.0,8571,180.7,181.5,184.125,181.80974124827466,181.88005594911064,181.606182181516,0.2738737675946368,0.6564849331022407,42.64705882352941,54.77034378675035,43.2855304511214
20240913,10869274,2016589918,185.5,186.5,183.5,186.5,2.0,7008,182.0,181.35,184.15,183.37316083218312,182.5908165723244,181.96868720510741,0.622129367216985,0.6496138199251895,46.47887323943662,69.84689585783356,52.13931892002545
20240916,9726722,1791726967,185.0,186.0,183.0,184.5,-2.0,6290,183.1,181.6,184.025,183.7487738881221,182.8845370996591,182.15619185658093,0.7283452430781665,0.665360104555785,51.5625,74.95965896695077,59.74609893566722
20240918,19644623,3676263041,184.5,189.0,184.5,187.0,2.5,12050,185.0,182.1,183.95,184.83251592541473,183.51768523817307,182.51499245979716,1.0026927783759163,0.7328266393198113,55.88235294117647,78.36816770636224,65.95345519256556
20240919,19044960,3601068725,187.5,190.0,186.5,190.0,3.0,12386,186.5,183.25,184.075,186.55501061694315,184.5149644323003,183.06943746277514,1.4455269695251616,0.8753667053608813,57.74647887323944,85.57877847090816,72.49522961867976
20240920,15038484,2850759870,192.0,192.0,188.0,189.0,-1.0,8597,187.4,184.05,184.075,187.3700070779621,185.2049699042541,183.50873839145848,1.6962315127956344,1.039539666847832,51.515151515151516,84.32524625333272,76.4385684968974
20240923,27480666,5300262684,190.0,195.0,189.0,195.0,6.0,21520,189.1,185.55,184.35,189.91333805197473,186.71189761129193,184.35994295505415,2.3519546562377798,1.3020226647258217,69.69696969696969,89.55016416888847,80.80910038756109
20240924,61532669,12476108737,197.0,205.0,196.5,204.0,9.0,41152,193.0,188.05,185.1,194.60889203464984,189.37160567109316,185.8147619954205,3.556843675672667,1.752986866915191,76.19047619047619,91.84296658878279,84.48705578796832
20240925,45797369,9482691219,205.5,209.5,204.0,209.5,5.5,31369,197.5,191.25,186.4,199.57259468976656,192.4682817216942,187.56922406983378,4.899057651860431,2.3822010239042393,85.22727272727272,94.56197772585519,87.84536310059727
20240926,49482075,10397382215,210.5,214.5,205.0,206.0,-3.5,33043,200.7,193.6,187.55,201.71506312651104,194.55008453374126,188.93446673132757,5.615617802413681,3.0288843796061276,77.77777777777777,87.3799428225278,87.69022300790743
20240927,31568554,6629981603,209.0,212.0,206.5,212.0,6.0,20949,205.3,196.35,188.925,205.14337541767404,197.2346869131657,190.64302475122923,6.591662161936455,3.7414399360721933,82.0,88.94112590284921,88.10719063955469
20240930,37155844,7541002336,210.0,210.0,198.5,201.0,-11.0,24483,206.5,197.8,189.575,203.7622502784494,197.81396584960174,191.41020810299003,6.403757746611717,4.273903498180099,68.33333333333333,77.62741726856615,84.61393284922517
20241001,16057226,3288551612,204.0,207.0,203.0,204.5,3.5,10274,206.6,199.8,190.7,204.0081668522996,198.84258648812454,192.37982231758335,6.462764170541192,4.711675632652318,71.7741935483871,73.18018294094887,80.80268287979973
20241004,61794921,11528282820,185.5,189.5,185.0,186.0,-18.5,37571,201.9,199.7,190.9,198.00544456819975,196.86680395149,191.90724288665126,4.959561064838738,4.761252719089602,52.31788079470199,49.9167321301241,70.50736596324118
20241007,19006688,3540331706,186.0,188.0,183.0,188.0,2.0,12205,198.3,199.5,191.375,194.67029637879983,195.50268026664537,191.61781748764005,3.884862779005317,4.585974731072746,52.31788079470199,38.56882671108802,59.861186212523464
20241008,10640896,2002236964,187.5,189.0,187.0,189.0,1.0,7316,193.7,199.5,191.775,192.78019758586657,194.5022679179307,191.4239050811482,3.078362836782503,4.284452352214697,51.67785234899329,32.06175748993169,50.59470997165954
20241009,22110561,4092858097,188.5,188.5,183.5,183.5,-5.5,16115,190.2,198.35,191.95,189.68679839057774,192.80961131517213,190.8369491492113,1.972662165960827,3.8220943149639233,49.35897435897436,21.90360552238832,41.03100848856913
20241011,9159699,1703937599,185.5,187.0,185.0,186.0,2.5,6700,186.5,196.55,192.3,188.4578655937185,191.76197880514565,190.4786566196401,1.28332218550554,3.314339889072247,49.35897435897436,17.77700685619539,33.27967461111121
20241014,8308135,1553998597,186.5,188.0,186.0,187.0,1.0,5334,186.7,194.3,192.775,187.97191039581236,191.02936668127708,190.22097835151862,0.8083883297584578,2.813149577209489,48.026315789473685,16.449039053555545,27.66946275859265
20241015,8906179,1676343043,188.5,189.5,187.0,187.5,0.5,7163,186.6,192.45,193.025,187.81460693054157,190.48638719184984,190.01942439955428,0.46696279229556126,2.343912220226704,49.00662251655629,16.52158159125925,23.953502369481512
20241016,14938700,2828461158,187.5,191.5,186.0,189.5,2.0,9807,186.7,190.2,193.275,188.37640462036106,190.33463531618065,189.9809485181058,0.3536867980748468,1.9458671357963326,46.15384615384615,20.04216550528394,22.649723414748987
20241017,21684934,4231127816,190.0,198.0,190.0,196.5,7.0,15513,189.3,189.75,193.775,191.08426974690738,191.28315295984518,190.46384122046834,0.8193117393768432,1.720556056512435,44.60431654676259,43.36144367018929,29.55363016656242
20241018,9859248,1936645904,196.5,198.0,195.0,196.5,0.0,7641,191.4,188.95,194.375,192.88951316460492,192.0857448121767,190.91096409302625,1.1747807191504478,1.6114009890400376,39.84375000000001,58.90762911345952,39.338296482194785
20241021,23116524,4659969616,198.0,205.0,197.0,204.0,7.5,17711,194.8,190.75,195.225,196.5930087764033,193.9187071487649,191.88052230835763,2.0381848404072684,1.696757759313484,48.529411764705884,71.05469847874045,49.910430481043335
20241022,24061516,4946533105,205.5,209.0,202.0,206.0,2.0,15900,198.5,192.55,196.025,199.7286725176022,195.77736758741645,192.92640954477557,2.850958042640883,1.927597815978964,45.31250000000001,76.78156369170931,58.86747488459866
20241023,14698581,3024640571,206.5,208.0,204.5,205.5,-0.5,10971,201.7,194.2,196.85,201.65244834506817,197.2731571893524,193.85778661553294,3.4153705738194446,2.2251523675470604,54.205607476635514,79.65993135002842,65.79829370640857
20241024,22828787,4678356572,205.0,208.0,201.0,205.0,-0.5,15179,203.4,196.35,197.35,202.7682988967121,198.46190223714433,194.6831357551231,3.77876648202124,2.5358751904418964,50.495049504950494,80.64285278407691,70.74648006563135
20241025,13838201,2867233236,205.5,209.0,205.5,207.5,2.5,9621,205.6,198.5,197.525,204.34553259780807,199.8523788160452,195.63253310659545,4.219845709449743,2.8726692942434657,81.15942028985506,84.92132214590634,75.47142742572301
20241028,16612807,3452535786,211.0,211.5,205.5,206.0,-1.5,11306,206.0,200.4,197.35,204.89702173187206,200.79816669049978,196.40049361721802,4.397673073281766,3.177670050051126,76.47058823529412,82.75800561361076,77.9002868216856
20241029,15802724,3214021245,205.0,205.0,202.0,204.5,-1.5,10797,205.7,202.1,197.275,204.76468115458138,201.36767950734597,197.00045705297964,4.367222454366328,3.4155805309141662,72.46376811594203,77.65262389744592,77.8177325136057
20241030,11120844,2294775370,205.0,208.5,204.5,205.5,1.0,8283,205.7,203.7,196.95,205.0097874363876,202.00342112160044,197.630052826833,4.373368294767431,3.6071380836848195,86.66666666666667,72.98053714375183,76.20533405698774
20241101,47112506,9924293346,207.0,213.5,206.5,213.0,7.5,29719,207.3,205.35,197.55,207.6731916242584,203.69520248750806,198.76856743225278,4.926635055255275,3.871037477998911,88.57142857142857,80.97692375240021,77.79586395545856
20241104,24882127,5258847590,214.0,214.5,208.5,210.5,-2.5,15026,207.9,206.75,197.85,208.61546108283895,204.74209441250682,199.6375624372711,5.104531975235716,4.117736377446272,82.1917808219178,77.44140595839026,77.67771128976912
20241105,31323057,6749969260,211.5,219.0,210.5,217.5,7.0,22659,210.2,208.1,199.425,211.57697405522597,206.704849118275,200.9607059604362,5.744143157838806,4.44301773352478,84.88372093023256,82.18315952781572,79.17952736911798
20241106,19268503,4164179513,217.5,218.0,214.0,217.0,-0.5,13865,212.7,209.2,200.875,213.38464937015067,208.28871848469424,202.1488018152187,6.139916669475554,4.782397520714935,83.13253012048193,84.41840264817344,80.92581912880313
20241107,29776405,6343223440,212.5,216.0,210.0,214.5,-2.5,17715,214.5,210.1,202.15,213.7564329134338,209.24430025627973,203.06370538446174,6.180594871817988,5.062036990935546,74.32432432432432,80.78873902035092,80.88012575931906
20241108,26215660,5743529449,217.0,221.0,216.5,218.0,3.5,18696,215.5,211.4,203.875,215.17095527562253,210.59133098608285,204.17009757820531,6.421233407877537,5.333876274323945,76.54320987654322,81.9293347854971,81.2298621013784
20241111,18267316,4011434621,220.5,221.0,217.5,220.5,2.5,13156,217.5,212.7,205.6,216.9473035170817,212.11574160360857,205.37971997981973,6.736021623788844,5.614305344216925,73.2394366197183,87.07569687454193,83.1784736924329
20241112,22393993,4939487097,219.5,223.0,218.5,220.5,0.0,15175,218.1,214.15,207.275,218.1315356780545,213.40562751074572,206.4997407220553,6.905886788690424,5.872621633111625,71.64179104477611,86.87929341185678,84.41208026557419
20241113,22973337,5038745029,222.0,222.5,217.0,219.5,-1.0,13001,218.6,215.65,208.875,218.58769045203633,214.3432232783233,207.46272289079195,6.880500387531356,6.074197383995571,70.58823529411765,84.18215520386411,84.33543857833749
20241114,36843757,8125675406,221.0,223.0,218.0,220.0,0.5,22051,219.7,217.1,210.4,219.05846030135757,215.2134966201197,208.39141008406662,6.822086536053092,6.223775214407076,72.05882352941177,82.55821841177146,83.7430318561488
20241115,45611572,10325727060,221.5,229.5,221.0,227.5,7.5,30747,221.6,218.55,211.95,221.87230686757172,217.10372790933206,209.80686118895056,7.296866720381502,6.438393515601962,75.64102564102564,84.95334218904422,84.1464686337806
20241118,21850072,4930995694,226.5,227.5,224.0,224.5,-3.0,14453,222.4,219.95,213.35,222.74820457838115,218.241615923281,210.8952418416209,7.3463740816600875,6.619989628813587,72.8395061728395,81.4218862456876,83.23827450441627
20241119,45449413,10555630043,225.5,236.0,224.0,236.0,11.5,32581,225.5,221.8,214.95,227.16546971892078,220.973675012007,212.75485355705638,8.218821454950614,6.939755994040993,81.18811881188118,87.6145908304584,84.69704661309697
20241120,43249484,10251541039,238.0,241.5,233.0,233.5,-2.5,30304,228.3,223.45,216.325,229.27697981261386,222.9008019332367,214.2915310713485,8.609270861888206,7.273658967610436,76.92307692307693,81.07639388697226,83.49016237105539
20241121,25526513,6085898826,235.5,241.0,234.5,239.0,5.5,18577,232.1,225.9,218.0,232.51798654174257,225.37760163581567,216.1217880290264,9.255813606789275,7.670089895446204,76.0,83.98290204709716,83.65440892973598
20241122,24132825,5697423156,235.5,239.5,233.0,236.0,-3.0,16520,233.8,227.7,219.55,233.67865769449506,227.0118167687671,217.59424817502443,9.417568593742658,8.019585635105495,75.24752475247524,81.83894150078586,83.04925312008594
20241125,52537801,12055590587,237.0,237.5,226.0,228.0,-8.0,36108,234.5,228.45,220.575,231.78577179633007,227.16384495818755,218.3650446065041,8.79880035168344,8.175428578421084,60.19417475728156,69.52528072841505,78.54126232286231
20241126,25200950,5736765725,225.0,230.5,224.0,229.5,1.5,14148,233.2,229.35,221.75,231.02384786422007,227.5232534261587,219.18985611713344,8.333397309025258,8.207022324541919,61.904761904761905,62.66224388986535,73.24825617852999
20241127,67196257,14606707899,226.0,227.5,213.0,214.0,-15.5,50845,229.3,228.8,222.225,225.34923190948007,225.44275289905735,218.8054223306791,6.637330568378246,7.893083973309185,49.61832061068702,42.944419903185086,63.14697742008168
20241128,23303037,5037915252,214.0,219.0,212.5,217.0,3.0,15933,224.9,228.5,222.8,222.56615460632005,224.14386783766392,218.6716873432214,5.472180494442512,7.408903277535851,49.23076923076923,33.802027061893504,53.36532730068562
20241129,23520257,5134921190,220.0,222.0,216.0,217.0,0.0,15546,221.1,227.45,223.0,220.7107697375467,223.04481124725407,218.54785865113092,4.496952596123151,6.8265131412533115,47.2,27.70709850103245,44.81258436746789
20241202,15384699,3397508568,220.0,222.5,219.0,221.0,4.0,10547,219.7,227.1,223.525,220.80717982503114,222.7302249015227,218.72949875104715,4.000726150475543,6.261355743097758,50.37593984962406,28.241513943217036,39.28889422605094
20241203,25557478,5787789769,222.5,229.5,221.5,229.0,8.0,17526,219.6,226.4,224.1,223.5381198833541,223.69480568590382,219.49027662133994,4.2045290645638715,5.849990407390981,56.46258503401361,38.12592157617978,38.90123667609389
20241204,15647891,3565149580,229.0,230.0,225.0,230.0,1.0,11557,222.8,226.05,224.75,225.69207992223608,224.66483558038016,220.26877464938883,4.396060930991325,5.559204512111051,56.75675675675676,47.02221932239145,41.608230891526404
20241205,10814687,2456170270,228.5,229.0,226.0,226.0,-4.0,8499,224.6,224.75,225.325,225.7947199481574,224.8702454910909,220.6933098605452,4.1769356305456995,5.282750735797981,48.93617021276596,49.34814621492763,44.18820266599347
20241206,12394065,2842622603,228.5,232.0,228.0,228.0,2.0,9139,226.8,223.95,225.825,226.52981329877161,225.35174618476924,221.2345461671715,4.117200017597753,5.049640592157935,52.51798561151079,59.39449063901158,49.25696532366617
20241209,35643331,8380625520,231.5,238.0,231.0,235.5,7.5,25330,229.7,224.7,226.575,229.51987553251442,226.91301600249705,222.2912464510847,4.621769551412342,4.964066384008817,49.61832061068702,69.66168656979858,56.058539072376966
20241210,19356000,4484552012,232.5,234.5,230.0,231.0,-4.5,15134,230.1,224.85,227.1,230.01325035500963,227.54178277134366,222.93633930655992,4.605443464783747,4.892341800163803,48.14814814814815,70.62413091581342,60.91373635352245
20241211,14439627,3308316714,230.5,233.0,227.0,227.0,-4.0,11796,229.5,226.15,227.475,229.00883357000643,227.45843157575234,223.2373512097777,4.221080365974643,4.758089513325971,40.909090909090914,63.74942061054228,61.85896443919573
20241212,12121038,2758415150,228.0,230.5,225.0,227.0,0.0,8888,229.7,227.15,227.825,228.3392223800043,227.3879036410212,223.51606593497934,3.871837706041873,4.580839151869152,42.857142857142854,56.53470145965976,60.084210112683735
20241213,13618855,3131397702,228.0,232.0,227.0,230.0,3.0,9005,230.1,228.45,227.95,228.89281492000288,227.78976461932564,223.9963573472031,3.7934072721225505,4.423352775919832,51.72413793103448,54.86151814482367,58.343312790063706
20241216,17070666,3877509306,232.5,233.0,223.0,226.0,-4.0,13926,228.2,228.95,228.025,227.92854328000192,227.51441621635246,224.14477532148433,3.3696408948681267,4.212610399709491,47.107438016528924,43.241012096549106,53.30921255889217
20241217,16414426,3785039120,228.0,233.0,227.5,231.0,5.0,10027,228.2,229.15,227.775,228.95236218666795,228.05065987537515,224.65256974211513,3.3980901332600126,4.049706346419596,67.0,46.605119175477185,51.074514764420506
20241218,22079746,5052107979,229.5,232.0,226.0,229.0,-2.0,14729,228.6,229.05,227.55,228.96824145777865,228.19671220224052,224.97460161306958,3.2221105891709385,3.8841871949698645,62.24489795918367,44.403412783651454,48.85081410416415
20241219,20596691,4725010824,227.5,233.0,227.0,229.5,0.5,13225,229.1,229.4,227.075,229.1454943051858,228.39721801728044,225.30981630839776,3.0874017088826804,3.724830097752428,62.62626262626263,44.046719633545415,47.249449280624574
20241220,29054099,6709744943,231.5,233.5,228.5,230.5,1.0,12018,229.2,229.65,226.8,229.5969962034572,228.72072293769884,225.69427435962754,3.026448578071296,3.5851537938162017,60.215053763440864,51.10361019047955,48.534169583909566
20241223,30918902,7038720300,230.0,230.5,225.0,228.0,-2.5,15187,229.6,228.9,226.8,229.06466413563814,228.60984248574516,225.86506885150698,2.744773634238186,3.417077761900599,48.78048780487806,49.94208933333557,49.003476167051566
20241224,34902344,8125755435,230.0,236.0,228.0,232.0,4.0,18021,229.8,229.0,226.925,230.04310942375878,229.1314051802459,226.3195081958398,2.811896984406104,3.2960416064017,52.272727272727266,56.37164929914679,51.45953387774997
20241225,24764594,5726850339,233.0,233.5,229.0,231.5,-0.5,11061,230.3,229.45,227.8,230.52873961583919,229.495804383285,226.7032483294813,2.792556053803679,3.1953444958820962,56.79012345679012,59.37597132763632,54.098346361045415
20241226,24569427,5671993729,231.5,232.5,228.0,231.0,-0.5,9902,230.6,229.85,228.5,230.68582641055949,229.72721909354883,227.02152623100122,2.7056928625476075,3.097414169215199,53.84615384615384,60.09680139791139,56.097831373334074
