Date,Volume,Transaction Amount,Open,High,Low,Close,Diff,Transaction Count,MA5,MA10,MA20,EMA5,EMA12,EMA26,DIF,MACD,RSI,K,D
20220103,"9,618,972","203,405,951",21.25,21.3,21.0,21.05,-0.15,"3,459",,,,21.05,21.05,21.05,0.0,0.0,,50.0,50.0
20220104,"6,948,957","146,316,767",21.05,21.1,21.0,21.1,+0.05,"5,040",,,,21.06666666666667,21.05769230769231,21.053703703703704,0.003988603988606343,0.0007977207977212686,,44.44444444444457,48.14814814814818
20220105,"7,696,506","162,773,336",21.05,21.2,21.05,21.2,+0.10,"2,205",,,,21.111111111111114,21.07958579881657,21.06454046639232,0.015045332424250546,0.003647243123027124,,51.851851851851805,49.38271604938272
20220106,"9,144,301","194,312,985",21.15,21.3,21.1,21.3,+0.10,"3,337",,,,21.174074074074078,21.113495675921712,21.08198191332622,0.0315137625954911,0.00922054701751992,,67.9012345679012,55.55555555555554
20220107,"15,224,316","328,600,174",21.35,21.7,21.35,21.6,+0.30,"4,927",21.25,,,21.316049382716052,21.18834249501068,21.120353623450203,0.06798887156047684,0.020974211926111305,,73.8389182833628,61.65000979815795
20220110,"15,204,922","331,476,104",21.7,22.0,21.6,22.0,+0.40,"5,344",21.44,,,21.544032921810704,21.313212880393653,21.185512614305743,0.12770026608790985,0.04231942275847102,,82.5592788555752,68.61976615063037
20220111,"23,647,924","522,774,994",21.95,22.3,21.9,22.2,+0.20,"7,695",21.66,,,21.76268861454047,21.4496416680254,21.260659828060874,0.18898183996452644,0.0716519061996821,,85.80875000628086,74.34942743584719
20220112,"14,544,848","323,171,227",22.2,22.35,22.05,22.35,+0.15,"6,419",21.889999999999997,,,21.958459076360313,21.58815833448303,21.341351692648956,0.2468066418340733,0.10668285332656036,,90.5391666708539,79.74600718084943
20220113,"19,039,101","427,619,318",22.35,22.6,22.25,22.6,+0.25,"7,452",22.15,,,22.172306050906876,21.743826283024102,21.434584900600886,0.30924138242321675,0.14719455914589163,,93.69277778056926,84.39493071408937
20220114,"19,182,513","431,660,105",22.65,22.75,22.3,22.5,-0.10,"7,975",22.330000000000002,21.79,,22.281537367271252,21.860160701020394,21.513504537593413,0.3466561634269816,0.18708688000210963,,91.03328042514141,86.60771395110672
20220117,"13,723,628","307,783,392",22.45,22.65,22.25,22.45,-0.05,"4,835",22.42,21.93,,22.337691578180834,21.950905208555717,21.582874571845753,0.36803063670996394,0.2232756313436805,,88.13983400891777,87.11842063704373
20220118,"10,318,830","231,722,500",22.4,22.55,22.35,22.55,+0.10,"3,231",22.490000000000002,22.075,,22.408461052120558,22.043073638008682,21.654513492449773,0.38856014555890894,0.2563325341867262,,88.05281863220782,87.42988663543176
20220119,"11,041,427","247,586,070",22.5,22.5,22.35,22.4,-0.15,"4,442",22.5,22.195,,22.405640701413706,22.097985386007345,21.70973471523127,0.388250670776074,0.2827161615045958,,83.7018790881385,86.18721745300067
20220120,"12,616,299","280,469,248",22.3,22.35,22.1,22.3,-0.10,"3,848",22.44,22.294999999999998,,22.370427134275804,22.12906455739083,21.753458069658585,0.37560648773224514,0.3012942267501257,80.48780487804872,76.09110779788944,82.82184756796359
20220121,"23,292,124","511,998,054",22.15,22.2,21.85,21.95,-0.35,"7,264",22.330000000000002,22.330000000000002,,22.23028475618387,22.101516163946087,21.768016731165357,0.33349943278073013,0.3077352679562466,68.74999999999993,54.431108902296586,73.35826801274125
20220124,"16,186,085","351,666,546",21.75,21.95,21.55,21.85,-0.10,"5,502",22.21,22.315,,22.10352317078925,22.062821369492845,21.77408956589385,0.28873180359899564,0.30393457508479643,65.30612244897958,44.620739268197745,63.77909176456008
20220125,"18,538,078","400,033,022",21.6,21.75,21.5,21.7,-0.15,"6,531",22.04,22.264999999999997,,21.969015447192835,22.007002697263175,21.768601449901713,0.2384012473614625,0.29082790954012966,59.99999999999997,35.080492845465145,54.21289212486176
20220126,"10,489,722","229,350,380",21.65,22.0,21.6,21.85,+0.15,"4,061",21.93,22.215,,21.92934363146189,21.982848436145765,21.774630972131217,0.20821746401454888,0.2743058204350135,60.78431372549017,32.72032856364346,47.04870427112232
20220207,"23,083,828","511,445,968",21.85,22.35,21.85,22.25,+0.40,"6,324",21.919999999999998,22.18,,22.03622908764126,22.023948676738726,21.80984349271409,0.21410518402463552,0.2622656931529379,62.26415094339617,43.55268281054494,45.88336378426319
20220208,"23,800,074","541,365,665",22.3,22.95,22.3,22.85,+0.60,"8,346",22.1,22.215,22.0025,22.307486058427507,22.151033495702,21.886892122883417,0.26414137281858174,0.2626408290860667,64.91228070175436,60.06960463231736,50.61211073361457
20220209,"21,529,116","495,955,786",23.0,23.3,22.85,23.1,+0.25,"6,699",22.35,22.28,22.105,22.571657372285006,22.297028342517077,21.976751965632793,0.32027637688428356,0.2741679386457101,65.51724137931032,69.67603271784121,56.96675139502345
20220210,"11,493,320","264,885,306",23.1,23.2,22.95,23.2,+0.10,"4,835",22.65,22.345,22.21,22.781104914856673,22.43594705905291,22.067362931141474,0.36858412791143635,0.29305117649885537,64.91228070175433,77.93216996004226,63.955224250029715
20220211,"9,563,444","221,175,695",23.0,23.25,22.95,23.2, 0.00,"3,894",22.92,22.425,22.31,22.92073660990445,22.553493665352462,22.151261973279144,0.4022316920733182,0.31488727961374796,61.538461538461476,83.43626145484296,70.4489033183008
20220214,"14,599,877","333,007,822",22.95,22.95,22.65,22.85,-0.35,"7,503",23.04,22.48,22.387500000000003,22.8971577399363,22.599110024529008,22.203020345628836,0.39608967890017155,0.3311277594710327,56.14035087719301,80.62417430322866,73.84066031327674
20220215,"7,413,026","169,377,023",22.8,22.95,22.8,22.8,-0.05,"4,435",23.03,22.565,22.447499999999998,22.864771826624203,22.63001617460147,22.24724106076744,0.38277511383402896,0.34145723034363196,56.14035087719301,77.82352360955984,75.16828141203777
20220216,"8,364,428","192,022,548",23.0,23.1,22.85,22.9,+0.10,"4,402",22.990000000000002,22.669999999999998,22.4925,22.876514551082803,22.671552147739703,22.295593574784668,0.3759585729550352,0.3483574988659126,56.14035087719295,77.37254515147121,75.90303599184892
20220217,"9,309,749","214,179,550",22.95,23.1,22.9,23.0,+0.10,"2,475",22.95,22.8,22.532500000000002,22.917676367388538,22.72208258654898,22.34777182850432,0.37431075804465763,0.3535481507016616,60.71428571428575,78.01847837684285,76.60818345351356
20220218,"6,674,422","152,777,562",22.9,23.0,22.8,22.85,-0.15,"2,700",22.880000000000003,22.9,22.557499999999997,22.895117578259025,22.741762188618367,22.38497391528178,0.356788273336587,0.3541961752286467,59.64912280701756,70.34565225122859,74.5206730527519
20220221,"7,669,143","174,697,161",22.75,22.85,22.65,22.85, 0.00,"13,930",22.880000000000003,22.96,22.57,22.880078385506017,22.758414159600157,22.419420291927572,0.33899386767258477,0.3511557137174343,68.00000000000007,57.153511757229424,68.73161928757774
20220222,"17,306,913","390,851,544",22.7,22.75,22.5,22.65,-0.20,"7,357",22.85,22.94,22.577499999999997,22.803385590337346,22.74173505812321,22.43650027030331,0.3052347878199022,0.3419715285379279,65.38461538461533,44.76900783815288,60.74408213776945
20220223,"6,182,361","139,948,345",22.6,22.7,22.55,22.65, 0.00,"3,506",22.8,22.895,22.5875,22.7522570602249,22.727621972258103,22.452315065095657,0.2753069071624452,0.32863860426283137,69.38775510204081,36.51267189210186,52.66694538921359
20220224,"23,619,177","526,231,147",22.5,22.55,22.1,22.25,-0.40,"9,990",22.65,22.8,22.5725,22.584838040149933,22.65414166883378,22.43732876397746,0.21681290485631877,0.30627346438152886,57.40740740740739,29.341781261401188,44.89189067994278
20220225,"21,868,960","482,697,407",22.2,22.3,21.9,22.1,-0.15,"7,828",22.5,22.69,22.557499999999997,22.423225360099956,22.568889104397815,22.41234144812728,0.15654765627053635,0.27632830275933035,46.9387755102041,25.116743063156413,38.30017480768066
20220301,"19,243,473","431,820,524",22.1,22.6,22.1,22.55,+0.45,"4,414",22.44,22.66,22.57,22.465483573399972,22.565983088336612,22.422538377895627,0.14344471044098484,0.24975158429566127,43.47826086956519,34.80005093099318,37.133466848784835
20220302,"16,099,859","365,209,186",22.5,22.85,22.4,22.85,+0.30,"4,289",22.48,22.665,22.615000000000002,22.593655715599983,22.609677997823287,22.454202201755212,0.1554757960680746,0.23089642665014395,44.68085106382978,49.58892284288436,41.28528551348467
20220303,"7,411,393","168,805,378",22.95,23.0,22.65,22.75,-0.10,"3,644",22.5,22.65,22.660000000000004,22.645770477066655,22.631265998158167,22.476113149773344,0.15515284838482302,0.2157477109970798,40.425531914893625,58.816857652832,47.129142893267115
20220304,"11,590,539","262,332,616",22.55,22.75,22.4,22.7,-0.05,"3,730",22.59,22.619999999999997,22.71,22.663846984711103,22.64184045997999,22.492697360901243,0.14914309907874568,0.20242678861341298,39.58333333333332,63.45366267764556,52.57064948805993
20220307,"29,114,113","643,566,703",22.45,22.45,22.0,22.1,-0.60,"10,248",22.589999999999996,22.544999999999998,22.722500000000004,22.475897989807404,22.558480389213837,22.463608667501152,0.09487172171268554,0.18091577523326752,35.849056603773576,48.36304784570318,51.16811560727434
20220308,"26,520,705","580,504,340",21.65,22.1,21.65,21.95,-0.15,"10,010",22.47,22.455000000000002,22.707500000000003,22.300598659871604,22.464868021642477,22.425563581019585,0.0393044406228924,0.1525935083111925,34.54545454545452,39.64943930454287,47.32855683969718
20220309,"17,550,533","385,242,779",21.9,22.05,21.85,21.9,-0.05,"5,302",22.28,22.38,22.66,22.167065773247735,22.377965249082095,22.386632945388506,-0.008667696306410733,0.12034126738767187,31.481481481481495,32.60579904253474,42.420970907309695
20220310,"14,238,403","316,525,593",22.05,22.45,21.85,22.45,+0.55,"3,283",22.22,22.36,22.627499999999998,22.26137718216516,22.38904751845408,22.391326801285654,-0.0022792828315729707,0.0958171573438229,41.26984126984126,41.49028578144291,42.110742532020765
20220311,"6,870,151","153,863,948",22.4,22.6,22.3,22.4,-0.05,"2,642",22.16,22.375,22.5875,22.307584788110105,22.390732515614992,22.39196926044968,-0.0012367448346886079,0.0764063769081206,42.6229508196721,46.17870903948044,43.46673136784065
20220314,"8,398,067","188,405,895",22.35,22.5,22.35,22.5,+0.10,"2,396",22.24,22.415,22.552500000000002,22.371723192073404,22.40754289782807,22.399971537453407,0.007571360374662106,0.0626393736014289,44.444444444444436,51.77346034730796,46.235641027663085
20220315,"8,691,185","194,823,535",22.5,22.5,22.25,22.5, 0.00,"3,448",22.35,22.410000000000004,22.535,22.414482128048938,22.42176706739298,22.4073810531976,0.01438601419538088,0.0529887017202193,47.4576271186441,55.503294552526306,49.32485886928416
20220316,"14,804,439","336,492,714",22.55,22.9,22.55,22.9,+0.40,"4,140",22.55,22.415,22.54,22.576321418699294,22.495341364717138,22.443871345553333,0.05147001916380489,0.052684965208936424,53.731343283582085,70.3355297016842,56.32841581341749
20220317,"22,520,913","522,061,354",23.2,23.45,23.0,23.15,+0.25,"5,808",22.69,22.455,22.5525,22.767547612466196,22.59605807783758,22.496177171808643,0.09988090602893607,0.06212415337293636,64.06249999999997,74.66813091223389,62.44165417968962
20220318,"20,159,555","470,133,809",23.3,23.5,23.15,23.3,+0.15,"4,399",22.869999999999997,22.515,22.5675,22.945031741644133,22.704356835093336,22.555719603526523,0.14863723156681274,0.07942676901171164,68.74999999999994,79.508483671219,68.13059734353274
20220321,"9,384,418","218,316,170",23.3,23.3,23.2,23.25,-0.05,"4,846",23.02,22.630000000000003,22.5875,23.046687827762756,22.78830193738667,22.607147781043075,0.18115415634359522,0.09977224647808836,62.49999999999996,81.28848406364094,72.5165595835688
20220322,"7,315,756","170,040,804",23.25,23.35,23.1,23.35,+0.10,"2,611",23.19,22.77,22.6125,23.147791885175174,22.87471702394257,22.66217387133618,0.2125431526063899,0.12232642770374867,59.615384615384585,84.49535301212428,76.50949072642064
20220323,"15,830,467","373,628,827",23.4,23.8,23.4,23.8,+0.45,"5,348",23.37,22.96,22.67,23.365194590116783,23.017068251028327,22.74645728827424,0.2706109627540876,0.15198333471381645,67.79661016949149,89.66356867474951,80.89418337586359
20220324,"11,323,504","268,516,818",23.65,23.8,23.55,23.8, 0.00,"3,684",23.5,23.095,22.7275,23.510129726744523,23.13751928933166,22.824497489142814,0.31302180018884584,0.18419102780882235,68.9655172413793,93.10904578316634,84.96580417829784
20220325,"8,513,611","200,743,411",23.6,23.7,23.45,23.65,-0.15,"3,998",23.57,23.220000000000002,22.7975,23.556753151163015,23.216362475588326,22.885645823280385,0.33071665230794167,0.21349615270864622,81.6326530612243,92.18022407049793,87.3706108090312
20220328,"9,054,466","212,573,270",23.5,23.6,23.3,23.6,-0.05,"4,262",23.64,23.33,22.872500000000002,23.57116876744201,23.275383633190124,22.93856094748184,0.33682268570828455,0.2381614593085739,85.10638297872337,89.4534827136653,88.06490144390924
20220329,"6,423,278","150,946,603",23.55,23.6,23.4,23.45,-0.15,"3,125",23.66,23.425,22.9175,23.530779178294676,23.302247689622412,22.976445321742442,0.3258023678799695,0.255689641022853,81.63265306122442,78.38565514244348,84.83848601008731
20220330,"18,688,768","445,081,269",23.6,24.0,23.6,23.9,+0.45,"6,142",23.68,23.525,22.97,23.653852785529786,23.394209583526656,23.04485677939115,0.3493528041355063,0.2744222736453837,80.85106382978715,81.88673305792523,83.85456835936661
20220331,"20,080,500","488,806,089",24.15,24.5,24.05,24.35,+0.45,"6,031",23.79,23.645,23.05,23.88590185701986,23.541254262984094,23.141534054991805,0.3997202079922886,0.29948186051476466,85.45454545454541,84.35306013385494,84.02073228419604
20220401,"10,137,803","245,996,032",24.05,24.45,23.9,24.4,+0.05,"4,511",23.939999999999998,23.755,23.134999999999998,24.057267904679907,23.673368991755773,23.23475375462204,0.43861523713373174,0.3273085358385581,85.18518518518512,87.18775437495087,85.07640631444764
20220406,"21,139,100","525,905,014",24.3,25.2,24.25,25.2,+0.80,"8,415",24.259999999999998,23.95,23.29,24.43817860311994,23.908235300716424,23.380327550575963,0.5279077501404608,0.3674283786989387,88.57142857142853,91.4585029166339,87.20377184850972
20220407,"29,268,479","730,906,218",25.25,25.45,24.6,24.6,-0.60,"14,341",24.490000000000002,24.075,23.4225,24.49211906874663,24.014660639067742,23.470673657940708,0.5439869811270341,0.4027400991845578,72.972972972973,81.12737403744588,85.17830591148844
20220408,"11,071,755","275,910,378",24.75,25.1,24.55,25.1,+0.50,"6,802",24.73,24.205,23.582500000000003,24.69474604583109,24.18163592536501,23.59136449809325,0.5902714272717624,0.44024636480199875,74.68354430379749,81.99189276914998,84.11616819737561
20220411,"16,853,568","425,339,365",25.4,25.7,24.9,25.05,-0.05,"6,377",24.869999999999997,24.330000000000002,23.7125,24.81316403055406,24.31523039838578,23.699411572308563,0.6158188260772164,0.4753608570570423,72.72727272727272,78.96681740165556,82.39971793213559
20220412,"11,436,328","284,550,359",24.95,25.0,24.8,24.9,-0.15,"5,737",24.97,24.455000000000002,23.8375,24.842109353702707,24.405194952480276,23.788344048433853,0.616850904046423,0.5036588664549184,70.88607594936705,74.38367536921963,79.72770374449692
20220413,"10,985,019","274,831,210",25.0,25.2,24.8,25.1,+0.20,"9,393",24.95,24.605,23.967499999999998,24.928072902468475,24.51208803671408,23.885503748549862,0.6265842881642172,0.5282439507967782,71.60493827160491,73.39864072233692,77.61801607044359
20220414,"18,702,615","459,635,436",25.1,25.15,24.35,24.4,-0.70,"11,099",24.91,24.7,24.0625,24.75204860164565,24.494843723373453,23.923614581990613,0.5712291413828403,0.5368409889139907,56.976744186046474,58.19168640748387,71.14257284945701
20220415,"11,136,409","269,698,739",24.15,24.5,24.0,24.25,-0.15,"4,852",24.740000000000002,24.735000000000003,24.130000000000003,24.58469906776377,24.457175458239075,23.947791279620937,0.5093841786181379,0.5313496268548201,55.05617977528089,45.27593908647076,62.52036159512826
20220418,"21,563,508","508,627,583",24.0,24.1,23.25,23.55,-0.70,"9,075",24.44,24.654999999999998,24.150000000000002,24.23979937850918,24.31761000312537,23.918325258908276,0.3992847442170948,0.5049366503272751,49.00000000000003,34.26559204404174,53.10210507809941
20220419,"8,624,201","204,795,787",23.65,23.95,23.6,23.6,+0.05,"3,431",24.18,24.575,24.165,24.026532919006122,24.207208464183005,23.894745610100255,0.31246285408274943,0.46644189107837,50.0,27.60563279126594,44.60328098248825
20220420,"9,388,181","222,548,959",23.75,23.9,23.45,23.9,+0.30,"3,694",23.94,24.445,24.1975,23.984355279337414,24.159945623539464,23.895134824166902,0.2648107993725617,0.42611567273720835,54.36893203883494,27.247292609143262,38.81795152470659
20220421,"17,283,991","405,178,989",23.95,23.95,23.3,23.4,-0.50,"7,059",23.740000000000002,24.325,24.2,23.789570186224942,24.0430309122257,23.85845817052491,0.18457274170079074,0.37780708652992484,45.192307692307686,20.205678065959432,32.613860371790864
20220422,"14,767,831","345,278,131",23.1,23.65,23.05,23.65,+0.25,"5,109",23.619999999999997,24.18,24.1925,23.743046790816628,23.98256461803713,23.8430168245601,0.13954779347703195,0.33015522791934626,42.99999999999998,22.772777625368278,29.333499456316666
20220425,"17,151,279","396,429,371",23.1,23.3,23.0,23.15,-0.50,"6,517",23.54,23.99,24.16,23.545364527211085,23.854477753723724,23.791682244963056,0.06279550876066864,0.2766832840876107,38.53211009174312,17.45457902297277,25.3738593118687
20220426,"18,071,250","428,170,358",23.45,23.95,23.35,23.85,+0.70,"5,586",23.589999999999996,23.885,24.169999999999998,23.64690968480739,23.85378886853546,23.796002078669495,0.05778678986596475,0.23290398524328154,37.383177570093494,24.81468058895862,25.187466404232005
20220427,"17,499,138","412,546,271",23.5,23.8,23.4,23.45,-0.40,"6,378",23.5,23.72,24.1625,23.581273123204927,23.79166750414539,23.770372295064348,0.021295209081042543,0.19058223001083374,38.83495145631068,26.54312039263906,25.639351067034355
20220428,"19,945,776","465,222,197",23.5,23.6,23.05,23.5,+0.05,"7,007",23.52,23.630000000000003,24.165,23.55418208213662,23.746795580430714,23.750344717652172,-0.0035491372214586647,0.15175595656437527,32.978723404255334,32.84692874660784,28.041876960225515
20220429,"10,247,203","242,629,813",23.6,23.85,23.5,23.75,+0.25,"3,239",23.54,23.580000000000002,24.1575,23.619454721424415,23.747288568056756,23.75031918301127,-0.003030614954514732,0.12079864226059728,36.73469387755104,48.213741971422785,34.765831963957936
20220503,"6,480,372","152,315,659",23.6,23.6,23.45,23.45,-0.30,"3,710",23.6,23.57,24.1125,23.562969814282944,23.701551865278795,23.72807331760303,-0.02652145232423564,0.0913346233436307,35.643564356435675,47.9319683318257,39.15454408658052
20220504,"5,637,716","132,176,793",23.6,23.6,23.35,23.4,-0.05,"2,504",23.509999999999998,23.55,24.0625,23.508646542855296,23.65515927062052,23.703771590373176,-0.048612319752656674,0.06334523472437323,32.65306122448979,45.98973327384867,41.43294048233657
20220505,"11,121,606","259,235,259",23.55,23.65,23.1,23.15,-0.25,"5,221",23.45,23.475,23.96,23.389097695236863,23.577442459755822,23.662751472567756,-0.08530901281193337,0.03361438521711191,35.95505617977528,35.922980077302576,39.596287013991905
20220506,"15,597,487","354,624,827",22.75,22.95,22.6,22.85,-0.30,"7,203",23.32,23.419999999999998,23.8725,23.209398463491244,23.465528235178002,23.60254765978496,-0.13701942460695804,-0.0005123767477020805,34.7826086956522,30.121492891041232,36.43802230634168
20220509,"19,385,939","432,721,583",22.5,22.6,22.15,22.2,-0.65,"8,286",23.009999999999998,23.275,23.7275,22.872932308994162,23.270831583612157,23.49865524054163,-0.22782365692947337,-0.04597463278405634,35.164835164835154,21.00692118662009,31.29432193310115
20220510,"15,371,677","341,177,823",21.8,22.55,21.8,22.35,+0.15,"4,703",22.79,23.195,23.5925,22.698621539329444,23.129165186133363,23.413569667168176,-0.2844044810348123,-0.09366060243420754,36.559139784946254,22.94770355530771,28.51211580717
20220511,"10,231,232","228,039,212",22.25,22.35,22.15,22.35, 0.00,"3,032",22.580000000000002,23.044999999999998,23.464999999999996,22.582414359552963,23.009293619035923,23.334786728859424,-0.3254931098235012,-0.14002710391206627,32.18390804597708,24.241558467766126,27.088596694035374
20220512,"20,064,779","440,077,645",22.2,22.25,21.75,21.8,-0.55,"8,491",22.31,22.880000000000003,23.3,22.32160957303531,22.82324844687655,23.221098823017986,-0.3978503761414345,-0.19159175835793993,31.818181818181884,16.954689772161554,23.710627720077433
20220513,"13,976,803","305,616,327",21.9,22.1,21.6,21.9,+0.10,"4,307",22.12,22.72,23.175,22.18107304869021,22.681210224280157,23.12323965094258,-0.4420294266624225,-0.24167929201883645,29.41176470588239,16.181175295262136,21.200810245139
20220516,"10,416,202","227,657,319",22.1,22.15,21.7,21.9, 0.00,"4,500",22.06,22.535,23.057499999999997,22.08738203246014,22.561024035929364,23.032629306428316,-0.4716052704989515,-0.2876644877148595,33.33333333333336,15.66549897732919,19.355706489202394
20220517,"8,544,295","187,681,471",22.05,22.1,21.8,22.0,+0.10,"2,637",21.99,22.39,22.979999999999997,22.05825468830676,22.474712645786386,22.956138246692884,-0.48142560090649766,-0.32641671035318714,20.63492063492066,16.94773102553652,18.55304800131377
20220518,"20,575,998","465,384,910",22.0,22.9,22.0,22.9,+0.90,"7,253",22.1,22.34,22.945,22.338836458871175,22.540141469511557,22.95197985804897,-0.4118383885374115,-0.34350104599003206,42.46575342465753,43.39725278245642,26.834449595027984
20220519,"21,055,273","470,448,639",22.4,22.5,22.1,22.4,-0.50,"6,720",22.22,22.265,22.869999999999997,22.35922430591412,22.518581243432855,22.911092461156453,-0.3925112177235981,-0.3533030803367453,36.58536585365852,49.44432236779143,34.371073852615794
20220520,"15,650,868","354,501,022",22.5,22.85,22.35,22.7,+0.30,"3,962",22.38,22.25,22.835,22.472816203942745,22.546491821366264,22.89545598255227,-0.34896416118600726,-0.3524352965065977,37.34939759036145,61.168009783655826,43.303385829629136
20220523,"12,585,328","286,568,797",22.95,22.95,22.4,22.85,+0.15,"4,482",22.57,22.315,22.795,22.59854413596183,22.593185387309916,22.892088872733584,-0.2989034854236685,-0.3417289342900119,42.500000000000036,71.64287071996813,52.74988079307546
20220524,"12,486,862","286,866,870",22.7,23.15,22.7,22.9,+0.05,"3,694",22.75,22.369999999999997,22.7825,22.699029423974554,22.640387635416083,22.892674882160726,-0.2522872467446433,-0.3238405967809382,43.75,75.7189030606239,60.40622154892494
20220525,"16,037,141","371,046,174",22.95,23.3,22.8,23.2,+0.30,"5,492",22.81,22.455,22.75,22.86601961598304,22.72648184535207,22.915439705704376,-0.188957860352307,-0.29686404949521195,50.61728395061729,81.8518177266904,67.55475360818009
20220526,"11,398,115","264,269,433",23.3,23.35,23.05,23.15,-0.05,"3,904",22.96,22.589999999999996,22.735,22.960679743988692,22.791638484528672,22.932814542318866,-0.1411760577901937,-0.2657264511542083,53.94736842105259,83.86080777738951,72.99010499791656
20220527,"14,142,998","332,349,772",23.3,23.6,23.15,23.6,+0.45,"5,681",23.14,22.759999999999998,22.740000000000002,23.173786495992463,22.916001794601183,22.982235687332285,-0.06623389273110192,-0.225827939469587,69.44444444444446,89.24053851825967,78.40691617136426
20220530,"15,246,393","363,290,129",23.8,23.95,23.6,23.95,+0.35,"5,584",23.359999999999996,22.965,22.749999999999996,23.432524330661643,23.075078441585617,23.053921932715078,0.02115650887053988,-0.17643104980156166,71.05263157894734,92.82702567883977,83.21361934052275
20220531,"26,790,916","637,144,673",23.85,23.9,23.6,23.8,-0.15,"4,284",23.54,23.145,22.7675,23.555016220441097,23.18660483518783,23.109186974736183,0.07741786045164645,-0.12566126775092004,68.35443037974683,92.51531441652384,86.31418436585645
20220601,"8,978,953","212,158,398",23.8,23.85,23.45,23.45,-0.35,"4,251",23.589999999999996,23.2,22.77,23.520010813627398,23.227127168235857,23.134432384014985,0.09269478422087118,-0.0819900573565618,71.99999999999999,84.5935429443492,85.74063722535402
20220602,"6,720,214","156,979,154",23.2,23.6,23.15,23.45, 0.00,"2,431",23.65,23.305,22.785000000000004,23.4966738757516,23.26141529619957,23.157807762976837,0.10360753322273197,-0.04487053924070305,71.23287671232876,78.97634045752312,83.48587163607705
20220606,"6,128,799","143,993,537",23.65,23.65,23.35,23.5,+0.05,"2,487",23.63,23.384999999999998,22.817500000000003,23.4977825838344,23.298120635245787,23.183155336089666,0.11496529915612186,-0.012903371561338067,71.62162162162163,73.98422697168209,80.3186567479454
20220607,"7,813,250","182,081,350",23.3,23.5,23.2,23.25,-0.25,"3,134",23.49,23.425,22.87,23.415188389222934,23.29071746059259,23.188106792675615,0.1026106679169736,0.010199436334324265,66.23376623376623,62.36629624199095,74.33453657929391
20220608,"5,809,719","135,941,867",23.45,23.5,23.3,23.45,+0.20,"2,590",23.419999999999998,23.48,22.925,23.426792259481957,23.315222466655268,23.20750628951446,0.10771617714080861,0.029702784495621134,58.730158730158735,56.39234564280875,68.35380626713219
20220609,"4,861,114","113,692,944",23.3,23.5,23.3,23.45, 0.00,"2,823",23.42,23.505000000000003,22.979999999999997,23.43452817298797,23.335957471785225,23.225468786587463,0.11048868519776178,0.045859964636049265,69.81132075471697,50.09489709520585,62.2675032098234
20220610,"5,661,950","131,304,284",23.1,23.3,23.1,23.2,-0.25,"2,653",23.369999999999997,23.509999999999998,23.05,23.356352115325315,23.31504093766442,23.223582209803208,0.09145872786121245,0.054979717281081905,59.615384615384606,37.31816669092147,53.95105770352276
20220613,"14,503,830","329,546,802",22.85,22.9,22.6,22.75,-0.45,"6,563",23.22,23.425,23.092499999999998,23.154234743550212,23.228111562639125,23.18850204611408,0.03960951652504363,0.051905677129874254,48.27586206896549,28.724931640101467,45.54234901571566
20220614,"8,265,205","188,977,995",22.75,23.1,22.6,23.05,+0.30,"3,283",23.18,23.335,23.15,23.119489829033476,23.20070978377157,23.178242635290815,0.022467148480753707,0.04601797140005015,52.380952380952415,31.14995442673429,40.744884152721866
20220615,"11,690,174","269,098,766",22.9,23.25,22.85,23.05, 0.00,"5,362",23.1,23.26,23.2025,23.096326552688986,23.177523663191327,23.16874318082483,0.008780482366496756,0.038570473593339476,47.36842105263161,35.05235057020383,38.84737295854919
20220616,"13,474,343","311,737,491",23.4,23.5,22.8,22.9,-0.15,"4,782",22.99,23.205,23.2025,23.030884368459326,23.134827715008047,23.14883627854151,-0.014008563533462137,0.028054666167979154,45.76271186440678,32.89204323727867,36.86226305145901
20220617,"19,186,132","434,449,832",22.8,22.95,22.5,22.65,-0.25,"5,104",22.880000000000003,23.125,23.214999999999996,22.903922912306218,23.06023883577604,23.11188544309399,-0.05164660731794868,0.012114411470793588,32.72727272727268,26.928028824852397,33.55085164259014
20220620,"17,387,306","389,053,392",22.6,22.8,22.0,22.25,-0.40,"6,379",22.78,23.0,23.192500000000003,22.685948608204146,22.93558670719511,23.048042076938877,-0.11245536974376691,-0.012799544772118511,19.642857142857153,23.507574772123817,30.203092685768027
20220621,"18,005,183","412,296,970",22.65,23.1,22.5,23.05,+0.80,"5,521",22.779999999999998,22.98,23.202499999999997,22.8072990721361,22.953188752242017,23.04818710827674,-0.09499835603472206,-0.029239307024639224,39.13043478260871,39.005049848082564,33.13707840653954
20220622,"5,953,907","136,077,209",22.9,23.1,22.6,22.85,-0.20,"3,534",22.740000000000002,22.92,23.2,22.821532714757403,22.9373135595894,23.033506581737722,-0.09619302214832359,-0.0426300500493761,40.90909090909095,44.8922554542773,37.05547075578546
20220623,"9,021,960","207,178,319",23.15,23.15,22.75,22.95,+0.10,"2,803",22.75,22.869999999999997,23.1875,22.864355143171604,22.939265319652566,23.02732090901641,-0.08805558936384372,-0.05171515791226963,42.64705882352941,51.03928141396263,41.71674097517784
20220624,"10,106,620","234,019,661",23.3,23.3,22.95,23.15,+0.20,"2,848",22.85,22.865000000000002,23.1875,22.959570095447738,22.971686039706018,23.03640824908927,-0.0647222093832518,-0.05431656820646607,45.07042253521125,59.58174316486394,47.6717417050732
20220627,"7,681,809","178,763,941",23.4,23.4,23.05,23.15, 0.00,"2,892",23.03,22.905,23.165,23.023046730298493,22.999118956674323,23.044822452860434,-0.04570349618611047,-0.052593953802394955,48.48484848484846,65.27671766546482,53.54006702520374
20220628,"5,822,077","134,784,507",23.15,23.3,23.0,23.2,+0.05,"2,094",23.06,22.919999999999998,23.1275,23.08203115353233,23.03002373257058,23.05631708598188,-0.026293353411301013,-0.04733383372417617,46.03174603174603,70.18447844364319,59.08820416468355
20220629,"9,114,466","209,534,996",22.85,23.15,22.85,23.0,-0.20,"3,595",23.089999999999996,22.915,23.0875,23.054687435688223,23.025404696790492,23.05214544998322,-0.026740753192729727,-0.04321521761788688,43.28358208955224,70.59917610528595,62.925194811551016
20220630,"11,664,071","264,380,023",22.9,23.05,22.55,22.6,-0.40,"6,755",23.020000000000003,22.884999999999998,23.045,22.903124957125485,22.959957820361186,23.01865319442891,-0.058695374067724515,-0.04631124890785441,41.42857142857145,61.351831689238296,62.40074043744677
20220701,"9,919,880","222,673,471",22.6,22.8,22.25,22.4,-0.20,"3,873",22.869999999999997,22.86,22.9925,22.735416638083656,22.873810463382544,22.97282703187862,-0.09901656849607576,-0.056852312825498685,44.6153846153846,45.24904721311535,56.683509362669625
20220704,"10,455,057","234,563,260",22.5,22.75,22.2,22.4, 0.00,"2,918",22.72,22.875,22.937499999999996,22.62361109205577,22.800916545939074,22.93039539988761,-0.12947885394853742,-0.07137762105010644,38.98305084745759,35.721587030965765,49.69620191876833
20220705,"7,552,768","170,766,831",22.7,22.75,22.4,22.65,+0.25,"2,513",22.61,22.835,22.9075,22.632407394703847,22.777698615794602,22.90962537026631,-0.13192675447170643,-0.08348744773442644,43.74999999999997,36.314391353977165,45.23559839717127
20220706,"9,746,543","216,630,018",22.7,22.7,22.1,22.1,-0.55,"5,533",22.43,22.759999999999998,22.839999999999996,22.4549382631359,22.67343729028774,22.849653120616953,-0.1762158303292125,-0.10203312425338366,38.88888888888891,24.209594235984774,38.22693034344243
20220707,"8,648,144","191,294,212",22.15,22.3,21.9,22.1, 0.00,"2,970",22.33,22.675,22.7725,22.33662550875727,22.58521616870501,22.794123259830513,-0.20890709112550354,-0.12340791762780765,41.79104477611943,20.58417393510102,32.34601154066196
20220708,"5,738,863","127,243,342",22.15,22.3,22.0,22.15,+0.05,"2,277",22.28,22.575,22.72,22.27441700583818,22.518259835058085,22.746410425768993,-0.22815059071090715,-0.14435645224442756,48.33333333333331,19.67516357578162,28.122395552368516
20220711,"6,100,283","133,863,072",22.15,22.15,21.85,21.85,-0.30,"3,783",22.169999999999998,22.445,22.675,22.13294467055879,22.415450629664534,22.680009653489808,-0.2645590238252744,-0.16839696656059694,25.999999999999915,13.116775717187746,23.120522273974924
20220712,"11,144,549","239,059,566",21.7,21.75,21.35,21.4,-0.45,"5,421",21.92,22.265,22.592499999999998,21.888629780372526,22.25922745586999,22.585194123601674,-0.32596666773168437,-0.19991090679481444,23.636363636363527,9.72490930165452,18.65531794986812
20220713,"13,475,508","295,722,066",21.8,22.15,21.8,22.0,+0.60,"4,624",21.9,22.165,22.54,21.925753186915017,22.21934630881307,22.54184641074229,-0.3225001019292222,-0.224428745821696,35.38461538461537,21.425801603401837,19.578812501046023
20220714,"5,665,592","124,410,231",21.9,22.1,21.8,21.95,-0.05,"3,016",21.869999999999997,22.1,22.4925,21.933835457943346,22.17790841514952,22.49800593587249,-0.32009752072297104,-0.24356250080195102,30.645161290322577,28.569582021315473,22.575735674469172
20220715,"15,089,854","325,290,093",21.95,22.0,21.4,21.45,-0.50,"6,540",21.729999999999997,22.005000000000003,22.4325,21.77255697196223,22.06592250512652,22.420375866548603,-0.3544533614220846,-0.26574067292597775,26.388888888888886,21.42734039516265,22.192937248033665
20220718,"7,620,391","165,096,236",21.7,21.75,21.45,21.75,+0.30,"2,925",21.71,21.94,22.4075,21.765037981308154,22.01731904279936,22.370718394952412,-0.3533993521530512,-0.2832724087713924,31.16883116883116,24.161436806651622,22.849103767572984
20220719,"6,348,700","138,228,231",21.75,21.9,21.6,21.75, 0.00,"2,906",21.779999999999998,21.85,22.3425,21.760025320872103,21.976193036214845,22.324739254585566,-0.3485462183707213,-0.2963271706912582,32.87671232876711,30.142712257065952,25.28030659740397
20220720,"10,730,876","234,785,219",22.0,22.15,21.65,21.7,-0.05,"4,607",21.72,21.81,22.285,21.740016880581404,21.9337017998741,22.27846227276441,-0.34476047289031087,-0.3060138311310687,36.36363636363634,32.37584325909653,27.645485484634822
20220721,"9,332,958","204,902,768",21.75,22.1,21.65,22.1,+0.40,"2,616",21.75,21.81,22.2425,21.860011253720938,21.959286138355008,22.265242845152233,-0.3059567067972253,-0.3060024062643001,45.71428571428575,52.83389550606446,36.041622158444696
20220722,"9,131,878","201,649,683",22.05,22.25,21.9,22.15,+0.05,"3,589",21.89,21.81,22.192500000000003,21.95667416914729,21.988626732454236,22.25670633810392,-0.26807960564968525,-0.2984178461413771,46.478873239436616,64.85222663367253,45.645156983520636
20220725,"9,467,974","211,026,295",22.0,22.4,22.0,22.35,+0.20,"2,866",22.01,21.86,22.1525,22.087782779431528,22.04422261976897,22.263616979725853,-0.21939435995688328,-0.28261314890447836,45.71428571428575,74.90148442244845,55.3972661298299
20220726,"7,847,126","175,170,296",22.25,22.45,22.2,22.35, 0.00,"3,239",22.130000000000003,21.955000000000002,22.11,22.17518851962102,22.091265293650668,22.270015721968385,-0.17875042831771637,-0.26184060478712595,54.23728813559322,80.09305310702919,63.62919512222966
20220727,"11,217,610","254,213,523",22.45,22.8,22.4,22.8,+0.45,"3,612",22.35,22.035,22.1,22.38345901308068,22.200301402319795,22.309273816637393,-0.10897241431759852,-0.23126696669322047,60.294117647058805,86.72870207135279,71.32903077193737
20220728,"11,531,513","265,654,626",23.0,23.15,22.85,23.05,+0.25,"3,948",22.540000000000003,22.145000000000003,22.1225,22.605639342053788,22.331024263501366,22.3641424228124,-0.03311815931103368,-0.19163720521678312,62.500000000000014,89.19168373384306,77.28324842590592
20220729,"15,286,696","352,293,784",23.2,23.2,22.8,23.1,+0.05,"4,782",22.73,22.31,22.1575,22.77042622803586,22.449328222962695,22.418650391492964,0.03067783146973113,-0.14717419787948027,68.6567164179104,90.71112248922876,81.75920644701353
20220801,"11,983,556","278,198,758",23.1,23.35,22.9,23.25,+0.15,"3,691",22.910000000000004,22.46,22.2,22.93028415202391,22.57250849635305,22.480231843974966,0.09227665237808225,-0.09928402782796777,80.327868852459,91.84663067909365,85.12168119104024
20220802,"10,358,843","238,321,225",22.95,23.15,22.9,23.1,-0.15,"5,082",23.060000000000002,22.595,22.2225,22.986856101349275,22.653661035375656,22.526140596273116,0.12752043910253974,-0.05392313444186628,71.15384615384617,89.66245966841538,86.63527401683194
20220803,"11,058,762","253,890,459",23.1,23.1,22.85,23.0,-0.10,"3,253",23.1,22.725,22.267500000000002,22.991237400899518,22.70694395301017,22.561241292845477,0.14570266016469446,-0.013997975520554129,69.81132075471697,85.06232943411598,86.11095915592662
20220804,"9,381,148","215,679,876",23.0,23.15,22.85,22.95,-0.05,"3,087",23.08,22.810000000000002,22.31,22.97749160059968,22.744337191008604,22.590038234116182,0.154298956892422,0.0196614109620411,84.09090909090905,80.16500974620072,84.12897601935131
20220805,"14,462,274","335,622,682",22.95,23.4,22.95,23.3,+0.35,"3,581",23.119999999999997,22.925,22.3675,23.08499440039979,22.82982377700728,22.642627994552022,0.1871957824552588,0.05316828526068464,84.4444444444444,83.9988953863561,84.08561580835291
20220808,"14,521,977","340,034,696",23.2,23.5,23.15,23.5,+0.20,"4,891",23.169999999999998,23.04,22.45,23.223329600266528,22.932927811313853,22.706137031992615,0.22679077932123803,0.08789278407279533,85.71428571428567,89.3325969242374,85.83460951364773
20220809,"24,468,663","582,006,274",23.55,23.95,23.5,23.9,+0.40,"5,739",23.330000000000002,23.195,22.575,23.448886400177685,23.0817081480348,22.794571325919087,0.2871368221157127,0.1277415916813788,89.28571428571426,91.43912258717273,87.70278053815606
20220810,"49,015,102","1,189,618,750",24.0,24.4,23.85,24.35,+0.45,"10,933",23.6,23.35,22.692500000000003,23.749257600118458,23.27682997141406,22.909788264739895,0.3670417066741649,0.17560161467993604,89.4736842105263,93.25108172478187,89.55221426703133
20220811,"30,399,750","706,820,247",23.2,23.4,23.05,23.4,X0.00,"7,811",23.69,23.384999999999998,22.764999999999997,23.632838400078974,23.295779206581127,22.946100245129532,0.3496789614515947,0.2104170840342678,66.66666666666663,73.99534480576851,84.36659111327705
20220812,"15,275,883","359,535,729",23.55,23.65,23.4,23.6,+0.20,"4,172",23.75,23.435,22.8725,23.621892266719318,23.342582405568645,22.994537264008827,0.3480451415598189,0.23794269553937802,66.66666666666663,65.45926212857688,78.06414811837699
20220815,"10,733,018","253,265,383",23.7,23.7,23.5,23.6, 0.00,"3,880",23.770000000000003,23.47,22.965,23.614594844479548,23.38218511240424,23.039386355563728,0.3427987568405122,0.2589139077996049,66.66666666666663,59.76854034378246,71.96561219351214
20220816,"7,259,210","170,839,821",23.65,23.65,23.45,23.55,-0.05,"2,593",23.7,23.515,23.055,23.593063229653033,23.408002787418972,23.077209588484934,0.3307931989340389,0.2732897660264917,61.19402985074624,54.89945700338187,66.27689379680206
20220817,"10,732,457","252,698,215",23.65,23.65,23.4,23.6,+0.05,"3,932",23.550000000000004,23.575,23.15,23.59537548643536,23.437540820123747,23.115934804152715,0.32160601597103167,0.2829530160153997,58.73015873015872,51.54216673788682,61.36531811049697
20220818,"5,559,797","130,311,346",23.5,23.5,23.35,23.45,-0.15,"2,433",23.560000000000002,23.625,23.217499999999998,23.546916990956905,23.439457617027784,23.140680374215478,0.29877724281230655,0.28611786137478107,55.38461538461533,44.23798770180107,55.656207974265
20220819,"7,743,331","180,749,499",23.3,23.45,23.25,23.35,-0.10,"2,321",23.51,23.630000000000003,23.2775,23.481277993971272,23.42569490671582,23.156185531680997,0.2695093750348221,0.28279616410678926,51.56250000000002,36.899399208608145,49.40393838571271
20220822,"8,662,775","200,543,301",23.15,23.25,23.05,23.2,-0.15,"3,420",23.43,23.6,23.32,23.387518662647516,23.390972613374924,23.159431047852774,0.23154156552215,0.27254524438986144,51.56249999999996,28.303303176109104,42.37039331584484
20220823,"10,135,227","232,497,997",23.05,23.1,22.9,22.9,-0.30,"4,563",23.3,23.5,23.347500000000004,23.22501244176501,23.3154383651634,23.140213933197014,0.1752244319663845,0.25308108190516604,48.52941176470586,18.868868784072735,34.536551805254135
20220824,"6,181,612","141,395,489",22.85,23.0,22.8,22.85,-0.05,"2,593",23.15,23.35,23.35,23.10000829451001,23.243832462830568,23.11871660481205,0.12511585801851766,0.22748803712783638,48.52941176470592,14.43109770790037,27.834733772802878
20220825,"4,861,116","112,244,954",23.0,23.15,22.95,23.15,+0.30,"1,588",23.09,23.325,23.355,23.116672196340005,23.229396699318173,23.121033893344492,0.10836280597368031,0.20366299089700518,47.76119402985072,22.58369476822982,26.08438743794519
20220826,"4,244,806","98,421,965",23.25,23.3,23.1,23.2,+0.05,"1,728",23.06,23.285000000000004,23.36,23.144448130893338,23.2248741301923,23.126883234578234,0.0979908956140676,0.18252857184041768,45.3125,30.742071021957116,27.63694863261583
20220829,"8,329,318","190,879,612",22.8,23.0,22.75,22.95,-0.25,"2,941",23.009999999999998,23.22,23.345000000000002,23.079632087262226,23.18258580247041,23.113780772757625,0.06880502971278446,0.15978386341489104,34.42622950819677,27.902121422045468,27.72533956242571
20220830,"10,971,523","252,091,082",22.85,23.2,22.85,23.0,+0.05,"3,740",23.03,23.165,23.34,23.05308805817482,23.154495679013422,23.105352567368172,0.049143111645250315,0.1376557130609629,24.52830188679249,29.712525392474753,28.387734839108724
20220831,"10,198,368","236,662,188",23.0,23.25,22.9,23.25,+0.25,"1,981",23.11,23.130000000000003,23.3525,23.118725372116547,23.169188651472897,23.116067192007566,0.053121459465330645,0.12074886234183645,46.153846153846196,43.61787407117367,33.4644479164637
20220901,"12,206,482","278,958,812",22.8,23.0,22.75,22.85,-0.40,"4,577",23.05,23.07,23.347500000000004,23.0291502480777,23.12008270509245,23.09635851111812,0.023724193974331342,0.10134392866833543,32.55813953488371,35.139188774721916,34.02269486921644
20220902,"7,166,942","163,446,336",22.9,22.95,22.75,22.75,-0.10,"2,790",22.96,23.009999999999998,23.32,22.936100165385135,23.063146904308997,23.07070232510937,-0.007555420800372303,0.07956405877459388,31.111111111111086,23.42612584981461,30.490505196082495
20220905,"5,430,945","124,044,438",22.75,22.95,22.7,22.95,+0.20,"2,022",22.96,22.985000000000003,23.2925,22.94073344359009,23.04573968826146,23.061761412138306,-0.01602172387684675,0.06044690224430576,37.49999999999997,29.506306122098596,30.162438838087862
20220906,"9,461,160","218,719,349",23.05,23.25,22.95,23.2,+0.25,"3,058",23.0,23.015,23.2575,23.02715562906006,23.069472043913542,23.07200130753547,-0.002529263621926958,0.04785166907105922,42.307692307692264,47.448648525843446,35.92450873400639
20220907,"10,849,973","247,870,850",22.95,23.0,22.75,22.8,-0.40,"5,177",22.91,23.01,23.18,22.95143708604004,23.02801480638838,23.051853062532842,-0.023838256144461667,0.03351368402795504,38.59649122807018,37.18798790611792,36.34566845804356
20220908,"6,819,013","156,383,304",23.0,23.0,22.8,23.0,+0.20,"4,186",22.94,22.994999999999997,23.160000000000004,22.967624724026695,23.023704836174783,23.048012094937818,-0.02430725876303441,0.021949495469757153,44.06779661016945,42.973810119230144,38.55504901177242
20220912,"10,960,063","253,698,815",23.15,23.25,23.0,23.25,+0.25,"4,161",23.04,23.0,23.142500000000002,23.061749816017798,23.058519476763276,23.06297416197946,-0.004454685216185084,0.016668659332568708,50.81967213114756,61.98254007948675,46.36421270101053
20220913,"8,396,168","195,332,078",23.35,23.4,23.15,23.2,-0.05,"3,866",23.09,23.025,23.1225,23.107833210678532,23.080285711107386,23.073124224055057,0.007161487052329107,0.014767224876520789,55.35714285714288,65.13121719584834,52.61988086595646
20220914,"11,754,031","269,612,736",22.85,23.05,22.8,22.9,-0.30,"5,192",23.029999999999998,23.015,23.089999999999996,23.03855547378569,23.052549447860095,23.060300207458386,-0.007750759598291523,0.010263627981558327,50.81967213114749,52.94462098770838,52.728127573207104
20220915,"7,992,763","183,958,293",22.9,23.1,22.85,23.1,+0.20,"3,428",23.09,23.0,23.065,23.059036982523793,23.059849532804694,23.06324093283184,-0.0033914000271444422,0.007532622379817774,49.152542372881406,54.34403303942476,53.26676272861299
20220916,"25,843,389","601,831,558",22.9,23.4,22.9,23.4,+0.30,"6,077",23.169999999999998,23.055,23.0625,23.172691321682528,23.112180373911663,23.08818604891837,0.023994324993292793,0.010824962902512779,53.12499999999999,69.56268869294983,58.698738050058594
20220919,"7,996,036","185,688,621",23.4,23.4,23.1,23.1,-0.30,"3,418",23.14,23.09,23.05,23.148460881121686,23.110306470232945,23.089061156405897,0.021245313827048307,0.012909033087419884,52.30769230769235,64.32384374401795,60.57377328137838
20220920,"5,469,380","126,608,320",23.25,23.25,23.05,23.15,+0.05,"2,583",23.13,23.11,23.0475,23.148973920747792,23.116413167120186,23.093575144820274,0.022838022299911387,0.014894830929918185,52.307692307692285,63.39538300883245,61.514309857196395
20220921,"9,786,566","225,830,396",23.15,23.15,23.0,23.05,-0.10,"4,206",23.160000000000004,23.095,23.055,23.115982613831864,23.106195756794005,23.090347356315068,0.015848400478937208,0.015085544839721991,46.7741935483871,56.152477561443895,59.72703242527889
20220922,"15,396,903","350,527,285",22.9,23.0,22.55,22.8,-0.25,"6,440",23.1,23.095,23.052500000000002,23.01065507588791,23.059088717287235,23.068840144736175,-0.009751427448939864,0.01011815038198962,49.15254237288135,47.23890660959007,55.56432382004928
20220923,"6,652,278","151,923,290",22.75,23.0,22.7,22.8, 0.00,"2,863",22.98,23.075,23.035,22.94043671725861,23.01922891462766,23.048926059940904,-0.029697145313242856,0.002155091242943125,50.87719298245616,41.29652597502085,50.8083912050398
20220926,"10,629,488","239,824,596",22.6,22.7,22.5,22.55,-0.25,"4,725",22.869999999999997,23.005,23.0025,22.810291144839073,22.947039850838788,23.011968574019356,-0.06492872318056797,-0.011261671641759095,43.10344827586208,29.382869168532444,43.66655052620401
20220927,"12,664,007","284,253,594",22.5,22.6,22.35,22.5,-0.05,"4,393",22.740000000000002,22.935,22.98,22.70686076322605,22.878264489171283,22.974044975943848,-0.0957804867725649,-0.028165434667920257,37.03703703703701,24.350484207593027,37.227861753333684
20220928,"21,007,843","470,382,029",22.55,22.7,22.1,22.45,-0.05,"5,548",22.62,22.889999999999997,22.9525,22.62124050881737,22.812377644683394,22.935226829577637,-0.12284918489424257,-0.04710218471318472,42.55319148936165,25.20801511275429,33.22124620647388
20220929,"12,612,369","283,048,214",22.6,22.65,22.3,22.5,+0.05,"4,291",22.56,22.830000000000002,22.915,22.58082700587825,22.764319545501333,22.90298780516448,-0.13866825966314522,-0.06541539970317682,38.636363636363605,27.0617536649131,31.168082025953616
20220930,"12,702,632","283,238,844",22.5,22.5,22.2,22.25,-0.25,"3,628",22.45,22.714999999999996,22.884999999999998,22.470551337252168,22.685193461578052,22.85461833811526,-0.16942487653720661,-0.08621729506998278,27.272727272727224,22.38899519689855,28.241719749601923
20221003,"10,707,741","236,335,077",22.1,22.25,21.95,22.05,-0.20,"4,697",22.35,22.61,22.85,22.330367558168113,22.587471390566044,22.79501697973635,-0.20754558917030508,-0.11048295389004725,25.531914893616985,17.703774575710185,24.729071358304676
20221004,"10,362,437","229,467,072",22.2,22.3,22.0,22.25,+0.20,"3,393",22.3,22.52,22.815,22.303578372112078,22.535552715094344,22.75464535160773,-0.21909263651338762,-0.13220489041471534,35.55555555555554,21.32632590761633,23.594822874741894
20221005,"8,602,000","190,976,465",22.3,22.45,22.1,22.1,-0.15,"3,931",22.23,22.425,22.759999999999998,22.235718914741387,22.46854460507983,22.70615310334049,-0.23760849826065922,-0.1532856119839041,27.272727272727153,18.97945536698238,22.056367038822053
20221006,"9,598,665","213,274,858",22.25,22.3,22.1,22.3,+0.20,"3,081",22.19,22.375,22.735,22.257145943160925,22.442614665836782,22.67606768827823,-0.2334530224414486,-0.169319094075413,23.80952380952374,28.208525800210538,24.107086625951545
20221007,"6,539,478","144,309,248",22.1,22.2,22.0,22.0,-0.30,"4,098",22.14,22.294999999999998,22.685,22.17143062877395,22.374520101861894,22.62598860025762,-0.2514684983957274,-0.1857489749394759,23.80952380952371,21.027906089029276,23.080693113644124
20221011,"16,588,909","357,495,819",21.65,21.8,21.4,21.5,-0.50,"8,968",22.03,22.19,22.5975,21.947620419182634,22.239978547729294,22.542582037275576,-0.30260348954628213,-0.20911987786083716,17.647058823529406,16.582706623455447,20.914697616914562
20221012,"9,200,675","198,858,166",21.6,21.75,21.4,21.6,+0.10,"3,843",21.9,22.1,22.517500000000002,21.831746946121758,22.141520309617096,22.472761145625533,-0.3312408360084369,-0.23354406949035714,21.568627450980415,16.388471082303706,19.405955438710944
20221013,"19,884,737","418,522,773",21.6,21.65,20.75,20.8,-0.80,"11,581",21.64,21.935000000000002,22.4125,21.487831297414505,21.935132569676004,22.348852912616234,-0.4137203429402305,-0.2695793241803318,17.741935483870975,11.878028340583437,16.896646406001775
20221014,"14,340,690","299,568,316",21.0,21.1,20.75,20.8, 0.00,"4,656",21.34,21.765000000000004,22.2975,21.25855419827634,21.76049678972585,22.234123067237253,-0.4736262775114035,-0.3103887148465462,17.741935483870975,8.899077717251718,14.230790176418422
20221017,"13,496,653","275,298,510",20.8,20.8,20.3,20.45,-0.35,"6,571",21.03,21.585,22.15,20.98903613218423,21.558881898998795,22.101965802997455,-0.5430839039986601,-0.35692775267696897,17.187500000000014,8.258299873516627,12.239960075451156
20221018,"10,099,649","207,241,480",20.75,20.75,20.35,20.55,+0.10,"3,512",20.84,21.435000000000002,22.0225,20.842690754789487,21.403669299152828,21.98700537314579,-0.5833360739929638,-0.40220941694016793,20.000000000000043,9.381502241259149,11.287140797387153
20221019,"10,915,772","222,772,732",20.55,20.7,20.2,20.3,-0.25,"5,288",20.58,21.240000000000002,21.880000000000003,20.661793836526325,21.233874022360084,21.86204201217203,-0.6281679898119457,-0.4474011315145235,18.84057971014498,7.841636414807708,10.138639336527337
20221020,"21,082,112","425,385,601",19.95,20.5,19.9,20.4,+0.10,"6,501",20.5,21.07,21.7475,20.574529224350883,21.105585711227764,21.75374260386299,-0.6481568926352246,-0.4875522837386637,19.999999999999986,12.474134421466005,10.917137698173558
20221021,"9,433,255","195,124,847",20.55,20.85,20.4,20.8,+0.40,"3,695",20.5,20.919999999999998,21.6475,20.649686149567255,21.058572524885033,21.68309500357684,-0.6245224786918087,-0.5149463227292927,30.136986301369888,24.105563298521215,15.31327956495611
20221024,"10,531,686","220,216,863",21.1,21.1,20.8,20.8, 0.00,"3,080",20.57,20.8,21.5475,20.69979076637817,21.01879213644118,21.617680558867445,-0.5988884224262634,-0.5317347426686869,31.8840579710145,32.28659174856372,20.97105029282531
20221025,"14,157,008","297,007,724",20.95,21.1,20.75,21.1,+0.30,"3,332",20.68,20.759999999999998,21.475,20.833193844252115,21.03128565391177,21.579333850803188,-0.5480481968914184,-0.5349974335132333,33.80281690140849,44.38153735618539,28.774545980612004
20221026,"11,893,163","252,761,411",21.2,21.45,21.05,21.2,+0.10,"3,620",20.860000000000003,20.720000000000002,21.41,20.955462562834743,21.057241707156113,21.551235047039988,-0.4939933398838754,-0.5267966147873617,37.142857142857125,57.54468081810209,38.36459092644203
20221027,"11,779,218","250,454,917",21.4,21.45,21.15,21.15,-0.05,"3,363",21.009999999999998,20.755000000000003,21.345,21.020308375223163,21.07151221374748,21.52151393244443,-0.45000171869695293,-0.51143763556928,32.835820895522374,65.24484097550891,47.324674276130985
20221028,"8,659,808","182,681,019",21.3,21.3,20.9,21.05,-0.10,"2,763",21.06,20.779999999999998,21.2725,21.03020558348211,21.06820264240171,21.486586974485586,-0.4183843320838747,-0.492826974872199,34.92063492063494,68.22774344603823,54.2923639994334
20221031,"10,483,760","221,413,883",21.15,21.3,21.0,21.05, 0.00,"2,660",21.110000000000003,20.84,21.2125,21.03680372232141,21.065402235878373,21.454247198597766,-0.38884496271939284,-0.4720305724416378,41.509433962264175,70.21634509305778,59.60035769730819
20221101,"7,918,022","168,604,569",21.05,21.45,21.0,21.4,+0.35,"2,022",21.169999999999998,20.925,21.18,21.157869148214274,21.116878814974008,21.450228887590523,-0.33335007261651484,-0.44429447247661324,46.55172413793099,79.06896124483421,66.0898922131502
20221102,"5,118,378","108,431,111",21.35,21.4,21.1,21.1,-0.30,"2,653",21.15,21.005000000000003,21.1225,21.13857943214285,21.114282074208777,21.42428600702826,-0.3100039328194839,-0.4174363645451874,56.25000000000003,74.93486305211178,69.03821582613739
20221103,"6,264,494","130,738,207",20.9,21.0,20.8,20.85,-0.25,"3,045",21.09,21.05,21.060000000000002,21.042386288095237,21.073623293561273,21.381746302803947,-0.30812300924267433,-0.3955736934846848,50.94339622641511,54.718480129979355,64.2649705940847
20221104,"7,679,873","161,664,971",20.65,21.3,20.65,21.3,+0.45,"2,338",21.14,21.1,21.009999999999998,21.128257525396826,21.10845047916723,21.375691021114765,-0.2672405419475332,-0.3699070631772545,65.45454545454552,63.56232008665296,64.03075375827412
20221107,"6,505,688","138,684,040",21.1,21.4,21.1,21.4,+0.10,"2,562",21.21,21.16,20.98,21.21883835026455,21.153304251603043,21.377491686217375,-0.22418743461433266,-0.3407631374646702,65.45454545454547,73.6248800577686,67.22879585810561
20221108,"5,994,459","129,061,989",21.45,21.6,21.4,21.6,+0.20,"2,524",21.25,21.21,20.985,21.3458922335097,21.222026674433344,21.39397378353461,-0.17194710910126432,-0.30699993179198903,74.07407407407416,82.41658670517907,72.2913928071301
20221109,"7,855,865","170,964,396",21.6,21.85,21.55,21.85,+0.25,"2,886",21.400000000000002,21.275,20.9975,21.513928155673135,21.318637955289752,21.427753503272786,-0.10911554798303413,-0.2674230550301981,75.43859649122817,88.27772447011938,77.62017002812652
20221110,"4,942,995","107,137,388",21.75,21.8,21.6,21.6,-0.25,"2,262",21.55,21.32,21.0375,21.542618770448758,21.361924423706714,21.44051250303036,-0.07858807932364442,-0.22965605988888738,64.81481481481487,85.24070520230183,80.16034841951829
20221111,"19,364,017","427,989,520",21.85,22.25,21.85,22.25,+0.65,"4,880",21.740000000000002,21.44,21.110000000000003,21.778412513632507,21.498551435444142,21.500474539842926,-0.0019231043987844032,-0.1841094687908668,71.64179104477617,90.16047013486788,83.4937223246348
20221114,"17,453,351","388,313,830",22.4,22.4,22.1,22.25, 0.00,"4,356",21.91,21.56,21.200000000000003,21.935608342421673,21.614158906914273,21.555994944299005,0.058163962615267906,-0.13565478250963986,68.85245901639348,90.58317056610241,85.85687173845733
20221115,"11,604,315","258,213,692",22.1,22.45,21.85,22.35,+0.10,"3,716",22.060000000000002,21.654999999999998,21.29,22.073738894947784,21.72736522892746,21.61481013361019,0.11255509531726915,-0.08601280694425806,68.85245901639352,91.87026185888313,87.86133511193259
20221116,"12,543,300","277,656,107",22.2,22.4,22.0,22.05,-0.30,"4,380",22.1,21.75,21.3775,22.06582592996519,21.777001347554005,21.64704642000944,0.12995492754456706,-0.042819260046493036,63.6363636363637,87.17276716518137,87.6318124630155
20221117,"6,618,368","144,879,271",21.95,22.0,21.75,21.95,-0.10,"2,992",22.17,21.86,21.455000000000002,22.02721728664346,21.80361652485339,21.669487425934665,0.1341290989187236,-0.007429588253449708,63.636363636363626,79.10283243110854,84.78881911904651
20221118,"8,462,129","183,970,609",21.8,22.0,21.65,21.7,-0.25,"4,012",22.060000000000002,21.9,21.5,21.918144857762307,21.78767552102979,21.671747616606172,0.11592790442361789,0.017241910281963813,59.15492957746478,62.259031144548565,77.27888979421385
20221121,"9,089,789","196,356,192",21.7,21.85,21.35,21.8,+0.10,"2,777",21.970000000000002,21.94,21.55,21.878763238508206,21.789571594717515,21.68124779315386,0.10832380156365318,0.03545828853830169,56.06060606060609,55.142384399396015,69.90005466260791
20221122,"4,876,335","106,649,110",21.85,21.95,21.65,21.95,+0.15,"1,629",21.889999999999997,21.975,21.592499999999998,21.90250882567214,21.814252887837895,21.701155364031354,0.11309752380654103,0.05098613559194957,63.492063492063444,54.943407781415495,64.91450570221045
20221123,"6,462,785","142,604,997",22.0,22.2,21.9,22.0,+0.05,"2,160",21.880000000000003,21.990000000000002,21.6325,21.93500588378143,21.842829366632067,21.723292003732734,0.11953736289933303,0.06469638105342626,69.49152542372877,56.32590821791335,62.051639874111416
20221124,"9,925,760","220,722,485",22.25,22.35,22.1,22.35,+0.35,"3,426",21.96,22.065,21.692500000000003,22.073337255854288,21.92085561791944,21.76971481827105,0.15114079964838822,0.08198526477241866,68.42105263157893,67.85363578163926,63.98563850995403
20221125,"12,162,053","270,312,129",22.3,22.35,22.1,22.25,-0.10,"3,238",22.07,22.065,21.7525,22.132224837236194,21.971493215162603,21.80529149839912,0.1662017167634815,0.09882855517063123,64.91228070175436,72.50848446048678,66.82658716013161
20221128,"14,233,731","313,440,181",21.9,22.25,21.8,22.05,-0.20,"3,929",22.119999999999997,22.045,21.802500000000002,22.104816558157463,21.983571182060665,21.82341805407326,0.1601531279874031,0.11109346973398561,57.89473684210523,70.56121186254677,68.07146206093665
20221129,"7,565,523","168,255,160",22.2,22.35,21.95,22.35,+0.30,"2,322",22.200000000000003,22.045,21.85,22.186544372104976,22.039944846359024,21.86242412414191,0.177520722217114,0.1243789202306113,58.6206896551724,80.37414124169784,72.17235512119038
20221130,"24,772,961","560,424,274",22.4,22.7,22.25,22.7,+0.35,"3,568",22.339999999999996,22.11,21.93,22.357696248069985,22.14149179307302,21.924466781612878,0.21702501146014086,0.14290813847651723,68.33333333333327,86.9160941611319,77.08693480117088
20221201,"11,218,003","254,870,352",22.9,22.95,22.5,22.8,+0.10,"4,045",22.43,22.195,22.027499999999996,22.505130832046657,22.242800747984862,21.989321094085998,0.2534796538988644,0.16502244156098667,61.22448979591835,88.15239610742128,80.77542190325434
20221202,"5,722,694","128,572,766",22.6,22.65,22.4,22.4,-0.40,"2,902",22.46,22.265,22.082500000000003,22.470087221364437,22.266985248294883,22.019741753783332,0.24724349451155092,0.18146665215109953,52.63157894736839,77.9990333023834,79.84995903629735
20221205,"6,389,597","142,706,978",22.3,22.45,22.25,22.25,-0.15,"2,931",22.5,22.310000000000002,22.125,22.39672481424296,22.264372133172593,22.036797920169754,0.2275742130028391,0.19068816432144745,48.2758620689655,65.04283379579182,74.91425062279549
20221206,"13,179,142","291,933,813",22.15,22.4,22.05,22.05,-0.20,"3,140",22.439999999999998,22.32,22.1475,22.281149876161972,22.231391804992192,22.03777585200903,0.19361595298316203,0.19127372205379037,50.0,50.60826600878875,66.8122557514599
20221207,"14,240,054","320,935,057",22.1,22.65,22.05,22.6,+0.55,"3,854",22.42,22.380000000000003,22.185,22.38743325077465,22.288100758070318,22.079422085193546,0.208678672876772,0.1947547122183867,60.00000000000002,56.92724980296066,63.517253768626816
20221208,"6,116,472","137,563,682",22.45,22.6,22.35,22.55,-0.05,"2,222",22.369999999999997,22.4,22.232499999999998,22.4416221671831,22.328392949136422,22.11427970851254,0.21411324062388104,0.19862641789948557,63.934426229508205,59.69063030342307,62.241712613558896
20221209,"7,665,275","173,373,340",22.5,22.75,22.4,22.65,+0.10,"2,354",22.42,22.44,22.252499999999998,22.511081444788736,22.377870956961587,22.153962693067168,0.22390826389441898,0.20368278709847226,63.93442622950816,63.12708686894869,62.53683736535549
20221212,"11,471,413","259,894,784",22.5,22.7,22.45,22.7,+0.05,"2,572",22.51,22.505,22.275,22.574054296525826,22.427429271275187,22.19440990098812,0.23301937028706732,0.2095501037361913,62.711864406779654,66.15879865337317,63.744157794694715
20221213,"12,082,561","270,698,836",22.7,22.75,22.3,22.35,-0.35,"3,546",22.57,22.505000000000003,22.275,22.49936953101722,22.41551707569439,22.20593509350752,0.20958198218686874,0.2095564794263268,55.3846153846154,55.21697688002659,60.901764156472005
20221214,"8,968,189","203,179,009",22.6,22.7,22.5,22.7,+0.35,"2,331",22.59,22.505000000000003,22.307499999999997,22.56624635401148,22.459283679433714,22.242532493988445,0.2167511854452684,0.21099542063011512,55.38461538461535,67.76369887239863,63.18907572844755
20221215,"4,468,670","101,302,694",22.6,22.75,22.5,22.7, 0.00,"1,823",22.619999999999997,22.494999999999997,22.345000000000002,22.61083090267432,22.496316959520836,22.276418975915227,0.21989798360560897,0.2127759332252139,57.14285714285714,76.12818020064667,67.50211055251391
20221216,"15,495,222","350,181,903",22.5,22.75,22.4,22.65,-0.05,"3,447",22.619999999999997,22.52,22.392500000000002,22.623887268449547,22.519960504209937,22.30409164436595,0.21586885984398663,0.21339451854896846,59.99999999999997,79.32354870519293,71.44258993674025
20221219,"11,731,976","265,637,568",22.4,22.85,22.4,22.85,+0.20,"3,065",22.65,22.58,22.445,22.699258178966367,22.57073581125456,22.34452930033884,0.22620651091571986,0.21595691702231876,58.62068965517242,86.21569913679528,76.36695967009192
20221220,"12,102,931","275,718,287",22.8,22.95,22.6,22.8,-0.05,"3,651",22.740000000000002,22.655,22.4875,22.73283878597758,22.606007224907707,22.378267870684112,0.22773935422359415,0.21831340446257386,51.92307692307695,83.11815839888921,78.61735924635768
20221221,"5,538,339","125,566,800",22.7,22.8,22.55,22.65,-0.15,"2,131",22.729999999999997,22.66,22.520000000000003,22.70522585731839,22.612775344152674,22.398396176559363,0.21437916759331088,0.21752655708872126,47.169811320754675,73.36082354797735,76.86518068023089
20221222,"3,220,851","73,192,278",22.7,22.8,22.65,22.75,+0.10,"1,244",22.74,22.68,22.54,22.720150571545595,22.633886829667645,22.424440904221633,0.20944592544601193,0.2159104307601794,57.44680851063833,71.98413877557465,75.23816671201214
20221223,"4,175,100","94,184,998",22.55,22.65,22.5,22.5,-0.25,"1,707",22.71,22.665,22.552500000000002,22.646767047697065,22.61328885587262,22.43003787427929,0.18325098159333209,0.20937854092680994,55.10204081632653,58.24583610679334,69.57405651027254
20221226,"4,158,897","93,798,893",22.5,22.65,22.5,22.6,+0.10,"1,486",22.66,22.655,22.58,22.631178031798044,22.611244416507603,22.442627661369713,0.1686167551378901,0.20122618376902598,61.702127659574465,50.95176952574116,63.366627515428746
20221227,"2,212,674","50,128,233",22.65,22.7,22.6,22.7,+0.10,"1,126",22.639999999999997,22.689999999999998,22.597500000000004,22.654118687865363,22.624899121660278,22.46169227904603,0.16320684261424745,0.1936223155380703,52.63157894736836,52.14966453231231,59.627639854389926
20221228,"4,863,889","109,502,194",22.6,22.6,22.45,22.45,-0.25,"2,564",22.6,22.665,22.585,22.586079125243575,22.597991564481774,22.46082618430188,0.13716538017989421,0.1823309284664351,47.619047619047585,37.7967460518446,52.35067525354148
20221229,"9,413,969","209,505,108",22.35,22.4,22.1,22.3,-0.15,"3,171",22.51,22.625,22.560000000000002,22.49071941682905,22.552146708407655,22.44891313361285,0.10323357479480322,0.1665114577321087,41.86046511627912,33.04096795613169,45.91410615440488
20221230,"5,005,646","112,510,948",22.4,22.6,22.35,22.45,+0.15,"1,567",22.5,22.605,22.5625,22.477146277886035,22.53643183019109,22.44899364223412,0.08743818795696967,0.15069680377708092,44.444444444444436,35.752802166832836,42.52700482521419
20230103,"10,720,092","241,476,247",22.45,22.75,22.15,22.7,+0.25,"4,413",22.52,22.59,22.585,22.551430851924025,22.561596164007845,22.467586705772334,0.09400945823551154,0.13935933466876704,58.13953488372088,52.40663001598372,45.82021322213737
20230104,"4,817,768","109,004,732",22.65,22.7,22.5,22.65,-0.05,"1,783",22.51,22.575,22.615,22.584287234616017,22.575196754160483,22.48109880164105,0.09409795251943365,0.13030705823890038,48.64864864864863,61.12822953446522,50.92288532624665
20230105,"5,609,472","127,293,137",22.65,22.8,22.6,22.65, 0.00,"1,759",22.55,22.575,22.6175,22.606191489744013,22.5867049458281,22.49361000151949,0.09309494430861065,0.12286463545284243,48.64864864864863,66.94262921345289,56.262799955315394
20230106,"5,024,573","114,360,008",22.7,22.8,22.65,22.8,+0.15,"1,904",22.65,22.58,22.630000000000003,22.67079432649601,22.619519569546853,22.51630555696249,0.10321401258436325,0.1189345108791466,53.84615384615389,77.96175280896858,63.49578423986645
20230109,"23,122,724","536,849,519",22.95,23.4,22.8,23.4,+0.60,"7,833",22.84,22.669999999999998,22.6675,22.913862884330676,22.73959348192426,22.581764404594896,0.1578290773293638,0.12671342416919004,61.7021276595744,85.30783520597905,70.76646789523731
20230110,"10,070,666","235,303,990",23.3,23.5,23.2,23.5,+0.10,"4,121",23.0,22.759999999999998,22.7075,23.10924192288712,22.856579100089757,22.649781856106387,0.2067972439833703,0.1427301881320261,64.58333333333331,90.2052234706527,77.24605308704244
20230111,"16,344,891","380,711,626",23.45,23.5,23.15,23.2,-0.30,"7,137",23.109999999999996,22.81,22.75,23.13949461525808,22.909413084691334,22.69053875565406,0.21887432903727344,0.15795901631307557,60.78431372549021,86.32729183757796,80.27313267055428
20230112,"14,150,463","324,509,534",23.25,23.25,22.8,22.85,-0.35,"4,726",23.15,22.85,22.7575,23.042996410172055,22.900272610123437,22.702350699679684,0.1979219104437533,0.16595159513921112,51.78571428571431,74.83547850900263,78.46058128337039
20230113,"13,148,707","300,629,163",22.9,23.05,22.75,22.8,-0.05,"4,808",23.15,22.9,22.7625,22.96199760678137,22.88484605471983,22.709583981184892,0.17526207353493817,0.16781369081835654,55.769230769230795,65.93970172205117,74.28695476293065
20230116,"9,424,269","217,863,466",22.85,23.25,22.85,23.2,+0.40,"3,179",23.11,22.975,22.79,23.041331737854247,22.933331277070625,22.745911093689713,0.1874201833809117,0.1717349893308676,60.344827586206875,67.29313448136742,71.9556813357429
20230117,"13,931,429","320,814,445",23.15,23.15,22.95,22.95,-0.25,"3,789",23.0,23.0,22.794999999999998,23.010887825236164,22.935895695982836,22.761028790453437,0.17486690552939876,0.17236137257057382,54.09836065573771,57.825052617207845,67.24547176289788
20230130,"34,101,163","792,021,921",23.5,23.6,22.75,23.4,+0.45,"9,492",23.04,23.075,22.825,23.140591883490778,23.00729635813932,22.80835999116059,0.19893636697873163,0.17767637145220538,64.61538461538461,64.8658245518227,66.45225602587281
20230131,"23,227,368","532,686,006",23.35,23.35,22.75,22.75,-0.65,"7,058",23.02,23.085,22.83,23.010394588993854,22.967712303040965,22.8040370288524,0.16367527418856653,0.17487615199947762,55.99999999999999,43.24388303454846,58.71613169543136
20230201,"7,450,268","170,350,512",22.95,22.95,22.75,22.9,+0.15,"2,917",23.04,23.095,22.8375,22.97359639266257,22.957295025650048,22.811145397085554,0.1461496285644941,0.16913084731248093,55.99999999999999,34.71160829754204,50.71462389613492
20230202,"8,589,751","196,044,377",23.0,23.0,22.7,22.8,-0.10,"3,525",22.96,23.035,22.8525,22.915730928441715,22.933095790934654,22.810319812116255,0.12277597881839952,0.15985987361366466,51.38888888888891,26.84477590206511,42.75800789811164
20230203,"6,248,739","142,473,045",22.75,22.9,22.7,22.75,-0.05,"2,792",22.919999999999998,22.96,22.860000000000003,22.860487285627812,22.90492720771394,22.80585167788542,0.09907552982851797,0.14770300485663534,51.38888888888891,19.748369119895276,35.088128305372855
20230206,"11,205,896","253,783,822",22.75,22.75,22.6,22.6,-0.15,"5,453",22.76,22.9,22.854999999999997,22.773658190418544,22.858015329604104,22.790603405449463,0.0674119241546407,0.13164478871623642,49.333333333333364,13.165579413263517,27.780612008003075
20230207,"7,155,932","161,944,165",22.6,22.75,22.6,22.6, 0.00,"3,807",22.73,22.875,22.8625,22.715772126945698,22.818320663511166,22.77648463467543,0.04183602883573556,0.11368303674013625,47.22222222222223,8.777052942175677,21.44609231939394
20230208,"5,698,774","128,914,976",22.6,22.7,22.6,22.6, 0.00,"3,326",22.669999999999998,22.855,22.877499999999998,22.6771814179638,22.784732869124834,22.763411698773545,0.021321170351289,0.0952106634623668,36.666666666666686,5.851368628117118,16.247851088968332
20230209,"7,051,373","159,097,234",22.55,22.65,22.5,22.55,-0.05,"4,106",22.62,22.79,22.8825,22.63478761197587,22.748620120028704,22.74760342479032,0.0010166952383841021,0.07637186981757027,33.89830508474573,5.41606393389628,12.63725537061098
20230210,"8,977,976","203,143,922",22.55,22.75,22.45,22.7,+0.15,"3,456",22.610000000000003,22.765,22.8825,22.65652507465058,22.74114010156275,22.74407724517622,-0.002937143613472415,0.060510067131361735,41.071428571428534,12.869968548523422,12.714826429915126
20230213,"8,580,665","194,946,809",22.6,22.85,22.55,22.75,+0.05,"3,028",22.640000000000004,22.7,22.8875,22.68768338310039,22.74250316286079,22.74451596775576,-0.002012804894970799,0.04800549272609523,47.999999999999964,26.76179721416715,17.397150024665798
20230214,"7,124,775","163,418,203",22.85,23.0,22.8,23.0,+0.25,"3,005",22.72,22.725,22.904999999999998,22.791788922066928,22.782118060882205,22.763440710884964,0.018677349997240356,0.042139864180324255,53.70370370370371,51.174531476111426,28.65627717514767
20230215,"7,859,223","179,123,849",22.85,22.95,22.7,22.75,-0.25,"4,178",22.75,22.71,22.902499999999996,22.777859281377953,22.77717682074648,22.762445102671265,0.014731718075214673,0.03665823495930234,41.17647058823528,52.298172499225814,36.53690894984038
20230216,"6,158,596","140,678,197",22.8,22.95,22.75,22.8,+0.05,"2,495",22.8,22.71,22.8725,22.785239520918637,22.780688079093174,22.76522694691784,0.015461132175335734,0.032418814402509016,46.808510638297896,56.07756954493848,43.050462481539746
20230217,"5,560,461","127,284,509",22.8,23.05,22.7,22.9,+0.10,"2,304",22.84,22.725,22.8425,22.823493013945757,22.799043759232685,22.775210136035035,0.0238336231976497,0.030701776161537155,37.49999999999995,62.38504636329222,49.49532377545724
20230220,"6,337,421","145,544,218",22.9,23.05,22.8,23.0,+0.10,"2,615",22.889999999999997,22.765,22.832500000000003,22.88232867596384,22.82996010396612,22.791861237069476,0.0380988668966431,0.03218119430855835,58.620689655172434,72.145586464417,57.04541133844382
20230221,"6,311,718","144,112,494",22.9,22.9,22.8,22.85,-0.15,"3,757",22.86,22.79,22.8325,22.87155245064256,22.83304316489441,22.796167812101366,0.03687535279304299,0.03312002600545528,48.27586206896561,70.31927986516695,61.47003418068486
20230222,"7,615,164","173,924,474",22.8,22.95,22.65,22.95,+0.10,"3,048",22.9,22.825,22.839999999999996,22.89770163376171,22.851036524141424,22.807562788982747,0.043473735158677584,0.03519076783609974,55.172413793103416,74.65729768788901,65.86578868308624
20230223,"9,020,065","207,226,461",22.95,23.1,22.85,22.95, 0.00,"2,945",22.93,22.865000000000002,22.8275,22.91513442250781,22.866261674273513,22.818113693502543,0.04814798077097038,0.03778221042307387,57.14285714285714,74.01395603435013,68.58184446684086
20230224,"12,629,619","288,836,272",22.95,23.0,22.85,22.85,-0.10,"2,134",22.92,22.88,22.822499999999998,22.89342294833854,22.863759878231434,22.820475642131985,0.0432842360994492,0.03888261555834894,59.259259259259295,64.15745217104835,67.10704703491002
20230301,"16,474,488","376,105,061",22.8,22.95,22.7,22.85, 0.00,"6,555",22.89,22.89,22.795,22.878948632225693,22.861642973888138,22.82266263160369,0.03898034228444658,0.03890216090356847,59.259259259259295,57.58644959551383,63.93351455511129
20230302,"6,270,299","142,814,986",22.95,22.95,22.7,22.75,-0.10,"2,809",22.869999999999997,22.865000000000002,22.795,22.83596575481713,22.8444671317515,22.817280214447862,0.02718691730363787,0.03655911218358235,55.172413793103416,45.798373804416684,57.888467638213086
20230303,"6,598,267","150,207,418",22.75,22.9,22.7,22.75, 0.00,"2,890",22.830000000000002,22.865000000000002,22.7875,22.807310503211422,22.829933726866653,22.812296494859133,0.017637232007519543,0.03277473614836979,57.14285714285714,37.939656610351925,51.23886396225936
20230306,"7,227,399","165,693,373",22.85,23.0,22.8,22.9,+0.15,"3,146",22.82,22.875,22.7925,22.838207002140948,22.840713153502552,22.818793050795495,0.0219201027070568,0.03060380946010719,57.14285714285714,43.811622925419684,48.76311694997946
20230307,"5,830,091","134,018,427",22.9,23.05,22.85,23.05,+0.15,"2,956",22.86,22.89,22.8075,22.908804668093968,22.872911129886774,22.83591949147731,0.0369916384094644,0.03188137524997863,60.00000000000004,58.83737824657605,52.12120404884499
20230308,"9,248,135","211,596,279",23.0,23.0,22.8,22.9,-0.15,"4,855",22.869999999999997,22.880000000000003,22.822499999999998,22.90586977872931,22.877078648365732,22.84066619581232,0.03641245255341019,0.03278759071066494,46.42857142857138,57.7434373495691,53.99528181575302
20230309,"8,625,248","196,638,355",22.9,22.9,22.75,22.8,-0.10,"4,599",22.880000000000003,22.875,22.8325,22.87057985248621,22.865220394771004,22.83765388501141,0.027566509759594737,0.0317433745204509,52.000000000000036,46.82895823304614,51.60650728818405
20230310,"12,729,352","288,021,689",22.65,22.7,22.6,22.6,-0.20,"7,415",22.85,22.84,22.832500000000003,22.78038656832414,22.824417257113925,22.820049893529085,0.004367363584840689,0.02626817233332886,42.857142857142854,31.219305488697422,44.81077335502184
20230313,"11,091,510","248,927,061",22.5,22.55,22.3,22.5,-0.10,"5,356",22.77,22.795,22.830000000000002,22.68692437888276,22.77450690986563,22.79634249400841,-0.021835584142781528,0.016647421038106784,35.71428571428575,29.701759214687137,39.7744353082436
20230314,"19,256,950","427,615,316",22.3,22.35,22.1,22.15,-0.35,"11,500",22.59,22.725,22.802500000000002,22.507949585921843,22.678428923732454,22.74846527223001,-0.07003634849755613,-0.0006893328690257996,24.24242424242418,21.555558774703606,33.70147646373027
20230315,"19,762,606","436,391,216",22.2,22.25,21.95,21.95,-0.20,"11,707",22.4,22.634999999999998,22.7625,22.321966390614563,22.56636293546592,22.68931969650927,-0.12295676104334774,-0.02514281850389019,23.5294117647058,14.37037251646907,27.257775147976538
20230316,"21,614,486","466,448,028",21.8,21.85,21.5,21.55,-0.40,"15,366",22.15,22.514999999999997,22.69,22.06464426040971,22.4099994069327,22.60492564491599,-0.19492623798328879,-0.05909950239976991,15.000000000000028,10.655517161517029,21.723689152490035
20230317,"14,000,532","302,697,204",21.6,21.7,21.55,21.65,+0.10,"6,213",21.96,22.404999999999998,22.635,21.926429506939808,22.29307642125075,22.53419041195925,-0.24111399070850226,-0.09550240006151639,19.047619047618994,10.32948455929089,17.925620954756987
20230320,"8,356,286","179,231,182",21.55,21.55,21.3,21.45,-0.20,"6,211",21.75,22.26,22.567500000000003,21.767619671293208,22.16337235644294,22.45388001107338,-0.2905076546304386,-0.13450345097530084,18.18181818181813,9.82749951011547,15.226247139876481
20230321,"7,592,171","165,028,513",21.55,21.85,21.55,21.75,+0.30,"4,288",21.669999999999998,22.130000000000003,22.509999999999998,21.761746447528807,22.099776609297873,22.40174075099387,-0.30196414169599706,-0.1679955891194401,27.99999999999997,15.926666340076975,15.459720206609978
20230322,"8,970,734","197,217,137",21.95,22.05,21.85,22.05,+0.30,"4,257",21.69,22.044999999999998,22.4625,21.857830965019208,22.09211866940589,22.37568588054988,-0.2835672111439891,-0.1911099135243499,37.037037037037045,28.47492041719419,19.798120276804717
20230323,"13,593,648","298,519,953",22.0,22.1,21.75,22.05, 0.00,"6,911",21.79,21.970000000000002,22.4225,21.921887310012806,22.08563887411268,22.35156100050915,-0.2659221263964717,-0.20607235609877428,37.037037037037045,38.983280278129456,26.193173610579628
20230324,"8,236,809","181,580,343",22.05,22.2,21.85,22.1,+0.05,"3,864",21.880000000000003,21.919999999999998,22.380000000000003,21.981258206675207,22.087848278095343,22.332926852323286,-0.24507857422794288,-0.213873599724608,34.615384615384684,51.38567891557837,34.590675378912536
20230327,"5,886,586","130,105,498",22.1,22.15,22.05,22.1, 0.00,"3,159",22.01,21.88,22.3375,22.02083880445014,22.089717773772982,22.31567301141045,-0.22595523763746783,-0.21628992730718,30.6122448979592,62.327294715648776,43.83621515782461
20230328,"4,566,706","101,220,007",22.1,22.3,22.05,22.15,+0.05,"2,748",22.09,21.880000000000003,22.302500000000002,22.063892536300095,22.09899196242329,22.30340093649116,-0.20440897406786718,-0.21391373665931745,34.04255319148932,69.88486314376577,52.519097819805
20230329,"5,130,437","114,137,960",22.2,22.3,22.2,22.3,+0.15,"2,471",22.14,21.915,22.275,22.142595024200066,22.12991627589663,22.30314901526959,-0.1732327393729598,-0.20577753720204595,39.58333333333332,79.92324209584385,61.65381257848461
20230330,"4,011,948","89,071,977",22.3,22.35,22.1,22.2,-0.10,"2,846",22.17,21.98,22.2475,22.16173001613338,22.14069838729715,22.29550834747184,-0.15480996017469195,-0.19558402179657516,41.30434782608691,81.85358996865773,68.38707170854232
20230331,"9,382,963","210,134,092",22.3,22.5,22.25,22.35,+0.15,"3,042",22.22,22.05,22.2275,22.224486677422256,22.17289863540528,22.299544766177632,-0.12664613077235387,-0.18179644359173092,46.8085106382979,82.63923541770168,73.13779294492878
20230406,"7,878,312","176,574,478",22.2,22.5,22.2,22.5,+0.15,"4,725",22.3,22.155,22.207500000000003,22.31632445161484,22.223221922266006,22.314393302016327,-0.09117137975032108,-0.16367143082344895,58.13953488372097,88.42615694513445,78.23391427833067
20230407,"4,156,611","93,157,943",22.5,22.55,22.35,22.45,-0.05,"3,749",22.36,22.225,22.177500000000002,22.360882967743226,22.258110857302004,22.32443824260771,-0.06632738530570492,-0.14420262171990017,62.50000000000001,88.1174379634229,81.5284221733614
20230410,"3,329,212","74,870,843",22.45,22.55,22.4,22.5,+0.05,"2,290",22.4,22.270000000000003,22.157500000000002,22.40725531182882,22.295324571563235,22.33744281722936,-0.04211824566612421,-0.12378574650914499,78.78787878787873,89.69733959466285,84.25139464712855
20230411,"6,345,760","143,512,155",22.5,22.7,22.45,22.65,+0.15,"3,004",22.490000000000002,22.33,22.15,22.48817020788588,22.34989002209197,22.360595201138295,-0.010705179046325952,-0.10116963301658119,79.4117647058823,90.56745716567262,86.35674881997656
20230412,"6,528,152","147,821,592",22.75,22.75,22.55,22.55,-0.10,"4,173",22.529999999999998,22.375,22.1475,22.508780138590588,22.38067617253936,22.37462518623916,0.006050986300198957,-0.07972550915322517,84.37500000000001,84.18782858663891,85.63377540886401
20230413,"6,555,648","148,579,969",22.55,22.7,22.55,22.7,+0.15,"3,845",22.57,22.435,22.1575,22.572520092393727,22.42980291522561,22.398727024295518,0.031075890930093664,-0.057565229136561404,82.75862068965516,86.89444982699,86.05400021490601
20230414,"5,663,682","128,988,814",22.8,22.85,22.65,22.8,+0.10,"2,521",22.64,22.5,22.19,22.648346728262485,22.48675631288321,22.428450948421776,0.05830536446143242,-0.03439111041696264,80.0,89.0407443291044,87.04958158630546
20230417,"8,765,333","198,806,208",22.75,22.8,22.6,22.7,-0.10,"3,494",22.68,22.54,22.2275,22.665564485508323,22.5195630339781,22.448565692983127,0.07099734099497113,-0.013313420134575888,74.07407407407399,85.00152186042848,86.36689501101313
20230418,"5,942,150","134,864,819",22.7,22.75,22.6,22.7, 0.00,"2,337",22.689999999999998,22.59,22.285,22.677042990338883,22.547322567212237,22.467190456465858,0.08013211074637994,0.005375686041615278,73.07692307692298,82.30870688131121,85.01416563444582
20230419,"7,410,507","169,166,397",22.75,22.9,22.75,22.8,+0.10,"3,258",22.740000000000002,22.634999999999998,22.342499999999998,22.718028660225922,22.586196018410355,22.491843015246165,0.0943530031641906,0.02317114946613034,74.99999999999994,82.14519852693483,84.05784326527548
20230420,"4,428,353","100,770,469",22.75,22.85,22.7,22.75,-0.05,"2,379",22.75,22.66,22.4075,22.72868577348395,22.61139663096261,22.51096575485756,0.10043087610505097,0.038623094793914466,71.42857142857139,78.09679901795664,82.0708285161692
20230421,"4,564,049","103,866,527",22.7,22.8,22.7,22.8,+0.05,"2,208",22.75,22.695,22.46,22.752457182322633,22.64041253389144,22.532375698942182,0.10803683494925664,0.052505842824982905,69.23076923076917,77.99045860456383,80.71070521230074
20230424,"2,886,345","65,828,569",22.8,22.85,22.75,22.85,+0.05,"1,860",22.78,22.729999999999997,22.5,22.784971454881756,22.672656759446603,22.555903424946464,0.1167533345001388,0.0653553411600141,76.0,80.56506764113803,80.6621593552465
20230425,"6,064,341","138,619,697",22.9,23.0,22.75,22.8,-0.05,"2,916",22.800000000000004,22.745,22.5375,22.78998096992117,22.69224802722405,22.573984652728207,0.11826337449584301,0.07593694782717988,69.56521739130429,72.22856361261057,77.85096077436785
20230426,"9,157,068","209,733,796",22.8,22.95,22.8,22.95,+0.15,"3,217",22.830000000000002,22.785,22.580000000000002,22.843320646614114,22.73190217688189,22.601837641415006,0.13006453546688235,0.08676246535512039,69.56521739130429,77.31904240840697,77.67365465238089
20230427,"5,563,734","127,024,160",22.85,22.9,22.75,22.8,-0.15,"3,093",22.84,22.795,22.615,22.828880431076076,22.742378765053907,22.616516334643524,0.1258624304103826,0.09458245836617284,64.00000000000006,68.21269493893797,74.52000141456658
20230428,"62,391,480","1,364,755,192",21.65,22.1,21.65,21.9,-0.90,"22,200",22.66,22.705000000000002,22.6025,22.519253620717386,22.612782031968692,22.563441050595856,0.04934098137283627,0.08553416296750553,35.714285714285694,51.64796946546481,66.89599076486599
20230502,"19,269,528","420,768,818",21.9,21.9,21.75,21.9, 0.00,"8,234",22.47,22.625,22.5825,22.312835747144923,22.503123257819663,22.514297269070237,-0.011174011250574267,0.06619252812388958,30.769230769230802,40.60481914981604,58.13226689318267
20230503,"8,576,402","187,465,406",21.85,21.9,21.8,21.85,-0.05,"6,198",22.279999999999998,22.54,22.565,22.158557164763284,22.40264275661664,22.465090063953923,-0.06244730733728332,0.040464561031655,31.578947368421098,32.00815103814902,49.424228274838114
20230504,"8,685,273","190,623,068",21.85,22.05,21.8,21.95,+0.10,"3,772",22.08,22.455000000000002,22.544999999999998,22.08903810984219,22.333005409444848,22.42693524440178,-0.0939298349569313,0.01358568183393774,29.72972972972974,28.74617476617343,42.531543771949885
20230505,"7,616,585","167,448,306",21.95,22.05,21.95,22.0,+0.05,"2,830",21.919999999999998,22.380000000000003,22.52,22.059358739894794,22.281773807991794,22.39531041148313,-0.11353660349133676,-0.01183877523111716,27.77777777777777,27.806091819424285,37.62305978777468
20230508,"10,637,506","233,845,372",22.0,22.1,21.9,22.0, 0.00,"3,739",21.94,22.3,22.4975,22.039572493263197,22.238423991377672,22.366028158780676,-0.1276041674030033,-0.034991853665494385,29.411764705882362,27.179369854924854,34.14182981015807
20230509,"7,499,739","165,108,570",22.0,22.05,21.95,22.05,+0.05,"3,074",21.97,22.220000000000002,22.475,22.043048328842133,22.209435685011876,22.342618665537664,-0.13318298052578825,-0.05463007903755316,31.428571428571473,28.37599015969354,32.21988326000323
20230510,"10,826,994","239,592,709",22.05,22.25,22.05,22.2,+0.15,"3,240",22.04,22.16,22.4525,22.09536555256142,22.207984041163893,22.33205431994228,-0.12407027877838672,-0.06851811898571987,33.33333333333327,33.58399343979571,32.67458665326739
20230511,"7,504,424","165,967,545",22.25,22.25,22.05,22.1,-0.10,"2,874",22.07,22.075,22.43,22.09691036837428,22.191371111754062,22.314865111057667,-0.12349399930360505,-0.07951329504929691,32.43243243243241,47.3893289598639,37.57950075546623
20230512,"7,408,569","162,649,402",22.05,22.05,21.9,21.9,-0.20,"3,401",22.05,21.985,22.39,22.03127357891619,22.146544786868823,22.284134362090434,-0.13758957522161097,-0.09112855108375972,27.499999999999915,41.5928859732425,38.917295828058315
20230515,"7,716,368","168,558,988",21.8,21.95,21.7,21.95,+0.05,"3,579",22.04,21.99,22.3475,22.004182385944127,22.11630712735054,22.259383668602254,-0.14307654125171254,-0.1015181491173503,27.499999999999915,42.880105800343465,40.23823248548669
20230516,"9,261,235","203,916,177",21.95,22.1,21.85,22.1,+0.15,"3,359",22.05,22.01,22.317500000000003,22.03612159062942,22.11379833852738,22.247577470928015,-0.13377913240063322,-0.10797034577400688,33.33333333333333,52.829161442653316,44.43520880454223
20230517,"19,037,508","424,442,870",22.1,22.5,22.0,22.35,+0.25,"7,585",22.080000000000002,22.06,22.3,22.140747727086282,22.150137055677014,22.255164324933347,-0.10502726925633254,-0.10738173047047202,36.36363636363641,62.30277429510227,50.39106396806224
20230518,"12,439,644","279,667,658",22.3,22.55,22.3,22.55,+0.20,"4,428",22.17,22.119999999999997,22.2875,22.277165151390857,22.211654431726704,22.277004004567914,-0.06534957284121035,-0.09897529894461969,44.444444444444436,74.86851619673484,58.55021471095311
20230519,"15,959,852","361,025,805",22.55,22.75,22.45,22.75,+0.20,"5,485",22.34,22.195,22.2875,22.434776767593906,22.29447682684567,22.31204074497029,-0.017563918124618993,-0.08269302278061956,77.41935483870976,83.24567746448989,66.7820356287987
20230522,"9,098,067","206,409,634",22.7,22.75,22.6,22.65,-0.10,"4,119",22.48,22.259999999999998,22.28,22.506517845062604,22.349172699638643,22.33707476386138,0.012097935777262592,-0.06373483106904314,72.72727272727275,85.65584846839003,73.07330657532914
20230523,"11,770,971","266,440,111",22.6,22.8,22.5,22.65, 0.00,"4,200",22.59,22.32,22.27,22.554345230041736,22.39545382277116,22.36025441098276,0.035199411788401136,-0.043947982497554286,74.99999999999989,85.89177776680542,77.34613030582122
20230524,"7,038,039","158,909,146",22.65,22.65,22.5,22.55,-0.10,"4,584",22.63,22.355,22.2575,22.552896820027826,22.41923015772944,22.37430963979885,0.04492051793059204,-0.026174282411925022,68.75000000000003,83.01876093544604,79.23700718236282
20230525,"8,948,000","200,011,298",22.45,22.5,22.25,22.3,-0.25,"3,644",22.580000000000002,22.375,22.225,22.468597880018553,22.400887056540295,22.36880522203597,0.032081834504325,-0.014523059028675019,58.33333333333336,73.5276588054489,77.33389105672484
20230526,"10,456,267","232,729,679",22.2,22.4,22.1,22.25,-0.05,"5,330",22.48,22.41,22.1975,22.39573192001237,22.377673663226403,22.36000483521849,0.017668828007913362,-0.008084681621357344,56.75675675675676,63.0535269229308,72.5737696787935
20230529,"15,216,797","338,598,405",22.25,22.35,22.2,22.2,-0.05,"5,045",22.389999999999997,22.435000000000002,22.2125,22.330487946674914,22.350339253499264,22.348152625202307,0.0021866282969575934,-0.006030419637694357,54.054054054054006,50.369017948620495,65.17218576873583
20230530,"17,564,040","391,541,047",22.2,22.4,22.15,22.25,+0.05,"6,301",22.31,22.45,22.23,22.303658631116612,22.334902445268607,22.340882060372508,-0.0059796151039002154,-0.006020258730935529,51.428571428571445,40.72220244193741,57.02219132646969
20230531,"79,924,304","1,778,443,429",22.35,22.4,22.2,22.25, 0.00,"4,671",22.25,22.44,22.25,22.285772420744408,22.321840530611897,22.33415005590047,-0.012309525288571876,-0.007278112042462799,54.54545454545448,34.290992104148685,49.44512491902935
20230601,"9,358,199","208,314,723",22.2,22.35,22.1,22.2,-0.05,"5,833",22.229999999999997,22.405,22.2625,22.257181613829605,22.303095833594682,22.324213014722655,-0.02111718112797334,-0.010045925859564906,60.0,27.622566164670452,42.17093866757638
20230602,"12,074,376","269,223,144",22.2,22.4,22.2,22.3,+0.10,"3,326",22.240000000000002,22.360000000000003,22.2775,22.27145440921974,22.30261955150319,22.32241945807653,-0.019799906573339854,-0.011996722002319896,61.29032258064517,27.9388536335898,37.42691032291418
20230605,"6,259,314","140,180,389",22.35,22.5,22.3,22.4,+0.10,"2,418",22.28,22.335,22.2975,22.314302939479827,22.31760115896424,22.328166164885676,-0.0105650059214355,-0.011710378786143017,59.9999999999999,36.8077206042113,37.22051375001322
20230606,"5,774,271","129,408,928",22.4,22.5,22.35,22.35,-0.05,"2,458",22.3,22.305,22.3125,22.32620195965322,22.322585596046665,22.329783486005255,-0.0071978899585900535,-0.010807881020632425,50.0,45.371813736140936,39.93761374538912
20230607,"7,715,438","172,498,777",22.35,22.45,22.3,22.4,+0.05,"3,946",22.330000000000002,22.29,22.322499999999998,22.35080130643548,22.334495504347178,22.334984709264123,-0.0004892049169455959,-0.00874414579989506,43.478260869565105,55.24787582409381,45.04103443829068
20230608,"5,485,983","122,383,760",22.35,22.4,22.2,22.35,-0.05,"2,936",22.36,22.295,22.335,22.35053420429032,22.33688081137069,22.336096953022338,0.0007838583483525952,-0.006838544970245529,29.99999999999993,57.66525054939594,49.24910647532577
20230609,"7,456,013","166,192,216",22.4,22.4,22.25,22.25,-0.10,"4,070",22.35,22.295,22.3525,22.317022802860215,22.323514532698276,22.32971940094661,-0.006204868248332218,-0.006711809625862868,29.99999999999993,50.94350036626389,49.813904438971804
20230612,"6,147,778","137,106,423",22.25,22.35,22.25,22.3,+0.05,"3,042",22.330000000000002,22.305,22.37,22.311348535240146,22.319896912283156,22.32751796383945,-0.007621051556295555,-0.006893658011949405,33.33333333333333,50.62900024417592,50.0856030407065
20230613,"9,922,989","222,205,130",22.3,22.45,22.25,22.45,+0.15,"3,680",22.35,22.325,22.3875,22.357565690160097,22.3399127719319,22.33659070725875,0.0033220646731493275,-0.004850513474929659,45.45454545454537,62.919333496117204,54.36351319251007
20230614,"4,942,089","110,753,647",22.45,22.45,22.35,22.45, 0.00,"3,010",22.36,22.345,22.392500000000002,22.3883771267734,22.35684926855776,22.344991395609956,0.011857872947803827,-0.0015088361903829617,58.82352941176468,69.72400010852252,59.48367549784754
20230615,"5,497,526","122,901,586",22.4,22.45,22.3,22.4,-0.05,"3,227",22.369999999999997,22.365000000000002,22.384999999999998,22.392251417848932,22.363487842625798,22.349066107046255,0.014421735579542627,0.001677278163602156,58.82352941176468,68.7048889612371,62.557413318977396
20230616,"14,320,039","318,574,878",22.4,22.4,22.2,22.2,-0.20,"3,897",22.36,22.354999999999997,22.3575,22.32816761189929,22.338335866837213,22.338024173190977,0.0003116936462355113,0.0014041612601288272,50.0,45.8032593074914,56.97269531514873
20230619,"6,342,335","141,084,682",22.2,22.35,22.15,22.35,+0.15,"3,350",22.37,22.35,22.342499999999998,22.335445074599527,22.340130348862257,22.338911271473126,0.0012190773891305184,0.0013671444859291657,54.54545454545463,52.75772842721675,55.56770635250473
20230620,"6,821,486","151,863,356",22.35,22.35,22.2,22.25,-0.10,"2,773",22.330000000000002,22.339999999999996,22.322499999999998,22.306963383066353,22.326264141344986,22.332325251364004,-0.006061110019018656,-0.00011850641506039883,50.0,46.282930062589074,52.47278092253284
20230621,"7,423,282","165,623,358",22.25,22.4,22.2,22.35,+0.10,"3,637",22.31,22.335,22.3125,22.32130892204424,22.329915811907295,22.333634492003707,-0.0037186800964121858,-0.0008385411513307564,56.0000000000001,53.077508930615195,52.67435692522695
20230626,"7,164,817","159,467,484",22.3,22.35,22.2,22.25,-0.10,"2,704",22.28,22.325,22.31,22.297539281362827,22.317621071613864,22.32743934444788,-0.009818272834014152,-0.0026344874878674353,47.999999999999964,46.4961170648547,50.6149436384362
20230627,"5,171,143","114,949,245",22.2,22.3,22.15,22.2,-0.05,"2,297",22.28,22.32,22.307499999999997,22.26502618757522,22.299525522134807,22.317999393007295,-0.018473870872487197,-0.005802364164791388,41.666666666666686,36.55296693212542,45.92761806966594
20230628,"6,105,782","135,386,593",22.2,22.25,22.1,22.15,-0.05,"2,693",22.24,22.305,22.305,22.22668412505015,22.27652159565253,22.305554993525273,-0.029033397872744615,-0.010448570906382034,41.666666666666565,29.130549383321465,40.32859517421778
20230629,"7,531,876","167,243,078",22.3,22.35,22.15,22.15, 0.00,"3,235",22.22,22.275,22.3,22.201122750033434,22.25705673478291,22.29403240141229,-0.03697566662938101,-0.015753990050981832,39.13043478260875,24.18227101745216,34.946487121962576
20230630,"12,732,958","282,059,073",22.1,22.2,22.05,22.2,+0.05,"3,730",22.19,22.25,22.2975,22.20074850002229,22.24827877558554,22.287067038344713,-0.03878826275917291,-0.02036084459262005,43.47826086956518,30.407228297349008,33.433400847091384
20230703,"5,809,888","128,720,266",22.15,22.25,22.1,22.1,-0.10,"2,859",22.16,22.22,22.2925,22.167165666681527,22.225466656264686,22.27321022068955,-0.04774356442486294,-0.02583738855906863,43.47826086956531,25.033390293470863,30.633397329217875
20230704,"5,537,947","122,292,276",22.1,22.15,22.05,22.05,-0.05,"2,457",22.130000000000003,22.205000000000002,22.279999999999998,22.128110444454354,22.19847178607012,22.2566761302681,-0.05820434419798204,-0.03231077968685132,39.13043478260875,16.688926862313906,25.98524050691655
20230705,"9,321,939","205,299,497",22.05,22.15,22.0,22.0,-0.05,"4,266",22.1,22.17,22.259999999999998,22.08540696296957,22.167937665136254,22.237663083581573,-0.06972541844531932,-0.03979370743854492,28.57142857142877,11.125951241542603,21.032144085125232
20230706,"24,783,601","537,976,900",21.9,21.9,21.5,21.6,-0.40,"13,143",21.990000000000002,22.105,22.2225,21.923604641979715,22.080562639730676,22.19042878109405,-0.1098661413633728,-0.0538081942235105,20.689655172413993,11.338869455146098,17.801052541798853
20230707,"13,685,777","293,137,891",21.55,21.55,21.35,21.4,-0.20,"7,518",21.830000000000002,22.009999999999998,22.1725,21.74906976131981,21.975860695156726,22.13187850101301,-0.15601780585628333,-0.07425011655006507,18.75000000000017,9.225912970097303,14.942672684565002
20230710,"8,934,069","191,703,159",21.4,21.65,21.35,21.4, 0.00,"4,046",21.69,21.925,22.125,21.632713174213208,21.88726674205569,22.07766527871575,-0.19039853666005868,-0.0974798005720638,21.428571428571587,7.817275313398107,12.567540227509369
20230711,"6,345,953","138,299,126",21.55,21.9,21.5,21.8,+0.40,"2,841",21.64,21.884999999999998,22.1025,21.688475449475472,21.87384108943174,22.05709748029236,-0.1832563908606204,-0.11463511862977513,33.3333333333334,20.21151687559871,15.115532443539148
20230712,"6,827,192","148,786,039",21.7,21.85,21.65,21.85,+0.05,"3,106",21.61,21.854999999999997,22.08,21.742316966316984,21.870173229519164,22.04175692619663,-0.17158369667746598,-0.1260248342393133,37.50000000000011,31.99286310225102,20.74130932977644
20230713,"6,466,092","141,268,723",21.85,21.9,21.8,21.85, 0.00,"2,330",21.66,21.825,22.05,21.778211310877992,21.867069655746985,22.027552709441323,-0.1604830536943389,-0.13291647813031843,33.333333333333414,39.847093920019226,27.1099041931907
20230714,"9,235,877","202,916,566",21.85,22.1,21.85,22.05,+0.20,"3,404",21.790000000000003,21.81,22.03,21.86880754058533,21.895212785632065,22.02921547170493,-0.13400268607286492,-0.13313371971882773,43.75000000000004,55.731395946679555,36.65040144435365
20230717,"7,904,463","174,958,253",22.05,22.2,22.0,22.2,+0.15,"3,222",21.95,21.82,22.020000000000003,21.97920502705689,21.942103126304055,22.041866177504566,-0.09976305120051165,-0.12645958601516452,50.0,70.48759729778637,47.929466728831216
20230718,"5,719,443","126,852,386",22.15,22.3,22.1,22.15,-0.05,"2,386",22.020000000000003,21.83,22.0175,22.036136684704594,21.974087260718814,22.049876090282005,-0.07578882956319077,-0.11632543472476978,50.0,75.06190697045399,56.97361347603881
20230719,"5,658,860","125,239,518",22.2,22.25,22.0,22.1,-0.05,"2,583",22.07,21.84,22.005000000000003,22.057424456469732,21.99345845137746,22.05358897248334,-0.06013052110587935,-0.1050864520009917,48.571428571428655,76.35706078732022,63.43476257979927
20230720,"5,711,599","126,951,170",22.1,22.25,22.1,22.25,+0.15,"2,394",22.15,21.905,22.005000000000003,22.121616304313157,22.032926381934775,22.068137937484575,-0.035211555549800266,-0.09111147271075343,51.35135135135137,82.48365455996785,69.78439323985546
20230721,"6,412,367","142,104,760",22.25,22.3,22.1,22.1,-0.15,"2,485",22.16,21.975,21.9925,22.114410869542105,22.043245400098655,22.070498090263495,-0.027252690164839777,-0.07833971620157071,50.0,79.9891030399786,73.18596317322984
20230724,"7,253,948","159,295,791",22.05,22.05,21.9,21.9,-0.20,"3,018",22.1,22.025000000000002,21.975,22.042940579694736,22.021207646237322,22.05786860209583,-0.03666095585850826,-0.07000396413295822,46.3414634146341,66.14658151383185,70.83950262009716
20230725,"5,576,866","122,905,692",22.0,22.1,21.95,22.1,+0.20,"1,943",22.09,22.055,21.97,22.06196038646316,22.033329546816194,22.06098944638503,-0.0276598995688353,-0.06153515122013364,52.27272727272731,64.09772100922127,68.59224208313853
20230726,"6,969,136","154,581,901",22.1,22.25,22.05,22.2,+0.10,"2,355",22.110000000000003,22.09,21.972500000000004,22.10797359097544,22.058971154998318,22.071286524430583,-0.0123153694322653,-0.05169119486255997,65.78947368421045,68.65773993207333,68.61407469945013
20230727,"6,328,183","140,881,165",22.25,22.3,22.2,22.3,+0.10,"2,549",22.12,22.134999999999998,21.979999999999997,22.17198239398363,22.09605251576781,22.08822826336165,0.00782425240615936,-0.03978810540881611,75.00000000000006,79.10515995471555,72.11110311787192
20230728,"6,385,514","142,048,953",22.2,22.3,22.2,22.2,-0.10,"2,822",22.139999999999997,22.15,21.98,22.181321595989086,22.112044436418916,22.096507651260787,0.015536785158129618,-0.028723127295426965,71.05263157894737,77.73677330314362,73.98632651296248
20230731,"10,346,205","230,979,112",22.3,22.45,22.25,22.25,+0.05,"2,964",22.21,22.154999999999998,21.9875,22.20421439732606,22.133268369277545,22.107877454871097,0.02539091440644725,-0.017900318955052123,64.51612903225804,73.03663674755035,73.6697632578251
20230801,"11,097,611","248,949,139",22.3,22.55,22.3,22.55,+0.30,"4,357",22.3,22.195,22.0125,22.31947626488404,22.19738092785023,22.140627273028795,0.05675365482143491,-0.002969524199754717,69.44444444444441,82.0244244983669,76.45465033800569
20230802,"13,549,758","301,486,937",22.5,22.5,22.1,22.15,-0.40,"5,483",22.29,22.2,22.020000000000003,22.262984176589363,22.19009155433481,22.141321549100734,0.0487700052340756,0.007378381687011346,56.81818181818174,67.50346248609071,73.47092105403402
20230804,"9,110,869","202,384,814",22.15,22.35,22.1,22.25,+0.10,"3,241",22.279999999999998,22.2,22.052500000000002,22.258656117726243,22.1993082382833,22.149371804722904,0.04993643356039712,0.0158899920616885,54.76190476190474,62.951026272778435,69.96428946028216
20230807,"6,947,770","154,582,054",22.1,22.35,22.1,22.25, 0.00,"2,361",22.29,22.215,22.095000000000002,22.25577074515083,22.2071069708551,22.1568257451138,0.05028122574130123,0.022768238797611046,51.2820512820513,58.63401751518562,66.18753214524997
20230808,"10,091,060","223,649,053",22.25,22.3,22.1,22.1,-0.15,"3,752",22.259999999999998,22.235,22.13,22.20384716343389,22.19062897533893,22.152616430660924,0.03801254467800774,0.025817099973690385,48.78048780487812,42.42267834345712,58.26591421131902
20230809,"6,957,089","154,881,924",22.15,22.35,22.15,22.3,+0.20,"2,428",22.21,22.255000000000003,22.154999999999998,22.235898108955926,22.20745528682525,22.16353373209345,0.043921554731802814,0.029437990925312872,54.54545454545451,43.09660037711953,53.20947626658585
20230810,"11,023,388","246,256,648",22.4,22.45,22.25,22.3, 0.00,"3,391",22.240000000000002,22.265,22.177500000000002,22.257265405970617,22.221692935005983,22.173642344530972,0.048050590475011035,0.03316051083525251,51.219512195121965,43.54588173289447,49.98827808868872
20230811,"7,667,550","171,535,659",22.4,22.5,22.3,22.3, 0.00,"2,466",22.25,22.265,22.2,22.27151027064708,22.233740175774294,22.18300217086201,0.050738004912282975,0.036676009650658606,55.2631578947368,43.84540263674443,47.94065293804062
20230814,"13,450,153","297,768,686",22.35,22.35,22.0,22.15,-0.15,"4,312",22.23,22.26,22.205,22.231006847098055,22.220857071809018,22.180557565612972,0.04029950619604605,0.037400708959736094,56.75675675675672,38.32117751540528,44.73416113049551
20230815,"12,244,254","269,423,823",22.2,22.2,21.9,21.9,-0.25,"5,321",22.189999999999998,22.225,22.19,22.120671231398703,22.17149444537686,22.159775523715716,0.011718921661145743,0.032264351500018024,44.7368421052631,25.547451676936852,38.33859131264262
20230816,"20,443,902","442,893,961",21.8,21.8,21.55,21.6,-0.30,"9,680",22.05,22.130000000000003,22.1625,21.947114154265805,22.083572223011192,22.118310670107146,-0.03473844709595397,0.018863791780823626,35.71428571428579,18.786020416203538,31.821067680496256
20230817,"17,011,567","355,093,395",21.0,21.05,20.8,20.85,X0.00,"9,566",21.76,22.0,22.1,21.581409436177204,21.89379188100947,22.02436173158069,-0.13056985057122006,-0.011022936689585112,23.636363636363683,13.504405767665117,25.715513709552543
20230818,"10,292,675","214,598,417",20.8,21.0,20.7,20.8,-0.05,"5,513",21.46,21.854999999999997,22.0275,21.320939624118136,21.725516207008013,21.93366826998212,-0.20815206297410782,-0.05044876194648965,24.074074074074133,10.854789030295288,20.761938816466788
20230821,"6,425,927","134,357,630",20.9,21.0,20.85,20.9,+0.10,"3,187",21.21,21.72,21.9675,21.18062641607876,21.598513713622165,21.857100249983446,-0.2585865363612818,-0.09207631682944808,25.454545454545425,10.940229723900547,17.488035785611373
20230822,"5,248,687","109,889,194",21.0,21.0,20.9,20.9, 0.00,"2,115",21.01,21.6,21.917499999999997,21.08708427738584,21.4910500653726,21.78620393516986,-0.29515386979725733,-0.13269182742300994,16.326530612244852,10.997190186304053,15.324420585842265
20230823,"10,614,509","221,316,951",20.9,20.95,20.8,20.8,-0.10,"4,308",20.85,21.45,21.8525,20.99138951825723,21.384734670699892,21.713151791823943,-0.3284171211240512,-0.1718368861632182,18.604651162790674,9.18331197605458,13.277384382579703
20230824,"17,595,909","364,471,333",20.85,20.9,20.6,20.7,-0.10,"8,734",20.82,21.29,21.777499999999996,20.894259678838154,21.2793908752076,21.638103510948095,-0.3587126357404955,-0.20921203607867367,13.95348837209292,8.02696988879825,11.527246217985883
20230825,"11,473,423","236,589,252",20.7,20.7,20.6,20.6,-0.10,"6,812",20.779999999999998,21.119999999999997,21.692500000000003,20.796173119225436,21.174869202098737,21.56120695458157,-0.3863377524828344,-0.24463717935950582,13.333333333333243,5.351313259198833,9.4686018983902
20230828,"5,465,703","113,421,828",20.6,20.85,20.6,20.8,+0.20,"2,489",20.76,20.985000000000003,21.6225,20.79744874615029,21.11719701716047,21.504821254242195,-0.3876242370817238,-0.2732345909039494,21.739130434782524,9.123097728354761,9.35343384171172
20230829,"8,453,650","175,186,439",20.85,20.9,20.7,20.7,-0.10,"4,397",20.72,20.865000000000002,21.544999999999998,20.76496583076686,21.053012860674244,21.44520486503907,-0.3921920043648264,-0.2970260735961248,13.63636363636354,13.489472559643767,10.732113414355734
20230830,"4,800,865","100,144,260",20.75,20.95,20.75,20.85,+0.15,"2,360",20.73,20.79,21.46,20.793310553844577,21.021780112878208,21.401115615776916,-0.37933550289870865,-0.3134879594566416,19.14893617021275,29.826315039762584,17.09684728949135
20230831,"33,429,698","688,288,342",20.85,20.9,20.5,20.5,-0.35,"9,061",20.69,20.755,21.3775,20.695540369229718,20.941506249358483,21.334366310904553,-0.3928600615460702,-0.3293623798745273,16.666666666666643,19.884210026508388,18.025968201830363
20230901,"4,567,433","94,293,354",20.55,20.7,20.55,20.6,+0.10,"2,758",20.69,20.735000000000003,21.294999999999998,20.66369357948648,20.888966826380255,21.279968806393104,-0.3910019800128488,-0.34169029990219163,20.75471698113212,19.92280668433902,18.65824769599991
20230904,"4,869,347","100,759,819",20.6,20.8,20.6,20.7,+0.10,"2,636",20.67,20.715,21.2175,20.675795719657653,20.85989500693714,21.237008154067688,-0.37711314713054733,-0.3487748693478628,25.999999999999986,28.096685937707463,21.804393776569093
20230905,"5,602,231","115,995,286",20.65,20.8,20.65,20.65,-0.05,"2,816",20.660000000000004,20.69,21.145000000000003,20.667197146438436,20.82760346740835,21.193526068581193,-0.36592260117284425,-0.3522044157128591,28.888888888888815,29.842235069582664,24.483674207573614
20230906,"9,646,706","198,276,270",20.6,20.65,20.5,20.5,-0.15,"6,565",20.589999999999996,20.660000000000004,21.055,20.611464764292293,20.77720293396091,21.142153767204807,-0.36495083324389554,-0.3547536992190664,39.39393939393934,19.894823379721775,22.954057264956333
20230907,"8,081,096","165,745,353",20.5,20.6,20.45,20.5, 0.00,"4,446",20.589999999999996,20.64,20.965,20.57430984286153,20.734556328736154,21.094586821485933,-0.36003049274977883,-0.3558090579252089,40.624999999999964,16.596548919814563,20.834887816575744
20230908,"5,402,720","110,939,609",20.5,20.6,20.45,20.55,+0.05,"3,130",20.580000000000002,20.634999999999998,20.8775,20.566206561907688,20.70616304739213,21.05424705693142,-0.34808400953928853,-0.3542640482480248,38.70967741935491,17.731032613209802,19.800269415453762
20230911,"7,111,401","147,151,325",20.7,20.75,20.65,20.75,+0.20,"3,576",20.59,20.63,20.8075,20.627471041271793,20.71290719394719,21.031710237899464,-0.31880304395227554,-0.34717184738887497,45.71428571428575,31.820688408806582,23.807075746571368
20230912,"7,920,198","164,674,850",20.8,20.9,20.7,20.9,+0.15,"3,065",20.64,20.65,20.7575,20.71831402751453,20.741690702570697,21.021953923980984,-0.28026322141028714,-0.3337901221931574,52.77777777777772,54.547125605871045,34.053759033004596
20230913,"5,941,070","123,882,889",20.9,20.9,20.8,20.9, 0.00,"2,729",20.72,20.655,20.7225,20.77887601834302,20.766045979098283,21.012920299982394,-0.24687432088411043,-0.31640696193134804,55.88235294117645,69.69808373724736,45.93520060108551
20230914,"11,220,148","236,446,670",20.95,21.2,20.9,21.2,+0.30,"3,846",20.859999999999996,20.725,20.740000000000002,20.91925067889535,20.832808136160086,21.026778055539253,-0.19396991937916752,-0.29191955342091197,65.78947368421045,79.79872249149824,57.223041231223085
20230915,"14,645,369","308,201,489",21.25,21.25,21.0,21.0,-0.20,"3,938",20.95,20.764999999999997,20.75,20.946167119263567,20.858529961366227,21.024794495869678,-0.16626453450345124,-0.2667885496374198,55.263157894736814,76.11581499433217,63.52063248559278
20230918,"3,905,092","81,670,604",20.85,21.0,20.85,20.95,-0.05,"2,326",20.99,20.79,20.7525,20.947444746175712,20.87260227500219,21.019254162842294,-0.14665188784010397,-0.24276121727795666,56.75675675675676,71.57720999622143,66.20615832246898
20230919,"6,537,932","136,666,415",20.95,21.0,20.85,20.85,-0.10,"2,876",20.98,20.81,20.75,20.914963164117143,20.86912500192493,21.00671681744657,-0.13759181552163824,-0.221727336926693,50.0,64.38480666414769,65.59904110302855
20230920,"4,997,332","104,244,252",20.85,20.9,20.8,20.9,+0.05,"2,631",20.979999999999997,20.85,20.755000000000003,20.909975442744763,20.87387500162879,20.998811868006083,-0.1249368663772934,-0.2023692428168131,63.33333333333335,61.67320444276508,64.29042888294073
20230921,"14,428,999","298,424,523",20.85,20.85,20.6,20.6,-0.30,"7,095",20.86,20.86,20.75,20.806650295163177,20.83174038599359,20.96927024815378,-0.13752986216018925,-0.18940136668548835,50.0,41.115469628510056,56.565442464797165
20230922,"5,198,119","107,446,597",20.6,20.7,20.6,20.7,+0.10,"2,564",20.8,20.875,20.755000000000003,20.771100196775453,20.81147263430227,20.949324303846094,-0.13785166954382433,-0.17909142725715554,50.0,32.5385182138784,48.55646771449091
20230925,"4,091,315","84,871,956",20.7,20.8,20.7,20.75,+0.05,"2,159",20.76,20.875,20.7525,20.764066797850305,20.802015305948075,20.934559540598237,-0.13254423465016174,-0.16978198873575678,52.941176470588296,29.384653168226567,42.16586286573612
20230926,"13,992,451","287,705,937",20.65,20.7,20.5,20.55,-0.20,"7,288",20.7,20.84,20.744999999999997,20.692711198566872,20.763243720417602,20.906073648702073,-0.1428299282844705,-0.16439157664549953,51.42857142857145,21.811991001039964,35.3812389108374
20230927,"6,781,462","139,349,320",20.55,20.7,20.5,20.5,-0.05,"3,602",20.62,20.8,20.7275,20.628474132377917,20.722744686507202,20.875994119168585,-0.1532494326613829,-0.16216314784867622,50.0,14.541327334026642,28.434601718567148
20230928,"7,834,762","160,945,467",20.5,20.65,20.5,20.5, 0.00,"3,118",20.6,20.73,20.7275,20.58564942158528,20.6884762731984,20.848142702933874,-0.15966642973547351,-0.16166380422603568,48.57142857142854,9.694218222684427,22.187807219939575
20231002,"4,574,582","94,099,645",20.6,20.65,20.55,20.55,+0.05,"2,316",20.57,20.685000000000002,20.725,20.573766281056855,20.66717223116788,20.826058058272107,-0.15888582710422838,-0.16110820880167423,43.749999999999986,9.796145481789665,18.05725330722294
20231003,"7,050,386","144,541,499",20.5,20.55,20.45,20.45,-0.10,"3,829",20.509999999999998,20.634999999999998,20.7125,20.532510854037906,20.63376111868051,20.798201905807506,-0.1644407871269955,-0.1617747244667385,35.48387096774189,6.530763654526443,14.21509008965744
20231004,"21,803,408","441,950,853",20.4,20.45,20.2,20.2,-0.25,"9,260",20.439999999999998,20.57,20.69,20.42167390269194,20.56702863888351,20.75389065352547,-0.18686201464196017,-0.16679218250178285,30.555555555555515,4.353842436350962,10.928007538555281
20231005,"7,222,089","146,812,931",20.25,20.4,20.25,20.3,+0.10,"2,985",20.4,20.509999999999998,20.68,20.381115935127962,20.52594730982451,20.720269123634694,-0.1943218138101841,-0.1722981087634631,21.874999999999943,8.458117179789596,10.104710752300052
20231006,"4,649,217","95,407,105",20.4,20.6,20.35,20.55,+0.25,"2,243",20.41,20.505000000000003,20.682499999999997,20.437410623418643,20.52964772369766,20.70765659595805,-0.17800887226038853,-0.1734402614628482,36.363636363636346,25.083189230970873,15.097536911856992
20231011,"17,773,268","371,149,200",20.85,21.0,20.7,21.0,+0.45,"5,188",20.5,20.535000000000004,20.705,20.62494041561243,20.60200961235956,20.72931166292412,-0.127302050564559,-0.16421261928319036,51.219512195121965,50.05545948731391,26.75017777034263
20231012,"10,774,660","227,464,735",21.1,21.2,20.95,21.2,+0.20,"3,586",20.65,20.580000000000002,20.7275,20.81662694374162,20.69400813353501,20.76417746567048,-0.0701693321354675,-0.1454039618536458,58.139534883720906,66.70363965820927,40.067998399631506
20231013,"5,992,994","125,904,954",21.0,21.1,20.9,20.95,-0.25,"2,671",20.8,20.619999999999997,20.73,20.86108462916108,20.733391497606547,20.777942097843034,-0.04455060023648727,-0.1252332895302141,51.063829787234056,69.46909310547284,49.86836330157861
20231016,"5,469,055","114,741,056",20.9,21.05,20.85,21.0,+0.05,"2,222",20.939999999999998,20.669999999999998,20.735000000000003,20.907389752774055,20.774408190282465,20.79439083133614,-0.01998264105367653,-0.10418315983490659,59.52380952380948,72.97939540364858,57.57204066893526
20231017,"6,308,569","132,129,113",21.1,21.1,20.85,20.95,-0.05,"3,020",21.02,20.715,20.7225,20.921593168516036,20.801422314854392,20.80591743642235,-0.004495121567959615,-0.08424555218151719,56.097560975609746,73.65293026909904,62.93233720232318
20231018,"5,267,831","109,802,664",20.95,21.0,20.75,20.8,-0.15,"3,143",20.98,20.740000000000002,20.7125,20.881062112344026,20.801203497184485,20.805479107798472,-0.004275610613987624,-0.06825156386801128,51.16279069767444,69.10195351273273,64.9888759724597
20231019,"7,970,684","165,261,832",20.7,20.8,20.65,20.75,-0.05,"3,600",20.889999999999997,20.77,20.7025,20.837374741562684,20.79332603607918,20.801369544257845,-0.008043508178666059,-0.05620995273014223,54.99999999999997,63.61182865761131,64.52986020084356
20231020,"13,593,337","279,076,583",20.55,20.7,20.4,20.5,-0.25,"4,251",20.8,20.8,20.685000000000002,20.724916494375123,20.74819895360546,20.77904587431282,-0.03084692070736139,-0.051137346325586065,50.0,48.2902387129173,59.11665303820146
20231023,"6,934,600","142,178,500",20.45,20.65,20.45,20.5, 0.00,"2,601",20.7,20.82,20.665,20.649944329583416,20.710014499204622,20.75837580954891,-0.048361310344287034,-0.05058213912932626,50.0,36.36015914194492,51.53115507278261
20231024,"6,937,541","141,815,499",20.45,20.55,20.4,20.4,-0.10,"3,586",20.59,20.805,20.655,20.566629553055613,20.66231996086545,20.731829453286025,-0.06950949242057547,-0.054367609787576106,46.66666666666662,24.240106094629944,42.43413874673172
20231025,"8,480,786","173,181,399",20.5,20.55,20.35,20.4, 0.00,"4,060",20.51,20.745,20.639999999999997,20.511086368703744,20.621963043809227,20.707249493783355,-0.08528644997412727,-0.06055137782488634,48.83720930232557,18.38229295197539,34.416856815146275
20231026,"10,184,174","206,692,271",20.3,20.4,20.25,20.25,-0.15,"3,988",20.410000000000004,20.65,20.615,20.42405757913583,20.564737960146267,20.673379160910514,-0.10864120076424655,-0.07016934241275839,51.219512195121965,12.254861967983594,27.02952519942538
20231027,"3,456,392","70,624,811",20.3,20.5,20.3,20.45,+0.20,"1,552",20.4,20.6,20.610000000000003,20.43270505275722,20.54708596627761,20.656832556398623,-0.10974659012101284,-0.07808479195440929,53.48837209302322,16.013045233557648,23.3573652108028
20231030,"11,250,204","228,964,735",20.45,20.55,20.25,20.3,-0.15,"4,440",20.360000000000003,20.53,20.6,20.388470035171483,20.50907274069644,20.63040051518391,-0.12132777448747234,-0.08673338846102191,43.90243902439023,12.897585711260685,19.870772044288763
20231031,"5,906,944","120,016,146",20.3,20.4,20.3,20.3, 0.00,"2,117",20.34,20.464999999999996,20.59,20.358980023447657,20.476907703666217,20.605926402948068,-0.1290186992818505,-0.09519045062518763,28.125,11.628693504476859,17.12341253101813
20231101,"3,069,717","62,528,800",20.3,20.45,20.3,20.4,+0.10,"1,458",20.34,20.425,20.582500000000003,20.372653348965105,20.46507574925603,20.590672595322285,-0.1255968460662551,-0.10127172971340113,23.333333333333243,18.86357344742893,17.70346616982173
20231102,"5,595,570","115,475,027",20.6,20.75,20.5,20.6,+0.20,"2,624",20.41,20.41,20.59,20.448435565976737,20.485833326293566,20.5913635141873,-0.10553018789373425,-0.10212342134946777,37.93103448275869,35.90904896495272,23.771993768198726
20231103,"6,510,563","135,454,254",20.7,20.9,20.65,20.85,+0.25,"2,249",20.490000000000002,20.445,20.6225,20.582290377317825,20.54185896840225,20.61052177239565,-0.06866280399340141,-0.0954312978782545,45.45454545454549,54.708596745866046,34.0841947607545
20231106,"10,332,370","216,855,852",21.0,21.1,20.85,20.95,+0.10,"3,347",20.62,20.490000000000002,20.655,20.704860251545217,20.604649896340366,20.63566830777375,-0.03101841143338291,-0.08254872058928019,50.0,63.92337822273415,44.03058924808104
20231107,"3,603,216","75,216,899",20.9,20.95,20.8,20.9,-0.05,"1,840",20.74,20.54,20.6725,20.76990683436348,20.650088373826463,20.65524843312384,-0.005160059297377728,-0.0670709883308997,53.12499999999994,68.10578156025403,52.055653352138705
20231108,"5,924,738","123,425,381",21.0,21.0,20.75,20.85,-0.05,"2,085",20.830000000000002,20.585,20.665,20.796604556242322,20.680844008622394,20.669674475114668,0.01116953350772576,-0.051422883963174605,53.12500000000005,68.93326613820858,57.68152428082866
20231109,"6,196,086","128,660,526",20.85,20.85,20.65,20.75,-0.10,"2,369",20.86,20.634999999999998,20.642500000000002,20.78106970416155,20.691483391911255,20.675624513995064,0.015858877916191005,-0.03796653158730148,58.620689655172434,65.56335389606059,60.3088008192393
20231110,"3,643,688","75,852,217",20.65,20.9,20.65,20.9,+0.15,"1,872",20.869999999999997,20.68,20.639999999999997,20.8207131361077,20.723562870078755,20.692244920365802,0.03131794971295321,-0.024109635327250547,62.50000000000001,68.70890259737361,63.10883474528407
20231113,"7,252,171","152,048,211",21.05,21.05,20.85,20.95,+0.05,"2,018",20.869999999999997,20.744999999999997,20.6375,20.863808757405135,20.7583993516051,20.711337889227593,0.0470614623775063,-0.009875415786299177,67.74193548387106,72.88926839824899,66.36897929627237
20231114,"6,125,888","128,419,884",21.05,21.05,20.85,21.0,+0.05,"1,956",20.889999999999997,20.815,20.64,20.90920583827009,20.795568682127392,20.732720267803327,0.06284841432406552,0.004669350235773762,68.75000000000011,76.37062337661037,69.70286065638503
20231115,"19,271,337","410,499,694",21.15,21.5,21.1,21.45,+0.45,"6,102",21.009999999999998,20.919999999999998,20.6725,21.089470558846727,20.896250423338564,20.785852099817895,0.1103983235206698,0.02581514489275297,81.57894736842111,82.28629793734805,73.89733975003936
20231116,"12,244,776","262,385,418",21.5,21.5,21.3,21.5,+0.05,"3,905",21.16,21.01,20.71,21.22631370589782,20.98913497359417,20.838751944275828,0.15038302931834124,0.050728721777870626,80.00000000000009,88.19086529156536,78.66184826388135
20231117,"12,224,074","264,158,189",21.5,21.7,21.5,21.6,+0.10,"4,062",21.3,21.085,20.764999999999997,21.35087580393188,21.083114208425837,20.895140689144284,0.18797351928155237,0.07817768127860698,88.2352941176471,88.95264035310713,82.09211229362327
20231120,"6,922,743","148,914,213",21.6,21.6,21.4,21.6, 0.00,"3,395",21.43,21.15,20.82,21.433917202621256,21.162635099437246,20.94735248994841,0.2152826094888347,0.10559866692065253,88.2352941176471,89.46049039413498,84.54823832712717
20231121,"15,319,645","333,826,843",21.65,21.9,21.6,21.85,+0.25,"5,093",21.6,21.244999999999997,20.892500000000002,21.572611468414173,21.26838354567767,21.01421526847075,0.2541682772069187,0.13531258897790577,89.18918918918924,91.6403269294234,86.9122678612259
20231122,"7,148,723","155,220,860",21.75,21.8,21.65,21.8,-0.05,"3,625",21.67,21.34,20.9625,21.64840764560945,21.350170692496487,21.072421544880324,0.2777491476161629,0.1637999007055572,85.29411764705881,91.76021795294898,88.52825122513359
20231123,"6,965,835","151,305,204",21.75,21.8,21.65,21.8, 0.00,"2,558",21.73,21.445,21.04,21.6989384304063,21.419375201343183,21.12631624525956,0.2930589560836232,0.1896517117811704,82.75862068965516,91.33220879402953,89.4629037480989
20231124,"6,524,484","142,097,290",21.8,21.9,21.7,21.9,+0.10,"2,585",21.790000000000003,21.544999999999998,21.1125,21.7659589536042,21.493317478059616,21.18362615301811,0.30969132504150565,0.21365963443323746,82.75862068965516,94.22147252935301,91.04909334185027
20231127,"12,650,897","277,232,243",21.9,22.1,21.75,21.85,-0.05,"5,151",21.84,21.635,21.19,21.793972635736136,21.54819171220429,21.23298717872047,0.3152045334838185,0.23396861424335366,82.75862068965537,87.81431501956867,89.97083390108973
20231128,"14,717,873","324,154,862",22.0,22.1,21.9,22.1,+0.25,"5,644",21.889999999999997,21.745,21.28,21.895981757157426,21.63308529494209,21.297210350667104,0.33587494427498754,0.25434988024968047,87.8787878787879,91.87621001304578,90.60595927174174
20231129,"11,777,134","260,084,132",22.1,22.2,22.0,22.05,-0.05,"5,602",21.94,21.805,21.3625,21.947321171438286,21.697226018797153,21.352972546913985,0.34425347188316735,0.27233059857637787,90.62500000000009,88.33414000869723,89.84868618406023
20231130,"54,065,852","1,201,843,500",22.2,22.25,22.0,22.25,+0.20,"5,406",22.03,21.880000000000003,21.445,22.048214114292193,21.782268169751436,21.41941902492036,0.36284914483107755,0.29043430782731783,90.90909090909099,92.22276000579815,90.64004412463953
20231201,"7,248,438","159,185,452",22.05,22.15,21.85,21.95,-0.30,"3,718",22.04,21.915,21.5,22.015476076194798,21.808073066712755,21.458721319370703,0.34935174734205177,0.30221779573026464,76.31578947368423,79.43055795258331,86.90354873395412
20231204,"5,788,252","127,064,032",21.95,22.1,21.9,21.9,-0.05,"2,158",22.05,21.945,21.5475,21.97698405079653,21.82221567183387,21.491408629046948,0.3308070427869225,0.3079356451415962,73.68421052631577,66.84259419061107,80.2165638861731
20231205,"8,529,631","186,714,784",21.85,22.0,21.75,22.0,+0.10,"2,631",22.03,21.96,21.6025,21.984656033864354,21.84956710693635,21.52908206393236,0.32048504300399117,0.3104455247140752,67.74193548387098,64.00617390485186,74.81310055906602
20231206,"9,418,488","208,262,301",22.05,22.2,22.0,22.15,+0.15,"3,346",22.05,21.994999999999997,21.6675,22.039770689242904,21.895787552023066,21.575075985122556,0.32071156690050984,0.3124987331513622,69.69696969696967,69.94350987596177,73.18990366469792
20231207,"5,003,754","109,989,439",22.15,22.15,21.9,22.0,-0.15,"2,576",22.0,22.014999999999997,21.73,22.026513792828602,21.91182023632721,21.60655183807644,0.30526839825076735,0.3110526661712432,61.764705882352935,63.29567325064117,69.89182686001234
20231208,"5,789,869","127,761,198",22.1,22.1,21.95,22.1,+0.10,"1,947",22.03,22.035000000000004,21.79,22.05100919521907,21.940770969199946,21.643103553774484,0.2976674154254617,0.30837561602208696,63.888888888888914,65.53044883376087,68.43803418459518
20231211,"5,642,396","124,859,921",22.2,22.2,22.0,22.2,+0.10,"2,552",22.09,22.07,21.8525,22.100672796812713,21.9806523585538,21.684355142383783,0.2962972161700179,0.30595993605167315,60.60606060606057,73.68696588917386,70.18767808612141
20231212,"5,736,037","127,308,139",22.25,22.25,22.1,22.2, 0.00,"2,104",22.130000000000003,22.08,21.9125,22.13378186454181,22.014398149545524,21.72255105776276,0.29184709178276336,0.3031373671978912,62.50000000000001,79.12464392611585,73.16666669945289
20231213,"4,567,540","101,212,165",22.25,22.25,22.05,22.2, 0.00,"2,623",22.139999999999997,22.095000000000002,21.95,22.155854576361207,22.042952280384675,21.75791764607663,0.2850346343080439,0.29951682061992174,62.50000000000001,82.74976261741051,76.36103200543876
20231214,"14,735,421","329,411,692",22.25,22.45,22.1,22.4,+0.20,"5,499",22.22,22.11,21.994999999999997,22.237236384240806,22.097882698787032,21.805479301922805,0.292403396864227,0.2980941358687828,64.70588235294122,86.11888936398792,79.61365112495514
20231215,"16,388,591","365,615,759",22.45,22.45,22.25,22.25,-0.15,"3,780",22.25,22.139999999999997,22.0275,22.241490922827204,22.121285360512104,21.838406761039636,0.2828785994724683,0.2950510285895199,61.11111111111109,81.22211671884911,80.1498063229198
20231218,"5,774,426","128,811,613",22.2,22.35,22.15,22.35,+0.10,"2,821",22.279999999999998,22.185000000000002,22.065,22.27766061521814,22.156472228125626,21.87630255651818,0.280169671607446,0.29207475719310516,57.575757575757585,81.42080508529348,80.57347257704436
20231219,"6,031,286","133,737,129",22.2,22.25,22.1,22.2,-0.15,"2,915",22.279999999999998,22.205000000000002,22.0825,22.25177374347876,22.163168808413992,21.900280144924242,0.2628886634897505,0.28623753845243427,54.28571428571425,72.46235490534718,77.86976668647863
20231220,"11,247,886","247,545,036",22.1,22.2,21.9,21.9,-0.30,"8,174",22.22,22.18,22.0875,22.13451582898584,22.122681299427224,21.900259393448373,0.2224219059788517,0.27347441195771777,40.54054054054051,48.30823660356479,68.01592332550734
20231221,"6,831,496","148,988,120",21.75,21.95,21.7,21.85,-0.05,"2,621",22.11,22.165,22.09,22.039677219323895,22.080730330284574,21.89653647541516,0.1841938548694131,0.25561830054005685,46.875000000000064,38.872157735709955,58.301334795574874
20231222,"4,719,484","103,128,394",21.8,21.95,21.75,21.9,+0.05,"1,845",22.04,22.145000000000003,22.089999999999996,21.99311814621593,22.052925664086946,21.896793032791816,0.15613263129512944,0.23572116669107138,50.0,34.80366071269549,50.46877676794841
20231225,"2,756,427","60,351,058",21.9,21.95,21.8,21.95,+0.05,"1,463",21.96,22.119999999999997,22.095000000000002,21.978745430810623,22.03709094653511,21.90073428962205,0.13635665691305832,0.21584826473546878,48.387096774193516,34.31355158624143,45.08370170737941
20231226,"6,503,384","143,780,717",22.0,22.2,21.95,22.2,+0.25,"1,953",21.96,22.119999999999997,22.1,22.05249695387375,22.0621538778374,21.922902120020417,0.1392517578169823,0.2005289633517715,51.51515151515154,45.097923279716504,45.08844223149177
20231227,"7,154,599","158,873,537",22.15,22.25,22.05,22.25,+0.05,"2,718",22.03,22.125,22.11,22.1183313025825,22.09105328124703,21.9471315926115,0.14392168863553323,0.18920750840852385,58.06451612903227,54.509726630922145,48.22887036463523
20231228,"9,802,927","218,459,924",22.1,22.4,22.1,22.4,+0.15,"3,644",22.139999999999997,22.125,22.1175,22.212220868388336,22.138583545670564,21.9806774005662,0.15790614510436285,0.18294723574769167,59.37499999999994,69.67315108728143,55.37696393885062
20231229,"5,836,103","130,211,005",22.25,22.4,22.2,22.35,-0.05,"1,947",22.229999999999997,22.135,22.1375,22.258147245592227,22.171109154028937,22.00803463015389,0.1630745238750464,0.17897269337316263,54.838709677419445,77.40114834390204,62.71835874053442
20240102,"4,171,135","92,956,605",22.3,22.35,22.2,22.35, 0.00,"1,972",22.310000000000002,22.134999999999998,22.16,22.28876483039482,22.19863082263987,22.033365398290638,0.16526542434923286,0.1762312395683767,54.838709677419445,82.55314651498244,69.32995466535043
20240103,"6,394,346","140,688,799",22.15,22.25,21.9,22.0,-0.35,"3,185",22.27,22.115000000000002,22.16,22.19250988692988,22.16807223454143,22.030893887306146,0.13717834723528455,0.16842066110175827,44.736842105263165,69.32114529570262,69.32701820880115
20240104,"3,355,461","73,892,200",22.0,22.1,21.95,22.0, 0.00,"1,152",22.22,22.125,22.152499999999996,22.128339924619922,22.142214967688904,22.028605451209394,0.11360951647951012,0.15745843217730865,38.235294117647065,59.03460968431459,65.89621536730563
20240105,"2,703,056","59,561,217",22.05,22.1,21.95,22.05,+0.05,"1,287",22.15,22.145,22.154999999999998,22.102226616413283,22.12802804958292,22.030190232601292,0.09783781698162741,0.14553430913817242,43.750000000000014,53.24529534509866,61.679242026569966
20240108,"5,722,720","126,890,766",22.1,22.25,22.05,22.2,+0.15,"1,902",22.119999999999997,22.175,22.16,22.134817744275523,22.139100657339394,22.042768733890085,0.09633192344930919,0.13569383200039978,45.45454545454538,55.496863563399145,59.618449205513016
20240109,"4,483,969","98,919,074",22.3,22.3,21.95,21.95,-0.25,"2,126",22.04,22.175,22.1475,22.073211829517017,22.11000824851795,22.03589697582415,0.07411127269379847,0.12337732013907952,42.857142857142826,40.33124237559947,53.1893802622085
20240110,"7,600,634","167,017,611",22.05,22.1,21.9,21.95, 0.00,"1,935",22.029999999999998,22.15,22.134999999999998,22.032141219678014,22.085391594899804,22.029534236874213,0.055857358025591,0.10987332771638182,51.72413793103452,30.220828250399695,45.53319625827223
20240111,"7,125,223","157,769,033",22.1,22.25,22.05,22.1,+0.15,"2,237",22.05,22.135,22.13,22.054760813118676,22.087639041838294,22.03475392303168,0.05288511880661417,0.09847568593442829,58.06451612903227,33.480552166933315,41.51564822782592
20240112,"4,653,031","102,717,051",22.25,22.25,22.0,22.0,-0.10,"1,810",22.04,22.095000000000002,22.11,22.036507208745785,22.07415611232471,22.032179558362667,0.04197655396204425,0.0871758595399515,53.12500000000005,29.72777551869634,37.586357324782725
20240115,"5,662,807","124,166,449",22.0,22.1,21.85,21.85,-0.15,"2,366",21.970000000000002,22.045,22.09,21.97433813916386,22.039670556582447,22.01868477626173,0.02098578032071785,0.07393784369610477,47.058823529411825,19.818517012464227,31.663743887343223
20240116,"16,423,300","353,606,458",21.65,21.75,21.45,21.45,-0.40,"6,856",21.87,21.955,22.044999999999998,21.799558759442572,21.948952009415915,21.97655997802012,-0.027607968604204558,0.05362868123604291,29.72972972972974,13.212344674976151,25.51327748322086
20240117,"21,967,885","465,191,716",21.3,21.35,21.05,21.05,-0.40,"9,490",21.69,21.86,21.9875,21.549705839628384,21.810651700275006,21.907925905574185,-0.09727420529917907,0.023448103928998515,22.727272727272734,8.808229783317433,19.944928249919716
20240118,"6,410,814","135,471,097",21.1,21.2,21.1,21.1,+0.05,"2,879",21.49,21.77,21.9475,21.39980389308559,21.701320669463467,21.84807954219832,-0.14675887273485344,-0.010593291403771875,19.047619047619136,7.20548652221164,15.698447674017023
20240119,"7,377,712","155,997,985",21.0,21.25,20.95,21.2,+0.10,"2,604",21.33,21.685000000000002,21.915,21.333202595390393,21.624194412622934,21.80007365018363,-0.17587923756069657,-0.043650480635156814,23.255813953488357,10.976497187647258,14.124464178560434
20240122,"5,692,718","119,159,224",21.3,21.35,21.2,21.25,+0.05,"2,141",21.21,21.59,21.8825,21.30546839692693,21.566626041450174,21.75932745387373,-0.1927014124235562,-0.0734606669928367,25.0,15.009972484072545,14.419633613731136
20240123,"4,764,484","101,445,495",21.2,21.35,21.2,21.35,+0.10,"1,897",21.19,21.53,21.8525,21.320312264617954,21.533298958150148,21.729006901734937,-0.1957079435847895,-0.09791012231122725,33.333333333333385,20.263058579125335,16.3674419355292
20240124,"4,760,729","101,788,586",21.35,21.45,21.3,21.4,+0.05,"2,403",21.259999999999998,21.475,21.8125,21.346874843078638,21.51279142612705,21.70463602012494,-0.19184459399789233,-0.11669701664856028,34.99999999999997,25.047167257878403,19.260683709645598
20240125,"6,069,566","132,810,996",21.45,21.45,21.3,21.4, 0.00,"1,562",21.32,21.404999999999998,21.77,21.36458322871909,21.495438899030578,21.682070389004576,-0.1866314899739976,-0.13068391131364776,33.33333333333327,29.741589766121788,22.754319061804328
20240126,"4,968,443","107,265,127",21.4,21.65,21.4,21.65,+0.25,"1,802",21.41,21.369999999999997,21.7325,21.459722152479394,21.51921752994895,21.679694804633865,-0.16047727468491502,-0.13664258398790122,36.58536585365852,48.994393177414466,31.501010433674374
20240129,"4,755,904","103,278,443",21.6,21.8,21.55,21.75,+0.10,"1,851",21.509999999999998,21.36,21.7025,21.556481434986264,21.55472252534142,21.68490259688321,-0.13018007154179045,-0.13535008149867908,44.73684210526318,64.0354778045508,42.345832890633176
20240130,"6,655,976","143,597,818",21.75,21.8,21.5,21.5,-0.25,"2,544",21.54,21.365000000000002,21.660000000000004,21.537654289990844,21.546303675288893,21.671206108225192,-0.12490243293629888,-0.13326055178620305,39.53488372093026,64.25894598734757,49.650203922871306
20240131,"6,826,733","147,617,251",21.55,21.7,21.55,21.6,+0.10,"2,061",21.580000000000002,21.419999999999998,21.64,21.558436193327232,21.55456464832137,21.665931581689993,-0.1113669333686218,-0.1288818281026868,38.0952380952381,68.32949340332979,55.8766337496908
20240201,"7,703,265","167,999,877",21.75,21.85,21.7,21.85,+0.25,"2,241",21.669999999999998,21.495,21.6325,21.655624128884824,21.600016240887314,21.679566279342584,-0.07955003845527031,-0.11901547017320352,46.66666666666671,78.8863289355532,63.54653214497826
20240202,"5,407,324","118,120,481",21.85,21.9,21.7,21.9,+0.05,"2,048",21.720000000000002,21.564999999999998,21.625,21.737082752589885,21.646167588443113,21.695894703094986,-0.04972711465187274,-0.10515779906893737,51.16279069767435,85.9242192903688,71.00576119344177
20240205,"7,707,741","167,947,791",21.7,21.9,21.7,21.75,-0.15,"3,039",21.720000000000002,21.615,21.6025,21.74138850172659,21.66214180560571,21.699902502865726,-0.03776069726001552,-0.09167837870715301,57.8947368421053,82.28281286024591,74.76477841570981
20240215,"12,728,945","276,195,371",21.6,21.85,21.55,21.75, 0.00,"4,820",21.770000000000003,21.654999999999998,21.592499999999998,21.74425900115106,21.67565845089714,21.703613428579377,-0.027954977682238535,-0.07893369850217012,73.33333333333337,79.85520857349732,76.46158846830565
20240216,"6,777,821","147,492,634",22.0,22.0,21.65,21.75, 0.00,"3,007",21.8,21.689999999999998,21.5825,21.746172667434042,21.68709561229758,21.70704947090683,-0.01995385860925225,-0.06713773052358656,72.41379310344828,72.68125016010936,75.20147569890688
20240219,"5,625,826","122,949,518",21.9,21.9,21.75,21.9,+0.15,"2,842",21.81,21.740000000000002,21.5725,21.79744844495603,21.719850133482566,21.721342102691512,-0.001491969208945676,-0.054008578260658385,73.33333333333337,75.1208334400728,75.17459494596218
20240220,"4,219,784","92,133,968",21.85,21.9,21.75,21.85,-0.05,"2,203",21.8,21.759999999999998,21.565,21.814965629970686,21.739873189869865,21.730872317306957,0.009000872562907603,-0.04140668809594519,70.00000000000014,73.41388896004862,74.58769295065767
20240221,"6,248,528","136,045,242",21.85,21.85,21.7,21.8,-0.05,"2,840",21.81,21.765,21.5625,21.809977086647127,21.749123468351424,21.73599288639533,0.01313058195609429,-0.0304992340855373,65.5172413793104,67.46111115855096,72.21216568662209
20240222,"6,448,437","140,194,841",21.85,21.85,21.7,21.7,-0.10,"2,500",21.8,21.785,21.575,21.77331805776475,21.741566011681975,21.733326746662343,0.008239265019632569,-0.022751534264503326,60.00000000000004,56.08518521681166,66.8365055300186
20240223,"4,306,968","93,605,845",21.7,21.8,21.65,21.75,+0.05,"1,923",21.8,21.8,21.61,21.765545371843167,21.742863548346286,21.73456180246513,0.008301745881155398,-0.016540878235371582,61.29032258064523,52.20493829268922,61.9593164509088
20240226,"6,610,516","143,024,847",21.65,21.7,21.6,21.6,-0.15,"3,076",21.740000000000002,21.775,21.634999999999998,21.71036358122878,21.720884540908397,21.72459426154179,-0.003709720633391811,-0.013974646714975628,48.27586206896561,38.506995898829906,54.141876266882505
20240227,"10,420,381","226,674,756",21.6,21.85,21.6,21.85,+0.25,"3,786",21.740000000000002,21.770000000000003,21.667499999999997,21.756909054152523,21.74074845769172,21.733883575501658,0.00686488219006165,-0.009806740933968173,53.12500000000005,47.89355282144224,52.05910178506908
20240229,"16,614,356","364,663,781",21.85,22.0,21.75,22.0,+0.15,"4,256",21.78,21.795,21.705,21.837939369435016,21.78063331035453,21.753595903242275,0.027037407112256773,-0.002437911324723184,66.66666666666674,65.26236854762816,56.4601907059221
20240301,"6,287,896","137,652,397",22.0,22.0,21.85,21.85,-0.15,"3,298",21.81,21.805,21.73,21.841959579623346,21.791305108761527,21.76073694744655,0.03056816131497797,0.0041633032032170475,58.06451612903231,64.34157903175218,59.087320147865455
20240304,"7,457,667","162,348,608",21.75,21.8,21.75,21.75,-0.10,"3,709",21.81,21.805,21.7475,21.811306386415566,21.78495047664437,21.759941618006064,0.025008858638305043,0.008332414290234647,46.42857142857135,55.394386021168046,57.856342105632976
20240305,"10,125,202","220,019,193",21.7,21.85,21.7,21.7,-0.05,"4,236",21.830000000000002,21.785000000000004,21.7625,21.77420425761038,21.771881172545235,21.755501498153762,0.01637967439147303,0.009941866310482324,42.857142857142854,45.26292401411188,53.658536075125944
20240306,"6,308,539","137,615,495",21.7,21.9,21.7,21.8,+0.10,"2,640",21.82,21.78,21.77,21.78280283840692,21.776207145999816,21.758797683475706,0.017409462524110353,0.01143538555320793,51.85185185185188,46.84194934274125,51.38634049766438
20240307,"9,560,347","208,551,742",21.8,21.9,21.7,21.85,+0.05,"3,305",21.79,21.785,21.775,21.80520189227128,21.787559892769075,21.765553410625653,0.02200648214342138,0.01354960487125062,53.571428571428626,52.061299561827575,51.61132685238544
20240308,"15,725,424","344,859,523",21.8,22.0,21.75,22.0,+0.15,"4,717",21.82,21.815,21.8,21.87013459484752,21.820242986189218,21.782919824653384,0.03732316153583426,0.01830431620416735,58.06451612903227,68.04086637455171,57.08784002644086
20240311,"10,176,172","223,203,256",21.95,22.1,21.95,22.0, 0.00,"3,106",21.87,21.84,21.82,21.913423063231683,21.847897911390877,21.79899983764202,0.04889807374885535,0.024423067713104953,53.571428571428626,72.02724424970104,62.06764143419425
20240312,"9,069,639","199,892,730",22.15,22.2,21.95,22.05,+0.05,"3,537",21.94,21.884999999999998,21.830000000000002,21.958948708821122,21.878990540407667,21.81759244226113,0.06139809814653674,0.03181807379979131,57.1428571428571,71.35149616646746,65.16225967828532
20240313,"11,411,872","252,246,378",21.95,22.2,21.95,22.15,+0.10,"3,645",22.01,21.915,21.8425,22.022632472547414,21.920684303421872,21.84221522431586,0.07846907910601075,0.0411482748610352,62.06896551724132,77.56766411097826,69.29739448918296
20240314,"30,509,885","691,466,041",22.3,22.8,22.3,22.8,+0.65,"9,103",22.2,21.994999999999997,21.895000000000003,22.281754981698278,22.055963641356968,21.91316224473691,0.14280139662005809,0.06147889921283978,77.50000000000003,85.04510940731883,74.54663279522825
20240315,"29,492,184","675,754,764",22.8,23.0,22.65,23.0,+0.20,"7,364",22.4,22.11,21.957500000000003,22.521169987798853,22.201200004225125,21.99366874512677,0.20753125909835646,0.09068937118994312,79.06976744186048,90.03007293821256,79.70777950955635
20240318,"16,917,415","389,189,679",23.05,23.15,22.8,22.95,-0.05,"5,622",22.589999999999996,22.23,22.017500000000002,22.664113325199235,22.316400003575104,22.0645080973396,0.25189190623550317,0.12292987819905514,82.92682926829262,88.7556808093831,82.72374660949859
20240319,"14,778,440","337,874,462",22.75,22.95,22.75,22.8,-0.15,"4,967",22.740000000000002,22.34,22.0625,22.709408883466157,22.390800003025088,22.118988979018148,0.27181102400694,0.15270610736063212,74.35897435897435,84.45781019476118,83.30176780458612
20240320,"19,661,554","444,602,878",22.8,22.9,22.5,22.55,-0.25,"9,970",22.82,22.415,22.097500000000004,22.65627258897744,22.415292310252,22.1509157213131,0.26437658893889804,0.1750402036762853,63.41463414634148,75.35282584412653,80.65212048443291
20240321,"23,112,513","529,915,526",22.85,23.05,22.75,23.0,+0.45,"6,061",22.86,22.53,22.1575,22.77084839265163,22.505247339444,22.213810853067688,0.2914364863763126,0.19831946021629077,74.46808510638293,79.40188389608439,80.2353749549834
20240322,"14,669,256","336,864,081",23.0,23.15,22.85,22.95,-0.05,"5,318",22.85,22.625,22.220000000000002,22.83056559510109,22.573670825683386,22.268343382470082,0.3053274432133044,0.2197210568156935,76.08695652173911,80.71236704183406,80.39437231726694
20240325,"7,795,917","179,241,863",22.85,22.9,22.8,22.9,-0.05,"4,290",22.84,22.715,22.2775,22.85371039673406,22.62387531403979,22.315132761546373,0.30874255249341687,0.2375253559512382,76.08695652173911,80.19713358344492,80.3286260726596
20240326,"14,838,111","341,806,016",23.0,23.15,22.9,23.05,+0.15,"4,251",22.889999999999997,22.815,22.35,22.919140264489375,22.689432958033667,22.369567371802198,0.31986558623146877,0.2539934020072843,76.59574468085106,82.87652042817903,81.17792419116608
20240327,"6,294,339","144,949,096",23.05,23.1,23.0,23.0,-0.05,"2,505",22.98,22.9,22.407500000000002,22.946093509659583,22.737212502951564,22.416266085002036,0.3209464179495285,0.2673840051957332,74.46808510638293,80.89203925981171,81.08262921404796
20240328,"10,883,982","249,196,452",23.0,23.1,22.8,22.9,-0.10,"5,290",22.96,22.910000000000004,22.4525,22.930729006439723,22.762256733266707,22.452098226853735,0.3101585064129715,0.27593890543918087,69.56521739130429,74.4408466860283,78.86870170470806
20240329,"20,303,848","469,627,046",22.9,23.35,22.9,23.15,+0.25,"5,241",23.0,22.925,22.517500000000002,23.00381933762648,22.821909543533366,22.5037946544942,0.3181148890391654,0.2843741021591778,72.54901960784308,75.11742720245013,77.61827687062208
20240401,"6,150,235","142,621,022",23.15,23.3,23.1,23.2,+0.05,"2,511",23.06,22.95,22.59,23.06921289175099,22.880077306066696,22.555365420827965,0.32471188523873096,0.29244165877508843,72.54901960784308,77.5292651937902,77.58860631167812
20240402,"4,513,198","104,333,257",23.15,23.2,23.05,23.2, 0.00,"2,335",23.09,22.990000000000002,22.665,23.11280859450066,22.929296182056433,22.603116130396263,0.3261800516601703,0.29918933735210484,71.42857142857139,76.68617679586004,77.28779647307209
20240403,"12,721,237","291,470,303",23.1,23.1,22.85,22.85,-0.35,"4,975",23.059999999999995,23.02,22.7175,23.025205729667107,22.917096769432366,22.621403824440986,0.2956929449913801,0.2984900588799599,51.16279069767444,54.15442089420976,69.57667128011798
20240408,"7,608,272","175,139,217",22.9,23.1,22.85,23.1,+0.25,"3,328",23.1,23.03,22.779999999999998,23.050137153111407,22.94523572798123,22.656855393000914,0.28838033498031734,0.2964681141000314,52.27272727272731,54.2847654446247,64.47936933495356
20240409,"8,177,862","189,036,080",23.1,23.2,23.0,23.2,+0.10,"2,560",23.11,23.055,22.839999999999996,23.100091435407606,22.984430231368734,22.697088326852697,0.2873419045160368,0.2946428721832325,55.55555555555556,60.432267872173924,63.13033551402701
20240410,"6,372,710","147,810,159",23.15,23.3,23.1,23.15,-0.05,"2,432",23.1,23.080000000000002,22.8975,23.116727623605072,23.009902503465852,22.730637339678424,0.2792651637874286,0.29156733050407174,58.13953488372088,61.500299793570335,62.586990273874775
20240411,"7,908,057","183,188,226",23.1,23.25,23.0,23.2,+0.05,"3,317",23.1,23.095,22.955,23.14448508240338,23.039148272163413,22.765404944146688,0.2737433280167245,0.2880025300066023,66.6666666666666,65.24262410480435,63.472201550851295
20240412,"16,936,947","389,006,892",23.2,23.25,22.85,23.0,-0.20,"7,047",23.130000000000003,23.095,22.9975,23.09632338826892,23.03312546106135,22.782782355691378,0.2503431053699714,0.28047064507927616,50.0,53.49508273653613,60.1464952794129
20240415,"9,428,851","216,240,761",22.95,23.05,22.8,22.95,-0.05,"3,801",23.1,23.1,23.005,23.047548925512615,23.02033692859037,22.79516884786239,0.22516808072798256,0.26941013220901744,50.0,45.663388491023994,55.318793016616596
20240416,"20,362,258","458,854,418",22.8,22.9,22.35,22.4,-0.55,"7,224",22.939999999999998,23.025,22.975,22.83169928367508,22.924900478038005,22.765897081354062,0.1590033966839428,0.24732878510400252,38.63636363636366,32.196644958928175,47.611410330720446
20240417,"24,081,459","538,693,876",22.4,22.6,22.25,22.45,+0.05,"4,597",22.8,22.95,22.95,22.70446618911672,22.851838866032157,22.742497297550056,0.10934156848210108,0.21973134177962225,35.714285714285694,27.8136363218251,41.01215232775533
20240418,"11,460,965","258,757,041",22.35,22.75,22.25,22.65,+0.20,"3,203",22.689999999999998,22.895,22.9425,22.68631079274448,22.82078673279644,22.735645645879682,0.08514108691675659,0.19281329080704912,42.22222222222219,31.24083691296271,37.75504718949112
20240419,"21,887,198","489,690,566",22.5,22.6,22.1,22.2,-0.45,"7,284",22.529999999999998,22.830000000000002,22.924999999999997,22.524207195162987,22.725281081596986,22.695968190629337,0.029312890967648997,0.1601132108391691,36.53846153846153,23.605002386419528,33.03836558846726
20240422,"11,954,675","270,841,286",22.45,22.75,22.4,22.75,+0.55,"3,302",22.49,22.794999999999998,22.9125,22.599471463441994,22.729083992120525,22.699970546879015,0.02911344524151005,0.1339132577196373,43.10344827586209,33.79222381316855,33.289651663367685
20240423,"9,951,458","227,589,590",22.75,22.95,22.7,22.95,+0.20,"3,473",22.6,22.77,22.9125,22.71631430896133,22.76307107025583,22.7184912471102,0.044579823145628694,0.11604657080483559,45.901639344262286,47.16583036819929,37.91504456497822
20240424,"7,698,260","176,489,285",23.1,23.1,22.85,22.85,-0.10,"3,080",22.68,22.74,22.91,22.76087620597422,22.776444751754934,22.72823263621315,0.04821211554178362,0.1024796797522252,44.444444444444464,53.18301734691549,43.00436882562397
20240425,"11,094,071","250,899,267",22.75,22.8,22.5,22.5,-0.35,"4,619",22.65,22.669999999999998,22.8825,22.67391747064948,22.733914789946482,22.711326515012175,0.02258827493430715,0.0865013987886416,44.44444444444442,48.78867823127695,44.932471960841625
20240426,"7,426,826","167,769,775",22.5,22.65,22.45,22.55,+0.05,"3,221",22.720000000000002,22.625,22.86,22.632611647099655,22.705620206877793,22.69937640278905,0.0062438040887435875,0.07044987984866201,40.6779661016949,47.525785487517936,45.79690980306706
20240429,"31,241,185","725,288,584",22.7,23.45,22.7,23.4,+0.85,"10,155",22.85,22.67,22.884999999999998,22.888407764733103,22.81244786735813,22.751274447026898,0.061173420331233075,0.06859458794517623,52.702702702702695,63.78262242377737,51.792147343303824
20240430,"64,337,959","1,537,406,202",24.2,24.35,23.65,23.65,+0.25,"17,310",22.990000000000002,22.794999999999998,22.91,23.142271843155402,22.941302041610726,22.81784671021009,0.1234553314006348,0.07956673663626794,56.41025641025641,65.48471124548117,56.35633531069627
20240502,"41,346,692","997,391,837",23.7,24.3,23.7,24.2,+0.55,"11,726",23.259999999999998,22.970000000000002,22.96,23.494847895436937,23.134947881362923,22.920228435379713,0.21471944598321002,0.10659727850565637,61.363636363636374,74.76758527476518,62.49341863205257
20240503,"24,391,548","592,500,051",24.3,24.4,24.15,24.25,+0.05,"8,011",23.609999999999996,23.130000000000003,23.0125,23.746565263624625,23.30649436115324,23.01873003275899,0.2877643283942497,0.14283068848337505,64.70588235294119,80.67839018317682,68.55507581576065
20240506,"72,103,132","1,814,088,472",24.45,25.5,24.45,25.45,+1.20,"19,272",24.189999999999998,23.455,23.1425,24.31437684241642,23.63626445943736,23.198824104406473,0.43744035503088696,0.20175262179287742,73.14814814814815,86.57247870135284,74.56087677762471
20240507,"41,837,072","1,067,616,678",25.6,25.65,25.3,25.55,+0.10,"10,692",24.619999999999997,23.735,23.265,24.726251228277615,23.930685311831613,23.372985281857844,0.5577000299737698,0.2729421034290559,81.81818181818184,90.00665246756857,79.70946867427266
20240508,"25,998,869","660,694,548",25.5,25.6,25.2,25.55, 0.00,"8,166",25.0,23.994999999999997,23.3825,25.000834152185078,24.179810648472905,23.534245631349854,0.6455650171230509,0.3474666861678549,81.63265306122452,92.29610164504572,83.90501299786368
20240509,"23,667,656","596,492,801",25.4,25.4,25.0,25.15,-0.40,"10,326",25.19,24.225,23.482499999999998,25.05055610145672,24.329070548707843,23.653931140138756,0.6751394085690876,0.41300123064810146,74.50980392156862,89.65573443003048,85.82192014191926
20240510,"63,978,259","1,660,761,241",25.2,26.3,25.2,26.25,+1.10,"18,144",25.589999999999996,24.6,23.634999999999998,25.45037073430448,24.624598156598942,23.846232537165516,0.7783656194334263,0.48607410840516646,85.21739130434781,92.64085999039068,88.09490009140973
20240513,"25,438,149","663,572,093",26.2,26.2,25.9,26.2,-0.05,"8,246",25.74,24.964999999999996,23.794999999999998,25.700247156202987,24.866967670968336,24.020585682560665,0.8463819884076713,0.5581356844056674,82.85714285714283,93.8360450250403,90.00861506928658
20240514,"21,699,992","565,251,782",26.35,26.35,25.9,26.1,-0.10,"7,379",25.85,25.235,23.9525,25.833498104135327,25.056664952357824,24.174616372741355,0.8820485796164697,0.6229182634478279,80.58252427184468,92.74604259530989,90.92109091129434
20240515,"26,446,874","689,994,270",26.0,26.25,25.85,26.05,-0.05,"9,760",25.95,25.475,24.134999999999998,25.90566540275689,25.20948572891816,24.313533678464218,0.8959520504539427,0.6775250208490509,81.3725490196078,90.6185738514187,90.8202518913358
20240516,"33,652,684","876,794,073",26.2,26.2,25.9,26.05, 0.00,"8,990",26.130000000000003,25.660000000000004,24.314999999999998,25.953776935171263,25.338795616776906,24.442160813392793,0.8966348033841136,0.7213469773560635,87.36842105263156,88.48255800620895,90.04102059629352
20240517,"27,172,552","697,905,048",26.05,26.1,25.8,26.0,-0.05,"6,440",26.080000000000002,25.835,24.482499999999998,25.96918462344751,25.440519368041997,24.55755630869703,0.8829630593449664,0.7536701937538441,86.31578947368418,83.67973002883062,87.92059040713922
20240520,"28,974,524","747,855,274",25.85,25.95,25.65,25.9,-0.10,"10,694",26.02,25.880000000000003,24.6675,25.946123082298342,25.511208696035535,24.65699658212688,0.8542121139086554,0.7737785777848064,81.24999999999994,78.00870890810924,84.61662990746255
20240521,"26,995,116","688,358,446",25.8,25.8,25.3,25.55,-0.35,"9,755",25.910000000000004,25.880000000000003,24.8075,25.814082054865562,25.517176588953145,24.723144983450815,0.7940316055023295,0.7778291833283111,73.17073170731707,65.58605285231974,78.27310422241494
20240522,"19,601,139","500,927,143",25.55,25.65,25.4,25.6,+0.05,"5,640",25.82,25.885,24.94,25.742721369910377,25.52991865219112,24.788097206898904,0.7418214452922172,0.7706276357210923,69.44444444444446,55.31823813343058,70.62148219275349
20240523,"22,162,075","562,172,051",25.35,25.5,25.2,25.5,-0.10,"5,293",25.71,25.919999999999998,25.072499999999998,25.66181424660692,25.525315782623256,24.840830747128614,0.6844850354946423,0.7533991156758023,67.12328767123284,45.5744775962001,62.27248066056902
20240524,"10,777,189","273,064,838",25.2,25.5,25.15,25.4,-0.10,"4,749",25.59,25.835,25.2175,25.57454283107128,25.506036431450447,24.882250691785753,0.6237857396646938,0.7274764404735806,49.019607843137244,37.32742950857782,53.95746360990528
20240527,"11,487,401","292,637,398",25.45,25.6,25.35,25.55,+0.15,"4,229",25.520000000000003,25.770000000000003,25.3675,25.566361887380854,25.51280005738115,24.931713603505326,0.5810864538758231,0.6981984431540291,50.0,37.00616512693072,48.3070307822471
20240528,"17,460,539","443,914,931",25.45,25.6,25.25,25.5,-0.05,"6,354",25.509999999999998,25.71,25.472500000000004,25.544241258253905,25.51083081778405,24.97380889213456,0.5370219256494906,0.6659631396531215,49.056603773584904,35.78188786239829,44.131983142297486
20240529,"33,697,598","846,700,535",25.4,25.4,24.95,25.05,-0.45,"11,378",25.4,25.610000000000003,25.542499999999997,25.37949417216927,25.439933768894196,24.97945267790237,0.4604810909918271,0.6248667299208627,48.14814814814819,26.75314263290324,38.339036305832735
20240530,"27,284,536","679,144,941",24.95,25.1,24.75,24.75,-0.30,"9,279",25.25,25.48,25.57,25.16966278144618,25.333790112141244,24.962456183242935,0.3713339288983093,0.574160169716352,10.526315789473799,17.835428421935493,31.504500344533653
20240531,"111,054,366","2,775,044,745",24.8,25.1,24.75,25.0,+0.25,"6,213",25.169999999999998,25.380000000000003,25.607499999999998,25.113108520964122,25.282437787196436,24.965237206706423,0.3172005804900131,0.5227682518710842,21.428571428571516,19.826793551131594,27.61193141339963
20240603,"37,963,876","950,093,718",25.0,25.05,24.7,24.7,-0.30,"11,162",25.0,25.259999999999998,25.57,24.975405680642748,25.1928319737816,24.94559000620965,0.24724196757195216,0.46766299501125785,19.5652173913044,13.217862367421063,22.81390839807344
20240604,"31,340,527","765,910,802",24.55,24.6,24.3,24.4,-0.30,"9,780",24.78,25.145000000000003,25.5125,24.783603787095167,25.070857823969046,24.9051759316756,0.16568189229344554,0.40726677446769544,17.647058823529463,11.376010809049884,19.00127586839892
20240605,"19,125,026","472,849,697",24.5,24.9,24.5,24.65,+0.25,"6,046",24.7,25.05,25.467499999999998,24.73906919139678,25.006110466435345,24.88627401081074,0.1198364556246041,0.3497807106990772,25.00000000000003,16.55836618039217,18.186972639063335
20240606,"17,413,701","433,611,805",24.55,25.1,24.55,24.85,+0.20,"5,893",24.72,24.985,25.4525,24.776046127597855,24.98209347159914,24.883587047046984,0.09850642455215564,0.2995258534696929,30.508474576271283,25.141474889492226,20.505140055872964
20240607,"19,502,253","491,325,088",25.0,25.3,24.85,25.2,+0.35,"5,556",24.759999999999998,24.965,25.4,24.917364085065238,25.01561755289158,24.907025043562022,0.10859250932955788,0.2613391846416659,39.06250000000003,39.83790633658451,26.94939548277681
20240611,"12,929,378","325,876,634",25.1,25.35,25.0,25.1,-0.10,"5,126",24.84,24.919999999999998,25.345000000000002,24.978242723376827,25.028599467831338,24.92131948477965,0.1072799830516864,0.23052734432367,42.372881355932236,50.80102846681398,34.8999398107892
20240612,"11,136,338","280,234,919",25.35,25.35,25.05,25.05,-0.05,"3,899",24.970000000000002,24.875,25.2925,25.002161815584554,25.03189185739575,24.930851374795974,0.1010404825997746,0.20462997197889093,40.67796610169492,57.67687612073311,42.49225191410383
20240613,"13,685,896","346,572,429",25.25,25.4,25.2,25.25,+0.20,"4,289",25.09,24.895,25.252499999999998,25.084774543723036,25.06544695625794,24.954492013699976,0.11095494255796368,0.1858949660947055,45.9016393442623,67.23912953503422,50.741211121080624
20240614,"15,655,143","398,342,426",25.25,25.55,25.25,25.55,+0.30,"4,180",25.229999999999997,24.975,25.2275,25.23984969581536,25.139993578372103,24.998603716388867,0.14138986198323522,0.17699394527241144,52.30769230769235,78.15941969002282,59.88061397739469
20240617,"18,360,048","469,564,880",25.55,25.65,25.35,25.65,+0.10,"5,374",25.32,25.04,25.21,25.376566463876905,25.218456104776394,25.046855292952653,0.17160081182374043,0.17591531858267725,51.562499999999964,85.43961312668188,68.40028036049041
20240618,"20,040,360","518,150,734",25.7,26.0,25.6,26.0,+0.35,"5,935",25.5,25.169999999999998,25.215,25.584377642584606,25.338693627118488,25.11745860458579,0.22123502253269933,0.18497925937268167,57.14285714285714,90.29307541778792,75.69787871292291
20240619,"45,266,893","1,185,497,908",25.95,26.3,25.8,26.3,+0.30,"10,881",25.75,25.36,25.252499999999998,25.822918428389737,25.486586915254104,25.20505426350536,0.2815326517487442,0.20428993784789418,68.65671641791045,93.52871694519195,81.64149145701259
20240620,"42,674,011","1,120,573,277",26.3,26.4,26.05,26.35,+0.05,"7,657",25.97,25.529999999999998,25.29,25.99861228559316,25.619419697522705,25.28986505880126,0.32955463872144364,0.22934287802260409,75.80645161290323,94.61054247959038,85.96450846453851
20240621,"44,697,421","1,180,683,237",26.2,26.55,26.15,26.45,+0.10,"6,601",26.15,25.689999999999998,25.3375,26.14907485706211,25.74720128251921,25.375800980371537,0.3714003021476735,0.257754362847618,74.57627118644066,94.25649068531828,88.72850253813176
20240624,"46,333,475","1,232,371,006",26.3,26.85,26.05,26.65,+0.20,"11,813",26.35,25.835,25.4,26.316049904708077,25.886093392900868,25.470186092936608,0.41590729996426035,0.28938495027094646,84.21052631578948,92.46729008650843,89.97476505425732
20240625,"26,677,329","707,607,838",26.85,26.85,26.35,26.35,-0.30,"9,947",26.419999999999998,25.96,25.44,26.32736660313872,25.957463640146887,25.535357493459824,0.4221061466870637,0.31592918955416993,84.2105263157896,84.87718328999553,88.27557113283672
20240626,"15,559,483","408,652,909",26.35,26.45,26.1,26.25,-0.10,"6,063",26.410000000000004,26.080000000000002,25.4775,26.301577735425816,26.002469233970444,25.588293975425763,0.41417525854468096,0.3355784033522722,79.6296296296297,77.41812219333033,84.65642148633458
20240627,"15,917,670","416,356,402",26.0,26.3,25.9,26.3,+0.05,"4,321",26.4,26.185000000000002,25.54,26.30105182361721,26.04824319797499,25.64101294020904,0.40723025776594923,0.3499087742350076,78.43137254901967,72.72319257333132,80.67867851533349
20240628,"13,461,592","355,434,211",26.3,26.6,26.2,26.4,+0.10,"3,404",26.389999999999997,26.27,25.622500000000002,26.33403454907814,26.102359629055762,25.69723420389726,0.40512542515850214,0.36095210441970654,76.08695652173918,69.81546171555414,77.05760624874037
20240701,"9,274,725","245,981,307",26.4,26.6,26.35,26.6,+0.20,"3,306",26.380000000000003,26.365000000000002,25.702500000000004,26.42268969938543,26.178919686124107,25.764105744349315,0.414813941774792,0.37172447189072366,81.25000000000001,71.94046654052815,75.35189301266962
20240702,"13,487,037","356,484,404",26.3,26.65,26.2,26.45,-0.15,"3,953",26.4,26.410000000000004,25.79,26.431793132923623,26.220624349797323,25.814912726249364,0.4057116235479583,0.37852190222217064,77.99999999999997,67.25855664105381,72.65411422213101
20240703,"19,020,977","508,483,776",26.5,26.9,26.45,26.9,+0.45,"5,327",26.53,26.47,25.915,26.58786208861575,26.325143680597733,25.895289561342004,0.42985411925572947,0.3887883456288824,79.99999999999997,78.17237109403587,74.49353317943263
20240704,"17,946,348","484,486,461",27.0,27.1,26.8,27.1,+0.20,"6,455",26.689999999999998,26.544999999999998,26.0375,26.758574725743834,26.44435234512116,25.984527371612966,0.4598249735081943,0.40299567120474483,79.24528301886792,85.4482473960239,78.14510458496305
20240705,"17,832,137","485,711,061",27.1,27.4,27.05,27.05,-0.05,"6,463",26.82,26.605,26.1475,26.855716483829223,26.537528907410213,26.063451270012006,0.4740776373982065,0.41721206444343717,76.9230769230769,82.52105381957153,79.60375432983254
20240708,"17,599,707","482,028,175",27.1,27.5,27.0,27.5,+0.45,"6,383",27.0,26.690000000000005,26.2625,27.07047765588615,26.685601383193255,26.169862287048154,0.5157390961451007,0.4369174707837699,77.77777777777774,88.34736921304768,82.51829262423759
20240709,"17,388,736","474,410,053",27.5,27.5,27.1,27.2,-0.30,"6,762",27.15,26.775,26.3675,27.11365177059077,26.764739631932756,26.246168784303848,0.5185708476289079,0.4532481461527975,66.66666666666663,85.98157947536511,83.67272157461343
20240710,"11,945,496","325,531,368",27.2,27.5,27.05,27.15,-0.05,"4,958",27.2,26.865,26.472500000000004,27.125767847060516,26.824010457789253,26.313119244725783,0.51089121306347,0.464776759534932,64.81481481481475,81.68002734255106,83.00849016392597
20240711,"14,888,778","409,092,933",27.2,27.7,27.1,27.5,+0.35,"5,183",27.28,26.985000000000003,26.585,27.250511898040344,26.9280088488986,26.40103633770906,0.5269725111895411,0.4772159098658539,67.79661016949149,83.3422404505896,83.11974025948051
20240712,"9,516,254","261,890,784",27.75,27.75,27.35,27.5, 0.00,"3,615",27.369999999999997,27.095,26.682499999999997,27.333674598693563,27.016007487529585,26.482441053434314,0.5335664340952704,0.4884860147117372,65.45454545454544,83.51848288103822,83.25265446666641
20240715,"11,936,832","329,369,307",27.65,27.75,27.5,27.65,+0.15,"4,716",27.4,27.2,26.7825,27.43911639912904,27.113544797140417,26.56892690132807,0.5446178958123475,0.4997123909318593,74.99999999999986,86.44821935658955,84.31784276330745
20240716,"21,516,774","590,160,915",27.7,27.7,27.2,27.45,-0.20,"9,444",27.45,27.3,26.855,27.442744266086027,27.165307136041893,26.634191575303767,0.5311155607381259,0.5059930248931127,72.22222222222216,80.43916378158598,83.0249497694003
20240717,"22,410,926","613,311,107",27.45,27.6,27.2,27.25,-0.20,"7,613",27.47,27.335,26.902500000000003,27.378496177390687,27.178336807420063,26.679807014170155,0.498529793249908,0.5045003785644718,66.66666666666663,64.7372202988351,76.92903994587856
20240718,"25,014,854","688,931,258",27.35,27.75,27.1,27.6,+0.35,"8,400",27.49,27.384999999999998,26.964999999999996,27.452330784927128,27.243208067816976,26.74796945756496,0.49523861025201654,0.5026480249019808,69.35483870967741,69.82481353255679,74.5609644747713
20240719,"27,781,040","756,267,845",27.3,27.4,26.9,27.4,-0.20,"9,984",27.47,27.419999999999998,27.0125,27.43488718995142,27.26732990353744,26.796268016263852,0.47106188727358855,0.49633079737630237,62.90322580645153,66.15771882562606,71.75988259172289
20240722,"24,757,102","672,445,431",27.3,27.3,26.9,27.25,-0.15,"8,311",27.389999999999997,27.395,27.0425,27.373258126634283,27.26466376453168,26.8298777928369,0.4347859716947795,0.48402183223999784,62.90322580645161,57.83063607982917,67.11680042109164
20240723,"11,841,806","326,789,152",27.2,27.75,27.2,27.75,+0.50,"4,663",27.45,27.45,27.1125,27.498838751089526,27.339330877680652,26.8980349933675,0.4412958843131527,0.47547664265462886,63.49206349206349,71.8870907198861,68.70689718735646
20240726,"14,001,749","382,794,932",27.7,27.7,27.2,27.3,-0.45,"6,084",27.46,27.465000000000003,27.165,27.43255916739302,27.33327997342209,26.92781017904398,0.40546979437811004,0.4614752729993251,52.94117647058822,63.61100165639471,67.00826534370253
20240729,"19,174,505","530,123,050",27.6,27.8,27.3,27.75,+0.45,"5,739",27.490000000000002,27.490000000000002,27.2375,27.538372778262016,27.39739074674177,26.988713128744426,0.4086776179973448,0.4509157419989291,59.210526315789465,73.88881591907793,69.301782202161
20240730,"10,333,707","283,529,689",27.75,27.75,27.2,27.4,-0.35,"4,346",27.49,27.48,27.2875,27.492248518841347,27.39779217031996,27.019178822911506,0.37861334740845365,0.43645526308083404,48.648648648648624,67.7777291312371,68.79376451185303
20240731,"15,097,668","417,788,830",27.5,27.75,27.35,27.75,+0.35,"4,193",27.589999999999996,27.49,27.345,27.578165679227567,27.451977990270734,27.073313724918062,0.37866426535267195,0.4248970635352017,57.333333333333336,76.66663423563952,71.41805441978185
20240801,"33,801,503","958,870,439",28.0,28.55,27.95,28.4,+0.65,"10,169",27.72,27.585,27.442499999999995,27.85211045281838,27.597827530229083,27.171586782331538,0.42624074789754474,0.4251658004076703,64.36781609195401,81.4141197934566,74.75007621100676
20240802,"19,586,529","549,237,858",28.25,28.3,27.7,28.15,-0.25,"10,035",27.889999999999997,27.675,27.505000000000003,27.951406968545587,27.68277714096307,27.244061835492165,0.43871530547090387,0.42787570142031706,57.6470588235294,79.52860511482962,76.34291917894771
20240805,"33,610,753","896,091,914",27.35,27.35,26.2,26.4,-1.75,"13,772",27.619999999999997,27.555,27.47,27.434271312363727,27.485426811584134,27.181538736566818,0.30388807501731563,0.4030781761397168,40.83333333333332,55.85594950917718,69.51392928902419
20240806,"28,150,109","758,623,336",26.9,27.4,26.2,27.0,+0.60,"9,970",27.54,27.515000000000004,27.4675,27.289514208242487,27.410745763648112,27.168091422747054,0.24265434090105842,0.37099340909198514,44.961240310077535,48.58481740328124,62.5375586604432
20240807,"19,133,840","518,146,103",26.9,27.3,26.9,27.1,+0.10,"7,524",27.409999999999997,27.5,27.4475,27.226342805494994,27.362938723086863,27.16304761365468,0.19989110943218336,0.3367729491600248,47.244094488189,45.15583571566269,56.74365101218302
20240808,"22,794,296","611,537,004",26.35,27.2,26.35,26.8,-0.30,"5,447",27.089999999999996,27.405,27.4275,27.084228536996665,27.276332765688885,27.13615519782841,0.14017756786047642,0.29745387290011516,46.511627906976756,38.61452877498081,50.70061026644895
20240809,"33,042,666","902,611,894",26.9,27.6,26.9,27.3,+0.50,"7,024",26.919999999999998,27.405,27.434999999999995,27.15615235799778,27.279973878659824,27.14829184984112,0.13168202881870528,0.2642995040838332,47.72727272727272,41.34585606275317,47.58235886521702
20240812,"30,847,760","847,126,627",27.4,27.75,27.2,27.45,+0.15,"8,444",27.130000000000003,27.375,27.432499999999997,27.254101571998522,27.30613174348139,27.17064060170474,0.1354911417766509,0.23853783162239672,50.38167938931298,45.29440049573614,46.81970607539006
20240813,"119,898,560","3,036,097,139",25.6,25.7,24.9,25.05,X0.00,"36,869",26.740000000000002,27.139999999999997,27.309999999999995,26.519401047999015,26.95903455217656,27.013556112689574,-0.054521560513013156,0.17992595319531476,37.5,31.566130010856075,41.735180720545394
20240814,"39,424,138","993,347,157",25.15,25.4,25.05,25.3,+0.25,"13,213",26.380000000000003,26.895,27.192500000000003,26.112934031999345,26.70379846722632,26.886626030268125,-0.1828275630418048,0.10737524994789086,35.672514619883046,24.965655301355046,36.14533891414861
20240815,"15,408,283","389,378,134",25.55,25.55,25.1,25.1,-0.20,"5,501",26.04,26.564999999999998,27.075,25.77528935466623,26.457060241499196,26.754283361359377,-0.29722311986018113,0.02645557598627646,36.746987951807235,18.9829514874531,30.424543105250105
20240816,"20,643,933","524,786,704",25.45,25.55,25.2,25.55,+0.45,"5,591",25.690000000000005,26.305,26.99,25.70019290311082,26.31751251203778,26.665077186443867,-0.34756467440608674,-0.04834847409219618,36.746987951807235,20.25764017292197,27.035575461140724
20240819,"8,740,956","223,343,259",25.6,25.65,25.45,25.55, 0.00,"3,600",25.310000000000002,26.22,26.8875,25.65012860207388,26.199433664031968,26.582478876336914,-0.38304521230494615,-0.11528782173474618,38.36477987421385,21.10743262990122,25.059527850727555
20240820,"13,630,139","352,206,546",25.65,26.0,25.5,26.0,+0.45,"5,320",25.5,26.119999999999997,26.817500000000003,25.76675240138259,26.168751561873204,26.53933229290455,-0.37058073103134603,-0.16634640359406616,39.130434782608695,26.93711882929088,25.685391510248664
20240821,"13,062,795","336,251,032",26.0,26.05,25.6,25.75,-0.25,"6,237",25.589999999999996,25.985000000000003,26.7425,25.761168267588396,26.104328244661943,26.48086323417088,-0.3765349895089365,-0.20838412077704024,32.679738562091515,27.899599687363523,26.42346090262028
20240822,"7,736,937","199,747,774",25.8,25.95,25.6,25.95,+0.20,"2,740",25.76,25.9,26.652500000000003,25.824112178392266,26.080585437790873,26.441540031639704,-0.360954593848831,-0.2388982153913984,35.526315789473685,30.88043487929498,27.90911889484518
20240823,"5,802,551","149,465,533",25.95,25.95,25.65,25.7,-0.25,"2,745",25.79,25.74,26.5725,25.78274145226151,26.02203383197689,26.386611140407133,-0.36457730843024194,-0.26403403399916714,44.262295081967224,43.775362383298074,33.19786672432947
20240826,"15,003,823","387,232,164",25.7,26.05,25.65,25.8,+0.10,"4,732",25.839999999999996,25.575,26.475,25.788494301507676,25.987874780903525,26.34315846333994,-0.35528368243641495,-0.28228396368661673,39.285714285714285,54.183574922198716,40.193102790285884
20240827,"17,541,686","446,893,339",25.6,25.7,25.35,25.55,-0.25,"7,103",25.75,25.625,26.3825,25.708996201005117,25.920509429995292,26.28440598457402,-0.3638965545787265,-0.2986064818650387,36.52173913043477,51.91185696567632,44.09935418208269
20240828,"10,951,934","277,654,735",25.5,25.55,25.2,25.45,-0.10,"5,004",25.689999999999998,25.640000000000004,26.267500000000002,25.62266413400341,25.84812336384217,26.22259813386483,-0.37447477002266183,-0.31378013949656336,37.837837837837824,44.41182621241164,44.20351152552567
20240829,"13,453,473","339,425,566",25.3,25.35,25.15,25.3,-0.15,"5,972",25.560000000000002,25.659999999999997,26.1125,25.515109422668942,25.763796692481836,26.154257531356325,-0.390460838874489,-0.3291162793721485,30.76923076923076,35.16343969716338,41.190154249404905
20240830,"24,109,568","612,957,313",25.4,25.5,25.2,25.5,+0.20,"6,978",25.52,25.655,25.98,25.510072948445963,25.723212585946168,26.105794010515115,-0.38258142456894717,-0.33980930841150825,31.42857142857143,36.40525609440524,39.59518819773835
20240902,"11,349,437","287,484,275",25.5,25.5,25.2,25.45,-0.05,"6,303",25.45,25.645,25.932499999999997,25.49004863229731,25.68117988041599,26.057216676402884,-0.3760367959868951,-0.34705480592658566,56.896551724137915,35.3812818407146,38.1905527453971
20240903,"6,521,780","165,325,901",25.35,25.4,25.25,25.4,-0.05,"3,421",25.419999999999998,25.585,25.8525,25.46003242153154,25.637921437275068,26.0085339596323,-0.37061252235723074,-0.3517663492127147,51.85185185185181,32.8467804864023,36.40929532573217
20240904,"25,311,698","627,938,860",24.8,24.95,24.65,24.85,-0.55,"12,343",25.3,25.494999999999997,25.740000000000002,25.256688281021027,25.516702754617366,25.922716629289166,-0.4060138746717996,-0.3626158543045317,45.901639344262286,26.659758419506357,33.15944969032356
20240905,"14,850,593","374,171,157",24.85,25.4,24.85,25.3,+0.45,"4,224",25.3,25.43,25.665,25.271125520680688,25.48336386929162,25.876589471564042,-0.3932256022724232,-0.36873780389811,45.901639344262286,33.249362755861405,33.18942071216951
20240906,"7,874,510","199,093,045",25.1,25.5,24.9,25.5,+0.20,"3,669",25.3,25.410000000000004,25.575,25.347417013787126,25.485923274015985,25.84869395515189,-0.36277068113590616,-0.36754437934566925,49.23076923076922,49.15036882136795,38.50973674856898
20240909,"14,611,698","365,836,448",24.85,25.25,24.85,25.25,-0.25,"5,263",25.26,25.355,25.465,25.314944675858086,25.449627385705835,25.80434625477027,-0.3547188690644347,-0.36497927728942237,37.70491803278687,54.98913476980084,44.00286942231293
20240910,"7,862,223","198,992,610",25.25,25.4,25.15,25.4,+0.15,"3,019",25.259999999999998,25.339999999999996,25.482499999999998,25.34329645057206,25.441992403289554,25.77439468034284,-0.33240227705328707,-0.3584638772421953,44.06779661016945,66.07118788574954,51.3589755767918
20240911,"6,178,603","156,622,029",25.3,25.45,25.25,25.3,-0.10,"2,572",25.35,25.325,25.482499999999998,25.328864300381376,25.420147418168085,25.739254333650777,-0.319106915482692,-0.35059248489029465,38.59649122807018,69.5376546689311,57.41853527417156
20240912,"14,033,279","358,038,487",25.6,25.6,25.25,25.6,+0.30,"3,639",25.41,25.354999999999997,25.5075,25.419242866920918,25.447817046142227,25.728939197824793,-0.2811221516825668,-0.3366984182487491,48.275862068965544,79.6917697792874,64.84294677587684
20240913,"4,643,963","118,510,789",25.4,25.55,25.4,25.55,-0.05,"2,161",25.42,25.36,25.5075,25.46282857794728,25.463537500581886,25.715684442430366,-0.25214694184847986,-0.31978812296869524,45.61403508771929,84.70679388794596,71.46422914656654
20240916,"3,948,705","100,720,594",25.6,25.6,25.45,25.5,-0.05,"2,205",25.47,25.365000000000002,25.505000000000003,25.475219051964856,25.46914711587698,25.699707817065153,-0.23056070118817473,-0.3019426386125912,49.05660377358489,86.29575732880603,76.40807187397971
20240918,"10,221,217","260,385,717",25.55,25.65,25.25,25.45,-0.05,"3,980",25.48,25.369999999999997,25.4775,25.466812701309905,25.46620140574206,25.681210941726995,-0.21500953598493666,-0.28455601808706027,50.0,82.53050488587068,78.44888287794336
20240919,"13,131,705","337,576,380",25.45,25.85,25.4,25.8,+0.35,"3,859",25.580000000000002,25.465,25.48,25.577875134206604,25.517555035627897,25.6900101312287,-0.17245509560080308,-0.26213583358980885,58.92857142857144,86.6870032572471,81.19492300437793
20240920,"13,821,480","356,665,996",25.8,25.9,25.7,25.8, 0.00,"3,741",25.619999999999997,25.515,25.4725,25.651916756137737,25.56100810706976,25.698157528915463,-0.13714942184570234,-0.23713855124098757,55.769230769230795,87.95006566356162,83.44663722410581
20240923,"7,045,653","182,717,342",25.9,26.0,25.85,26.0,+0.20,"2,773",25.71,25.565,25.4875,25.767944504091826,25.62854532136672,25.72051623047728,-0.09197090911056094,-0.20810502281490226,60.00000000000003,91.9667104423744,86.28666163019534
20240924,"6,329,156","164,231,993",25.95,26.0,25.85,26.0, 0.00,"3,106",25.810000000000002,25.639999999999997,25.4975,25.845296336061217,25.68569219500261,25.741218731923407,-0.05552653692079801,-0.17758932563608143,61.11111111111116,94.6444736282496,89.0725989628801
