Date,Volume,Transaction Amount,Open,High,Low,Close,Diff,Transaction Count
20100104,18557849,345562353,18.6,18.7,18.5,18.6,0.1,3410
20100105,22437793,421015428,18.7,18.9,18.65,18.8,0.2,4453
20100106,29913634,564619550,18.8,19.1,18.65,19.0,0.2,5409
20100107,25611062,485225413,19.0,19.15,18.8,18.8,-0.2,4782
20100108,23920543,453599377,18.8,19.15,18.7,18.95,0.15,4712
20100111,20969999,397908906,18.95,19.05,18.9,18.95,0.0,3071
20100112,16662588,314644969,19.05,19.1,18.75,18.85,-0.1,3283
20100113,28750424,533029123,18.7,18.75,18.45,18.5,-0.35,4569
20100114,13929750,259128466,18.5,18.7,18.5,18.55,0.05,3157
20100115,20471946,380644143,18.6,18.75,18.5,18.6,0.05,3527
20100118,14847407,273541896,18.45,18.5,18.35,18.5,-0.1,3075
20100119,21676753,398855220,18.5,18.6,18.3,18.35,-0.15,3536
20100120,22098065,404128786,18.4,18.5,18.1,18.2,-0.15,4253
20100121,18548882,339464869,18.2,18.4,18.2,18.35,0.15,2817
20100122,21958749,397869346,18.15,18.4,18.05,18.05,-0.3,3590
20100125,19502443,349150125,18.0,18.0,17.8,17.9,-0.15,2808
20100126,35045025,615476716,17.9,17.9,17.25,17.3,-0.6,6071
20100127,22269573,383845487,17.4,17.45,17.05,17.15,-0.15,3567
20100128,19071872,330287324,17.25,17.45,17.2,17.2,0.05,2701
20100129,22857971,391492276,17.1,17.3,16.9,17.3,0.1,3374
20100201,12572490,216803564,17.3,17.4,17.1,17.2,-0.1,1984
20100202,21495354,369605127,17.5,17.5,16.9,17.05,-0.15,3383
20100203,15328005,265935770,17.35,17.55,17.15,17.45,0.4,2609
20100204,17531276,302817745,17.45,17.45,17.2,17.25,-0.2,2204
20100205,33905097,568201591,16.95,17.0,16.6,16.6,-0.65,4643
20100206,12466156,207334122,16.6,16.85,16.45,16.85,0.25,2260
20100208,13116804,222006614,17.0,17.05,16.8,16.95,0.1,2184
20100209,13447051,230443257,17.05,17.25,16.9,17.2,0.25,2079
20100210,21123506,366614734,17.5,17.5,17.25,17.3,0.1,2805
20100222,23451368,415895805,17.6,17.9,17.5,17.8,0.5,3667
20100223,21890037,393174598,18.0,18.15,17.7,18.15,0.35,4195
20100224,14322761,258075998,18.0,18.2,17.8,18.0,-0.15,3687
20100225,25447348,451793319,18.0,18.1,17.55,17.65,-0.35,6007
20100226,9653032,171281998,17.7,17.85,17.6,17.75,0.1,2110
20100301,14712793,264681543,17.75,18.15,17.65,17.85,0.1,2484
20100302,6993934,125428096,18.05,18.05,17.85,17.95,0.1,1528
20100303,15913516,288857035,18.05,18.25,18.0,18.15,0.2,2666
20100304,14264811,256219176,18.3,18.3,17.7,17.75,-0.4,2738
20100305,11536563,208050083,17.95,18.2,17.85,18.05,0.3,1920
20100308,12366676,224599122,18.15,18.25,18.0,18.25,0.2,2657
20100309,16344618,298889485,18.25,18.4,18.15,18.4,0.15,2913
20100310,9557175,174724338,18.4,18.45,18.15,18.3,-0.1,1602
20100311,8688183,157385344,18.2,18.35,18.0,18.05,-0.25,1930
20100312,8064737,146052916,18.2,18.2,18.05,18.05,0.0,1461
20100315,8949834,159578293,18.05,18.05,17.75,17.75,-0.3,2020
20100316,9553752,169838365,17.85,17.95,17.7,17.8,0.05,1451
20100317,21998528,400812482,18.0,18.4,17.95,18.4,0.6,4641
20100318,28265800,518874132,18.4,18.45,18.1,18.3,-0.1,3688
20100319,24872762,452437849,18.3,18.35,18.1,18.2,-0.1,3398
20100322,14171142,256547686,18.1,18.25,17.95,18.15,-0.05,2830
20100323,13813660,251560720,18.25,18.3,18.1,18.2,0.05,2382
20100324,13945629,254861882,18.35,18.4,18.15,18.2,0.0,2703
20100325,11257977,203149264,18.2,18.2,17.9,18.1,-0.1,2269
20100326,19178547,347168742,18.0,18.4,17.8,18.1,0.0,3920
20100329,17485243,320020899,18.2,18.4,18.15,18.35,0.25,2757
20100330,23915984,442605085,18.5,18.6,18.3,18.6,0.25,3711
20100331,19873162,365537642,18.4,18.55,18.2,18.4,-0.2,2646
20100401,22665862,420987923,18.4,18.65,18.35,18.6,0.2,4256
20100402,17272009,321335596,18.65,18.65,18.55,18.6,0.0,1702
20100406,14934617,278083686,18.6,18.7,18.55,18.6,0.0,2630
20100407,17152137,319623010,18.6,18.7,18.55,18.7,0.1,3209
20100408,21066381,394317355,18.65,18.8,18.6,18.7,0.0,3395
20100409,11553588,216082530,18.7,18.8,18.6,18.75,0.05,2056
20100412,13965596,261457265,18.75,18.8,18.6,18.75,0.0,1567
20100413,9397421,174332223,18.65,18.7,18.45,18.5,-0.25,1955
20100414,16419802,304598782,18.5,18.7,18.45,18.65,0.15,2585
20100415,17088403,318585759,18.75,18.8,18.55,18.75,0.1,1820
20100416,12424456,231706518,18.7,18.75,18.55,18.7,-0.05,1654
20100419,23917278,434868588,18.35,18.35,18.0,18.15,-0.55,3927
20100420,18279993,331664702,18.25,18.25,18.05,18.2,0.05,2063
20100421,16332910,297025488,18.2,18.35,18.1,18.2,0.0,2233
20100422,21018964,377332202,18.1,18.1,17.8,18.0,-0.2,4004
20100423,12910735,232603730,18.1,18.15,17.95,18.05,0.05,1645
20100426,22321297,410741484,18.2,18.55,18.2,18.4,0.35,3910
20100427,15633445,287962878,18.5,18.6,18.35,18.4,0.0,1428
20100428,14611754,265130607,17.9,18.35,17.85,18.2,-0.2,2876
20100429,11588424,210630066,18.4,18.4,18.1,18.15,-0.05,2238
20100430,18903706,346833341,18.15,18.45,18.15,18.4,0.25,2933
20100503,6579209,119910841,18.3,18.4,18.1,18.25,-0.15,1225
20100504,11901452,216440429,18.25,18.35,18.05,18.15,-0.1,2292
20100505,21293912,378698422,17.85,17.9,17.7,17.7,-0.45,3746
20100506,19069735,336269350,17.7,17.75,17.5,17.5,-0.2,3396
20100507,17101872,296919600,17.3,17.45,17.3,17.35,-0.15,2841
20100510,18653306,324834964,17.4,17.55,17.3,17.45,0.1,2639
20100511,20820319,361959171,17.55,17.55,17.2,17.2,-0.25,4416
20100512,9280485,160574476,17.3,17.4,17.2,17.2,0.0,1393
20100513,16197952,284578157,17.5,17.8,17.4,17.75,0.55,2743
20100514,9772629,173281143,17.6,17.8,17.55,17.75,0.0,1636
20100517,8401832,146186703,17.5,17.6,17.3,17.5,-0.25,1740
20100518,6118738,106700719,17.5,17.5,17.35,17.45,-0.05,1241
20100519,10139649,176166830,17.35,17.45,17.25,17.4,-0.05,1874
20100520,11817339,203890890,17.35,17.4,17.1,17.15,-0.25,1941
20100521,14740204,247872469,16.9,16.95,16.7,16.8,-0.35,2868
20100524,13066816,219779544,16.85,17.0,16.7,16.8,0.0,2223
20100525,13127816,216380000,16.65,16.7,16.35,16.4,-0.4,2675
20100526,9576147,158340964,16.5,16.8,16.35,16.55,0.15,1647
20100527,7478750,123599186,16.65,16.75,16.4,16.65,0.1,1524
20100528,16613102,277723494,16.6,16.8,16.6,16.8,0.15,2157
20100531,11631303,195877886,16.95,16.95,16.7,16.95,0.15,1283
20100601,9854682,164458755,16.9,16.9,16.6,16.6,-0.35,2059
20100602,11274852,185671560,16.6,16.65,16.3,16.35,-0.25,1969
20100603,11721752,194427660,16.6,16.7,16.45,16.65,0.3,1851
20100604,7357871,121909400,16.65,16.65,16.5,16.55,-0.1,995
20100607,17437625,282408928,16.15,16.45,16.0,16.45,-0.1,2628
20100608,6684022,109840352,16.45,16.55,16.3,16.35,-0.1,1164
20100609,11918690,195359316,16.4,16.55,16.25,16.35,0.0,2409
20100610,12173540,202069455,16.85,16.85,16.4,16.6,0.25,1864
20100611,20541086,348817212,16.9,17.1,16.8,17.05,0.45,3261
20100614,11208700,193441721,17.2,17.35,17.15,17.25,0.2,1942
20100615,16855024,293565753,17.3,17.65,17.2,17.55,0.3,2823
20100617,23135581,407121123,17.65,17.75,17.5,17.7,0.15,3789
20100618,12301599,215212623,17.65,17.7,17.35,17.55,-0.15,2123
20100621,27986967,494826695,17.7,17.8,17.5,17.65,0.1,4238
20100622,15851214,279585630,17.7,17.7,17.55,17.65,0.0,1809
20100623,6610590,116125066,17.65,17.65,17.5,17.6,-0.05,1251
20100624,20343688,359115597,17.65,17.8,17.55,17.8,0.2,2525
20100625,34505904,613022894,17.75,17.9,17.6,17.65,-0.15,3954
20100628,31285885,560009536,17.8,18.05,17.75,17.85,0.2,4628
20100629,23657613,421007276,18.0,18.05,17.6,17.65,-0.2,3006
20100630,20156712,349152308,17.4,17.45,17.2,17.3,-0.35,2866
20100701,21039915,359198275,17.35,17.4,17.15,17.2,-0.1,2155
20100702,49797067,896587932,17.4,18.35,17.35,18.0,0.8,7682
20100705,42397578,776853179,18.35,18.5,18.15,18.5,0.5,9035
20100706,20645355,380221264,18.2,18.55,18.2,18.5,0.0,3512
20100707,13255646,244226932,18.5,18.5,18.3,18.4,-0.1,2469
20100708,13914904,256317969,18.6,18.65,18.3,18.4,0.0,1993
20100709,10956553,201633096,18.55,18.6,18.3,18.4,0.0,1756
20100712,19312603,355692258,18.45,18.55,18.3,18.3,-0.1,2278
20100713,12295815,224317059,18.4,18.4,18.1,18.25,-0.05,2025
20100714,75745407,1438615078,18.65,19.25,18.65,19.25,1.0,12933
20100715,40345408,771404052,19.2,19.2,19.0,19.1,-0.15,6899
20100716,68997506,1324072082,19.25,19.45,18.9,19.1,0.0,9550
20100719,40904305,787984016,19.1,19.35,19.05,19.2,0.1,5719
20100720,29639752,567491467,19.3,19.3,19.0,19.15,-0.05,5093
20100721,20213222,385962599,19.15,19.25,18.9,19.05,-0.1,2705
20100722,11706068,222759304,19.15,19.25,18.9,18.9,-0.15,2844
20100723,17727086,338892934,19.05,19.2,19.0,19.05,0.15,3507
20100726,13791668,264446489,19.25,19.3,19.05,19.1,0.05,3183
20100727,10914856,207615000,19.2,19.2,18.9,18.9,-0.2,1858
20100728,11842537,225473743,18.95,19.15,18.95,19.05,0.15,2114
20100729,21194175,403351575,19.15,19.2,18.9,19.1,0.05,3097
20100730,20725104,396562203,19.1,19.2,18.95,19.15,0.05,3642
20100802,55813939,1098597450,19.3,19.95,19.3,19.85,0.7,9495
20100803,44509018,891187860,19.95,20.15,19.9,20.15,0.3,6807
20100804,21125206,423264213,20.25,20.25,19.9,20.0,-0.15,3795
20100805,26896492,538814824,20.15,20.2,19.95,20.05,0.05,4278
20100806,15796484,316972816,20.2,20.2,19.95,20.05,0.0,2894
20100809,33401183,680922110,20.1,20.5,20.1,20.45,0.4,5369
20100810,55115320,1124652924,20.6,20.6,20.2,20.45,0.0,7001
20100811,33822013,655229659,19.55,19.6,19.1,19.25,,5102
20100812,14923769,285700350,19.0,19.35,18.95,19.25,0.0,3448
20100813,14678643,281049425,19.25,19.3,19.05,19.25,0.0,4389
20100816,19932169,382543168,19.25,19.45,19.0,19.25,0.0,3171
20100817,11863342,227920465,19.3,19.3,19.15,19.2,-0.05,1546
20100818,43677380,844285744,19.2,19.5,19.15,19.5,0.3,5413
20100819,22330549,429123035,19.3,19.45,19.1,19.2,-0.3,3722
20100820,12393653,238433529,19.25,19.35,19.15,19.2,0.0,2617
20100823,26009804,510188276,19.3,19.8,19.2,19.65,0.45,4616
20100824,40577887,808526677,19.9,20.1,19.65,19.9,0.25,6561
20100825,27896403,540299767,19.8,19.8,19.2,19.2,-0.7,5998
20100826,29764240,561778707,19.2,19.25,18.7,18.9,-0.3,4440
20100827,37449801,724211887,19.0,19.6,18.95,19.4,0.5,5794
20100830,28799856,566288890,19.5,19.8,19.45,19.7,0.3,3668
20100831,30474336,593476088,19.6,19.65,19.35,19.35,-0.35,3422
20100901,20044931,395662056,19.65,19.95,19.45,19.7,0.35,3774
20100902,15332964,304061766,19.9,19.9,19.7,19.75,0.05,2637
20100903,15234307,302451650,19.9,19.95,19.75,19.85,0.1,2604
20100906,14853913,294634868,19.95,20.0,19.7,19.85,0.0,3332
20100907,10787957,213784214,19.9,19.9,19.75,19.85,0.0,1985
20100908,18316021,362244115,19.85,19.95,19.55,19.95,0.1,3800
20100909,10905565,216408974,20.0,20.0,19.7,19.75,-0.2,2830
20100910,11507447,227710944,19.85,19.85,19.7,19.8,0.05,1978
20100913,48098591,975679536,20.0,20.5,19.95,20.5,0.7,8994
20100914,36320931,751143203,20.7,20.9,20.45,20.9,0.4,5854
20100915,36730405,773273242,21.0,21.2,20.8,21.2,0.3,6045
20100916,23931323,502959067,21.15,21.25,20.9,20.9,-0.3,4548
20100917,26003803,545207772,21.2,21.3,20.8,20.8,-0.1,4074
20100920,11864151,247511560,20.8,21.0,20.75,20.9,0.1,1963
20100921,16150561,337966731,21.1,21.15,20.7,21.1,0.2,2511
20100923,27576905,586576205,20.7,21.5,20.7,21.5,0.4,4701
20100924,29541717,625582101,21.25,21.5,20.95,21.2,-0.3,4900
20100927,16178360,343244104,21.3,21.4,21.1,21.3,0.1,3096
20100928,12297568,258605941,21.3,21.3,20.95,21.05,-0.25,1989
20100929,16477557,348293547,21.05,21.3,20.95,21.15,0.1,3086
20100930,18086050,379053801,21.0,21.1,20.8,21.0,-0.15,2475
20101001,13342906,280310926,21.0,21.1,20.9,21.05,0.05,2918
20101004,28176193,599548747,21.1,21.4,21.1,21.35,0.3,4301
20101005,14898684,314723822,21.35,21.35,21.0,21.1,-0.25,2783
20101006,26041799,561567648,21.3,21.75,21.3,21.7,0.6,5131
20101007,16774776,363780575,21.7,21.85,21.5,21.7,0.0,3057
20101008,15493811,334413633,21.7,21.8,21.4,21.65,-0.05,2540
20101011,11363004,244401691,21.7,21.75,21.1,21.25,-0.4,2495
20101012,17211099,362519690,21.35,21.35,20.85,21.0,-0.25,3196
20101013,9482753,199262611,21.1,21.15,20.9,21.0,0.0,1903
20101014,19225781,413685332,21.2,21.75,21.2,21.5,0.5,4580
20101015,10698804,230151363,21.7,21.7,21.4,21.6,0.1,1770
20101018,14547795,307268125,21.6,21.6,20.95,20.95,-0.65,3233
20101019,15180157,317071671,20.95,20.95,20.75,20.9,-0.05,3767
20101020,13867800,285758999,20.7,20.8,20.5,20.6,-0.3,3560
20101021,12122609,250631632,20.6,20.8,20.5,20.65,0.05,2672
20101022,17415729,357752473,20.65,20.65,20.45,20.55,-0.1,2199
20101025,14737338,306687070,20.5,21.0,20.5,20.85,0.3,2740
20101026,11152124,234642706,20.95,21.2,20.85,21.2,0.35,2448
20101027,10821284,228805158,21.3,21.4,20.95,21.2,0.0,1847
20101028,21894968,460357241,21.0,21.35,20.85,21.2,0.0,4076
20101029,8594280,181057688,21.3,21.3,20.9,21.25,0.05,1900
20101101,19226673,411747564,21.2,21.55,21.2,21.45,0.2,3638
20101102,14185085,304384627,21.6,21.65,21.25,21.45,0.0,3644
20101103,13568483,291391674,21.45,21.6,21.35,21.45,0.0,2874
20101104,10264685,220426110,21.45,21.6,21.35,21.4,-0.05,1951
20101105,17906115,386009126,21.6,21.65,21.45,21.65,0.25,3164
20101108,61373961,1282506223,21.65,21.75,21.4,21.5,-0.15,2014
20101109,19157894,407293001,21.3,21.45,21.1,21.4,-0.1,2996
20101110,13853515,295107771,21.35,21.4,21.15,21.35,-0.05,1918
20101111,11018769,234326574,21.1,21.35,21.1,21.3,-0.05,2143
20101112,19294274,403567631,21.1,21.2,20.75,20.85,-0.45,3779
20101115,14161726,289192149,20.85,20.85,20.3,20.45,-0.4,2486
20101116,15746866,321314461,20.35,20.7,20.1,20.7,0.25,2991
20101117,26308820,530936961,20.5,20.5,20.0,20.05,-0.65,4585
20101118,19147657,385119528,20.05,20.25,20.0,20.1,0.05,4653
20101119,21230613,428359275,20.25,20.3,20.0,20.25,0.15,4572
20101122,14665595,297933194,20.3,20.4,20.2,20.25,0.0,2536
20101123,17831639,358824981,20.25,20.35,20.0,20.15,-0.1,4414
20101124,17287768,346358998,20.0,20.2,19.9,20.0,-0.15,3019
20101125,25712617,520747881,20.0,20.55,20.0,20.5,0.5,3189
20101126,17010309,346888246,20.5,20.5,20.25,20.4,-0.1,2198
20101129,19920213,408491255,20.7,20.7,20.15,20.45,0.05,3126
20101130,14178775,288097236,20.3,20.5,20.25,20.25,-0.2,2068
20101201,29653106,624935180,20.6,21.35,20.5,21.25,1.0,6655
20101202,30029246,646508159,21.45,21.8,21.25,21.5,0.25,5923
20101203,16398871,347968441,21.45,21.45,21.05,21.15,-0.35,3233
20101206,30966564,664143979,21.2,21.6,21.2,21.45,0.3,3929
20101207,15817312,338213499,21.45,21.5,21.25,21.5,0.05,3426
20101208,14240265,304188486,21.4,21.55,21.3,21.3,-0.2,3052
20101209,22843469,492515542,21.5,21.75,21.45,21.5,0.2,5174
20101210,9642421,206324881,21.45,21.6,21.25,21.6,0.1,2224
20101213,7044353,151781173,21.6,21.65,21.45,21.5,-0.1,2501
20101214,15144973,320626047,21.5,21.55,21.0,21.25,-0.25,3811
20101215,21448980,450869480,21.1,21.2,20.85,21.1,-0.15,4793
20101216,9305716,196806530,21.1,21.25,21.05,21.15,0.05,1798
20101217,21770515,464896445,21.15,21.5,21.15,21.35,0.2,4598
20101220,20246325,433167345,21.45,21.55,21.3,21.35,0.0,3074
20101221,18755268,402620951,21.4,21.55,21.35,21.55,0.2,3356
20101222,19174158,415281464,21.5,21.8,21.45,21.7,0.15,3502
20101223,31320728,688814766,21.75,22.3,21.65,22.15,0.45,5590
20101224,19993369,440389267,22.2,22.2,21.85,21.85,-0.3,4133
20101227,23393227,518624785,22.0,22.6,21.8,22.3,0.45,4995
20101228,16945800,376718187,22.35,22.4,22.1,22.15,-0.15,2660
20101229,61618739,1389953287,22.1,22.8,22.1,22.7,0.55,8832
20101230,48395963,1082307936,22.7,22.7,22.15,22.25,-0.45,7297
20101231,56006383,1262052124,22.25,22.75,22.25,22.45,0.2,6579
20110103,37310166,846694309,22.5,22.85,22.5,22.85,0.4,5180
20110104,44276420,999777818,22.9,22.9,22.3,22.4,-0.45,6686
20110105,49642547,1092587238,22.4,22.6,21.55,21.85,-0.55,7652
20110106,18410028,402043285,21.85,22.1,21.6,22.1,0.25,3725
20110107,25449951,552595251,22.0,22.1,21.4,21.7,-0.4,5750
20110110,20757873,450193411,21.7,21.9,21.5,21.75,0.05,3324
20110111,28391410,624650440,21.75,22.25,21.6,22.15,0.4,4864
20110112,26711303,594865527,22.15,22.4,22.1,22.3,0.15,3604
20110113,31932110,712434403,22.35,22.45,22.05,22.4,0.1,4478
20110114,30228158,675767507,22.5,22.55,22.2,22.2,-0.2,4495
20110117,32474833,709198789,22.2,22.25,21.65,21.7,-0.5,5494
20110118,23471962,514831813,21.6,22.2,21.55,22.05,0.35,4170
20110119,20033221,440836562,22.05,22.15,21.9,22.1,0.05,3722
20110120,32910181,730958558,22.0,22.35,22.0,22.2,0.1,5146
20110121,30900515,686750768,22.15,22.5,21.85,22.25,0.05,5504
20110124,43313429,986619484,22.6,23.0,22.6,22.6,0.35,7855
20110125,32846079,747917192,22.8,22.95,22.65,22.7,0.1,5597
20110126,41204746,944058290,22.75,23.0,22.75,22.95,0.25,7532
20110127,64983178,1513072726,23.0,23.7,22.85,23.5,0.55,9819
20110128,61143202,1445302884,23.5,23.8,23.5,23.6,0.1,8776
20110208,69186204,1631462772,23.7,23.8,23.25,23.35,-0.25,8559
20110209,42349398,981463655,23.35,23.55,22.85,22.85,-0.5,8851
20110210,43264410,968362131,22.7,22.85,22.1,22.1,-0.75,7447
20110211,48023850,1051958800,22.1,22.25,21.6,21.9,-0.2,7779
20110214,35382736,784282971,22.0,22.5,21.8,22.3,0.4,6689
20110215,34837595,763660841,21.9,22.45,21.25,22.4,0.1,7084
20110216,26598433,593345991,22.4,22.55,22.05,22.25,-0.15,5358
20110217,20035615,441280843,22.25,22.25,21.8,21.9,-0.35,5563
20110218,46643047,1067833031,22.4,23.1,22.4,23.0,1.1,9103
20110221,24537266,560327675,23.0,23.0,22.65,22.8,-0.2,3418
20110222,26791058,596232964,22.5,22.55,22.1,22.3,-0.5,6582
20110223,27472175,609634000,22.2,22.55,22.0,22.1,-0.2,4458
20110224,18929692,416741012,22.4,22.4,21.8,21.8,-0.3,4665
20110225,34285382,738232252,22.0,22.05,21.3,21.45,-0.35,6907
20110301,16631349,361496675,21.55,21.9,21.55,21.8,0.35,5915
20110302,15979463,343988507,21.5,21.7,21.4,21.4,-0.4,3847
20110303,23941178,520118679,21.5,21.95,21.4,21.75,0.35,5528
20110304,12887648,281869523,21.95,21.95,21.7,21.95,0.2,2516
20110307,8619986,189682224,21.95,22.15,21.8,22.05,0.1,3506
20110308,14386011,318181417,22.1,22.2,22.05,22.1,0.05,3288
20110309,26091323,585076154,22.3,22.5,22.3,22.5,0.4,4304
20110310,40117095,906970978,22.55,22.7,22.4,22.7,0.2,5727
20110311,21847409,488870456,22.4,22.55,22.2,22.3,-0.4,2995
20110314,26639599,578375602,22.1,22.1,21.2,22.0,-0.3,8164
20110315,77237719,1606803389,21.5,21.8,20.5,20.7,-1.3,9740
20110316,27318950,570140250,20.9,21.1,20.65,21.0,0.3,5085
20110317,14969031,313287133,20.75,21.15,20.65,21.1,0.1,2903
20110318,16936279,360515576,21.15,21.55,21.05,21.3,0.2,3971
20110321,15088601,323872976,21.3,21.7,21.1,21.6,0.3,3630
20110322,24428369,541417768,21.7,22.4,21.5,22.1,0.5,5451
20110323,13436744,298712661,22.1,22.4,22.0,22.4,0.3,3237
20110324,17999026,405217356,22.5,22.65,22.35,22.5,0.1,3035
20110325,20416961,461143308,22.6,22.7,22.45,22.6,0.1,3717
20110328,13198944,299368364,22.7,22.8,22.5,22.6,0.0,3492
20110329,16407664,372759508,22.65,22.85,22.6,22.75,0.15,2166
20110330,25412937,584606620,22.75,23.1,22.75,23.0,0.25,5096
20110331,33625629,775476767,23.0,23.2,22.9,23.15,0.15,4152
20110401,10378793,238436932,23.15,23.15,22.9,23.0,-0.15,1714
20110406,46055073,1080986758,23.2,23.6,23.15,23.6,0.6,7066
20110407,16209959,379906046,23.6,23.65,23.3,23.45,-0.15,3017
20110408,17250536,401834320,23.2,23.45,23.15,23.45,0.0,2609
20110411,10665983,247510884,23.3,23.45,23.05,23.35,-0.1,1844
20110412,15406607,352231042,23.15,23.15,22.7,22.8,-0.55,2894
20110413,12293535,280485695,22.8,23.0,22.55,22.95,0.15,2169
20110414,12036162,274348402,22.95,22.95,22.7,22.8,-0.15,1936
20110415,13983296,317776798,22.8,23.0,22.5,22.5,-0.3,2329
20110418,8939272,203450920,22.55,22.9,22.45,22.85,0.35,1737
20110419,11009112,248518906,22.55,22.7,22.5,22.55,-0.3,2226
20110420,23132845,532847203,22.7,23.15,22.65,23.05,0.5,3728
20110421,64786055,1528981585,23.2,23.9,23.1,23.9,0.85,9725
20110422,61009477,1486708937,24.2,24.55,24.05,24.35,0.45,8808
20110425,39261992,958156862,24.6,24.7,24.15,24.2,-0.15,6010
20110426,46101428,1101627942,23.75,24.1,23.6,24.0,-0.2,5985
20110427,67792962,1689218250,24.15,25.3,24.1,25.15,1.15,10738
20110428,58455672,1479572816,25.2,25.85,25.0,25.05,-0.1,8862
20110429,33806085,836564769,25.05,25.05,24.35,25.0,-0.05,6034
20110503,29265809,729274787,25.0,25.1,24.75,24.9,-0.1,4377
20110504,24556467,607405532,24.9,24.95,24.55,24.75,-0.15,4897
20110505,34178565,854964082,24.7,25.25,24.55,25.25,0.5,5470
20110506,34963407,868165692,25.0,25.1,24.65,24.7,-0.55,6057
20110509,44239419,1108616139,24.75,25.25,24.65,24.9,0.2,5144
20110510,29106793,724750047,24.95,25.0,24.8,24.85,-0.05,3190
20110511,30650199,759446337,24.9,25.0,24.6,24.8,-0.05,4121
20110512,30586171,750646226,24.6,24.75,24.4,24.55,-0.25,4273
20110513,26805518,656469333,24.65,24.65,24.4,24.45,-0.1,4356
20110516,27056152,659570591,24.35,24.6,24.25,24.25,-0.2,4533
20110517,28636420,689035616,24.3,24.3,23.85,24.25,0.0,4716
20110518,29393908,710128595,24.15,24.3,24.05,24.3,0.05,4202
20110519,48349206,1198012549,24.3,25.0,24.2,24.55,0.25,8285
20110520,33911811,832670490,24.8,24.8,24.3,24.35,-0.2,5752
20110523,35025949,842588689,24.3,24.3,23.95,24.05,-0.3,5329
20110524,28687748,687714162,24.0,24.05,23.85,24.05,0.0,4597
20110525,34365076,822985589,24.0,24.05,23.85,23.95,-0.1,4273
20110526,42259071,1018099684,24.05,24.3,23.9,24.15,0.2,5872
20110527,43666020,1065203351,24.25,24.6,24.2,24.25,0.1,5833
20110530,38429009,941817683,24.25,24.8,24.15,24.8,0.55,3886
20110531,45046538,1106238616,24.8,24.8,24.4,24.5,-0.3,5267
20110601,30355516,750446902,24.5,24.85,24.5,24.8,0.3,4098
20110602,20784061,511814625,24.5,24.75,24.5,24.65,-0.15,3556
20110603,23466415,575722848,24.6,24.7,24.45,24.55,-0.1,3320
20110607,17050933,416419236,24.55,24.55,24.25,24.5,-0.05,3273
20110608,23864138,582358061,24.3,24.6,24.25,24.3,-0.2,4370
20110609,21929620,540627142,24.35,24.9,24.35,24.75,0.45,4473
20110610,51133582,1275830837,24.9,25.25,24.6,24.6,-0.15,6931
20110613,40938506,1008662220,24.4,24.9,24.25,24.45,-0.15,4145
20110614,24665221,609554571,24.5,24.8,24.5,24.8,0.35,2671
20110615,52945281,1294078363,24.75,24.75,24.25,24.4,-0.4,7235
20110616,30373819,730336141,24.2,24.3,23.85,24.0,-0.4,4450
20110617,29251115,704604325,24.0,24.4,23.9,24.4,0.4,3280
20110620,29248040,695087656,24.4,24.45,23.15,23.3,-1.1,5476
20110621,31905792,761894208,23.45,24.05,23.45,23.9,0.6,5026
20110622,33090185,808889871,24.1,24.75,24.05,24.45,0.55,6824
20110623,19604321,477968784,24.45,24.6,24.2,24.2,-0.25,4322
20110624,17335654,418752596,24.2,24.4,24.0,24.05,-0.15,3243
20110627,46033614,1095255389,23.8,24.0,23.55,23.8,-0.25,6486
20110628,37770920,902940176,24.0,24.2,23.75,24.0,0.2,4123
20110629,44039944,1084670924,24.4,24.95,24.05,24.9,0.9,8272
20110630,35273748,881250650,24.8,25.1,24.8,25.1,0.2,7111
20110701,66107759,1700663054,25.3,26.05,25.1,25.95,0.85,12558
20110704,32520085,845135775,26.1,26.15,25.7,25.85,-0.1,6024
20110705,29685142,770868811,25.85,26.1,25.6,25.95,0.1,5207
20110706,17967950,468406107,26.0,26.15,26.0,26.0,0.05,3725
20110707,22519674,585052816,25.8,26.1,25.7,26.0,0.0,3841
20110708,32355654,847553104,26.0,26.45,25.85,26.15,0.15,6451
20110711,15534552,403891765,26.1,26.1,25.9,26.05,-0.1,2851
20110712,24266061,624421791,25.75,26.0,25.45,25.7,-0.35,4473
20110713,22445338,582685767,25.6,26.1,25.6,26.05,0.35,3324
20110714,11858131,307013764,26.0,26.05,25.7,25.9,-0.15,3045
20110715,29095825,764885829,25.95,26.6,25.9,26.45,0.55,5306
20110718,31857212,852561262,26.4,27.0,26.35,26.55,0.1,5815
20110719,24416292,653216169,26.55,27.05,26.5,26.6,0.05,4075
20110720,17652561,469628892,26.7,26.8,26.35,26.7,0.1,4636
20110721,25746818,675800812,26.5,26.7,25.9,26.25,-0.45,5806
20110722,27020942,723498846,26.35,27.1,26.1,26.95,0.7,6734
20110725,10608172,282335241,27.0,27.0,26.45,26.65,-0.3,2568
20110726,37409165,1024178304,26.8,27.95,26.7,27.65,1.0,7971
20110727,46896762,1329056522,27.5,28.75,27.5,28.2,0.55,7922
20110728,25680669,721884825,27.7,28.35,27.7,28.2,0.0,4658
20110729,19258001,537245088,27.8,28.25,27.6,27.75,-0.45,4244
20110801,44772894,1285120112,27.85,29.05,27.85,28.7,0.95,8009
20110802,25569516,723760062,28.7,28.8,27.9,28.2,-0.5,6611
20110803,30923749,855650415,27.8,27.8,27.4,27.7,-0.5,6441
20110804,74478883,2157134743,28.0,29.55,27.9,28.2,0.5,13592
20110805,73069461,1968878282,26.55,27.7,26.35,26.6,-1.6,14896
20110808,83364334,2163383048,26.0,27.0,24.75,25.7,-0.9,16023
20110809,93569245,2374689614,24.2,26.4,24.1,25.35,-0.35,17063
20110810,73616073,1956908631,27.0,27.1,26.05,26.7,1.35,14659
20110811,56967337,1500518140,26.1,26.8,25.85,26.2,-0.5,10733
20110812,50640789,1312043565,26.5,26.55,25.55,25.55,-0.65,10959
20110815,25983776,671619830,25.9,26.15,25.5,26.1,0.55,6297
20110816,30575918,791682905,26.3,26.35,25.65,25.8,-0.3,5665
20110817,33146123,860810248,25.7,26.3,25.6,25.95,0.15,6335
20110818,26649681,687505824,25.8,26.05,25.6,25.85,-0.1,5029
20110819,43925078,1092277250,25.05,25.6,24.45,24.65,-1.2,11298
20110822,44345652,1108346550,24.65,25.45,24.3,24.95,0.3,8175
20110823,62242019,1533836855,24.0,25.2,23.8,25.1,,11311
20110824,48625219,1225582325,25.2,25.85,24.5,25.45,0.35,10856
20110825,36102337,921873682,26.0,26.1,24.9,25.05,-0.4,8169
20110826,29749601,739717580,25.4,25.45,24.6,25.0,-0.05,7105
20110829,35525974,906510975,25.4,25.9,25.25,25.35,0.35,8273
20110830,40653863,1034532049,25.8,25.8,25.2,25.4,0.05,7420
20110831,21280372,539460917,25.6,25.65,25.05,25.65,0.25,5151
20110901,60845375,1590892850,25.8,26.5,25.75,25.8,0.15,13454
20110902,31898806,827908101,26.2,26.2,25.7,25.85,0.05,6822
20110905,40188657,1008215727,25.4,25.4,24.9,24.9,-0.95,8589
20110906,61963813,1476148158,24.5,24.5,23.25,23.3,-1.6,15561
20110907,86450821,1982538506,23.8,23.85,22.3,23.3,0.0,17488
20110908,38719258,917896399,23.5,24.0,23.3,23.7,0.4,9005
20110909,21594736,516431383,23.9,24.2,23.65,23.9,0.2,5922
20110913,52960454,1201515054,23.4,23.4,22.25,22.4,-1.5,11586
20110914,99651672,2124125992,22.6,22.8,20.85,21.15,-1.25,17203
20110915,63263995,1362710776,21.75,21.85,21.2,21.65,0.5,11683
20110916,64447711,1464107103,22.1,23.15,22.1,22.95,1.3,12425
20110919,29797565,663311819,22.75,22.75,22.0,22.1,-0.85,7243
20110920,32801079,714848403,22.1,22.4,21.3,21.75,-0.35,8004
20110921,33106721,736247046,22.15,22.55,21.7,22.2,0.45,9127
20110922,47418002,1007530113,21.6,21.6,21.0,21.1,-1.1,11002
20110923,80465357,1619581611,20.1,20.5,19.8,20.1,-1.0,14732
20110926,51711166,1011970554,20.1,20.2,19.0,19.0,-1.1,11295
20110927,43151292,847733739,19.95,19.95,19.4,19.65,0.65,8138
20110928,59286104,1186397848,19.95,20.3,19.65,20.1,0.45,9314
20110929,49563094,1020018574,20.0,21.15,19.85,20.9,0.8,10007
20110930,68626580,1478830155,21.25,21.85,21.2,21.35,0.45,13419
20111003,35725173,730009621,20.8,20.85,20.1,20.15,-1.2,9197
20111004,45098640,900475925,19.6,20.2,19.5,20.2,0.05,9631
20111005,20760566,417398544,20.25,20.35,19.9,19.9,-0.3,5512
20111006,43159137,900058762,20.5,21.15,20.5,20.8,0.9,9241
20111007,57652355,1250686107,21.4,21.95,21.35,21.6,0.8,11907
20111011,65238705,1473804670,22.5,22.75,22.4,22.5,0.9,11848
20111012,25706648,569087942,22.4,22.4,21.9,22.15,-0.35,5694
20111013,32248288,722853215,22.7,22.7,22.15,22.35,0.2,7580
20111014,22603446,493835561,22.0,22.05,21.7,21.7,-0.65,5416
20111017,40179799,887889453,22.0,22.5,21.75,22.3,0.6,7356
20111018,22439079,488784766,21.8,22.05,21.65,21.8,-0.5,5343
20111019,28505005,624538325,22.15,22.15,21.65,22.0,0.2,6850
20111020,25549513,553134073,21.95,22.0,21.4,21.45,-0.55,6958
20111021,22929901,497985301,21.7,21.85,21.5,21.85,0.4,5009
20111024,62840695,1419798670,22.35,22.75,22.25,22.55,0.7,11331
20111025,39447549,897653455,22.75,23.0,22.55,22.8,0.25,8513
20111026,29145249,660924936,22.5,22.8,22.4,22.7,-0.1,5494
20111027,45429456,1040490968,22.75,23.1,22.55,22.75,0.05,8033
20111028,84391279,1994382124,23.8,23.95,23.35,23.5,0.75,13699
20111031,35187494,828640585,23.6,23.9,23.15,23.35,-0.15,6946
20111101,39218000,915221903,23.0,23.6,22.85,23.3,-0.05,7158
20111102,33825117,766499151,22.25,22.95,22.25,22.8,-0.5,7104
20111103,52148354,1157096971,22.65,22.7,21.95,22.0,-0.8,11082
20111104,56108697,1268246791,22.5,22.8,22.45,22.65,0.65,8033
20111107,21486844,479433777,22.5,22.5,22.2,22.35,-0.3,4698
20111108,26270231,587517724,22.65,22.65,22.05,22.1,-0.25,6778
20111109,29545834,652456308,22.4,22.45,21.9,22.05,-0.05,7370
20111110,82626912,1717998236,21.2,21.55,20.55,20.55,-1.5,17824
20111111,29690140,609877983,20.55,20.75,20.2,20.65,0.1,7578
20111114,41828387,874503872,21.05,21.3,20.65,20.7,0.05,9341
20111115,30805626,627515165,20.55,20.7,20.2,20.45,-0.25,6088
20111116,56213965,1131985910,20.35,20.6,19.8,19.8,-0.65,11206
20111117,48596344,945269026,19.35,19.75,19.2,19.55,-0.25,10343
20111118,58403036,1150596532,19.3,20.0,19.25,19.7,0.15,11651
20111121,43532790,861300071,19.6,19.95,19.5,19.7,0.0,9892
20111122,60077785,1201301558,20.5,20.5,19.6,19.8,0.1,11024
20111123,41535460,804359451,19.6,19.75,19.05,19.05,-0.75,9723
20111124,63512607,1243545004,19.15,19.9,19.15,19.8,0.75,12114
20111125,49528541,967472686,19.9,20.0,19.2,19.25,-0.55,10403
20111128,27261301,534087233,19.55,19.7,19.45,19.55,0.3,5124
20111129,27804141,549491869,19.9,19.9,19.55,19.8,0.25,5262
20111130,32802231,640411636,19.8,19.8,19.3,19.5,-0.3,6317
20111201,60575088,1259753595,20.85,20.85,20.5,20.85,1.35,9812
20111202,51558545,1074774286,20.85,21.1,20.6,20.75,-0.1,9628
20111205,40672874,814271628,20.9,20.9,20.25,20.55,-0.2,5965
20111206,25409204,516780701,20.55,20.55,20.05,20.15,-0.4,5547
20111207,28987961,593773669,20.4,20.6,20.35,20.6,0.45,6457
20111208,27165954,553514946,20.5,20.6,20.1,20.45,-0.15,5355
20111209,42859668,868578474,20.05,20.55,20.0,20.35,-0.1,6662
20111212,22698846,470306503,20.85,20.85,20.6,20.75,0.4,5011
20111213,22993750,465266108,20.3,20.5,20.0,20.05,-0.7,4950
20111214,21719299,436332774,20.35,20.35,20.0,20.05,0.0,4598
20111215,37421248,727977947,19.85,19.85,19.25,19.25,-0.8,8187
20111216,18413250,357302062,19.5,19.6,19.25,19.45,0.2,4059
20111219,53832605,998226365,19.35,19.35,18.1,18.2,-1.25,11533
20111220,84975350,1517385658,18.5,18.5,17.6,17.65,-0.55,15634
20111221,46158795,869317561,18.85,18.85,18.65,18.85,1.2,5802
20111222,73726792,1436641294,19.1,19.7,19.05,19.6,0.75,13883
20111223,70120309,1435570967,20.1,20.7,20.05,20.4,0.8,13906
20111226,30161935,605911068,20.4,20.4,20.0,20.05,-0.35,7831
20111227,22050763,440029146,20.0,20.2,19.7,20.15,0.1,5361
20111228,13032331,262120570,20.25,20.25,20.0,20.0,-0.15,3485
20111229,14849411,297756235,20.0,20.2,19.8,20.2,0.2,3332
20111230,31142205,634703064,20.5,20.65,20.2,20.2,0.0,6738
20120102,29936078,589255692,20.2,20.2,19.45,19.45,-0.75,7005
20120103,29679081,591822437,19.5,20.1,19.5,19.95,0.5,6474
20120104,36266187,736286346,20.2,20.55,20.15,20.3,0.35,7631
20120105,22795383,463316387,20.4,20.45,20.15,20.45,0.15,4021
20120106,35593763,723263305,20.4,20.5,20.15,20.4,-0.05,5806
20120109,22474885,451661665,20.35,20.35,19.9,20.2,-0.2,4564
20120110,70163410,1446040807,20.45,20.8,20.35,20.7,0.5,11708
20120111,42294793,872988593,20.9,20.9,20.45,20.45,-0.25,8015
20120112,30258944,621155967,20.65,20.65,20.4,20.45,0.0,5735
20120113,49799916,1021725289,20.65,20.75,20.4,20.45,0.0,7572
20120116,66440332,1329262982,20.9,20.9,19.5,19.55,-0.9,14150
20120117,45228096,882398804,19.65,19.75,19.2,19.7,0.15,9870
20120118,61747051,1183002633,19.6,19.6,18.95,19.0,-0.7,15109
20120130,50730178,989074146,19.55,19.7,19.3,19.3,0.3,9829
20120131,83109101,1670360955,19.45,20.45,19.4,20.3,1.0,14388
20120201,96764085,2037871935,20.4,21.5,20.2,20.95,0.65,19148
20120202,47517321,1014236287,21.45,21.65,21.05,21.35,0.4,9330
20120203,50219671,1076272400,21.5,21.65,21.0,21.6,0.25,9445
20120204,75084158,1674239205,21.9,22.7,21.8,22.15,0.55,14122
20120206,40777423,891136210,22.05,22.15,21.45,21.5,-0.65,10687
20120207,29193163,638767854,21.8,22.2,21.65,21.8,0.3,5760
20120208,53192469,1194138863,22.15,22.65,22.1,22.6,0.8,9338
20120209,41497782,936509175,22.55,22.7,22.3,22.7,0.1,7249
20120210,48476878,1105531260,22.7,23.0,22.45,22.95,0.25,7994
20120213,24992124,571701444,23.0,23.1,22.65,22.85,-0.1,5169
20120214,29838700,668861725,22.8,22.8,22.15,22.5,-0.35,7839
20120215,41359650,931453311,22.5,22.75,22.1,22.75,0.25,7912
20120216,32183491,714604969,22.5,22.55,21.9,21.95,-0.8,7378
20120217,51616337,1126314620,22.2,22.45,21.45,21.5,-0.45,9969
20120220,34597060,743380599,21.7,21.7,21.4,21.4,-0.1,7248
20120221,28372242,598940805,21.3,21.35,20.95,21.25,-0.15,6721
20120222,38257326,833665934,21.2,22.05,21.1,22.0,0.75,8345
20120223,33880395,733835721,21.95,22.0,21.5,21.5,-0.5,6427
20120224,28965624,630669367,21.95,21.95,21.5,21.9,0.4,5151
20120229,74634351,1690932097,22.0,22.9,22.0,22.9,1.0,14663
20120301,37552410,840385405,22.5,22.7,22.1,22.55,-0.35,7758
20120302,40479137,892401721,22.6,22.7,21.8,21.85,-0.7,8767
20120303,22187175,478385392,21.6,21.7,21.45,21.6,-0.25,5569
20120305,38897125,822407348,21.4,21.45,21.05,21.15,-0.45,9289
20120306,48329305,1002467869,21.0,21.15,20.5,20.8,-0.35,10395
20120307,25449679,520095401,20.4,20.65,20.3,20.35,-0.45,7280
20120308,47338482,993413190,20.8,21.4,20.5,21.15,0.8,10991
20120309,30591712,644215817,21.0,21.3,20.7,21.25,0.1,6295
20120312,13194383,278103488,21.3,21.3,20.9,21.05,-0.2,3821
20120313,36636702,790627129,21.25,21.75,21.25,21.65,0.6,8899
20120314,43938594,971413105,22.2,22.45,21.9,22.0,0.35,9230
20120315,20785505,458521641,22.2,22.3,21.85,22.15,0.15,4980
20120316,14890039,324209301,22.1,22.1,21.6,21.6,-0.55,3810
20120319,18200381,389312629,21.6,21.8,21.2,21.4,-0.2,5194
20120320,15158724,322519107,21.4,21.45,21.15,21.25,-0.15,3394
20120321,19035524,406815237,21.4,21.5,21.25,21.45,0.2,3448
20120322,19688399,427360590,21.45,21.8,21.45,21.7,0.25,4957
20120323,27298164,600941404,22.0,22.15,21.85,21.95,0.25,6774
20120326,30040118,644642943,21.95,21.95,21.3,21.35,-0.6,7509
20120327,14368403,307129081,21.45,21.5,21.3,21.4,0.05,3299
20120328,18706796,398019686,21.6,21.6,21.15,21.3,-0.1,3432
20120329,26596144,559190714,21.2,21.25,20.8,21.1,-0.2,5150
20120330,30086979,627947783,20.85,21.05,20.8,20.85,-0.25,5877
20120402,16457804,344446237,20.75,21.05,20.65,20.9,0.05,3264
20120403,43363416,926246777,21.15,21.6,21.15,21.4,0.5,9749
20120405,30465087,640966511,20.8,21.35,20.75,21.15,-0.25,6163
20120406,26992598,565710420,21.1,21.25,20.8,21.1,-0.05,6122
20120409,16138656,336611726,20.65,21.1,20.55,20.85,-0.25,3579
20120410,29839168,627887773,21.1,21.3,20.8,21.0,0.15,4589
20120411,22687760,481041268,20.8,21.5,20.7,21.35,0.35,6237
20120412,15298638,324597547,21.5,21.5,21.1,21.25,-0.1,4217
20120413,19244454,412301793,21.55,21.55,21.35,21.4,0.15,4363
20120416,13526279,288213033,21.1,21.5,21.0,21.45,0.05,3515
20120417,27926951,600381530,21.55,21.7,21.25,21.5,0.05,6747
20120418,48399086,1056401581,21.8,22.1,21.55,21.7,0.2,10410
20120419,40097914,881722284,21.8,22.2,21.55,22.0,0.3,7519
20120420,31058887,681914904,22.0,22.3,21.55,21.55,-0.45,6430
20120423,50109807,1104349283,21.45,22.3,21.4,22.3,0.75,11131
20120424,25618136,569918497,22.3,22.35,22.05,22.3,0.0,5615
20120425,30787623,690556559,22.4,22.65,22.15,22.15,-0.15,5338
20120426,27345043,612999838,22.4,22.5,22.25,22.4,0.25,5463
20120427,22624313,507264742,22.6,22.6,22.25,22.55,0.15,6134
20120430,34593230,788736790,22.3,23.1,22.3,23.1,0.55,6482
20120502,24499703,561753150,23.0,23.1,22.75,22.9,-0.2,7354
20120503,16342417,369457113,22.6,22.8,22.5,22.5,-0.4,4309
20120504,21421222,480844205,22.5,22.7,22.3,22.45,-0.05,4429
20120507,29683674,652500685,22.05,22.4,21.8,22.35,-0.1,7436
20120508,17542085,390090977,22.45,22.5,22.1,22.35,0.0,4120
20120509,15711917,345582609,22.0,22.25,21.85,21.85,-0.5,4267
20120510,14231555,315521701,21.85,22.3,21.85,22.25,0.4,3896
20120511,38822031,837030457,22.15,22.25,21.2,21.4,-0.85,9357
20120514,9432969,202785114,21.4,21.65,21.3,21.65,0.25,3525
20120515,15023521,322884487,21.55,21.7,21.3,21.7,0.05,4183
20120516,26368875,559837334,21.7,21.8,21.0,21.0,-0.7,6869
20120517,23956178,514130656,21.3,21.75,21.1,21.55,0.55,6528
20120518,33807220,710276920,21.15,21.3,20.75,20.8,-0.75,7580
20120521,11777190,247912580,20.95,21.15,20.85,21.05,0.25,3519
20120522,9676892,204774541,21.3,21.3,21.05,21.2,0.15,2860
20120523,22751503,467024491,20.9,20.95,20.4,20.5,-0.7,5829
20120524,41224858,827170634,20.5,20.7,19.65,19.95,-0.55,9117
20120525,24391071,484135738,20.0,20.0,19.7,19.85,-0.1,5528
20120528,20907114,424300384,20.0,20.5,19.85,20.3,0.45,5130
20120529,21085141,439140426,20.5,21.0,20.45,20.9,0.6,5282
20120530,35887476,744694230,20.9,21.05,20.6,20.9,0.0,5426
20120531,38382650,781949479,20.35,20.75,20.1,20.75,-0.15,8868
20120601,14301482,290064570,20.3,20.45,20.1,20.2,-0.55,4412
20120604,30092861,587506579,19.65,19.9,19.2,19.4,-0.8,7250
20120605,18958277,377363640,19.8,20.05,19.75,20.05,0.65,5327
20120606,15793291,318728987,20.25,20.4,20.0,20.15,0.1,3946
20120607,16990145,349066791,20.7,20.7,20.4,20.5,0.35,8188
20120608,28575450,596748842,20.8,21.1,20.7,20.8,0.3,7564
20120611,19552833,414951869,21.15,21.3,21.1,21.3,0.5,5041
20120612,11651000,246648550,21.0,21.35,21.0,21.2,-0.1,2944
20120613,24572289,526449801,21.35,21.75,21.05,21.65,0.45,6339
20120614,21509034,464469411,21.65,21.8,21.4,21.4,-0.25,5968
20120615,35488497,762948956,21.6,21.7,21.3,21.3,-0.1,5447
20120618,27808809,606076989,22.0,22.0,21.7,21.75,0.45,5019
20120619,19107500,411658079,21.65,21.7,21.4,21.6,-0.15,3985
20120620,28330056,609580387,21.6,21.65,21.4,21.6,0.0,5933
20120621,27426704,579090137,21.1,21.3,20.95,21.05,-0.55,6685
20120622,25203626,527727817,20.75,21.3,20.6,21.3,0.25,5941
20120625,24996431,529763051,21.2,21.5,21.05,21.05,-0.25,5046
20120626,13629689,285738714,21.0,21.0,20.85,21.0,-0.05,4544
20120627,39003631,841553030,21.15,21.75,20.95,21.7,0.7,8391
20120628,22374345,482495629,21.8,21.8,21.45,21.5,-0.2,5149
20120629,24395089,529815950,21.6,21.85,21.45,21.85,0.35,6018
20120702,39253554,871191527,22.05,22.4,22.0,22.2,0.35,8565
20120703,48544270,1092757222,22.4,22.7,22.25,22.55,0.35,8982
20120704,41434920,942000435,22.7,22.9,22.6,22.85,0.3,7395
20120705,33286227,761240601,22.8,23.0,22.8,22.95,0.1,6307
20120706,23979962,547287909,23.0,23.0,22.7,22.85,-0.1,4307
20120709,13458633,303971584,22.7,22.75,22.45,22.6,-0.25,3825
20120710,22991864,517556883,22.55,22.7,22.3,22.4,-0.2,4594
20120711,38139996,873464008,22.5,23.15,22.35,23.1,0.7,8723
20120712,34891472,805809952,23.05,23.3,22.95,23.15,0.05,8991
20120713,30880625,713391023,23.05,23.3,22.95,23.25,0.1,6340
20120716,18700133,431097596,23.25,23.25,22.85,22.85,-0.4,3600
20120717,25041543,582542287,22.8,23.4,22.8,23.4,0.55,6568
20120718,27851095,641898909,23.35,23.35,22.85,22.9,-0.5,4768
20120719,19825630,456478501,23.0,23.2,22.9,22.9,0.0,3845
20120720,13082625,301216626,22.85,23.15,22.85,23.15,0.25,3202
20120723,17107851,392362241,22.9,23.1,22.75,23.1,-0.05,4269
20120724,18871772,434100152,23.0,23.15,22.8,23.15,0.05,3564
20120725,32927858,761728868,22.9,23.3,22.8,23.3,0.15,7159
20120726,34921362,809989376,23.3,23.5,23.05,23.05,-0.25,5896
20120727,23497901,546571556,23.1,23.4,23.1,23.4,0.35,4366
20120730,43211952,1032583721,23.45,24.2,23.4,23.7,0.3,8948
20120731,47384318,1138296372,23.8,24.35,23.65,24.35,0.65,8716
20120801,23786343,577455802,24.35,24.5,24.15,24.25,-0.1,5346
20120803,44977396,1080115811,24.1,24.15,24.0,24.0,-0.25,4914
20120806,51165689,1243927877,24.2,24.5,24.2,24.25,0.25,6116
20120807,60410495,1459700080,24.35,24.4,23.9,24.05,-0.2,7559
20120808,65094453,1512081851,23.15,23.35,23.1,23.3,,8650
20120809,62532587,1460962078,23.3,23.7,23.2,23.7,0.4,9293
20120810,31914271,745342542,23.7,23.7,23.2,23.35,-0.35,5082
20120813,18632863,430868956,23.4,23.4,23.0,23.15,-0.2,3394
20120814,40935031,935109122,23.05,23.3,22.55,22.7,-0.45,8836
20120815,32944201,749455646,22.85,22.95,22.65,22.75,0.05,7249
20120816,34045425,778425937,22.9,23.05,22.65,22.85,0.1,5890
20120817,21947445,500478220,22.9,22.95,22.65,22.9,0.05,3828
20120820,13743839,312236571,22.8,22.9,22.65,22.65,-0.25,2679
20120821,38945578,900498937,22.85,23.3,22.85,23.3,0.65,6674
20120822,30627438,717794594,23.4,23.6,23.3,23.4,0.1,5569
20120823,16286966,379811331,23.4,23.55,23.2,23.3,-0.1,3459
20120824,24742664,571235933,23.3,23.3,23.0,23.05,-0.25,5246
20120827,20169856,461940850,23.1,23.2,22.8,22.8,-0.25,4008
20120828,25493154,574683633,22.65,22.7,22.45,22.45,-0.35,4190
20120829,23295612,528968791,22.6,22.8,22.55,22.65,0.2,3654
20120830,31545394,706402130,22.55,22.7,22.2,22.3,-0.35,6220
20120831,18668508,418367562,22.4,22.55,22.25,22.55,0.25,3666
20120903,26677472,607129511,22.8,22.95,22.6,22.6,0.05,6559
20120904,30925652,690738610,22.65,22.65,22.15,22.25,-0.35,7858
20120905,29895768,657502496,22.2,22.25,21.85,21.9,-0.35,7060
20120906,15870036,348427478,22.0,22.1,21.85,21.9,0.0,4705
20120907,26419748,590429545,22.4,22.45,22.15,22.25,0.35,6457
20120910,16856960,378440554,22.3,22.55,22.3,22.5,0.25,4396
20120911,10912364,243546139,22.55,22.55,22.2,22.2,-0.3,3089
20120912,17111464,384713313,22.35,22.6,22.3,22.45,0.25,4159
20120913,14705277,332285613,22.6,22.65,22.5,22.55,0.1,4369
20120914,58275641,1347522483,22.9,23.35,22.8,23.35,0.8,12072
20120917,51327772,1213367710,23.4,23.8,23.35,23.45,0.1,10184
20120918,45922722,1054772156,22.9,23.2,22.6,22.95,-0.5,8848
20120919,35333717,807638012,22.85,23.1,22.75,22.8,-0.15,6501
20120920,32230651,728846004,22.75,23.0,22.35,22.5,-0.3,8342
20120921,17319660,391812512,22.55,22.7,22.45,22.6,0.1,4665
20120924,16172361,363972621,22.6,22.6,22.35,22.5,-0.1,4648
20120925,16087680,363728476,22.5,22.7,22.5,22.6,0.1,4363
20120926,26284880,590782057,22.55,22.7,22.3,22.65,0.05,5110
20120927,21336116,485238102,22.7,22.8,22.55,22.8,0.15,4558
20120928,17571274,396911572,22.8,22.8,22.45,22.6,-0.2,3914
20121001,12565024,281465394,22.4,22.55,22.35,22.35,-0.25,2814
20121002,13265311,300093078,22.55,22.7,22.5,22.7,0.35,3750
20121003,34954186,780400489,22.5,22.55,22.2,22.3,-0.4,9103
20121004,16640162,371792134,22.35,22.45,22.2,22.35,0.05,4041
20121005,25790672,582766091,22.35,22.75,22.3,22.7,0.35,6420
20121008,19836887,443561864,22.7,22.7,22.25,22.3,-0.4,4841
20121009,14492116,324616436,22.4,22.5,22.3,22.3,0.0,3657
20121011,21168818,467410833,22.1,22.25,22.0,22.0,-0.3,5482
20121012,22402133,491194626,22.0,22.1,21.75,21.95,-0.05,4317
20121015,15583251,339309145,21.9,21.95,21.65,21.8,-0.15,3368
20121016,14646128,321671316,21.8,22.05,21.8,22.0,0.2,3685
20121017,27870713,610482673,22.1,22.1,21.7,21.9,-0.1,5441
20121018,18837252,414610655,21.9,22.15,21.8,22.15,0.25,3559
20121019,22593000,497589600,22.15,22.15,21.8,22.0,-0.15,3312
20121022,11419929,249999809,21.8,22.1,21.7,21.95,-0.05,2766
20121023,9540162,209537964,21.95,22.05,21.9,22.0,0.05,2436
20121024,17629021,384902949,21.75,22.0,21.7,21.8,-0.2,3547
20121025,10942339,239311339,21.95,22.0,21.75,21.75,-0.05,2812
20121026,24870191,531399764,21.8,21.8,21.1,21.1,-0.65,5060
20121029,15277511,322991146,21.05,21.3,21.0,21.15,0.05,3188
20121030,11704650,249689160,21.15,21.45,21.15,21.4,0.25,2692
20121031,17214033,364196711,21.4,21.4,21.0,21.25,-0.15,3309
20121101,16494090,344582602,21.0,21.1,20.75,21.05,-0.2,3761
20121102,15802670,338359000,21.3,21.6,21.3,21.6,0.55,4308
20121105,10076103,214895206,21.5,21.5,21.2,21.3,-0.3,3129
20121106,10159773,216011366,21.5,21.5,21.15,21.3,0.0,2893
20121107,14034601,301176798,21.4,21.6,21.3,21.5,0.2,3346
20121108,16435272,348686181,21.3,21.35,21.05,21.25,-0.25,4383
20121109,24650460,518665888,21.05,21.2,20.85,21.2,-0.05,6569
20121112,10603565,223896930,21.3,21.3,21.05,21.1,-0.1,3318
20121113,19174105,401238525,21.2,21.2,20.8,20.8,-0.3,5116
20121114,8566506,178207745,20.8,20.9,20.65,20.85,0.05,2581
20121115,12846441,265057601,20.8,20.8,20.5,20.5,-0.35,3681
20121116,12509052,259414402,20.7,20.85,20.6,20.8,0.3,3198
20121119,12908183,271530691,20.9,21.2,20.9,21.0,0.2,3877
20121120,14810209,315405862,21.3,21.4,21.15,21.4,0.4,3826
20121121,16553435,352835644,21.4,21.55,21.0,21.2,-0.2,4306
20121122,17502338,376131439,21.4,21.65,21.3,21.35,0.15,4360
20121123,30144733,657391746,21.65,21.9,21.55,21.9,0.55,7187
20121126,36336330,808286298,22.0,22.4,22.0,22.4,0.5,7164
20121127,18675087,417867492,22.4,22.5,22.2,22.4,0.0,5148
20121128,19957206,444908009,22.4,22.45,22.15,22.4,0.0,3506
20121129,29418023,663272851,22.5,22.65,22.45,22.55,0.15,5889
20121130,25938984,587326442,22.55,22.75,22.5,22.75,0.2,4801
20121203,15965139,363225297,22.7,22.9,22.55,22.75,0.0,4074
20121204,10468622,236602410,22.6,22.7,22.5,22.7,-0.05,3365
20121205,15035722,342665992,22.7,22.9,22.55,22.85,0.15,4434
20121206,15683253,358078822,22.85,22.9,22.65,22.9,0.05,3784
20121207,19229563,441050200,22.9,23.0,22.8,22.9,0.0,4169
20121210,19387680,440443912,22.9,23.0,22.5,22.5,-0.4,4716
20121211,30396542,676663263,22.5,22.55,22.1,22.2,-0.3,5925
20121212,41255548,937103065,22.5,22.95,22.4,22.9,0.7,9337
20121213,25414352,582486296,23.0,23.0,22.8,23.0,0.1,5798
20121214,17760095,406268182,22.8,23.0,22.75,23.0,0.0,4354
20121217,16092916,365170502,22.9,22.95,22.55,22.7,-0.3,3934
20121218,11743695,267653616,22.65,22.9,22.65,22.9,0.2,3181
20121219,33203255,764921333,23.0,23.2,22.8,22.9,0.0,6850
20121220,29570731,656264341,22.8,22.8,22.5,22.6,-0.3,4117
20121221,14129993,316419360,22.65,22.7,22.3,22.4,-0.2,3708
20121222,2449119,55023655,22.3,22.55,22.3,22.45,0.05,763
20121224,6153204,137874782,22.4,22.5,22.35,22.45,0.0,1680
20121225,6483595,146495524,22.3,22.75,22.3,22.75,0.3,2064
20121226,9735519,221587047,22.7,22.8,22.65,22.75,0.0,2464
20121227,20596521,463858891,22.75,22.75,22.35,22.5,-0.25,3749
20121228,14998191,340330034,22.75,22.8,22.55,22.6,0.1,3551
20130102,16092098,367339014,22.75,22.9,22.6,22.9,0.3,4799
20130103,27822690,641054020,23.0,23.1,22.9,23.1,0.2,6396
20130104,15478267,354702126,23.05,23.05,22.8,22.95,-0.15,2896
20130107,11328640,258211810,22.9,22.9,22.65,22.8,-0.15,2954
20130108,10091157,229963794,22.8,22.9,22.65,22.85,0.05,2623
20130109,22080876,504148116,22.85,23.0,22.7,22.9,0.05,5172
20130110,49489363,1149033786,23.0,23.4,22.9,23.4,0.5,9835
20130111,31052567,728286261,23.5,23.65,23.35,23.35,-0.05,5636
20130114,23309889,540401620,23.2,23.5,22.9,23.5,0.15,5388
20130115,17580613,410486862,23.5,23.5,23.15,23.3,-0.2,5201
20130116,19251753,448647119,23.4,23.5,23.1,23.1,-0.2,5976
20130117,19409775,447422888,23.2,23.3,22.8,22.8,-0.3,6128
20130118,13133557,304436784,23.15,23.3,23.05,23.2,0.4,3934
20130121,7245198,167063863,23.1,23.2,22.9,23.0,-0.2,2198
20130122,10708810,248144547,23.1,23.3,23.05,23.25,0.25,3598
20130123,6323620,146524163,23.25,23.25,23.1,23.25,0.0,1821
20130124,17139001,394080789,23.0,23.15,22.9,22.95,-0.3,3019
20130125,15691575,362489746,22.9,23.2,22.9,23.2,0.25,3568
20130128,27157692,638674111,23.35,23.6,23.35,23.6,0.4,7134
20130129,16926207,399655205,23.7,23.8,23.5,23.65,0.05,4702
20130130,23697912,562927483,23.8,23.8,23.65,23.7,0.05,7877
20130131,26760607,640264265,23.7,24.15,23.55,24.15,0.45,7214
20130201,12190817,293747034,24.15,24.2,24.0,24.15,0.0,4793
20130204,88368208,2241114978,24.3,25.8,24.3,25.6,1.45,17450
20130205,67166891,1708300653,25.3,25.75,25.0,25.2,-0.4,13196
20130206,52554778,1345829378,25.45,25.9,25.35,25.4,0.2,11162
20130218,30386194,773064530,25.8,25.8,25.15,25.2,-0.2,7069
20130219,22869883,571483934,25.1,25.2,24.85,25.0,-0.2,5776
20130220,38858187,985216201,25.35,25.55,25.15,25.35,0.35,7301
20130221,16342896,408695439,25.2,25.2,24.9,24.9,-0.45,3908
20130222,34995580,864304134,24.75,24.95,24.55,24.7,-0.2,7146
20130223,13890867,344222434,24.9,24.95,24.65,24.9,0.2,2844
20130225,34997877,857217603,24.9,24.9,24.4,24.4,-0.5,7703
20130226,28225603,687874014,24.15,24.6,24.15,24.4,0.0,6318
20130227,29608486,725606726,24.6,24.65,24.35,24.45,0.05,5204
20130301,22028772,546395463,24.5,24.95,24.5,24.95,0.5,5945
20130304,23224077,573305116,24.95,24.95,24.5,24.65,-0.3,5158
20130305,35312823,881952775,24.85,25.2,24.7,25.1,0.45,6508
20130306,23164419,582711748,25.45,25.45,24.9,24.95,-0.15,5339
20130307,16320468,408427507,24.9,25.15,24.9,25.0,0.05,3768
20130308,37152100,944923706,25.1,25.55,25.1,25.4,0.4,7875
20130311,34291254,872774532,25.4,25.6,25.3,25.4,0.0,7440
20130312,29562923,743847091,25.4,25.4,24.9,24.9,-0.5,6365
20130313,24494321,613515604,25.2,25.25,24.8,24.8,-0.1,6059
20130314,22041052,550198238,24.85,25.1,24.75,24.9,0.1,5816
20130315,27556367,692300849,25.0,25.3,24.75,25.25,0.35,5650
20130318,25416111,625963296,25.0,25.0,24.4,24.45,-0.8,5299
20130319,23416001,572944444,24.45,24.6,24.4,24.4,-0.05,4531
20130320,33915846,827037599,24.4,24.6,24.15,24.2,-0.2,6534
20130321,27525527,665912458,24.2,24.35,24.1,24.1,-0.1,4388
20130322,24272695,581705638,24.1,24.1,23.9,23.95,-0.15,4504
20130325,27269572,663896991,24.25,24.5,24.25,24.35,0.4,5322
20130326,13292753,322108796,24.35,24.35,24.15,24.15,-0.2,2614
20130327,12770776,310478368,24.4,24.4,24.25,24.35,0.2,3205
20130328,19776201,476883611,24.35,24.4,23.9,24.15,-0.2,3952
20130329,13500415,324987781,24.1,24.2,23.95,24.15,0.0,2813
20130401,10806619,260942806,24.2,24.25,24.0,24.0,-0.15,2518
20130402,16079740,385273979,23.95,24.1,23.75,23.95,-0.05,4559
20130403,20010072,481640746,24.2,24.2,24.0,24.15,0.2,3536
20130408,42219321,987675285,23.6,23.6,23.25,23.25,-0.9,6986
20130409,23286966,548009458,23.5,23.8,23.35,23.55,0.3,4861
20130410,21181887,497174512,23.55,23.6,23.35,23.6,0.05,3569
20130411,24601216,577681546,23.55,23.65,23.4,23.55,-0.05,3605
20130412,12916654,302238782,23.55,23.6,23.3,23.4,-0.15,2484
20130415,22310124,516582468,23.3,23.4,22.95,23.2,-0.2,3683
20130416,27125403,622667869,23.05,23.1,22.85,22.95,-0.25,4335
20130417,40365357,918049463,23.0,23.0,22.55,22.7,-0.25,8212
20130418,17931536,408237192,22.65,22.95,22.55,22.75,0.05,5105
20130419,21244544,489084662,22.8,23.15,22.75,23.1,0.35,5300
20130422,15382923,357685839,23.2,23.4,23.15,23.25,0.15,4356
20130423,27517744,630195105,23.0,23.2,22.75,23.2,-0.05,5355
20130424,28506464,661815741,23.0,23.45,23.0,23.35,0.15,5771
20130425,26655130,619405151,23.3,23.35,23.15,23.25,-0.1,3860
20130426,34554994,798066269,23.2,23.3,22.9,22.9,-0.35,6888
20130429,39086627,886355739,22.9,22.95,22.55,22.7,-0.2,7710
20130430,30900696,707062087,22.8,23.0,22.75,22.75,0.05,6711
20130502,32299591,746822254,23.0,23.3,22.9,23.2,0.45,6573
20130503,29060257,681250823,23.35,23.55,23.3,23.4,0.2,5225
20130506,26315767,619165843,23.55,23.65,23.35,23.6,0.2,5814
20130507,25624961,602725656,23.55,23.6,23.4,23.5,-0.1,5459
20130508,37272515,882924611,23.6,23.85,23.5,23.5,0.0,6060
20130509,22152198,525305412,23.7,23.85,23.55,23.55,0.05,4227
20130510,14786237,348350054,23.55,23.7,23.4,23.4,-0.15,4088
20130513,12524621,293674251,23.6,23.6,23.3,23.3,-0.1,2702
20130514,13111243,307544613,23.5,23.6,23.3,23.35,0.05,3802
20130515,20806044,491053897,23.4,23.7,23.4,23.65,0.3,3741
20130516,36081864,872966303,23.8,24.45,23.8,24.3,0.65,8280
20130517,19435011,473966560,24.3,24.5,24.2,24.2,-0.1,4456
20130520,28334846,692094440,24.2,24.6,24.0,24.5,0.3,6479
20130521,20448423,498831298,24.5,24.55,24.25,24.3,-0.2,4217
20130522,19336390,470401805,24.3,24.4,24.25,24.25,-0.05,3223
20130523,31053455,741351801,24.25,24.3,23.6,23.75,-0.5,7096
20130524,23348845,552200604,23.75,23.8,23.5,23.55,-0.2,4349
20130527,16869028,402533024,23.5,24.0,23.45,23.95,0.4,3843
20130528,23528007,564563432,23.8,24.1,23.8,24.0,0.05,3756
20130529,20953870,502344453,24.1,24.15,23.85,24.0,0.0,3559
20130530,23580803,560379410,23.85,23.95,23.6,23.7,-0.3,4653
20130531,52906629,1265198346,23.95,24.1,23.65,24.1,0.4,6530
20130603,13929029,331499807,23.8,23.9,23.7,23.75,-0.35,4036
20130604,17796284,418686822,23.75,23.8,23.4,23.4,-0.35,4641
20130605,22030623,513618377,23.4,23.45,23.2,23.2,-0.2,4400
20130606,21143620,487269310,23.1,23.2,22.9,22.9,-0.3,5879
20130607,18628509,427689507,22.9,23.1,22.8,22.95,0.05,4428
20130610,14422422,335805307,23.05,23.45,23.0,23.4,0.45,3320
20130611,18412106,428980928,23.3,23.4,23.2,23.2,-0.2,3583
20130613,20739288,474170688,23.0,23.1,22.7,22.7,-0.5,5937
20130614,15535717,352407640,22.7,22.8,22.6,22.6,-0.1,3790
20130617,8736084,198477228,22.7,22.8,22.6,22.65,0.05,2597
20130618,15612109,354118641,22.75,22.8,22.6,22.65,0.0,3459
20130619,18317670,415504787,22.7,22.85,22.6,22.65,0.0,5032
20130620,18892100,426896287,22.6,22.75,22.45,22.7,0.05,4954
20130621,55394157,1241212234,22.5,22.8,22.05,22.8,0.1,9702
20130624,31809875,710299877,22.6,22.6,22.25,22.25,-0.55,7521
20130625,28277548,629074656,22.2,22.5,22.05,22.1,-0.15,5259
20130626,32143981,712196798,22.35,22.35,22.0,22.1,0.0,5190
20130627,19396999,434713903,22.25,22.5,22.25,22.4,0.3,3342
20130628,20772798,470793268,22.45,22.8,22.4,22.75,0.35,4031
20130701,14621390,335300255,22.75,23.1,22.55,23.0,0.25,3368
20130702,12490627,287559478,23.1,23.15,22.8,23.0,0.0,3037
20130703,17910352,409376887,23.0,23.05,22.6,23.0,0.0,4004
20130704,24533178,570041872,22.85,23.45,22.8,23.4,0.4,4392
20130705,15497928,364316299,23.6,23.6,23.3,23.3,-0.1,3389
20130708,13269839,307167459,23.2,23.3,22.95,23.15,-0.15,3290
20130709,23177239,545676132,23.2,23.7,23.15,23.65,0.5,5129
20130710,68276337,1655684139,23.85,24.5,23.85,24.3,0.65,13449
20130711,57676119,1422063214,24.35,24.8,24.3,24.75,0.45,9051
20130712,28433000,704873450,24.75,24.85,24.6,24.85,0.1,6767
20130715,19899074,490464963,24.4,24.85,24.4,24.85,0.0,3657
20130716,19218596,473678032,24.8,24.85,24.5,24.75,-0.1,4532
20130717,32050024,795459950,24.75,25.2,24.3,25.1,0.35,6299
20130718,27387672,684983495,25.0,25.1,24.85,25.0,-0.1,4832
20130719,20865675,520093714,25.0,25.1,24.75,24.95,-0.05,4542
20130722,20158783,505719902,25.0,25.2,25.0,25.0,0.05,3397
20130723,45400348,1142736200,25.15,25.45,24.8,25.15,0.15,6669
20130724,25532745,638708275,25.15,25.2,24.9,25.15,0.0,3215
20130725,23045817,575496778,25.0,25.15,24.85,24.95,-0.2,4198
20130726,22057207,552442602,25.0,25.2,24.9,25.0,0.05,5119
20130729,10692038,267016256,24.9,25.05,24.85,25.0,0.0,2149
20130730,33622743,852548902,25.2,25.45,25.15,25.45,0.45,7620
20130731,17560617,442702425,25.45,25.45,25.05,25.05,-0.4,3385
20130801,23139833,584499125,25.1,25.45,24.95,25.35,0.3,4247
20130802,26039091,665346411,25.45,25.65,25.4,25.65,0.3,4651
20130805,50357753,1292386416,25.65,25.85,25.45,25.7,0.05,4368
20130806,58742050,1483105767,25.65,25.65,25.2,25.25,-0.45,4532
20130807,24522352,616152300,25.0,25.4,24.85,25.1,-0.15,4636
20130808,54842500,1366609879,24.95,25.2,24.85,25.1,0.0,4709
20130809,55776989,1383761230,25.1,25.1,24.65,24.95,-0.15,4246
20130812,39682748,985271737,24.8,24.95,24.75,24.8,-0.15,5527
20130813,75309008,1775335338,23.9,23.95,23.2,23.3,,7686
20130814,58967767,1364845738,23.3,23.3,23.0,23.2,-0.1,4148
20130815,61733259,1421709012,23.0,23.2,22.9,23.0,-0.2,4542
20130816,51821686,1194712794,23.0,23.3,22.9,23.2,0.2,2937
20130819,15965520,368219574,23.2,23.2,23.0,23.05,-0.15,2719
20130820,17116980,394262390,23.0,23.2,22.95,23.0,-0.05,3246
20130822,42886874,983065559,23.0,23.05,22.8,22.95,-0.05,6400
20130823,23392971,537223347,23.05,23.05,22.9,22.95,0.0,4080
20130826,17035815,391557908,23.0,23.05,22.9,23.0,0.05,2563
20130827,17761084,408744874,23.0,23.1,22.95,23.0,0.0,3338
20130828,26594605,603642003,22.9,23.0,22.5,22.65,-0.35,5839
20130829,22774717,516798240,22.75,22.85,22.65,22.65,0.0,5283
20130830,15707153,357475056,22.85,22.85,22.7,22.85,0.2,2872
20130902,10362680,236426629,22.85,22.85,22.75,22.8,-0.05,3165
20130903,24903168,576862091,23.3,23.35,23.05,23.2,0.4,4284
20130904,28199536,657606626,23.2,23.6,23.1,23.6,0.4,5311
20130905,40474946,948960589,23.6,23.6,23.35,23.45,-0.15,5912
20130906,18478429,431227806,23.45,23.45,23.25,23.35,-0.1,3562
20130909,17984685,417829951,23.35,23.4,23.15,23.2,-0.15,3863
20130910,40946895,958615996,23.35,23.55,23.2,23.55,0.35,7883
20130911,28713009,673028953,23.55,23.55,23.3,23.4,-0.15,4533
20130912,16712481,392486765,23.4,23.55,23.35,23.55,0.15,3756
20130913,13157731,309472523,23.55,23.6,23.4,23.55,0.0,3033
20130914,4705952,110595604,23.5,23.6,23.4,23.45,-0.1,1435
20130916,30976805,738722430,23.55,24.0,23.55,23.95,0.5,6644
20130917,21696153,520849172,23.9,24.15,23.85,24.1,0.15,3521
20130918,21614019,523092719,24.2,24.3,24.1,24.1,0.0,5013
20130923,40589837,996944578,24.1,24.75,24.1,24.7,0.6,6817
20130924,37143336,914047771,24.65,24.75,24.35,24.75,0.05,5972
20130925,33609835,827247820,24.45,24.8,24.25,24.8,0.05,5861
20130926,21582342,525540245,24.7,24.7,24.2,24.2,-0.6,5631
20130927,16652755,408075616,24.25,24.6,24.2,24.6,0.4,5377
20130930,16293484,396416682,24.4,24.5,24.25,24.25,-0.35,3310
20131001,15182352,370796513,24.3,24.55,24.25,24.4,0.15,3179
20131002,18484150,445249622,24.3,24.4,23.95,23.95,-0.45,4155
20131003,30470712,747573891,24.05,24.85,24.05,24.7,0.75,7121
20131004,20206355,501509506,24.55,24.95,24.55,24.85,0.15,5454
20131007,15982821,397008064,24.8,25.0,24.65,24.9,0.05,2831
20131008,17777450,444715451,24.9,25.1,24.8,25.1,0.2,4138
20131009,20208796,507116950,25.0,25.2,24.95,25.15,0.05,4474
20131011,18535327,467578075,25.3,25.4,25.05,25.1,-0.05,4159
20131014,14711671,369573797,24.95,25.25,24.95,25.1,0.0,3071
20131015,18088478,456806892,25.1,25.35,25.1,25.35,0.25,4734
20131016,15122767,382164895,25.3,25.4,25.1,25.2,-0.15,4470
20131017,10178562,255617424,25.2,25.3,25.0,25.0,-0.2,2651
20131018,9980723,249756475,25.0,25.15,24.85,25.15,0.15,3382
20131021,21769192,539363411,25.0,25.15,24.5,24.7,-0.45,5236
20131022,13204547,326263320,24.6,24.8,24.5,24.7,0.0,4078
20131023,10734077,266504426,24.75,24.95,24.75,24.85,0.15,3227
20131024,12543689,311581065,24.7,24.95,24.65,24.95,0.1,4021
20131025,17306662,431136237,24.8,25.0,24.75,24.9,-0.05,3935
20131028,25756277,646304629,24.9,25.3,24.7,25.3,0.4,5703
20131029,30434519,758272289,25.0,25.1,24.7,24.85,,5759
20131030,10324337,257905610,24.9,25.1,24.75,25.1,0.25,2328
20131031,20850210,525964730,24.9,25.4,24.9,25.4,0.3,3873
20131101,16806068,419364160,25.3,25.3,24.7,24.95,-0.45,4879
20131104,10997852,271067511,24.75,24.8,24.55,24.55,-0.4,3117
20131105,9116689,223442184,24.55,24.7,24.4,24.5,-0.05,1955
20131106,11625561,282608965,24.5,24.5,24.15,24.3,-0.2,2704
20131107,13962625,337933898,24.3,24.3,24.1,24.15,-0.15,2705
20131108,10909408,264283390,24.1,24.35,24.1,24.2,0.05,2314
20131111,11684632,280427692,24.2,24.2,23.75,23.85,-0.35,3143
20131112,12034646,290764531,24.0,24.3,23.95,24.3,0.45,3489
20131113,15546156,372505577,24.4,24.4,23.8,23.95,-0.35,3656
20131114,11394636,272600027,24.0,24.05,23.75,23.95,0.0,3623
20131115,10018254,239741754,23.95,24.05,23.8,23.8,-0.15,2795
20131118,11057816,264177338,23.8,24.05,23.75,23.75,-0.05,3558
20131119,10480085,249855434,23.75,23.9,23.75,23.8,0.05,3202
20131120,14622796,352108054,23.8,24.2,23.75,24.1,0.3,4056
20131121,14523188,345726549,24.0,24.0,23.7,23.7,-0.4,4371
20131122,8746079,208555856,23.7,24.0,23.7,24.0,0.3,2911
20131125,24474996,598120452,24.25,24.65,24.2,24.2,0.2,5827
20131126,21568103,527472555,24.35,24.6,24.25,24.55,0.35,4215
20131127,11519230,282992316,24.5,24.65,24.4,24.55,0.0,3564
20131128,14385825,354903845,24.5,24.8,24.45,24.65,0.1,3646
20131129,14798997,367001064,24.65,24.85,24.6,24.85,0.2,3353
20131202,11275771,279392924,24.85,24.85,24.6,24.7,-0.15,2743
20131203,14989134,371133679,24.7,24.9,24.55,24.55,-0.15,3652
20131204,12051451,294770615,24.5,24.55,24.35,24.45,-0.1,3442
20131205,16415083,402758259,24.4,24.75,24.35,24.55,0.1,4565
20131206,14082462,344611760,24.45,24.6,24.3,24.3,-0.25,3439
20131209,13726188,337585007,24.4,24.7,24.4,24.65,0.35,4378
20131210,20799957,516852001,24.55,24.95,24.5,24.95,0.3,4984
20131211,30727810,773655441,24.95,25.3,24.9,25.25,0.3,9337
20131212,13921887,349400095,25.2,25.2,25.0,25.0,-0.25,4086
20131213,14002506,351668802,24.9,25.25,24.85,25.25,0.25,3459
20131216,19712120,495699770,25.0,25.3,24.7,25.2,-0.05,4398
20131217,18742768,472606957,25.0,25.35,25.0,25.0,-0.2,2532
20131218,20192954,500473348,25.0,25.05,24.65,24.7,-0.3,5367
20131219,85688720,2095016432,24.4,24.6,24.25,24.5,-0.2,29181
20131220,24835770,608368880,24.45,24.6,24.4,24.5,0.0,6538
20131223,25382891,627675019,24.5,24.9,24.5,24.8,0.3,6965
20131224,13212198,327471758,24.8,24.9,24.7,24.75,-0.05,2736
20131225,11006938,273127366,24.75,24.9,24.7,24.8,0.05,2687
20131226,12172006,302933906,24.75,24.95,24.75,24.9,0.1,2808
20131227,19890277,496206281,24.85,25.0,24.8,24.9,0.0,4475
20131230,20304667,509546075,25.0,25.15,24.95,25.15,0.25,6158
20131231,17407861,438254275,25.2,25.3,25.1,25.1,-0.05,4356
20140102,22841045,578672414,25.0,25.45,25.0,25.25,0.15,4900
20140103,19045806,478605650,25.15,25.3,25.0,25.0,-0.25,4703
20140106,14936565,371830231,24.9,25.0,24.8,24.85,-0.15,3457
20140107,21469945,532192822,24.85,24.95,24.7,24.7,-0.15,4405
20140108,16414396,408516155,24.7,25.0,24.7,24.85,0.15,3102
20140109,35311903,870401462,24.7,24.9,24.5,24.6,-0.25,5503
20140110,17374859,427315868,24.7,24.75,24.5,24.6,0.0,3719
20140113,21319730,527715617,24.7,24.85,24.65,24.65,0.05,3436
20140114,15052811,370851762,24.6,24.7,24.55,24.65,0.0,2224
20140115,23764109,590181570,24.65,24.95,24.65,24.8,0.15,3950
20140116,17539495,436861521,24.95,25.0,24.85,24.85,0.05,2942
20140117,11397985,281693620,24.75,24.8,24.65,24.7,-0.15,2366
20140120,13279801,330053125,24.7,24.95,24.65,24.85,0.15,2942
20140121,22096679,546563563,24.85,24.85,24.65,24.7,-0.15,3131
20140122,13253601,328232773,24.7,24.85,24.65,24.85,0.15,2394
20140123,20338968,504173370,24.9,24.9,24.7,24.75,-0.1,2929
20140124,25059774,616997888,24.7,24.75,24.55,24.7,-0.05,5227
20140127,43894793,1068938787,24.45,24.45,24.25,24.45,-0.25,7893
20140205,53080022,1275771944,24.0,24.2,23.9,24.0,-0.45,10792
20140206,34414985,831149999,23.95,24.3,23.9,24.05,0.05,7615
20140207,14404454,349164105,24.2,24.35,24.1,24.35,0.3,3347
20140210,12247493,298109043,24.35,24.45,24.2,24.2,-0.15,4032
20140211,9648331,234339885,24.2,24.35,24.2,24.25,0.05,2454
20140212,23551496,570949733,24.35,24.45,24.15,24.25,0.0,5043
20140213,18502854,447148742,24.3,24.3,24.05,24.1,-0.15,3852
20140214,30647689,738820857,24.15,24.3,24.0,24.05,-0.05,5623
20140217,15709484,376891666,24.05,24.15,23.95,23.95,-0.1,3418
20140218,23809246,572504130,24.0,24.2,23.9,24.15,0.2,4211
20140219,24415456,585481694,24.1,24.1,23.85,24.0,-0.15,4323
20140220,27609699,659236343,23.9,24.0,23.8,23.8,-0.2,3861
20140221,34306741,827877480,24.0,24.25,23.95,24.25,0.45,5568
20140224,21518872,515688828,24.1,24.15,23.85,24.0,-0.25,5772
20140225,67709315,1622650744,24.0,24.1,23.85,24.0,0.0,4818
20140226,34121527,820576235,24.0,24.15,23.95,24.15,0.15,4627
20140227,22957845,554232503,24.15,24.25,24.05,24.2,0.05,3581
20140303,31123133,742374377,24.1,24.15,23.7,23.9,-0.3,5556
20140304,14846698,352518692,23.7,23.85,23.7,23.7,-0.2,3467
20140305,15029709,357351891,23.8,23.9,23.7,23.7,0.0,5413
20140306,21177575,504122483,23.85,23.95,23.7,23.85,0.15,5707
20140307,17559638,423298562,24.0,24.2,23.9,24.2,0.35,4199
20140310,17219271,412171090,24.0,24.1,23.9,23.9,-0.3,2831
20140311,15643459,372282359,23.9,23.95,23.75,23.75,-0.15,3898
20140312,25031139,591850735,23.7,23.75,23.55,23.6,-0.15,5732
20140313,45809224,1076689591,23.6,23.8,23.35,23.35,-0.25,9744
20140314,26485650,615243384,23.3,23.35,23.15,23.15,-0.2,6537
20140317,30338359,697172547,23.15,23.15,22.9,23.15,0.0,6075
20140318,23736287,555621473,23.15,23.6,23.15,23.45,0.3,5178
20140319,14938742,347460962,23.4,23.4,23.2,23.25,-0.2,3509
20140320,31959275,733361511,23.15,23.15,22.9,22.9,-0.35,6960
20140321,39703389,906293571,22.9,22.95,22.75,22.75,-0.15,7025
20140324,31534868,715754305,22.75,22.95,22.6,22.8,0.05,6680
20140325,21783799,501361277,22.8,23.15,22.75,23.0,0.2,5558
20140326,21896441,506762394,23.05,23.3,23.0,23.1,0.1,4357
20140327,18484005,427213976,23.0,23.25,23.0,23.05,-0.05,4229
20140328,15454598,358851957,23.0,23.35,23.0,23.35,0.3,3807
20140331,23707261,554518362,23.2,23.6,23.1,23.6,0.25,4612
20140401,20220510,472300748,23.35,23.45,23.25,23.4,-0.2,5264
20140402,22915095,535867394,23.35,23.5,23.3,23.4,0.0,5131
20140403,13240066,309664357,23.4,23.5,23.3,23.4,0.0,3928
20140407,19506021,454365753,23.35,23.45,23.15,23.35,-0.05,4799
20140408,12883416,301850208,23.4,23.5,23.35,23.45,0.1,3371
20140409,18901467,446491138,23.5,23.7,23.45,23.7,0.25,5676
20140410,16971022,403207236,23.75,23.85,23.65,23.85,0.15,5854
20140411,16506523,392467588,23.7,23.85,23.65,23.85,0.0,3340
20140414,19878342,473018585,23.85,23.9,23.75,23.75,-0.1,4487
20140415,20050847,476755575,23.75,23.85,23.7,23.8,0.05,5755
20140416,26330245,626352158,23.8,23.9,23.7,23.7,-0.1,5060
20140417,18233921,434332832,23.7,23.9,23.7,23.8,0.1,3322
20140418,13586849,323914233,23.8,23.9,23.75,23.85,0.05,3522
20140421,10638569,252354044,23.7,23.8,23.65,23.7,-0.15,1848
20140422,12222958,288783470,23.7,23.7,23.55,23.55,-0.15,3594
20140423,15261589,359404755,23.55,23.65,23.45,23.45,-0.1,4230
20140424,14715065,345487857,23.45,23.6,23.4,23.6,0.15,4841
20140425,21526318,500659814,23.4,23.45,23.1,23.1,-0.5,4696
20140428,15692652,362365912,23.0,23.2,22.95,23.15,0.05,3359
20140429,9908976,229180092,23.15,23.2,23.05,23.15,0.0,2088
20140430,15712369,363051396,23.15,23.15,23.05,23.1,-0.05,2210
20140502,10123929,234872026,23.1,23.3,23.05,23.25,0.15,2392
20140505,8606925,199093023,23.25,23.25,23.1,23.1,-0.15,2217
20140506,18046552,419297403,23.1,23.5,23.0,23.45,0.35,3686
20140507,14001498,327076183,23.35,23.6,23.2,23.6,0.15,3589
20140508,19061215,450636923,23.6,23.75,23.35,23.6,0.0,4546
20140509,12841620,302657743,23.55,23.65,23.5,23.5,-0.1,3690
20140512,13245512,309918748,23.5,23.55,23.2,23.2,-0.3,2834
20140513,12295337,288773106,23.25,23.55,23.25,23.5,0.3,3546
20140514,18523982,435691811,23.55,23.6,23.4,23.6,0.1,4110
20140515,14558736,344306463,23.5,23.75,23.4,23.75,0.15,4165
20140516,10231369,241834095,23.65,23.75,23.5,23.75,0.0,2503
20140519,11499135,272774005,23.65,23.8,23.6,23.8,0.05,3097
20140520,14341772,339647659,23.8,23.85,23.5,23.5,-0.3,3503
20140521,16963413,397622906,23.5,23.55,23.3,23.4,-0.1,4028
20140522,17208024,408461454,23.45,23.85,23.45,23.8,0.4,5952
20140523,24806650,596130906,23.7,24.2,23.7,24.15,0.35,6955
20140526,19219192,467677241,24.2,24.45,24.15,24.35,0.2,4922
20140527,15395962,375969512,24.4,24.5,24.25,24.5,0.15,3738
20140528,33309888,823601657,24.5,24.85,24.5,24.85,0.35,8714
20140529,22865422,566720828,24.85,24.9,24.6,24.65,-0.2,6403
20140530,49376546,1230024391,24.65,25.05,24.6,25.05,0.4,5760
20140603,31058495,769150751,25.0,25.0,24.6,24.8,-0.25,7166
20140604,24322525,603825755,24.6,24.95,24.5,24.8,0.0,7355
20140605,24586176,609646543,24.6,24.95,24.55,24.8,0.0,7504
20140606,16140651,400987123,24.8,24.9,24.75,24.8,0.0,4133
20140609,10119378,251138594,24.8,24.85,24.75,24.85,0.05,2546
20140610,21974437,547953499,24.85,25.0,24.8,25.0,0.15,4125
20140611,13831541,344002228,24.85,25.0,24.75,24.9,-0.1,2910
20140612,13306697,330061026,24.9,24.95,24.65,24.95,0.05,4113
20140613,6725715,166888141,24.8,24.9,24.75,24.85,-0.1,2818
20140616,17182993,427024680,24.85,24.95,24.7,24.9,0.05,3771
20140617,26003646,643578336,24.9,24.9,24.65,24.75,-0.15,4740
20140618,26336122,651576309,24.8,24.85,24.65,24.8,0.05,4452
20140619,28657136,707937498,24.8,24.8,24.6,24.8,0.0,4782
20140620,61110375,1507428657,24.75,24.9,24.6,24.6,-0.2,6067
20140623,14556282,359390762,24.6,24.8,24.55,24.6,0.0,3124
20140624,12225828,302851775,24.6,24.85,24.6,24.8,0.2,3084
20140625,20225079,499924154,24.8,24.85,24.6,24.85,0.05,4207
20140626,19120084,476417823,24.85,25.0,24.75,25.0,0.15,3553
20140627,11372892,283696717,25.0,25.0,24.9,24.95,-0.05,2497
20140630,22641555,563528137,24.95,25.0,24.75,24.85,-0.1,3518
20140701,17935464,447357015,25.0,25.0,24.85,25.0,0.15,2882
20140702,26411240,656771361,25.0,25.05,24.65,24.8,-0.2,3620
20140703,15395995,380414823,24.85,24.85,24.65,24.65,-0.15,3145
20140704,16737669,411842912,24.7,24.8,24.5,24.65,0.0,4160
20140707,14284581,351812350,24.65,24.75,24.55,24.75,0.1,2076
20140708,23907785,597795875,24.75,25.15,24.7,25.1,0.35,5597
20140709,12244671,307119975,25.1,25.15,25.0,25.1,0.0,2838
20140710,31726714,802734725,25.2,25.4,25.2,25.4,0.3,7211
20140711,20294248,514019004,25.4,25.4,25.25,25.35,-0.05,3922
20140714,23909923,607447645,25.3,25.55,25.15,25.35,0.0,4887
20140715,38937685,1010740789,25.5,26.3,25.45,26.05,0.7,7930
20140716,36886024,963005274,26.05,26.25,26.0,26.15,0.1,7682
20140717,19949572,520194183,26.15,26.2,25.9,26.1,-0.05,4631
20140718,20310698,528452948,26.05,26.1,25.9,26.1,0.0,4644
20140721,8424672,220103371,26.2,26.3,26.0,26.2,0.1,2261
20140722,19422154,509801112,26.2,26.3,26.1,26.3,0.1,5523
20140724,17840647,471481643,26.35,26.5,26.3,26.5,0.2,4866
20140725,22715168,604455694,26.6,26.75,26.4,26.6,0.1,4824
20140728,15952075,424908964,26.6,26.8,26.45,26.8,0.2,4426
20140729,22944549,610328700,26.85,27.0,26.2,26.5,-0.3,6521
20140730,14764468,389538598,26.5,26.6,26.25,26.4,-0.1,3890
20140731,19735744,518966543,26.45,26.45,26.1,26.45,0.05,3480
20140801,19676939,509809726,26.0,26.2,25.8,25.9,-0.55,5418
20140804,18395614,475625257,25.75,26.05,25.5,26.05,0.15,4332
20140805,36462931,925922857,25.8,25.8,25.05,25.3,-0.75,8411
20140806,56459710,1447398978,25.2,25.95,25.2,25.95,0.65,4245
20140807,46414642,1203337965,26.0,26.1,25.9,26.1,0.15,3779
20140808,49614104,1283625350,26.05,26.1,25.7,26.0,-0.1,3336
20140811,49273019,1286247435,26.2,26.4,26.1,26.35,0.35,2978
20140812,30789749,808210383,26.35,26.4,26.05,26.25,-0.1,4462
20140813,54620642,1379599872,25.2,25.45,25.2,25.45,,4515
20140814,43336797,1093039200,25.45,25.5,25.15,25.15,-0.3,3059
20140815,42022185,1051112825,25.25,25.3,24.95,25.0,-0.15,2478
20140818,47231697,1175999620,25.0,25.1,24.8,24.85,-0.15,2210
20140819,13002745,326262275,25.1,25.25,25.0,25.1,0.25,3375
20140820,16995178,429667162,25.1,25.4,25.1,25.3,0.2,4847
20140821,19489883,497139394,25.45,25.7,25.3,25.55,0.25,3727
20140822,46285687,1204999612,25.5,26.25,25.45,26.1,0.55,8099
20140825,28964255,750550816,26.35,26.35,25.65,25.75,-0.35,5186
20140826,20287608,525763278,25.95,26.05,25.8,26.0,0.25,4408
20140827,35377774,921517705,26.1,26.2,25.8,26.2,0.2,7056
20140828,20463411,528932506,26.2,26.2,25.75,25.9,-0.3,5334
20140829,20041923,516538296,25.85,25.9,25.65,25.8,-0.1,4547
20140901,13079402,339604989,25.95,26.05,25.9,26.0,0.2,3045
20140902,7991593,205905109,25.9,26.0,25.6,25.65,-0.35,2335
20140903,16277111,420709521,25.8,25.95,25.7,25.95,0.3,3367
20140904,11396346,295248029,25.95,26.0,25.8,26.0,0.05,2040
20140905,15035216,387525521,26.0,26.0,25.65,25.65,-0.35,3878
20140909,17133858,441035625,25.9,25.9,25.6,25.7,0.05,2898
20140910,14529006,370992059,25.7,25.75,25.35,25.65,-0.05,3855
20140911,11742577,299472833,25.7,25.7,25.45,25.45,-0.2,4526
20140912,16956078,429227096,25.45,25.45,25.25,25.4,-0.05,2961
20140915,21154557,540119130,25.4,25.7,25.25,25.7,0.3,3647
20140916,12330335,312988332,25.75,25.75,25.25,25.25,-0.45,3083
20140917,18500916,468248099,25.35,25.55,25.1,25.1,-0.15,4595
20140918,12132288,305101122,25.2,25.25,25.05,25.2,0.1,2540
20140919,17649396,442444522,25.2,25.25,25.0,25.05,-0.15,4189
20140922,18465260,462396875,25.0,25.2,24.95,25.2,0.15,3389
20140923,15185666,380748937,25.2,25.2,25.0,25.1,-0.1,2309
20140924,12705830,317475400,25.15,25.25,24.85,24.95,-0.15,3094
20140925,14151406,352378445,25.1,25.15,24.75,24.75,-0.2,2939
20140926,13016475,325192816,24.7,25.2,24.55,25.1,0.35,3001
20140929,24954856,620868100,25.1,25.15,24.8,24.8,-0.3,4845
20140930,17479096,434025211,24.9,25.0,24.7,24.95,0.15,3676
20141001,13819290,342667218,24.95,24.95,24.65,24.75,-0.2,2881
20141002,13120073,322880730,24.95,24.95,24.5,24.6,-0.15,3837
20141003,10437478,259391800,24.7,25.05,24.6,25.05,0.45,3127
20141006,14168572,352826567,25.0,25.05,24.8,24.85,-0.2,2862
20141007,13107830,326084719,24.85,25.0,24.75,24.9,0.05,2840
20141008,19026548,477706703,24.9,25.25,24.85,25.15,0.25,4046
20141009,19223662,486240541,25.3,25.45,25.15,25.3,0.15,4485
20141013,14301233,354723332,25.0,25.05,24.65,24.65,-0.65,3875
20141014,13339161,329160058,24.65,24.8,24.55,24.75,0.1,2283
20141015,17594814,431829057,24.75,24.75,24.45,24.5,-0.25,3400
20141016,15896863,388065039,24.25,24.6,24.2,24.3,-0.2,3941
20141017,18841797,453885828,24.5,24.5,23.9,23.9,-0.4,5455
20141020,11324547,273678206,24.1,24.3,24.05,24.2,0.3,2883
20141021,10210076,246616715,24.1,24.25,24.05,24.15,-0.05,2244
20141022,21295826,515848363,24.3,24.35,24.15,24.25,0.1,3095
20141023,13309909,323996963,24.15,24.5,24.15,24.4,0.15,2319
20141024,8149467,197798829,24.35,24.4,24.15,24.35,-0.05,1877
20141027,9501038,233604807,24.4,24.75,24.35,24.75,0.4,2602
20141028,15447114,385577010,24.9,25.05,24.85,24.95,0.2,4822
20141029,17504375,439418375,25.15,25.2,24.95,25.1,0.15,3554
20141030,10094210,251731451,25.0,25.05,24.8,25.0,-0.1,2227
20141031,13471950,338075811,25.2,25.25,24.9,25.2,0.2,2501
20141103,6951574,173709764,25.2,25.2,24.9,25.0,-0.2,1977
20141104,10723862,269313718,25.1,25.3,24.95,25.0,0.0,4453
20141105,9369661,234701225,25.05,25.2,24.95,25.1,0.1,2929
20141106,7854668,196174318,25.2,25.2,24.8,24.85,-0.25,3574
20141107,7892226,195922920,24.85,24.95,24.7,24.75,-0.1,1705
20141110,18069799,455307603,24.75,25.3,24.75,25.3,0.55,5015
20141111,6513509,164344392,25.3,25.35,25.1,25.2,-0.1,2108
20141112,7921439,198451825,25.2,25.2,24.85,25.1,-0.1,2506
20141113,7864860,197036545,25.1,25.15,24.9,25.15,0.05,2583
20141114,10564413,264762862,25.0,25.15,24.9,25.15,0.0,2077
20141117,11101448,274801434,25.0,25.1,24.65,24.7,-0.45,3448
20141118,10907718,271668247,24.9,25.0,24.75,25.0,0.3,4118
20141119,18859686,473301710,25.1,25.2,24.85,25.1,0.1,3543
20141120,14173058,354249903,24.9,25.15,24.85,24.9,-0.2,3151
20141121,14371747,360258956,24.95,25.15,24.9,25.05,0.15,2186
20141124,6994528,175680800,25.15,25.15,25.0,25.15,0.1,1942
20141125,14003654,350072737,25.05,25.05,24.95,25.0,-0.15,4320
20141126,10151049,252783028,25.1,25.1,24.8,25.0,0.0,3468
20141127,11158529,280435375,25.0,25.25,24.95,25.1,0.1,3179
20141128,10648386,267456927,25.15,25.2,25.0,25.2,0.1,2075
20141201,29438413,726165430,24.8,24.9,24.5,24.55,-0.65,7490
20141202,44341685,1061979184,24.5,24.55,23.7,23.8,-0.75,11904
20141203,46756552,1114268125,23.8,24.0,23.6,23.9,0.1,10382
20141204,33533839,817438700,24.05,24.55,24.05,24.45,0.55,7930
20141205,7360718,179711188,24.45,24.5,24.3,24.45,0.0,2070
20141208,16527796,400778431,24.55,24.55,24.15,24.2,-0.25,7372
20141209,26514079,645755245,24.2,24.45,24.2,24.35,0.15,7989
20141210,23830478,572219122,24.2,24.25,23.9,24.0,-0.35,5473
20141211,9873955,237258870,24.0,24.2,23.8,24.0,0.0,3485
20141212,8519461,204880219,24.2,24.2,23.9,24.15,0.15,2494
20141215,15229034,364130916,24.0,24.0,23.85,23.95,-0.2,3569
20141216,9949599,238788515,24.05,24.1,23.85,23.95,0.0,3132
20141217,19788816,472016347,24.1,24.1,23.75,23.75,-0.2,5089
20141218,14809729,353001245,23.9,23.95,23.8,23.85,0.1,3990
20141219,21572645,516583338,23.95,24.1,23.85,24.0,0.15,3825
20141222,8901933,214717910,24.0,24.2,23.9,24.1,0.1,3185
20141223,8571941,207414053,24.15,24.25,24.05,24.25,0.15,2391
20141224,8304794,201498530,24.25,24.35,24.15,24.3,0.05,2613
20141225,3190969,77453277,24.3,24.35,24.15,24.25,-0.05,1225
20141226,3901324,94724282,24.25,24.35,24.2,24.3,0.05,1389
20141227,2830740,68847154,24.35,24.4,24.25,24.3,0.0,797
20141229,10795076,263217112,24.3,24.45,24.2,24.45,0.15,3220
20141230,6230605,152099297,24.45,24.5,24.3,24.45,0.0,1766
20141231,5217240,127227374,24.4,24.45,24.25,24.45,0.0,1392
20150105,13346979,322511017,24.25,24.4,24.0,24.1,-0.35,3562
20150106,23076508,550022990,23.9,24.0,23.75,23.8,-0.3,6246
20150107,18109856,430168706,23.8,23.85,23.7,23.7,-0.1,5119
20150108,16584153,395125261,24.0,24.0,23.75,23.8,0.1,3462
20150109,16192149,385343019,24.0,24.05,23.7,23.8,0.0,3357
20150112,7833167,186071379,23.7,23.85,23.7,23.7,-0.1,2135
20150113,17746912,422551612,23.7,23.95,23.65,23.9,0.2,2911
20150114,16005908,380975141,23.8,23.95,23.7,23.8,-0.1,3931
20150115,14286855,339088583,23.8,23.9,23.65,23.7,-0.1,3209
20150116,17607234,415897032,23.7,23.8,23.55,23.55,-0.15,4674
20150119,8391749,198398648,23.75,23.85,23.55,23.6,0.05,2893
20150120,14277020,338018901,23.7,23.75,23.55,23.6,0.0,2889
20150121,14981868,355666577,23.75,23.8,23.65,23.8,0.2,3227
20150122,13286175,317734671,23.85,24.0,23.8,23.95,0.15,3471
20150123,24640764,595458988,24.25,24.3,24.0,24.0,0.05,5831
20150126,8556783,205022892,24.0,24.1,23.85,24.1,0.1,2959
20150127,12831698,309105067,24.15,24.25,23.95,24.25,0.15,2196
20150128,13707573,332216154,24.25,24.35,24.15,24.25,0.0,3521
20150129,12190962,294380454,24.25,24.25,24.05,24.25,0.0,2746
20150130,18511072,448491616,24.2,24.3,24.1,24.2,-0.05,4214
20150202,10970396,267109852,24.2,24.4,24.2,24.4,0.2,3274
20150203,4301707,104783083,24.4,24.45,24.2,24.25,-0.15,1701
20150204,16065685,394061150,24.4,24.6,24.35,24.6,0.35,5041
20150205,29779610,736045103,24.6,24.75,24.55,24.75,0.15,3730
20150206,16312832,397468384,24.65,24.7,24.25,24.35,-0.4,3687
20150209,5116089,124292332,24.35,24.35,24.2,24.25,-0.1,1873
20150210,13108259,320087407,24.2,24.55,24.2,24.35,0.1,3368
20150211,13830884,338196302,24.5,24.55,24.35,24.35,0.0,3853
20150212,10101701,247454955,24.4,24.6,24.3,24.6,0.25,2587
20150213,22407029,552216527,24.35,24.7,24.35,24.7,0.1,4756
20150224,36141201,904122059,24.85,25.15,24.75,25.05,0.35,7742
20150225,21405036,535848947,25.15,25.2,24.9,25.1,0.05,5283
20150226,22394961,558907942,24.9,25.05,24.9,24.95,-0.15,3233
20150302,23483772,580039634,24.95,25.0,24.5,24.5,-0.45,5594
20150303,17673876,437454082,24.6,24.85,24.55,24.8,0.3,3827
20150304,14590967,360428615,24.55,24.8,24.55,24.7,-0.1,3188
20150305,13095327,322428234,24.65,24.75,24.5,24.55,-0.15,3632
20150306,17696254,437902042,24.75,24.9,24.55,24.8,0.25,4092
20150309,11095173,273252121,24.8,24.8,24.5,24.6,-0.2,2647
20150310,14919536,367942121,24.8,24.85,24.5,24.6,0.0,3593
20150311,23132760,569638231,24.5,24.8,24.4,24.65,0.05,4441
20150312,31027530,776283957,24.8,25.2,24.7,25.2,0.55,8855
20150313,21477799,540716806,25.2,25.3,25.0,25.0,-0.2,4978
20150316,7505900,187953976,25.2,25.25,24.9,24.9,-0.1,2236
20150317,10048218,252728292,25.15,25.3,25.0,25.05,0.15,2715
20150318,35246629,898549682,25.05,25.75,25.05,25.65,0.6,8797
20150319,30730052,794956057,25.8,26.0,25.7,25.9,0.25,6666
20150320,17322537,444993704,25.8,25.9,25.6,25.7,-0.2,2631
20150323,12911589,333661058,25.7,25.95,25.7,25.9,0.2,4506
20150324,17003139,438968764,25.9,25.95,25.65,25.85,-0.05,4347
20150325,17606793,452308167,25.85,25.85,25.5,25.5,-0.35,3772
20150326,18548361,472621099,25.35,25.55,25.35,25.5,0.0,3351
20150327,24610947,620404634,25.35,25.45,25.05,25.05,-0.45,4801
20150330,21618528,553721083,25.4,25.8,25.2,25.65,0.6,5067
20150331,30234723,781761764,25.95,26.0,25.65,25.95,0.3,6733
20150401,10529625,271810166,25.95,25.95,25.75,25.8,-0.15,3850
20150402,23943364,621791548,25.9,26.0,25.8,25.95,0.15,5938
20150407,18619651,484035389,26.0,26.1,25.9,26.05,0.1,3089
20150408,11440423,296487730,26.05,26.05,25.85,25.85,-0.2,3270
20150409,17463695,453768434,25.9,26.1,25.9,25.9,0.05,3808
20150410,15434736,402303575,26.0,26.1,26.0,26.1,0.2,5626
20150413,18014036,471466899,26.1,26.3,26.05,26.3,0.2,6295
20150414,17532770,461273542,26.3,26.4,26.05,26.2,-0.1,6183
20150415,28879655,753931380,26.2,26.4,25.9,26.0,-0.2,7457
20150416,21622766,569234599,26.2,26.4,26.0,26.4,0.4,4924
20150417,17513901,460555665,26.25,26.4,26.2,26.2,-0.2,5397
20150420,15353938,403113935,26.1,26.4,26.05,26.25,0.05,3711
20150421,18558683,486050733,26.25,26.3,26.05,26.25,0.0,4438
20150422,19848405,523727595,26.15,26.45,26.1,26.45,0.2,5889
20150423,77538676,2146660979,26.4,28.3,26.35,28.25,1.8,18438
20150424,55095216,1535781230,28.3,28.35,27.1,28.25,0.0,14957
20150427,62299441,1759681634,28.35,28.4,27.95,28.0,-0.25,10743
20150428,45925425,1283778890,28.2,28.25,27.65,28.05,0.05,11437
20150429,41865605,1174931923,28.25,28.5,27.65,27.7,-0.35,8319
20150430,38290062,1051768714,27.6,27.85,27.3,27.3,-0.4,8947
20150504,31878859,871222917,27.55,27.75,27.05,27.05,-0.25,8344
20150505,30276454,818811558,27.2,27.35,26.85,27.05,0.0,9517
20150506,35311846,958599177,27.05,27.45,26.9,27.45,0.4,5705
20150507,26042838,708071003,27.4,27.4,27.0,27.35,-0.1,5202
20150508,12371799,337810122,27.4,27.4,27.05,27.2,-0.15,3332
20150511,22191818,600438221,27.5,27.5,26.8,26.9,-0.3,4348
20150512,26660564,726726480,27.3,27.5,27.05,27.25,0.35,4841
20150513,35456613,986561487,27.5,28.2,27.45,27.8,0.55,7154
20150514,33373405,905423109,27.75,27.75,26.8,26.9,-0.9,9122
20150515,22437148,606405603,27.05,27.2,26.8,27.15,0.25,5026
20150518,24841534,679937196,27.15,27.55,27.05,27.55,0.4,5514
20150519,38732789,1070727799,27.85,27.95,27.4,27.45,-0.1,8494
20150520,20527101,566199491,27.8,27.85,27.45,27.6,0.15,4566
20150521,27686944,743039738,27.35,27.35,26.7,27.0,-0.6,7387
20150522,16120373,434938252,27.1,27.1,26.85,26.95,-0.05,4483
20150525,14005255,374330026,26.95,26.95,26.6,26.7,-0.25,3461
20150526,8945155,241752068,26.95,27.2,26.85,27.2,0.5,3353
20150527,19895634,542576132,27.2,27.4,27.15,27.4,0.2,6291
20150528,23181276,632084009,27.5,27.5,27.05,27.25,-0.15,5759
20150529,29575785,809858326,27.45,27.5,27.05,27.5,0.25,4686
20150601,17423898,478408685,27.35,27.7,27.15,27.4,-0.1,6777
20150602,20568333,564733190,27.5,27.6,27.2,27.5,0.1,6832
20150603,17792941,487259969,27.5,27.6,27.2,27.3,-0.2,5622
20150604,32600788,882371106,27.2,27.3,26.6,27.0,-0.3,7421
20150605,25036153,674032491,27.2,27.2,26.8,26.85,-0.15,7530
20150608,28960088,790887466,27.2,27.6,26.95,27.45,0.6,9795
20150609,22064091,601235110,27.3,27.5,27.0,27.0,-0.45,7246
20150610,34344529,949932873,27.1,27.85,27.1,27.7,0.7,9528
20150611,22292709,615492173,27.7,27.8,27.4,27.4,-0.3,6055
20150612,21054120,583035082,27.5,27.8,27.45,27.8,0.4,6050
20150615,19287081,535662206,27.95,28.0,27.6,27.6,-0.2,5415
20150616,30958921,860944430,27.9,27.95,27.65,27.9,0.3,5626
20150617,24357119,673364863,27.9,27.95,27.4,27.65,-0.25,5351
20150618,30914870,862709902,27.8,28.1,27.6,27.8,0.15,6960
20150622,29241001,824387423,28.1,28.3,28.0,28.0,0.2,4781
20150623,15489269,435439439,28.25,28.25,28.0,28.05,0.05,3573
20150624,14504981,406876818,28.0,28.1,27.9,28.1,0.05,3136
20150625,23593255,662305524,28.2,28.3,27.9,28.0,-0.1,4419
20150626,19922238,556586453,28.15,28.15,27.85,27.95,-0.05,4076
20150629,24583653,681965104,27.8,27.9,27.5,27.65,-0.3,5422
20150630,25643939,711389467,27.85,28.05,27.5,27.8,0.15,4361
20150701,17411462,486505570,27.65,28.05,27.6,27.9,0.1,5111
20150702,11748333,328541013,28.0,28.05,27.8,28.0,0.1,3845
20150703,13316262,370389444,27.95,28.0,27.5,28.0,0.0,4365
20150706,9025434,251354300,27.65,28.0,27.65,27.7,-0.3,3395
20150707,12647323,350277369,27.85,27.95,27.5,27.5,-0.2,3394
20150708,26756277,721331207,27.5,27.7,26.65,26.65,-0.85,7675
20150709,31828359,846574634,26.0,27.2,25.5,26.9,0.25,7896
20150713,26288761,706071248,26.9,27.1,26.6,27.1,0.2,5708
20150714,25046045,688948712,27.2,27.6,27.15,27.5,0.4,7229
20150715,24211339,663581855,27.35,27.65,27.2,27.65,0.15,6937
20150716,14249043,393734614,27.8,27.85,27.45,27.65,0.0,4417
20150717,19415169,527329863,27.65,27.65,26.9,27.0,-0.65,5429
20150720,15377218,417760786,27.4,27.45,26.9,27.15,0.15,4565
20150721,11453645,307594936,27.15,27.2,26.75,26.85,-0.3,2807
20150722,13159445,354073950,26.9,27.15,26.75,26.9,0.05,3999
20150723,12781447,342044187,26.8,27.0,26.65,26.65,-0.25,3057
20150724,14714930,390918966,26.9,26.9,26.4,26.55,-0.1,5266
20150727,16247611,423342226,26.4,26.45,25.75,25.95,-0.6,4646
20150728,21615821,563588127,26.0,26.35,25.75,26.25,0.3,5983
20150729,11589810,301810935,26.25,26.25,25.85,26.1,-0.15,3193
20150730,16648469,443407609,26.1,26.8,26.05,26.75,0.65,4479
20150731,23183056,620702135,26.8,27.0,26.45,27.0,0.25,5718
20150803,14323960,383212015,27.0,27.05,26.45,26.95,-0.05,5080
20150804,19856360,541066985,27.15,27.45,26.95,27.4,0.45,4300
20150805,27815855,763208557,27.5,27.6,27.25,27.4,0.0,3665
20150806,16383425,447029742,27.55,27.6,27.1,27.2,-0.2,4040
20150807,17611585,475624323,27.1,27.3,26.8,26.85,-0.35,3999
20150810,15873301,424430327,26.65,26.8,26.55,26.7,-0.15,4189
20150811,21614839,573010136,26.95,27.0,26.2,26.2,-0.5,5658
20150812,50005576,1250981798,25.95,25.95,24.55,24.75,-1.45,12327
20150813,34735680,831007320,23.6,24.15,23.6,23.9,,10129
20150814,12574635,301920548,23.9,24.15,23.9,24.05,0.15,3734
20150817,12506617,300520108,24.3,24.3,23.8,24.0,-0.05,3607
20150818,24897600,593527272,24.1,24.15,23.6,23.6,-0.4,4375
20150819,25602847,589501990,23.7,23.7,22.7,22.7,-0.9,7222
20150820,26550280,610429744,22.7,23.25,22.55,23.0,0.3,8127
20150821,30726286,692098069,22.35,22.9,22.3,22.55,-0.45,9321
20150824,42129582,929093313,22.3,22.75,21.15,22.3,-0.25,9405
20150825,27509337,622558179,22.2,23.1,22.1,22.55,0.25,11329
20150826,42468542,956097556,22.45,23.1,21.75,22.9,0.35,11861
20150827,30778783,704280559,22.9,23.1,22.75,22.9,0.0,6442
20150828,28003695,658772587,23.15,23.8,23.1,23.7,0.8,5667
20150831,28789642,681813225,23.75,24.4,23.05,24.4,0.7,6125
20150901,20431228,482797663,23.9,23.95,23.5,23.5,-0.9,6204
20150902,23834741,559190202,23.4,23.75,23.05,23.4,-0.1,6016
20150903,15871203,373458067,23.7,23.7,23.3,23.6,0.2,3298
20150904,15150540,356364326,23.55,23.6,23.35,23.45,-0.15,4772
20150907,9692753,229154185,23.45,23.75,23.45,23.65,0.2,4067
20150908,13483724,315788879,23.5,23.6,23.35,23.35,-0.3,3254
20150909,24688085,591434445,23.9,24.1,23.8,23.95,0.6,7332
20150910,17474697,418150671,23.8,24.05,23.8,23.95,0.0,4580
20150911,11085031,265466062,24.1,24.1,23.9,23.95,0.0,3435
20150914,11694639,277839740,24.0,24.0,23.65,23.75,-0.2,4119
20150915,11451927,271957528,23.8,23.95,23.6,23.8,0.05,4132
20150916,10949062,259632160,23.65,23.8,23.65,23.8,0.0,2902
20150917,24850223,598916199,24.0,24.25,23.9,24.2,0.4,7841
20150918,14857142,355936208,24.1,24.15,23.9,23.9,-0.3,3312
20150921,18886860,441734760,23.65,23.65,23.25,23.25,-0.65,6334
20150922,9437890,220489400,23.35,23.5,23.25,23.5,0.25,3765
20150923,17115595,394458619,23.25,23.35,22.95,22.95,-0.55,5820
20150924,14802105,338362665,23.0,23.15,22.75,22.75,-0.2,4499
20150925,22386268,504421411,22.75,22.8,22.4,22.4,-0.35,6024
20150930,44742639,992486727,21.85,22.8,21.8,22.8,0.4,9342
20151001,17781853,403639233,22.6,22.95,22.45,22.6,-0.2,5933
20151002,20113671,459672171,22.65,22.9,22.65,22.9,0.3,7702
20151005,15900918,362455641,23.1,23.1,22.7,22.8,-0.1,5519
20151006,23338029,532796089,22.9,23.15,22.65,22.7,-0.1,7275
20151007,18073766,412026844,22.5,23.0,22.5,22.95,0.25,5229
20151008,12400762,283764596,23.0,23.05,22.75,22.75,-0.2,3768
20151012,21658406,495071046,22.95,22.95,22.75,22.8,0.05,5563
20151013,19714081,449061881,22.8,22.95,22.6,22.95,0.15,6398
20151014,22102300,499078917,22.65,22.75,22.5,22.55,-0.4,7424
20151015,27370266,626197918,22.6,23.05,22.55,23.0,0.45,6736
20151016,31059808,716875084,23.0,23.25,22.95,23.05,0.05,5698
20151019,18907872,437004919,23.05,23.2,23.0,23.1,0.05,4640
20151020,26522017,618332575,23.15,23.55,23.1,23.5,0.4,5048
20151021,18157720,422018535,23.4,23.45,23.1,23.15,-0.35,4660
20151022,17029216,396689735,23.05,23.5,23.05,23.5,0.35,3707
20151023,28837038,682507171,23.65,23.85,23.45,23.85,0.35,5924
20151026,21545407,516092829,23.8,24.2,23.75,24.2,0.35,4724
20151027,28921310,690579792,23.8,24.2,23.65,24.2,0.0,5297
20151028,19501389,468055086,24.0,24.15,23.8,24.15,-0.05,4087
20151029,32774469,785746940,23.85,24.15,23.7,23.9,-0.25,6443
20151030,33581754,795293339,23.8,23.85,23.4,23.7,-0.2,7352
20151102,23256483,535354028,22.85,23.1,22.85,23.0,,5409
20151103,26150954,607913356,23.05,23.45,23.0,23.25,0.25,6055
20151104,41679070,967039595,23.25,23.45,23.1,23.3,0.05,9343
20151105,15440631,358543845,23.2,23.35,23.1,23.35,0.05,4394
20151106,23565560,540974173,23.25,23.3,22.8,22.85,-0.5,6732
20151109,14574720,334991810,22.85,23.1,22.85,23.05,0.2,3773
20151110,20339238,461629623,22.85,22.85,22.6,22.65,-0.4,6314
20151111,15978072,360522882,22.65,22.65,22.5,22.6,-0.05,4965
20151112,10159143,228757242,22.5,22.6,22.45,22.55,-0.05,3491
20151113,20705898,464165861,22.5,22.55,22.3,22.3,-0.25,4865
20151116,14093236,314259789,22.3,22.5,22.15,22.45,0.15,4108
20151117,19267692,438137730,22.6,22.85,22.55,22.65,0.2,5810
20151118,20513510,459668248,22.6,22.6,22.25,22.3,-0.35,6890
20151119,15960100,358516430,22.35,22.7,22.25,22.7,0.4,5663
20151120,9794396,221724217,22.55,22.7,22.5,22.7,0.0,3095
20151123,7959437,179784564,22.7,22.75,22.5,22.5,-0.2,3310
20151124,9280718,209904347,22.45,22.8,22.45,22.6,0.1,3149
20151125,11324655,254394264,22.55,22.6,22.35,22.45,-0.15,4356
20151126,11070105,251193477,22.65,22.75,22.55,22.55,0.1,3758
20151127,13069530,294746761,22.7,22.7,22.4,22.4,-0.15,3188
20151130,46285935,1034723014,22.3,22.5,22.1,22.5,0.1,7647
20151201,16573306,373313012,22.55,22.6,22.35,22.55,0.05,5902
20151202,24898210,556221733,22.5,22.5,22.25,22.25,-0.3,6534
20151203,15145970,336688823,22.15,22.35,22.1,22.3,0.05,5490
20151204,22910952,509656039,22.2,22.35,22.15,22.25,-0.05,7106
20151207,12877807,287193772,22.3,22.35,22.25,22.25,0.0,3331
20151208,35923044,786523568,22.25,22.25,21.75,21.75,-0.5,8619
20151209,28049297,603487887,21.6,21.7,21.4,21.4,-0.35,6669
20151210,23993369,517041874,21.45,21.8,21.3,21.8,0.4,6959
20151211,22000359,474422949,21.75,21.9,21.4,21.45,-0.35,5930
20151214,18693842,397920723,21.3,21.5,21.15,21.15,-0.3,5553
20151215,16460960,348154527,21.2,21.25,21.1,21.15,0.0,6513
20151216,15707773,336556363,21.3,21.6,21.3,21.35,0.2,4108
20151217,20837073,450715569,21.4,21.75,21.35,21.75,0.4,5606
20151218,18669516,399695281,21.45,21.6,21.35,21.35,-0.4,3585
20151221,41586286,878075366,21.1,21.2,20.9,21.15,-0.2,13706
20151222,19944777,422444776,21.1,21.25,21.1,21.25,0.1,6945
20151223,21604273,462172123,21.3,21.5,21.25,21.5,0.25,7280
20151224,10018143,215100594,21.5,21.55,21.4,21.4,-0.1,4079
20151225,5349322,114476186,21.4,21.45,21.35,21.45,0.05,2361
20151228,13221171,284159106,21.45,21.55,21.35,21.55,0.1,4891
20151229,8643418,185310511,21.55,21.55,21.35,21.45,-0.1,2835
20151230,10879976,231622494,21.5,21.5,21.2,21.2,-0.25,3942
20151231,10248659,217787677,21.25,21.3,21.2,21.25,0.05,2591
20160104,20520109,432399455,21.3,21.4,20.95,21.0,-0.25,5960
20160105,17178508,359445268,21.0,21.1,20.8,20.9,-0.1,5473
20160106,21832211,451757686,20.9,20.9,20.55,20.55,-0.35,7034
20160107,43805795,880331112,20.5,20.5,19.95,20.0,-0.55,11205
20160108,36403998,736666596,20.1,20.4,20.05,20.25,0.25,8105
20160111,31264164,629860874,20.2,20.3,20.05,20.1,-0.15,8188
20160112,24457625,493537052,20.1,20.3,20.05,20.25,0.15,8129
20160113,25085961,508205421,20.3,20.45,20.15,20.2,-0.05,5807
20160114,19371358,387464263,20.05,20.1,19.95,20.0,-0.2,5253
20160115,28207329,561874120,20.0,20.1,19.8,19.85,-0.15,7035
20160118,32494121,631688820,19.5,19.75,19.2,19.65,-0.2,9053
20160119,15499628,307236698,19.6,20.0,19.5,20.0,0.35,4664
20160120,16682347,327674835,19.8,19.95,19.5,19.55,-0.45,5095
20160121,19350594,374273822,19.6,19.65,19.2,19.25,-0.3,5174
20160122,19187636,369145319,19.45,19.6,19.05,19.3,0.05,5339
20160125,18138153,358808110,19.45,20.0,19.35,20.0,0.7,5750
20160126,22189061,439680960,19.75,19.95,19.7,19.8,-0.2,6665
20160127,14854906,293991610,19.9,19.95,19.65,19.8,0.0,4025
20160128,24159128,488546515,19.8,20.5,19.8,20.25,0.45,6174
20160129,40473473,845289306,20.25,21.3,20.25,21.15,0.9,8904
20160130,27068102,579129571,21.2,21.6,21.05,21.55,0.4,8421
20160201,28333872,610656240,21.5,21.7,21.2,21.7,0.15,9802
20160202,35205609,765887671,21.7,21.85,21.55,21.7,0.0,8641
20160203,24081831,514271698,21.4,21.6,21.1,21.3,-0.4,7871
20160215,18882437,401260674,21.0,21.4,20.85,21.3,0.0,5024
20160216,29065762,629032299,21.2,21.8,21.2,21.7,0.4,5892
20160217,22961000,497013579,21.6,21.8,21.4,21.6,-0.1,7431
20160218,28266939,615094185,21.65,21.8,21.6,21.75,0.15,8202
20160219,13276198,285988625,21.7,21.7,21.4,21.6,-0.15,4442
20160222,22791000,494883320,21.8,21.9,21.5,21.7,0.1,4192
20160223,15491702,335245957,21.8,21.8,21.45,21.7,0.0,4596
20160224,10891836,235060369,21.65,21.7,21.45,21.6,-0.1,3180
20160225,18452674,399872338,21.6,21.75,21.5,21.7,0.1,4517
20160226,31248219,683183902,21.9,21.9,21.7,21.9,0.2,5165
20160301,22817152,497200593,21.8,21.9,21.6,21.8,-0.1,4238
20160302,20216985,443071142,21.95,22.05,21.75,21.8,0.0,5049
20160303,49546829,1098388053,21.8,22.3,21.8,22.3,0.5,10311
20160304,37336588,841439137,22.4,22.65,22.35,22.6,0.3,9633
20160307,36801616,844662241,22.8,23.0,22.7,23.0,0.4,11192
20160308,24631915,561804616,22.9,22.95,22.7,22.85,-0.15,8079
20160309,17661035,398966707,22.7,22.85,22.35,22.85,0.0,5434
20160310,15204224,347481174,22.8,22.9,22.75,22.9,0.05,3850
20160311,14323469,327047910,22.85,22.95,22.6,22.9,0.0,3425
20160314,13764931,315155494,22.85,23.0,22.8,22.8,-0.1,4289
20160315,18956755,426966918,22.85,22.85,22.3,22.4,-0.4,4757
20160316,19922170,449018661,22.55,22.7,22.25,22.7,0.3,5009
20160317,22956373,525153805,22.8,23.0,22.75,22.85,0.15,5436
20160318,30658393,703858006,22.9,23.0,22.8,23.0,0.15,5062
20160321,16518134,377057378,22.95,22.95,22.6,22.95,-0.05,3303
20160322,15999592,365114733,22.75,22.9,22.65,22.9,-0.05,3184
20160323,13152435,301294705,22.8,23.0,22.75,23.0,0.1,3531
20160324,10931442,250165411,22.8,22.95,22.7,22.95,-0.05,4144
20160325,13563956,311414009,22.95,23.0,22.85,22.95,0.0,3086
20160328,16126952,370421635,22.95,23.0,22.9,22.9,-0.05,2804
20160329,21750674,498452847,22.95,23.0,22.8,22.9,0.0,4527
20160330,24535474,564155366,23.0,23.1,22.9,22.9,0.0,4693
20160331,32984013,756602812,22.95,23.0,22.8,22.9,0.0,6203
20160401,17378422,394265107,22.7,22.9,22.6,22.65,-0.25,4493
20160406,28599161,642005176,22.65,22.65,22.3,22.3,-0.35,8242
20160407,21036079,466409884,22.2,22.3,22.05,22.3,0.0,6828
20160408,21497795,475564209,22.05,22.3,22.0,22.25,-0.05,6302
20160411,12031470,268517910,22.2,22.55,22.05,22.5,0.25,5116
20160412,10202638,230312946,22.5,22.7,22.45,22.6,0.1,3702
20160413,19437081,442382261,22.6,22.85,22.55,22.8,0.2,5203
20160414,35524770,816656304,23.0,23.1,22.95,22.95,0.15,6004
20160415,25498998,586242812,23.0,23.05,22.95,23.0,0.05,4720
20160418,13347170,306954512,23.0,23.05,22.9,23.0,0.0,3593
20160419,19232074,442333564,23.0,23.05,22.95,23.0,0.0,3993
20160420,30571373,702603211,23.05,23.05,22.9,23.0,0.0,9196
20160421,18131991,416271155,23.0,23.05,22.9,23.0,0.0,5411
20160422,16599150,381720800,23.0,23.1,22.9,23.05,0.05,5852
20160425,12594238,289576568,23.0,23.05,22.9,23.0,-0.05,2807
20160426,17651524,405926646,23.0,23.05,22.95,23.0,0.0,2189
20160427,36736604,849883389,23.0,23.25,22.95,23.15,0.15,4904
20160428,40286653,933610554,23.3,23.5,22.8,23.1,-0.05,6417
20160429,24378757,559256743,23.0,23.1,22.7,22.9,-0.2,6439
20160503,23746272,548563206,23.1,23.2,22.95,23.1,0.2,4458
20160504,35037211,808488753,23.2,23.2,22.9,23.05,-0.05,7487
20160505,15807842,361546170,23.0,23.0,22.8,22.8,-0.25,4261
20160506,22743530,516314753,22.8,22.9,22.45,22.8,0.0,6488
20160509,12487495,284976021,22.8,22.95,22.6,22.9,0.1,3965
20160510,21772929,500906167,22.9,23.1,22.9,23.05,0.15,5195
20160511,29027963,666986883,23.05,23.05,22.7,22.85,-0.2,6622
20160512,13650162,312994241,22.8,23.0,22.8,22.9,0.05,2841
20160513,33417697,769595031,22.85,23.15,22.85,23.15,0.25,6744
20160516,16343669,376690887,23.05,23.15,23.0,23.0,-0.15,5253
20160517,12183396,279596451,23.0,23.1,22.85,23.0,0.0,3320
20160518,18534281,427983823,22.95,23.2,22.9,23.2,0.2,6914
20160519,24500027,562528189,23.0,23.1,22.85,22.9,-0.3,6205
20160520,16572185,382581277,22.95,23.2,22.85,23.0,0.1,3338
20160523,39082578,898813827,22.9,23.5,22.65,23.45,0.45,7249
20160524,14452682,336678213,23.4,23.5,23.1,23.25,-0.2,4341
20160525,15111944,354755210,23.35,23.6,23.25,23.45,0.2,5725
20160526,10478302,246371144,23.45,23.6,23.4,23.55,0.1,3536
20160527,12759092,299737272,23.55,23.6,23.4,23.55,0.0,3902
20160530,17046785,403742217,23.55,23.8,23.45,23.7,0.15,5927
20160531,34531720,824282255,23.7,24.0,23.7,23.9,0.2,5763
20160601,18411328,442281472,23.85,24.15,23.85,24.15,0.25,5443
20160602,16769981,405535101,24.15,24.3,24.0,24.3,0.15,5119
20160603,16227001,393390092,24.3,24.35,24.15,24.25,-0.05,4607
20160604,4534012,109616364,24.2,24.25,24.05,24.2,-0.05,1618
20160606,14817552,358802542,24.2,24.4,24.1,24.2,0.0,3539
20160607,24179540,590658057,24.3,24.5,24.2,24.5,0.3,9138
20160608,23389659,577447683,24.45,24.8,24.4,24.75,0.25,7730
20160613,15262932,371674011,24.65,24.65,24.2,24.35,-0.4,4846
20160614,11290590,274657830,24.15,24.45,24.05,24.45,0.1,4372
20160615,14622595,355587456,24.35,24.45,24.2,24.45,0.0,4578
20160616,22294610,532806342,24.2,24.25,23.75,23.75,-0.7,6947
20160617,16673055,401846085,23.85,24.2,23.85,24.15,0.4,4856
20160620,10192879,248021768,24.2,24.4,24.1,24.4,0.25,3428
20160621,15777025,386003519,24.3,24.55,24.15,24.55,0.15,4269
20160622,16682288,407550161,24.4,24.55,24.25,24.5,-0.05,3711
20160623,14283821,346956098,24.25,24.45,24.15,24.3,-0.2,4279
20160624,32689664,780400434,24.3,24.45,23.55,23.8,-0.5,6729
20160627,17865045,420055378,23.6,23.65,23.4,23.45,-0.35,4940
20160628,16811701,400239877,23.4,24.05,23.2,24.05,0.6,5239
20160629,12904169,311529297,24.05,24.25,23.9,24.25,0.2,5001
20160630,20268861,491457714,24.4,24.4,24.0,24.3,0.05,5741
20160701,15597445,380485400,24.35,24.45,24.25,24.3,0.0,5037
20160704,16161365,394392432,24.3,24.5,24.2,24.4,0.1,4364
20160705,14954098,364141162,24.4,24.4,24.2,24.3,-0.1,4617
20160706,28073465,671667926,24.25,24.3,23.75,23.8,-0.5,8492
20160707,13576545,323562250,23.9,24.0,23.75,23.8,0.0,3568
20160711,25305960,610017467,24.1,24.25,24.0,24.05,0.25,5204
20160712,20973047,504549845,24.2,24.2,24.0,24.05,0.0,6296
20160713,20882928,508495896,24.3,24.5,24.15,24.5,0.45,6155
20160714,15091721,369699281,24.3,24.6,24.25,24.6,0.1,5298
20160715,28374645,703321572,24.6,24.9,24.5,24.9,0.3,8440
20160718,27297410,681125409,24.95,25.0,24.8,24.9,0.0,6241
20160719,27365185,675905638,24.8,24.95,24.6,24.95,0.05,7116
20160720,20288843,505602266,24.9,25.0,24.75,24.95,0.0,6080
20160721,19620262,491328422,24.95,25.1,24.95,25.1,0.15,5437
20160722,13971348,348536658,24.95,25.05,24.85,24.95,-0.15,5199
20160725,12930682,323195480,25.05,25.1,24.85,25.05,0.1,3334
20160726,9981874,249188878,25.0,25.0,24.85,25.0,-0.05,3611
20160727,13074883,326384048,25.05,25.05,24.85,25.0,0.0,4114
20160728,19957888,498707029,24.9,25.05,24.8,25.0,0.0,4127
20160729,22024338,551053519,24.9,25.1,24.85,25.0,0.0,4649
20160801,16417976,410460860,25.0,25.1,24.9,25.0,0.0,5220
20160802,17031747,423684590,25.0,25.0,24.8,24.9,-0.1,4392
20160803,19905360,494869023,24.7,25.0,24.65,24.95,0.05,4115
20160804,14698630,365871469,24.95,25.0,24.7,25.0,0.05,3398
20160805,26340153,663205794,24.95,25.35,24.9,25.35,0.35,7319
20160808,16673329,424444350,25.4,25.5,25.35,25.5,0.15,4392
20160809,19391355,497244345,25.5,25.8,25.4,25.8,0.3,5524
20160810,24906812,644723684,25.8,26.0,25.7,25.9,0.1,4354
20160811,34100265,884884717,26.0,26.0,25.8,26.0,0.1,5691
20160812,50668066,1320442624,26.0,26.2,25.95,26.0,0.0,9363
20160815,45022769,1098492307,24.6,24.6,24.15,24.15,,6067
20160816,19753482,476701539,24.25,24.3,24.0,24.15,0.0,4681
20160817,19507080,472708155,24.15,24.45,24.05,24.25,0.1,7651
20160818,14077871,342749643,24.15,24.5,24.1,24.35,0.1,5534
20160819,28169458,675284309,24.35,24.45,23.8,23.8,-0.55,8508
20160822,129665448,2892236329,22.6,22.7,22.05,22.3,-1.5,31284
20160823,66250614,1471339619,22.1,22.35,22.0,22.25,-0.05,17555
20160824,81775937,1787652447,22.2,22.2,21.7,21.7,-0.55,19806
20160825,61568824,1351679878,21.55,22.2,21.55,22.1,0.4,13693
20160826,24082894,530668481,21.9,22.1,21.85,22.05,-0.05,5643
20160829,19669247,432252224,22.0,22.05,21.9,22.0,-0.05,4627
20160830,26411998,580066272,22.0,22.1,21.9,21.95,-0.05,6530
20160831,41254930,893901763,21.9,21.95,21.6,21.6,-0.35,10287
20160901,56315757,1195142544,21.55,21.55,21.05,21.25,-0.35,15825
20160902,32275263,679539359,21.3,21.5,21.3,21.4,0.15,7638
20160905,35973049,790886189,21.6,22.15,21.55,22.05,0.65,8145
20160906,24503348,541359928,22.1,22.2,22.0,22.15,0.1,6612
20160907,40453545,877560178,22.15,22.3,22.1,22.25,0.1,8092
20160908,47386705,1062397918,22.25,22.65,22.1,22.6,0.35,8837
20160909,26206766,586650475,22.45,22.55,22.3,22.4,-0.2,5712
20160910,11392530,252132573,22.1,22.3,22.0,22.15,-0.25,2830
20160912,19746386,433722731,22.05,22.1,21.9,21.9,-0.25,5019
20160913,25777668,568009496,21.95,22.15,21.85,22.05,0.15,5856
20160914,38114639,835305189,22.0,22.05,21.85,21.85,-0.2,5254
20160919,23921807,534029797,21.9,22.5,21.9,22.45,0.6,6774
20160920,18811896,421889230,22.35,22.6,22.2,22.5,0.05,4592
20160921,15824034,354913465,22.5,22.5,22.35,22.5,0.0,5332
20160922,14921065,332575204,22.55,22.6,22.15,22.3,-0.2,4278
20160923,22430987,501066546,22.1,22.5,22.05,22.5,0.2,5449
20160926,21376667,474836522,22.45,22.45,22.1,22.2,-0.3,3766
20160929,46403649,1031379337,22.1,22.4,21.85,22.35,0.15,8183
20160930,20171607,446260135,22.2,22.3,22.05,22.05,-0.3,5062
20161003,14715951,323810565,22.1,22.1,21.95,21.95,-0.1,3667
20161004,23926083,523045481,21.9,22.0,21.8,21.85,-0.1,6986
20161005,21281818,464074078,21.7,22.0,21.65,21.85,0.0,4705
20161006,17043695,373683762,21.8,22.05,21.75,21.95,0.1,3888
20161007,15036194,328668838,21.8,21.95,21.8,21.85,-0.1,3660
20161011,26458652,576539780,21.8,21.9,21.7,21.8,-0.05,5494
20161012,14873989,324502235,21.8,21.95,21.6,21.85,0.05,3396
20161013,18884163,409452496,21.9,21.9,21.6,21.65,-0.2,6268
20161014,8645046,187456906,21.65,21.75,21.6,21.65,0.0,1832
20161017,16422791,354878147,21.65,21.7,21.5,21.6,-0.05,2906
20161018,10897894,236804914,21.6,21.8,21.6,21.8,0.2,2776
20161019,11258518,245979476,21.7,21.9,21.7,21.85,0.05,3860
20161020,6986492,152933039,21.85,21.95,21.75,21.85,0.0,2111
20161021,10415139,228567906,21.85,22.0,21.8,22.0,0.15,2298
20161024,11838605,258790613,22.0,22.0,21.8,21.8,-0.2,2876
20161025,15322030,335597112,21.8,22.0,21.75,22.0,0.2,2940
20161026,5693150,124585958,21.95,21.95,21.85,21.85,-0.15,1318
20161027,15512426,337206313,21.85,21.85,21.7,21.7,-0.15,3442
20161028,15577629,337730128,21.7,21.75,21.6,21.65,-0.05,3452
20161031,16503516,355871113,21.55,21.65,21.45,21.6,-0.05,4006
20161101,17694874,381262451,21.6,21.6,21.5,21.55,-0.05,3994
20161102,10994054,235964692,21.5,21.55,21.4,21.5,-0.05,2927
20161103,26863697,589218296,21.6,22.05,21.6,22.0,0.5,6700
20161104,11290197,247738689,22.0,22.1,21.8,21.9,-0.1,3315
20161107,14454369,317897807,21.95,22.05,21.95,21.95,0.05,3662
20161108,37087256,830226340,22.05,22.6,22.05,22.55,0.6,9001
20161109,41078987,919362832,22.6,22.85,22.0,22.0,-0.55,10622
20161110,35483760,806357287,22.65,22.95,22.5,22.9,0.9,7672
20161111,61191650,1407337239,23.0,23.15,22.75,22.9,0.0,12138
20161114,62045176,1447758196,22.75,23.8,22.75,23.25,0.35,11007
20161115,27304526,635392639,23.3,23.5,23.15,23.25,0.0,7064
20161116,16109910,374660431,23.45,23.5,23.05,23.05,-0.2,4994
20161117,13261821,303698419,23.0,23.0,22.75,23.0,-0.05,4012
20161118,15080832,343617456,22.9,22.9,22.7,22.7,-0.3,5435
20161121,11562320,266581093,22.75,23.2,22.75,23.1,0.4,3634
20161122,18578257,429154386,23.1,23.25,22.8,23.25,0.15,5711
20161123,22638600,518164335,23.0,23.05,22.85,22.85,-0.4,7184
20161124,15277055,352541381,22.8,23.2,22.8,23.2,0.35,4839
20161125,13539511,312868153,23.2,23.2,23.0,23.05,-0.15,3398
20161128,10482971,242755543,23.1,23.2,23.05,23.2,0.15,3739
20161129,13641214,315398972,23.1,23.25,23.0,23.0,-0.2,4686
20161130,28142278,642100454,23.0,23.05,22.75,22.75,-0.25,4692
20161201,10584131,243405703,22.85,23.1,22.85,22.9,0.15,3509
20161202,9676331,222490698,22.8,23.1,22.8,23.05,0.15,3154
20161205,13478148,308512296,23.0,23.05,22.8,22.8,-0.25,4315
20161206,18121057,419031565,23.0,23.25,22.95,23.25,0.45,5460
20161207,7695491,178473625,23.3,23.3,23.1,23.25,0.0,3046
20161208,19206410,440295396,23.2,23.5,23.1,23.5,0.25,5868
20161209,22193558,523663215,23.45,23.75,23.4,23.75,0.25,6252
20161212,12756543,301728234,23.7,23.75,23.55,23.75,0.0,3633
20161213,11009295,260443334,23.65,23.7,23.55,23.7,-0.05,4997
20161214,12099306,283988858,23.7,23.7,23.25,23.4,-0.3,4464
20161215,10792692,252670842,23.4,23.5,23.3,23.4,0.0,4171
20161216,24469898,580443650,23.5,23.8,23.5,23.75,0.35,6024
20161219,15758297,369135524,23.65,23.7,23.35,23.4,-0.35,4889
20161220,10382043,242009170,23.35,23.4,23.2,23.3,-0.1,3531
20161221,11845871,274806685,23.3,23.3,23.15,23.15,-0.15,3519
20161222,10906660,251631450,23.15,23.2,23.0,23.0,-0.15,2717
20161223,11458384,263690121,22.85,23.15,22.85,22.9,-0.1,3859
20161226,3498969,80417987,22.95,23.15,22.9,23.0,0.1,1068
20161227,7171354,163986109,23.0,23.0,22.8,22.85,-0.15,1831
20161228,13056341,299642335,22.85,23.1,22.85,23.0,0.15,4213
20161229,18117763,413813925,22.9,23.0,22.75,22.8,-0.2,4528
20161230,17040925,391531608,23.0,23.15,22.85,23.0,0.2,4354
20170103,9011268,207157507,22.9,23.1,22.8,23.1,0.1,2184
20170104,14379068,335141257,23.15,23.45,23.05,23.45,0.35,4112
20170105,17675755,415859447,23.4,23.7,23.2,23.65,0.2,4381
20170106,11240066,265702530,23.7,23.7,23.5,23.7,0.05,3199
20170109,9066723,212601718,23.7,23.7,23.35,23.35,-0.35,2125
20170110,13455945,316830571,23.3,23.65,23.25,23.6,0.25,3301
20170111,13919904,329521303,23.7,23.7,23.55,23.7,0.1,4864
20170112,16778733,400225878,23.75,23.9,23.7,23.9,0.2,4917
20170113,11876900,281981047,23.9,23.95,23.65,23.9,0.0,3499
20170116,10194068,241238582,23.85,23.85,23.6,23.6,-0.3,2487
20170117,16578364,391231227,23.6,23.75,23.5,23.5,-0.1,3508
20170118,15682823,365840093,23.5,23.55,23.2,23.3,-0.2,3931
20170119,16388561,383576571,23.25,23.55,23.15,23.4,0.1,4594
20170120,14879390,346705164,23.25,23.4,23.25,23.3,-0.1,4307
20170123,14391231,338179931,23.5,23.6,23.35,23.55,0.25,3463
20170124,16427079,384164606,23.55,23.6,23.25,23.3,-0.25,2571
20170202,26378295,614927122,23.35,23.4,23.1,23.3,0.0,6448
20170203,19287958,448893242,23.25,23.35,23.15,23.2,-0.1,3885
20170206,18730499,439738000,23.3,23.65,23.2,23.6,0.4,4565
20170207,13845584,327395039,23.6,23.7,23.4,23.7,0.1,4086
20170208,14123525,332550731,23.6,23.65,23.45,23.6,-0.1,3428
20170209,20707889,486939399,23.5,23.6,23.45,23.45,-0.15,4032
20170210,25146630,596278025,23.6,23.85,23.55,23.7,0.25,5120
20170213,9409015,224071459,23.7,23.9,23.7,23.9,0.2,3197
20170214,12946983,308902561,23.9,23.95,23.8,23.85,-0.05,3832
20170215,24225987,583147164,23.9,24.2,23.8,24.2,0.35,5569
20170216,25084497,603524068,24.25,24.45,23.85,23.9,-0.3,6732
20170217,17246940,408861138,23.9,23.95,23.6,23.6,-0.3,4740
20170218,3772329,89692580,23.6,23.9,23.6,23.85,0.25,1655
20170220,15462819,367774760,23.85,23.9,23.65,23.9,0.05,4355
20170221,15253557,364849781,23.9,24.05,23.8,24.05,0.15,3997
20170222,15908769,384064196,24.1,24.25,24.0,24.15,0.1,4277
20170223,14921585,360139640,24.15,24.25,24.0,24.1,-0.05,3900
20170224,11436586,274180434,24.1,24.1,23.9,23.9,-0.2,3100
20170301,22017047,527555942,23.9,24.1,23.85,24.05,0.15,4545
20170302,20788962,496566481,24.1,24.15,23.8,23.85,-0.2,4886
20170303,17013261,404517546,23.8,24.0,23.7,23.7,-0.15,5041
20170306,5625578,134272678,23.7,23.95,23.65,23.95,0.25,2151
20170307,8553298,204957532,23.95,24.0,23.8,24.0,0.05,2461
20170308,11476691,274916021,23.95,24.05,23.9,23.9,-0.1,3523
20170309,14829155,352161941,23.85,23.9,23.7,23.7,-0.2,4995
20170310,8087923,192960881,23.75,24.0,23.7,23.85,0.15,2432
20170313,13582146,322693692,23.9,23.95,23.7,23.75,-0.1,3620
20170314,12786228,305113998,23.8,23.95,23.8,23.8,0.05,3296
20170315,10091744,241070870,23.85,23.95,23.8,23.85,0.05,3045
20170316,13839431,330892833,23.95,23.95,23.8,23.95,0.1,4310
20170317,23320309,561649454,24.0,24.15,23.95,24.15,0.2,5535
20170320,11403353,275738026,24.1,24.25,24.05,24.25,0.1,3646
20170321,18382195,446858837,24.25,24.35,24.2,24.35,0.1,5330
20170322,20314676,489337403,24.0,24.25,24.0,24.25,-0.1,4436
20170323,11468469,276932864,24.35,24.35,24.05,24.15,-0.1,3014
20170324,6437814,154954036,24.05,24.2,24.0,24.1,-0.05,2288
20170327,11020954,265177346,24.0,24.2,23.9,24.05,-0.05,3834
20170328,16162205,388968670,24.2,24.2,23.9,24.1,0.05,3793
20170329,23027066,563080698,24.3,24.55,24.25,24.55,0.45,5292
20170330,21845758,539530129,24.6,24.8,24.6,24.7,0.15,5869
20170331,23087854,566663958,24.8,24.8,24.45,24.5,-0.2,4523
20170405,31836602,776718882,24.75,24.85,24.2,24.45,-0.05,6880
20170406,15496436,374808579,24.4,24.45,24.1,24.15,-0.3,3973
20170407,28591716,687282514,24.1,24.15,23.9,23.95,-0.2,8138
20170410,8500734,205282877,24.05,24.3,24.0,24.3,0.35,1964
20170411,9124811,220321659,24.15,24.25,24.1,24.1,-0.2,2803
20170412,12775166,306895664,24.05,24.1,23.95,24.1,0.0,3042
20170413,7288288,175631865,24.1,24.15,24.0,24.1,0.0,2983
20170414,12217090,293582710,24.1,24.1,23.95,24.0,-0.1,1786
20170417,6349948,152274867,24.0,24.05,23.95,24.0,0.0,1654
20170418,12056216,289575384,24.1,24.15,23.95,24.05,0.05,2659
20170419,16068266,384692779,23.95,24.0,23.85,23.9,-0.15,4679
20170420,10248542,245406604,23.85,24.0,23.85,24.0,0.1,2539
20170421,7163491,172753481,24.0,24.2,23.95,24.15,0.15,1845
20170424,11465574,275270141,24.2,24.2,23.9,24.05,-0.1,1723
20170425,16827372,407830344,24.1,24.35,24.05,24.35,0.3,3819
20170426,22953319,561614637,24.25,24.55,24.25,24.55,0.2,4281
20170427,10556818,258722742,24.45,24.55,24.4,24.5,-0.05,2765
20170428,17810688,433778613,24.35,24.55,24.2,24.25,-0.25,3866
20170502,15408461,376039515,24.25,24.5,24.25,24.45,0.2,3813
20170503,6985930,171174147,24.5,24.6,24.4,24.55,0.1,2483
20170504,11919635,293217000,24.6,24.65,24.5,24.65,0.1,2758
20170505,4267221,104516269,24.45,24.6,24.45,24.5,-0.15,1586
20170508,10978349,269042326,24.6,24.65,24.35,24.5,0.0,2200
20170509,7327917,178865044,24.5,24.5,24.3,24.5,0.0,2426
20170510,9191399,224193674,24.5,24.5,24.3,24.45,-0.05,2670
20170511,13539899,332232635,24.4,24.6,24.4,24.6,0.15,2686
20170512,8973397,220455560,24.5,24.7,24.45,24.7,0.1,2502
20170515,9774253,241675206,24.7,24.8,24.6,24.8,0.1,2537
20170516,12845815,318746303,24.8,24.95,24.7,24.95,0.15,3365
20170517,9958495,246444141,24.85,24.95,24.6,24.75,-0.2,3033
20170518,10634983,261749002,24.6,24.75,24.5,24.6,-0.15,2095
20170519,11185293,274052348,24.6,24.65,24.45,24.5,-0.1,2582
20170522,13656726,336296932,24.6,24.7,24.5,24.6,0.1,2682
20170523,11314667,279805009,24.65,24.8,24.65,24.7,0.1,2950
20170524,7498999,184602888,24.7,24.75,24.55,24.65,-0.05,2475
20170525,17145690,420926136,24.65,24.65,24.45,24.65,0.0,3193
20170526,22931705,561069691,24.6,24.6,24.4,24.5,-0.15,4199
20170531,37385213,908850576,24.45,24.45,24.25,24.25,-0.25,5523
20170601,17703295,429683872,24.25,24.35,24.2,24.25,0.0,5084
20170602,15205297,369809728,24.3,24.4,24.25,24.4,0.15,4596
20170603,8926137,218495424,24.4,24.55,24.35,24.5,0.1,1382
20170605,14685341,360490329,24.45,24.6,24.45,24.6,0.1,3448
20170606,18320136,451232655,24.6,24.7,24.55,24.7,0.1,5271
20170607,18396544,451854152,24.7,24.7,24.45,24.6,-0.1,3671
20170608,16830863,415495119,24.6,24.8,24.55,24.8,0.2,5669
20170609,25231572,621353492,24.7,24.85,24.45,24.65,-0.15,6660
20170612,15993604,393347879,24.7,24.7,24.5,24.6,-0.05,3063
20170613,10164742,250934455,24.7,24.75,24.6,24.75,0.15,1922
20170614,10349243,254615889,24.7,24.75,24.55,24.55,-0.2,2009
20170615,9163469,225580264,24.55,24.7,24.5,24.7,0.15,2263
20170616,19228764,474044810,24.7,24.8,24.6,24.6,-0.1,2851
20170619,12774796,316722713,24.6,24.85,24.6,24.8,0.2,3423
20170620,10428889,259369252,24.9,24.9,24.8,24.9,0.1,2832
20170621,15133609,376467140,24.8,25.0,24.75,24.85,-0.05,3375
20170622,6842525,170290663,24.9,24.95,24.8,24.85,0.0,1590
20170623,13246414,327716796,24.75,24.85,24.6,24.7,-0.15,3323
20170626,18438387,460193127,24.65,25.1,24.6,25.1,0.4,4667
20170627,11895573,299457534,25.1,25.3,24.95,25.2,0.1,3133
20170628,13954408,347768973,25.0,25.1,24.85,24.9,-0.3,3706
20170629,13526801,342614735,25.2,25.45,25.2,25.35,0.45,2877
20170630,15864900,401727580,25.35,25.4,25.1,25.3,-0.05,3359
20170703,16203504,413562964,25.3,25.6,25.25,25.6,0.3,4094
20170704,10804676,275503137,25.4,25.6,25.35,25.5,-0.1,3694
20170705,16842146,430923192,25.5,25.7,25.4,25.65,0.15,2849
20170706,16028421,409258409,25.5,25.65,25.35,25.6,-0.05,3438
20170707,10742048,272873276,25.35,25.55,25.25,25.35,-0.25,2879
20170710,12475683,315568720,25.35,25.4,25.2,25.3,-0.05,3616
20170711,16308534,413022987,25.25,25.6,25.2,25.6,0.3,5216
20170712,14195655,361475467,25.45,25.6,25.4,25.5,-0.1,3482
20170713,11947024,304492159,25.55,25.6,25.45,25.5,0.0,3456
20170714,11024509,280426050,25.4,25.5,25.35,25.45,-0.05,3024
20170717,11721778,298175414,25.5,25.55,25.35,25.4,-0.05,3131
20170718,10052700,256263994,25.4,25.6,25.4,25.55,0.15,2513
20170719,9937352,254018305,25.55,25.6,25.5,25.6,0.05,4437
20170720,11008397,282586058,25.65,25.75,25.55,25.7,0.1,2814
20170721,11752158,298981086,25.6,25.6,25.35,25.35,-0.35,3755
20170724,9998636,255514302,25.35,25.7,25.3,25.7,0.35,4240
20170725,6674318,171408332,25.6,25.75,25.55,25.65,-0.05,2674
20170726,8773267,224296160,25.6,25.65,25.5,25.5,-0.15,1875
20170727,15559111,399052075,25.6,25.7,25.55,25.6,0.1,4824
20170728,10844022,277379939,25.55,25.65,25.5,25.6,0.0,2687
20170731,18633365,475663640,25.55,25.55,25.45,25.55,-0.05,3160
20170801,13221325,338042963,25.55,25.6,25.5,25.55,0.0,3173
20170802,17473653,446161676,25.55,25.6,25.5,25.55,0.0,5995
20170803,16551708,421580833,25.5,25.55,25.4,25.5,-0.05,4320
20170804,15183655,388600784,25.5,25.8,25.45,25.8,0.3,4257
20170807,37912762,987621796,25.8,26.2,25.8,26.2,0.4,8710
20170808,33542994,880236194,26.35,26.4,26.05,26.05,-0.15,9311
20170809,49146850,1265732134,25.85,25.9,25.65,25.7,-0.35,8994
20170810,53121481,1269736202,23.9,24.1,23.8,23.9,,8878
20170811,15083547,359871961,23.8,23.95,23.75,23.9,0.0,3476
20170814,13324977,318391708,24.0,24.05,23.8,23.8,-0.1,4107
20170815,15053333,359088599,24.0,24.0,23.75,23.85,0.05,3132
20170816,11333661,269888557,23.75,23.9,23.75,23.9,0.05,3798
20170817,8353258,200686642,24.0,24.15,23.8,24.05,0.15,2836
20170818,9111818,218032212,24.0,24.05,23.8,23.95,-0.1,2215
20170821,8389986,200572774,23.95,24.0,23.85,23.95,0.0,3640
20170822,8577850,207213357,23.95,24.4,23.9,24.1,0.15,3654
20170823,9553942,229407308,24.2,24.2,23.95,24.0,-0.1,4392
20170824,8952218,215983732,24.2,24.2,24.05,24.05,0.05,3345
20170825,5750616,137974659,24.05,24.15,23.95,23.95,-0.1,2653
20170828,9535458,230559096,24.0,24.35,24.0,24.1,0.15,3675
20170829,11698750,280749130,24.15,24.15,23.95,24.0,-0.1,2844
20170830,12487830,300187070,24.05,24.2,23.95,24.1,0.1,3126
20170831,15930198,385316941,24.2,24.25,24.05,24.25,0.15,4270
20170901,9053692,217766455,24.25,24.25,23.95,24.05,-0.2,2783
20170904,8516349,203805346,24.0,24.05,23.9,23.9,-0.15,3567
20170905,15843865,378495358,24.05,24.05,23.85,23.95,0.05,4021
20170906,17853750,425874039,23.95,24.0,23.8,23.8,-0.15,4552
20170907,12084906,287938751,23.85,23.95,23.75,23.8,0.0,3704
20170908,15229041,363622815,23.95,23.95,23.75,23.95,0.15,4563
20170911,11977095,285587410,24.0,24.0,23.8,23.85,-0.1,3679
20170912,12515569,297987460,23.95,23.95,23.75,23.85,0.0,4526
20170913,6811505,162138833,23.8,23.9,23.75,23.8,-0.05,1947
20170914,10050816,239225788,23.8,23.9,23.75,23.8,0.0,2657
20170915,22563709,536525732,23.85,23.85,23.7,23.8,0.0,3319
20170918,14252606,338102850,23.85,23.85,23.65,23.7,-0.1,5414
20170919,12159398,273002343,23.7,23.8,23.7,23.75,0.05,2301
20170920,6920047,164670688,23.7,23.85,23.7,23.85,0.1,1995
20170921,17949180,427740419,23.8,23.9,23.7,23.75,-0.1,3327
20170922,8364498,197944100,23.75,23.8,23.6,23.65,-0.1,2335
20170925,7905556,186625146,23.65,23.7,23.55,23.6,-0.05,3643
20170926,9552296,227122395,23.6,23.9,23.6,23.85,0.25,3761
20170927,10567959,251525124,23.75,23.9,23.7,23.75,-0.1,1833
20170928,16326599,387564601,23.8,23.85,23.65,23.75,0.0,2186
20170929,8227626,195078499,23.8,23.8,23.65,23.7,-0.05,1834
20170930,1770012,42149214,23.8,23.85,23.75,23.75,0.05,481
20171002,5309527,126523354,23.75,23.9,23.75,23.9,0.15,1563
20171003,4383800,104363043,23.9,23.9,23.75,23.85,-0.05,1548
20171005,4255414,101503638,23.8,23.9,23.8,23.85,0.0,1392
20171006,3951899,94615552,23.85,24.0,23.85,24.0,0.15,1661
20171011,15654733,376195742,24.0,24.1,23.9,24.1,0.1,4086
20171012,8750898,209448007,24.05,24.05,23.85,23.9,-0.2,2720
20171013,5793182,138644362,23.9,24.0,23.85,23.95,0.05,1603
20171016,8969464,214579477,23.95,24.0,23.8,24.0,0.05,2540
20171017,13279472,319676567,24.0,24.15,23.9,24.15,0.15,3565
20171018,17720062,426046838,24.15,24.2,23.95,24.1,-0.05,5590
20171019,6235717,149321190,24.1,24.1,23.9,23.9,-0.2,2254
20171020,9513990,227100410,23.9,23.95,23.8,23.9,0.0,2860
20171023,4118822,98916051,24.0,24.05,23.95,24.0,0.1,1059
20171024,5370928,128981121,24.0,24.1,23.95,24.0,0.0,1234
20171025,6189102,148731994,24.0,24.05,24.0,24.05,0.05,1711
20171026,15218075,362918297,24.05,24.05,23.75,23.85,-0.2,2759
20171027,12728568,303077085,23.85,23.9,23.75,23.85,0.0,2035
20171030,9616504,228645029,23.85,23.85,23.75,23.75,-0.1,2280
20171031,16121641,381871157,23.75,23.8,23.65,23.7,-0.05,3218
20171101,13947393,330038028,23.85,23.85,23.6,23.65,-0.05,2738
20171102,16897530,398094223,23.6,23.7,23.5,23.55,-0.1,5172
20171103,6976835,164450075,23.6,23.65,23.5,23.6,0.05,1596
20171106,8283468,195926111,23.6,23.7,23.6,23.65,0.05,1644
20171107,14431523,340711713,23.7,23.8,23.55,23.65,0.0,2244
20171108,7249759,171264223,23.65,23.7,23.6,23.6,-0.05,1721
20171109,4510028,106783533,23.65,23.75,23.6,23.7,0.1,1424
20171110,4068031,96188948,23.7,23.7,23.6,23.6,-0.1,1156
20171113,5682435,134284136,23.6,23.7,23.6,23.6,0.0,1973
20171114,6447514,152424861,23.6,23.7,23.6,23.65,0.05,2601
20171115,6953404,164267506,23.65,23.7,23.6,23.6,-0.05,2367
20171116,9307039,219024292,23.55,23.6,23.5,23.5,-0.1,2958
20171117,6405175,151056567,23.55,23.65,23.55,23.55,0.05,1746
20171120,9154932,215583448,23.55,23.65,23.5,23.55,0.0,3003
20171121,18247889,432705867,23.55,23.9,23.5,23.85,0.3,3886
20171122,19244714,461961105,23.9,24.1,23.9,24.05,0.2,4861
20171123,8797553,210786378,24.05,24.05,23.85,24.0,-0.05,2434
20171124,11116482,264197468,23.8,23.85,23.7,23.7,-0.3,3356
20171127,9597120,226766054,23.7,23.75,23.6,23.6,-0.1,3215
20171128,20341991,479349996,23.55,23.65,23.5,23.6,0.0,4131
20171129,14393422,339241198,23.6,23.7,23.5,23.55,-0.05,2401
20171130,29211134,688999879,23.65,23.65,23.5,23.65,0.1,3810
20171201,13508157,318777234,23.65,23.7,23.5,23.7,0.05,3589
20171204,10237577,243224046,23.7,23.85,23.6,23.8,0.1,3329
20171205,13177316,313121248,23.8,23.9,23.65,23.7,-0.1,3302
20171206,19235086,454700070,23.7,23.75,23.55,23.65,-0.05,3657
20171207,15585641,366482596,23.7,23.7,23.4,23.4,-0.25,3984
20171208,14228555,332892887,23.4,23.55,23.35,23.35,-0.05,3913
20171211,7127441,167920443,23.4,23.65,23.4,23.5,0.15,2273
20171212,12906625,302657924,23.5,23.6,23.4,23.45,-0.05,3527
20171213,10929772,258137515,23.5,23.7,23.5,23.7,0.25,2460
20171214,10305381,244282125,23.7,23.8,23.6,23.6,-0.1,2610
20171215,23842275,563363834,23.55,23.7,23.5,23.7,0.1,3599
20171218,7256826,171643824,23.7,23.75,23.55,23.75,0.05,2517
20171219,16335072,385813712,23.7,23.75,23.55,23.65,-0.1,4076
20171220,8943102,211587784,23.7,23.75,23.55,23.65,0.0,2604
20171221,8722592,206208398,23.6,23.7,23.6,23.6,-0.05,1902
20171222,6929674,164529011,23.6,23.8,23.6,23.8,0.2,1591
20171225,3691807,87779030,23.8,23.85,23.7,23.8,0.0,1326
20171226,4021273,95588555,23.8,23.85,23.7,23.75,-0.05,1330
20171227,7321354,174253402,23.7,23.85,23.7,23.85,0.1,1954
20171228,9581407,228958682,23.9,23.95,23.85,23.95,0.1,3566
20171229,13379470,321423900,24.0,24.05,23.95,24.05,0.1,2563
20180102,12261207,296206091,24.0,24.2,24.0,24.2,0.15,3173
20180103,17072639,415974196,24.2,24.5,24.15,24.5,0.3,4016
20180104,11424155,280038971,24.4,24.6,24.35,24.6,0.1,3189
20180105,16286314,403368633,24.6,24.9,24.6,24.9,0.3,5602
20180108,18152333,454477225,25.0,25.15,24.75,25.15,0.25,5249
20180109,18655957,466898975,25.1,25.1,25.0,25.0,-0.15,7517
20180110,27827652,701992628,25.0,25.35,24.95,25.35,0.35,8918
20180111,16715517,421398871,25.3,25.4,25.05,25.4,0.05,5728
20180112,12481190,317094308,25.4,25.5,25.3,25.35,-0.05,4195
20180115,26438344,679553840,25.4,26.0,25.4,25.95,0.6,5677
20180116,28420006,736903127,25.9,26.1,25.8,25.85,-0.1,7432
20180117,17232476,444862885,25.75,25.9,25.65,25.85,0.0,5100
20180118,30289067,780179830,25.65,25.9,25.5,25.8,-0.05,7668
20180119,31973585,810861211,25.5,25.55,25.1,25.55,-0.25,8969
20180122,17115068,434497356,25.3,25.5,25.3,25.5,-0.05,4920
20180123,17103183,433659497,25.35,25.45,25.25,25.4,-0.1,4691
20180124,16122788,405856271,25.3,25.35,25.05,25.3,-0.1,4819
20180125,20838071,531659303,25.25,25.65,25.25,25.6,0.3,4334
20180126,11587716,295436229,25.5,25.65,25.4,25.6,0.0,4983
20180129,8963132,229683628,25.55,25.7,25.5,25.7,0.1,2282
20180130,7701270,196009814,25.55,25.6,25.4,25.4,-0.3,1648
20180131,13907844,351506344,25.3,25.4,25.15,25.3,-0.1,2673
20180201,5941543,151041225,25.3,25.5,25.3,25.4,0.1,2283
20180202,9584670,241977487,25.15,25.35,25.15,25.3,-0.1,2005
20180205,13768274,344208629,25.0,25.05,24.95,25.0,-0.3,4393
20180206,38023963,918139381,24.3,24.5,23.85,24.0,-1.0,11345
20180207,22990182,558829108,24.2,24.5,24.1,24.1,0.1,5408
20180208,10149024,245225810,24.25,24.3,24.1,24.1,0.0,3346
20180209,18458804,441583371,23.75,24.15,23.7,23.95,-0.15,7148
20180212,15582730,376802742,24.05,24.45,24.0,24.15,0.2,3726
20180221,16614904,408140038,24.45,24.7,24.35,24.7,0.55,5150
20180222,15107020,371255660,24.5,24.75,24.4,24.75,0.05,5047
20180223,14008388,349194300,24.8,25.0,24.8,25.0,0.25,4973
20180226,11944961,299589765,25.15,25.2,25.0,25.0,0.0,4068
20180227,16013207,400611820,25.1,25.25,24.9,24.95,-0.05,3206
20180301,14091360,351766965,24.6,25.2,24.6,25.1,0.15,4242
20180302,17607671,438539475,24.9,25.05,24.8,24.95,-0.15,4743
20180305,11149715,276823443,24.95,25.05,24.7,24.75,-0.2,2984
20180306,7673244,191478322,25.0,25.05,24.85,24.85,0.1,3153
20180307,19942922,490982149,24.8,24.95,24.5,24.5,-0.35,5486
20180308,10332572,256319574,24.65,24.95,24.6,24.95,0.45,4323
20180309,7301594,182127924,25.0,25.0,24.85,24.95,0.0,2795
20180312,22375711,566890019,25.15,25.5,25.1,25.45,0.5,5784
20180313,19949015,510388255,25.45,25.65,25.3,25.65,0.2,5399
20180314,11003881,279125150,25.5,25.55,25.25,25.3,-0.35,4595
20180315,7217396,181788601,25.25,25.3,25.1,25.1,-0.2,2774
20180316,24621329,625623660,25.2,25.5,25.1,25.5,0.4,3474
20180319,8399450,213240001,25.5,25.5,25.3,25.45,-0.05,2968
20180320,13581148,343839090,25.3,25.4,25.25,25.35,-0.1,5361
20180321,12683826,321327551,25.4,25.5,25.25,25.35,0.0,3833
20180322,16175479,410746284,25.35,25.6,25.3,25.4,0.05,4991
20180323,18552030,466872678,25.0,25.25,25.0,25.2,-0.2,4393
20180326,17079276,428906186,25.05,25.25,25.05,25.15,-0.05,3547
20180327,14054879,356040052,25.25,25.4,25.25,25.4,0.25,4442
20180328,16821035,423092816,25.25,25.3,25.05,25.05,-0.35,5551
20180329,22625818,567064796,25.1,25.15,25.0,25.05,0.0,4809
20180330,11282561,284100442,25.15,25.25,25.1,25.1,0.05,4728
20180331,7224797,182228917,25.2,25.25,25.1,25.2,0.1,2634
20180402,8377405,212390151,25.3,25.4,25.3,25.35,0.15,4061
20180403,14010709,354317964,25.3,25.35,25.15,25.25,-0.1,4019
20180409,14167625,359206003,25.4,25.45,25.2,25.45,0.2,5278
20180410,18467685,472286310,25.3,25.7,25.3,25.65,0.2,5919
20180411,11945214,304982581,25.6,25.65,25.45,25.5,-0.15,3623
20180412,14454759,370353536,25.5,25.65,25.5,25.65,0.15,5280
20180413,10497456,268718465,25.6,25.65,25.5,25.6,-0.05,5117
20180416,9676509,247410106,25.55,25.65,25.5,25.65,0.05,4332
20180417,14309139,363002474,25.6,25.6,25.3,25.35,-0.3,5183
20180418,16883750,426994425,25.55,25.55,25.2,25.2,-0.15,6038
20180419,19284165,493050989,25.25,25.75,25.25,25.75,0.55,5824
20180420,10667746,273755466,25.65,25.75,25.55,25.7,-0.05,3859
20180423,16581418,426968251,25.7,25.85,25.65,25.8,0.1,3983
20180424,25386581,658217857,25.8,26.05,25.75,25.9,0.1,6703
20180425,14881966,384928320,25.85,26.0,25.7,26.0,0.1,5158
20180426,12780245,330778211,26.0,26.0,25.75,25.95,-0.05,4572
20180427,12440498,322301887,25.9,26.0,25.8,26.0,0.05,4663
20180430,15046060,393537668,26.0,26.25,25.95,26.25,0.25,4963
20180502,17769693,465703165,26.2,26.25,26.15,26.25,0.0,4744
20180503,15251932,398229450,26.2,26.25,26.0,26.1,-0.15,5192
20180504,17677058,457260121,25.95,26.0,25.8,25.8,-0.3,6987
20180507,10740704,278983104,25.85,26.1,25.8,26.0,0.2,4307
20180508,15311186,400386124,26.0,26.25,25.95,26.2,0.2,4449
20180509,15215879,397683961,26.1,26.3,26.0,26.15,-0.05,5546
20180510,12565763,328367928,26.15,26.2,26.05,26.1,-0.05,4115
20180511,14394090,378583127,26.15,26.4,26.15,26.4,0.3,3605
20180514,12593722,333847983,26.45,26.6,26.4,26.5,0.1,3969
20180515,16557915,437471309,26.6,26.6,26.3,26.3,-0.2,4158
20180516,14050035,371374933,26.4,26.5,26.35,26.45,0.15,5343
20180517,17376707,460870781,26.45,26.6,26.4,26.45,0.0,7031
20180518,19350461,515398584,26.45,26.7,26.45,26.7,0.25,8111
20180521,22148647,597479695,26.7,27.1,26.7,27.0,0.3,9260
20180522,12749568,343279366,26.9,27.0,26.8,26.8,-0.2,4282
20180523,12835826,345274056,26.8,26.95,26.8,26.9,0.1,4896
20180524,13756399,371014038,26.9,27.05,26.75,27.05,0.15,6309
20180525,14314203,385191853,27.0,27.05,26.8,26.85,-0.2,5299
20180528,12993455,351477285,26.85,27.15,26.85,27.15,0.3,5320
20180529,15721360,423142056,27.05,27.1,26.8,26.9,-0.25,4173
20180530,46107941,1213521260,26.7,26.75,26.1,26.35,-0.55,14331
20180531,66643206,1750689381,26.4,26.5,26.2,26.25,-0.1,11146
20180601,20195574,537460188,26.25,26.8,26.2,26.7,0.45,8089
20180604,19628123,529117917,26.7,27.1,26.65,27.1,0.4,5691
20180605,21939800,598580401,27.1,27.4,27.0,27.35,0.25,8583
20180606,21362818,585550709,27.35,27.5,27.3,27.4,0.05,6656
20180607,21855120,596661782,27.4,27.45,27.2,27.35,-0.05,5625
20180608,19888766,537910313,27.2,27.2,26.95,27.1,-0.25,4701
20180611,25155132,676834907,27.0,27.05,26.8,26.95,-0.15,6143
20180612,26244855,702818247,26.85,26.85,26.7,26.75,-0.2,5298
20180613,16692040,446487425,27.0,27.0,26.7,26.75,0.0,5447
20180614,19166666,511151208,26.7,26.75,26.6,26.6,-0.15,4554
20180615,32749110,872597155,26.6,26.75,26.45,26.75,0.15,5374
20180619,30042063,794227296,26.45,26.6,26.35,26.35,-0.4,8435
20180620,24045156,639264768,26.45,26.75,26.3,26.6,0.25,5388
20180621,13763926,366851152,26.8,26.8,26.55,26.6,0.0,3319
20180622,24256559,645272395,26.8,26.8,26.45,26.6,0.0,4689
20180625,13430968,356389926,26.45,26.65,26.4,26.55,-0.05,3355
20180626,17994007,480807988,26.65,26.8,26.55,26.65,0.1,4384
20180627,21624269,576892519,26.7,26.8,26.55,26.65,0.0,4786
20180628,31658316,836693572,26.55,26.6,26.3,26.3,-0.35,6858
20180629,28520289,760946956,26.3,26.95,26.25,26.9,0.6,6648
20180702,13996873,372171656,26.6,26.8,26.5,26.5,-0.4,4345
20180703,14901036,393699623,26.45,26.55,26.35,26.4,-0.1,4914
20180704,7755332,205614086,26.4,26.6,26.4,26.5,0.1,3707
20180705,9707092,256979006,26.65,26.7,26.35,26.5,0.0,3397
20180706,23722026,611899465,26.35,26.5,26.15,26.45,-0.05,5841
20180709,7768000,206391852,26.65,26.65,26.45,26.55,0.1,3287
20180710,21163984,562468884,26.7,26.7,26.5,26.7,0.15,2872
20180711,8666071,229402820,26.5,26.6,26.3,26.55,-0.15,3226
20180712,13521189,362010892,26.55,26.9,26.45,26.85,0.3,4324
20180713,7585128,203934256,26.85,27.0,26.8,27.0,0.15,4013
20180716,12611840,340658775,27.1,27.1,26.8,26.8,-0.2,5311
20180717,15337568,411427616,26.8,27.05,26.7,26.95,0.15,5741
20180718,14536007,392046589,27.0,27.05,26.85,27.0,0.05,5457
20180719,7931192,214006273,27.0,27.1,26.85,26.85,-0.15,3916
20180720,9717774,261753737,26.85,27.0,26.8,26.9,0.05,4420
20180723,10644511,287634225,26.95,27.1,26.9,26.95,0.05,4060
20180724,14584405,394665785,27.0,27.1,26.95,27.1,0.15,3450
20180725,15322275,416338514,27.1,27.3,27.05,27.2,0.1,5614
20180726,12308327,335850774,27.3,27.35,27.15,27.35,0.15,5324
20180727,19235685,524797549,27.35,27.35,27.15,27.25,-0.1,7302
20180730,22012562,599950379,27.3,27.35,27.2,27.25,0.0,4840
20180731,35218494,959679230,27.3,27.35,27.15,27.25,0.0,7269
20180801,20271612,554555513,27.25,27.45,27.25,27.45,0.2,4756
20180802,28359529,777251673,27.4,27.5,27.3,27.35,-0.1,7567
20180803,29116955,798230156,27.4,27.5,27.35,27.35,0.0,4139
20180806,27185099,744180089,27.4,27.45,27.25,27.3,-0.05,11068
20180807,29564916,806874693,27.3,27.35,27.25,27.3,0.0,9846
20180808,43645705,1194065740,27.3,27.45,27.3,27.35,0.05,10951
20180809,47880748,1249825827,26.1,26.25,26.0,26.05,,14055
20180810,22034068,577556159,26.15,26.35,26.1,26.35,0.3,10557
20180813,22435213,586920059,26.25,26.3,26.05,26.15,-0.2,8974
20180814,14254082,371081949,26.1,26.15,26.0,26.0,-0.15,3817
20180815,23709163,610670748,26.0,26.05,25.6,25.6,-0.4,7710
20180816,26520890,672976623,25.5,25.5,25.3,25.35,-0.25,7413
20180817,12311674,315109649,25.5,25.65,25.5,25.55,0.2,3642
20180820,17152033,437711318,25.6,25.65,25.45,25.5,-0.05,5558
20180821,11314378,290828824,25.65,25.85,25.55,25.85,0.35,4206
20180822,14482578,374917728,25.9,26.05,25.7,25.95,0.1,4450
20180823,18310232,475806422,26.0,26.1,25.8,26.1,0.15,3165
20180824,6723613,174454988,26.1,26.1,25.85,26.0,-0.1,2324
20180827,8965703,231968275,26.0,26.05,25.8,25.8,-0.2,2973
20180828,11328291,293553663,25.9,26.0,25.8,25.9,0.1,3052
20180829,15921407,411485277,25.9,25.95,25.75,25.85,-0.05,5780
20180830,9782091,252050956,25.85,25.85,25.7,25.8,-0.05,5151
20180831,14720057,379049894,25.8,25.8,25.65,25.8,0.0,3700
20180903,5607115,144076094,25.8,25.85,25.6,25.75,-0.05,2364
20180904,12354362,321125479,25.75,26.05,25.75,26.05,0.3,2962
20180905,12338416,318030951,26.0,26.0,25.7,25.7,-0.35,3889
20180906,10510737,270879268,25.6,25.9,25.5,25.9,0.2,2478
20180907,10800125,278711535,25.7,25.9,25.65,25.9,0.0,2485
20180910,13806798,356167734,25.75,25.9,25.7,25.8,-0.1,2702
20180911,16456265,426011590,25.85,26.0,25.8,26.0,0.2,3689
20180912,11645899,301764824,26.0,26.0,25.8,26.0,0.0,3634
20180913,13728378,356745179,25.95,26.1,25.85,26.1,0.1,2656
20180914,14844122,386446465,26.05,26.1,25.95,25.95,-0.15,6730
20180917,26095197,685051585,26.05,26.45,26.05,26.4,0.45,8907
20180918,36529069,973513828,26.4,26.85,26.4,26.8,0.4,10506
20180919,29473572,791662530,26.8,27.0,26.7,27.0,0.2,11606
20180920,27362882,740231364,27.0,27.15,26.95,27.0,0.0,12203
20180921,31983687,867335338,27.05,27.2,27.0,27.15,0.15,10432
20180925,23371230,636502394,27.2,27.3,27.15,27.3,0.15,8953
20180926,21216747,577782530,27.3,27.3,27.1,27.3,0.0,8922
20180927,23243636,633335036,27.3,27.3,27.15,27.3,0.0,7250
20180928,34758781,952462644,27.25,27.5,27.2,27.5,0.2,11582
20181001,25793896,713756605,27.5,27.75,27.5,27.5,0.0,9524
20181002,22395887,608957700,27.6,27.6,27.0,27.15,-0.35,6979
20181003,23887378,647868129,27.05,27.3,27.0,27.1,-0.05,7238
20181004,34863138,945605081,27.1,27.3,27.0,27.3,0.2,9211
20181005,33777507,907489275,27.25,27.3,26.7,26.8,-0.5,7478
20181008,31901954,862894208,26.8,27.25,26.75,27.0,0.2,8940
20181009,47117185,1298179207,27.0,27.8,27.0,27.55,0.55,10409
20181011,63586980,1697049382,26.9,27.1,26.35,26.5,-1.05,17998
20181012,49439412,1324654901,26.25,27.05,26.25,27.0,0.5,11508
20181015,38271038,1018556545,26.75,26.85,26.5,26.55,-0.45,10092
20181016,20575486,546117958,26.6,26.75,26.45,26.6,0.05,5169
20181017,22797893,605999154,26.7,26.75,26.5,26.65,0.05,5933
20181018,23589593,622953574,26.65,26.65,26.3,26.35,-0.3,4959
20181019,33298180,874048371,26.1,26.45,26.05,26.25,-0.1,7598
20181022,31416463,820964441,26.2,26.25,26.0,26.15,-0.1,6133
20181023,22283867,580854736,26.0,26.2,26.0,26.2,0.05,5813
20181024,43137823,1111583342,26.0,26.05,25.5,26.0,-0.2,11453
20181025,39456762,1007962702,25.55,25.75,25.4,25.55,-0.45,9681
20181026,33795028,856758679,25.6,25.75,24.95,25.35,-0.2,9534
20181029,23621350,594875584,25.35,25.5,25.05,25.3,-0.05,5570
20181030,17006770,431202625,25.45,25.5,25.2,25.45,0.15,5327
20181031,34495577,893890185,25.8,26.15,25.6,26.15,0.7,13595
20181101,16725907,432133690,25.8,25.95,25.7,25.85,-0.3,4565
20181102,17222292,449872805,26.0,26.25,25.9,26.25,0.4,5071
20181105,14301588,373897429,26.1,26.3,25.9,26.3,0.05,5270
20181106,13328768,344509384,26.3,26.3,26.05,26.25,-0.05,3718
20181107,18361755,483412585,26.25,26.5,26.15,26.5,0.25,7711
20181108,21710496,576519538,26.6,26.7,26.35,26.7,0.2,6978
20181109,13979895,368195441,26.65,26.65,26.2,26.45,-0.25,8410
20181112,18161218,479526166,26.35,26.55,26.15,26.5,0.05,6311
20181113,23912764,632029123,26.2,26.55,26.2,26.5,0.0,7757
20181114,14652764,386827932,26.45,26.5,26.35,26.5,0.0,5857
20181115,15448679,408291182,26.4,26.5,26.3,26.4,-0.1,7126
20181116,18910305,500413752,26.5,26.55,26.4,26.5,0.1,7738
20181119,22859957,605107080,26.5,26.55,26.4,26.5,0.0,7376
20181120,16054964,423168984,26.4,26.45,26.3,26.3,-0.2,6431
20181121,17574408,460872672,26.2,26.3,26.15,26.3,0.0,8388
20181122,18344887,479302164,26.3,26.3,26.05,26.2,-0.1,5482
20181123,18495312,484513318,26.15,26.35,26.1,26.25,0.05,4471
20181126,16832002,442416781,26.25,26.6,26.1,26.15,-0.1,5850
20181127,18426407,478508780,26.15,26.2,25.9,25.95,-0.2,6133
20181128,18600810,484497352,26.05,26.15,25.9,26.15,0.2,6860
20181129,30746328,794425785,26.15,26.2,25.75,25.75,-0.4,9842
20181130,61187132,1571561513,25.9,26.15,25.55,25.6,-0.15,13859
20181203,16478516,426420356,25.85,26.0,25.8,25.85,0.25,4637
20181204,16394399,425831256,25.85,26.05,25.85,26.05,0.2,4839
20181205,6011041,155731648,25.9,26.0,25.8,25.85,-0.2,2301
20181206,15678290,403875603,25.85,25.85,25.65,25.8,-0.05,3984
20181207,8111143,209171606,25.8,25.85,25.7,25.85,0.05,2739
20181210,10774356,276168760,25.65,25.7,25.55,25.65,-0.2,3460
20181211,13556917,347666339,25.6,25.8,25.55,25.75,0.1,3855
20181212,15816377,406545643,25.9,25.9,25.6,25.7,-0.05,4466
20181213,22473333,576909510,25.7,25.75,25.6,25.7,0.0,6682
20181214,18167502,464537832,25.55,25.7,25.5,25.65,-0.05,5841
20181217,7151939,184179400,25.7,25.8,25.65,25.8,0.15,2501
20181218,16501679,422128966,25.75,25.8,25.5,25.6,-0.2,5216
20181219,12127980,310448508,25.65,25.7,25.5,25.7,0.1,3168
20181220,8779600,225151600,25.55,25.7,25.5,25.7,0.0,3924
20181221,13209799,338472598,25.65,25.65,25.55,25.65,-0.05,2327
20181222,2412134,61661035,25.55,25.6,25.5,25.6,-0.05,847
20181224,9861614,251428160,25.55,25.6,25.45,25.5,-0.1,3082
20181225,9405632,238637948,25.3,25.45,25.3,25.35,-0.15,3640
20181226,14978525,378282926,25.4,25.45,25.2,25.25,-0.1,3971
20181227,17425191,441083058,25.35,25.55,25.25,25.3,0.05,3315
20181228,29935928,765174246,25.35,25.95,25.2,25.95,0.65,4830
20190102,12983080,330174005,25.7,25.7,25.3,25.45,-0.5,4438
20190103,12343811,313023193,25.3,25.5,25.2,25.45,0.0,3792
20190104,13372342,338409092,25.25,25.4,25.2,25.25,-0.2,4185
20190107,14028735,358695956,25.55,25.6,25.45,25.6,0.35,4911
20190108,16050889,416653256,25.65,25.65,25.45,25.5,-0.1,4699
20190109,22330135,575210258,25.65,25.85,25.55,25.85,0.35,6614
20190110,18405843,477864550,25.85,26.1,25.8,26.1,0.25,5140
20190111,12565632,327419516,26.15,26.15,25.95,26.0,-0.1,4239
20190114,7539842,195613779,26.0,26.1,25.8,26.05,0.05,2399
20190115,15927250,416061805,26.1,26.2,25.95,26.2,0.15,3998
20190116,9122976,237714398,26.15,26.15,26.0,26.0,-0.2,3371
20190117,8224589,214098392,26.0,26.1,25.95,26.1,0.1,2856
20190118,11746441,306769651,26.1,26.25,26.0,26.1,0.0,3321
20190121,16939224,444811845,26.25,26.3,26.2,26.25,0.15,4741
20190122,12816228,337636775,26.25,26.45,26.15,26.45,0.2,4071
20190123,13194167,349556450,26.25,26.6,26.25,26.6,0.15,4142
20190124,24152315,639303834,26.55,26.6,26.35,26.6,0.0,9058
20190125,20242328,535896468,26.35,26.55,26.35,26.5,-0.1,7058
20190128,22528990,595074601,26.5,26.55,26.35,26.5,0.0,6206
20190129,27272900,724133577,26.45,26.7,26.35,26.7,0.2,5850
20190130,27012034,722123665,26.7,26.85,26.6,26.6,-0.1,5810
20190211,29968155,795969099,26.95,26.95,26.4,26.4,-0.2,8654
20190212,24445123,650946178,26.45,26.75,26.4,26.55,0.15,6447
20190213,17293608,459540694,26.55,26.7,26.5,26.55,0.0,6144
20190214,17237594,458114359,26.5,26.65,26.5,26.5,-0.05,5365
20190215,18133380,481161391,26.5,26.65,26.4,26.4,-0.1,5423
20190218,12928854,345025702,26.55,26.75,26.55,26.7,0.3,4775
20190219,11023610,295218661,26.7,26.85,26.65,26.8,0.1,3827
20190220,22511528,605651494,26.85,26.95,26.8,26.95,0.15,4213
20190221,13929072,375150994,26.9,27.0,26.85,27.0,0.05,4171
20190222,17421177,469160904,26.95,27.0,26.85,26.95,-0.05,5223
20190225,19823736,535499584,27.0,27.1,26.95,27.1,0.15,6208
20190226,25225119,681557589,27.1,27.1,26.95,27.0,-0.1,6528
20190227,20018201,543612814,27.1,27.25,27.05,27.25,0.25,7391
20190304,34392907,929568827,27.0,27.25,26.9,27.0,-0.25,6838
20190305,24575001,663329477,27.0,27.1,26.85,26.95,-0.05,5881
20190306,18476765,499411828,27.1,27.1,26.95,27.1,0.15,4373
20190307,12258550,331654819,27.05,27.15,27.0,27.1,0.0,3420
20190308,9551982,258338226,27.0,27.1,27.0,27.0,-0.1,2934
20190311,12693830,345607399,27.15,27.4,27.05,27.25,0.25,3680
20190312,13972164,382696055,27.35,27.5,27.25,27.3,0.05,4156
20190313,8065079,220836916,27.3,27.45,27.25,27.45,0.15,3048
20190314,11817210,322375677,27.35,27.45,27.15,27.3,-0.15,3835
20190315,13425788,368253592,27.3,27.45,27.3,27.45,0.15,2860
20190318,20850926,576291447,27.5,27.85,27.45,27.85,0.4,4945
20190319,22486487,629894834,27.9,28.1,27.9,28.0,0.15,5813
20190320,17027275,475038912,28.0,28.0,27.8,28.0,0.0,6906
20190321,13711284,383727172,28.0,28.1,27.85,28.1,0.1,3328
20190322,11591276,325299628,28.1,28.2,28.0,28.0,-0.1,3940
20190325,18348874,509551347,27.8,27.9,27.7,27.75,-0.25,6055
20190326,5922810,165693630,27.75,28.05,27.75,28.0,0.25,2609
20190327,11915832,333715596,28.0,28.1,27.9,27.95,-0.05,3667
20190328,16151325,451681132,27.95,28.05,27.9,27.95,0.0,3859
20190329,19645911,549169973,27.95,28.05,27.85,28.05,0.1,4704
20190401,11489181,321291531,28.05,28.1,27.9,27.9,-0.15,5077
20190402,10759419,300361551,27.9,28.0,27.85,27.85,-0.05,6067
20190403,16272204,456029502,28.0,28.1,27.95,28.0,0.15,5360
20190408,17090482,479351869,28.1,28.15,28.0,28.05,0.05,5814
20190409,18483404,519981601,28.05,28.2,28.05,28.2,0.15,5351
20190410,21650229,609742418,28.1,28.25,28.05,28.15,-0.05,5533
20190411,6781750,190951436,28.1,28.25,28.1,28.25,0.1,2674
20190412,11098205,313386770,28.2,28.3,28.15,28.3,0.05,3536
20190415,13821004,390318645,28.25,28.3,28.2,28.2,-0.1,7061
20190416,13269351,373213732,28.2,28.25,28.05,28.1,-0.1,5577
20190417,12319805,346303340,28.15,28.2,28.05,28.1,0.0,6404
20190418,16869460,474627684,28.1,28.2,28.05,28.2,0.1,5275
20190419,6609817,185842214,28.15,28.15,28.05,28.15,-0.05,2497
20190422,11481261,322119608,28.15,28.15,28.0,28.0,-0.15,4110
20190423,12433218,348935831,28.0,28.2,27.95,28.2,0.2,3419
20190424,28146190,804866310,28.55,28.75,28.5,28.65,0.45,9632
20190425,14272957,409541599,28.65,28.8,28.6,28.75,0.1,4607
20190426,15343802,442642793,28.75,28.95,28.7,28.95,0.2,4904
20190429,20301233,593083136,28.95,29.35,28.95,29.35,0.4,6063
20190430,25979095,766073937,29.35,29.65,29.3,29.65,0.3,7983
20190502,39432971,1183297429,29.6,30.2,29.55,30.1,0.45,11084
20190503,24483196,736741669,30.1,30.2,30.0,30.05,-0.05,6564
20190506,21508476,644052680,30.0,30.05,29.8,30.05,0.0,6196
20190507,22437647,683475946,30.05,30.75,30.05,30.5,0.45,7962
20190508,20127356,609784713,30.1,30.5,30.1,30.5,0.0,6288
20190509,28544838,855360800,30.1,30.25,29.85,29.9,-0.6,10823
20190510,27061673,805988730,29.85,30.05,29.55,29.6,-0.3,7997
20190513,18642328,549069287,29.6,29.6,29.25,29.5,-0.1,6559
20190514,32587814,963729391,29.4,29.85,29.35,29.5,0.0,9180
20190515,22038875,654446829,29.55,29.85,29.5,29.7,0.2,5719
20190516,25424504,753873714,29.7,29.75,29.55,29.55,-0.15,6051
20190517,30165565,906275150,29.9,30.25,29.8,30.0,0.45,9661
20190520,22896506,694316073,30.35,30.4,30.2,30.4,0.4,6363
20190521,26908871,823579879,30.6,30.75,30.4,30.65,0.25,7317
20190522,12161013,370426786,30.5,30.6,30.3,30.45,-0.2,3725
20190523,24831744,750373613,30.45,30.55,30.0,30.55,0.1,4488
20190524,10899810,333013268,30.4,30.65,30.35,30.5,-0.05,3416
20190527,9173891,279586231,30.55,30.6,30.4,30.5,0.0,4214
20190528,37524307,1135319087,30.5,30.55,30.15,30.25,-0.25,4281
20190529,13547506,411442762,30.2,30.55,30.1,30.55,0.3,5176
20190530,21030339,643252888,30.4,30.7,30.35,30.7,0.15,4104
20190531,28330735,872691612,30.55,31.0,30.5,31.0,0.3,7020
20190603,21090450,651790478,30.8,31.0,30.75,31.0,0.0,6371
20190604,20477403,632507627,31.0,31.05,30.8,30.9,-0.1,6732
20190605,19997626,618876950,31.0,31.1,30.85,30.9,0.0,6294
20190606,29475309,926811230,30.9,31.7,30.85,31.7,0.8,9790
20190610,21804427,695664656,31.7,32.05,31.6,31.95,0.25,6726
20190611,26405538,833375834,31.95,31.95,31.3,31.3,-0.65,7631
20190612,54441826,1661913399,31.1,31.1,30.15,30.7,-0.6,17547
20190613,32258150,986057289,30.6,30.9,30.2,30.6,-0.1,10037
20190614,25259140,772079944,30.4,30.65,30.4,30.65,0.05,7021
20190617,22600854,694861839,30.7,30.85,30.65,30.7,0.05,7373
20190618,25880843,793854763,30.7,30.8,30.5,30.8,0.1,8191
20190619,34828772,1083551277,30.85,31.3,30.8,31.25,0.45,10865
20190620,35274648,1107657639,31.45,31.5,31.25,31.5,0.25,10024
20190621,53582065,1657826120,31.3,31.35,30.8,30.8,-0.7,14075
20190624,26082242,806386823,30.9,31.0,30.8,30.85,0.05,6638
20190625,23025434,712973719,30.9,31.05,30.9,30.95,0.1,6634
20190626,18431054,571446574,31.0,31.1,30.95,31.05,0.1,7243
20190627,33862108,1047627325,30.95,31.1,30.8,30.85,-0.2,8769
20190628,28461881,880935119,31.0,31.15,30.8,30.9,0.05,6228
20190701,22960138,710534057,30.9,31.1,30.85,30.9,0.0,6263
20190702,23726536,738108426,30.95,31.25,30.95,31.05,0.15,5990
20190703,17994759,558908344,31.0,31.15,30.95,31.15,0.1,4775
20190704,11478048,357898315,31.15,31.25,31.1,31.2,0.05,3074
20190705,9355842,293127432,31.2,31.4,31.2,31.4,0.2,3240
20190708,13850617,433964763,31.35,31.4,31.25,31.4,0.0,2869
20190709,15815160,498345796,31.4,31.6,31.35,31.6,0.2,7122
20190710,14458533,457557067,31.6,31.7,31.6,31.6,0.0,6130
20190711,15503282,492768540,31.6,31.95,31.6,31.85,0.25,4169
20190712,11435371,365008648,31.9,32.0,31.85,31.85,0.0,3173
20190715,24725316,786521648,31.95,32.0,31.55,31.7,-0.15,8179
20190716,12716590,405305642,31.8,31.95,31.75,31.95,0.25,4270
20190717,19985506,636195162,31.8,31.95,31.55,31.9,-0.05,5343
20190718,13703995,432939593,31.85,31.9,31.55,31.85,-0.05,4983
20190719,11966260,381311126,31.9,31.95,31.8,31.85,0.0,3018
20190722,14332951,458264416,31.9,32.05,31.9,31.9,0.05,4580
20190723,11788397,378215204,32.0,32.15,32.0,32.1,0.2,4077
20190724,11273225,362535817,32.05,32.2,32.05,32.2,0.1,4049
20190725,13271704,429767248,32.2,32.5,32.2,32.25,0.05,3948
20190726,10963354,353522118,32.3,32.4,32.15,32.3,0.05,3471
20190729,16515668,534745914,32.3,32.3,32.1,32.1,-0.2,3799
20190730,16365931,525746734,32.1,32.25,32.0,32.1,0.0,3781
20190731,41551041,1327567125,32.2,32.2,31.75,32.1,0.0,7676
20190801,25003933,793747825,31.65,31.95,31.65,31.65,-0.45,7430
20190802,34278312,1069806424,31.3,31.35,31.1,31.35,-0.3,10476
20190805,19572903,611621970,31.35,31.4,31.15,31.25,-0.1,5565
20190806,26381524,821502912,31.1,31.45,30.85,31.25,0.0,6846
20190807,30423670,950401774,31.6,31.6,31.05,31.05,-0.2,7597
20190808,30459583,946856023,30.9,31.25,30.9,31.1,0.05,7245
20190812,67361049,1965392840,29.3,29.3,28.85,29.0,-0.4,13374
20190813,43327560,1238190943,29.0,29.05,28.4,28.5,-0.5,17049
20190814,32465371,920113375,28.5,28.65,28.2,28.2,-0.3,11721
20190815,29632607,825798766,27.9,28.0,27.8,27.9,-0.3,10687
20190816,28533213,801202651,28.0,28.4,27.75,28.25,0.35,10339
20190819,18039478,511451221,28.3,28.45,28.3,28.3,0.05,7061
20190820,18163317,515530309,28.3,28.55,28.3,28.5,0.2,6744
20190821,21105637,597960927,28.5,28.55,28.15,28.15,-0.35,7883
20190822,12416758,350545448,28.25,28.4,28.15,28.25,0.1,4905
20190823,11432419,323796623,28.25,28.4,28.25,28.35,0.1,3422
20190826,21019296,588132980,28.0,28.15,27.9,27.95,-0.4,7332
20190827,28371106,793744479,28.0,28.1,27.85,28.0,0.05,5814
20190828,11636147,327073895,28.0,28.25,28.0,28.05,0.05,4715
20190829,10952595,306916995,28.05,28.1,28.0,28.0,-0.05,3610
20190830,19698080,560034450,28.2,28.75,28.1,28.75,0.75,4564
20190902,16759055,475490690,28.65,28.65,28.25,28.45,-0.3,6159
20190903,9049747,256793153,28.45,28.45,28.3,28.35,-0.1,2770
20190904,13921605,395422964,28.35,28.5,28.35,28.45,0.1,4080
20190905,15980697,455794403,28.5,28.6,28.45,28.55,0.1,4523
20190906,10689247,306920849,28.65,28.85,28.6,28.8,0.25,3975
20190909,16581331,481995314,29.0,29.2,28.95,29.2,0.4,6075
20190910,26480788,781884903,29.45,29.6,29.3,29.55,0.35,9918
20190911,16224970,476512861,29.6,29.6,29.1,29.5,-0.05,6142
20190912,11706049,344040308,29.6,29.6,29.3,29.3,-0.2,4722
20190916,15372868,449486154,29.5,29.5,29.15,29.2,-0.1,5534
20190917,11008763,320971438,29.2,29.25,29.1,29.2,0.0,3622
20190918,13655833,401673654,29.2,29.55,29.15,29.55,0.35,5482
20190919,14002217,411559021,29.5,29.55,29.3,29.45,-0.1,6737
20190920,33388343,976731789,29.5,29.5,29.15,29.3,-0.15,10503
20190923,15816525,461528254,29.25,29.25,29.15,29.2,-0.1,7515
20190924,19618406,570653952,29.2,29.25,29.0,29.05,-0.15,7056
20190925,31628449,912313259,29.05,29.1,28.7,28.8,-0.25,12246
20190926,14896972,429279356,28.9,28.9,28.8,28.8,0.0,7689
20190927,15287044,439958839,28.8,28.9,28.7,28.75,-0.05,5135
20191001,23120416,666866795,28.75,29.05,28.75,28.75,0.0,7782
20191002,12199352,352094897,28.75,29.0,28.75,28.8,0.05,4703
20191003,11550023,331480074,28.65,28.8,28.6,28.75,-0.05,5883
20191004,15819153,454772798,28.7,28.85,28.7,28.85,0.1,5930
20191007,10517485,304234870,28.95,28.95,28.85,28.95,0.1,3702
20191008,23952630,699949908,29.2,29.45,29.05,29.1,0.15,9017
20191009,13924060,404561863,29.15,29.2,29.0,29.0,-0.1,5125
20191014,24040783,698136046,29.2,29.2,28.95,29.15,0.15,9688
20191015,10763292,312556861,29.15,29.2,28.95,29.15,0.0,4898
20191016,15193583,442125123,29.2,29.2,29.05,29.15,0.0,5493
20191017,11985049,349563180,29.15,29.25,29.1,29.25,0.1,4420
20191018,19270656,560678960,29.35,29.35,29.0,29.1,-0.15,5688
20191021,14836594,431284817,29.1,29.2,28.95,29.2,0.1,5771
20191022,19491235,567050433,29.2,29.3,29.0,29.15,-0.05,8125
20191023,12924910,376881215,29.15,29.2,29.1,29.2,0.05,4643
20191024,19071982,559185906,29.25,29.45,29.25,29.45,0.25,5475
20191025,10158060,298652011,29.5,29.5,29.3,29.45,0.0,3337
20191028,14446210,426074094,29.5,29.6,29.4,29.6,0.15,4369
20191029,10760334,318729501,29.65,29.7,29.55,29.7,0.1,4301
20191030,18491584,550335808,29.7,29.85,29.6,29.85,0.15,5397
20191031,25848320,774289756,29.9,30.05,29.9,29.9,0.05,7269
20191101,16209528,481181370,29.85,29.85,29.6,29.65,-0.25,6968
20191104,15390912,459256362,29.7,29.95,29.65,29.95,0.3,6404
20191105,19578493,588992360,30.05,30.2,30.0,30.2,0.25,5741
20191106,41265815,1267093017,30.6,31.0,30.3,30.65,0.45,13697
20191107,17095188,521763498,30.75,30.75,30.4,30.5,-0.15,5547
20191108,14518774,442718345,30.6,30.65,30.4,30.5,0.0,4635
20191111,18381346,557560522,30.55,30.6,30.15,30.4,-0.1,6238
20191112,14402546,439718950,30.6,30.65,30.35,30.6,0.2,5011
20191113,15276824,466484327,30.5,30.6,30.45,30.5,-0.1,5621
20191114,9927627,301803408,30.55,30.55,30.35,30.4,-0.1,3951
20191115,10208965,311781977,30.6,30.65,30.45,30.55,0.15,3304
20191118,8746402,267141887,30.5,30.7,30.4,30.7,0.15,3750
20191119,15410293,472498661,30.6,30.75,30.5,30.7,0.0,4385
20191120,14035608,429734558,30.7,30.75,30.55,30.65,-0.05,4523
20191121,18444012,559984711,30.45,30.5,30.3,30.35,-0.3,6456
20191122,13254534,402773884,30.35,30.45,30.3,30.4,0.05,4535
20191125,10382361,315671487,30.4,30.45,30.35,30.4,0.0,3806
20191126,40036141,1219404027,30.5,30.7,30.4,30.4,0.0,4803
20191127,13563203,415999632,30.4,30.75,30.4,30.7,0.3,4826
20191128,8548969,261628478,30.7,30.7,30.5,30.65,-0.05,3954
20191129,15886983,482981765,30.65,30.65,30.3,30.3,-0.35,5634
20191202,13842040,418102998,30.15,30.3,30.15,30.3,0.0,5654
20191203,19597244,589728549,30.15,30.15,30.05,30.05,-0.25,6572
20191204,12169012,365918511,30.1,30.15,30.0,30.15,0.1,4141
20191205,11950923,360116705,30.2,30.2,30.05,30.15,0.0,4466
20191206,8543010,256999392,30.25,30.25,30.05,30.05,-0.1,4042
20191209,8141157,245137621,30.1,30.15,30.05,30.15,0.1,3234
20191210,7068035,213044459,30.15,30.2,30.1,30.2,0.05,2711
20191211,14559376,437805853,30.1,30.15,30.0,30.1,-0.1,5133
20191212,15914809,480306930,30.1,30.3,30.05,30.15,0.05,5266
20191213,19379581,588246492,30.25,30.45,30.2,30.3,0.15,5543
20191216,14128973,429345737,30.3,30.45,30.3,30.35,0.05,6100
20191217,21527162,655163388,30.35,30.65,30.3,30.65,0.3,7557
20191218,22210072,679785291,30.55,30.65,30.5,30.65,0.0,6661
20191219,15808637,482544349,30.55,30.6,30.45,30.55,-0.1,5999
20191220,27196299,831685891,30.6,30.7,30.45,30.55,0.0,5134
20191223,15424908,473323572,30.55,30.85,30.55,30.85,0.3,4224
20191224,8397080,258332747,30.8,30.85,30.7,30.8,-0.05,3463
20191225,5964238,183573552,30.8,30.85,30.7,30.8,0.0,3343
20191226,6307380,194172475,30.85,30.85,30.75,30.8,0.0,3368
20191227,6819076,210418010,30.85,30.9,30.8,30.9,0.1,2407
20191230,12302006,378807109,30.9,30.95,30.7,30.7,-0.2,5403
20191231,10578207,324109915,30.7,30.7,30.6,30.6,-0.1,4581
20200102,8018819,245477040,30.6,30.65,30.55,30.6,0.0,2830
20200103,11199444,343886311,30.7,30.8,30.6,30.8,0.2,7177
20200106,12591284,385842173,30.75,30.75,30.6,30.6,-0.2,6694
20200107,18023360,551609488,30.6,30.65,30.55,30.6,0.0,7154
20200108,22127722,678821720,30.6,30.8,30.5,30.7,0.1,6654
20200109,14162847,436423099,30.7,30.9,30.7,30.9,0.2,4567
20200110,15811699,490255569,30.9,31.1,30.9,30.95,0.05,5102
20200113,28491722,897503087,31.1,31.75,31.05,31.7,0.75,8622
20200114,20724450,662017900,31.8,32.05,31.75,32.0,0.3,7478
20200115,21016115,668912819,32.0,32.0,31.7,31.8,-0.2,6933
20200116,16565033,527412676,31.85,31.95,31.75,31.95,0.15,6089
20200117,15250144,488705198,32.0,32.1,31.9,32.1,0.15,5966
20200120,20221666,653184051,32.1,32.4,32.1,32.35,0.25,7171
20200130,59764778,1888028471,31.95,31.95,31.2,31.2,-1.15,17784
20200131,28009871,887873022,31.25,32.0,31.25,31.55,0.35,7893
20200203,29661062,932588738,31.15,31.75,30.75,31.6,0.05,9636
20200204,20416671,649147619,31.6,32.1,31.4,31.8,0.2,7336
20200205,17252033,550713999,31.85,32.05,31.6,32.0,0.2,6273
20200206,17829339,574937593,32.1,32.35,32.0,32.35,0.35,6369
20200207,22450696,719499119,32.15,32.25,31.95,32.0,-0.35,7221
20200210,17980807,573509583,31.55,32.1,31.55,32.05,0.05,5371
20200211,14330136,459606965,31.95,32.15,31.9,32.15,0.1,4416
20200212,14634974,470423412,32.05,32.25,32.05,32.1,-0.05,3920
20200213,12914851,415225691,32.1,32.2,32.05,32.2,0.1,4249
20200214,8409184,270907970,32.1,32.3,32.05,32.3,0.1,3095
20200217,16167934,523980818,32.25,32.55,32.2,32.5,0.2,5241
20200218,18789970,616102156,32.45,33.05,32.4,32.9,0.4,6359
20200219,20017482,666278130,33.0,33.45,33.0,33.45,0.55,6812
20200220,26247503,881172429,33.55,33.8,33.2,33.6,0.15,11536
20200221,23578343,786656413,33.55,33.65,33.15,33.2,-0.4,9201
20200224,25895438,848449212,32.95,32.95,32.6,32.7,-0.5,10079
20200225,24682650,804683144,32.35,32.75,32.35,32.7,0.0,8216
20200226,31863695,1030803164,32.35,32.45,32.25,32.35,-0.35,7656
20200227,25961687,837418566,32.3,32.4,32.1,32.35,0.0,6302
20200302,30538797,976686454,31.65,32.2,31.65,31.95,-0.4,9038
20200303,23329556,752590191,32.2,32.45,32.1,32.25,0.3,8316
20200304,16059629,517473619,32.1,32.35,32.1,32.35,0.1,4252
20200305,18015449,590155952,32.35,32.95,32.35,32.9,0.55,5996
20200306,31560331,1023229245,32.8,32.8,32.2,32.45,-0.45,11020
20200309,53794321,1709004572,31.7,32.15,31.4,31.75,-0.7,16052
20200310,48414443,1515807865,31.1,31.6,31.1,31.35,-0.4,13372
20200311,33968278,1063802171,31.3,31.45,31.2,31.2,-0.15,9824
20200312,61293461,1857854188,30.75,30.85,29.9,30.2,-1.0,20149
20200313,95185681,2755611024,28.35,30.2,28.05,30.0,-0.2,27628
20200316,54477197,1592797134,29.1,29.55,29.0,29.0,-1.0,14832
20200317,72442065,2034605492,27.8,28.65,27.6,28.0,-1.0,20327
20200318,47149691,1320506700,27.6,28.45,27.6,28.0,0.0,15541
20200319,69828242,1886289282,27.5,27.75,26.4,26.4,-1.6,20344
20200320,63885918,1753973120,26.7,28.0,26.7,27.95,1.55,17947
20200323,45775995,1232121471,26.55,27.2,26.2,27.0,-0.95,16349
20200324,39560181,1095594226,28.1,28.3,27.35,27.35,0.35,12766
20200325,34707149,973866438,27.95,28.35,27.75,27.95,0.6,12978
20200326,33857040,949232916,28.1,28.3,27.8,28.15,0.2,11285
20200327,30409825,869451219,28.35,28.8,28.3,28.65,0.5,10010
20200330,25237428,717517292,28.3,28.8,27.9,28.65,0.0,7256
20200331,26428767,753501148,28.85,28.9,28.2,28.45,-0.2,8375
20200401,25522455,717956401,28.3,28.35,28.05,28.05,-0.4,10259
20200406,32576256,923653766,29.05,29.45,28.05,28.45,0.4,8888
20200407,33753748,961583064,28.65,28.75,28.3,28.4,-0.05,12583
20200408,29273218,832488549,28.4,28.6,28.35,28.4,0.0,10790
20200409,16699602,476469928,28.4,28.65,28.4,28.5,0.1,5076
20200410,22098752,642452080,28.6,29.3,28.55,29.15,0.65,8759
20200413,21476433,615648812,28.7,28.9,28.5,28.6,-0.55,8596
20200414,32853368,943094272,28.6,28.85,28.55,28.85,0.25,12359
20200415,27811667,809585767,28.9,29.25,28.9,29.2,0.35,8896
20200416,26033212,749698544,28.8,28.9,28.6,28.8,-0.4,8364
20200417,22082427,644952585,29.05,29.45,29.05,29.05,0.25,6826
20200420,20025296,579796446,28.95,29.1,28.75,28.9,-0.15,6833
20200421,33094460,942635125,28.85,28.85,28.2,28.35,-0.55,12407
20200422,23441113,662784194,28.0,28.5,28.0,28.3,-0.05,10586
20200423,25997195,735949445,28.2,28.6,28.2,28.3,0.0,10109
20200424,24180472,682839131,28.3,28.35,28.2,28.2,-0.1,9977
20200427,22145272,635153829,28.55,28.85,28.35,28.7,0.5,11641
20200428,27855091,815529605,29.05,29.45,29.0,29.45,0.75,12271
20200429,37487108,1119393840,29.8,30.05,29.5,29.95,0.5,12475
20200430,39206740,1189426640,30.05,30.65,30.05,30.1,0.15,10511
20200504,36012972,1055546542,28.7,29.55,28.7,29.35,-0.75,14768
20200505,20851452,620855060,29.45,29.95,29.4,29.85,0.5,7638
20200506,24088407,714237884,29.85,29.85,29.4,29.55,-0.3,6907
20200507,24850749,736133528,29.55,29.85,29.4,29.55,0.0,5741
20200508,18787381,563545544,30.0,30.15,29.85,30.0,0.45,5576
20200511,20909260,634876380,30.3,30.5,30.2,30.4,0.4,7806
20200512,21153977,639646669,30.35,30.35,30.1,30.3,-0.1,5953
20200513,16241655,492500765,30.3,30.45,30.15,30.3,0.0,4257
20200514,24415579,737751839,30.15,30.35,30.05,30.25,-0.05,7159
20200515,25618479,774864610,30.3,30.4,30.1,30.25,0.0,5637
20200518,19846882,597311243,30.1,30.25,30.0,30.05,-0.2,6640
20200519,27628213,843021456,30.6,30.7,30.3,30.55,0.5,7405
20200520,19620699,601498555,30.65,30.8,30.55,30.8,0.25,7184
20200521,15689636,484744494,30.8,31.0,30.6,31.0,0.2,4601
20200522,20233906,618771742,30.75,30.9,30.45,30.45,-0.55,6453
20200525,9292308,281358062,30.5,30.55,30.1,30.35,-0.1,3294
20200526,16443468,503881430,30.7,30.8,30.45,30.65,0.3,4135
20200527,10073700,309075752,30.65,30.8,30.6,30.7,0.05,4280
20200528,20054124,612123643,30.7,30.75,30.4,30.45,-0.25,5434
20200529,29416131,902577810,30.35,30.75,30.3,30.75,0.3,3520
20200601,18193311,562162971,30.9,31.05,30.65,30.7,-0.05,5363
20200602,10687719,329704821,30.7,30.95,30.7,30.9,0.2,3227
20200603,25684443,803156674,31.2,31.5,31.05,31.3,0.4,8016
20200604,19353722,607784162,31.5,31.5,31.3,31.4,0.1,5746
20200605,19407931,608437905,31.4,31.5,31.2,31.5,0.1,9173
20200608,23356918,739582286,31.5,31.8,31.4,31.8,0.3,6767
20200609,19397281,615790125,31.75,31.85,31.55,31.85,0.05,7261
20200610,19388453,619929059,31.85,32.1,31.7,32.1,0.25,9046
20200611,21733733,694243182,32.0,32.1,31.75,31.8,-0.3,11019
20200612,26175012,820265072,31.0,31.7,30.9,31.5,-0.3,11386
20200615,15569101,489945338,31.45,31.65,31.3,31.3,-0.2,6410
20200616,15948364,507412683,31.5,32.0,31.5,31.7,0.4,7145
20200617,17111838,540216075,31.55,31.7,31.45,31.7,0.0,7777
20200618,16453786,519086451,31.75,31.75,31.45,31.65,-0.05,5844
20200619,35782161,1121143055,31.55,31.6,31.25,31.25,-0.4,9227
20200622,18770895,585582540,31.25,31.45,31.1,31.15,-0.1,6055
20200623,16587444,515908649,31.15,31.4,30.9,31.15,0.0,5462
20200624,16333831,509961431,31.25,31.45,31.1,31.25,0.1,5270
20200629,25476186,787700803,30.9,31.05,30.85,30.9,-0.35,10671
20200630,20392078,630768046,31.0,31.1,30.9,30.9,0.0,8141
20200701,16287233,509595211,30.9,31.5,30.9,31.25,0.35,7142
20200702,14326452,451354563,31.25,31.65,31.2,31.55,0.3,4948
20200703,26195532,830461780,31.7,31.9,31.55,31.55,0.0,7269
20200706,20135209,641221478,31.6,32.0,31.55,31.95,0.4,5330
20200707,25976176,829435478,32.0,32.1,31.8,32.0,0.05,5238
20200708,18991386,608559102,31.95,32.15,31.9,32.05,0.05,7832
20200709,23309455,750561545,32.1,32.3,32.05,32.25,0.2,7205
20200710,21142314,678588048,32.2,32.25,31.9,32.0,-0.25,8192
20200713,16680078,535129171,32.1,32.2,32.0,32.05,0.05,5368
20200714,16139736,519148487,32.1,32.25,32.05,32.2,0.15,6066
20200715,26490947,850575856,32.2,32.3,32.0,32.15,-0.05,15998
20200716,27552753,881910906,32.2,32.25,31.9,32.15,0.0,13268
20200717,22252625,715977613,32.2,32.3,32.05,32.25,0.1,8892
20200720,27345389,883547101,32.2,32.5,32.15,32.45,0.2,7442
20200721,24149331,786065696,32.5,32.65,32.45,32.55,0.1,9063
20200722,23050302,752683928,32.5,32.75,32.45,32.7,0.15,6550
20200723,18157664,593392948,32.5,32.8,32.3,32.7,0.0,6303
20200724,29281866,947024579,32.45,32.6,32.1,32.15,-0.55,7659
20200727,27541469,877026237,32.1,32.2,31.55,31.6,-0.55,8943
20200728,24218228,765625667,31.3,31.8,31.2,31.65,0.05,10023
20200729,22135877,712191471,31.6,32.3,31.55,32.2,0.55,6749
20200730,20321389,653999335,32.3,32.35,32.0,32.35,0.15,4557
20200731,25818554,834595051,32.4,32.5,32.2,32.35,0.0,4586
20200803,25729185,824543352,32.3,32.3,31.8,32.1,-0.25,6958
20200804,12822064,412628974,32.1,32.3,32.1,32.25,0.15,3857
20200805,17043585,549137971,32.3,32.3,32.15,32.2,-0.05,5644
20200806,18323152,592423802,32.25,32.45,32.2,32.45,0.25,6631
20200807,29716983,965371506,32.5,32.6,32.4,32.45,0.0,6914
20200810,26171198,849883835,32.45,32.55,32.3,32.5,0.05,6348
20200811,28003239,909248246,32.4,32.5,32.35,32.45,-0.05,9936
20200812,39861561,1292145894,32.45,32.5,32.3,32.35,-0.1,9418
20200813,90598570,2752932807,30.5,30.55,30.1,30.4,,35487
20200814,34089922,1025057963,30.3,30.3,30.0,30.05,-0.35,15665
20200817,32994237,988949174,30.05,30.1,29.95,30.0,-0.05,16871
20200818,28791629,862051929,30.05,30.05,29.9,29.95,-0.05,12177
20200819,27359691,820969684,29.95,30.3,29.9,29.9,-0.05,13549
20200820,52948391,1564634678,29.9,29.95,29.35,29.4,-0.5,27785
20200821,23576917,696782027,29.65,29.8,29.45,29.6,0.2,11387
20200824,22428782,663362316,29.7,29.7,29.5,29.6,0.0,7195
20200825,31506593,931261532,29.6,29.65,29.5,29.5,-0.1,12319
20200826,25596908,755983684,29.5,29.65,29.5,29.55,0.05,9380
20200827,24443538,720228392,29.65,29.7,29.35,29.4,-0.15,13178
20200828,23405789,688682742,29.5,29.55,29.35,29.4,0.0,9311
20200831,23068076,676109115,29.55,29.6,29.25,29.25,-0.15,9949
20200901,48348033,1405436098,29.25,29.3,29.0,29.05,-0.2,20254
20200902,36589022,1057249349,29.2,29.2,28.8,28.9,-0.15,20075
20200903,23571392,679760968,28.9,28.95,28.75,28.9,0.0,11061
20200904,38199792,1095914352,28.75,28.9,28.6,28.65,-0.25,17973
20200907,18314770,526585730,28.65,28.85,28.6,28.85,0.2,8382
20200908,16313343,470362830,28.95,29.0,28.75,28.85,0.0,7953
20200909,20521959,588329162,28.7,28.85,28.6,28.75,-0.1,9849
20200910,21044031,602697716,28.75,28.8,28.6,28.75,0.0,9831
20200911,25629026,732822954,28.7,28.75,28.55,28.65,-0.1,12268
20200914,16931246,484098569,28.65,28.7,28.5,28.65,0.0,7232
20200915,15976051,456474686,28.6,28.65,28.55,28.65,0.0,8337
20200916,11950674,342454194,28.65,28.75,28.55,28.75,0.1,5607
20200917,17230024,493285699,28.7,28.75,28.55,28.55,-0.2,8922
20200918,37872842,1079152893,28.55,28.6,28.45,28.45,-0.1,15060
20200921,34880072,986623221,28.4,28.45,28.2,28.2,-0.25,17819
20200922,46203522,1290699266,28.15,28.15,27.85,27.85,-0.35,22656
20200923,48460359,1336449097,27.85,27.9,27.5,27.5,-0.35,29912
20200924,53662033,1454075455,27.3,27.3,27.0,27.0,-0.5,25032
20200925,32748327,898385913,27.05,27.85,27.0,27.45,0.45,15555
20200928,19270139,535846228,27.65,27.95,27.6,27.9,0.45,9273
20200929,26062037,726750986,28.05,28.1,27.7,27.8,-0.1,9895
20200930,13690927,381418906,27.9,27.95,27.8,27.8,0.0,4916
20201005,17398971,485179088,27.9,28.1,27.8,27.8,0.0,7637
20201006,16905717,471873485,28.0,28.0,27.85,27.95,0.15,6309
20201007,10462266,292172883,28.0,28.0,27.85,27.95,0.0,4709
20201008,10348834,289121034,28.0,28.05,27.9,28.0,0.05,4832
20201012,17725541,498070238,28.05,28.25,27.95,28.25,0.25,5813
20201013,10856573,305229889,28.25,28.3,28.05,28.15,-0.1,5415
20201014,18788092,526623730,28.1,28.15,28.0,28.0,-0.15,6389
20201015,19683577,547024192,28.0,28.0,27.65,27.75,-0.25,9996
20201016,13914013,386361869,27.8,27.85,27.7,27.7,-0.05,6564
20201019,9787323,272069093,27.7,27.9,27.7,27.8,0.1,4261
20201020,13524380,374957134,27.8,27.85,27.65,27.7,-0.1,6045
20201021,14061623,389731490,27.75,27.8,27.65,27.65,-0.05,7528
20201022,12090360,334793268,27.6,27.8,27.6,27.8,0.15,4537
20201023,11191475,310118990,27.75,27.8,27.65,27.75,-0.05,4719
20201026,13263458,368857709,27.75,27.85,27.7,27.8,0.05,5024
20201027,16657649,461634557,27.65,27.8,27.65,27.7,-0.1,7179
20201028,14219238,393498978,27.7,27.75,27.6,27.65,-0.05,8696
20201029,16136395,444580471,27.6,27.65,27.5,27.5,-0.15,10891
20201030,18029272,497099672,27.5,27.75,27.4,27.55,0.05,6736
20201102,11553474,320262759,27.65,27.95,27.55,27.95,0.4,5886
20201103,11455144,321104086,28.0,28.1,27.9,28.1,0.15,5351
20201104,11530627,324187819,28.2,28.2,28.05,28.1,0.0,5686
20201105,11672913,330982161,28.2,28.45,28.1,28.4,0.3,6006
20201106,11903560,339079242,28.45,28.55,28.4,28.5,0.1,5714
20201109,16031477,460280513,28.6,28.8,28.55,28.75,0.25,5958
20201110,23611958,682669792,28.85,29.0,28.75,29.0,0.25,8205
20201111,42231034,1243982914,29.15,29.7,29.1,29.7,0.7,14910
20201112,22622919,661719867,29.7,29.7,29.05,29.2,-0.5,8050
20201113,14959126,436875855,29.2,29.35,29.0,29.35,0.15,4649
20201116,21178003,621998891,29.5,29.55,29.2,29.45,0.1,6778
20201117,20044183,588610178,29.5,29.5,29.2,29.45,0.0,6134
20201118,19685474,581915080,29.45,29.65,29.35,29.65,0.2,7234
20201119,14535309,429634026,29.35,29.6,29.35,29.6,-0.05,4590
20201120,12723407,376256281,29.6,29.65,29.5,29.55,-0.05,4464
20201123,15624165,463236595,29.6,29.75,29.55,29.7,0.15,5084
20201124,13829176,407386295,29.7,29.7,29.3,29.3,-0.4,6166
20201125,12499571,366725868,29.45,29.45,29.25,29.25,-0.05,4376
20201126,14121360,412799321,29.25,29.3,29.2,29.3,0.05,6192
20201127,16781086,489105636,29.2,29.25,29.1,29.1,-0.2,7474
20201130,61195977,1753528451,29.1,29.15,28.45,28.45,-0.65,14420
20201201,14672481,425306805,28.65,29.15,28.65,29.15,0.7,6407
20201202,15862163,462289376,29.0,29.25,29.0,29.2,0.05,4739
20201203,11593508,337680165,29.1,29.2,29.0,29.2,0.0,4313
20201204,19643218,571868033,29.2,29.2,29.05,29.1,-0.1,7122
20201207,24391002,707407895,29.1,29.15,28.9,29.0,-0.1,11404
20201208,28812773,826733228,28.85,28.9,28.6,28.7,-0.3,14793
20201209,24508875,705458174,28.65,28.9,28.65,28.75,0.05,7573
20201210,14088906,406040864,28.75,29.0,28.65,28.8,0.05,5028
20201211,20032896,584646563,28.95,29.3,28.95,29.3,0.5,6862
20201214,16801634,492964312,29.35,29.4,29.3,29.3,0.0,7661
20201215,14371852,416544669,29.1,29.2,28.9,29.05,-0.25,6145
20201216,19591647,574494158,29.0,29.45,29.0,29.4,0.35,8937
20201217,16790785,494686405,29.45,29.5,29.35,29.5,0.1,6073
20201218,18808787,553740557,29.45,29.5,29.35,29.5,0.0,5756
20201221,19164812,565256113,29.4,29.65,29.2,29.65,0.15,6072
20201222,17302942,512168215,29.65,29.65,29.45,29.65,0.0,6048
20201223,13235077,388086080,29.4,29.45,29.15,29.45,-0.2,5177
20201224,10410377,306116012,29.5,29.5,29.3,29.45,0.0,3284
20201225,6337524,186106671,29.4,29.45,29.3,29.35,-0.1,2874
20201228,12881859,377951153,29.35,29.55,29.25,29.55,0.2,5808
20201229,11149345,328673051,29.5,29.55,29.4,29.55,0.0,4264
20201230,27564489,820414711,29.5,30.0,29.45,29.9,0.35,10109
20201231,18906897,564662590,29.9,30.0,29.75,29.8,-0.1,5104
20210104,19762067,587975449,29.65,29.9,29.55,29.9,0.1,5437
20210105,12492746,372487603,29.85,29.9,29.75,29.85,-0.05,5110
20210106,26160964,774373129,29.75,29.85,29.4,29.45,-0.4,12116
20210107,36871487,1092917762,29.45,29.8,29.45,29.75,0.3,7397
20210108,39674792,1186127148,29.75,30.0,29.7,30.0,0.25,10752
20210111,19291891,578238266,29.95,30.05,29.9,30.05,0.05,6446
20210112,14287885,425899503,29.95,30.0,29.75,29.75,-0.3,6056
20210113,19672121,586024948,29.75,29.9,29.65,29.8,0.05,5078
20210114,20877390,619267647,29.75,29.85,29.55,29.75,-0.05,7932
20210115,22617392,665197997,29.6,29.6,29.3,29.3,-0.45,11458
20210118,23086391,671156538,29.2,29.25,29.0,29.15,-0.15,10377
20210119,14809064,430885559,29.1,29.15,29.05,29.1,-0.05,5157
20210120,38989615,1122682006,29.05,29.05,28.6,28.7,-0.4,20700
20210121,19350216,557926721,28.7,29.0,28.7,28.7,0.0,7722
20210122,20702107,592579421,28.7,28.7,28.55,28.6,-0.1,8945
20210125,20922349,602834379,28.7,28.95,28.6,28.85,0.25,7179
20210126,19158794,550704848,28.9,28.9,28.6,28.7,-0.15,6786
20210127,18560517,533268303,28.8,28.85,28.65,28.7,0.0,5354
20210128,29038114,828965891,28.6,28.7,28.5,28.55,-0.15,14324
20210129,38163704,1082802699,28.55,28.65,28.15,28.15,-0.4,13914
20210201,14736588,421683287,28.2,28.75,28.15,28.65,0.5,6992
20210202,18383964,528516097,28.7,28.9,28.6,28.7,0.05,6301
20210203,17486328,503106355,28.75,28.85,28.6,28.8,0.1,4609
20210204,13651833,393747718,28.7,28.95,28.65,28.8,0.0,5286
20210205,20359243,587086927,28.85,29.0,28.7,28.8,0.0,8432
20210217,48117691,1409723712,29.0,29.55,28.95,29.4,0.6,15639
20210218,17433965,510292732,29.4,29.4,29.15,29.25,-0.15,7758
20210219,17889096,520308432,29.2,29.2,29.0,29.15,-0.1,8094
20210222,19424454,566129533,29.15,29.3,29.05,29.1,-0.05,8209
20210223,23524474,691838759,29.15,29.6,29.1,29.55,0.45,8481
20210224,36962185,1088041068,29.6,29.7,29.25,29.3,-0.25,10850
20210225,25775685,762306996,29.4,29.7,29.35,29.65,0.35,10043
20210226,45273202,1327407136,29.65,29.65,29.2,29.2,-0.45,14158
20210302,24029744,713039661,29.6,29.8,29.55,29.65,0.45,9366
20210303,24125264,717745043,29.7,29.8,29.55,29.75,0.1,7256
20210304,24994557,738661565,29.75,29.75,29.3,29.6,-0.15,9012
20210305,21001230,621825279,29.45,29.8,29.35,29.7,0.1,6516
20210308,34048464,1017908208,29.75,30.0,29.7,29.9,0.2,10244
20210309,56490957,1716145505,30.0,30.6,29.95,30.6,0.7,18213
20210310,27346457,835745433,30.6,30.65,30.4,30.6,0.0,10510
20210311,41161208,1271932612,30.65,31.1,30.6,30.75,0.15,14615
20210312,15532115,476212217,30.8,30.8,30.45,30.65,-0.1,6845
20210315,24432872,756841091,30.7,31.1,30.65,31.0,0.35,9684
20210316,25093775,783914641,31.1,31.45,31.05,31.35,0.35,10164
20210317,29447872,922209461,31.35,31.45,31.15,31.45,0.1,11228
20210318,25210493,793881189,31.45,31.6,31.4,31.4,-0.05,8250
20210319,39809844,1239916623,31.2,31.35,31.05,31.05,-0.35,11864
20210322,18225939,567537839,30.95,31.35,30.8,31.25,0.2,9268
20210323,15890164,496748911,31.2,31.35,31.05,31.35,0.1,6338
20210324,15928420,491058595,31.25,31.4,31.15,31.4,0.05,5066
20210325,12517063,393941301,31.35,31.6,31.3,31.6,0.2,5399
20210326,16102887,508801664,31.6,31.7,31.45,31.6,0.0,6015
20210329,14683825,465579536,31.6,31.8,31.55,31.8,0.2,6846
20210330,14873952,472511353,31.75,31.85,31.6,31.8,0.0,5502
20210331,17427074,555356867,31.8,31.9,31.75,31.9,0.1,4926
20210401,15872033,506235617,31.9,32.0,31.85,31.9,0.0,5012
20210406,16080253,514108177,31.95,32.0,31.9,32.0,0.1,6700
20210407,15045122,480701431,32.0,32.0,31.9,32.0,0.0,5853
20210408,11730121,373119397,31.9,31.95,31.75,31.75,-0.25,5880
20210409,23768794,750598145,31.7,31.8,31.5,31.55,-0.2,7022
20210412,19148692,605791694,31.5,31.8,31.4,31.65,0.1,5691
20210413,25720270,819486789,31.7,31.95,31.7,31.85,0.2,6154
20210414,31930223,1018339959,31.85,31.95,31.75,31.9,0.05,6830
20210415,16729160,533731028,31.9,31.95,31.85,31.9,0.0,4482
20210416,26287556,841341750,31.9,32.05,31.85,32.05,0.15,8596
20210419,38271260,1238687072,32.05,32.5,32.0,32.45,0.4,9784
20210420,24094015,783120285,32.45,32.55,32.4,32.55,0.1,6862
20210421,20842497,674048986,32.4,32.45,32.3,32.3,-0.25,7038
20210422,25805684,833796896,32.15,32.4,32.1,32.35,0.05,8657
20210423,15018656,483920734,32.35,32.4,32.1,32.25,-0.1,5774
20210426,21553151,698198228,32.25,32.6,32.1,32.6,0.35,9022
20210427,14504107,472508639,32.6,32.65,32.4,32.6,0.0,6505
20210428,18102513,587327307,32.5,32.6,32.3,32.6,0.0,7692
20210429,22937677,749502913,32.55,32.8,32.45,32.65,0.05,7336
20210503,20629401,671502046,32.5,32.7,32.45,32.45,-0.2,7443
20210504,25234209,814783727,32.5,32.6,32.1,32.1,-0.35,10277
20210505,18382987,589655436,32.1,32.2,31.95,32.05,-0.05,6703
20210506,17762492,570847269,32.05,32.45,31.9,32.35,0.3,5951
20210507,15333245,498561878,32.35,32.6,32.3,32.6,0.25,5837
20210510,33340154,1094574824,32.65,33.0,32.6,33.0,0.4,10939
20210511,28630398,936015526,32.95,33.0,32.3,32.45,-0.55,10542
20210512,65980983,2084584684,32.3,32.6,30.05,31.35,-1.1,25025
20210513,38904278,1223609010,31.1,32.0,30.8,31.4,0.05,14971
20210514,25230270,796813259,31.45,31.8,31.4,31.7,0.3,7984
20210517,34717962,1078013566,31.05,31.5,30.8,31.1,-0.6,13975
20210518,20270188,645039781,31.15,32.1,31.15,32.0,0.9,7717
20210519,17432552,558718523,31.95,32.2,31.85,32.1,0.1,6619
20210520,18761087,600811324,32.1,32.15,31.85,32.1,0.0,5029
20210521,19912170,643809936,32.2,32.6,32.2,32.5,0.4,5972
20210524,15979615,520262938,32.2,32.7,32.2,32.6,0.1,5249
20210525,16347781,535300594,32.5,32.95,32.5,32.7,0.1,5529
20210526,11716437,383738088,32.7,32.85,32.7,32.75,0.05,4386
20210527,89530117,2964813414,32.6,33.2,32.45,33.2,0.45,7681
20210528,21945561,724297240,33.0,33.1,32.85,33.1,-0.1,7281
20210531,16203134,535649636,33.1,33.1,32.95,33.1,0.0,6148
20210601,12339050,407165647,33.0,33.15,32.95,33.0,-0.1,4287
20210602,19509203,644153317,33.0,33.15,32.9,33.15,0.15,7602
20210603,16759297,552848057,33.0,33.15,32.9,33.0,-0.15,4452
20210604,11119680,366322668,33.0,33.0,32.85,33.0,0.0,4834
20210607,18273776,603293049,33.05,33.1,32.75,33.1,0.1,5344
20210608,11330280,374708086,33.15,33.2,33.0,33.1,0.0,3870
20210609,19523995,640992544,32.9,32.95,32.7,32.95,-0.15,6996
20210610,17578473,578887499,32.95,33.1,32.7,33.1,0.15,5220
20210611,11562211,380442689,33.0,33.05,32.85,32.9,-0.2,3820
20210615,9465020,310260834,32.9,32.9,32.7,32.75,-0.15,4801
20210616,21688630,712097947,32.65,33.1,32.6,33.0,0.25,10317
20210617,11033164,362627302,32.7,33.0,32.65,32.9,-0.1,4394
20210618,30926776,1013831572,32.75,33.0,32.7,32.75,-0.15,5003
20210621,19895243,648261189,32.75,32.85,32.5,32.5,-0.25,9317
20210622,15508834,504638145,32.7,32.75,32.5,32.5,0.0,7442
20210623,16525982,540365377,32.5,32.95,32.5,32.75,0.25,6811
20210624,13895773,454524495,32.75,32.95,32.6,32.6,-0.15,5557
20210625,11820030,388734099,32.65,33.0,32.65,32.9,0.3,4255
20210628,10965658,359209004,32.9,32.95,32.7,32.75,-0.15,6387
20210629,15537771,506611040,32.7,32.75,32.55,32.55,-0.2,6593
20210630,10165699,333383861,32.55,32.9,32.55,32.85,0.3,3617
20210701,14108325,460394782,32.7,32.8,32.5,32.65,-0.2,7574
20210702,9098270,296377297,32.65,32.7,32.55,32.55,-0.1,5069
20210705,11419286,372993891,32.75,32.8,32.6,32.75,0.2,4262
20210706,11431361,374898497,32.75,32.9,32.7,32.85,0.1,5960
20210707,12948125,423132216,32.7,32.8,32.5,32.8,-0.05,5749
20210708,10152992,332472156,32.8,32.9,32.65,32.8,0.0,4150
20210709,15427241,503188573,32.6,32.9,32.5,32.9,0.1,5873
20210712,14116668,463646368,32.85,32.9,32.8,32.8,-0.1,5481
20210713,13620371,447705169,32.8,32.95,32.8,32.95,0.15,5330
20210714,16959661,556588724,32.8,32.95,32.75,32.95,0.0,6554
20210715,13927743,457298681,32.8,32.9,32.8,32.85,-0.1,6760
20210716,15905804,523609207,32.75,33.0,32.75,33.0,0.15,5757
20210719,16647690,548293039,32.85,33.1,32.75,33.1,0.1,4762
20210720,9415946,309532092,32.9,33.0,32.8,32.8,-0.3,4336
20210721,16507926,541460845,32.8,32.95,32.7,32.9,0.1,6869
20210722,12793079,422094128,32.9,33.1,32.85,33.05,0.15,4786
20210723,11455622,378419042,33.05,33.1,32.95,33.1,0.05,4422
20210726,10787592,355678258,33.1,33.15,32.85,33.0,-0.1,4598
20210727,8202993,270610379,33.0,33.05,32.85,33.05,0.05,3048
20210728,15181920,500367486,33.05,33.1,32.85,33.0,-0.05,5377
20210729,10448364,345136537,33.0,33.1,32.9,33.1,0.1,4291
20210730,20438458,675146293,33.1,33.1,32.9,33.1,0.0,4210
20210802,14943686,493009702,33.1,33.1,32.9,33.0,-0.1,4113
20210803,18192140,600924342,33.05,33.1,32.95,33.1,0.1,4618
20210804,14653436,484950936,33.05,33.15,33.05,33.15,0.05,5457
20210805,12928956,428033637,33.15,33.15,33.05,33.15,0.0,4148
20210806,21133025,701356788,33.1,33.25,33.05,33.2,0.05,6574
20210809,21530273,712482260,33.1,33.2,32.9,33.2,0.0,5839
20210810,24762436,818608063,33.2,33.2,33.0,33.05,-0.15,6178
20210811,43565283,1440277931,33.05,33.1,32.95,33.05,0.0,9273
20210812,101904665,3136449536,30.75,30.95,30.6,30.7,,40644
20210813,24004830,744072608,30.8,31.15,30.7,31.05,0.35,11674
20210816,24543829,759738992,31.05,31.1,30.85,31.05,0.0,13179
20210817,25002099,783250594,31.05,31.95,31.0,31.45,0.4,8892
20210818,18935504,594410175,31.45,31.5,31.3,31.45,0.0,9741
20210819,21901099,685895293,31.4,31.45,31.2,31.3,-0.15,9529
20210820,17972928,563572891,31.45,31.55,31.05,31.45,0.15,6507
20210823,25261805,788861761,31.55,31.55,31.05,31.05,-0.4,12188
20210824,10445029,326444198,31.15,31.35,31.05,31.35,0.3,3657
20210825,12475991,391242003,31.45,31.45,31.3,31.45,0.1,4891
20210826,11522668,361443082,31.4,31.5,31.2,31.45,0.0,4452
20210827,16221983,516426996,31.45,32.0,31.4,32.0,0.55,5431
20210830,14546159,467065869,32.0,32.45,31.9,32.45,0.45,5102
20210831,24053133,783165283,32.4,32.8,32.25,32.8,0.35,5138
20210901,12415303,403923418,32.6,32.65,32.45,32.55,-0.25,6463
20210902,13666607,439299521,32.5,32.55,32.0,32.1,-0.45,9204
20210903,19077497,618144167,32.2,32.55,32.15,32.55,0.45,7697
20210906,12518621,406879676,32.55,32.6,32.35,32.5,-0.05,6819
20210907,7308266,236628979,32.5,32.5,32.3,32.45,-0.05,4886
20210908,13407277,433850295,32.45,32.5,32.2,32.5,0.05,5204
20210909,8393477,271058527,32.3,32.4,32.2,32.3,-0.2,3663
20210910,13570201,439079134,32.3,32.5,32.2,32.45,0.15,4520
20210913,11482592,370143768,32.4,32.4,32.2,32.3,-0.15,6266
20210914,12819907,416004073,32.45,32.5,32.35,32.5,0.2,4977
20210915,10743432,347709875,32.5,32.5,32.25,32.35,-0.15,4617
20210916,8873548,287215574,32.35,32.5,32.25,32.35,0.0,3429
20210917,24918512,803630013,32.35,32.5,32.15,32.15,-0.2,4881
20210922,26282137,840745196,32.0,32.2,31.9,32.1,-0.05,11762
20210923,11450071,369959453,32.2,32.4,32.1,32.4,0.3,4076
20210924,8718538,282273370,32.45,32.5,32.3,32.4,0.0,3756
20210927,11245852,364147346,32.4,32.5,32.2,32.35,-0.05,4385
20210928,6409694,206961884,32.3,32.4,32.1,32.4,0.05,3187
20210929,21261504,681876842,32.15,32.2,32.0,32.05,-0.35,11079
20210930,12311731,394875102,32.0,32.2,32.0,32.05,0.0,3323
20211001,23590234,753241975,32.0,32.1,31.85,32.05,0.0,11412
20211004,9389730,301056461,32.05,32.15,32.0,32.1,0.05,4133
20211005,15014431,480883366,32.05,32.1,31.9,32.05,-0.05,5461
20211006,14997084,481581367,32.05,32.35,31.9,32.25,0.2,6202
20211007,12345046,399999515,32.35,32.5,32.25,32.4,0.15,4451
20211008,10418795,335815820,32.4,32.4,32.15,32.25,-0.15,3476
20211012,21138827,680023782,32.1,32.45,31.9,32.45,0.2,6456
20211013,13609955,441144102,32.45,32.5,32.3,32.5,0.05,3907
20211014,11486183,372885874,32.5,32.6,32.3,32.3,-0.2,4042
20211015,11929183,386185370,32.35,32.5,32.25,32.5,0.2,4006
20211018,20110092,657852490,32.5,32.95,32.4,32.95,0.45,6800
20211019,10893412,357195976,32.95,32.95,32.7,32.75,-0.2,5133
20211020,11337646,372328707,32.75,32.95,32.75,32.9,0.15,6383
20211021,20386821,671698099,32.9,33.0,32.8,32.95,0.05,5665
20211022,13973674,461309099,32.95,33.1,32.8,33.05,0.1,5489
20211025,8166469,269791685,33.0,33.1,32.9,33.1,0.05,3461
20211026,32680408,1091180853,33.1,33.5,33.05,33.45,0.35,8410
20211027,9064477,302444618,33.35,33.5,33.3,33.35,-0.1,4534
20211028,7678174,255882925,33.35,33.4,33.2,33.4,0.05,3912
20211029,14143894,470669805,33.3,33.4,33.05,33.4,0.0,4615
20211101,8456500,281657399,33.4,33.4,33.25,33.3,-0.1,3152
20211102,13559701,451664200,33.35,33.4,33.25,33.3,0.0,4759
20211103,9231573,307240601,33.25,33.4,33.15,33.4,0.1,3364
20211104,8159424,272568490,33.4,33.45,33.25,33.45,0.05,3513
20211105,15555790,521337025,33.4,33.7,33.35,33.7,0.25,5436
20211108,7895484,265060525,33.7,33.7,33.5,33.6,-0.1,4872
20211109,11973326,402335168,33.6,33.7,33.45,33.7,0.1,4549
20211110,22811212,772457082,33.7,34.0,33.5,34.0,0.3,7677
20211111,9170281,309950089,34.0,34.0,33.7,33.8,-0.2,5141
20211112,9329134,315473676,33.9,34.0,33.75,33.9,0.1,3287
20211115,12303344,417300540,33.95,34.0,33.8,33.95,0.05,4597
20211116,16991067,578399288,33.95,34.2,33.9,34.2,0.25,6470
20211117,12949578,442471367,34.05,34.25,34.05,34.2,0.0,5454
20211118,15705541,543184916,34.25,34.75,34.2,34.7,0.5,5602
20211119,14659925,505875032,34.65,34.7,34.25,34.65,-0.05,5496
20211122,16290718,557435737,34.5,34.55,34.05,34.15,-0.5,7157
20211123,11424605,389627544,34.1,34.25,34.0,34.1,-0.05,4691
20211124,11383672,390847759,34.1,34.6,34.0,34.35,0.25,4441
20211125,10002383,342384417,34.3,34.5,34.1,34.5,0.15,4258
20211126,20996939,713693543,34.15,34.35,33.85,33.9,-0.6,14968
20211129,15827875,536163825,33.8,34.1,33.7,33.9,0.0,6058
20211130,52864424,1797882755,33.75,34.2,33.55,34.2,0.3,9100
20211201,9020626,306962118,33.75,34.2,33.75,34.15,-0.05,4507
20211202,12546790,427178390,33.95,34.25,33.8,34.25,0.1,4584
20211203,13555485,462831152,34.2,34.3,34.05,34.15,-0.1,5231
20211206,17778504,611015135,34.0,34.6,33.9,34.6,0.45,6931
20211207,21803753,757270037,34.45,35.1,34.3,35.1,0.5,8793
20211208,22778962,800690922,35.1,35.3,34.95,35.2,0.1,10693
20211209,12017351,422474803,35.2,35.3,34.95,35.3,0.1,6565
20211210,16411942,582368172,35.2,35.7,35.1,35.65,0.35,7965
20211213,14511185,515588049,35.65,35.8,35.35,35.5,-0.15,10333
20211214,11007998,387615707,35.35,35.4,35.1,35.4,-0.1,5660
20211215,7904736,278218528,35.3,35.35,35.1,35.2,-0.2,4048
20211216,22558151,798747491,35.2,35.6,35.15,35.6,0.4,7228
20211217,28876372,1031381685,35.25,35.9,35.25,35.9,0.3,5541
20211220,20943985,749369395,35.7,36.0,35.5,36.0,0.1,8214
20211221,17062557,611274996,35.95,35.95,35.7,35.75,-0.25,5374
20211222,13040370,464837499,35.7,35.7,35.55,35.65,-0.1,4219
20211223,15222178,540505554,35.6,35.65,35.4,35.5,-0.15,6989
20211224,9628923,341278480,35.5,35.6,35.35,35.5,0.0,4648
20211227,10579148,374986016,35.5,35.6,35.35,35.6,0.1,5244
20211228,8822358,313350009,35.6,35.6,35.4,35.6,0.0,4470
20211229,11482555,408688257,35.6,35.75,35.5,35.6,0.0,4358
20211230,8685505,309026334,35.6,35.7,35.5,35.55,-0.05,3474
20220103,15996708,566471660,35.6,35.7,35.2,35.35,-0.2,8603
20220104,15447146,547328791,35.4,35.55,35.25,35.55,0.2,6318
20220105,14444780,511652361,35.4,35.55,35.3,35.55,0.0,6821
20220106,18393345,657915842,35.4,36.0,35.35,36.0,0.45,8517
20220107,23309833,845302137,36.0,36.5,35.9,36.2,0.2,9002
20220110,14353806,516905626,36.2,36.2,35.8,36.15,-0.05,7612
20220111,25964094,950386959,36.0,37.0,35.95,37.0,0.85,9869
20220112,21178735,782250447,37.0,37.0,36.7,37.0,0.0,10320
20220113,34458590,1292514706,37.0,37.85,37.0,37.85,0.85,14080
20220114,25282530,944084456,37.75,37.85,37.05,37.45,-0.4,15608
20220117,19354294,716464688,37.3,37.35,36.85,37.05,-0.4,13130
20220118,16225860,602886013,37.05,37.4,36.8,37.25,0.2,7855
20220119,16421041,606533503,37.05,37.05,36.8,37.0,-0.25,11634
20220120,13381805,494182067,36.8,37.1,36.75,36.95,-0.05,6466
20220121,20046563,734420050,36.75,36.85,36.35,36.85,-0.1,9043
20220124,13069053,479566727,36.5,36.95,36.35,36.9,0.05,7635
20220125,24575262,897419173,36.4,36.9,36.3,36.9,0.0,10393
20220126,13270049,490001757,36.8,37.2,36.6,36.95,0.05,6606
20220207,29567773,1110694550,37.0,38.0,37.0,38.0,1.05,16357
20220208,39614830,1533369782,38.1,39.0,38.0,38.95,0.95,17202
20220209,24612276,955583060,38.95,39.1,38.7,38.8,-0.15,13451
20220210,19050216,731587790,38.8,38.8,38.1,38.7,-0.1,11934
20220211,15837533,611970656,38.5,38.85,38.35,38.8,0.1,8885
20220214,22318503,853563261,38.45,38.5,38.05,38.45,-0.35,12274
20220215,11632786,444094963,38.3,38.35,38.05,38.1,-0.35,10372
20220216,17663660,675456527,38.2,38.4,38.05,38.2,0.1,12831
20220217,14811690,566635062,38.3,38.4,38.1,38.4,0.2,7770
20220218,13167836,502104204,38.1,38.3,38.0,38.1,-0.3,8459
20220221,23491419,887887362,38.0,38.0,37.65,38.0,-0.1,14154
20220222,33624152,1260038502,37.7,37.75,37.25,37.6,-0.4,19066
20220223,20383983,770305798,37.6,38.15,37.55,38.05,0.45,10218
20220224,27939337,1051165783,37.8,37.8,37.5,37.7,-0.35,12833
20220225,36656953,1374729359,37.55,37.65,37.25,37.6,-0.1,13020
20220301,23250543,885087745,37.55,38.2,37.45,38.2,0.6,9471
20220302,16225405,616631395,38.15,38.15,37.8,38.1,-0.1,6921
20220303,11757496,447293545,38.1,38.15,37.95,38.1,0.0,6554
20220304,15225056,576155007,38.0,38.0,37.5,38.0,-0.1,6452
20220307,35148992,1313243773,37.5,37.65,37.0,37.65,-0.35,16575
20220308,28001182,1048488565,37.5,37.8,37.3,37.35,-0.3,16147
20220309,16063085,603345052,37.5,37.95,37.4,37.4,0.05,9278
20220310,17080838,648540019,37.5,38.25,37.5,38.25,0.85,8932
20220311,7994368,303832808,38.0,38.2,37.8,37.95,-0.3,6980
20220314,15848347,607631783,38.0,38.5,38.0,38.5,0.55,6542
20220315,15187136,584834279,38.5,38.7,38.3,38.6,0.1,7695
20220316,39156099,1528408319,38.75,39.5,38.5,39.5,0.9,13781
20220317,31346313,1255019927,40.4,40.6,39.55,40.05,0.55,14117
20220318,39172747,1585717418,40.4,40.8,40.15,40.45,0.4,12606
20220321,15151869,614383332,40.45,40.6,40.45,40.6,0.15,7863
20220322,18567388,760057718,40.5,41.15,40.45,41.15,0.55,8913
20220323,32926714,1383912326,41.2,42.45,41.2,42.35,1.2,16748
20220324,14573262,615606129,42.2,42.5,41.85,42.25,-0.1,11967
20220325,29546160,1240281797,42.1,42.45,41.5,42.2,-0.05,14952
20220328,21860247,918508668,41.7,42.5,41.6,42.4,0.2,13205
20220329,10416789,438594978,42.3,42.35,42.0,42.0,-0.4,7222
20220330,20706180,872514064,42.2,42.4,41.75,42.25,0.25,11546
20220331,22927133,980006841,42.3,43.0,42.15,42.9,0.65,8648
20220401,20463463,878900055,42.75,43.2,42.55,43.1,0.2,8614
20220406,28287940,1231226117,43.2,44.05,42.8,44.05,0.95,17664
20220407,52118307,2323714918,44.2,45.4,43.9,44.1,0.05,27025
20220408,19140155,845467581,44.15,44.45,43.75,44.35,0.25,12685
20220411,22658562,1008977946,44.4,44.85,44.1,44.65,0.3,13448
20220412,16141869,717377554,44.6,44.65,44.15,44.45,-0.2,10685
20220413,20559894,920611995,44.5,45.0,44.3,44.95,0.5,9317
20220414,35058370,1526203053,45.05,45.1,42.95,43.1,-1.85,27542
20220415,25973953,1116156989,42.9,43.75,42.4,42.85,-0.25,11379
20220418,38133358,1592744987,42.6,42.65,41.2,41.9,-0.95,21500
20220419,24194733,1008480938,41.95,42.3,41.35,41.5,-0.4,15428
20220420,31041549,1282225720,41.55,42.0,41.0,41.75,0.25,13722
20220421,28793653,1180921901,41.7,41.7,40.7,41.0,-0.75,15954
20220422,26380602,1087893616,40.7,41.55,40.65,41.55,0.55,10403
20220425,27399621,1133539469,41.15,41.8,41.0,41.55,0.0,11914
20220426,20917324,875013920,41.7,42.0,41.35,41.95,0.4,9638
20220427,22327522,931422662,41.55,41.95,41.55,41.6,-0.35,10613
20220428,25419914,1042390904,41.5,41.75,40.8,41.0,-0.6,11848
20220429,17751309,733889993,41.0,41.8,40.9,41.6,0.6,6707
20220503,10961243,449335796,41.4,41.4,40.8,40.85,-0.75,8403
20220504,13718703,559728078,41.3,41.3,40.6,40.85,0.0,7460
20220505,33688651,1348957542,41.1,41.15,39.55,39.85,-1.0,20270
20220506,31832438,1245413727,38.85,39.5,38.6,39.35,-0.5,14463
20220509,30986843,1184149778,38.55,38.9,38.0,38.0,-1.35,16388
20220510,30917401,1175970092,37.6,38.45,37.3,38.2,0.2,11328
20220511,24105950,919989581,38.0,38.35,37.9,38.35,0.15,9846
20220512,32479369,1211839914,37.95,38.0,36.75,37.0,-1.35,17582
20220513,29684733,1092254331,37.0,37.2,36.3,36.95,-0.05,13967
20220516,24792170,908198153,37.05,37.2,36.25,36.9,-0.05,14270
20220517,21459713,783508023,36.75,36.8,36.4,36.45,-0.45,10643
20220518,25021243,926729438,36.45,37.6,36.45,37.5,1.05,10451
20220519,22824843,836926035,36.9,36.95,36.5,36.6,-0.9,10620
20220520,22050666,814709963,36.8,37.3,36.55,37.1,0.5,7631
20220523,21150866,786910839,37.2,37.7,36.65,37.2,0.1,7368
20220524,16444052,614770149,37.3,37.8,37.1,37.2,0.0,6478
20220525,20127905,752608772,37.3,37.65,37.0,37.6,0.4,7956
20220526,17814969,667010484,37.65,37.7,37.25,37.3,-0.3,8127
20220527,18461103,697502250,37.5,38.05,37.3,37.95,0.65,6496
20220530,25770933,985288616,38.2,38.5,37.8,38.45,0.5,10564
20220531,48316251,1857840025,38.4,38.75,37.8,38.75,0.3,10366
20220601,16407833,628958364,38.7,38.7,38.15,38.2,-0.55,6896
20220602,17612302,667807434,37.95,38.15,37.6,37.9,-0.3,7865
20220606,25997968,973714466,37.3,38.0,37.0,37.8,-0.1,11236
20220607,18250795,686194421,37.45,37.75,37.35,37.7,-0.1,5870
20220608,11197987,421663441,37.8,37.85,37.55,37.7,0.0,5630
20220609,20533024,763121216,37.5,37.5,37.05,37.15,-0.55,8620
20220610,16793479,621042273,36.8,37.15,36.65,37.1,-0.05,6400
20220613,32556143,1178215108,36.3,36.5,35.8,36.5,-0.6,15179
20220614,16816898,616945824,36.3,37.0,36.2,36.9,0.4,6642
20220615,28237354,1022956673,36.35,36.4,36.0,36.2,-0.7,15399
20220616,22161331,805214947,36.5,36.85,36.1,36.15,-0.05,8509
20220617,66943126,2367554775,35.85,36.0,35.05,35.3,-0.85,19315
20220620,52630520,1841116702,35.3,35.8,34.6,34.6,-0.7,14252
20220621,52370330,1867851046,35.15,36.1,35.0,35.6,1.0,12458
20220622,45457987,1608012064,35.6,36.0,35.05,35.4,-0.2,15719
20220623,39043684,1384198992,36.05,36.35,35.1,35.35,-0.05,12884
20220624,20312793,735061174,36.25,36.5,35.85,36.15,0.8,9897
20220627,16853771,613773385,36.6,36.7,36.2,36.2,0.05,9471
20220628,11015575,400215598,36.45,36.5,36.2,36.35,0.15,3843
20220629,19589697,701463568,35.8,36.1,35.55,35.7,-0.65,8655
20220630,20399329,721785064,35.5,35.7,35.2,35.3,-0.4,6630
20220701,17825004,629731394,35.3,35.55,35.1,35.25,-0.05,7666
20220704,17602416,627592946,35.5,36.0,35.4,35.75,0.5,6963
20220705,10394647,371633447,36.0,36.2,35.5,35.55,-0.2,6621
20220706,14084442,496445484,35.75,35.8,35.1,35.2,-0.35,6097
20220707,12942771,454483307,35.25,35.4,34.8,35.15,-0.05,5608
20220708,7995777,281021191,35.25,35.4,35.0,35.05,-0.1,4533
20220711,12136581,418161560,34.9,34.95,34.3,34.3,-0.75,8124
20220712,14584247,488525809,33.9,33.95,33.35,33.45,-0.85,8766
20220713,23678693,823080682,34.3,35.25,34.2,34.85,1.4,9305
20220714,9732007,337883389,34.8,35.0,34.5,34.55,-0.3,7107
20220715,13481926,458940900,34.3,34.4,33.9,33.9,-0.65,8681
20220718,14783475,503933898,33.9,34.4,33.7,34.15,0.25,6995
20220719,7890960,269698495,34.0,34.35,33.9,34.15,0.0,5339
20220720,15924102,546507232,34.35,34.75,34.0,34.15,0.0,9376
20220721,9585031,328171707,34.0,34.45,33.85,34.45,0.3,4975
20220722,11727306,406691548,34.5,35.0,34.1,34.9,0.45,5235
20220725,14288234,493617511,34.7,34.75,34.35,34.45,-0.45,8374
20220726,14335636,495350463,34.4,34.8,34.25,34.6,0.15,5282
20220727,12361427,432264120,34.65,35.2,34.55,35.15,0.55,5539
20220728,14474750,513710736,35.25,35.7,35.15,35.6,0.45,8803
20220729,22606756,801651963,35.8,35.9,35.15,35.4,-0.2,8383
20220801,8509616,301808394,35.4,35.6,35.2,35.55,0.15,4908
20220802,15020836,532405181,35.3,35.7,35.0,35.7,0.15,6424
20220803,16080012,571591776,35.75,35.75,35.4,35.6,-0.1,5949
20220804,16183083,577816608,35.6,35.9,35.45,35.65,0.05,6169
20220805,17216012,618393078,36.1,36.1,35.8,35.85,0.2,6058
20220808,13485637,483977819,35.85,36.0,35.6,36.0,0.15,5474
20220809,30828305,1129967453,36.05,37.15,36.05,36.9,0.9,9814
20220810,47811656,1774991243,36.9,37.35,36.75,37.2,0.3,14454
20220811,41978009,1504652281,35.9,36.05,35.4,35.8,,15462
20220812,18762884,670087712,36.0,36.0,35.6,35.7,-0.1,9654
20220815,17305296,616685550,35.7,35.75,35.45,35.6,-0.1,8714
20220816,14331186,513051200,35.6,35.95,35.6,35.8,0.2,6156
20220817,17252727,615839842,35.7,35.8,35.55,35.75,-0.05,8564
20220818,12628726,453519163,35.8,36.05,35.6,36.05,0.3,3781
20220819,11446962,409950281,35.85,36.0,35.65,35.8,-0.25,4729
20220822,14509367,519308842,35.55,35.95,35.35,35.8,0.0,6231
20220823,17578144,622028188,35.65,35.65,35.2,35.2,-0.6,12612
20220824,12195810,428969551,35.3,35.35,35.1,35.1,-0.1,8401
20220825,10315005,365530191,35.15,35.6,35.1,35.55,0.45,5684
20220826,11189170,401063975,35.75,35.95,35.6,35.85,0.3,6121
20220829,14073490,499371663,35.1,35.7,35.1,35.5,-0.35,6262
20220830,15604832,552978007,35.3,35.8,35.2,35.45,-0.05,8142
20220831,18007763,644365036,35.45,35.9,35.3,35.9,0.45,5130
20220901,17998331,633515084,35.3,35.4,35.05,35.15,-0.75,8878
20220902,13617677,477856058,35.2,35.3,35.0,35.0,-0.15,5503
20220905,10399001,364950589,35.15,35.3,34.85,35.3,0.3,5449
20220906,9843808,347715643,35.5,35.5,35.2,35.35,0.05,5028
20220907,17703112,618523919,35.0,35.2,34.85,34.95,-0.4,9886
20220908,12422183,434455259,35.0,35.1,34.85,35.0,0.05,5424
20220912,13378989,473139775,35.2,35.55,35.1,35.55,0.55,4949
20220913,15809475,555041596,35.55,35.6,34.95,35.05,-0.5,10300
20220914,14328662,498715264,34.7,34.95,34.55,34.75,-0.3,7633
20220915,15875581,549075291,34.7,34.75,34.45,34.55,-0.2,7720
20220916,31940100,1101690010,34.4,34.75,34.3,34.5,-0.05,9944
20220919,11717322,404733910,34.7,34.85,34.35,34.45,-0.05,6372
20220920,11877753,410516615,34.65,34.7,34.45,34.45,0.0,8360
20220921,18568808,637362975,34.45,34.55,34.2,34.25,-0.2,10202
20220922,21740358,733368076,34.1,34.2,33.6,33.65,-0.6,13369
20220923,10216517,346135628,33.8,34.05,33.7,33.9,0.25,6425
20220926,18982894,634453270,33.7,33.7,33.2,33.35,-0.55,10583
20220927,32091564,1049728599,33.3,33.5,32.45,32.45,-0.9,22065
20220928,37111214,1182680816,32.2,32.45,31.5,31.95,-0.5,21520
20220929,33977805,1074500657,31.95,32.2,31.3,31.8,-0.15,15886
20220930,34530101,1079622663,31.55,31.6,31.05,31.15,-0.65,13647
20221003,26357539,809254727,30.85,30.95,30.55,30.65,-0.5,12486
20221004,22341163,686058352,30.75,30.95,30.55,30.7,0.05,10070
20221005,16743862,518336804,30.85,31.25,30.85,30.85,0.15,7867
20221006,13523151,421287728,31.0,31.35,30.7,31.35,0.5,6256
20221007,12156233,376856899,31.2,31.25,30.85,31.0,-0.35,7851
20221011,30624434,923459677,30.3,30.35,30.05,30.05,-0.95,15243
20221012,13995687,421933272,30.05,30.4,29.9,30.25,0.2,6657
20221013,30116924,896949585,30.25,30.25,29.5,29.75,-0.5,18039
20221014,29731088,879804359,29.8,30.05,29.4,29.4,-0.35,20262
20221017,19574020,570269631,29.3,29.35,29.0,29.25,-0.15,10045
20221018,16435578,484386137,29.5,29.7,29.2,29.7,0.45,5224
20221019,19896014,581920481,29.7,29.75,29.0,29.0,-0.7,15193
20221020,36778010,1062004655,28.5,29.3,28.4,29.2,0.2,12369
20221021,19501777,576570660,29.45,29.75,29.25,29.7,0.5,8335
20221024,16629545,493858083,29.9,29.95,29.5,29.6,-0.1,5389
20221025,21285915,632239512,29.95,30.05,29.4,29.95,0.35,7323
20221026,17715468,534462620,30.0,30.5,29.85,30.15,0.2,7422
20221027,19957186,598041608,30.3,30.45,29.7,29.7,-0.45,9539
20221028,12830598,382441510,29.85,30.05,29.6,29.8,0.1,4475
20221031,13846928,415629640,30.0,30.3,29.9,29.9,0.1,5182
20221101,23640371,703665617,29.95,30.0,29.6,29.75,-0.15,10463
20221102,20944552,616953130,29.6,29.65,29.3,29.35,-0.4,12145
20221103,17895537,521700447,29.35,29.4,29.05,29.1,-0.25,8364
20221104,15227975,444285420,28.95,29.55,28.8,29.55,0.45,7070
20221107,17537904,525615546,29.8,30.2,29.6,30.2,0.65,8532
20221108,15397614,465888919,30.4,30.4,30.0,30.4,0.2,6537
20221109,15913342,485193435,30.4,30.65,30.25,30.5,0.1,5673
20221110,13278549,399466982,30.4,30.4,29.95,30.0,-0.5,7242
20221111,32287467,992903663,30.6,31.15,30.35,30.85,0.85,10258
20221114,25807074,803848379,30.85,31.4,30.7,31.3,0.45,9276
20221115,20619000,642185426,31.1,31.35,30.85,31.15,-0.15,7878
20221116,24370641,754222862,31.1,31.4,30.7,30.85,-0.3,10263
20221117,16197698,497119735,30.85,30.95,30.55,30.85,0.0,4686
20221118,24315753,736141562,30.7,30.85,30.0,30.2,-0.65,13958
20221121,13735705,417555974,30.2,30.55,30.05,30.55,0.35,5115
20221122,15308367,470890693,30.7,30.9,30.4,30.9,0.35,5082
20221123,18475019,575575930,30.95,31.35,30.9,31.1,0.2,8178
20221124,22606514,709642445,31.35,31.65,31.15,31.65,0.55,8707
20221125,17097201,536574879,31.45,31.65,31.2,31.35,-0.3,8409
20221128,20036252,619774975,30.9,31.15,30.65,30.95,-0.4,9219
20221129,20496630,642454280,31.25,31.5,31.0,31.5,0.55,6823
20221130,50866349,1617869832,31.5,32.0,31.35,32.0,0.5,8446
20221201,24087713,764178897,32.15,32.15,31.45,31.55,-0.45,10471
20221202,19422549,605986697,31.35,31.45,31.05,31.1,-0.45,9831
20221205,12924247,402771077,31.1,31.3,31.05,31.05,-0.05,6677
20221206,20180085,625504683,31.0,31.25,30.8,30.95,-0.1,9487
20221207,17955654,557163904,30.9,31.25,30.85,30.95,0.0,5444
20221208,14469400,446584451,31.05,31.15,30.65,31.1,0.15,6806
20221209,9116300,283398671,31.1,31.2,30.9,31.15,0.05,3624
20221212,10265438,318561135,31.05,31.15,30.8,31.15,0.0,4632
20221213,25585748,789200557,31.0,31.3,30.65,30.8,-0.35,10162
20221214,21468996,669471530,30.9,31.3,30.85,31.2,0.4,6526
20221215,12125867,377227990,31.2,31.3,30.9,31.15,-0.05,5317
20221216,20591866,635171982,30.7,31.05,30.7,30.8,-0.35,9728
20221219,12696697,388659355,30.5,30.75,30.5,30.65,-0.15,8415
20221220,17568001,536283571,30.5,30.7,30.3,30.65,0.0,10211
20221221,9237934,281867717,30.4,30.6,30.4,30.5,-0.15,5456
20221222,6564732,201477150,30.55,30.85,30.5,30.85,0.35,3569
20221223,8424598,256743013,30.45,30.55,30.3,30.55,-0.3,4773
20221226,6386754,195229587,30.55,30.7,30.4,30.7,0.15,3685
20221227,7749617,237914214,30.7,30.8,30.6,30.65,-0.05,3554
20221228,8631024,263540142,30.6,30.6,30.45,30.5,-0.15,4776
20221229,13026732,393749530,30.4,30.45,30.1,30.25,-0.25,6981
20221230,10680206,325557852,30.3,30.75,30.25,30.35,0.1,3720
20230103,9815096,297429748,30.3,30.6,30.05,30.5,0.15,6212
20230104,11665729,354457996,30.4,30.6,30.25,30.4,-0.1,7367
20230105,19737293,609722885,30.6,31.1,30.55,31.1,0.7,7812
20230106,9658402,299099171,31.05,31.1,30.8,30.95,-0.15,4871
20230109,21470515,676882939,31.45,31.7,31.2,31.7,0.75,7997
20230110,13014559,411969486,31.75,31.75,31.4,31.75,0.05,5796
20230111,9954965,313928770,31.65,31.75,31.45,31.45,-0.3,5516
20230112,11218554,352937037,31.45,31.6,31.35,31.45,0.0,5592
20230113,9624930,305033345,31.7,31.85,31.6,31.65,0.2,4500
20230116,11897781,379900614,31.9,32.0,31.8,32.0,0.35,6311
20230117,12370464,395331833,31.95,32.0,31.85,32.0,0.0,5535
20230130,48595494,1584753747,33.3,33.55,32.15,32.6,0.6,16553
20230131,22827294,733557682,32.6,32.65,31.95,31.95,-0.65,9027
20230201,16883008,544759109,32.15,32.6,31.9,32.6,0.65,6450
20230202,22227192,723688931,32.55,32.85,32.2,32.85,0.25,8075
20230203,10829647,351987807,32.6,32.7,32.4,32.45,-0.4,6218
20230206,14104797,454685542,32.4,32.5,32.1,32.1,-0.35,7765
20230207,10937095,352567781,32.15,32.4,32.1,32.25,0.15,4874
20230208,16610027,534151017,32.4,32.45,32.0,32.15,-0.1,8302
20230209,6026727,193524810,32.0,32.25,32.0,32.1,-0.05,3747
20230210,13298661,432706494,32.35,32.7,32.25,32.6,0.5,6430
20230213,19649499,648668747,32.65,33.3,32.5,33.3,0.7,8412
20230214,15112045,505806474,33.3,33.65,33.1,33.55,0.25,8060
20230215,13577950,453022951,33.55,33.55,33.2,33.4,-0.15,8632
20230216,33797080,1136440931,33.25,34.1,33.2,33.4,0.0,11734
20230217,8856339,296730033,33.3,33.65,33.3,33.5,0.1,6592
20230220,12088227,410084330,33.5,34.1,33.5,34.05,0.55,7474
20230221,7550574,254472407,33.9,33.95,33.6,33.65,-0.4,5595
20230222,15066339,505543423,33.25,33.85,33.1,33.8,0.15,6919
20230223,11496939,387635366,33.8,33.85,33.65,33.65,-0.15,5055
20230224,22907361,763477233,33.65,33.7,33.2,33.3,-0.35,8248
20230301,27719703,923735627,32.6,33.7,32.6,33.7,0.4,10661
20230302,17851052,589629237,33.6,33.6,32.8,32.95,-0.75,11624
20230303,12146298,399100644,33.0,33.1,32.8,32.8,-0.15,7908
20230306,14519584,478427217,32.85,33.2,32.75,32.95,0.15,7467
20230307,12118554,399378578,32.95,33.2,32.85,33.15,0.2,4876
20230308,19487972,649723563,33.3,33.65,33.2,33.3,0.15,8053
20230309,15800805,521953821,33.3,33.3,32.9,32.95,-0.35,8233
20230310,18010220,588590507,32.6,32.8,32.6,32.65,-0.3,11427
20230313,18146155,589734938,32.45,32.8,32.3,32.55,-0.1,8436
20230314,20777882,669341567,32.1,32.45,32.1,32.1,-0.45,11097
20230315,16972944,545765419,32.3,32.4,32.0,32.0,-0.1,10678
20230316,20406129,645868259,31.8,31.9,31.5,31.65,-0.35,14411
20230317,16365334,521139639,31.95,32.1,31.75,31.75,0.1,6291
20230320,8022475,256424986,31.9,32.1,31.75,32.0,0.25,4448
20230321,8049053,259670664,32.15,32.5,32.1,32.2,0.2,4256
20230322,10538687,343932719,32.7,32.7,32.4,32.7,0.5,5287
20230323,12211986,402813885,32.85,33.15,32.6,33.15,0.45,5997
20230324,8359908,276357874,33.15,33.2,32.9,33.1,-0.05,5114
20230327,8879200,292871781,33.25,33.25,32.8,33.05,-0.05,5221
20230328,8953398,295349674,33.05,33.2,32.8,32.85,-0.2,4703
20230329,10092690,330925276,33.0,33.0,32.7,32.8,-0.05,4429
20230330,6894210,225559047,32.85,32.95,32.65,32.7,-0.1,3867
20230331,14191979,467611065,32.7,33.1,32.65,33.0,0.3,3578
20230406,13611974,448741653,32.95,33.1,32.75,33.0,0.0,8495
20230407,6236040,204474992,33.0,33.0,32.7,32.8,-0.2,5146
20230410,7724231,254833635,33.0,33.1,32.9,33.0,0.2,4377
20230411,11084959,366574787,32.95,33.15,32.95,33.15,0.15,4620
20230412,8128344,269234852,33.15,33.2,33.05,33.15,0.0,3745
20230413,12150794,404282420,33.15,33.35,33.1,33.3,0.15,6462
20230414,14648612,487969847,33.3,33.45,33.2,33.45,0.15,6857
20230417,8661283,289619848,33.5,33.55,33.35,33.45,0.0,4364
20230418,22609293,771488153,34.0,34.5,33.95,34.2,0.75,10189
20230419,13571238,463430291,34.25,34.3,34.0,34.05,-0.15,7366
20230420,7870079,266510475,33.85,33.95,33.7,33.9,-0.15,4641
20230421,8378019,284836931,33.9,34.1,33.85,34.05,0.15,3807
20230424,4310987,146500576,33.95,34.1,33.85,34.1,0.05,3122
20230425,9664175,327968609,34.1,34.2,33.75,33.9,-0.2,5307
20230426,10347111,350798948,33.9,34.0,33.8,34.0,0.1,5217
20230427,7708093,260672615,33.85,33.95,33.65,33.85,-0.15,5018
20230428,8123278,276159638,33.85,34.05,33.8,34.05,0.2,3596
20230502,8545971,290660083,34.0,34.1,33.9,34.1,0.05,5408
20230503,7606458,259507166,34.1,34.2,33.95,34.15,0.05,4643
20230504,10417736,357388030,34.1,34.5,34.05,34.3,0.15,4432
20230505,6349720,217371828,34.4,34.5,34.15,34.25,-0.05,3807
20230508,8493215,291437810,34.3,34.45,34.2,34.3,0.05,4970
20230509,15241763,525193531,34.45,34.55,34.35,34.5,0.2,5763
20230510,12669016,439387678,34.55,34.8,34.55,34.8,0.3,5788
20230511,9702169,337424783,34.85,35.05,34.55,34.8,0.0,4982
20230512,12520574,430517335,34.7,34.75,34.25,34.3,-0.5,6643
20230515,11435697,394160135,34.3,34.65,34.2,34.5,0.2,5310
20230516,18938593,662362318,34.75,35.2,34.7,35.15,0.65,8951
20230517,23241501,826211953,35.1,35.8,35.05,35.6,0.45,12547
20230518,20911677,749443448,35.5,36.0,35.5,35.95,0.35,9570
20230519,23871784,859830896,35.95,36.25,35.75,36.0,0.05,10644
20230522,23564363,849590306,36.0,36.2,35.9,36.2,0.2,12325
20230523,21118680,761422530,36.2,36.2,35.8,36.2,0.0,9564
20230524,21632873,772675951,35.9,35.95,35.6,35.9,-0.3,13234
20230525,25563218,913380731,35.85,36.2,35.35,36.2,0.3,10101
20230526,24802240,889229724,35.7,36.15,35.45,36.15,-0.05,9961
20230529,19794060,713607979,35.9,36.2,35.8,36.2,0.05,8185
20230530,22953178,829543131,36.2,36.3,36.0,36.2,0.0,8399
20230531,73167689,2621538919,36.15,36.2,35.8,35.8,-0.4,8747
20230601,13733655,490951129,35.75,36.0,35.6,35.85,0.05,6081
20230602,23257915,839150253,35.85,36.2,35.8,36.1,0.25,8018
20230605,29596658,1087716941,36.3,36.9,36.25,36.7,0.6,10875
20230606,17666895,646820169,36.9,36.9,36.45,36.5,-0.2,10365
20230607,17646510,650747283,36.6,37.0,36.6,37.0,0.5,9753
20230608,16224997,602808181,37.0,37.3,36.85,37.3,0.3,9214
20230609,16106516,605356039,37.3,37.75,37.25,37.65,0.35,7949
20230612,16993767,642656354,37.65,37.95,37.55,37.65,0.0,9727
20230613,14626024,553435708,37.7,38.0,37.6,37.75,0.1,8049
20230614,13165915,493873144,37.7,37.75,37.4,37.5,-0.25,8988
20230615,16180393,605318632,37.35,37.7,37.25,37.4,-0.1,9060
20230616,53897231,1990872531,37.45,37.45,36.8,36.8,-0.6,13774
20230619,48318852,1782992420,36.8,37.15,36.5,37.0,0.2,10979
20230620,45428598,1694499550,36.85,37.45,36.85,37.45,0.45,8961
20230621,40083799,1508759835,37.35,37.75,37.2,37.75,0.3,7329
20230626,39197138,1480046944,37.65,37.95,37.35,37.75,0.0,9753
20230627,12241887,460707263,37.55,37.9,37.5,37.55,-0.2,6305
20230628,15614335,591178533,37.55,38.0,37.55,37.95,0.4,6200
20230629,26218713,1007038430,38.0,38.7,37.9,38.55,0.6,12088
20230630,21700299,831265273,38.4,38.7,38.1,38.2,-0.35,10627
20230703,13695539,523980359,38.25,38.5,38.2,38.3,0.1,8998
20230704,13287893,510240461,38.45,38.55,38.3,38.5,0.2,6535
20230705,14538349,556881172,38.7,38.7,38.1,38.25,-0.25,13823
20230706,25993111,977633530,38.0,38.15,37.25,37.45,-0.8,12750
20230707,20031600,742521022,37.0,37.45,36.75,37.3,-0.15,8676
20230710,20498463,758685678,37.3,37.6,36.8,36.85,-0.45,11633
20230711,14274607,534717272,37.0,37.65,36.95,37.65,0.8,5583
20230712,17529731,665535260,37.3,38.2,37.3,38.2,0.55,6893
20230713,13373682,510567591,38.35,38.5,38.0,38.1,-0.1,6057
20230714,31931421,1234693012,38.2,38.9,38.15,38.9,0.8,13397
20230717,18618065,724207611,38.8,39.0,38.7,38.9,0.0,12622
20230718,33368616,1303688337,38.75,39.3,38.55,39.3,0.4,15948
20230719,27458768,1068276487,39.25,39.25,38.55,38.85,-0.45,11941
20230720,26311773,1033304816,38.6,39.5,38.6,39.35,0.5,11314
20230721,22588190,888121370,39.15,39.5,38.95,39.35,0.0,11495
20230724,20168539,785795936,39.0,39.3,38.8,39.0,-0.35,10209
20230725,8821736,344641742,39.05,39.15,38.9,39.15,0.15,4977
20230726,14868025,588582408,39.2,39.75,39.15,39.65,0.5,7322
20230727,19095156,765779551,39.75,40.3,39.75,40.1,0.45,10856
20230728,16460733,658742495,40.0,40.2,39.7,40.05,-0.05,10125
20230731,15970116,642692269,40.1,40.5,40.05,40.25,0.2,5767
20230801,18485191,746848795,40.45,40.6,40.15,40.6,0.35,8307
20230802,31049829,1235628116,40.5,40.55,39.4,39.6,-1.0,14957
20230804,23653783,933250940,39.6,39.85,39.2,39.6,0.0,10522
20230807,15546445,619097400,39.5,40.0,39.5,39.95,0.35,6508
20230808,19588878,778600179,39.95,40.0,39.65,39.7,-0.25,7026
20230809,32470250,1288867620,39.7,40.0,39.5,39.95,0.25,9433
20230810,43778686,1662665783,38.75,38.8,37.65,38.1,,25092
20230811,19106982,720956167,38.05,38.2,37.55,37.65,-0.45,11661
20230814,28039293,1034180438,37.6,37.6,36.6,37.05,-0.6,17312
20230815,18474520,678365858,37.0,37.05,36.6,36.6,-0.45,11528
20230816,37569860,1345488534,36.3,36.35,35.6,35.8,-0.8,21624
20230817,28760727,1019283224,35.5,35.85,35.2,35.65,-0.15,15168
20230818,18828269,672991786,35.45,36.3,35.3,35.7,0.05,10892
20230821,15677353,559074496,36.1,36.1,35.5,35.6,-0.1,9887
20230822,24934769,878477179,35.6,35.7,35.05,35.3,-0.3,14062
20230823,11871124,419247905,35.3,35.5,35.2,35.3,0.0,7112
20230824,20101888,719339979,35.5,36.05,35.3,35.85,0.55,8572
20230825,16222801,580492306,35.75,36.0,35.5,35.65,-0.2,9630
20230828,12409404,449717082,35.7,36.5,35.7,36.2,0.55,6908
20230829,16266652,591159944,36.4,36.6,36.15,36.6,0.4,7888
20230830,13739592,501461227,36.75,36.8,36.3,36.45,-0.15,6239
20230831,30398154,1093155779,36.45,36.45,35.9,35.9,-0.55,9394
20230901,9750451,351090367,35.95,36.2,35.9,36.0,0.1,6096
20230904,5611485,202555514,36.0,36.2,36.0,36.2,0.2,3606
20230905,13486406,486280272,36.05,36.25,35.95,36.0,-0.2,6423
20230906,17664872,630934784,36.0,36.05,35.55,35.55,-0.45,12737
20230907,14286709,511979463,35.55,36.05,35.55,35.85,0.3,6550
20230908,10225531,367118564,35.8,36.1,35.65,36.1,0.25,7147
20230911,11647241,421244869,36.2,36.35,36.0,36.2,0.1,5789
20230912,12925837,470363929,36.25,36.6,36.15,36.55,0.35,7528
20230913,8537248,311794088,36.5,36.6,36.4,36.6,0.05,7059
20230914,18499558,687657160,36.8,37.5,36.65,37.5,0.9,8030
20230915,32976481,1236854917,37.5,37.6,37.25,37.55,0.05,11913
20230918,13410374,507000008,37.5,37.95,37.4,37.85,0.3,8207
20230919,14190957,537726462,37.8,38.0,37.7,37.8,-0.05,8327
20230920,14080374,528983706,37.65,37.9,37.6,37.85,0.05,7287
20230921,20415799,763078604,37.6,37.65,37.1,37.4,-0.45,10154
20230922,12588219,474251334,37.1,37.85,37.05,37.8,0.4,5150
20230925,12988510,492421155,37.8,38.0,37.7,38.0,0.2,7656
20230926,11274171,426209181,37.7,38.0,37.6,37.85,-0.15,6329
20230927,12510444,470807085,37.65,37.85,37.45,37.7,-0.15,7589
20230928,9702629,365525329,37.7,37.85,37.5,37.7,0.0,4161
20231002,12709624,476613419,37.85,37.85,37.25,37.6,-0.1,8065
20231003,15433167,581062512,37.6,37.9,37.25,37.65,0.05,6921
20231004,24721310,913623632,37.15,37.35,36.8,36.85,-0.8,14043
20231005,19665332,733248282,37.05,37.55,36.85,37.5,0.65,8091
20231006,12898157,482968557,37.5,37.8,37.25,37.5,0.0,6811
20231011,38669830,1477904459,38.0,38.5,37.7,38.5,1.0,16229
20231012,21927253,848739680,38.5,38.95,38.35,38.95,0.45,11813
20231013,13819455,531057229,38.55,38.65,38.3,38.5,-0.45,8497
20231016,15132952,583910774,38.25,38.8,38.2,38.8,0.3,9064
20231017,12710771,490749389,38.8,38.8,38.35,38.75,-0.05,7405
20231018,15041698,582213777,38.85,38.85,38.55,38.85,0.1,7176
20231019,15939324,611049278,38.65,38.8,38.1,38.35,-0.5,7761
20231020,22423253,840356698,37.6,37.75,37.05,37.5,-0.85,11599
20231023,14429102,536255850,37.3,37.45,37.05,37.1,-0.4,7324
20231024,10372800,384574599,37.1,37.35,36.85,37.25,0.15,7057
20231025,16093471,594780311,37.15,37.15,36.8,36.85,-0.4,10471
20231026,17272733,629296151,36.4,36.75,36.15,36.4,-0.45,10396
20231027,7838865,289186003,36.5,37.05,36.5,36.95,0.55,4452
20231030,16188485,591183457,36.85,37.0,36.3,36.55,-0.4,9839
20231031,11225418,411744389,36.45,36.85,36.45,36.7,0.15,4712
20231101,11828830,432392583,36.9,36.9,36.35,36.65,-0.05,7485
20231102,15633852,587299973,37.0,37.8,36.9,37.8,1.15,7679
20231103,15978071,608422798,37.8,38.25,37.75,38.25,0.45,7751
20231106,17412331,670864190,38.4,38.65,38.15,38.55,0.3,8492
20231107,9773806,376472185,38.45,38.6,38.2,38.6,0.05,5087
20231108,9649032,372306226,38.6,38.7,38.35,38.6,0.0,4147
20231109,9096739,351540319,38.6,38.7,38.45,38.6,0.0,4975
20231110,6407669,246241030,38.45,38.6,38.35,38.4,-0.2,4719
20231113,10603223,407118933,38.45,38.7,38.2,38.5,0.1,6235
20231114,9456452,363542984,38.55,38.6,38.3,38.55,0.05,4603
20231115,24106277,934450279,38.65,38.9,38.5,38.9,0.35,10548
20231116,17455872,681875347,39.0,39.3,38.85,39.2,0.3,8686
20231117,19562709,770353715,39.2,39.6,39.1,39.2,0.0,8727
20231120,11983101,468991503,39.2,39.3,38.95,39.2,0.0,11295
20231121,27213967,1080449766,39.3,39.85,39.2,39.85,0.65,12732
20231122,10789978,429298273,39.8,39.85,39.6,39.85,0.0,6310
20231123,9408908,373474559,39.75,39.85,39.4,39.7,-0.15,8587
20231124,8531955,337755162,39.7,39.75,39.5,39.5,-0.2,6401
20231127,18790243,747969692,39.5,40.15,39.45,39.5,0.0,11542
20231128,16933117,673568151,39.5,40.0,39.45,39.65,0.15,7356
20231129,19137522,753908193,39.65,39.65,39.15,39.15,-0.5,8757
20231130,35606299,1404337148,39.3,39.5,39.2,39.5,0.35,6402
20231201,21895477,848548176,39.15,39.15,38.6,38.65,-0.85,12187
20231204,20571638,800249695,38.7,39.2,38.7,39.0,0.35,7854
20231205,15003663,581620319,38.9,39.0,38.6,38.95,-0.05,7824
20231206,17291383,679451428,39.0,39.5,38.95,39.5,0.55,8464
20231207,16312725,639663446,39.5,39.55,38.95,39.0,-0.5,8168
20231208,14584311,569689406,38.7,39.3,38.7,39.25,,6091
20231211,12555943,488409838,39.25,39.25,38.8,38.9,-0.35,7047
20231212,11765648,460028336,39.35,39.35,38.85,39.3,0.4,6137
20231213,11266345,438522917,39.25,39.25,38.8,38.9,-0.4,6795
20231214,22614194,889768517,39.1,39.55,38.75,39.55,0.65,10058
20231215,26608427,1049051505,39.6,39.65,39.2,39.35,-0.2,11912
20231218,26277608,1030268957,39.35,39.55,38.95,39.05,-0.3,7504
20231219,25389741,993904752,39.0,39.45,38.85,39.15,0.1,9970
20231220,28467743,1103770462,39.05,39.1,38.65,38.75,-0.4,14349
20231221,24649925,944743214,38.4,38.55,38.2,38.3,-0.45,12296
20231222,19624476,751852330,38.25,38.55,38.15,38.35,0.05,9578
20231225,11956270,461089613,38.35,38.8,38.2,38.8,0.45,6984
20231226,7530510,291992081,38.9,38.9,38.6,38.8,0.0,4311
20231227,12162639,473233391,38.8,39.1,38.7,39.0,0.2,6245
20231228,12200345,476198758,38.75,39.2,38.75,39.2,0.2,6114
20231229,10614378,415158513,39.1,39.25,38.9,39.2,0.0,4965
20240102,10437372,409184324,39.0,39.3,38.85,39.3,0.1,5769
20240103,15778549,611578405,38.95,39.1,38.55,38.65,-0.65,8909
20240104,10129830,393610972,38.65,39.05,38.6,38.75,0.1,4359
20240105,8539545,332654016,38.75,39.15,38.75,38.95,0.2,4574
20240108,18003960,709298385,39.1,39.5,39.0,39.45,0.5,8449
20240109,12132787,478621736,39.55,39.55,39.35,39.45,0.0,4978
20240110,12182551,479136681,39.35,39.45,39.05,39.35,-0.1,7660
20240111,11269254,442711999,39.3,39.45,39.0,39.2,-0.15,5487
20240112,9360600,364929592,39.05,39.2,38.7,39.05,-0.15,6312
20240115,8075319,315045640,39.05,39.25,38.85,38.9,-0.15,4315
20240116,20071470,776299511,38.5,38.95,38.35,38.6,-0.3,8780
20240117,44606681,1686212127,38.15,38.4,37.3,37.3,-1.3,23184
20240118,16711024,628778330,37.35,37.85,37.35,37.8,0.5,7108
20240119,13637791,515314568,37.6,37.9,37.5,37.9,0.1,5825
20240122,11862556,451441894,38.0,38.15,37.9,38.1,0.2,6128
20240123,11727278,444781643,38.1,38.15,37.85,37.85,-0.25,6396
20240124,8762943,332412429,37.85,38.05,37.85,37.85,0.0,5705
20240125,9690056,366926415,37.85,38.0,37.75,37.8,-0.05,5671
20240126,11290138,430413603,37.65,38.4,37.65,38.35,0.55,4883
20240129,8123724,311893072,38.25,38.55,38.2,38.35,0.0,4193
20240130,13800161,524465565,38.4,38.4,37.9,37.9,-0.45,8417
20240131,22812174,858836538,37.5,37.8,37.5,37.65,-0.25,15961
20240201,15789580,596476722,37.75,37.9,37.6,37.9,0.25,7979
20240202,9222780,349030048,37.9,37.95,37.7,37.9,0.0,5693
20240205,16173474,609650124,37.6,37.8,37.55,37.6,-0.3,12177
20240215,20527156,775622283,37.6,38.0,37.55,37.8,0.2,10598
20240216,10560673,400568023,37.85,38.25,37.75,37.9,0.1,6554
20240219,10915350,417796582,38.1,38.4,38.05,38.4,0.5,7022
20240220,11751548,452546927,38.4,38.7,38.25,38.6,0.2,7040
20240221,11031373,423197908,38.6,38.7,38.25,38.35,-0.25,6510
20240222,9230778,355263751,38.35,38.55,38.35,38.55,0.2,4631
20240223,9255668,355374110,38.4,38.55,38.3,38.3,-0.25,5267
20240226,8835294,337517712,38.15,38.3,38.1,38.15,-0.15,5196
20240227,11523387,440900753,38.1,38.4,38.1,38.2,0.05,5266
20240229,24163888,933795385,38.2,38.85,38.15,38.7,0.5,6705
20240301,9180666,355039645,38.6,38.8,38.55,38.55,-0.15,6091
20240304,11489772,444931292,38.4,38.85,38.4,38.8,0.25,5476
20240305,18638574,727278382,38.65,39.2,38.65,39.05,0.25,8712
20240306,19875834,782444994,39.05,39.55,39.05,39.4,0.35,10855
20240307,19123334,753261858,39.2,39.55,39.2,39.3,-0.1,10124
20240308,26700108,1061485094,39.25,40.1,39.25,39.9,0.6,12319
20240311,19703048,786226252,39.9,40.1,39.75,39.8,-0.1,9799
20240312,18881523,753815699,39.85,40.05,39.7,39.95,0.15,8027
20240313,26021320,1046590009,39.65,40.4,39.65,40.4,0.45,12643
20240314,22343472,909942239,40.4,41.0,40.4,40.9,0.5,9950
20240315,27704879,1129514807,40.9,40.9,40.2,40.9,0.0,12695
20240318,16453121,668018198,40.85,40.9,40.4,40.6,-0.3,10381
20240319,18424959,742663921,40.55,40.6,40.2,40.2,-0.4,9831
20240320,24900466,1003994780,40.25,40.65,40.15,40.15,-0.05,12007
20240321,21858211,883594823,40.2,40.65,40.2,40.6,0.45,9995
20240322,17263949,693243792,40.3,40.6,40.0,40.1,-0.5,22702
20240325,12816996,512039149,39.9,40.1,39.75,40.0,-0.1,13105
20240326,17024108,689023750,40.15,40.7,40.1,40.55,0.55,7437
20240327,7800410,316108728,40.65,40.65,40.35,40.5,-0.05,4669
20240328,10693980,430401978,40.25,40.45,40.15,40.25,-0.25,13148
20240329,9301915,376831381,40.4,40.6,40.2,40.55,0.3,3988
20240401,12103198,492262840,40.55,40.85,40.4,40.65,0.1,9540
20240402,10261448,414629979,40.6,40.6,40.2,40.3,-0.35,12835
20240403,20697275,825747297,40.2,40.25,39.75,39.75,-0.55,28242
20240408,14835778,590147759,39.7,40.05,39.7,40.0,0.25,6432
20240409,9801784,394721498,40.05,40.4,39.95,40.4,0.4,4495
20240410,9729291,394285877,40.35,40.65,40.35,40.5,0.1,6087
20240411,12148118,487689606,40.1,40.45,39.9,40.15,-0.35,8932
20240412,13343116,533654202,39.9,40.1,39.9,39.95,-0.2,4987
20240415,18697530,746317454,39.95,40.1,39.8,39.8,-0.15,7570
20240416,28516442,1124106982,39.7,40.05,39.1,39.1,-0.7,14329
20240417,20085013,785602750,39.1,39.45,38.95,39.0,-0.1,9110
20240418,30238768,1183481163,39.2,39.45,38.95,39.2,0.2,11044
20240419,45380905,1753636494,39.0,39.3,38.0,38.7,-0.5,19592
20240422,25372211,1003090051,39.4,39.7,39.2,39.5,0.8,9743
20240423,23955914,958284222,39.85,40.1,39.65,40.0,0.5,7789
20240424,49144144,1944526140,40.5,40.5,39.3,39.35,-0.65,23636
20240425,26371254,1030134086,39.0,39.3,38.95,39.0,-0.35,12397
20240426,13509099,530271660,39.0,39.45,38.95,39.1,0.1,5703
20240429,25171585,1005620372,39.3,40.2,39.3,40.1,1.0,9674
20240430,15639490,626485689,40.0,40.35,39.95,40.0,-0.1,5329
20240502,19520419,781703162,40.0,40.35,39.8,39.95,-0.05,8785
20240503,14456429,580350771,40.0,40.25,40.0,40.05,0.1,6811
20240506,31602417,1294160923,40.2,41.2,40.2,41.15,1.1,16525
20240507,25573733,1050804338,41.2,41.2,40.65,40.95,-0.2,12518
20240508,18121484,743835865,41.0,41.15,40.9,41.1,0.15,8802
20240509,15325232,624850215,41.0,41.0,40.55,40.65,-0.45,7907
20240510,15296521,623777285,40.6,40.95,40.55,40.95,0.3,7989
20240513,11999056,491443269,40.95,41.05,40.7,41.05,0.1,6739
20240514,11589852,471250517,40.95,41.0,40.5,40.5,-0.55,6475
20240515,16642484,680555672,40.75,41.1,40.6,40.85,0.35,7731
20240516,19288670,790011256,41.0,41.2,40.75,40.8,-0.05,8460
20240517,12678209,518093008,40.8,41.0,40.75,40.85,0.05,5579
20240520,15798946,643435249,40.9,40.95,40.55,40.8,-0.05,7556
20240521,10677212,433645185,40.65,40.8,40.45,40.6,-0.2,5272
20240522,9895690,401642343,40.8,40.95,40.45,40.55,-0.05,5852
20240523,12055025,483709518,40.1,40.45,40.0,40.1,-0.45,7226
20240524,9662694,387207666,40.05,40.3,40.0,40.0,-0.1,4459
20240527,26663291,1064593247,40.05,40.05,39.65,39.8,-0.2,12729
20240528,16822713,669727123,39.8,39.95,39.7,39.8,0.0,8914
20240529,37766372,1482592828,39.75,39.8,39.0,39.0,-0.8,23895
20240530,31740618,1235174254,38.85,39.2,38.85,38.9,-0.1,18682
20240531,67348471,2629396906,39.0,39.4,38.9,39.05,0.15,13232
20240603,25623845,999875187,39.2,39.3,39.0,39.3,0.25,11980
20240604,23348010,911940691,39.0,39.2,38.85,39.15,-0.15,9190
20240605,17799440,696045705,39.3,39.3,39.0,39.15,0.0,8804
20240606,21439410,840645160,39.05,39.4,39.05,39.3,0.15,8832
20240607,20745923,814257249,39.3,39.5,39.1,39.35,0.05,7934
20240611,22605220,888594220,39.1,39.45,39.1,39.2,-0.15,9788
20240612,17117616,674382047,39.2,39.4,39.2,39.25,0.05,7654
20240613,13638296,538202024,39.35,39.55,39.35,39.45,0.2,7357
20240614,7197218,284492552,39.45,39.6,39.35,39.55,0.1,3928
20240617,7951926,316312666,39.6,39.9,39.6,39.8,0.25,5384
20240618,14745226,589323858,39.9,40.1,39.85,40.1,0.3,6691
20240619,18811937,753310444,40.1,40.2,39.9,39.95,-0.15,8541
20240620,18097367,722123979,40.0,40.05,39.7,40.0,0.05,8362
20240621,35572235,1423545524,40.0,40.15,39.9,40.0,0.0,5981
20240624,30122330,1212726638,40.0,40.35,39.8,40.35,0.35,10207
20240625,30271979,1229435409,40.6,40.7,40.3,40.65,0.3,10886
20240626,27049548,1091934264,40.65,40.7,40.2,40.25,-0.4,12022
20240627,28818933,1156122465,39.85,40.25,39.8,40.25,0.0,8498
20240628,14215519,575505866,40.25,40.7,40.25,40.4,0.15,4966
20240701,15593450,633303323,40.4,40.8,40.3,40.75,0.35,6915
20240702,24071961,982094183,40.35,41.0,40.3,40.75,0.0,11622
20240703,98710550,4174700873,40.75,42.8,40.65,42.75,2.0,29945
20240704,31839960,1340551362,42.55,42.6,41.85,41.95,-0.8,23189
20240705,18854552,793636602,42.0,42.4,41.9,42.1,0.15,14764
20240708,15947072,671239539,42.1,42.4,41.9,42.1,0.0,10880
20240709,19767855,825102920,42.1,42.2,41.4,41.65,-0.45,17183
20240710,18804421,786526457,42.15,42.5,41.6,41.65,0.0,9459
20240711,21963656,921863053,42.0,42.4,41.75,41.75,0.1,10232
20240712,22991826,965904954,41.75,42.35,41.75,42.05,0.3,8699
20240715,14864454,623108958,42.25,42.3,41.75,41.95,-0.1,7452
20240716,17005651,712883602,41.95,42.1,41.75,41.85,-0.1,6336
20240717,19870901,834526480,41.85,42.2,41.65,41.9,0.05,7583
20240718,34237121,1456483164,42.1,42.75,41.85,42.75,0.85,14776
20240719,26367697,1111168861,42.4,42.6,41.7,42.25,-0.5,14962
20240722,26668974,1122815186,41.9,42.45,41.6,42.45,0.2,11335
20240723,17643240,752751704,42.4,42.9,42.3,42.75,0.3,8247
20240726,18527477,787514069,42.35,42.75,42.15,42.7,-0.05,10725
20240729,27688630,1195867231,42.8,43.35,42.75,43.3,0.6,11862
20240730,22628170,967127297,43.2,43.2,42.4,42.75,-0.55,10489
20240731,25347145,1089316528,42.5,43.2,42.4,43.2,0.45,8850
20240801,20184392,872749271,43.2,43.3,43.05,43.3,0.1,12932
20240802,22407346,952377537,42.5,43.0,42.05,42.6,-0.7,11123
20240805,33890657,1393615934,41.5,41.95,40.15,40.9,-1.7,17989
20240806,35737015,1475569195,41.05,42.0,40.0,41.8,0.9,13123
20240807,44557026,1843298477,41.05,41.75,41.05,41.55,-0.25,18557
20240808,74093305,2807936441,38.0,38.35,37.65,38.1,,45132
20240809,55102965,2141360398,38.2,39.1,38.2,38.85,0.75,22070
20240812,29160064,1145344937,39.1,39.6,39.0,39.4,0.55,13464
20240813,33933978,1311970872,39.4,39.4,38.5,38.7,-0.7,22590
20240814,27657364,1077674691,39.0,39.4,38.7,38.9,0.2,12248
20240815,28888196,1113538626,39.25,39.3,38.2,38.35,-0.55,16581
20240816,27192845,1058167415,38.85,39.1,38.7,39.0,0.65,11113
20240819,15976342,620068514,39.1,39.15,38.65,38.65,-0.35,8572
20240820,15975364,621000918,38.95,39.0,38.65,39.0,0.35,7111
20240821,22690923,878428289,39.05,39.05,38.6,38.9,-0.1,10681
20240822,10514731,408563374,38.85,39.0,38.7,39.0,0.1,4144
20240823,9345647,364232050,39.0,39.05,38.75,39.05,0.05,4319
20240826,18103042,714702209,39.15,39.7,39.05,39.6,0.55,7323
20240827,9004556,355954192,39.4,39.75,39.2,39.75,0.15,4543
20240828,17566635,691109739,39.55,39.7,39.2,39.3,-0.45,7849
20240829,16027873,625894069,39.35,39.35,38.9,38.9,-0.4,6775
20240830,32301527,1256720318,38.95,39.2,38.75,38.95,0.05,8150
20240902,7530992,294047042,39.05,39.15,38.95,39.05,0.1,3137
20240903,11083651,431528964,39.05,39.05,38.8,38.95,-0.1,4844
20240904,36526596,1386997261,37.2,38.5,37.15,38.0,-0.95,17773
20240905,13427282,516485658,38.15,38.65,38.15,38.55,0.55,5489
20240906,11832769,458611249,38.55,38.95,38.25,38.9,0.35,6038
20240909,19130269,740709720,38.0,39.1,38.0,39.1,0.2,6891
20240910,21393468,837083208,38.8,39.35,38.65,39.35,0.25,7523
20240911,13605445,530721439,39.25,39.25,38.85,38.95,-0.4,6416
20240912,12877566,503283447,39.35,39.35,38.85,39.0,0.05,4976
20240913,7347051,287191657,39.25,39.25,38.95,39.15,0.15,8172
20240916,9394134,368505306,39.15,39.35,39.0,39.35,0.2,5860
20240918,14953746,588529240,39.25,39.4,39.15,39.4,0.05,7392
20240919,13008173,512097608,39.45,39.5,39.2,39.25,-0.15,5696
20240920,25562504,1007093178,39.3,39.6,39.3,39.35,0.1,6682
20240923,17513328,694134062,39.55,39.75,39.4,39.7,0.35,6442
20240924,12360850,490531692,39.5,39.8,39.4,39.8,0.1,5839
20240925,17988793,715684733,39.9,39.9,39.6,39.85,0.05,8335
20240926,15883097,634474468,40.0,40.0,39.7,40.0,0.15,6166
20240927,22812947,901279670,40.2,40.2,39.25,39.45,-0.55,10837
20240930,14715996,580733074,39.65,39.75,39.3,39.3,-0.15,6063
20241001,7076403,278743135,39.4,39.55,39.2,39.45,0.15,3872
20241004,16743940,653748895,38.9,39.3,38.9,38.95,-0.5,8046
20241007,13417583,524640820,38.95,39.4,38.9,39.3,0.35,6817
20241008,21119387,820645938,38.95,39.15,38.7,38.85,-0.45,7551
20241009,10965767,425531616,38.95,39.1,38.65,38.65,-0.2,5015
20241011,11345572,441847568,38.8,39.2,38.75,38.8,0.15,5119
20241014,7822776,304755694,39.0,39.15,38.8,38.9,0.1,4996
20241015,22232229,871607326,39.0,39.4,38.9,39.3,0.4,8789
20241016,16490550,643937012,38.9,39.25,38.9,39.1,-0.2,6812
20241017,8446912,332159323,39.0,39.5,39.0,39.45,0.35,4258
20241018,19084482,756754790,39.6,39.8,39.45,39.8,0.35,8176
20241021,13425443,528967928,39.9,39.9,39.2,39.3,-0.5,14797
20241022,14044835,551546043,39.3,39.4,39.05,39.4,0.1,6997
20241023,12379824,482525393,39.3,39.3,38.8,38.9,-0.5,7569
20241024,15121991,587442036,38.9,39.1,38.75,38.85,-0.05,4535
20241025,5647468,219974708,39.0,39.15,38.85,38.9,0.05,3463
20241028,8854961,346637458,39.0,39.25,38.9,39.25,0.35,4424
20241029,13931828,544485041,38.95,39.25,38.9,39.1,-0.15,5781
20241030,17434074,684248422,39.35,39.4,39.0,39.3,0.2,4072
20241101,25831541,1000322791,38.8,38.9,38.6,38.65,-0.65,12555
20241104,12152048,475861028,38.7,39.35,38.65,39.35,0.7,5394
20241105,10161896,399295468,39.1,39.4,39.05,39.4,0.05,7576
20241106,12706737,498067988,39.1,39.45,39.0,39.0,-0.4,6343
20241107,10497606,411065518,38.85,39.5,38.85,39.1,0.1,4851
20241108,10615216,416358135,39.4,39.45,39.1,39.1,0.0,6911
20241111,13877665,543812926,39.1,39.3,39.1,39.2,0.1,9819
20241112,24312995,951083669,38.8,39.35,38.8,39.15,-0.05,7300
20241113,18239623,714778750,38.9,39.4,38.85,39.3,0.15,7388
20241114,19672134,769072546,38.95,39.35,38.9,39.0,-0.3,10083
20241115,20269210,795566240,39.1,39.4,39.1,39.25,0.25,7411
20241118,22769220,901457913,39.3,39.75,39.3,39.7,0.45,9605
20241119,19715287,786026934,39.5,40.0,39.5,39.95,0.25,6812
20241120,17668528,705162622,39.65,40.0,39.6,39.95,0.0,9251
20241121,15664520,616392536,39.5,39.7,39.15,39.45,-0.5,15494
20241122,11144782,440981124,39.3,39.8,39.25,39.75,0.3,7627
20241125,77653900,3115247368,40.0,40.15,39.8,40.15,0.4,8955
20241126,15495397,618830133,39.9,40.1,39.65,39.95,-0.2,5726
20241127,19663154,790622732,39.95,40.55,39.9,40.05,0.1,8444
20241128,16900861,676084421,40.1,40.25,39.85,39.85,-0.2,7346
20241129,22112139,879033761,39.6,40.0,39.45,39.75,-0.1,9181
20241202,21385247,847539301,39.8,40.05,39.4,39.45,-0.3,13211
20241203,15720005,629112928,39.7,40.2,39.5,40.2,0.75,6767
20241204,18074471,724161355,40.15,40.2,39.8,40.2,0.0,5253
20241205,14764915,593420903,40.2,40.3,39.95,40.3,0.1,5674
20241206,13731991,549552254,40.3,40.35,39.9,39.95,-0.35,7378
20241209,13322809,530717126,39.7,39.95,39.55,39.95,0.0,4909
20241210,20526207,814360114,39.85,40.1,39.5,39.7,-0.25,7833
20241211,22618697,890080117,39.6,39.6,39.2,39.4,-0.3,9195
20241212,15376334,605995204,39.4,39.5,39.25,39.45,0.05,5899
20241213,12532585,493570805,39.4,39.5,39.25,39.45,0.0,4861
20241216,17152426,679668096,39.5,39.8,39.4,39.5,0.05,6449
20241217,27981170,1097106825,39.5,39.65,39.1,39.2,-0.3,10585
20241218,26484718,1032218544,39.1,39.3,38.85,38.85,-0.35,12989
20241219,28344064,1094775668,38.6,38.95,38.5,38.65,-0.2,12167
20241220,52702618,2032110019,38.5,38.8,38.35,38.6,-0.05,15243
20241223,36057988,1397779896,39.0,39.15,38.65,38.65,0.05,6677
20241224,28777406,1124007548,38.95,39.2,38.9,39.1,0.45,4741
20241225,28005607,1088607438,39.3,39.3,38.7,38.85,-0.25,7528
20241226,25959849,1006545984,38.85,39.0,38.7,38.75,-0.1,6824
20241227,5330272,206846861,38.7,38.9,38.7,38.85,0.1,3476
20241230,10393710,404073521,38.8,39.05,38.75,38.8,-0.05,4977
20241231,14480192,560043412,38.6,38.8,38.6,38.7,-0.1,6314
