Date,Volume,Transaction Amount,Open,High,Low,Close,Diff,Transaction Count
20100104,15465745,306440450,19.85,19.95,19.7,19.75,-0.1,3319
20100105,14942565,296635592,20.0,20.0,19.75,19.9,0.15,2836
20100106,31840519,635808292,19.95,20.15,19.8,20.15,0.25,5020
20100107,20566752,411574859,20.15,20.2,19.85,19.85,-0.3,4023
20100108,16715680,333152389,19.8,20.1,19.8,19.95,0.1,3169
20100111,22059311,436516720,19.8,19.95,19.7,19.75,-0.2,3928
20100112,19651832,385828932,19.8,19.9,19.5,19.5,-0.25,4443
20100113,12804414,247337777,19.45,19.45,19.2,19.25,-0.25,2693
20100114,16148338,311543860,19.25,19.4,19.2,19.25,0.0,3555
20100115,12135319,234968362,19.4,19.45,19.3,19.35,0.1,3124
20100118,6951832,133846640,19.15,19.4,19.1,19.35,0.0,1979
20100119,11770378,226495627,19.4,19.45,19.15,19.2,-0.15,2718
20100120,16906293,323520267,19.25,19.3,19.0,19.05,-0.15,3279
20100121,13482109,256878565,19.0,19.15,19.0,19.05,0.0,2462
20100122,40121005,752035013,18.8,18.9,18.5,18.55,-0.5,5585
20100125,17633798,323588717,18.35,18.5,18.25,18.3,-0.25,3329
20100126,27254594,491380042,18.4,18.45,17.8,17.8,-0.5,5070
20100127,10899440,195639170,17.85,18.05,17.8,17.95,0.15,2255
20100128,8614739,155907252,18.2,18.2,18.0,18.0,0.05,1901
20100129,15062474,267367932,17.85,17.95,17.6,17.9,-0.1,3610
20100201,12094431,214345189,18.0,18.05,17.55,17.65,-0.25,2950
20100202,17264703,301865637,17.9,17.9,17.2,17.25,-0.4,3097
20100203,14937861,259356282,17.5,17.55,17.1,17.5,0.25,2288
20100204,21428841,370296080,17.55,17.55,17.15,17.2,-0.3,3726
20100205,40059111,659337058,16.8,16.8,16.2,16.3,-0.9,5969
20100206,12281207,201675177,16.2,16.65,16.2,16.55,0.25,2744
20100208,16704546,276416225,16.6,16.7,16.45,16.5,-0.05,3509
20100209,21418373,354627066,16.5,16.75,16.35,16.65,0.15,4301
20100210,22164186,370925917,16.8,16.95,16.6,16.7,0.05,4299
20100222,31538850,547458654,17.0,17.6,16.9,17.4,0.7,5631
20100223,14593186,253242913,17.25,17.45,17.2,17.35,-0.05,2943
20100224,18733595,323320632,17.3,17.45,17.05,17.25,-0.1,3144
20100225,20214562,345736995,17.35,17.4,16.85,16.95,-0.3,3732
20100226,23393787,404608920,17.05,17.45,17.05,17.25,0.3,4757
20100301,18093455,317880480,17.4,17.75,17.25,17.5,0.25,3619
20100302,11405153,201234326,17.7,17.7,17.55,17.7,0.2,2123
20100303,19038666,342402738,17.8,18.1,17.8,18.0,0.3,4169
20100304,13714729,243022612,18.0,18.1,17.5,17.55,-0.45,2877
20100305,9914025,176500261,17.7,18.0,17.65,17.75,0.2,2564
20100308,9119879,163323594,18.0,18.0,17.85,17.9,0.15,1693
20100309,9757963,174444160,17.9,18.0,17.75,17.9,0.0,1834
20100310,12162000,216319623,17.95,18.0,17.65,17.75,-0.15,3004
20100311,18505871,323827566,17.75,17.75,17.4,17.45,-0.3,4237
20100312,8027025,140388606,17.5,17.6,17.4,17.45,0.0,2515
20100315,10042670,173742357,17.45,17.5,17.2,17.2,-0.25,2391
20100316,7715610,133777691,17.25,17.5,17.2,17.4,0.2,1591
20100317,15635953,275813443,17.5,17.75,17.5,17.7,0.3,3426
20100318,15342311,274702009,17.8,18.0,17.7,17.95,0.25,3568
20100319,12487852,222662841,17.8,17.95,17.75,17.95,0.0,2323
20100322,9252760,163580828,17.9,17.9,17.6,17.65,-0.3,2300
20100323,12335912,217292239,17.65,17.75,17.5,17.5,-0.15,2459
20100324,8882697,156574822,17.65,17.75,17.55,17.55,0.05,2132
20100325,13869642,241893550,17.5,17.6,17.35,17.45,-0.1,2840
20100326,11634611,202729424,17.35,17.6,17.25,17.45,0.0,3071
20100329,14039329,246219067,17.55,17.6,17.45,17.55,0.1,2425
20100330,11626526,205268060,17.6,17.75,17.55,17.7,0.15,2324
20100331,13983951,245039797,17.6,17.65,17.45,17.45,-0.25,2748
20100401,23833598,421789773,17.5,17.8,17.5,17.75,0.3,6662
20100402,7755211,137843499,17.9,17.9,17.7,17.8,0.05,1724
20100406,13307106,238463985,17.9,18.0,17.8,17.85,0.05,3228
20100407,6826103,122389931,18.0,18.0,17.85,17.95,0.1,1653
20100408,17251370,311022607,17.9,18.2,17.8,17.95,0.0,3455
20100409,18614273,337373113,18.0,18.25,18.0,18.2,0.25,4000
20100412,14108913,257561014,18.35,18.4,18.15,18.2,0.0,3028
20100413,14605077,263368683,18.1,18.15,17.95,17.95,-0.25,1986
20100414,13652074,244484271,18.0,18.1,17.8,17.9,-0.05,2707
20100415,24423487,436112920,18.05,18.1,17.75,17.8,-0.1,3989
20100416,19913184,353704009,17.8,17.9,17.65,17.75,-0.05,2908
20100419,38383929,661725508,17.45,17.5,17.0,17.05,-0.7,6226
20100420,18340007,314355445,17.25,17.25,17.1,17.1,0.05,2854
20100421,8088010,139944883,17.15,17.4,17.15,17.35,0.25,1972
20100422,14050280,241266148,17.3,17.3,17.1,17.25,-0.1,2978
20100423,7676658,132855298,17.35,17.4,17.25,17.3,0.05,1754
20100426,18947070,334420631,17.5,17.75,17.45,17.75,0.45,4522
20100427,16645476,295716156,17.75,17.85,17.6,17.85,0.1,2056
20100428,15533855,270527591,17.3,17.5,17.3,17.4,-0.45,2909
20100429,10667293,185194728,17.5,17.5,17.3,17.35,-0.05,2465
20100430,20146931,353819106,17.5,17.7,17.35,17.35,0.0,4057
20100503,12445135,215859112,17.35,17.5,17.3,17.35,0.0,1783
20100504,14641493,253306531,17.45,17.5,17.2,17.25,-0.1,2082
20100505,21527524,361611130,17.0,17.0,16.85,16.9,-0.35,3568
20100506,23050843,387660708,16.9,16.95,16.65,16.65,-0.25,3727
20100507,18717869,307799101,16.3,16.55,16.3,16.55,-0.1,3279
20100510,10766371,179369941,16.6,16.8,16.55,16.8,0.25,2197
20100511,17778832,297169591,16.95,16.95,16.5,16.5,-0.3,3435
20100512,9925882,165304161,16.6,16.8,16.55,16.55,0.05,2694
20100513,21125042,359680092,16.85,17.25,16.8,17.2,0.65,3826
20100514,10773074,185000128,17.2,17.25,17.05,17.2,0.0,2535
20100517,9828384,165338450,17.0,17.0,16.7,16.85,-0.35,1951
20100518,9067303,152722758,16.9,16.95,16.75,16.85,0.0,1997
20100519,6773121,113979373,16.7,16.9,16.7,16.85,0.0,1485
20100520,10737557,179157078,16.9,16.9,16.6,16.6,-0.25,2299
20100521,23592338,382722693,16.3,16.35,16.15,16.15,-0.45,4001
20100524,7976425,130203053,16.25,16.4,16.2,16.35,0.2,1646
20100525,21210002,340161760,16.3,16.3,15.8,15.85,-0.5,3459
20100526,10743243,172856216,16.05,16.3,15.9,16.15,0.3,2059
20100527,9198198,148537152,16.15,16.3,16.0,16.2,0.05,1726
20100528,14155562,231930509,16.45,16.5,16.25,16.45,0.25,2517
20100531,8687612,143478458,16.4,16.65,16.35,16.65,0.2,1551
20100601,11123307,181671204,16.55,16.55,16.2,16.25,-0.4,2238
20100602,8006513,129982869,16.4,16.4,16.1,16.2,-0.05,1942
20100603,12691675,210250558,16.5,16.7,16.4,16.65,0.45,2634
20100604,5719355,94353117,16.6,16.6,16.4,16.45,-0.2,1408
20100607,13640858,220477277,16.05,16.3,16.0,16.2,-0.25,2714
20100608,9297741,152530673,16.25,16.5,16.25,16.45,0.25,2007
20100609,10607368,172110522,16.4,16.4,16.1,16.15,-0.3,2059
20100610,6787915,110969243,16.45,16.45,16.15,16.4,0.25,1153
20100611,10693998,177988048,16.6,16.8,16.55,16.6,0.2,2255
20100614,10648795,180377242,16.9,17.0,16.85,16.95,0.35,2454
20100615,11334522,192488352,16.95,17.15,16.8,17.1,0.15,1959
20100617,11260656,192490002,17.2,17.2,17.0,17.1,0.0,2455
20100618,6398963,108941300,17.05,17.1,16.95,17.05,-0.05,1176
20100621,21320589,369118787,17.2,17.4,17.2,17.35,0.3,3599
20100622,6329142,109565475,17.35,17.4,17.25,17.25,-0.1,1328
20100623,6730156,116076414,17.2,17.35,17.15,17.25,0.0,1464
20100624,5230678,90207810,17.25,17.35,17.1,17.3,0.05,1256
20100625,58586516,1048074673,17.5,18.4,17.4,17.85,0.55,10923
20100628,75991760,1405959833,18.2,18.75,18.1,18.5,0.65,14614
20100629,36807555,671957640,18.65,18.65,17.95,18.0,-0.5,7425
20100630,21740157,383941976,17.6,17.85,17.45,17.85,-0.15,4381
20100701,29901582,538930576,17.9,18.2,17.8,18.0,0.15,4943
20100702,86032945,1607437532,18.1,19.05,18.0,18.6,0.6,13755
20100705,32579991,606587443,18.8,18.8,18.4,18.55,-0.05,6133
20100706,39558015,743090094,18.65,19.0,18.55,18.95,0.4,6630
20100707,17481091,328527924,19.0,19.0,18.65,18.7,-0.25,3663
20100708,19125776,358174835,19.0,19.0,18.55,18.65,-0.05,2988
20100709,13664975,254775961,18.8,18.8,18.55,18.7,0.05,2605
20100712,13880164,260457520,18.7,18.9,18.55,18.65,-0.05,2810
20100713,8529771,158759715,18.7,18.8,18.5,18.6,-0.05,1668
20100714,23297804,439237055,18.8,18.95,18.75,18.95,0.35,4142
20100715,27999477,532577213,18.85,19.15,18.8,19.0,0.05,4062
20100716,49982418,962349952,18.9,19.6,18.9,19.05,0.05,6969
20100719,21616668,413751388,19.05,19.25,18.95,19.15,0.1,4224
20100720,18293472,351460040,19.2,19.35,19.05,19.15,0.0,3213
20100721,20406981,390286959,19.3,19.4,18.8,18.95,-0.2,3428
20100722,14052545,265283667,19.0,19.2,18.75,18.9,-0.05,3389
20100723,18905921,357716461,19.0,19.1,18.8,18.85,-0.05,3136
20100726,10300053,196103107,19.1,19.2,18.9,19.0,0.15,2013
20100727,7490858,141560494,19.1,19.1,18.8,18.85,-0.15,1531
20100728,9789852,185122488,18.9,19.0,18.8,19.0,0.15,2078
20100729,8720026,164937655,19.0,19.05,18.8,18.9,-0.1,1870
20100730,14396107,272678487,18.9,19.1,18.75,18.85,-0.05,2905
20100802,42644495,822771151,19.1,19.5,19.1,19.4,0.55,6186
20100803,15888273,308752741,19.5,19.55,19.35,19.4,0.0,2820
20100804,13427299,259350670,19.5,19.5,19.2,19.35,-0.05,2216
20100805,42303893,821934724,19.4,19.6,19.3,19.4,0.05,4948
20100806,25749004,498088323,19.4,19.45,19.25,19.35,-0.05,3745
20100809,64963632,1293278140,19.5,20.1,19.45,20.1,0.75,8398
20100810,47545507,943986246,20.1,20.1,19.7,19.9,-0.2,6021
20100811,46895307,879652227,18.9,19.0,18.45,18.5,,6576
20100812,21723071,401894950,18.3,18.75,18.25,18.75,0.25,3855
20100813,22725006,428277273,18.75,19.05,18.6,18.95,0.2,3181
20100816,17258332,328612838,18.9,19.25,18.7,19.05,0.1,3798
20100817,12755010,242369140,19.0,19.1,18.95,19.0,-0.05,2236
20100818,40412359,763973916,19.0,19.1,18.7,18.8,-0.2,5226
20100819,29751977,548206102,18.6,18.8,18.25,18.4,-0.4,4482
20100820,9620452,177691345,18.4,18.6,18.4,18.45,0.05,2071
20100823,42942003,818150620,18.6,19.35,18.5,19.2,0.75,7855
20100824,25548426,490620412,19.3,19.35,19.0,19.15,-0.05,5643
20100825,39804147,741162920,19.1,19.1,18.4,18.5,-0.65,6382
20100826,31096468,570550822,18.5,18.6,18.25,18.25,-0.25,4629
20100827,17202750,316094486,18.4,18.5,18.3,18.3,0.05,3186
20100830,11882391,220154733,18.55,18.7,18.4,18.45,0.15,2086
20100831,16518365,304407744,18.5,18.55,18.3,18.5,0.05,2647
20100901,8416852,155948794,18.7,18.7,18.45,18.5,0.0,1499
20100902,13086491,242593360,18.65,18.65,18.45,18.45,-0.05,3064
20100903,20029429,374875771,18.6,18.85,18.55,18.85,0.4,3405
20100906,21677502,410434938,18.95,19.0,18.8,19.0,0.15,4134
20100907,18255765,347993485,19.15,19.15,18.95,19.0,0.0,2848
20100908,18264871,345644299,19.1,19.25,18.75,18.85,-0.15,3244
20100909,17514462,328572602,18.95,18.95,18.65,18.65,-0.2,2325
20100910,12584095,237797150,18.9,19.0,18.75,18.9,0.25,2035
20100913,43261773,832742484,19.05,19.4,19.05,19.4,0.5,7198
20100914,28888134,559512449,19.4,19.5,19.25,19.5,0.1,3433
20100915,51547456,1009861997,19.5,19.85,19.4,19.55,0.05,6671
20100916,24233365,473290933,19.55,19.65,19.4,19.5,-0.05,3684
20100917,66143459,1315274178,20.0,20.0,19.65,19.85,0.35,10172
20100920,24464580,485974409,19.8,20.0,19.75,19.85,0.0,3618
20100921,23446693,466570159,20.0,20.0,19.65,19.95,0.1,3661
20100923,58824871,1201259387,20.0,20.6,20.0,20.4,0.45,8813
20100924,40085113,823432758,20.55,20.7,20.35,20.45,0.05,7124
20100927,45925061,957365431,20.6,21.15,20.55,21.1,0.65,10087
20100928,24873576,519539104,21.1,21.1,20.65,20.85,-0.25,5504
20100929,24872587,518350924,20.85,21.0,20.65,20.95,0.1,5539
20100930,20810845,429507079,20.9,20.95,20.5,20.7,-0.25,4454
20101001,29107959,606858041,20.6,21.1,20.6,20.9,0.2,5508
20101004,33292911,709945900,20.9,21.5,20.85,21.35,0.45,6847
20101005,21476208,451711045,21.15,21.2,20.85,21.1,-0.25,4397
20101006,20658978,441016328,21.4,21.5,21.2,21.2,0.1,4208
20101007,20410363,432726272,21.3,21.4,21.0,21.05,-0.15,3780
20101008,23015598,477375841,21.0,21.05,20.6,20.65,-0.4,4352
20101011,15769511,324078550,20.65,20.8,20.35,20.35,-0.3,3142
20101012,19919409,404198578,20.35,20.5,20.1,20.25,-0.1,4389
20101013,21272947,435391937,20.4,20.6,20.25,20.55,0.3,4182
20101014,19111836,398271745,20.75,20.95,20.7,20.8,0.25,4459
20101015,12216276,255069554,20.8,20.95,20.8,20.9,0.1,2264
20101018,16293263,332505434,20.9,20.9,20.2,20.4,-0.5,3285
20101019,12356661,250456673,20.4,20.4,20.1,20.2,-0.2,2997
20101020,20238528,405611917,20.0,20.2,19.9,20.1,-0.1,3328
20101021,10744027,215697473,20.15,20.25,20.0,20.0,-0.1,2422
20101022,8056393,161657615,20.15,20.2,20.0,20.1,0.1,1622
20101025,15278310,312659773,20.1,20.65,20.1,20.45,0.35,3370
20101026,14863705,303595500,20.5,20.55,20.25,20.55,0.1,3132
20101027,17567917,357012681,20.6,20.7,20.1,20.15,-0.4,2968
20101028,12161186,247118228,20.25,20.5,20.1,20.4,0.25,2848
20101029,7552129,152691120,20.4,20.4,20.1,20.2,-0.2,1571
20101101,15305749,314983497,20.35,20.7,20.35,20.6,0.4,3324
20101102,11743381,242733613,20.6,20.9,20.5,20.55,-0.05,2804
20101103,12891121,265737599,20.8,20.85,20.45,20.55,0.0,2777
20101104,8252085,170186807,20.6,20.7,20.5,20.65,0.1,1912
20101105,17182520,356398393,20.85,20.85,20.6,20.8,0.15,3072
20101108,12585795,261226074,20.95,20.95,20.6,20.7,-0.1,2142
20101109,11112889,228450436,20.7,20.8,20.45,20.55,-0.15,2322
20101110,10000324,205560218,20.7,20.7,20.4,20.55,0.0,1766
20101111,9657298,197894723,20.45,20.65,20.4,20.4,-0.15,1837
20101112,15977094,321853645,20.4,20.5,20.0,20.0,-0.4,3899
20101115,26248272,514429246,19.95,19.95,19.45,19.6,-0.4,5258
20101116,12881119,252709955,19.55,19.8,19.5,19.5,-0.1,2277
20101117,16539255,322086026,19.45,19.6,19.35,19.35,-0.15,3109
20101118,21976722,435900259,19.5,20.0,19.5,19.9,0.55,4506
20101119,19775711,396397800,20.0,20.15,19.9,19.9,0.0,4470
20101122,9987698,202030279,20.3,20.3,20.1,20.2,0.3,2394
20101123,12912743,260811142,20.3,20.4,20.05,20.05,-0.15,2677
20101124,10666894,213259742,19.9,20.1,19.8,19.95,-0.1,2259
20101125,12919338,260771486,20.05,20.35,20.0,20.35,0.4,2436
20101126,14617002,295582940,20.4,20.45,20.05,20.05,-0.3,3556
20101129,19011902,385760537,20.5,20.5,20.05,20.3,0.25,3129
20101130,25786571,529059770,20.4,20.65,20.25,20.4,0.1,3764
20101201,88584086,1919876284,20.65,21.8,20.65,21.8,1.4,11725
20101202,191565559,4385832135,22.5,23.3,22.5,22.8,1.0,26514
20101203,82001118,1868607469,22.8,23.0,22.4,23.0,0.2,13425
20101206,147081942,3530191026,23.3,24.4,23.3,24.35,1.35,22108
20101207,70710554,1699160164,24.3,24.3,23.8,24.3,-0.05,13547
20101208,39352738,944364312,24.2,24.25,23.9,24.0,-0.3,7827
20101209,91849392,2220937138,24.8,24.8,23.8,23.85,-0.15,14693
20101210,45455143,1069838070,23.65,23.7,23.4,23.6,-0.25,9093
20101213,43386294,1040753536,23.75,24.2,23.75,23.95,0.35,6874
20101214,31679650,753860755,24.0,24.0,23.6,23.75,-0.2,5759
20101215,66211574,1604527460,23.75,24.5,23.7,24.3,0.55,11396
20101216,45443446,1100252141,24.4,24.5,24.05,24.05,-0.25,6721
20101217,88868736,2184965588,24.3,24.85,24.15,24.85,0.8,13565
20101220,80350378,2003858281,25.1,25.3,24.6,24.8,-0.05,12508
20101221,39291765,976011037,24.85,25.05,24.6,24.9,0.1,6703
20101222,33873011,841772375,24.9,25.15,24.7,24.75,-0.15,7083
20101223,53679581,1318990336,24.8,24.9,24.3,24.3,-0.45,9183
20101224,28593569,699117383,24.3,24.65,24.2,24.3,0.0,5162
20101227,52229557,1293867425,24.5,25.1,24.3,25.0,0.7,9099
20101228,48455248,1209751772,25.0,25.2,24.7,24.9,-0.1,8007
20101229,159027879,4166176635,25.0,26.6,25.0,26.6,1.7,22720
20101230,74934267,1981977222,26.7,26.7,26.2,26.45,-0.15,13527
20101231,82441027,2224383555,26.7,27.35,26.5,26.85,0.4,15005
20110103,59482396,1614903868,27.35,27.45,26.85,27.25,0.4,11061
20110104,52685971,1411560678,27.25,27.25,26.4,26.4,-0.85,10238
20110105,85129308,2198992086,26.4,26.65,25.35,25.65,-0.75,15506
20110106,56161433,1436061757,25.55,25.85,25.3,25.8,0.15,9613
20110107,74877852,1878132977,25.7,25.75,24.5,24.7,-1.1,13216
20110110,51054490,1289312676,24.95,25.5,24.9,25.45,0.75,9648
20110111,54477118,1406084618,25.4,26.1,25.2,26.0,0.55,10275
20110112,57504349,1516493276,26.3,26.5,26.1,26.4,0.4,9707
20110113,40657218,1070019070,26.75,26.75,26.1,26.35,-0.05,7749
20110114,37830517,984188792,26.15,26.3,25.8,26.2,-0.15,6536
20110117,30391027,788196352,26.1,26.1,25.8,25.85,-0.35,5935
20110118,82148945,2203218863,25.8,27.35,25.65,27.0,1.15,16264
20110119,67985578,1849253501,27.3,27.55,26.9,27.25,0.25,12584
20110120,32591384,881818184,27.35,27.35,26.9,26.9,-0.35,7097
20110121,33097547,882991757,26.3,27.05,26.3,26.95,0.05,7408
20110124,23289064,627506169,27.0,27.2,26.75,26.8,-0.15,5342
20110125,26316230,707936977,27.2,27.2,26.85,26.9,0.1,5984
20110126,19719800,533294750,27.15,27.15,26.95,27.1,0.2,3585
20110127,22701251,612423657,27.1,27.2,26.9,26.9,-0.2,4926
20110128,56338045,1510381016,26.95,27.2,26.65,26.7,-0.2,8048
20110208,50685170,1355392966,26.7,27.15,26.4,26.9,0.2,7037
20110209,40573655,1085276164,27.05,27.15,26.25,26.3,-0.6,7675
20110210,52283611,1333625963,25.8,26.0,25.1,25.1,-1.2,11695
20110211,66692588,1614087043,24.7,24.95,23.5,23.95,-1.15,13595
20110214,38903450,941142476,24.2,24.35,23.95,24.25,0.3,8617
20110215,33450161,792514491,23.9,24.05,23.35,23.75,-0.5,8081
20110216,38892202,929174721,23.85,24.15,23.7,23.75,0.0,8039
20110217,51716356,1202120498,23.7,23.75,23.05,23.05,-0.7,10770
20110218,63367879,1543384230,23.7,24.65,23.65,24.65,1.6,9077
20110221,52101531,1278813975,24.65,24.75,24.2,24.5,-0.15,9588
20110222,56926491,1378041213,24.0,24.8,23.8,24.75,0.25,11781
20110223,75112106,1866925061,24.7,25.15,24.35,24.65,-0.1,14172
20110224,36433968,903416698,25.0,25.2,24.35,24.45,-0.2,9002
20110225,40903344,987066162,24.75,24.75,23.85,24.15,-0.3,9101
20110301,27577172,674417941,24.25,24.75,24.25,24.35,0.2,5168
20110302,21239609,516269739,24.1,24.55,24.1,24.1,-0.25,5012
20110303,41952749,1027786345,24.2,24.7,24.05,24.65,0.55,8532
20110304,33847155,841405894,24.95,25.1,24.6,24.85,0.2,7079
20110307,23222616,581857940,24.95,25.3,24.7,24.9,0.05,5613
20110308,24004000,595861119,24.9,25.05,24.65,24.75,-0.15,5124
20110309,25394062,629697648,25.2,25.2,24.5,24.5,-0.25,4590
20110310,17743118,436627740,24.65,24.85,24.4,24.45,-0.05,3522
20110311,18253251,443903551,24.15,24.55,24.1,24.4,-0.05,3844
20110314,36368047,864260049,24.0,24.1,23.45,23.75,-0.65,6964
20110315,77583913,1760589991,23.5,23.75,22.1,23.2,-0.55,12378
20110316,36543211,861372450,23.65,23.9,23.3,23.65,0.45,6766
20110317,21288386,504068923,23.3,23.95,23.3,23.9,0.25,4313
20110318,31978672,766182481,23.9,24.15,23.6,23.8,-0.1,5716
20110321,17972781,429257746,23.8,24.1,23.5,24.05,0.25,4010
20110322,51985943,1289775206,24.05,25.2,24.0,24.6,0.55,9011
20110323,32584403,812403527,24.8,25.05,24.55,24.95,0.35,6502
20110324,18344721,458037987,25.0,25.1,24.75,24.95,0.0,3616
20110325,19488561,487576225,25.25,25.25,24.8,25.0,0.05,4037
20110328,14683938,368085600,25.0,25.15,24.9,25.1,0.1,4372
20110329,25519113,639494277,25.15,25.3,24.75,24.9,-0.2,4382
20110330,27344237,687807979,25.05,25.3,24.9,25.15,0.25,5224
20110331,27453575,689340207,25.25,25.3,24.8,25.2,0.05,4260
20110401,14374607,360692126,25.05,25.2,24.95,25.15,-0.05,2185
20110406,35154294,888739366,25.25,25.4,25.05,25.3,0.15,5264
20110407,14394348,363437196,25.4,25.4,25.1,25.25,-0.05,3158
20110408,20187605,507551891,25.1,25.25,25.0,25.2,-0.05,3013
20110411,18896652,473146271,25.25,25.25,24.75,24.8,-0.4,2591
20110412,12369241,305116448,24.7,24.95,24.55,24.8,0.0,2893
20110413,9213603,226709622,24.8,24.8,24.5,24.6,-0.2,2198
20110414,7943923,195618374,24.55,24.75,24.5,24.55,-0.05,1843
20110415,13650946,333189179,24.55,24.75,24.1,24.1,-0.45,3263
20110418,10342866,249323084,24.2,24.35,23.95,24.0,-0.1,2575
20110419,16765523,396442638,23.8,23.9,23.35,23.75,-0.25,3324
20110420,26208314,646073264,23.9,24.9,23.9,24.9,1.15,5196
20110421,69774769,1806278782,25.25,26.35,25.1,26.25,1.35,14070
20110422,42838329,1127451210,26.5,26.5,26.1,26.15,-0.1,7610
20110425,39084682,1047656758,27.0,27.1,26.45,26.55,0.4,8085
20110426,41671051,1073946326,25.6,26.15,25.55,26.15,-0.4,8807
20110427,54580102,1461827660,26.3,27.15,26.0,26.75,0.6,11300
20110428,32055073,862511229,26.85,27.1,26.65,26.85,0.1,7222
20110429,24735127,662249650,27.0,27.05,26.3,26.55,-0.3,5880
20110503,25157004,665138970,26.55,26.7,26.25,26.4,-0.15,4520
20110504,18359474,485875228,26.4,26.65,26.2,26.65,0.25,3708
20110505,31414554,836065537,26.45,26.85,26.3,26.8,0.15,4555
20110506,15058118,398595064,26.6,26.7,26.3,26.3,-0.5,3625
20110509,30002452,802100646,26.4,26.95,26.3,26.55,0.25,4470
20110510,6917112,184171215,26.6,26.75,26.55,26.55,0.0,2140
20110511,13895414,367533307,26.6,26.7,26.3,26.35,-0.2,2769
20110512,25580422,667376848,26.25,26.35,25.95,26.05,-0.3,5918
20110513,39306132,1036817089,26.05,26.7,26.0,26.55,0.5,7292
20110516,15535350,408671344,26.55,26.55,26.1,26.15,-0.4,3164
20110517,17959387,467202921,26.15,26.25,25.8,25.85,-0.3,3922
20110518,16471151,425073508,25.95,26.0,25.65,25.8,-0.05,3889
20110519,36623689,962523794,26.0,26.6,25.85,26.0,0.2,5813
20110520,17779269,460658690,26.3,26.3,25.6,25.6,-0.4,4079
20110523,28023218,703338804,25.25,25.3,24.9,24.9,-0.7,5406
20110524,34377904,849380447,24.9,24.95,24.5,24.7,-0.2,6340
20110525,48009647,1162047824,24.5,24.6,24.0,24.15,-0.55,8781
20110526,33288977,806733807,24.45,24.45,24.1,24.25,0.1,6250
20110527,46311850,1135389552,24.6,24.8,24.3,24.35,0.1,8000
20110530,35337971,853401322,24.2,24.35,24.05,24.1,-0.25,6795
20110531,46491142,1134296449,24.2,24.65,24.15,24.65,0.55,7925
20110601,33257435,822429630,24.65,24.95,24.5,24.9,0.25,6591
20110602,30996454,761847012,24.55,24.7,24.45,24.6,-0.3,4379
20110603,22269963,547174158,24.6,24.7,24.45,24.6,0.0,3152
20110607,12008596,294994340,24.4,24.8,24.35,24.7,0.1,2618
20110608,14637009,361207335,24.7,24.8,24.5,24.65,-0.05,2695
20110609,19384656,476469632,24.65,24.7,24.45,24.7,0.05,4512
20110610,24166093,594954848,24.8,24.9,24.4,24.4,-0.3,3803
20110613,33649423,806729977,24.2,24.35,23.8,23.85,-0.55,6605
20110614,27301604,654558455,24.0,24.05,23.9,23.9,0.05,4064
20110615,52605818,1232395476,23.9,23.9,23.1,23.5,-0.4,10456
20110616,42363697,974312777,23.05,23.2,22.85,22.85,-0.65,8832
20110617,29674044,685245938,23.0,23.3,22.9,23.0,0.15,5579
20110620,22774799,521107896,23.25,23.25,22.6,22.7,-0.3,4303
20110621,30718484,704027506,22.8,23.1,22.8,22.85,0.15,6608
20110622,37259192,876008566,23.0,23.85,23.0,23.45,0.6,7011
20110623,17591224,411273803,23.3,23.55,23.2,23.35,-0.1,4354
20110624,13732381,320530643,23.45,23.5,23.1,23.4,0.05,3999
20110627,10934966,256155219,23.25,23.55,23.2,23.45,0.05,2668
20110628,9936156,232541822,23.6,23.6,23.25,23.35,-0.1,1916
20110629,27605493,650398031,23.4,23.75,23.3,23.5,0.15,4569
20110630,24503927,579690840,23.55,23.85,23.5,23.75,0.25,3875
20110701,44594588,1081470996,23.9,24.5,23.8,24.3,0.55,8068
20110704,18138098,440378128,24.35,24.45,24.15,24.2,-0.1,3234
20110705,20312659,488886001,24.2,24.25,23.9,24.05,-0.15,3694
20110706,17066021,411383777,24.2,24.3,23.9,24.1,0.05,2749
20110707,22982562,557383408,24.1,24.4,24.1,24.2,0.1,3997
20110708,37403656,915281896,24.4,24.7,24.25,24.25,0.05,6494
20110711,16573242,399431558,24.25,24.35,23.95,24.05,-0.2,3057
20110712,28751990,686501891,23.9,24.1,23.75,23.8,-0.25,3683
20110713,17809397,424091125,23.85,24.0,23.65,23.75,-0.05,2650
20110714,18187524,429601821,23.85,23.95,23.45,23.6,-0.15,3636
20110715,27860021,667511222,23.6,24.25,23.55,24.15,0.55,4372
20110718,21694933,527654033,24.15,24.5,23.95,24.3,0.15,4603
20110719,24525691,601649030,24.5,24.65,24.3,24.55,0.25,4077
20110720,53545870,1343314061,24.8,25.35,24.75,25.2,0.65,8601
20110721,40312852,1024695936,25.3,25.6,25.2,25.45,0.25,6953
20110722,67580149,1742930138,25.6,26.05,25.45,25.9,0.45,10218
20110725,56522480,1435501754,25.8,25.8,25.2,25.2,-0.7,9305
20110726,57199851,1444957144,25.2,25.6,25.0,25.3,0.1,8633
20110727,35483190,900740566,25.2,25.6,25.1,25.45,0.15,5418
20110728,69178577,1771101303,25.3,25.8,25.25,25.6,0.15,9306
20110729,68570368,1651536632,24.05,24.3,23.85,23.9,,11068
20110801,64302984,1603328765,24.35,25.2,24.25,25.2,1.3,10667
20110802,39112681,979163029,25.1,25.35,24.8,24.95,-0.25,7330
20110803,34319633,842645884,24.5,24.8,24.25,24.75,-0.2,7192
20110804,75399407,1916761175,25.0,26.0,24.9,25.0,0.25,14413
20110805,70027687,1679557988,23.6,24.5,23.6,23.8,-1.2,14408
20110808,67395959,1587003706,23.8,24.3,22.6,23.4,-0.4,14735
20110809,100965900,2366607277,22.1,24.55,22.1,23.7,0.3,16879
20110810,82192331,2001346857,24.45,24.7,24.0,24.25,0.55,14357
20110811,53468431,1288485620,23.55,24.45,23.55,24.05,-0.2,9358
20110812,41763781,995360875,24.3,24.3,23.5,23.5,-0.55,9521
20110815,23521975,561468154,23.85,24.0,23.6,23.95,0.45,5679
20110816,15099283,361262095,24.15,24.15,23.75,23.75,-0.2,3699
20110817,19771544,469553006,23.75,23.95,23.6,23.7,-0.05,4526
20110818,26715415,627830923,23.6,23.9,23.15,23.3,-0.4,5520
20110819,37077012,839747907,23.0,23.2,22.2,22.5,-0.8,8461
20110822,30722996,694014594,22.65,23.05,22.1,22.35,-0.15,6438
20110823,41074436,936802868,22.5,23.3,22.3,23.2,0.85,7827
20110824,32014362,731846179,23.3,23.3,22.65,22.75,-0.45,5821
20110825,33182268,749606142,23.05,23.05,22.25,22.25,-0.5,5923
20110826,38342003,843593315,22.5,22.55,21.7,21.9,-0.35,9118
20110829,23365275,519838286,22.0,22.45,22.0,22.2,0.3,4700
20110830,23230506,517324699,22.5,22.5,22.0,22.3,0.1,5273
20110831,23946389,531370780,22.25,22.3,22.05,22.3,0.0,5092
20110901,54458570,1244480706,22.5,23.15,22.5,22.8,0.5,9827
20110902,32716719,750555863,23.0,23.15,22.75,22.8,0.0,6755
20110905,37227237,823316564,22.5,22.5,21.9,21.9,-0.9,8971
20110906,71777906,1507939795,21.5,21.65,20.7,20.8,-1.1,17009
20110907,66796054,1391040829,21.1,21.3,20.55,20.85,0.05,13137
20110908,51728144,1087284874,21.0,21.35,20.85,20.9,0.05,8963
20110909,42962422,899210222,20.9,21.1,20.8,20.8,-0.1,8245
20110913,58579751,1176829620,20.45,20.5,19.85,19.9,-0.9,12137
20110914,73602715,1424461059,20.2,20.2,18.6,19.0,-0.9,14300
20110915,37519627,726273711,19.5,19.55,19.2,19.4,0.4,7998
20110916,50316939,1012728260,19.95,20.35,19.9,20.2,0.8,10038
20110919,24281331,480695536,20.0,20.1,19.65,19.7,-0.5,5964
20110920,37252123,721941019,19.65,19.9,19.1,19.25,-0.45,7419
20110921,48061081,929490921,19.25,19.5,19.1,19.3,0.05,9746
20110922,41354376,778579944,19.0,19.0,18.7,18.9,-0.4,9727
20110923,56597251,1034697175,18.5,18.55,18.05,18.3,-0.6,11836
20110926,43267168,799875314,18.3,18.8,18.2,18.3,0.0,9576
20110927,51718703,993392639,19.4,19.4,18.95,19.3,1.0,11307
20110928,46865699,904543415,19.4,19.55,19.1,19.25,-0.05,8920
20110929,42097523,815617722,19.0,19.65,18.9,19.55,0.3,10141
20110930,58388143,1168578873,19.8,20.3,19.75,19.8,0.25,12192
20111003,57773340,1108259866,19.5,19.5,18.9,18.9,-0.9,14737
20111004,41897035,785658537,18.5,19.05,18.4,18.95,0.05,10088
20111005,28225041,528133211,19.05,19.1,18.5,18.6,-0.35,6786
20111006,34790984,663996494,18.95,19.35,18.85,18.85,0.25,8262
20111007,52631964,1025258492,19.3,19.7,19.15,19.5,0.65,11987
20111011,77592769,1555243185,20.0,20.25,19.9,19.9,0.4,13107
20111012,25828146,506472316,19.7,19.7,19.5,19.6,-0.3,6171
20111013,22383435,440086994,19.8,19.85,19.55,19.6,0.0,4500
20111014,18869949,364478396,19.45,19.45,19.2,19.25,-0.35,4936
20111017,23666661,459065454,19.45,19.7,19.35,19.6,0.35,5285
20111018,13643134,263223495,19.3,19.45,19.2,19.3,-0.3,3732
20111019,22320641,431522416,19.45,19.6,19.2,19.25,-0.05,4162
20111020,22148789,420961190,19.25,19.35,18.85,18.85,-0.4,5691
20111021,28071305,529562308,19.0,19.1,18.7,18.85,0.0,7599
20111024,41148204,804191593,19.25,19.8,19.25,19.8,0.95,10547
20111025,29464882,585223964,20.0,20.05,19.65,19.65,-0.15,6662
20111026,20625934,406461133,19.55,19.95,19.5,19.85,0.2,4656
20111027,46370443,927444524,19.95,20.2,19.65,19.95,0.1,8284
20111028,111677298,2291273938,20.5,20.65,20.35,20.35,0.4,21019
20111031,36418967,742993507,20.5,20.6,20.15,20.15,-0.2,7248
20111101,32947169,660114480,19.95,20.25,19.85,20.0,-0.15,5821
20111102,55927325,1089803528,19.3,19.8,19.15,19.6,-0.4,8903
20111103,42761756,823778313,19.5,19.55,19.1,19.15,-0.45,9217
20111104,43514146,849294268,19.6,19.65,19.45,19.5,0.35,7528
20111107,11667758,226928755,19.5,19.55,19.35,19.4,-0.1,2466
20111108,26071568,506693381,19.5,19.7,19.2,19.2,-0.2,5267
20111109,22352172,429350664,19.4,19.45,19.1,19.1,-0.1,4756
20111110,67253220,1235175271,18.75,18.85,18.0,18.15,-0.95,14277
20111111,24359174,444250538,18.3,18.35,18.05,18.3,0.15,6534
20111114,24903052,463705863,18.65,18.8,18.45,18.5,0.2,6099
20111115,16716240,306239066,18.4,18.5,18.25,18.35,-0.15,4133
20111116,44526294,801604542,18.4,18.45,17.85,17.9,-0.45,10572
20111117,52439796,920669515,17.6,17.7,17.45,17.6,-0.3,10531
20111118,56496064,993545035,17.4,17.75,17.3,17.55,-0.05,11577
20111121,41723212,732924530,17.5,17.75,17.4,17.4,-0.15,9571
20111122,28876017,506041000,17.75,17.75,17.3,17.4,0.0,6376
20111123,55216619,936478220,17.3,17.4,16.65,16.7,-0.7,11427
20111124,60720046,1044474423,16.8,17.55,16.8,17.55,0.85,10818
20111125,37379987,649782224,17.6,17.7,17.1,17.1,-0.45,7415
20111128,24250161,422471067,17.55,17.6,17.25,17.35,0.25,5924
20111129,29316236,511862907,17.65,17.65,17.3,17.5,0.15,6269
20111130,28627113,492103313,17.45,17.45,17.0,17.2,-0.3,6025
20111201,87259183,1591572326,18.2,18.4,17.95,18.4,1.2,14984
20111202,30986393,564127289,18.35,18.35,18.1,18.25,-0.15,5798
20111205,17298347,312439646,18.35,18.35,17.85,18.0,-0.25,4309
20111206,20378877,362872892,18.0,18.0,17.6,17.65,-0.35,4357
20111207,16442339,293756547,17.9,17.95,17.75,17.95,0.3,3780
20111208,21298968,381465082,17.95,18.1,17.65,18.1,0.15,4814
20111209,19727973,350941442,17.75,17.95,17.5,17.75,-0.35,4891
20111212,13225538,236860315,17.95,18.1,17.75,17.75,0.0,3114
20111213,38944665,670595186,17.6,17.65,17.0,17.15,-0.6,7770
20111214,19632130,335802135,17.1,17.2,17.0,17.1,-0.05,4385
20111215,27744365,464512685,16.9,16.9,16.65,16.8,-0.3,6411
20111216,15307219,257257456,16.8,16.9,16.7,16.85,0.05,3690
20111219,30279372,494570652,16.8,16.8,16.1,16.1,-0.75,6252
20111220,22077127,358193061,16.2,16.4,16.1,16.15,0.05,4988
20111221,26978590,465351058,17.25,17.25,17.2,17.25,1.1,4455
20111222,40867786,715158848,17.3,17.75,17.3,17.4,0.15,8719
20111223,51587400,926645655,17.7,18.15,17.6,17.9,0.5,10211
20111226,35249221,630499773,17.9,18.0,17.65,17.9,0.0,6915
20111227,18888458,336150555,17.9,17.9,17.7,17.9,0.0,3824
20111228,16847305,301437625,17.85,17.95,17.8,17.9,0.0,3780
20111229,17893973,318104640,17.8,17.9,17.65,17.8,-0.1,3708
20111230,20164631,361107558,18.0,18.1,17.75,17.75,-0.05,4899
20120102,21384988,370752356,17.75,17.8,17.15,17.15,-0.6,5340
20120103,34058487,601322886,17.3,17.8,17.3,17.8,0.65,7078
20120104,29226411,524265435,18.0,18.1,17.8,17.8,0.0,6498
20120105,27066211,484982443,17.85,18.1,17.75,18.1,0.3,4931
20120106,25557318,456810431,18.0,18.05,17.75,17.85,-0.25,4162
20120109,17264813,304878806,17.75,17.75,17.55,17.75,-0.1,2656
20120110,28883076,518297199,17.8,18.1,17.75,18.0,0.25,5680
20120111,17309925,310698121,18.1,18.1,17.85,17.85,-0.15,3933
20120112,24693477,436888511,17.85,17.95,17.6,17.6,-0.25,4680
20120113,43945985,775915561,17.7,17.85,17.55,17.65,0.05,6735
20120116,34705419,605110040,17.9,17.95,17.15,17.15,-0.5,8226
20120117,14733267,255458305,17.25,17.45,17.2,17.45,0.3,3703
20120118,27586226,473297998,17.45,17.45,17.0,17.15,-0.3,5906
20120130,28397776,496121209,17.5,17.65,17.35,17.45,0.3,6030
20120131,64379423,1161765598,17.6,18.3,17.55,18.15,0.7,11815
20120201,51993616,953351501,18.15,18.55,18.0,18.3,0.15,10793
20120202,36490104,674503396,18.5,18.7,18.3,18.55,0.25,6715
20120203,20662244,379550232,18.55,18.55,18.2,18.45,-0.1,4485
20120204,110682808,2138113831,18.7,19.7,18.65,19.4,0.95,19436
20120206,56284563,1079618927,19.2,19.5,18.95,19.0,-0.4,9827
20120207,30919083,592206188,19.2,19.35,18.95,19.05,0.05,5659
20120208,34377291,665509911,19.25,19.45,19.2,19.45,0.4,6675
20120209,20221044,391768836,19.45,19.5,19.25,19.45,0.0,4292
20120210,24719281,479455627,19.5,19.7,19.2,19.3,-0.15,4491
20120213,12216088,236629901,19.3,19.5,19.25,19.35,0.05,3570
20120214,19096815,364752480,19.35,19.4,18.95,19.05,-0.3,4587
20120215,16856801,323783554,19.2,19.35,19.05,19.35,0.3,4283
20120216,21279897,404327608,19.2,19.25,18.85,18.85,-0.5,5089
20120217,29052281,545925239,19.1,19.2,18.6,18.6,-0.25,6263
20120220,12587592,237078685,19.0,19.0,18.7,18.7,0.1,2948
20120221,22832181,421672148,18.7,18.75,18.35,18.4,-0.3,5073
20120222,20463217,381069703,18.4,18.8,18.3,18.7,0.3,4908
20120223,17549743,325987137,18.5,18.7,18.5,18.5,-0.2,3000
20120224,26257793,486384096,18.65,18.7,18.4,18.5,0.0,4622
20120229,33704828,630985087,18.6,18.85,18.55,18.85,0.35,6280
20120301,23015636,427390640,18.7,18.7,18.45,18.55,-0.3,5361
20120302,39190257,719607281,18.6,18.7,18.2,18.3,-0.25,7787
20120303,12584178,228292623,18.15,18.2,18.1,18.1,-0.2,3196
20120305,28174148,505443512,18.1,18.1,17.85,17.9,-0.2,6564
20120306,17530941,312920160,17.9,18.0,17.7,17.85,-0.05,3524
20120307,17790647,313577887,17.7,17.7,17.55,17.6,-0.25,4156
20120308,25090536,452907014,17.8,18.3,17.7,18.2,0.6,6276
20120309,14609296,263952624,18.2,18.2,17.9,18.15,-0.05,3266
20120312,12853959,230840933,18.15,18.15,17.85,17.85,-0.3,2550
20120313,24441054,446892841,18.1,18.4,18.1,18.3,0.45,6229
20120314,20901985,385399127,18.6,18.65,18.25,18.3,0.0,4808
20120315,14783051,273142431,18.5,18.65,18.35,18.5,0.2,2706
20120316,13780765,252533108,18.5,18.5,18.15,18.15,-0.35,2965
20120319,7184582,131109838,18.4,18.4,18.15,18.35,0.2,1852
20120320,10535559,190912230,18.35,18.35,18.0,18.1,-0.25,2416
20120321,15178963,274226834,18.3,18.3,18.0,18.0,-0.1,2530
20120322,10718622,195240812,18.1,18.4,18.05,18.15,0.15,3058
20120323,9368939,171564550,18.3,18.45,18.2,18.3,0.15,2517
20120326,13249689,239390352,18.35,18.35,18.0,18.0,-0.3,3851
20120327,9783941,176872839,18.2,18.2,18.0,18.15,0.15,2049
20120328,7979864,144547053,18.3,18.3,18.0,18.05,-0.1,1705
20120329,27611425,487355564,18.0,18.0,17.4,17.65,-0.4,6195
20120330,15570610,274382955,17.6,17.75,17.45,17.75,0.1,3407
20120402,10461494,183704325,17.5,17.65,17.5,17.55,-0.2,2525
20120403,20806563,363947080,17.55,17.7,17.3,17.5,-0.05,4257
20120405,20775560,353698587,17.1,17.1,16.9,17.05,-0.45,4580
20120406,12996515,221992281,17.1,17.2,17.0,17.05,0.0,2912
20120409,16418647,275979361,16.8,16.95,16.65,16.8,-0.25,3944
20120410,14044183,239967861,17.0,17.2,17.0,17.0,0.2,3601
20120411,13898198,235492166,16.9,17.15,16.8,16.95,-0.05,3052
20120412,15604361,265222837,17.1,17.1,16.9,17.0,0.05,3292
20120413,16047437,274795885,17.15,17.3,17.0,17.15,0.15,3263
20120416,8982849,152634247,17.0,17.1,16.9,17.05,-0.1,2261
20120417,11684335,198397045,17.15,17.15,16.9,17.0,-0.05,2425
20120418,16160949,276195849,17.1,17.15,17.0,17.1,0.1,2639
20120419,17694357,305260001,17.1,17.4,16.95,17.35,0.25,3035
20120420,11667846,200776527,17.35,17.35,17.1,17.2,-0.15,2125
20120423,12019036,207148904,17.1,17.35,17.1,17.35,0.15,2315
20120424,7604616,131164755,17.25,17.35,17.15,17.25,-0.1,1598
20120425,16177480,283639941,17.4,17.65,17.3,17.55,0.3,3415
20120426,9217693,161600713,17.7,17.75,17.4,17.5,-0.05,2573
20120427,11191352,194898013,17.65,17.65,17.3,17.5,0.0,2572
20120430,17316420,304305479,17.4,17.75,17.4,17.5,0.0,2892
20120502,13796728,245591281,17.7,17.9,17.6,17.9,0.4,3830
20120503,4802733,85103624,17.9,17.9,17.6,17.65,-0.25,1493
20120504,8695160,154604154,17.7,17.85,17.65,17.8,0.15,2107
20120507,11905475,207166052,17.5,17.55,17.3,17.45,-0.35,3329
20120508,8807807,152377179,17.5,17.6,17.2,17.3,-0.15,2815
20120509,7408038,127265086,17.15,17.3,17.1,17.15,-0.15,2425
20120510,5927669,102166717,17.15,17.35,17.1,17.35,0.2,1719
20120511,16842709,287476003,17.25,17.25,17.0,17.05,-0.3,3495
20120514,6481117,110339864,17.1,17.1,16.95,17.05,0.0,1791
20120515,16982081,286567562,16.85,17.05,16.8,17.0,-0.05,3378
20120516,18913749,320629382,17.1,17.15,16.85,16.85,-0.15,4751
20120517,9909801,169039961,17.05,17.15,16.9,17.15,0.3,2822
20120518,14476749,243891727,16.85,17.0,16.8,16.8,-0.35,3475
20120521,4552905,77125618,16.9,17.0,16.85,16.9,0.1,1327
20120522,6926832,117254095,17.1,17.1,16.85,16.9,0.0,2511
20120523,11591077,193264666,16.8,16.9,16.6,16.6,-0.3,3546
20120524,13515186,222549505,16.6,16.75,16.25,16.45,-0.15,3721
20120525,9923865,163344550,16.65,16.65,16.3,16.45,0.0,3841
20120528,8751633,145781188,16.55,16.75,16.45,16.75,0.3,2308
20120529,12395525,211511108,16.9,17.2,16.8,17.2,0.45,3008
20120530,14830784,251790881,17.15,17.15,16.85,16.9,-0.3,3570
20120531,30603106,525099031,16.65,17.45,16.6,17.45,0.55,4662
20120601,11662080,198503281,17.15,17.3,16.85,16.85,-0.6,3316
20120604,14542549,239532965,16.4,16.7,16.3,16.45,-0.4,3576
20120605,8185317,136498387,16.7,16.8,16.55,16.7,0.25,2082
20120606,6268159,105080366,16.8,16.85,16.65,16.85,0.15,1916
20120607,9565865,161509210,17.05,17.05,16.7,16.8,-0.05,3020
20120608,9659081,161727333,16.85,16.95,16.6,16.75,-0.05,3934
20120611,9500583,161697618,16.95,17.15,16.9,17.05,0.3,2525
20120612,6984000,117630050,16.8,16.95,16.75,16.85,-0.2,1750
20120613,8312730,140891610,17.0,17.1,16.8,17.05,0.2,2346
20120614,6690788,113668236,17.05,17.1,16.9,16.95,-0.1,2006
20120615,11158803,191253405,17.05,17.2,17.0,17.2,0.25,2788
20120618,11058877,192626184,17.5,17.6,17.3,17.4,0.2,2712
20120619,5389269,93017626,17.35,17.35,17.2,17.3,-0.1,1545
20120620,11111288,192511306,17.35,17.45,17.2,17.45,0.15,2534
20120621,11337211,194000521,17.25,17.3,17.0,17.05,-0.4,2812
20120622,10397296,175621392,16.85,17.0,16.85,16.85,-0.2,2664
20120625,8620256,144963294,16.85,16.9,16.75,16.8,-0.05,2699
20120626,6214256,104878186,16.8,16.95,16.75,16.95,0.15,1770
20120627,9457959,160861053,16.9,17.1,16.8,17.05,0.1,2252
20120628,11503784,196355078,17.15,17.2,16.9,16.95,-0.1,2321
20120629,12891646,221840473,17.0,17.35,17.0,17.35,0.4,3192
20120702,15872473,277793958,17.5,17.6,17.4,17.4,0.05,3600
20120703,11516259,201191533,17.45,17.5,17.4,17.5,0.1,2593
20120704,12445620,218715227,17.6,17.65,17.5,17.5,0.0,2583
20120705,7106698,124540186,17.5,17.6,17.45,17.6,0.1,1774
20120706,10654558,187159703,17.6,17.7,17.45,17.7,0.1,2393
20120709,8016353,141300041,17.6,17.7,17.55,17.7,0.0,1717
20120710,11496898,203428430,17.7,17.8,17.6,17.7,0.0,1896
20120711,14115277,251298692,17.6,17.95,17.6,17.8,0.1,2858
20120712,11651025,206337666,17.85,17.9,17.6,17.65,-0.15,2602
20120713,10037621,178356435,17.65,17.9,17.6,17.7,0.05,2162
20120716,6006264,106194889,17.8,17.85,17.6,17.7,0.0,1311
20120717,17237375,309197504,17.75,18.05,17.75,17.95,0.25,3478
20120718,11599919,206876193,18.0,18.0,17.75,17.8,-0.15,2548
20120719,13139293,236012661,17.9,18.1,17.8,17.95,0.15,2651
20120720,7605816,136451228,17.95,18.0,17.85,18.0,0.05,1458
20120723,12974446,228861327,17.75,17.8,17.55,17.7,-0.3,2552
20120724,7350937,129779169,17.55,17.75,17.55,17.65,-0.05,1583
20120725,13918089,245686494,17.55,17.8,17.45,17.65,0.0,3418
20120726,13456424,239970010,17.8,17.95,17.7,17.8,0.15,2549
20120727,17971134,321957373,18.0,18.0,17.8,18.0,0.2,2961
20120730,18087441,327908889,18.1,18.25,18.0,18.05,0.05,3481
20120731,22250379,405041882,18.15,18.3,18.05,18.3,0.25,3740
20120801,11161632,204253890,18.3,18.4,18.15,18.35,0.05,2604
20120803,10790082,196157099,18.25,18.3,18.1,18.25,-0.1,2084
20120806,21506184,396963238,18.4,18.55,18.4,18.45,0.2,3980
20120807,15668306,288958149,18.5,18.5,18.35,18.45,0.0,2851
20120808,30853787,568038204,18.55,18.6,18.3,18.4,-0.05,3647
20120809,63121963,1174018832,18.45,18.75,18.4,18.75,0.35,9849
20120810,48479406,844508982,17.5,17.5,17.35,17.45,,6029
20120813,13445284,233986553,17.45,17.5,17.3,17.5,0.05,2360
20120814,14861738,259353825,17.5,17.6,17.3,17.4,-0.1,3048
20120815,11733477,202927207,17.4,17.4,17.2,17.35,-0.05,3317
20120816,10484713,181957937,17.35,17.4,17.3,17.35,0.0,2281
20120817,11437893,197150039,17.35,17.45,17.1,17.2,-0.15,2787
20120820,6517328,111675245,17.2,17.25,17.1,17.1,-0.1,2325
20120821,10904543,188912665,17.2,17.4,17.2,17.3,0.2,2400
20120822,4481781,77759805,17.4,17.4,17.3,17.35,0.05,1173
20120823,7150158,124476979,17.45,17.5,17.3,17.45,0.1,1698
20120824,12184196,212584073,17.45,17.55,17.3,17.5,0.05,2201
20120827,9899321,173999254,17.6,17.65,17.5,17.6,0.1,1916
20120828,8094954,141398124,17.55,17.55,17.4,17.45,-0.15,1455
20120829,10955878,191706750,17.5,17.55,17.45,17.5,0.05,1893
20120830,13850222,241831721,17.4,17.55,17.35,17.45,-0.05,2171
20120831,12424390,215997848,17.55,17.55,17.3,17.35,-0.1,1663
20120903,5801569,101406238,17.5,17.55,17.35,17.45,0.1,1850
20120904,5173207,90018936,17.45,17.5,17.35,17.5,0.05,1486
20120905,8220627,142831655,17.45,17.45,17.35,17.4,-0.1,2265
20120906,8792148,152819801,17.4,17.5,17.3,17.35,-0.05,2524
20120907,8756943,153276125,17.6,17.6,17.4,17.45,0.1,2078
20120910,8197499,143543411,17.5,17.6,17.4,17.5,0.05,1466
20120911,7712762,134974389,17.55,17.55,17.45,17.55,0.05,1250
20120912,17312013,306457788,17.6,17.8,17.55,17.7,0.15,3044
20120913,12097936,215811812,17.8,17.9,17.75,17.85,0.15,2664
20120914,40988614,745774352,18.0,18.45,17.95,18.35,0.5,7161
20120917,29883650,547413418,18.45,18.5,18.1,18.2,-0.15,4962
20120918,13247859,240474395,18.1,18.3,18.05,18.1,-0.1,2634
20120919,15022975,273037909,18.15,18.25,18.05,18.25,0.15,3166
20120920,14380493,262660138,18.3,18.35,18.1,18.1,-0.15,2590
20120921,13386669,243467207,18.15,18.3,18.1,18.3,0.2,3874
20120924,7758356,141425369,18.2,18.3,18.1,18.3,0.0,2794
20120925,15592931,284722415,18.3,18.4,18.15,18.2,-0.1,3640
20120926,17534782,315403522,18.1,18.2,17.85,17.95,-0.25,3225
20120927,17151294,307900876,18.05,18.1,17.85,18.05,0.1,3442
20120928,8526695,153944422,18.0,18.15,17.95,18.15,0.1,1990
20121001,6762231,121168255,18.0,18.05,17.85,17.95,-0.2,1796
20121002,8214710,148312539,18.05,18.15,17.95,18.1,0.15,2995
20121003,4970444,89668874,18.1,18.1,17.95,18.05,-0.05,2104
20121004,12264215,222035192,18.05,18.2,17.95,18.2,0.15,3048
20121005,11516692,210201079,18.3,18.35,18.15,18.2,0.0,2914
20121008,6955476,126406299,18.3,18.35,18.1,18.15,-0.05,2317
20121009,11443064,207893225,18.15,18.3,18.05,18.1,-0.05,2673
20121011,8379428,150231242,18.0,18.0,17.85,17.9,-0.2,1965
20121012,15726277,277921801,17.9,17.9,17.45,17.65,-0.25,3331
20121015,12269521,213601484,17.55,17.55,17.3,17.5,-0.15,3049
20121016,10254803,180305898,17.55,17.7,17.45,17.7,0.2,2964
20121017,9754766,171793629,17.8,17.8,17.45,17.6,-0.1,2564
20121018,7473077,131332443,17.5,17.65,17.5,17.65,0.05,1883
20121019,14472597,253168577,17.7,17.7,17.4,17.45,-0.2,2645
20121022,4127433,71389149,17.3,17.4,17.2,17.35,-0.1,1444
20121023,3485014,60372664,17.35,17.4,17.3,17.3,-0.05,1374
20121024,6121499,105747736,17.15,17.4,17.15,17.2,-0.1,1723
20121025,5365622,92285255,17.2,17.3,17.1,17.15,-0.05,1363
20121026,18299025,309043721,17.2,17.2,16.7,16.75,-0.4,3661
20121029,9612143,160708180,16.8,16.8,16.6,16.7,-0.05,2233
20121030,8782962,147952911,16.8,16.95,16.75,16.8,0.1,2196
20121031,9260241,154285913,16.8,16.8,16.6,16.6,-0.2,2577
20121101,11088599,183231663,16.6,16.65,16.4,16.65,0.05,2491
20121102,9018584,151181995,16.8,16.95,16.65,16.95,0.3,2029
20121105,4962838,83267390,16.8,16.85,16.7,16.8,-0.15,1268
20121106,4528837,76338594,16.9,16.95,16.75,16.95,0.15,1640
20121107,8518718,144766829,16.95,17.1,16.9,17.1,0.15,2319
20121108,9774153,164055928,17.0,17.0,16.7,16.8,-0.3,2648
20121109,9398740,157023706,16.65,16.85,16.55,16.85,0.05,2893
20121112,4060693,68094554,16.85,16.85,16.7,16.75,-0.1,1398
20121113,13764018,227668773,16.75,16.75,16.45,16.5,-0.25,3541
20121114,4604398,76081982,16.5,16.6,16.45,16.55,0.05,1370
20121115,7573015,124192510,16.45,16.5,16.25,16.4,-0.15,2439
20121116,10997523,179604887,16.35,16.55,16.2,16.3,-0.1,2539
20121119,5758552,94414298,16.45,16.5,16.3,16.35,0.05,1763
20121120,6900647,114245571,16.5,16.6,16.5,16.6,0.25,2022
20121121,7518695,123632000,16.6,16.65,16.3,16.4,-0.2,1707
20121122,8881611,147879751,16.5,16.75,16.5,16.7,0.3,2451
20121123,16784760,286933167,16.85,17.25,16.85,17.25,0.55,5313
20121126,12815819,222338002,17.45,17.45,17.25,17.4,0.15,3435
20121127,9381625,163118027,17.4,17.45,17.3,17.45,0.05,2706
20121128,13912650,243552147,17.45,17.6,17.4,17.6,0.15,3149
20121129,12890244,226959684,17.7,17.7,17.55,17.55,-0.05,3588
20121130,21374034,376731119,17.45,17.75,17.4,17.75,0.2,4530
20121203,13613305,241366970,17.75,17.9,17.6,17.75,0.0,3301
20121204,8521231,150999762,17.6,17.8,17.6,17.65,-0.1,2844
20121205,13129819,234246316,17.65,17.95,17.65,17.9,0.25,3656
20121206,10721438,191229100,17.9,17.95,17.7,17.9,0.0,3296
20121207,10433898,187059171,17.9,18.0,17.85,17.95,0.05,2673
20121210,8066283,143898351,17.95,18.0,17.75,17.75,-0.2,1800
20121211,11307771,200923893,17.7,17.85,17.65,17.85,0.1,2952
20121212,17888358,321464673,18.0,18.05,17.9,18.0,0.15,4486
20121213,13429950,241158034,18.0,18.05,17.85,18.0,0.0,2592
20121214,12368770,221628978,17.95,18.0,17.85,18.0,0.0,2639
20121217,9002627,161098400,18.0,18.0,17.8,17.95,-0.05,2957
20121218,7009537,125643706,17.95,18.0,17.85,17.95,0.0,1627
20121219,22331189,399544495,18.0,18.05,17.75,17.9,-0.05,3809
20121220,7739298,137516973,17.8,17.85,17.7,17.75,-0.15,1756
20121221,16352002,285616379,17.75,17.75,17.3,17.45,-0.3,3949
20121222,2679543,46771676,17.45,17.55,17.4,17.4,-0.05,701
20121224,4314724,75450290,17.5,17.55,17.4,17.55,0.15,1102
20121225,6356420,111822638,17.55,17.7,17.4,17.7,0.15,1680
20121226,9639518,170288876,17.7,17.7,17.55,17.55,-0.15,1840
20121227,10719240,188047573,17.5,17.6,17.45,17.6,0.05,2103
20121228,9915499,175273127,17.65,17.75,17.6,17.7,0.1,2343
20130102,10190297,182093774,17.75,17.95,17.7,17.95,0.25,2653
20130103,12671964,227347390,18.05,18.05,17.85,17.95,0.0,2017
20130104,8459539,150805733,17.95,17.95,17.7,17.75,-0.2,2054
20130107,6632537,117566805,17.75,17.8,17.65,17.8,0.05,1496
20130108,8777142,154578253,17.7,17.75,17.55,17.6,-0.2,2029
20130109,6669284,117086286,17.55,17.65,17.5,17.5,-0.1,1753
20130110,17181017,304040374,17.6,17.8,17.55,17.8,0.3,3757
20130111,11573780,205822758,17.85,17.9,17.65,17.8,0.0,2375
20130114,7368826,130005679,17.7,17.7,17.55,17.65,-0.15,2290
20130115,7283348,128476959,17.65,17.75,17.55,17.6,-0.05,1976
20130116,9556844,167671289,17.6,17.65,17.5,17.5,-0.1,3029
20130117,15403709,269294655,17.65,17.7,17.3,17.45,-0.05,3270
20130118,14630137,255756830,17.45,17.55,17.4,17.55,0.1,2207
20130121,5029884,88048146,17.55,17.6,17.4,17.6,0.05,1383
20130122,8987856,158126693,17.6,17.65,17.5,17.65,0.05,1574
20130123,7684168,134967167,17.6,17.65,17.5,17.55,-0.1,1505
20130124,9098666,160095412,17.5,17.7,17.5,17.55,0.0,1526
20130125,12436491,218280270,17.6,17.65,17.5,17.5,-0.05,1709
20130128,10045080,177199109,17.65,17.7,17.6,17.7,0.2,2211
20130129,15237894,271794951,17.75,17.9,17.75,17.9,0.2,3210
20130130,13029105,233663713,17.95,18.0,17.9,17.9,0.0,2881
20130131,19464618,349564910,18.0,18.0,17.85,18.0,0.1,3599
20130201,15408229,277716560,18.05,18.1,17.95,18.0,0.0,3120
20130204,51854997,963821842,18.15,18.95,18.15,18.65,0.65,11069
20130205,23492008,437098445,18.5,18.7,18.4,18.6,-0.05,5015
20130206,44189967,839699602,18.85,19.2,18.85,18.85,0.25,8787
20130218,27455790,521485921,19.0,19.1,18.85,19.0,0.15,5822
20130219,16402996,310298334,19.0,19.05,18.8,19.0,0.0,4706
20130220,41762290,803838874,19.0,19.4,19.0,19.15,0.15,8742
20130221,14960388,283640467,19.1,19.1,18.9,18.9,-0.25,3440
20130222,17371445,328591467,18.9,19.05,18.75,19.05,0.15,2745
20130223,11399187,218439915,19.15,19.2,19.05,19.2,0.15,2870
20130225,14814157,282899933,19.2,19.2,18.95,19.05,-0.15,3441
20130226,11795078,223552076,18.8,19.0,18.8,18.9,-0.15,2520
20130227,15325782,290559775,18.9,19.1,18.9,18.9,0.0,3186
20130301,14490199,275901848,19.0,19.15,18.95,19.0,0.1,3704
20130304,30837421,569998340,18.1,18.7,18.1,18.45,-0.55,6120
20130305,13765774,254950574,18.4,18.65,18.4,18.55,0.1,3066
20130306,13398551,248343630,18.65,18.75,18.4,18.45,-0.1,3035
20130307,10524869,194918139,18.5,18.6,18.45,18.5,0.05,2495
20130308,24140854,455069621,18.6,18.95,18.6,18.9,0.4,4399
20130311,15384567,291166243,19.0,19.05,18.8,18.85,-0.05,3192
20130312,19168525,361726956,18.9,19.0,18.75,18.85,0.0,4022
20130313,16094627,302953906,18.8,18.95,18.7,18.75,-0.1,3905
20130314,13422049,251298090,18.75,18.85,18.6,18.65,-0.1,3440
20130315,20985864,393734698,18.8,18.9,18.55,18.75,0.1,3867
20130318,12822694,236554143,18.55,18.6,18.35,18.4,-0.35,2741
20130319,8935879,164715089,18.4,18.5,18.4,18.4,0.0,1908
20130320,13946565,256733077,18.4,18.55,18.3,18.35,-0.05,2976
20130321,6534195,120182885,18.35,18.5,18.3,18.4,0.05,1465
20130322,7685559,141037736,18.35,18.45,18.3,18.3,-0.1,1759
20130325,12901507,240426891,18.55,18.8,18.5,18.55,0.25,2776
20130326,7764200,143810675,18.55,18.65,18.4,18.5,-0.05,1787
20130327,8421777,156408205,18.5,18.65,18.45,18.65,0.15,1846
20130328,10768558,200382662,18.6,18.65,18.5,18.65,0.0,2580
20130329,6352394,118872104,18.65,18.75,18.6,18.75,0.1,1313
20130401,7468527,139966547,18.8,18.8,18.65,18.75,0.0,1695
20130402,8010040,149222516,18.7,18.75,18.55,18.6,-0.15,2353
20130403,7807238,145193220,18.7,18.7,18.5,18.65,0.05,1970
20130408,17568386,318508509,18.3,18.35,18.05,18.05,-0.6,3785
20130409,7893530,142381190,18.1,18.15,18.0,18.0,-0.05,2012
20130410,13787977,246929597,18.0,18.05,17.8,17.9,-0.1,3633
20130411,17248439,307216035,17.95,18.0,17.7,17.8,-0.1,2781
20130412,10024690,178045424,17.85,17.95,17.65,17.75,-0.05,2894
20130415,14063864,247602325,17.8,17.8,17.5,17.6,-0.15,2236
20130416,18931610,331982470,17.45,17.75,17.45,17.7,0.1,1946
20130417,14532698,254630011,17.75,17.75,17.45,17.5,-0.2,3361
20130418,6071839,106038410,17.5,17.65,17.4,17.5,0.0,1629
20130419,8268565,146737207,17.65,17.85,17.55,17.8,0.3,1852
20130422,10278839,181885465,17.8,17.9,17.6,17.7,-0.1,2150
20130423,7845355,139400090,17.7,17.9,17.6,17.9,0.2,2877
20130424,6839568,122178199,17.9,17.95,17.75,17.95,0.05,2902
20130425,9207799,164189662,17.9,17.95,17.75,17.85,-0.1,2782
20130426,9111728,163774244,17.9,18.0,17.85,17.85,0.0,3318
20130429,7458560,133412644,17.9,17.95,17.85,17.95,0.1,2838
20130430,12967279,234254227,18.0,18.15,18.0,18.15,0.2,3421
20130502,13036135,237140740,18.2,18.25,18.15,18.15,0.0,2953
20130503,6967462,126900970,18.25,18.3,18.15,18.25,0.1,1929
20130506,11622939,210314759,18.3,18.35,18.0,18.0,-0.25,2479
20130507,8575678,154668004,18.0,18.1,18.0,18.05,0.05,2042
20130508,14235108,258571426,18.1,18.3,18.05,18.2,0.15,3395
20130509,8373261,152651885,18.3,18.3,18.15,18.2,0.0,2522
20130510,5703936,104075741,18.2,18.3,18.2,18.3,0.1,1570
20130513,6156047,112214354,18.3,18.3,18.2,18.2,-0.1,1147
20130514,5847083,106823860,18.25,18.35,18.2,18.25,0.05,1712
20130515,11102275,203307072,18.3,18.35,18.2,18.35,0.1,1827
20130516,12640777,234357932,18.45,18.7,18.4,18.65,0.3,2889
20130517,10167861,189453613,18.6,18.7,18.55,18.65,0.0,1719
20130520,7622198,141270228,18.6,18.6,18.45,18.5,-0.15,1848
20130521,6741726,125103398,18.5,18.65,18.45,18.55,0.05,1263
20130522,10704987,199005727,18.65,18.7,18.5,18.6,0.05,2319
20130523,15589816,286127817,18.5,18.6,18.2,18.2,-0.4,3497
20130524,7037683,127832127,18.2,18.25,18.1,18.1,-0.1,1755
20130527,2766785,50275847,18.1,18.25,18.05,18.25,0.15,901
20130528,3379207,61517118,18.25,18.3,18.15,18.2,-0.05,1174
20130529,4910456,89640411,18.2,18.3,18.15,18.3,0.1,1350
20130530,14989288,270627467,18.15,18.2,17.95,18.05,-0.25,2880
20130531,17639835,318860839,18.2,18.25,17.95,18.15,0.1,2578
20130603,13222015,236842067,18.0,18.05,17.85,17.85,-0.3,3740
20130604,7844988,139921003,17.9,17.9,17.8,17.85,0.0,3522
20130605,9751045,173871070,17.85,17.9,17.75,17.9,0.05,3172
20130606,11340344,201078661,17.75,17.8,17.7,17.7,-0.2,3325
20130607,8459810,149819850,17.7,17.8,17.65,17.7,0.0,1704
20130610,4013372,71626744,17.75,17.95,17.75,17.85,0.15,2191
20130611,7796517,138996522,17.8,17.9,17.75,17.8,-0.05,2526
20130613,11065663,195051450,17.7,17.8,17.55,17.55,-0.25,2945
20130614,7026328,123426476,17.6,17.65,17.5,17.55,0.0,2151
20130617,4864296,85719776,17.6,17.7,17.55,17.6,0.05,1710
20130618,7033604,123744232,17.6,17.7,17.55,17.65,0.05,1807
20130619,9239188,162503859,17.7,17.7,17.55,17.55,-0.1,2168
20130620,15836314,276356045,17.5,17.6,17.4,17.45,-0.1,3920
20130621,13088082,226216986,17.3,17.35,17.2,17.35,-0.1,2843
20130624,9533102,165136394,17.4,17.4,17.25,17.3,-0.05,2385
20130625,12184376,209726145,17.3,17.4,17.15,17.15,-0.15,2518
20130626,17828254,307521719,17.4,17.4,17.15,17.35,0.2,3510
20130627,9414356,163777633,17.4,17.45,17.35,17.35,0.0,2207
20130628,18224152,321350123,17.45,17.75,17.45,17.75,0.4,3806
20130701,9108230,161016323,17.7,17.8,17.5,17.65,-0.1,1716
20130702,6425682,113845362,17.65,17.8,17.65,17.75,0.1,1983
20130703,9595753,168416283,17.75,17.75,17.45,17.65,-0.1,2536
20130704,5248887,91881655,17.5,17.6,17.45,17.5,-0.15,2067
20130705,6006077,105914928,17.6,17.7,17.55,17.55,0.05,1739
20130708,10571388,184703137,17.5,17.6,17.4,17.4,-0.15,2077
20130709,10057622,177137866,17.55,17.7,17.45,17.7,0.3,2121
20130710,8882061,157774094,17.7,17.85,17.65,17.8,0.1,2725
20130711,16351795,293919510,17.9,18.1,17.9,18.1,0.3,3242
20130712,12469000,226218050,18.1,18.25,18.0,18.2,0.1,2579
20130715,8734671,159122402,18.1,18.3,18.05,18.3,0.1,2404
20130716,12979347,236883732,18.3,18.35,18.15,18.3,0.0,2535
20130717,16018085,293642749,18.3,18.45,18.2,18.4,0.1,3210
20130718,13077593,240378984,18.4,18.45,18.3,18.45,0.05,3112
20130719,13489774,247561248,18.35,18.5,18.25,18.35,-0.1,2920
20130722,14119220,260521277,18.4,18.5,18.4,18.45,0.1,2644
20130723,19692464,365985991,18.55,18.65,18.45,18.6,0.15,4456
20130724,10966765,203807930,18.6,18.65,18.5,18.65,0.05,2382
20130725,14212273,264356175,18.6,18.7,18.5,18.65,0.0,2507
20130726,13272959,247494219,18.65,18.75,18.6,18.7,0.05,2627
20130729,24649497,458644172,18.7,18.75,18.5,18.6,-0.1,2046
20130730,23808593,443222022,18.6,18.7,18.55,18.6,0.0,2855
20130731,38286678,711467187,18.6,18.7,18.6,18.6,0.0,3995
20130801,56391026,1050366595,18.65,18.7,18.6,18.6,0.0,6501
20130802,81924304,1417290720,17.25,17.45,17.25,17.4,,6218
20130805,15221145,265582764,17.4,17.5,17.3,17.5,0.1,1968
20130806,20504637,355839561,17.45,17.45,17.3,17.3,-0.2,3048
20130807,19696856,336881451,17.2,17.2,17.05,17.05,-0.25,3378
20130808,26358891,448348259,17.0,17.1,16.95,17.0,-0.05,4643
20130809,16642219,281444273,17.0,17.0,16.85,16.9,-0.1,3533
20130812,10289175,174681864,16.9,17.1,16.8,17.1,0.2,1644
20130813,9999375,170828130,17.15,17.15,17.0,17.15,0.05,1621
20130814,7437692,126817510,17.15,17.15,17.0,17.05,-0.1,2008
20130815,8266658,140237436,17.0,17.05,16.9,16.95,-0.1,1910
20130816,6896908,117113136,16.9,17.15,16.85,17.0,0.05,1346
20130819,9516860,161841970,17.1,17.1,16.9,17.0,0.0,2164
20130820,7593390,129477284,17.0,17.15,16.95,17.05,0.05,1867
20130822,15734603,266863796,17.0,17.05,16.9,17.05,0.0,3715
20130823,5603741,95644840,17.1,17.15,17.0,17.05,0.0,1719
20130826,3763581,64299257,17.1,17.15,17.0,17.15,0.1,911
20130827,6904765,117961228,17.1,17.15,17.0,17.1,-0.05,1759
20130828,8353167,142149927,17.0,17.1,16.95,17.1,0.0,1725
20130829,8183702,139992811,17.1,17.15,17.05,17.1,0.0,1826
20130830,11474852,197113245,17.15,17.3,17.05,17.3,0.2,2674
20130902,8524746,147662203,17.3,17.4,17.2,17.35,0.05,1563
20130903,13415135,235552552,17.55,17.6,17.5,17.6,0.25,2871
20130904,8787018,154459778,17.6,17.7,17.45,17.7,0.1,2492
20130905,13326313,235530701,17.65,17.75,17.6,17.7,0.0,2972
20130906,11687286,207000301,17.7,17.8,17.6,17.65,-0.05,3034
20130909,13139298,231043181,17.65,17.7,17.45,17.7,0.05,2534
20130910,23612752,420166046,17.7,17.85,17.7,17.85,0.15,3893
20130911,15629080,278966816,17.8,17.95,17.75,17.95,0.1,3537
20130912,13932136,249408436,17.9,18.0,17.8,17.95,0.0,2952
20130913,8770657,156688808,17.95,17.95,17.8,17.85,-0.1,1957
20130914,5212593,92642271,17.8,17.85,17.7,17.75,-0.1,1533
20130916,12587756,225008341,17.8,17.95,17.8,17.95,0.2,2949
20130917,11234008,200619762,17.9,17.95,17.75,17.9,-0.05,1569
20130918,9773838,174439361,17.9,17.9,17.8,17.8,-0.1,2060
20130923,13447547,241633783,17.8,18.05,17.8,18.0,0.2,3400
20130924,10739023,192896110,18.0,18.05,17.85,18.05,0.05,2150
20130925,13846818,249271724,18.0,18.1,17.9,18.1,0.05,1995
20130926,7025165,125851415,18.0,18.05,17.85,17.9,-0.2,1302
20130927,9427355,169401920,17.9,18.0,17.9,18.0,0.1,1429
20130930,12905726,229333121,17.95,17.95,17.7,17.7,-0.3,2481
20131001,5055092,89807040,17.7,17.85,17.7,17.75,0.05,1476
20131002,5321895,94338494,17.75,17.8,17.7,17.7,-0.05,1404
20131003,20820458,375075444,17.7,18.15,17.7,18.15,0.45,5185
20131004,7692408,139254518,18.15,18.15,18.05,18.15,0.0,2374
20131007,7142353,129372816,18.1,18.2,18.0,18.15,0.0,1744
20131008,9411860,170635128,18.1,18.2,18.0,18.2,0.05,2477
20131009,10967700,199105500,18.15,18.25,18.05,18.1,-0.1,2129
20131011,12358393,224942415,18.25,18.35,18.1,18.2,0.1,2433
20131014,6008402,109003076,18.15,18.2,18.1,18.15,-0.05,1254
20131015,10769443,195383751,18.2,18.2,18.05,18.2,0.05,2109
20131016,6635807,120336426,18.15,18.2,18.1,18.1,-0.1,1642
20131017,9448500,171410374,18.2,18.25,18.05,18.15,0.05,1498
20131018,8156962,147612916,18.05,18.15,18.05,18.15,0.0,1329
20131021,5441073,98463668,18.15,18.15,18.05,18.15,0.0,1200
20131022,6036574,109013132,18.1,18.15,18.0,18.1,-0.05,1261
20131023,6819198,123158114,18.15,18.15,18.0,18.1,0.0,1533
20131024,4230831,76413078,18.0,18.15,18.0,18.1,0.0,1157
20131025,7452726,133958569,18.1,18.1,17.9,18.0,-0.1,1677
20131028,5822048,105174714,18.05,18.1,17.95,18.1,0.1,1405
20131029,6933063,125535348,18.1,18.15,18.05,18.15,0.05,1582
20131030,6860250,124664215,18.15,18.2,18.1,18.2,0.05,1670
20131031,9354779,170016770,18.15,18.2,18.1,18.2,0.0,1628
20131101,4775872,86453722,18.15,18.15,18.05,18.15,-0.05,1494
20131104,5380235,96890696,18.1,18.1,17.95,18.0,-0.15,1336
20131105,5852482,104897571,18.0,18.05,17.85,17.85,-0.15,1617
20131106,6117143,108935367,17.85,17.9,17.75,17.9,0.05,1472
20131107,6612776,117470774,17.9,17.9,17.7,17.7,-0.2,1645
20131108,5536523,98344612,17.7,17.9,17.7,17.8,0.1,1381
20131111,5066223,89875377,17.8,17.85,17.7,17.7,-0.1,1157
20131112,3871250,69057791,17.8,17.9,17.75,17.8,0.1,1318
20131113,7310217,129412975,17.9,17.9,17.65,17.65,-0.15,2047
20131114,5313673,93994619,17.65,17.75,17.65,17.65,0.0,1471
20131115,3268223,57998395,17.65,17.8,17.65,17.8,0.15,1079
20131118,3707604,65985134,17.8,17.85,17.7,17.8,0.0,974
20131119,4520851,80553903,17.8,17.85,17.75,17.85,0.05,919
20131120,5168480,92022655,17.85,17.85,17.75,17.75,-0.1,1361
20131121,10462941,184227387,17.85,17.85,17.5,17.5,-0.25,2607
20131122,4298942,75598783,17.55,17.65,17.5,17.6,0.1,1574
20131125,13679991,245361487,17.8,18.0,17.8,17.85,0.25,2530
20131126,13565664,242116015,17.8,18.0,17.8,17.8,-0.05,1944
20131127,5545625,98964995,17.9,17.95,17.8,17.85,0.05,1377
20131128,6337689,113683928,17.8,18.0,17.8,17.95,0.1,1799
20131129,7202975,129367641,17.95,18.0,17.9,17.95,0.0,1370
20131202,5556866,99829695,18.0,18.0,17.9,17.95,0.0,1121
20131203,6352493,114114832,17.95,18.0,17.9,17.9,-0.05,1542
20131204,7172050,128838445,17.95,18.0,17.9,18.0,0.1,1436
20131205,7399787,132884151,18.0,18.05,17.9,17.9,-0.1,1423
20131206,6798987,121434566,17.95,17.95,17.8,17.8,-0.1,1766
20131209,7569359,136091173,18.0,18.05,17.9,18.0,0.2,2328
20131210,4871289,87737587,18.0,18.05,17.95,18.05,0.05,1572
20131211,8781522,158250066,18.05,18.1,17.85,18.05,0.0,2508
20131212,4787498,85878730,18.0,18.0,17.9,17.9,-0.15,872
20131213,4798768,86118942,17.9,18.0,17.9,18.0,0.1,1170
20131216,4031762,72151395,18.0,18.0,17.85,17.9,-0.1,950
20131217,3852591,68958280,17.9,17.95,17.85,17.85,-0.05,845
20131218,8396279,149971723,17.9,17.95,17.8,17.85,0.0,2881
20131219,7550225,135562610,17.9,18.0,17.9,18.0,0.15,1589
20131220,8205805,147529852,18.0,18.05,17.9,18.0,0.0,1771
20131223,6708528,120571954,18.0,18.05,17.9,17.9,-0.1,1978
20131224,3504193,62922079,17.9,18.0,17.9,17.9,0.0,979
20131225,2121200,38107110,18.0,18.0,17.9,17.95,0.05,683
20131226,5921113,106910884,18.0,18.1,17.95,18.1,0.15,1192
20131227,9946809,180551615,18.1,18.2,18.05,18.2,0.1,2520
20131230,19867054,365612709,18.25,18.5,18.2,18.5,0.3,3997
20131231,11988153,221729162,18.6,18.6,18.4,18.55,0.05,2536
20140102,7613789,140763046,18.55,18.6,18.4,18.5,-0.05,2121
20140103,7241905,132614318,18.4,18.45,18.25,18.25,-0.25,1720
20140106,4626182,84396962,18.2,18.3,18.2,18.25,0.0,1011
20140107,5248399,95833615,18.25,18.3,18.2,18.2,-0.05,1485
20140108,5513901,100642172,18.25,18.3,18.2,18.2,0.0,1410
20140109,4858599,88386908,18.2,18.25,18.15,18.25,0.05,1683
20140110,7265123,132460925,18.25,18.3,18.15,18.25,0.0,1796
20140113,5294034,97251706,18.35,18.4,18.3,18.35,0.1,1474
20140114,6480189,118791198,18.35,18.45,18.25,18.3,-0.05,1702
20140115,7458215,136864517,18.3,18.4,18.3,18.35,0.05,2362
20140116,3700845,67903875,18.35,18.4,18.3,18.35,0.0,952
20140117,4188326,76767096,18.35,18.4,18.25,18.3,-0.05,1109
20140120,2953447,54173352,18.3,18.4,18.3,18.35,0.05,721
20140121,4416458,81086899,18.35,18.45,18.3,18.3,-0.05,1118
20140122,5586976,102223706,18.3,18.35,18.2,18.35,0.05,1517
20140123,5390023,98531815,18.4,18.4,18.2,18.2,-0.15,1620
20140124,7287285,133521533,18.2,18.4,18.2,18.4,0.2,1926
20140127,17646847,320379077,18.3,18.35,18.1,18.1,-0.3,3826
20140205,28931724,516753182,18.0,18.1,17.7,17.7,-0.4,7600
20140206,14796580,263359790,17.75,17.85,17.7,17.8,0.1,4620
20140207,7739268,138257473,17.9,17.95,17.8,17.85,0.05,2647
20140210,5211407,93119951,17.85,17.95,17.85,17.85,0.0,1522
20140211,5222272,93313047,17.85,17.95,17.8,17.85,0.0,1422
20140212,5421175,97406338,17.95,18.0,17.9,18.0,0.15,1400
20140213,4805279,85972426,18.0,18.0,17.85,17.85,-0.15,1133
20140214,8465720,152457870,18.0,18.05,17.9,18.0,0.15,2320
20140217,3557971,64205926,18.05,18.1,18.0,18.05,0.05,1003
20140218,6322429,114612991,18.05,18.2,18.0,18.2,0.15,1646
20140219,8307758,151029364,18.2,18.25,18.1,18.2,0.0,1622
20140220,7248946,130822028,18.05,18.15,18.0,18.05,-0.15,1472
20140221,11416353,207884085,18.2,18.3,18.15,18.25,0.2,2219
20140224,22686054,412128647,18.2,18.25,18.0,18.2,-0.05,3048
20140225,12019845,217943386,18.15,18.2,18.1,18.1,-0.1,2156
20140226,13274710,239542776,18.05,18.15,18.0,18.0,-0.1,3070
20140227,11829208,214313694,18.1,18.2,18.05,18.05,0.05,2276
20140303,12064039,215972455,18.0,18.05,17.8,18.0,-0.05,2989
20140304,7891908,141047788,17.9,18.0,17.8,17.85,-0.15,2259
20140305,4569794,82145400,18.0,18.05,17.9,17.9,0.05,1147
20140306,7301800,131905700,18.05,18.15,17.95,18.1,0.2,1427
20140307,7527416,136583261,18.1,18.2,18.05,18.2,0.1,1880
20140310,6299110,113942681,18.2,18.2,18.0,18.1,-0.1,1636
20140311,4718771,85227878,18.15,18.15,18.0,18.0,-0.1,1388
20140312,4243574,76585132,18.0,18.1,17.95,18.1,0.1,1094
20140313,9676410,174750052,18.1,18.15,17.95,18.0,-0.1,2365
20140314,7543686,135693604,18.0,18.1,17.9,17.95,-0.05,1994
20140317,7058708,126476161,17.95,18.0,17.85,17.9,-0.05,1636
20140318,5376016,96986032,18.0,18.1,18.0,18.0,0.1,1248
20140319,5319747,95473038,18.0,18.1,17.9,17.9,-0.1,1438
20140320,11100517,197540971,17.85,17.85,17.75,17.8,-0.1,2144
20140321,8796120,156657952,17.8,17.9,17.8,17.8,0.0,1268
20140324,6716989,119347273,17.75,17.9,17.7,17.9,0.1,1656
20140325,5619387,100442378,17.8,17.95,17.8,17.9,0.0,1232
20140326,7400080,132260441,17.9,17.95,17.8,17.95,0.05,1828
20140327,9623678,171736191,17.85,17.9,17.8,17.8,-0.15,2385
20140328,7209894,129251213,17.8,18.0,17.8,18.0,0.2,1505
20140331,5480560,98767330,18.0,18.1,17.9,18.1,0.1,1290
20140401,5613167,101398906,18.1,18.1,18.0,18.1,0.0,1460
20140402,4295640,77746541,18.05,18.15,18.05,18.15,0.05,1475
20140403,6988405,126675973,18.1,18.2,18.05,18.2,0.05,2206
20140407,7362037,133260531,18.05,18.2,18.0,18.2,0.0,2406
20140408,4469437,80975096,18.2,18.2,18.05,18.15,-0.05,2057
20140409,9403761,170575754,18.15,18.2,18.05,18.15,0.0,2968
20140410,6737737,122229827,18.2,18.25,18.05,18.15,0.0,2034
20140411,8212367,148567338,18.15,18.15,18.0,18.15,0.0,2920
20140414,5870813,106535059,18.15,18.2,18.05,18.2,0.05,1747
20140415,7113959,128741180,18.1,18.2,18.05,18.05,-0.15,2100
20140416,10578531,190557105,18.05,18.1,17.95,17.95,-0.1,3106
20140417,6885797,123949594,18.0,18.05,17.95,18.05,0.1,1507
20140418,3488810,62810130,18.0,18.05,17.95,18.05,0.0,927
20140421,5334885,95826951,18.0,18.0,17.95,17.95,-0.1,1392
20140422,6435671,115369623,17.95,18.0,17.85,17.9,-0.05,2614
20140423,6042068,108235253,17.95,18.0,17.85,17.85,-0.05,1795
20140424,7841383,140206270,17.85,17.95,17.8,17.9,0.05,1691
20140425,17127788,306382022,17.95,18.05,17.75,17.75,-0.15,3217
20140428,7522374,134250324,17.75,17.95,17.7,17.85,0.1,1780
20140429,6732068,120664879,17.95,18.0,17.85,17.95,0.1,1036
20140430,12362006,220112510,18.0,18.0,17.7,17.7,-0.25,1970
20140502,10687802,189995548,17.7,17.9,17.7,17.9,0.2,1881
20140505,7594009,135361881,17.9,17.95,17.75,17.9,0.0,1433
20140506,5193295,93012213,17.9,18.0,17.8,17.95,0.05,1606
20140507,7304696,130969162,17.95,18.0,17.85,18.0,0.05,2315
20140508,6575561,118462548,18.0,18.1,17.9,18.1,0.1,1364
20140509,4907709,88338944,18.0,18.05,17.95,18.05,-0.05,1197
20140512,10117579,181309810,18.0,18.0,17.8,17.95,-0.1,1766
20140513,9935600,178519949,18.0,18.05,17.85,18.0,0.05,2152
20140514,15521091,279144089,18.0,18.1,17.85,18.0,0.0,2136
20140515,4912305,88135170,18.0,18.0,17.9,17.9,-0.1,1149
20140516,9914387,178448652,18.0,18.1,17.9,18.05,0.15,2304
20140519,8841378,159468254,18.0,18.1,18.0,18.1,0.05,1839
20140520,7322212,132006066,18.0,18.1,18.0,18.05,-0.05,1742
20140521,9469052,170147947,18.0,18.05,17.9,18.0,-0.05,1992
20140522,11937337,215516816,18.0,18.1,17.95,18.1,0.1,1836
20140523,12116107,219676995,18.0,18.2,18.0,18.2,0.1,4067
20140526,13950506,254428697,18.2,18.3,18.15,18.2,0.0,2773
20140527,11563684,211318236,18.25,18.35,18.2,18.3,0.1,2516
20140528,19313303,355269704,18.3,18.5,18.25,18.45,0.15,3676
20140529,18284905,339094509,18.5,18.6,18.45,18.5,0.05,3991
20140530,22168846,411858140,18.55,18.65,18.5,18.6,0.1,3457
20140603,13980809,259882433,18.6,18.7,18.5,18.65,0.05,3072
20140604,11149785,206807028,18.65,18.65,18.5,18.6,-0.05,3071
20140605,7228213,133629959,18.6,18.6,18.45,18.55,-0.05,1641
20140606,5726378,105994310,18.55,18.55,18.45,18.55,0.0,1603
20140609,7860774,145622617,18.55,18.6,18.45,18.55,0.0,1399
20140610,16270541,303213309,18.55,18.75,18.5,18.75,0.2,3014
20140611,8160986,152581929,18.75,18.75,18.65,18.7,-0.05,1433
20140612,5408051,100727543,18.55,18.7,18.55,18.65,-0.05,1665
20140613,6993262,130363058,18.65,18.7,18.6,18.7,0.05,2008
20140616,8544783,159481165,18.75,18.75,18.6,18.7,0.0,1802
20140617,10196769,189936734,18.7,18.7,18.55,18.7,0.0,2859
20140618,12445251,232426670,18.7,18.8,18.6,18.7,0.0,2546
20140619,7417872,138533635,18.7,18.75,18.6,18.75,0.05,1561
20140620,12055180,225994937,18.75,18.8,18.7,18.75,0.0,1610
20140623,13210578,248533740,18.75,18.9,18.7,18.85,0.1,2521
20140624,11294207,213606365,18.9,18.95,18.85,18.95,0.1,2628
20140625,13443913,254750562,18.95,19.05,18.85,19.0,0.05,2286
20140626,15631816,297230932,19.0,19.1,18.9,19.05,0.05,3574
20140627,20490028,392206205,19.0,19.25,19.0,19.2,0.15,3255
20140630,11731999,224597358,19.2,19.25,19.0,19.2,0.0,2198
20140701,11367187,218186791,19.2,19.25,19.15,19.2,0.0,2941
20140702,21728604,418404435,19.2,19.35,19.15,19.3,0.1,3594
20140703,18000442,344922511,19.3,19.3,19.05,19.15,-0.15,2572
20140704,10828185,207253456,19.15,19.2,19.1,19.15,0.0,2087
20140707,13917097,264395675,19.15,19.15,18.9,19.0,-0.15,2351
20140708,8949056,171024840,19.05,19.2,19.0,19.2,0.2,2397
20140709,12915341,248144802,19.15,19.3,19.1,19.25,0.05,2285
20140710,16737429,323662363,19.3,19.45,19.25,19.45,0.2,3560
20140711,12088739,233864727,19.45,19.45,19.25,19.35,-0.1,2391
20140714,16711076,325201638,19.4,19.6,19.3,19.5,0.15,3153
20140715,25164280,496444287,19.6,19.9,19.55,19.65,0.15,4695
20140716,17214544,338490435,19.65,19.8,19.55,19.65,0.0,2799
20140717,20672401,409634179,19.7,19.95,19.7,19.85,0.2,5361
20140718,13049789,257656273,19.7,19.8,19.65,19.75,-0.1,2735
20140721,16611711,329588777,19.85,20.0,19.75,19.85,0.1,3187
20140722,13675180,271172501,19.85,19.9,19.75,19.9,0.05,4387
20140724,22531390,451333800,20.0,20.1,19.95,20.1,0.2,3651
20140725,25625688,516762899,20.1,20.3,20.05,20.2,0.1,4820
20140728,56863313,1166235135,20.2,20.8,20.2,20.8,0.6,8883
20140729,32556806,670233637,20.85,20.9,20.3,20.45,-0.35,6720
20140730,58984433,1214094631,20.5,20.8,20.45,20.6,0.15,6250
20140731,57444589,1178808674,20.7,20.7,20.4,20.45,-0.15,7628
20140801,95686244,1778903583,18.5,18.75,18.4,18.7,,7634
20140804,34805533,643162925,18.7,18.75,18.4,18.4,-0.3,6596
20140805,47539561,856948129,18.4,18.4,17.9,17.9,-0.5,8884
20140806,31255191,558186038,17.9,18.0,17.75,17.95,0.05,4907
20140807,22455015,401627534,18.0,18.05,17.8,17.95,0.0,3494
20140808,15360630,274030626,17.95,17.95,17.8,17.85,-0.1,3232
20140811,17454526,313430078,17.9,18.05,17.9,18.05,0.2,2750
20140812,13822152,248501736,18.05,18.1,17.9,17.9,-0.15,2676
20140813,15835913,285894737,18.0,18.1,17.95,18.1,0.2,3446
20140814,18865126,343051966,18.1,18.25,18.1,18.25,0.15,2552
20140815,10649658,193322950,18.25,18.25,18.1,18.2,-0.05,1647
20140818,14170454,255108622,18.15,18.2,17.9,18.0,-0.2,2569
20140819,7766100,140923192,18.1,18.2,18.0,18.2,0.2,2066
20140820,16486561,302409801,18.25,18.45,18.2,18.35,0.15,4932
20140821,15882386,292073760,18.35,18.45,18.3,18.4,0.05,2452
20140822,23807163,446297884,18.5,18.85,18.5,18.85,0.45,5921
20140825,19178203,361019895,19.0,19.05,18.7,18.85,0.0,4324
20140826,11179684,208990132,18.85,18.85,18.65,18.7,-0.15,3242
20140827,16328113,306239748,18.7,18.85,18.65,18.8,0.1,5043
20140828,15370455,285578252,18.8,18.8,18.65,18.8,0.0,2869
20140829,22446194,417551924,18.7,18.75,18.5,18.5,-0.3,3645
20140901,17284476,324805090,18.65,18.85,18.65,18.85,0.35,4063
20140902,17927504,337749544,18.85,18.9,18.75,18.8,-0.05,3192
20140903,32638369,622855342,18.85,19.2,18.85,19.2,0.4,6890
20140904,27824681,531853343,19.2,19.25,18.95,19.15,-0.05,3759
20140905,17429407,332744529,19.15,19.15,19.0,19.1,-0.05,3254
20140909,27609295,529717571,19.1,19.25,19.1,19.25,0.15,4657
20140910,18676032,356955492,19.2,19.2,19.0,19.2,-0.05,3551
20140911,14210924,272771737,19.2,19.25,19.05,19.25,0.05,2491
20140912,10691528,203962352,19.25,19.25,19.0,19.0,-0.25,2375
20140915,17817965,337475750,19.0,19.05,18.9,18.9,-0.1,3328
20140916,12603103,236389361,18.9,18.9,18.65,18.65,-0.25,3056
20140917,15212589,287058144,18.7,19.0,18.7,18.9,0.25,3606
20140918,7116171,134663045,18.9,19.0,18.8,18.95,0.05,2236
20140919,18416735,348995131,18.95,19.05,18.9,18.9,-0.05,2637
20140922,12751650,238900666,18.9,18.9,18.6,18.8,-0.1,3158
20140923,8034744,150639034,18.8,18.85,18.65,18.75,-0.05,1633
20140924,5340468,100045149,18.75,18.8,18.65,18.75,0.0,1473
20140925,10012955,186382932,18.75,18.8,18.5,18.65,-0.1,2237
20140926,9646083,178421197,18.5,18.55,18.4,18.55,-0.1,2322
20140929,15782878,291221266,18.6,18.6,18.35,18.45,-0.1,3326
20140930,11625857,212944627,18.5,18.5,18.2,18.35,-0.1,3153
20141001,8702189,159547632,18.3,18.4,18.2,18.4,0.05,2131
20141002,11053109,202553192,18.3,18.45,18.2,18.45,0.05,2762
20141003,9767445,181363251,18.55,18.7,18.4,18.7,0.25,2976
20141006,10630723,197634956,18.7,18.7,18.5,18.55,-0.15,2792
20141007,12406108,229147850,18.5,18.65,18.3,18.65,0.1,2883
20141008,9878023,184080812,18.5,18.75,18.45,18.65,0.0,2156
20141009,7774577,144878048,18.7,18.7,18.55,18.65,0.0,2543
20141013,14113287,258789899,18.45,18.5,18.25,18.25,-0.4,2902
20141014,11437546,209536559,18.2,18.45,18.15,18.35,0.1,2068
20141015,19202700,349361554,18.35,18.35,18.1,18.15,-0.2,3748
20141016,21243092,383657112,18.05,18.2,17.95,18.05,-0.1,3280
20141017,18611987,335414966,18.15,18.2,17.95,17.95,-0.1,4145
20141020,10193049,184377472,18.05,18.2,18.0,18.1,0.15,2214
20141021,5406724,98168410,18.15,18.2,18.1,18.1,0.0,1954
20141022,8879450,162417791,18.2,18.35,18.2,18.35,0.25,1842
20141023,9592978,176532956,18.35,18.5,18.3,18.5,0.15,1673
20141024,11677548,214992105,18.5,18.5,18.3,18.4,-0.1,2029
20141027,7995032,146964396,18.4,18.5,18.3,18.4,0.0,1513
20141028,19082110,355934044,18.55,18.75,18.5,18.6,0.2,4102
20141029,11803778,219512878,18.7,18.7,18.5,18.65,0.05,2919
20141030,13501491,250894939,18.55,18.7,18.4,18.65,0.0,2246
20141031,12173956,226612684,18.7,18.75,18.5,18.7,0.05,2611
20141103,11866763,220636149,18.7,18.7,18.5,18.7,0.0,2887
20141104,9504503,176929180,18.7,18.7,18.55,18.65,-0.05,2551
20141105,12825442,237437692,18.65,18.7,18.35,18.5,-0.15,2910
20141106,8113551,149109321,18.4,18.45,18.3,18.3,-0.2,2560
20141107,5709993,104723091,18.3,18.4,18.25,18.3,0.0,1135
20141110,13455017,250885711,18.4,18.75,18.4,18.7,0.4,3678
20141111,5078290,94830435,18.7,18.7,18.6,18.65,-0.05,1470
20141112,9719795,179016049,18.55,18.6,18.3,18.3,-0.35,2667
20141113,5716515,105438258,18.5,18.5,18.3,18.5,0.2,1468
20141114,13465450,250046302,18.55,18.65,18.35,18.6,0.1,2312
20141117,11177917,207511915,18.7,18.7,18.4,18.5,-0.1,2540
20141118,9250213,171981505,18.6,18.65,18.5,18.65,0.15,2202
20141119,20010585,375321548,18.65,18.8,18.55,18.8,0.15,3435
20141120,11268083,212089973,18.8,18.9,18.75,18.9,0.1,2894
20141121,7727427,145541008,18.9,18.95,18.75,18.85,-0.05,1498
20141124,10362774,195714450,18.85,18.95,18.8,18.9,0.05,1774
20141125,17181016,322890424,18.85,18.95,18.7,18.7,-0.2,2024
20141126,8763740,164556446,18.8,18.9,18.6,18.75,0.05,2048
20141127,7697401,144799384,18.7,18.85,18.7,18.8,0.05,1794
20141128,13467327,253275615,18.75,18.85,18.7,18.8,0.0,2168
20141201,19339908,358117576,18.4,18.65,18.35,18.5,-0.3,3840
20141202,15673922,287114222,18.5,18.5,18.25,18.3,-0.2,3473
20141203,7621208,140758132,18.4,18.55,18.35,18.5,0.2,1820
20141204,9513069,177633580,18.6,18.8,18.55,18.75,0.25,2329
20141205,8597816,159830214,18.75,18.75,18.5,18.55,-0.2,1809
20141208,5585742,103937700,18.6,18.7,18.45,18.65,0.1,1517
20141209,5865055,108733942,18.6,18.65,18.5,18.55,-0.1,1564
20141210,11864423,218990451,18.55,18.6,18.4,18.5,-0.05,3539
20141211,12725978,233699854,18.4,18.45,18.3,18.3,-0.2,2573
20141212,12854596,235606594,18.4,18.45,18.3,18.4,0.1,3413
20141215,7758528,141957547,18.3,18.4,18.2,18.35,-0.05,2135
20141216,9130961,167005597,18.35,18.4,18.25,18.25,-0.1,3134
20141217,17407740,315439407,18.25,18.3,18.0,18.0,-0.25,5634
20141218,9351875,169625285,18.1,18.25,18.05,18.25,0.25,2854
20141219,9413954,173033899,18.3,18.45,18.25,18.45,0.2,2502
20141222,5843152,107543008,18.4,18.45,18.3,18.45,0.0,1552
20141223,8059434,148520227,18.45,18.5,18.4,18.4,-0.05,1455
20141224,8169948,150757751,18.35,18.5,18.35,18.5,0.1,2409
20141225,6369389,117226966,18.5,18.55,18.35,18.4,-0.1,1416
20141226,4647375,85754716,18.4,18.55,18.35,18.55,0.15,1345
20141227,2164829,40062213,18.5,18.55,18.45,18.5,-0.05,506
20141229,10103282,187949530,18.55,18.65,18.5,18.6,0.1,3161
20141230,4718228,87812689,18.65,18.7,18.55,18.65,0.05,1692
20141231,3409240,63425638,18.5,18.65,18.5,18.65,0.0,1240
20150105,7271543,134749221,18.6,18.65,18.45,18.6,-0.05,2196
20150106,19535866,356732259,18.4,18.4,18.15,18.2,-0.4,6518
20150107,10770004,196178270,18.2,18.3,18.15,18.2,0.0,3131
20150108,13423765,247546348,18.2,18.55,18.2,18.55,0.35,2359
20150109,8831898,163743689,18.6,18.65,18.45,18.55,0.0,1896
20150112,4167895,76699070,18.4,18.45,18.35,18.35,-0.2,1316
20150113,5827103,107723807,18.35,18.6,18.35,18.55,0.2,1800
20150114,7066377,130006475,18.55,18.55,18.3,18.3,-0.25,2547
20150115,5852693,107168646,18.4,18.45,18.25,18.25,-0.05,1482
20150116,11383197,207353254,18.25,18.35,18.15,18.2,-0.05,2956
20150119,4654035,85282856,18.35,18.45,18.25,18.3,0.1,1974
20150120,4272823,78532116,18.35,18.45,18.3,18.3,0.0,1351
20150121,4652640,85607397,18.4,18.45,18.3,18.45,0.15,1855
20150122,8919819,164851172,18.45,18.55,18.4,18.5,0.05,3476
20150123,15152832,282545851,18.65,18.7,18.6,18.65,0.15,4255
20150126,4434812,82384516,18.65,18.65,18.5,18.65,0.0,1923
20150127,5950158,110863330,18.7,18.7,18.5,18.7,0.05,1853
20150128,4817327,89656674,18.55,18.65,18.55,18.65,-0.05,1871
20150129,6672315,123424520,18.55,18.6,18.45,18.45,-0.2,1730
20150130,8310594,153625863,18.6,18.6,18.45,18.45,0.0,2204
20150202,5799379,107311196,18.4,18.55,18.4,18.55,0.1,1813
20150203,6223031,115379840,18.55,18.6,18.5,18.5,-0.05,1766
20150204,13532314,252325079,18.6,18.7,18.55,18.7,0.2,4030
20150205,7597458,142120371,18.7,18.75,18.6,18.75,0.05,2086
20150206,5036189,94177750,18.75,18.75,18.6,18.75,0.0,2087
20150209,4587900,85590049,18.7,18.7,18.6,18.65,-0.1,1423
20150210,4795901,89302926,18.6,18.7,18.55,18.65,0.0,1750
20150211,9090131,169343378,18.65,18.7,18.55,18.55,-0.1,2285
20150212,5738119,106760913,18.6,18.7,18.55,18.65,0.1,1215
20150213,7248966,134909923,18.65,18.7,18.55,18.55,-0.1,2150
20150224,15070716,282111624,18.7,18.75,18.65,18.75,0.2,3766
20150225,11476606,215483813,18.8,18.85,18.7,18.8,0.05,2541
20150226,16690482,310500542,18.8,18.8,18.55,18.55,-0.25,3230
20150302,10169730,188865334,18.55,18.65,18.5,18.65,0.1,2138
20150303,9924544,184207726,18.7,18.7,18.5,18.55,-0.1,3163
20150304,8474809,156938585,18.5,18.6,18.45,18.5,-0.05,2574
20150305,11339366,209304158,18.5,18.5,18.4,18.4,-0.1,3876
20150306,8932809,165139313,18.45,18.55,18.4,18.5,0.1,1894
20150309,10778236,198728653,18.45,18.55,18.4,18.4,-0.1,2791
20150310,12336329,227151995,18.4,18.5,18.35,18.4,0.0,3102
20150311,17302511,317498214,18.3,18.45,18.3,18.35,-0.05,4366
20150312,11670108,214930584,18.4,18.5,18.35,18.5,0.15,2893
20150313,10411859,192228612,18.5,18.55,18.4,18.4,-0.1,2384
20150316,7563629,139155687,18.4,18.45,18.35,18.35,-0.05,2490
20150317,14439572,265351273,18.4,18.5,18.3,18.35,0.0,4626
20150318,14428072,265923451,18.35,18.5,18.3,18.45,0.1,4068
20150319,14302568,264196944,18.5,18.55,18.4,18.5,0.05,3559
20150320,12343187,227774931,18.45,18.5,18.4,18.5,0.0,2611
20150323,9192948,170052023,18.5,18.55,18.45,18.5,0.0,1934
20150324,8995709,166508473,18.5,18.6,18.45,18.55,0.05,2366
20150325,7895346,146204698,18.5,18.55,18.5,18.5,-0.05,1594
20150326,12735394,235530707,18.45,18.6,18.45,18.6,0.1,2062
20150327,10130116,187356827,18.55,18.55,18.45,18.45,-0.15,2645
20150330,9938164,183862175,18.5,18.6,18.45,18.55,0.1,2386
20150331,12339443,229118663,18.6,18.6,18.5,18.6,0.05,2786
20150401,11389738,211870339,18.6,18.65,18.55,18.65,0.05,2384
20150402,17995262,336282523,18.7,18.75,18.6,18.65,0.0,3164
20150407,8262339,154637764,18.65,18.75,18.65,18.75,0.1,2163
20150408,10393109,194201816,18.75,18.8,18.65,18.65,-0.1,2506
20150409,13513271,253676450,18.7,18.85,18.65,18.8,0.15,2661
20150410,12400706,232873541,18.85,18.85,18.7,18.8,0.0,2711
20150413,7185718,135189713,18.8,18.85,18.75,18.85,0.05,1901
20150414,23681505,449356945,18.85,19.1,18.8,18.95,0.1,4774
20150415,25515943,481074980,18.95,19.0,18.75,18.75,-0.2,4096
20150416,11382661,214462209,18.75,18.9,18.75,18.9,0.15,2576
20150417,10587432,198816298,18.8,18.85,18.7,18.75,-0.15,2857
20150420,12259000,228992797,18.7,18.75,18.6,18.7,-0.05,2318
20150421,7781345,145337973,18.7,18.75,18.65,18.7,0.0,2255
20150422,13138612,246218052,18.7,18.8,18.65,18.8,0.1,2832
20150423,53908955,1030287845,18.9,19.2,18.85,19.1,0.3,9941
20150424,33938221,648479763,19.15,19.2,19.0,19.1,0.0,6091
20150427,49436095,964547166,19.2,19.8,19.2,19.4,0.3,8572
20150428,44585630,872487922,19.5,19.8,19.3,19.55,0.15,7126
20150429,28964493,563049840,19.5,19.65,19.35,19.4,-0.15,5379
20150430,17032497,329675967,19.3,19.45,19.25,19.3,-0.1,3522
20150504,26730432,525964575,19.5,19.85,19.45,19.65,0.35,4676
20150505,17105951,334909675,19.65,19.75,19.5,19.6,-0.05,3441
20150506,17834795,346363038,19.5,19.5,19.35,19.45,-0.15,3749
20150507,22824062,438318571,19.3,19.35,19.1,19.1,-0.35,4498
20150508,10810934,207729481,19.15,19.3,19.1,19.2,0.1,2037
20150511,18538108,355724081,19.3,19.4,19.1,19.2,0.0,2670
20150512,8674677,166754301,19.2,19.3,19.15,19.25,0.05,1916
20150513,9365967,180443579,19.25,19.35,19.2,19.25,0.0,1820
20150514,19006336,363218223,19.2,19.25,19.05,19.05,-0.2,4338
20150515,10505902,199985888,19.1,19.1,19.0,19.0,-0.05,2374
20150518,9385445,178966366,19.0,19.15,19.0,19.15,0.15,1826
20150519,8399921,161374128,19.2,19.3,19.1,19.2,0.05,1974
20150520,11839080,227455190,19.3,19.3,19.1,19.2,0.0,3226
20150521,20150764,382673766,19.05,19.05,18.9,19.0,-0.2,5337
20150522,9750062,185601820,19.0,19.1,18.95,19.05,0.05,2038
20150525,8799902,166871388,19.05,19.05,18.9,19.0,-0.05,1962
20150526,10100915,191837685,19.0,19.1,18.95,19.0,0.0,1763
20150527,16471947,313327843,19.0,19.1,18.95,19.1,0.1,2832
20150528,21813067,414613573,19.15,19.15,18.95,19.0,-0.1,4398
20150529,30007844,568479895,19.0,19.05,18.9,18.9,-0.1,4358
20150601,11790255,223785643,18.95,19.05,18.9,18.95,0.05,2984
20150602,16171829,306268208,18.95,19.0,18.9,19.0,0.05,4201
20150603,16167514,305569293,19.0,19.0,18.85,18.95,-0.05,4434
20150604,25432434,477636925,18.9,18.95,18.65,18.75,-0.2,5839
20150605,15003015,281111449,18.7,18.8,18.65,18.75,0.0,3760
20150608,16135443,303062672,18.75,18.9,18.7,18.8,0.05,4446
20150609,13384212,251488648,18.8,18.9,18.7,18.8,0.0,3528
20150610,13307108,249905350,18.8,18.85,18.75,18.8,0.0,3574
20150611,12764764,239373182,18.9,18.9,18.7,18.8,0.0,3000
20150612,6451261,121148986,18.8,18.85,18.7,18.85,0.05,1772
20150615,6090287,114453574,18.8,18.85,18.75,18.75,-0.1,2148
20150616,10600631,198205919,18.75,18.8,18.65,18.65,-0.1,3194
20150617,16282544,304197467,18.75,18.75,18.6,18.65,0.0,3997
20150618,12347911,231291362,18.8,18.85,18.65,18.7,0.05,2738
20150622,12390531,234363043,18.85,19.0,18.8,18.95,0.25,2523
20150623,11520962,218619850,19.0,19.05,18.9,18.9,-0.05,3083
20150624,8768963,166260660,19.0,19.0,18.85,18.95,0.05,1745
20150625,12989703,246760773,18.9,19.05,18.9,19.0,0.05,2491
20150626,11902354,226698426,19.0,19.1,19.0,19.05,0.05,2848
20150629,11267404,212990138,19.0,19.0,18.85,18.85,-0.2,2960
20150630,18948295,357038645,18.85,18.9,18.75,18.9,0.05,3174
20150701,11417799,215673514,18.85,18.95,18.8,18.9,0.0,2802
20150702,9893948,187318138,18.9,19.0,18.9,18.95,0.05,2644
20150703,13443204,254121626,19.0,19.0,18.8,19.0,0.05,2267
20150706,8710260,164230168,18.85,18.95,18.8,18.8,-0.2,1890
20150707,16659398,315724930,18.8,19.0,18.8,18.95,0.15,2674
20150708,23865860,447677744,18.9,18.95,18.65,18.75,-0.2,5219
20150709,18376542,341383924,18.6,18.7,18.4,18.6,-0.15,4722
20150713,10248404,192044292,18.7,18.8,18.65,18.75,0.15,2967
20150714,10109295,190150507,18.85,18.85,18.75,18.75,0.0,2914
20150715,16275565,306547146,18.8,18.9,18.75,18.85,0.1,4576
20150716,10985258,207615019,18.9,18.95,18.85,18.9,0.05,3576
20150717,26427764,502395796,18.95,19.15,18.9,19.15,0.25,6484
20150720,22802699,436468016,19.25,19.3,19.0,19.05,-0.1,3971
20150721,20732579,395204001,19.1,19.15,19.0,19.0,-0.05,4197
20150722,17239852,328082038,19.0,19.1,19.0,19.0,0.0,3091
20150723,22880548,430459525,19.05,19.05,18.9,19.0,0.0,3664
20150724,21159463,400516010,18.95,19.0,18.85,18.9,-0.1,2991
20150727,39226267,737321247,18.9,18.9,18.7,18.7,-0.2,5250
20150728,32853680,613713315,18.75,18.8,18.55,18.65,-0.05,6423
20150729,27742574,517601708,18.7,18.75,18.6,18.7,0.05,4808
20150730,76743822,1441101858,18.7,19.0,18.65,18.95,0.25,10079
20150731,80449620,1365376370,17.0,17.05,16.9,17.0,,12597
20150803,26863671,452553407,17.0,17.0,16.8,16.8,-0.2,6215
20150804,19686062,332113953,16.8,16.95,16.8,16.95,0.15,3724
20150805,17862640,301466395,16.9,16.95,16.8,16.9,-0.05,3911
20150806,32313357,538756675,16.8,16.85,16.55,16.6,-0.3,7258
20150807,27632378,455769458,16.5,16.6,16.4,16.5,-0.1,4935
20150810,20306244,335003621,16.45,16.55,16.4,16.5,0.0,3683
20150811,26038504,429711159,16.55,16.65,16.4,16.4,-0.1,6447
20150812,41097680,664516870,16.4,16.4,16.0,16.1,-0.3,8144
20150813,24781168,397595232,16.0,16.1,16.0,16.05,-0.05,5523
20150814,13946999,224562968,16.0,16.15,16.0,16.15,0.1,3488
20150817,13711358,219998826,16.15,16.15,16.0,16.0,-0.15,3931
20150818,24810156,394893641,16.05,16.1,15.8,15.8,-0.2,5458
20150819,34714671,537608174,15.8,15.8,15.35,15.4,-0.4,7982
20150820,28367886,439603324,15.35,15.65,15.3,15.6,0.2,5880
20150821,25192399,388233548,15.4,15.5,15.3,15.4,-0.2,6194
20150824,37155251,559052616,15.2,15.2,14.9,15.0,-0.4,8177
20150825,25912467,392611401,15.0,15.3,14.95,15.2,0.2,5700
20150826,21974424,334742635,15.2,15.4,15.1,15.3,0.1,4020
20150827,31853305,489385446,15.35,15.45,15.25,15.45,0.15,5283
20150828,37003298,574883906,15.5,15.6,15.45,15.5,0.05,6125
20150831,28023368,436276697,15.5,15.75,15.4,15.75,0.25,4664
20150901,19278024,300661086,15.6,15.7,15.5,15.55,-0.2,4978
20150902,22829167,355045318,15.5,15.7,15.4,15.55,0.0,4338
20150903,18208396,283988499,15.6,15.65,15.5,15.6,0.05,3952
20150904,11966211,186026798,15.5,15.6,15.5,15.5,-0.1,3401
20150907,14947658,231262666,15.5,15.5,15.4,15.5,0.0,4092
20150908,13012413,200824970,15.4,15.5,15.4,15.4,-0.1,3812
20150909,35859400,558282822,15.45,15.65,15.45,15.55,0.15,6461
20150910,20433651,318611053,15.5,15.7,15.45,15.7,0.15,4796
20150911,21768761,340339738,15.65,15.7,15.55,15.65,-0.05,3367
20150914,16192661,252759408,15.65,15.65,15.55,15.65,0.0,4169
20150915,13522909,211074153,15.65,15.65,15.5,15.6,-0.05,3935
20150916,14126461,220038496,15.55,15.6,15.55,15.6,0.0,3715
20150917,28289952,446517613,15.6,15.9,15.6,15.85,0.25,5920
20150918,22580986,358565173,15.85,16.05,15.75,15.85,0.0,4272
20150921,17541949,274314918,15.75,15.8,15.55,15.65,-0.2,4981
20150922,109095899,1674366452,15.3,15.45,15.3,15.4,-0.25,29630
20150923,44348521,676838264,15.3,15.35,15.2,15.2,-0.2,12434
20150924,21131563,321963053,15.25,15.3,15.2,15.2,0.0,6524
20150925,40305516,607616704,15.2,15.2,15.0,15.05,-0.15,11270
20150930,37461279,562244136,15.0,15.1,14.95,15.0,-0.05,8132
20151001,26533641,401833654,15.05,15.25,15.0,15.15,0.15,6453
20151002,13875252,211005647,15.2,15.25,15.15,15.25,0.1,3620
20151005,21132691,321294556,15.3,15.3,15.15,15.15,-0.1,4802
20151006,28840729,438929695,15.2,15.3,15.15,15.25,0.1,6556
20151007,19887414,303122510,15.2,15.3,15.15,15.3,0.05,5487
20151008,13554443,207199796,15.3,15.35,15.25,15.25,-0.05,3747
20151012,30810892,472556385,15.3,15.4,15.25,15.4,0.15,8264
20151013,25904613,398444505,15.4,15.45,15.3,15.4,0.0,6423
20151014,16596171,255494576,15.4,15.45,15.3,15.45,0.05,4079
20151015,26288587,408108280,15.45,15.6,15.4,15.55,0.1,6687
20151016,32897040,515836553,15.55,15.75,15.55,15.75,0.2,7716
20151019,27418766,434853814,15.85,15.9,15.8,15.85,0.1,6585
20151020,20497803,325482115,15.9,15.95,15.8,15.9,0.05,4822
20151021,19899659,315811305,15.95,16.0,15.8,15.8,-0.1,5006
20151022,13570121,214565046,15.8,15.9,15.7,15.9,0.1,2951
20151023,16881774,269199726,16.0,16.0,15.9,15.95,0.05,4632
20151026,15554254,249216164,16.0,16.1,15.95,16.05,0.1,4893
20151027,12417206,198735746,16.05,16.05,15.95,16.05,0.0,2980
20151028,12913689,206476522,16.0,16.05,15.9,16.05,0.0,3247
20151029,18652188,296080306,16.05,16.05,15.8,15.8,-0.25,4218
20151030,17006898,268375053,15.8,15.9,15.7,15.75,-0.05,3381
20151102,11467678,181534367,15.75,15.9,15.7,15.9,0.15,2719
20151103,19295717,308531851,15.95,16.05,15.9,16.0,0.1,4230
20151104,26501787,426483442,16.05,16.2,16.0,16.1,0.1,6064
20151105,11424002,183802176,16.15,16.15,16.05,16.1,0.0,3853
20151106,21789927,346620424,16.05,16.1,15.8,15.85,-0.25,4847
20151109,11342675,178918673,15.85,15.85,15.7,15.7,-0.15,3740
20151110,16294021,254149939,15.7,15.7,15.55,15.55,-0.15,4894
20151111,20144794,311585423,15.55,15.6,15.4,15.4,-0.15,5143
20151112,9954934,153949429,15.4,15.55,15.4,15.5,0.1,2716
20151113,18234690,281214671,15.4,15.55,15.35,15.4,-0.1,4135
20151116,15638170,239284175,15.3,15.35,15.25,15.3,-0.1,3898
20151117,13466232,208786514,15.4,15.6,15.4,15.5,0.2,2348
20151118,16893872,260029722,15.5,15.55,15.3,15.3,-0.2,4800
20151119,13471297,207252068,15.35,15.45,15.3,15.45,0.15,3161
20151120,9398673,144994997,15.35,15.5,15.35,15.45,0.0,2859
20151123,8886172,137624187,15.5,15.55,15.45,15.45,0.0,2221
20151124,9973505,153488489,15.4,15.5,15.35,15.35,-0.1,3413
20151125,8657384,132984133,15.4,15.45,15.3,15.4,0.05,2840
20151126,10585554,163669884,15.45,15.5,15.4,15.45,0.05,2907
20151127,7017273,108039683,15.45,15.5,15.35,15.35,-0.1,2683
20151130,42460678,645969678,15.25,15.3,15.15,15.2,-0.15,6962
20151201,18299174,281041472,15.3,15.5,15.2,15.5,0.3,4988
20151202,12970791,199754272,15.4,15.45,15.35,15.45,-0.05,3736
20151203,11064635,169387303,15.3,15.35,15.25,15.3,-0.15,4028
20151204,21903351,332591827,15.25,15.3,15.15,15.2,-0.1,5562
20151207,12608373,192392655,15.25,15.35,15.2,15.2,0.0,3910
20151208,24434919,368668285,15.2,15.25,15.05,15.05,-0.15,7589
20151209,20406544,306366680,15.0,15.1,15.0,15.0,-0.05,6155
20151210,27410221,409238165,14.95,15.0,14.9,14.9,-0.1,7583
20151211,17809436,266578451,14.95,15.05,14.9,15.05,0.15,4478
20151214,13767499,205306135,14.9,15.0,14.85,14.9,-0.15,3555
20151215,8595005,128536925,14.9,15.05,14.9,14.9,0.0,2798
20151216,9251713,138796745,15.0,15.05,14.95,14.95,0.05,3024
20151217,13573775,205918687,15.1,15.25,15.05,15.25,0.3,3492
20151218,14226268,214976811,15.05,15.2,15.05,15.1,-0.15,2527
20151221,10366313,156233000,15.0,15.15,15.0,15.1,0.0,3100
20151222,7352313,111181170,15.1,15.2,15.05,15.2,0.1,2189
20151223,9901431,151011701,15.25,15.3,15.15,15.3,0.1,2863
20151224,10056541,153986496,15.3,15.4,15.25,15.35,0.05,1997
20151225,4498456,68870755,15.35,15.35,15.25,15.35,0.0,1604
20151228,8330648,128120985,15.35,15.45,15.3,15.35,0.0,3084
20151229,6759983,103637430,15.35,15.4,15.25,15.35,0.0,1918
20151230,8487799,129889792,15.35,15.4,15.25,15.25,-0.1,2276
20151231,7362302,112674636,15.25,15.35,15.2,15.3,0.05,1483
20160104,17851244,269601354,15.3,15.35,15.0,15.0,-0.3,5293
20160105,13835954,207942225,15.05,15.1,15.0,15.05,0.05,3428
20160106,18142617,271828546,15.05,15.05,14.9,14.95,-0.1,5178
20160107,25433838,378291070,14.9,15.0,14.8,14.85,-0.1,6239
20160108,17018846,252183340,14.8,14.9,14.75,14.85,0.0,5073
20160111,21196718,311974558,14.8,14.85,14.6,14.7,-0.15,5818
20160112,13829182,203602751,14.7,14.8,14.65,14.75,0.05,3992
20160113,13249954,195349028,14.8,14.8,14.7,14.8,0.05,4092
20160114,14976074,219424758,14.6,14.8,14.55,14.75,-0.05,4069
20160115,25852254,378499613,14.7,14.75,14.55,14.7,-0.05,5396
20160118,18666586,270055642,14.5,14.65,14.3,14.5,-0.2,5178
20160119,11810243,170654248,14.45,14.5,14.35,14.45,-0.05,2738
20160120,20575535,295485077,14.4,14.4,14.3,14.4,-0.05,4277
20160121,21202961,301581402,14.35,14.4,14.15,14.15,-0.25,4960
20160122,16964288,241783150,14.25,14.3,14.2,14.25,0.1,4423
20160125,13511228,194885082,14.35,14.5,14.25,14.4,0.15,3470
20160126,8452401,121475974,14.4,14.45,14.3,14.35,-0.05,1954
20160127,10104894,145791597,14.45,14.5,14.35,14.45,0.1,2526
20160128,15360253,225046790,14.45,14.75,14.45,14.75,0.3,3385
20160129,36405068,549147825,14.75,15.35,14.7,15.15,0.4,8101
20160130,13764798,210016381,15.3,15.35,15.2,15.25,0.1,3395
20160201,16051631,244102747,15.25,15.3,15.1,15.3,0.05,3559
20160202,16773739,254268390,15.25,15.25,15.1,15.15,-0.15,3941
20160203,23616850,352540210,15.05,15.1,14.85,14.9,-0.25,6429
20160215,21677795,323589594,14.8,15.15,14.75,15.15,0.25,5716
20160216,21790105,333139345,15.2,15.35,15.15,15.35,0.2,5374
20160217,16100750,245294545,15.4,15.4,15.15,15.15,-0.2,6825
20160218,14707054,224537386,15.3,15.35,15.2,15.25,0.1,3982
20160219,15639924,240026064,15.3,15.4,15.25,15.4,0.15,4344
20160222,19246527,297061465,15.4,15.55,15.35,15.4,0.0,3913
20160223,14601380,224484461,15.45,15.5,15.3,15.4,0.0,4035
20160224,8420137,129286011,15.35,15.4,15.3,15.35,-0.05,2561
20160225,13179314,202939842,15.35,15.5,15.3,15.35,0.0,3469
20160226,16753207,259092881,15.45,15.5,15.4,15.5,0.15,3654
20160301,21498444,334407419,15.45,15.65,15.45,15.65,0.15,5533
20160302,22420796,353188415,15.75,15.8,15.65,15.75,0.1,6386
20160303,32233565,510519012,15.8,15.9,15.75,15.9,0.15,6496
20160304,21780524,346130107,15.9,15.95,15.8,15.9,0.0,4988
20160307,22768435,362864188,15.9,16.0,15.85,15.95,0.05,4894
20160308,23938891,378869354,15.95,15.95,15.7,15.9,-0.05,5802
20160309,19227827,304086047,15.8,15.9,15.75,15.9,0.0,3545
20160310,18800253,298956328,15.9,15.95,15.8,15.95,0.05,4343
20160311,14201536,225829318,15.9,15.95,15.8,15.9,-0.05,2885
20160314,21808040,348147758,15.95,16.0,15.9,15.95,0.05,5713
20160315,35686551,567917040,15.95,16.0,15.8,15.9,-0.05,7908
20160316,14465280,230445035,15.9,16.0,15.85,15.95,0.05,3734
20160317,36366392,582333471,15.95,16.1,15.95,16.05,0.1,7164
20160318,30461001,489351836,16.05,16.1,16.0,16.1,0.05,5990
20160321,15134275,241927111,16.1,16.1,15.9,16.05,-0.05,4348
20160322,18950836,302707770,16.0,16.05,15.9,16.05,0.0,3529
20160323,10650902,170594532,16.0,16.05,15.95,16.05,0.0,2547
20160324,13422933,214571628,16.0,16.0,15.9,16.0,-0.05,3398
20160325,5957051,95169166,16.0,16.0,15.95,15.95,-0.05,1515
20160328,9495695,151392779,15.95,16.0,15.9,15.95,0.0,1743
20160329,19678878,311783978,15.95,15.95,15.75,15.85,-0.1,4748
20160330,16137198,257042099,15.85,16.0,15.8,15.95,0.1,2875
20160331,25210314,401763336,15.95,16.05,15.85,15.9,-0.05,3838
20160401,14388924,228094104,15.85,15.9,15.8,15.9,0.0,4043
20160406,22829345,359444454,15.8,15.85,15.7,15.7,-0.2,6270
20160407,14589314,227630677,15.7,15.7,15.55,15.55,-0.15,4268
20160408,16038674,249162157,15.45,15.6,15.4,15.6,0.05,4253
20160411,11277503,176209471,15.6,15.75,15.5,15.65,0.05,2508
20160412,8320896,130733411,15.65,15.75,15.65,15.7,0.05,2772
20160413,18279662,289888788,15.7,15.95,15.65,15.95,0.25,4122
20160414,21436373,339930903,15.95,16.0,15.75,15.8,-0.15,5132
20160415,15307158,242639340,15.85,15.9,15.75,15.9,0.1,3778
20160418,11694272,185381062,15.85,15.9,15.8,15.9,0.0,2397
20160419,12973268,204911399,15.85,15.9,15.75,15.75,-0.15,3687
20160420,18302056,287781647,15.75,15.85,15.6,15.65,-0.1,5907
20160421,15569606,243956027,15.65,15.8,15.6,15.8,0.15,3814
20160422,12343224,193804051,15.7,15.8,15.65,15.7,-0.1,2400
20160425,7192308,113387153,15.7,15.8,15.65,15.8,0.1,1804
20160426,6450214,101912083,15.8,15.85,15.7,15.85,0.05,1624
20160427,16441947,260631027,15.85,15.9,15.8,15.85,0.0,3036
20160428,14080164,221277497,15.9,15.9,15.65,15.65,-0.2,4012
20160429,13876102,218268245,15.65,15.8,15.65,15.8,0.15,3636
20160503,65783214,1065577882,15.95,16.35,15.95,16.25,0.45,11476
20160504,28691122,463498657,16.25,16.3,16.05,16.2,-0.05,6369
20160505,26045800,418310484,16.15,16.15,15.95,16.1,-0.1,5449
20160506,18874702,300946237,16.0,16.05,15.9,16.0,-0.1,4711
20160509,13437839,214315174,16.0,16.05,15.9,15.9,-0.1,3359
20160510,11063676,176080037,15.9,16.0,15.85,15.95,0.05,2930
20160511,15250367,242327992,16.0,16.0,15.85,15.85,-0.1,4134
20160512,12200324,194086717,15.8,16.0,15.8,15.9,0.05,2655
20160513,23568009,373467302,15.85,15.9,15.8,15.9,0.0,5256
20160516,13378778,212998848,15.9,16.0,15.85,15.95,0.05,3401
20160517,14383852,229699682,15.95,16.05,15.9,16.0,0.05,3217
20160518,19065504,305872882,15.95,16.15,15.9,16.15,0.15,4236
20160519,16959433,271420878,16.1,16.1,15.95,16.0,-0.15,4273
20160520,12735420,204119070,16.05,16.1,15.95,16.0,0.0,2507
20160523,19709249,316791695,16.0,16.15,15.95,16.05,0.05,3954
20160524,11132523,178880211,16.05,16.15,16.0,16.1,0.05,4814
20160525,22524895,363649396,16.15,16.2,16.1,16.15,0.05,5259
20160526,22423648,362247258,16.2,16.2,16.1,16.15,0.0,10225
20160527,31626695,512826382,16.2,16.3,16.15,16.3,0.15,8303
20160530,38794507,636450606,16.35,16.5,16.3,16.45,0.15,8859
20160531,48443349,798568835,16.45,16.55,16.4,16.5,0.05,7771
20160601,36151955,598737099,16.5,16.65,16.45,16.65,0.15,7872
20160602,35887951,597501533,16.7,16.7,16.55,16.6,-0.05,6834
20160603,27121453,451426224,16.65,16.7,16.55,16.65,0.05,5879
20160604,8329539,138294910,16.6,16.65,16.55,16.6,-0.05,1548
20160606,18580393,308494571,16.6,16.7,16.55,16.6,0.0,4002
20160607,41711955,701352193,16.65,16.9,16.65,16.85,0.25,7785
20160608,44995503,762893024,16.9,17.0,16.85,17.0,0.15,8043
20160613,30377945,509379072,16.9,16.9,16.7,16.7,-0.3,6034
20160614,19865437,332831627,16.65,16.8,16.65,16.8,0.1,5130
20160615,22428406,376449410,16.8,16.85,16.7,16.8,0.0,4365
20160616,24982727,417431442,16.75,16.8,16.65,16.65,-0.15,3675
20160617,20155454,337710940,16.7,16.8,16.7,16.8,0.15,4387
20160620,15008829,252097982,16.8,16.85,16.75,16.8,0.0,3477
20160621,36242152,612852647,16.8,17.0,16.75,17.0,0.2,7586
20160622,21713128,368526853,17.0,17.0,16.9,17.0,0.0,5016
20160623,19869001,336987426,17.0,17.0,16.9,16.95,-0.05,3070
20160624,45937912,764874090,16.9,16.95,16.45,16.55,-0.4,8446
20160627,15875436,262905555,16.45,16.65,16.4,16.65,0.1,3509
20160628,26799143,444713819,16.55,16.65,16.5,16.65,0.0,5134
20160629,19045989,320418177,16.7,16.9,16.7,16.85,0.2,4249
20160630,24852516,418997889,16.85,16.9,16.75,16.9,0.05,4370
20160701,19037413,322451448,16.95,17.0,16.85,16.9,0.0,4531
20160704,19547976,330673531,16.95,16.95,16.85,16.9,0.0,3400
20160705,19940371,337029319,16.85,16.95,16.8,16.95,0.05,3617
20160706,22204865,373464835,16.85,16.9,16.75,16.8,-0.15,4958
20160707,13723239,230427772,16.8,16.85,16.75,16.75,-0.05,3074
20160711,40659965,689364105,16.9,17.0,16.85,17.0,0.25,7689
20160712,24650785,418460542,16.95,17.05,16.9,17.0,0.0,5737
20160713,33774948,575594733,17.0,17.15,16.9,17.15,0.15,7819
20160714,27969370,478994460,17.15,17.2,17.05,17.15,0.0,6191
20160715,41140263,710124765,17.15,17.35,17.15,17.3,0.15,8587
20160718,29231638,508299449,17.3,17.45,17.3,17.45,0.15,6232
20160719,39869545,695946917,17.45,17.5,17.35,17.5,0.05,7140
20160720,33621183,586449874,17.5,17.5,17.35,17.5,0.0,5872
20160721,29574950,517577501,17.5,17.55,17.4,17.5,0.0,7869
20160722,24106155,420522390,17.5,17.5,17.4,17.45,-0.05,4673
20160725,26935031,469292594,17.45,17.5,17.35,17.5,0.05,4880
20160726,23159674,404811177,17.5,17.5,17.45,17.5,0.0,5179
20160727,37435548,655131686,17.5,17.55,17.45,17.5,0.0,5593
20160728,41355003,725372961,17.5,17.6,17.45,17.6,0.1,6231
20160729,55632010,984435337,17.6,17.75,17.6,17.7,0.1,8754
20160801,36744947,652254412,17.7,17.8,17.7,17.75,0.05,7292
20160802,44653774,789321759,17.75,17.8,17.6,17.7,-0.05,7130
20160803,55839262,981783426,17.6,17.65,17.5,17.6,-0.1,8577
20160804,89471378,1570520506,17.6,17.65,17.5,17.55,-0.05,13292
20160805,118749630,1926112940,16.1,16.35,16.05,16.25,,18369
20160808,35796159,590929080,16.4,16.6,16.4,16.55,0.3,8010
20160809,34651790,570768848,16.55,16.55,16.4,16.55,0.0,6100
20160810,29432726,488699360,16.5,16.7,16.45,16.7,0.15,5237
20160811,32265970,533265547,16.7,16.7,16.4,16.6,-0.1,5812
20160812,24242212,401239430,16.6,16.6,16.5,16.55,-0.05,4911
20160815,29618772,486121299,16.55,16.55,16.35,16.35,-0.2,4918
20160816,25884367,423964922,16.4,16.45,16.3,16.45,0.1,4724
20160817,21475256,352419850,16.4,16.5,16.3,16.5,0.05,6183
20160818,17548673,288772266,16.45,16.5,16.4,16.45,-0.05,4045
20160819,20267162,331504512,16.45,16.5,16.3,16.3,-0.15,4462
20160822,25125827,405274948,16.2,16.25,16.05,16.15,-0.15,5519
20160823,13838296,224295968,16.15,16.3,16.1,16.25,0.1,3342
20160824,7755099,125470314,16.25,16.3,16.1,16.15,-0.1,2562
20160825,13827578,225486491,16.2,16.4,16.15,16.4,0.25,3302
20160826,9610948,157159466,16.4,16.4,16.25,16.4,0.0,3232
20160829,10805633,176644061,16.4,16.45,16.3,16.35,-0.05,2765
20160830,15170802,248205647,16.4,16.45,16.3,16.4,0.05,4316
20160831,23954628,390411302,16.35,16.4,16.25,16.3,-0.1,5006
20160901,19768363,320014710,16.3,16.3,16.1,16.2,-0.1,4975
20160902,16272118,265676319,16.25,16.45,16.15,16.45,0.25,3866
20160905,14364628,236823328,16.5,16.55,16.45,16.45,0.0,3690
20160906,20090846,332317991,16.5,16.6,16.45,16.6,0.15,4510
20160907,22596671,377492963,16.65,16.75,16.6,16.75,0.15,4985
20160908,22941069,385422837,16.8,16.85,16.75,16.85,0.1,4480
20160909,14260138,238764915,16.8,16.85,16.7,16.8,-0.05,3785
20160910,11204011,185564365,16.6,16.6,16.5,16.55,-0.25,3750
20160912,21326987,351656573,16.5,16.65,16.45,16.6,0.05,5075
20160913,21405248,353384448,16.6,16.6,16.4,16.45,-0.15,5202
20160914,24100632,395900634,16.4,16.5,16.3,16.45,0.0,5698
20160919,37068167,618582316,16.55,16.85,16.5,16.85,0.4,6722
20160920,15084931,253370654,16.85,16.85,16.75,16.8,-0.05,4516
20160921,14820757,249154436,16.8,16.85,16.75,16.85,0.05,3994
20160922,10278556,172845576,16.9,16.9,16.75,16.85,0.0,2841
20160923,15599012,262998105,16.9,16.9,16.8,16.9,0.05,4336
20160926,7159840,119957441,16.8,16.8,16.7,16.75,-0.15,2784
20160929,23359638,393416363,16.85,16.9,16.75,16.85,0.1,5983
20160930,16574101,276597055,16.8,16.85,16.65,16.65,-0.2,3987
20161003,8746662,145748728,16.7,16.75,16.6,16.65,0.0,2302
20161004,14657522,245762699,16.65,16.85,16.6,16.85,0.2,5687
20161005,6786423,113693790,16.7,16.8,16.7,16.8,-0.05,2112
20161006,9555866,160469396,16.8,16.85,16.7,16.85,0.05,3270
20161007,12637833,211217808,16.85,16.85,16.65,16.75,-0.1,3390
20161011,16402626,273908491,16.8,16.8,16.6,16.7,-0.05,3633
20161012,10695328,177679737,16.6,16.65,16.55,16.6,-0.1,2929
20161013,17727452,293736151,16.75,16.75,16.5,16.55,-0.05,5195
20161014,11942777,196751251,16.55,16.55,16.45,16.45,-0.1,3511
20161017,13534392,222165110,16.45,16.5,16.35,16.45,0.0,3724
20161018,11530287,189897479,16.45,16.5,16.4,16.5,0.05,3415
20161019,10562956,174451412,16.5,16.55,16.45,16.55,0.05,2914
20161020,7618349,126020335,16.55,16.6,16.5,16.55,0.0,2274
20161021,14743324,243476010,16.55,16.6,16.5,16.5,-0.05,2508
20161024,7859008,129718232,16.5,16.55,16.45,16.5,0.0,2355
20161025,15863090,263091582,16.5,16.65,16.5,16.65,0.15,3369
20161026,11574268,191247999,16.6,16.6,16.45,16.45,-0.2,3819
20161027,12043845,197967402,16.45,16.5,16.4,16.4,-0.05,3979
20161028,11445616,188499043,16.4,16.55,16.4,16.55,0.15,2824
20161031,12438017,205235477,16.4,16.6,16.35,16.55,0.0,3042
20161101,9875911,162426488,16.45,16.55,16.4,16.4,-0.15,2767
20161102,8543491,140091764,16.4,16.45,16.35,16.4,0.0,2639
20161103,11412817,186714791,16.4,16.45,16.3,16.35,-0.05,3052
20161104,8259526,135606427,16.4,16.45,16.35,16.45,0.1,2770
20161107,7121910,117178145,16.4,16.5,16.4,16.45,0.0,2486
20161108,12958370,214696911,16.55,16.6,16.5,16.6,0.15,3128
20161109,29245717,481940203,16.7,16.75,16.35,16.35,-0.25,6560
20161110,13103036,216395385,16.5,16.55,16.45,16.55,0.2,3259
20161111,24282743,398284327,16.5,16.55,16.35,16.35,-0.2,6232
20161114,22254865,364569296,16.4,16.55,16.25,16.4,0.05,4917
20161115,15294633,251033743,16.45,16.5,16.35,16.35,-0.05,4379
20161116,17525979,288121715,16.4,16.5,16.4,16.4,0.05,3592
20161117,12495791,205921384,16.45,16.55,16.4,16.55,0.15,3220
20161118,13308914,219211796,16.5,16.55,16.45,16.45,-0.1,4784
20161121,14712328,243226138,16.5,16.6,16.45,16.5,0.05,3373
20161122,18534279,307135164,16.5,16.65,16.5,16.65,0.15,3699
20161123,16954697,282612551,16.6,16.7,16.55,16.7,0.05,4377
20161124,13363350,223417526,16.65,16.8,16.65,16.75,0.05,3459
20161125,9298424,155725795,16.75,16.8,16.7,16.75,0.0,2401
20161128,17218178,289173072,16.75,16.85,16.75,16.8,0.05,3661
20161129,14830392,248541557,16.8,16.8,16.7,16.7,-0.1,3264
20161130,29706679,498684909,16.8,16.8,16.7,16.8,0.1,3548
20161201,14975692,252232837,16.85,16.9,16.8,16.8,0.0,3851
20161202,14874544,250579041,16.8,16.9,16.75,16.9,0.1,3821
20161205,15057287,254582623,16.9,16.95,16.85,16.9,0.0,3885
20161206,21138253,358827818,16.95,17.0,16.9,17.0,0.1,5058
20161207,18007798,307299369,17.05,17.1,17.0,17.1,0.1,4230
20161208,29636497,512675513,17.15,17.4,17.1,17.35,0.25,7395
20161209,15976453,277095576,17.35,17.4,17.3,17.35,0.0,4725
20161212,14851181,257157460,17.35,17.4,17.2,17.3,-0.05,3910
20161213,21588642,375654735,17.3,17.5,17.25,17.5,0.2,6031
20161214,16621115,288812881,17.5,17.5,17.25,17.35,-0.15,3692
20161215,20649039,356232975,17.2,17.35,17.2,17.25,-0.1,6008
20161216,13088064,225681931,17.25,17.3,17.2,17.2,-0.05,2376
20161219,10424893,178433830,17.2,17.2,17.05,17.1,-0.1,2785
20161220,15968125,271904954,17.1,17.1,16.95,17.05,-0.05,3565
20161221,11611232,198058294,17.05,17.15,17.0,17.0,-0.05,2171
20161222,13360092,226040625,17.0,17.05,16.85,16.85,-0.15,3531
20161223,16007046,269221666,16.85,16.9,16.75,16.8,-0.05,3589
20161226,6106947,103243329,16.85,16.95,16.8,16.95,0.15,1693
20161227,5002279,84798852,16.95,17.0,16.9,16.95,0.0,1459
20161228,8671605,148260686,17.0,17.15,17.0,17.15,0.2,2379
20161229,11856582,202786116,17.15,17.2,17.05,17.05,-0.1,2392
20161230,10397955,178488116,17.2,17.2,17.1,17.2,0.15,2858
20170103,4693905,80489200,17.2,17.2,17.1,17.15,-0.05,1479
20170104,8167248,140514198,17.2,17.25,17.1,17.25,0.1,2240
20170105,15814575,273960283,17.25,17.4,17.25,17.4,0.15,3972
20170106,16272847,282373451,17.4,17.4,17.25,17.4,0.0,3852
20170109,8928077,154914945,17.45,17.45,17.3,17.35,-0.05,2235
20170110,13183017,228822397,17.4,17.4,17.3,17.4,0.05,3285
20170111,16504423,287859221,17.4,17.5,17.4,17.45,0.05,4208
20170112,21892094,382859700,17.45,17.55,17.4,17.5,0.05,5111
20170113,15270372,266746838,17.5,17.5,17.4,17.5,0.0,2909
20170116,11872203,206178305,17.45,17.45,17.3,17.4,-0.1,2956
20170117,8548730,148760742,17.35,17.45,17.35,17.45,0.05,2495
20170118,13898340,242201235,17.45,17.5,17.35,17.4,-0.05,3196
20170119,16038681,277572219,17.4,17.4,17.25,17.3,-0.1,6747
20170120,24190263,418421833,17.3,17.4,17.25,17.3,0.0,5947
20170123,16280632,283823384,17.4,17.5,17.4,17.45,0.15,5512
20170124,17618561,308049633,17.45,17.55,17.45,17.45,0.0,5010
20170202,28422922,497547068,17.55,17.6,17.45,17.45,0.0,6865
20170203,16930541,296378424,17.5,17.6,17.45,17.5,0.05,4332
20170206,19504273,343834592,17.55,17.7,17.5,17.7,0.2,4389
20170207,22451666,399234433,17.7,17.85,17.65,17.85,0.15,4911
20170208,14899248,265036929,17.85,17.9,17.75,17.8,-0.05,4221
20170209,15237210,271441829,17.8,17.85,17.75,17.85,0.05,4007
20170210,25913606,464517543,17.85,18.0,17.85,17.95,0.1,4704
20170213,16035388,287871756,17.95,18.0,17.9,18.0,0.05,3529
20170214,20536109,369438753,18.0,18.05,17.95,18.0,0.0,3797
20170215,21617617,389928706,18.0,18.1,17.95,18.1,0.1,4739
20170216,21827968,396120091,18.15,18.2,18.1,18.15,0.05,5889
20170217,17899595,324365214,18.15,18.2,18.05,18.1,-0.05,4166
20170218,5830332,105442964,18.1,18.15,18.05,18.1,0.0,1453
20170220,9628711,174248527,18.1,18.15,18.05,18.1,0.0,2098
20170221,11548722,208878112,18.1,18.15,18.05,18.1,0.0,2739
20170222,10768840,194977417,18.1,18.15,18.05,18.1,0.0,2678
20170223,19933270,359063040,18.1,18.1,17.95,17.95,-0.15,3922
20170224,24521388,443795750,18.0,18.2,17.95,18.15,0.2,4977
20170301,19863508,359885248,18.15,18.15,18.05,18.15,0.0,4655
20170302,17274722,314336701,18.2,18.3,18.1,18.2,0.05,3748
20170303,16876817,307368796,18.2,18.3,18.15,18.2,0.0,4703
20170306,12653255,229971634,18.2,18.25,18.15,18.2,0.0,3101
20170307,10919364,198480975,18.15,18.2,18.15,18.2,0.0,3176
20170308,13495909,245989801,18.2,18.3,18.15,18.2,0.0,5190
20170309,23491938,428344856,18.25,18.3,18.2,18.3,0.1,7187
20170310,13713926,249770717,18.3,18.3,18.15,18.25,-0.05,4055
20170313,9962091,183002491,18.3,18.4,18.3,18.4,0.15,3356
20170314,24381506,451627284,18.45,18.6,18.4,18.6,0.2,5367
20170315,12692899,235574364,18.6,18.6,18.5,18.6,0.0,3246
20170316,13370986,249160585,18.6,18.7,18.55,18.7,0.1,4159
20170317,31518747,585948311,18.65,18.7,18.55,18.55,-0.15,5039
20170320,14390667,265804702,18.55,18.55,18.4,18.5,-0.05,3705
20170321,14837876,274676625,18.5,18.55,18.45,18.55,0.05,4493
20170322,20113679,369994117,18.4,18.45,18.3,18.45,-0.1,4592
20170323,12043366,222781714,18.5,18.55,18.45,18.55,0.1,3271
20170324,13330323,246249589,18.55,18.6,18.4,18.45,-0.1,3176
20170327,11998263,221417095,18.45,18.5,18.4,18.5,0.05,3472
20170328,23559884,434714744,18.5,18.55,18.35,18.5,0.0,4786
20170329,23105478,428654285,18.5,18.6,18.5,18.6,0.1,5334
20170330,17902654,332128846,18.6,18.65,18.5,18.6,0.0,3731
20170331,15096463,280136361,18.6,18.65,18.5,18.5,-0.1,3085
20170405,21206308,395510818,18.55,18.7,18.55,18.7,0.2,5283
20170406,8821350,164610786,18.7,18.7,18.6,18.7,0.0,2627
20170407,16621493,309608750,18.65,18.7,18.55,18.7,0.0,3343
20170410,6477605,120882699,18.65,18.7,18.6,18.7,0.0,2000
20170411,15510903,289988530,18.7,18.75,18.6,18.75,0.05,3737
20170412,11693573,218603336,18.65,18.75,18.65,18.75,0.0,3024
20170413,11763645,220331786,18.75,18.8,18.65,18.8,0.05,2447
20170414,18749346,348373738,18.7,18.7,18.5,18.5,-0.3,4006
20170417,13464575,247542740,18.45,18.5,18.3,18.4,-0.1,3508
20170418,8627195,158814268,18.45,18.5,18.35,18.4,0.0,2360
20170419,25638435,467017217,18.3,18.35,18.1,18.15,-0.25,6585
20170420,15773692,285423561,18.1,18.15,18.0,18.15,0.0,4178
20170421,8909123,162971247,18.2,18.35,18.2,18.3,0.15,2423
20170424,12097072,222394318,18.35,18.45,18.3,18.45,0.15,2483
20170425,18924866,350712231,18.5,18.65,18.45,18.65,0.2,4825
20170426,23522461,440323862,18.7,18.8,18.65,18.75,0.1,5317
20170427,16305713,301757294,18.7,18.7,18.4,18.5,-0.25,4642
20170428,17780463,326595330,18.45,18.45,18.3,18.4,-0.1,5725
20170502,42201944,797063826,18.75,19.0,18.75,19.0,0.6,8873
20170503,25382954,482859132,19.05,19.1,18.95,19.0,0.0,4821
20170504,20176612,384051428,19.0,19.1,19.0,19.1,0.1,4166
20170505,14256037,270983403,19.05,19.05,18.95,19.0,-0.1,3518
20170508,15586594,296143336,19.0,19.05,18.95,19.05,0.05,3018
20170509,19995675,379457170,19.0,19.05,18.9,19.0,-0.05,4054
20170510,20303495,385711105,19.0,19.05,18.95,19.0,0.0,3935
20170511,21318191,405405829,19.0,19.05,18.95,19.05,0.05,4027
20170512,18815711,357914960,19.05,19.05,19.0,19.05,0.0,4115
20170515,25077362,479482775,19.05,19.2,19.0,19.2,0.15,4403
20170516,34850527,665311834,19.15,19.2,19.0,19.05,-0.15,7493
20170517,18823197,359419606,19.05,19.15,19.05,19.15,0.1,4138
20170518,14903649,284696526,19.05,19.15,19.05,19.1,-0.05,3901
20170519,14721538,281309017,19.1,19.15,19.1,19.1,0.0,3421
20170522,21484943,412326543,19.1,19.25,19.1,19.25,0.15,5186
20170523,17777399,341317043,19.2,19.25,19.15,19.15,-0.1,4205
20170524,13626835,261199150,19.15,19.2,19.15,19.15,0.0,4386
20170525,14835564,284497592,19.2,19.2,19.15,19.2,0.05,4621
20170526,20043717,385549949,19.2,19.3,19.2,19.25,0.05,3974
20170531,66613821,1281080238,19.25,19.25,19.15,19.25,0.0,6772
20170601,13025765,250471763,19.2,19.3,19.15,19.25,0.0,3092
20170602,16013280,308334742,19.25,19.3,19.2,19.25,0.0,3816
20170603,5808789,111938572,19.25,19.3,19.25,19.25,0.0,1699
20170605,13792998,265897252,19.25,19.3,19.25,19.3,0.05,4274
20170606,16569313,319195647,19.3,19.3,19.2,19.3,0.0,3986
20170607,17082729,329393658,19.25,19.3,19.25,19.3,0.0,5413
20170608,19180673,372104917,19.3,19.5,19.25,19.5,0.2,5156
20170609,19680428,383741547,19.5,19.55,19.45,19.45,-0.05,4886
20170612,15743962,306276588,19.4,19.5,19.4,19.45,0.0,3340
20170613,13135829,256184443,19.45,19.55,19.45,19.5,0.05,3341
20170614,20462061,397513165,19.5,19.55,19.35,19.4,-0.1,5155
20170615,20375966,394153995,19.4,19.4,19.3,19.3,-0.1,5121
20170616,27759955,540200552,19.3,19.5,19.3,19.5,0.2,5832
20170619,19605473,382788746,19.45,19.55,19.4,19.55,0.05,2831
20170620,23625973,463751046,19.55,19.7,19.55,19.6,0.05,4720
20170621,18960208,372270629,19.6,19.7,19.55,19.6,0.0,4323
20170622,15937025,313865739,19.6,19.75,19.6,19.75,0.15,3310
20170623,17995147,356821354,19.75,19.9,19.75,19.9,0.15,4446
20170626,30668750,615631878,19.9,20.2,19.9,20.2,0.3,7526
20170627,20620039,419316906,20.3,20.4,20.2,20.4,0.2,5974
20170628,21837512,442150658,20.35,20.4,20.1,20.2,-0.2,5540
20170629,16980685,345643706,20.3,20.4,20.25,20.4,0.2,3966
20170630,15208552,309238032,20.3,20.4,20.2,20.35,-0.05,3718
20170703,15580448,317591980,20.4,20.45,20.3,20.4,0.05,3581
20170704,16600022,338476271,20.4,20.45,20.35,20.35,-0.05,4522
20170705,14543231,295376663,20.35,20.4,20.2,20.4,0.05,3447
20170706,12052643,245165206,20.4,20.4,20.3,20.4,0.0,3322
20170707,12543287,254462624,20.3,20.3,20.25,20.3,-0.1,3256
20170710,17121582,345980422,20.3,20.3,20.15,20.2,-0.1,4752
20170711,16297543,329143477,20.2,20.25,20.15,20.2,0.0,4229
20170712,15369527,310920560,20.2,20.3,20.15,20.25,0.05,3947
20170713,21356898,433883279,20.3,20.4,20.25,20.3,0.05,5996
20170714,16925425,345484814,20.35,20.5,20.35,20.45,0.15,3431
20170717,23817493,490668988,20.5,20.65,20.5,20.6,0.15,5593
20170718,17310419,357334164,20.65,20.7,20.6,20.65,0.05,3782
20170719,19848809,408964606,20.65,20.65,20.55,20.6,-0.05,5835
20170720,16925791,347698446,20.6,20.6,20.5,20.55,-0.05,4567
20170721,21593858,443931417,20.6,20.6,20.5,20.55,0.0,5124
20170724,21228661,436286158,20.55,20.6,20.5,20.6,0.05,5750
20170725,23048388,473547887,20.6,20.6,20.5,20.5,-0.1,6067
20170726,27951558,570549948,20.5,20.55,20.35,20.35,-0.15,6766
20170727,22906659,468205728,20.4,20.5,20.35,20.45,0.1,4687
20170728,20899375,426477078,20.45,20.5,20.35,20.4,-0.05,4309
20170731,37805909,771286654,20.4,20.45,20.3,20.4,0.0,6281
20170801,55599489,1142119397,20.5,20.6,20.45,20.55,0.15,8543
20170802,59768345,1235558722,20.6,20.75,20.6,20.75,0.2,9286
20170803,81976454,1697581781,20.75,20.75,20.65,20.75,0.0,12786
20170804,97629365,1888804209,19.3,19.45,19.3,19.45,,16341
20170807,37731924,737808277,19.55,19.7,19.45,19.45,0.0,9616
20170808,24691964,478594708,19.45,19.5,19.3,19.35,-0.1,6135
20170809,21232258,408805909,19.3,19.35,19.2,19.2,-0.15,6116
20170810,51776486,980896820,19.15,19.15,18.85,19.0,-0.2,12175
20170811,24610210,464219036,18.8,19.0,18.7,18.9,-0.1,6115
20170814,27321913,512604225,19.0,19.0,18.65,18.65,-0.25,8230
20170815,17183328,322779865,18.7,18.9,18.7,18.8,0.15,4574
20170816,17555629,330117373,18.8,18.9,18.7,18.8,0.0,5251
20170817,24112262,462747699,18.9,19.35,18.9,19.2,0.4,4974
20170818,9980064,190436442,19.0,19.2,18.95,19.1,-0.1,2790
20170821,7268667,138887705,19.1,19.15,19.05,19.1,0.0,2056
20170822,9393796,180283155,19.15,19.25,19.1,19.2,0.1,2212
20170823,11161434,214852763,19.3,19.3,19.2,19.25,0.05,3105
20170824,14900591,288846861,19.25,19.45,19.25,19.45,0.2,3712
20170825,12136947,235645764,19.45,19.5,19.35,19.4,-0.05,3143
20170828,12488603,243165587,19.45,19.5,19.35,19.5,0.1,3667
20170829,11142926,216413182,19.5,19.5,19.4,19.45,-0.05,3478
20170830,12674583,246768483,19.45,19.5,19.4,19.5,0.05,3138
20170831,22433670,439407617,19.55,19.65,19.5,19.6,0.1,4490
20170901,28183626,556744655,19.6,19.9,19.55,19.85,0.25,6238
20170904,16247215,320058301,19.85,19.85,19.6,19.65,-0.2,5343
20170905,18617911,365922987,19.65,19.7,19.6,19.7,0.05,3809
20170906,18298421,359527543,19.65,19.75,19.55,19.7,0.0,3891
20170907,14926122,293673695,19.7,19.75,19.6,19.7,0.0,4092
20170908,12991064,255910606,19.7,19.75,19.6,19.75,0.05,3641
20170911,13533328,267050464,19.75,19.8,19.7,19.7,-0.05,4170
20170912,13581012,268241307,19.75,19.8,19.7,19.8,0.1,4607
20170913,10136115,199990791,19.8,19.8,19.7,19.7,-0.1,4043
20170914,19865690,388894868,19.65,19.7,19.5,19.6,-0.1,6928
20170915,21785105,425639281,19.55,19.6,19.5,19.55,-0.05,5449
20170918,18480119,361773675,19.55,19.65,19.5,19.65,0.1,7613
20170919,17285765,338259190,19.7,19.7,19.5,19.55,-0.1,4791
20170920,15833019,307943526,19.5,19.55,19.4,19.45,-0.1,5148
20170921,12515011,243261942,19.45,19.5,19.4,19.4,-0.05,3787
20170922,10838065,209830845,19.4,19.4,19.3,19.4,0.0,4526
20170925,16265826,313808726,19.4,19.4,19.2,19.25,-0.15,5766
20170926,23061786,449533042,19.25,19.55,19.25,19.55,0.3,6652
20170927,14667510,286329065,19.5,19.55,19.45,19.55,0.0,4935
20170928,15460438,302158412,19.6,19.6,19.5,19.5,-0.05,4303
20170929,10673178,207906018,19.5,19.55,19.45,19.45,-0.05,2986
20170930,2927924,57117609,19.5,19.55,19.45,19.55,0.1,1153
20171002,5774250,112743619,19.55,19.55,19.5,19.5,-0.05,2523
20171003,7375973,144087282,19.55,19.6,19.5,19.55,0.05,3055
20171005,9261407,181121292,19.5,19.6,19.5,19.55,0.0,3060
20171006,13981449,274571143,19.55,19.7,19.55,19.7,0.15,3436
20171011,25523365,507185688,19.8,19.9,19.75,19.9,0.2,7369
20171012,25263500,504394950,19.9,20.0,19.85,20.0,0.1,7511
20171013,16802587,336553764,20.0,20.1,19.95,20.1,0.1,4562
20171016,22902825,455947550,20.0,20.0,19.8,19.95,-0.15,5888
20171017,10647776,212147797,19.9,20.0,19.85,19.95,0.0,3797
20171018,23319327,463565416,19.9,20.0,19.8,19.9,-0.05,7948
20171019,9826327,194946085,19.9,19.9,19.8,19.8,-0.1,3120
20171020,18547420,365144409,19.75,19.8,19.6,19.75,-0.05,4707
20171023,6467981,127818961,19.7,19.8,19.7,19.75,0.0,2289
20171024,15019795,299053500,19.75,20.0,19.75,20.0,0.25,4072
20171025,11884801,237064642,20.0,20.0,19.9,19.95,-0.05,3896
20171026,36256942,712872199,19.7,19.75,19.6,19.65,-0.3,9916
20171027,55947467,1082737769,19.5,19.5,19.25,19.4,-0.25,14602
20171030,23178123,449852059,19.3,19.5,19.3,19.45,0.05,5349
20171031,15997183,311613549,19.45,19.55,19.4,19.45,0.0,3577
20171101,15760241,307567195,19.55,19.6,19.45,19.55,0.1,3686
20171102,8078937,157609279,19.5,19.55,19.5,19.5,-0.05,2885
20171103,20061823,388539378,19.4,19.45,19.3,19.4,-0.1,5259
20171106,22140157,426828423,19.35,19.4,19.25,19.3,-0.1,6629
20171107,11524942,222736000,19.3,19.4,19.25,19.4,0.1,3467
20171108,13763472,266646549,19.4,19.45,19.3,19.4,0.0,5572
20171109,10901483,211015348,19.4,19.45,19.3,19.35,-0.05,3274
20171110,9785302,189213048,19.35,19.4,19.3,19.35,0.0,2926
20171113,12092192,233942036,19.35,19.4,19.3,19.3,-0.05,3895
20171114,16780492,323396216,19.3,19.3,19.25,19.3,0.0,4862
20171115,20413930,392478504,19.3,19.3,19.2,19.2,-0.1,6121
20171116,31456127,600374030,19.15,19.2,19.0,19.05,-0.15,8151
20171117,19084517,364094346,19.05,19.15,19.05,19.1,0.05,4875
20171120,9805029,187673600,19.1,19.2,19.1,19.15,0.05,3320
20171121,21336989,413981245,19.2,19.55,19.2,19.4,0.25,4932
20171122,20836553,407145622,19.4,19.6,19.4,19.55,0.15,5874
20171123,9241327,180746530,19.55,19.6,19.5,19.6,0.05,2824
20171124,10442665,203347211,19.55,19.55,19.4,19.5,-0.1,2659
20171127,10956812,212658672,19.5,19.5,19.35,19.45,-0.05,2532
20171128,18258321,353848750,19.45,19.5,19.3,19.4,-0.05,3702
20171129,13342409,258919125,19.4,19.45,19.35,19.45,0.05,2521
20171130,32094163,619328949,19.4,19.45,19.25,19.25,-0.2,3835
20171201,15385657,297863150,19.25,19.45,19.25,19.4,0.15,4444
20171204,13490163,262395534,19.4,19.5,19.35,19.5,0.1,4913
20171205,13370734,260130645,19.5,19.55,19.4,19.5,0.0,4641
20171206,30057446,579591244,19.45,19.45,19.2,19.2,-0.3,9596
20171207,13818414,265447424,19.2,19.25,19.2,19.2,0.0,5413
20171208,16676302,319842253,19.2,19.25,19.15,19.15,-0.05,5428
20171211,10122731,194715517,19.2,19.3,19.2,19.2,0.05,3414
20171212,15905661,305766046,19.2,19.3,19.15,19.3,0.1,4189
20171213,11338938,218441038,19.3,19.4,19.2,19.25,-0.05,3245
20171214,13464427,260300647,19.3,19.4,19.3,19.35,0.1,4183
20171215,21346048,410745550,19.3,19.35,19.2,19.25,-0.1,3652
20171218,7399787,142663235,19.35,19.35,19.2,19.25,0.0,2671
20171219,10677256,205571705,19.25,19.3,19.2,19.25,0.0,2277
20171220,8156310,157430807,19.25,19.35,19.25,19.3,0.05,1881
20171221,5547839,107186389,19.3,19.35,19.25,19.35,0.05,1798
20171222,7581755,146938988,19.35,19.4,19.3,19.4,0.05,1534
20171225,3383952,65520570,19.4,19.4,19.3,19.35,-0.05,1265
20171226,4463558,86350807,19.35,19.4,19.3,19.3,-0.05,1380
20171227,7769583,150169998,19.35,19.4,19.3,19.35,0.05,1897
20171228,9036799,175316472,19.35,19.45,19.35,19.45,0.1,2469
20171229,12398716,241949835,19.5,19.55,19.45,19.55,0.1,3058
20180102,7605053,148403987,19.55,19.55,19.45,19.55,0.0,2267
20180103,13274189,259402814,19.5,19.6,19.5,19.55,0.0,3032
20180104,10436159,204283509,19.55,19.6,19.55,19.6,0.05,2706
20180105,15230799,298864762,19.6,19.7,19.55,19.7,0.1,4565
20180108,25354671,502187600,19.7,19.9,19.65,19.85,0.15,6927
20180109,14830055,294342773,19.85,19.9,19.8,19.85,0.0,3620
20180110,17811966,353208873,19.85,19.9,19.8,19.85,0.0,5215
20180111,14426915,285728600,19.85,19.9,19.75,19.85,0.0,3374
20180112,12699824,251862181,19.85,19.9,19.8,19.85,0.0,3532
20180115,15646910,311795400,19.85,20.0,19.85,20.0,0.15,4657
20180116,13880495,277408450,20.0,20.0,19.95,20.0,0.0,4021
20180117,20701539,414507880,19.95,20.1,19.95,20.05,0.05,5587
20180118,13963711,279994770,20.05,20.1,20.0,20.05,0.0,4797
20180119,9559258,191286310,20.05,20.05,19.95,20.05,0.0,2468
20180122,15728290,314489900,20.0,20.05,19.95,20.0,-0.05,4061
20180123,12809833,255808327,20.0,20.0,19.9,20.0,0.0,3350
20180124,13990979,279152130,19.95,20.0,19.9,20.0,0.0,3526
20180125,16962924,340091630,20.0,20.1,19.95,20.1,0.1,4283
20180126,10138025,203523444,20.1,20.15,20.0,20.05,-0.05,2809
20180129,10704190,215343371,20.1,20.2,20.05,20.2,0.15,3658
20180130,14423153,290390242,20.2,20.2,20.05,20.05,-0.15,5550
20180131,12682380,254451432,20.0,20.15,19.95,20.15,0.1,3828
20180201,10661349,215003112,20.15,20.2,20.1,20.15,0.0,3739
20180202,10965082,220581964,20.05,20.2,20.0,20.15,0.0,3361
20180205,17089417,341682090,19.9,20.15,19.85,20.1,-0.05,4571
20180206,59813384,1173260325,19.7,19.85,19.45,19.5,-0.6,16108
20180207,27212191,537108336,19.65,19.9,19.65,19.65,0.15,7349
20180208,13418263,264043855,19.65,19.75,19.65,19.7,0.05,4112
20180209,30970834,602740974,19.5,19.6,19.3,19.45,-0.25,6891
20180212,24864380,484180836,19.5,19.6,19.4,19.45,0.0,6475
20180221,16180078,318895998,19.6,19.75,19.6,19.75,0.3,5540
20180222,14918278,294156037,19.7,19.85,19.6,19.85,0.1,4756
20180223,14962627,298762340,19.9,20.05,19.9,19.9,0.05,4719
20180226,14638636,293453597,20.0,20.1,19.95,20.1,0.2,4342
20180227,21561452,432725645,20.1,20.15,20.0,20.0,-0.1,5110
20180301,15702062,313648790,19.95,20.1,19.85,19.95,-0.05,5372
20180302,22500468,444986721,19.8,19.85,19.7,19.8,-0.15,7264
20180305,15649211,310378083,19.8,19.9,19.8,19.8,0.0,4973
20180306,12252700,243922850,19.9,19.95,19.85,19.95,0.15,4432
20180307,12781726,255022120,19.95,20.0,19.85,19.85,-0.1,4150
20180308,6561722,130713104,19.9,19.95,19.85,19.9,0.05,2940
20180309,9622132,192258790,19.95,20.0,19.95,20.0,0.1,2923
20180312,16729856,334769019,20.0,20.05,19.95,20.05,0.05,4607
20180313,20153813,405167497,20.05,20.15,20.0,20.15,0.1,6473
20180314,12572404,253377690,20.15,20.2,20.05,20.15,0.0,3674
20180315,10093553,203006858,20.05,20.2,20.05,20.05,-0.1,3668
20180316,33708516,678965767,20.1,20.2,20.05,20.15,0.1,5081
20180319,11657862,234628281,20.15,20.2,20.05,20.2,0.05,3449
20180320,9690916,195065284,20.15,20.2,20.1,20.1,-0.1,2556
20180321,10906229,219275157,20.1,20.2,20.05,20.1,0.0,2481
20180322,12855618,258388694,20.1,20.15,20.05,20.15,0.05,2864
20180323,15215703,304769584,20.0,20.1,19.95,20.05,-0.1,4242
20180326,9917941,198521510,20.0,20.05,19.95,20.05,0.0,2909
20180327,11899633,239882248,20.15,20.2,20.1,20.2,0.15,3693
20180328,11716989,236332659,20.2,20.2,20.1,20.2,0.0,3162
20180329,14223906,286956440,20.2,20.25,20.1,20.25,0.05,3650
20180330,8776183,177682974,20.25,20.3,20.2,20.25,0.0,2873
20180331,4919926,99738283,20.25,20.3,20.2,20.3,0.05,1597
20180402,10504101,213138976,20.25,20.35,20.25,20.25,-0.05,2833
20180403,9192116,186062991,20.2,20.3,20.2,20.2,-0.05,2988
20180409,12963198,261675029,20.25,20.25,20.1,20.2,0.0,4165
20180410,10591296,214598028,20.2,20.3,20.2,20.3,0.1,3495
20180411,8614219,175033521,20.3,20.35,20.3,20.3,0.0,2968
20180412,5671108,115122065,20.3,20.35,20.25,20.35,0.05,2027
20180413,9973159,202328951,20.3,20.35,20.25,20.3,-0.05,2768
20180416,7570885,153311514,20.3,20.3,20.2,20.25,-0.05,2346
20180417,10756781,217411427,20.25,20.3,20.15,20.25,0.0,3126
20180418,7265027,147038118,20.25,20.3,20.2,20.25,0.0,2394
20180419,11441194,232761774,20.25,20.4,20.2,20.4,0.15,3017
20180420,7936132,161591082,20.3,20.4,20.25,20.4,0.0,2449
20180423,10389626,212262651,20.35,20.5,20.3,20.5,0.1,2919
20180424,9262782,189524622,20.5,20.5,20.4,20.5,0.0,2470
20180425,8442891,172479727,20.45,20.5,20.35,20.5,0.0,2227
20180426,7973073,163436097,20.5,20.55,20.45,20.5,0.0,2680
20180427,20056226,408242861,20.3,20.45,20.25,20.45,-0.05,5394
20180430,14559162,297281414,20.4,20.5,20.35,20.4,-0.05,2579
20180502,13597104,277852214,20.4,20.5,20.35,20.45,0.05,3405
20180503,11908367,243314068,20.5,20.5,20.4,20.4,-0.05,3516
20180504,11260402,229086698,20.35,20.4,20.3,20.3,-0.1,3260
20180507,10761041,218649208,20.3,20.4,20.3,20.3,0.0,2843
20180508,9644897,196085257,20.3,20.35,20.25,20.35,0.05,2652
20180509,8326202,169280082,20.3,20.4,20.3,20.3,-0.05,3011
20180510,9507179,193443167,20.3,20.45,20.3,20.35,0.05,2924
20180511,15249299,312654359,20.4,20.6,20.4,20.6,0.25,3929
20180514,11709532,241584326,20.6,20.7,20.5,20.7,0.1,3158
20180515,16060526,332445416,20.8,20.8,20.55,20.55,-0.15,4623
20180516,9503847,196154154,20.55,20.7,20.55,20.65,0.1,3114
20180517,10853259,224553660,20.65,20.8,20.6,20.65,0.0,4132
20180518,16041778,332789223,20.65,20.8,20.6,20.8,0.15,5897
20180521,11871833,246886434,20.8,20.85,20.75,20.8,0.0,4780
20180522,7009291,145425797,20.8,20.8,20.7,20.7,-0.1,2881
20180523,9932546,205088830,20.65,20.7,20.6,20.6,-0.1,3727
20180524,7749813,160543532,20.65,20.8,20.6,20.75,0.15,2591
20180525,9527228,198056090,20.75,20.85,20.7,20.85,0.1,3387
20180528,8266177,172591219,20.85,20.95,20.8,20.95,0.1,3776
20180529,7580376,158445304,20.95,20.95,20.85,20.95,0.0,2834
20180530,28173956,581275418,20.7,20.8,20.55,20.55,-0.4,10760
20180531,66363913,1355968832,20.55,20.7,20.35,20.35,-0.2,10821
20180601,19455655,398961701,20.4,20.75,20.35,20.75,0.4,6572
20180604,11151861,231968092,20.75,20.85,20.7,20.85,0.1,3653
20180605,11530317,240607449,20.85,20.9,20.8,20.9,0.05,4754
20180606,17161497,359653568,20.9,21.0,20.85,21.0,0.1,5567
20180607,16278907,342294347,21.0,21.1,20.95,21.1,0.1,3875
20180608,12954413,272069773,21.0,21.05,20.95,21.05,-0.05,3347
20180611,7334057,154527958,21.05,21.1,21.0,21.1,0.05,2061
20180612,10895283,228725593,20.95,21.1,20.9,20.9,-0.2,3013
20180613,10328617,215798731,20.9,20.95,20.85,20.9,0.0,2973
20180614,12450211,258527095,20.8,20.9,20.7,20.7,-0.2,3955
20180615,27625214,572143077,20.7,20.8,20.7,20.7,0.0,3723
20180619,27624692,566240143,20.65,20.7,20.4,20.4,-0.3,7808
20180620,14417339,295964357,20.4,20.7,20.35,20.5,0.1,4638
20180621,10896938,223701863,20.5,20.65,20.5,20.5,0.0,4199
20180622,15663227,321517819,20.45,20.65,20.35,20.65,0.15,3472
20180625,12252591,250792029,20.5,20.6,20.4,20.45,-0.2,3648
20180626,13919551,283840325,20.45,20.45,20.35,20.35,-0.1,4875
20180627,12875957,262293394,20.4,20.45,20.35,20.35,0.0,4275
20180628,14557960,296265710,20.3,20.45,20.25,20.35,0.0,3216
20180629,14136252,290351812,20.35,20.65,20.35,20.6,0.25,3090
20180702,12057243,245460249,20.4,20.55,20.3,20.3,-0.3,3504
20180703,10969485,222333557,20.3,20.35,20.2,20.2,-0.1,3616
20180704,4637276,94090185,20.2,20.35,20.2,20.3,0.1,1609
20180705,6352695,128740847,20.35,20.35,20.2,20.2,-0.1,1749
20180706,11143794,225187960,20.2,20.25,20.15,20.25,0.05,3098
20180709,6329684,129115088,20.4,20.45,20.3,20.35,0.1,2569
20180710,7925917,162114890,20.5,20.5,20.35,20.5,0.15,2048
20180711,5569395,113763254,20.4,20.5,20.35,20.4,-0.1,2324
20180712,7274100,149531448,20.4,20.6,20.4,20.6,0.2,1907
20180713,5878114,121156842,20.6,20.65,20.55,20.65,0.05,1554
20180716,5171060,106823033,20.7,20.7,20.6,20.6,-0.05,1449
20180717,6498827,134230577,20.6,20.7,20.6,20.6,0.0,2369
20180718,8902138,184390885,20.6,20.75,20.6,20.75,0.15,3274
20180719,5190969,107286198,20.7,20.75,20.6,20.6,-0.15,1792
20180720,7045093,145576214,20.65,20.7,20.6,20.7,0.1,2143
20180723,6831602,141440004,20.7,20.75,20.65,20.75,0.05,2498
20180724,9564147,198894640,20.7,20.85,20.7,20.85,0.1,2535
20180725,12975457,270059194,20.9,20.9,20.75,20.8,-0.05,3387
20180726,16540136,344792702,20.85,20.9,20.8,20.9,0.1,3659
20180727,22909726,479874346,20.85,21.0,20.85,21.0,0.1,5327
20180730,16821734,353160064,21.0,21.05,20.95,21.0,0.0,3219
20180731,20589701,432635121,21.0,21.05,20.95,21.05,0.05,4055
20180801,13764007,289506464,21.05,21.05,21.0,21.05,0.0,3453
20180802,14719836,309260356,21.05,21.1,20.95,20.95,-0.1,4283
20180803,13666284,286784186,21.0,21.05,20.9,21.05,0.1,3566
20180806,22068330,466436507,21.1,21.2,21.05,21.2,0.15,5712
20180807,21796646,462891923,21.2,21.3,21.15,21.25,0.05,4657
20180808,26381957,560777888,21.3,21.3,21.2,21.3,0.05,5606
20180809,49369251,1052934115,21.25,21.4,21.25,21.35,0.05,6779
20180810,53957574,1103532471,20.4,20.55,20.35,20.5,,11566
20180813,19050426,388673430,20.5,20.55,20.3,20.4,-0.1,5983
20180814,13232847,269182194,20.4,20.4,20.3,20.35,-0.05,4332
20180815,15259838,309171410,20.35,20.4,20.2,20.2,-0.15,4922
20180816,12899128,259756509,20.15,20.2,20.05,20.15,-0.05,4126
20180817,6644439,134694777,20.2,20.35,20.2,20.25,0.1,3051
20180820,11058292,224281090,20.3,20.35,20.2,20.35,0.1,3314
20180821,9573825,195419650,20.4,20.45,20.35,20.45,0.1,3005
20180822,14941476,306509408,20.45,20.65,20.4,20.5,0.05,3675
20180823,11963248,245280059,20.55,20.6,20.4,20.55,0.05,2766
20180824,7180284,146806641,20.5,20.55,20.4,20.5,-0.05,1773
20180827,10074561,205515644,20.45,20.5,20.35,20.35,-0.15,3694
20180828,8262136,168693976,20.45,20.45,20.4,20.45,0.1,2449
20180829,10331590,211218389,20.45,20.5,20.4,20.5,0.05,3115
20180830,9079946,185546500,20.45,20.5,20.4,20.4,-0.1,3278
20180831,15988144,327330551,20.4,20.55,20.35,20.55,0.15,3872
20180903,7968294,162989657,20.5,20.55,20.4,20.5,-0.05,2581
20180904,9091195,185688007,20.5,20.5,20.4,20.45,-0.05,4630
20180905,12842050,261763725,20.4,20.45,20.35,20.35,-0.1,4703
20180906,8358692,170435372,20.35,20.5,20.3,20.5,0.15,2709
20180907,9608413,196301716,20.35,20.5,20.35,20.4,-0.1,2227
20180910,10946337,222624097,20.4,20.45,20.3,20.35,-0.05,3874
20180911,10177835,207207772,20.35,20.4,20.3,20.4,0.05,2162
20180912,10283935,209672776,20.4,20.45,20.35,20.4,0.0,3089
20180913,11796024,241259867,20.4,20.55,20.35,20.55,0.15,2707
20180914,13355814,273669316,20.55,20.55,20.45,20.45,-0.1,3299
20180917,4015812,81993289,20.45,20.5,20.4,20.4,-0.05,1845
20180918,10267332,210032461,20.4,20.5,20.4,20.4,0.0,2739
20180919,7952263,163035645,20.45,20.55,20.45,20.55,0.15,3627
20180920,9065244,186815873,20.6,20.65,20.55,20.6,0.05,2685
20180921,23574152,487715192,20.7,20.75,20.6,20.7,0.1,4535
20180925,14147465,293110089,20.75,20.8,20.65,20.8,0.1,4413
20180926,11129345,231535784,20.85,20.85,20.75,20.8,0.0,2600
20180927,15723650,327658750,20.7,21.0,20.7,20.95,0.15,5096
20180928,15878711,330350009,20.85,20.95,20.7,20.8,-0.15,4175
20181001,9479019,197469260,20.8,20.9,20.75,20.85,0.05,3796
20181002,16207511,335133994,20.85,20.85,20.6,20.6,-0.25,4814
20181003,10521243,216592698,20.6,20.65,20.55,20.55,-0.05,2933
20181004,15280551,313115656,20.55,20.6,20.45,20.5,-0.05,4745
20181005,20671115,422225451,20.45,20.5,20.35,20.4,-0.1,5471
20181008,17754163,364148765,20.4,20.65,20.35,20.5,0.1,3689
20181009,14665816,301898270,20.5,20.7,20.45,20.6,0.1,3495
20181011,62589127,1255835362,20.25,20.3,19.95,19.95,-0.65,18084
20181012,35508501,704844210,19.85,20.1,19.7,20.1,0.15,10335
20181015,19909258,395848965,20.0,20.0,19.8,19.8,-0.3,7153
20181016,17791749,352342383,19.8,19.85,19.75,19.8,0.0,5786
20181017,15950212,316295884,19.9,19.95,19.75,19.75,-0.05,5267
20181018,7838163,154929175,19.8,19.85,19.7,19.8,0.05,3127
20181019,14502826,286905001,19.7,19.85,19.65,19.85,0.05,2989
20181022,8822225,174496204,19.7,19.9,19.65,19.9,0.05,2719
20181023,16211768,318466945,19.8,19.8,19.6,19.6,-0.3,5964
20181024,19801433,385227447,19.5,19.7,19.3,19.5,-0.1,7172
20181025,26775721,517504052,19.25,19.4,19.2,19.4,-0.1,6357
20181026,14359272,278587265,19.4,19.5,19.3,19.5,0.1,4837
20181029,7739136,149941335,19.5,19.55,19.3,19.4,-0.1,2758
20181030,15778422,305301365,19.4,19.45,19.25,19.4,0.0,4244
20181031,18387653,358872914,19.45,19.55,19.4,19.55,0.15,4977
20181101,10330974,200979931,19.55,19.6,19.4,19.4,-0.15,3218
20181102,7602372,148621108,19.5,19.65,19.45,19.65,0.25,2252
20181105,9134958,179337231,19.6,19.75,19.5,19.75,0.1,2819
20181106,8464977,167608368,19.8,19.85,19.75,19.85,0.1,2590
20181107,15261947,304888440,19.85,20.05,19.85,20.0,0.15,4316
20181108,20742875,418983094,20.1,20.3,20.05,20.3,0.3,5087
20181109,11694569,236500540,20.2,20.3,20.1,20.25,-0.05,2440
20181112,7315831,147557806,20.1,20.25,20.05,20.2,-0.05,2237
20181113,13774619,275238962,19.65,20.2,19.65,20.0,-0.2,4031
20181114,10591804,214409617,20.0,20.4,20.0,20.4,0.4,2795
20181115,6345357,128507417,20.3,20.35,20.1,20.3,-0.1,2382
20181116,12749699,259694657,20.45,20.45,20.25,20.4,0.1,3847
20181119,9439612,192861482,20.4,20.45,20.35,20.45,0.05,3052
20181120,9652120,196945867,20.4,20.45,20.35,20.4,-0.05,2806
20181121,10626493,215891600,20.3,20.4,20.2,20.35,-0.05,2850
20181122,8985885,182421677,20.3,20.4,20.25,20.35,0.0,2227
20181123,10417860,211315747,20.3,20.35,20.2,20.3,-0.05,2927
20181126,13850141,281276513,20.35,20.5,20.2,20.2,-0.1,3546
20181127,13115585,264676908,20.2,20.35,20.1,20.35,0.15,3312
20181128,13468357,271986742,20.15,20.3,20.1,20.25,-0.1,3531
20181129,9433943,190886838,20.25,20.35,20.15,20.2,-0.05,3149
20181130,85844900,1722974307,20.25,20.5,19.95,19.95,-0.25,7811
20181203,23373526,469242264,20.15,20.15,20.0,20.05,0.1,4980
20181204,15121883,302647738,20.0,20.1,19.95,20.0,-0.05,4175
20181205,12664832,252585050,19.95,20.0,19.9,19.95,-0.05,5155
20181206,16763587,333492740,19.95,20.0,19.85,19.9,-0.05,4907
20181207,9717030,193156769,19.85,19.9,19.8,19.85,-0.05,3994
20181210,10270980,203219118,19.85,19.85,19.75,19.75,-0.1,4094
20181211,12001409,237158584,19.75,19.85,19.7,19.75,0.0,4196
20181212,13184739,260919247,19.85,19.85,19.75,19.75,0.0,3970
20181213,10739661,213827720,19.8,20.0,19.75,19.9,0.15,4031
20181214,10221597,203150390,19.85,19.95,19.75,19.95,0.05,3833
20181217,13792165,273836050,19.9,20.0,19.75,19.85,-0.1,3586
20181218,13223459,261472914,19.9,19.9,19.7,19.8,-0.05,5231
20181219,19141904,378807037,19.75,19.9,19.65,19.9,0.1,5032
20181220,8733645,173279787,19.8,19.95,19.75,19.9,0.0,2918
20181221,12112746,239466603,19.9,19.9,19.75,19.75,-0.15,2876
20181222,3215217,63488569,19.75,19.8,19.7,19.7,-0.05,1387
20181224,10574031,208425067,19.7,19.8,19.65,19.8,0.1,4389
20181225,5641494,110725582,19.55,19.7,19.55,19.65,-0.15,2285
20181226,5396256,106223589,19.65,19.75,19.65,19.7,0.05,3127
20181227,10050848,199616315,19.9,19.95,19.75,19.85,0.15,3892
20181228,12457018,248623710,19.85,20.0,19.8,20.0,0.15,3035
20190102,8998928,178111560,20.0,20.0,19.7,19.8,-0.2,3219
20190103,6231173,123837944,19.8,19.9,19.8,19.9,0.1,2329
20190104,9337956,185048962,19.8,19.9,19.7,19.85,-0.05,3378
20190107,10666470,212925200,19.95,20.0,19.9,20.0,0.15,3473
20190108,9216580,183807400,20.05,20.05,19.9,19.95,-0.05,3303
20190109,20303226,409259268,20.05,20.25,20.05,20.2,0.25,5158
20190110,11487894,231733224,20.2,20.25,20.1,20.2,0.0,3444
20190111,9750168,196594816,20.2,20.2,20.1,20.2,0.0,2496
20190114,8782647,176389087,20.2,20.2,19.95,20.2,0.0,2932
20190115,27656330,554225883,20.2,20.2,19.95,20.15,-0.05,5471
20190116,11445069,229141576,20.05,20.1,20.0,20.0,-0.15,4452
20190117,13553582,270989930,20.0,20.05,19.95,20.05,0.05,3400
20190118,12977099,260876665,20.0,20.2,19.95,20.2,0.15,2988
20190121,11617929,234557739,20.2,20.25,20.1,20.15,-0.05,3564
20190122,13393831,270014601,20.15,20.25,20.05,20.25,0.1,3519
20190123,6466413,130193854,20.1,20.2,20.05,20.1,-0.15,2444
20190124,8200776,165176735,20.1,20.25,20.1,20.2,0.1,3251
20190125,15949116,322708804,20.2,20.3,20.15,20.25,0.05,3942
20190128,9570424,194248709,20.25,20.4,20.25,20.3,0.05,2979
20190129,12799996,259935558,20.25,20.35,20.2,20.35,0.05,3375
20190130,15095929,307826339,20.35,20.45,20.3,20.4,0.05,3233
20190211,21063023,430607595,20.4,20.5,20.4,20.4,0.0,6460
20190212,19087367,391982169,20.4,20.65,20.4,20.6,0.2,6368
20190213,21060258,434352610,20.6,20.7,20.6,20.6,0.0,6520
20190214,15632695,323006941,20.6,20.75,20.6,20.6,0.0,3440
20190215,14053630,288713056,20.6,20.65,20.5,20.5,-0.1,3853
20190218,10154602,209339028,20.6,20.7,20.55,20.6,0.1,2903
20190219,8627119,177550884,20.6,20.65,20.55,20.55,-0.05,2341
20190220,15749953,324400509,20.6,20.65,20.55,20.6,0.05,4429
20190221,12209269,251701103,20.55,20.7,20.55,20.7,0.1,3156
20190222,12475269,258206579,20.65,20.8,20.6,20.8,0.1,3990
20190225,11730945,243440400,20.8,20.8,20.7,20.8,0.0,3625
20190226,12911675,268057407,20.75,20.8,20.7,20.8,0.0,3774
20190227,16758941,348074996,20.8,20.85,20.7,20.8,0.0,4249
20190304,24141449,502353709,20.8,21.0,20.65,20.95,0.15,6352
20190305,10769707,224162972,20.8,20.85,20.8,20.8,-0.15,3723
20190306,10385935,216963970,20.8,20.95,20.8,20.9,0.1,4185
20190307,9181319,191818805,20.9,20.95,20.8,20.95,0.05,2706
20190308,8036497,167548266,20.9,20.9,20.8,20.85,-0.1,2324
20190311,10879505,226891182,20.85,20.95,20.8,20.8,-0.05,2942
20190312,11703633,245239993,20.9,21.0,20.85,21.0,0.2,4016
20190313,8656678,181115388,20.95,21.0,20.85,21.0,0.0,2942
20190314,10083658,211573718,21.0,21.05,20.9,20.95,-0.05,2950
20190315,20804101,434471048,20.95,21.0,20.85,20.85,-0.1,3704
20190318,11531001,241646921,20.85,21.0,20.85,21.0,0.15,3444
20190319,14100203,296643763,21.0,21.1,21.0,21.0,0.0,3993
20190320,17591231,369945730,21.0,21.1,20.95,21.1,0.1,5202
20190321,11806635,248405429,21.1,21.15,21.0,21.1,0.0,3192
20190322,12096724,255080232,21.1,21.15,21.05,21.1,0.0,4425
20190325,14400693,301351003,21.0,21.0,20.9,20.9,-0.2,4134
20190326,13479586,283316436,20.9,21.1,20.9,21.1,0.2,2501
20190327,11346880,238762329,21.1,21.1,21.0,21.1,0.0,3732
20190328,16032757,336832602,21.05,21.05,20.95,21.05,-0.05,3791
20190329,22804912,479842601,21.05,21.1,20.95,21.1,0.05,4500
20190401,15916069,335490182,21.1,21.15,21.0,21.1,0.0,5118
20190402,6987037,147317539,21.1,21.15,21.05,21.1,0.0,3066
20190403,12646470,267361587,21.1,21.2,21.05,21.2,0.1,3496
20190408,14331195,303182508,21.2,21.2,21.1,21.15,-0.05,4809
20190409,15138314,321043367,21.15,21.25,21.1,21.25,0.1,4629
20190410,12304392,261546090,21.2,21.3,21.2,21.3,0.05,4072
20190411,11062671,235597613,21.3,21.35,21.25,21.3,0.0,3398
20190412,11422744,242971614,21.3,21.3,21.2,21.3,0.0,4536
20190415,11281663,240491355,21.3,21.35,21.3,21.3,0.0,3227
20190416,9697818,206558441,21.3,21.35,21.25,21.3,0.0,3814
20190417,13073745,278613440,21.3,21.35,21.25,21.35,0.05,3291
20190418,16126326,343619478,21.35,21.35,21.2,21.35,0.0,2890
20190419,17159245,367383259,21.35,21.55,21.25,21.55,0.2,3414
20190422,5444194,116538842,21.55,21.55,21.35,21.35,-0.2,2006
20190423,6280907,134221764,21.4,21.4,21.3,21.4,0.05,1678
20190424,10372017,222584563,21.4,21.5,21.4,21.5,0.1,3802
20190425,8939699,192630240,21.5,21.6,21.45,21.6,0.1,2853
20190426,13464768,290011879,21.5,21.6,21.45,21.6,0.0,3681
20190429,14213448,309862097,21.6,21.9,21.6,21.9,0.3,3755
20190430,22619802,497235737,21.9,22.1,21.85,22.05,0.15,5507
20190502,24821154,548014288,22.0,22.15,22.0,22.0,-0.05,6307
20190503,16911308,372216126,22.0,22.1,21.95,22.0,0.0,6623
20190506,13334149,290519653,21.9,21.95,21.7,21.8,-0.2,5120
20190507,10552903,231664767,21.8,22.0,21.8,21.95,0.15,3235
20190508,9487756,207440096,21.8,21.95,21.75,21.9,-0.05,2799
20190509,16227662,353305226,21.8,21.85,21.7,21.7,-0.2,4609
20190510,15990487,347347433,21.75,21.85,21.6,21.6,-0.1,5162
20190513,11936850,257711222,21.6,21.7,21.5,21.5,-0.1,5385
20190514,18940673,404978033,21.35,21.45,21.25,21.4,-0.1,5318
20190515,13891625,299316517,21.4,21.75,21.35,21.5,0.1,4568
20190516,11667476,250866845,21.5,21.55,21.4,21.5,0.0,3382
20190517,11760568,254823532,21.5,21.9,21.5,21.55,0.05,3897
20190520,17732703,387675098,21.6,22.0,21.6,21.85,0.3,5069
20190521,22624538,500197884,22.0,22.2,21.9,22.2,0.35,6069
20190522,15146651,332331083,22.0,22.05,21.8,21.95,-0.25,3586
20190523,13250396,290648071,21.95,22.0,21.85,21.9,-0.05,4250
20190524,10822495,238622813,22.0,22.1,21.95,22.1,0.2,2783
20190527,6805180,150655550,22.15,22.25,22.05,22.15,0.05,2284
20190528,30295352,672087879,22.15,22.2,22.05,22.2,0.05,2955
20190529,14226470,316268940,22.1,22.3,22.05,22.3,0.1,5646
20190530,14753127,330504351,22.3,22.45,22.3,22.45,0.15,4017
20190531,28607947,641167470,22.25,22.6,22.15,22.6,0.15,5545
20190603,14751719,329405721,22.35,22.45,22.2,22.35,-0.25,3943
20190604,14646945,329321644,22.35,22.6,22.3,22.6,0.25,4657
20190605,13431508,303911439,22.55,22.7,22.5,22.5,-0.1,4921
20190606,18355630,415673323,22.5,22.7,22.5,22.7,0.2,3877
20190610,19320686,438793214,22.65,22.8,22.6,22.75,0.05,6289
20190611,16097033,361823782,22.75,22.75,22.25,22.25,-0.5,4684
20190612,26464488,581147036,22.2,22.2,21.75,21.95,-0.3,7629
20190613,10003844,220974208,21.9,22.2,21.9,22.15,0.2,3953
20190614,8882663,197199960,22.15,22.3,22.1,22.2,0.05,3521
20190617,9178252,204743558,22.35,22.45,22.2,22.2,0.0,2404
20190618,8804450,196132755,22.3,22.4,22.2,22.3,0.1,2670
20190619,26434304,597900187,22.4,22.7,22.35,22.7,0.4,6233
20190620,11915168,269857909,22.75,22.75,22.5,22.7,0.0,3049
20190621,22186155,500099969,22.7,22.75,22.5,22.5,-0.2,3119
20190624,10450370,235997495,22.55,22.7,22.5,22.7,0.2,3465
20190625,11524538,261433192,22.7,22.75,22.55,22.7,0.0,4900
20190626,7864832,178644134,22.7,22.8,22.65,22.7,0.0,2709
20190627,17389378,395757673,22.7,22.8,22.7,22.75,0.05,4072
20190628,12528319,285562832,22.8,22.85,22.7,22.8,0.05,3293
20190701,7737762,176123393,22.8,22.85,22.7,22.75,-0.05,2356
20190702,11879989,270140903,22.75,22.8,22.6,22.8,0.05,6057
20190703,10254023,233083847,22.75,22.8,22.65,22.75,-0.05,4155
20190704,7588201,172790109,22.75,22.8,22.7,22.8,0.05,2285
20190705,7618044,173681091,22.8,22.85,22.7,22.85,0.05,3047
20190708,5883512,133802215,22.75,22.8,22.7,22.75,-0.1,2257
20190709,9350575,212620633,22.75,22.8,22.7,22.7,-0.05,4530
20190710,10811993,246660887,22.75,22.85,22.75,22.85,0.15,4794
20190711,10067065,230568797,22.85,22.95,22.8,22.9,0.05,3883
20190712,5723627,130830296,22.85,22.9,22.8,22.85,-0.05,2089
20190715,9745090,223523915,22.85,23.0,22.8,22.9,0.05,4438
20190716,10918780,250835040,23.0,23.0,22.9,23.0,0.1,3620
20190717,14292140,328912370,22.95,23.1,22.85,23.1,0.1,5679
20190718,5735389,132089019,23.0,23.1,23.0,23.05,-0.05,2424
20190719,9028594,208258212,23.05,23.1,23.0,23.1,0.05,3542
20190722,7539127,174177608,23.05,23.15,23.0,23.1,0.0,2280
20190723,9489635,219285559,23.05,23.15,23.05,23.1,0.0,4237
20190724,9063969,209152037,23.1,23.1,23.0,23.1,0.0,4435
20190725,11269623,260265086,23.05,23.15,23.0,23.15,0.05,3879
20190726,7859100,181591427,23.1,23.15,23.05,23.1,-0.05,2642
20190729,12629264,291995040,23.1,23.2,23.05,23.1,0.0,3689
20190730,15027953,348608714,23.1,23.25,23.1,23.25,0.15,3778
20190731,23140836,538145942,23.2,23.4,23.1,23.4,0.15,5069
20190801,15634475,362017814,23.2,23.25,23.05,23.1,-0.3,5203
20190802,21686372,496174406,22.8,22.95,22.8,22.95,-0.15,8223
20190805,25442468,583748189,22.95,23.0,22.85,23.0,0.05,7412
20190806,17922105,407908885,22.75,22.95,22.5,22.8,-0.2,5825
20190807,27814593,632614569,22.75,22.8,22.7,22.7,-0.1,7051
20190808,34899006,793230444,22.6,22.8,22.6,22.8,0.1,6152
20190812,45727400,986709278,21.6,21.6,21.3,21.55,-0.05,9755
20190813,29710755,631344524,21.5,21.5,21.1,21.15,-0.4,9980
20190814,14018601,297740002,21.2,21.3,21.2,21.2,0.05,5016
20190815,13434291,283570030,21.1,21.2,21.0,21.15,-0.05,3815
20190816,14986315,317942622,21.05,21.45,21.0,21.25,0.1,4525
20190819,13030319,278404772,21.3,21.45,21.25,21.35,0.1,4773
20190820,9940241,212023501,21.35,21.4,21.3,21.3,-0.05,3777
20190821,9569369,202960155,21.3,21.3,21.1,21.15,-0.15,3782
20190822,11955690,254470267,21.2,21.35,21.2,21.35,0.2,3388
20190823,13777467,295477571,21.4,21.5,21.35,21.45,0.1,3566
20190826,10696333,226881677,21.35,21.35,21.15,21.2,-0.25,2828
20190827,24082490,510765152,21.25,21.25,21.05,21.25,0.05,3692
20190828,10169553,216178721,21.3,21.35,21.2,21.2,-0.05,2456
20190829,9333279,197939847,21.2,21.3,21.1,21.2,0.0,3489
20190830,18989473,406918748,21.35,21.5,21.25,21.5,0.3,3341
20190902,6395937,137380430,21.5,21.5,21.4,21.5,0.0,2076
20190903,7077681,151471888,21.5,21.5,21.35,21.35,-0.15,3074
20190904,12975615,276747754,21.35,21.45,21.25,21.45,0.1,3831
20190905,11451940,245762976,21.4,21.5,21.4,21.5,0.05,3338
20190906,10459615,224758439,21.45,21.55,21.4,21.55,0.05,2974
20190909,16352199,352877048,21.5,21.65,21.5,21.65,0.1,4393
20190910,23158729,507399932,21.85,22.0,21.8,22.0,0.35,5098
20190911,17310154,380708914,22.0,22.05,21.9,22.0,0.0,3780
20190912,10795817,238160034,22.1,22.15,22.0,22.0,0.0,2825
20190916,12060503,266151166,22.1,22.2,22.0,22.1,0.1,3563
20190917,10447510,231176251,22.15,22.2,22.0,22.2,0.1,3170
20190918,11680938,259360574,22.2,22.25,22.1,22.25,0.05,4028
20190919,7217374,160480904,22.2,22.25,22.2,22.25,0.0,2760
20190920,20236766,452262501,22.25,22.4,22.2,22.4,0.15,3895
20190923,11605914,258617168,22.4,22.5,22.1,22.2,-0.2,4072
20190924,18581568,411113099,22.2,22.25,22.0,22.15,-0.05,9332
20190925,22789192,500555845,22.15,22.15,21.85,22.1,-0.05,7510
20190926,12259039,269714872,22.15,22.15,21.95,21.95,-0.15,6600
20190927,15621266,341775576,21.95,22.1,21.8,21.8,-0.15,8095
20191001,19636606,432012037,22.15,22.25,21.8,22.05,0.25,7374
20191002,7918164,174548943,22.0,22.15,21.95,21.95,-0.1,2915
20191003,6248422,136406284,21.8,21.9,21.75,21.8,-0.15,2520
20191004,5506834,120678018,21.8,22.0,21.8,22.0,0.2,2616
20191007,3801331,83391782,22.0,22.0,21.9,21.9,-0.1,1548
20191008,7833466,172530025,21.95,22.1,21.9,22.1,0.2,2617
20191009,8321467,182439174,21.95,22.0,21.85,21.85,-0.25,3423
20191014,7826305,172087523,22.0,22.05,21.95,22.05,0.2,3361
20191015,5016475,110448872,22.05,22.05,21.95,22.05,0.0,2198
20191016,7046695,155698342,22.05,22.15,22.0,22.1,0.05,2752
20191017,7574200,167715916,22.1,22.2,22.1,22.1,0.0,2841
20191018,5597462,123526722,22.1,22.15,22.0,22.05,-0.05,1664
20191021,5358393,118594207,22.05,22.2,22.05,22.2,0.15,1975
20191022,11115038,245890547,22.2,22.25,22.05,22.25,0.05,3930
20191023,15861531,349152726,22.25,22.25,21.95,22.0,-0.25,5496
20191024,9609684,212800877,22.05,22.2,22.0,22.2,0.2,3027
20191025,4822591,107138671,22.2,22.3,22.1,22.3,0.1,2079
20191028,5667953,126337565,22.3,22.3,22.25,22.3,0.0,2696
20191029,7995526,178138455,22.3,22.35,22.2,22.3,0.0,3782
20191030,12816963,285652594,22.2,22.35,22.2,22.35,0.05,3642
20191031,18065982,404211314,22.35,22.45,22.3,22.35,0.0,4551
20191101,9743550,218476081,22.35,22.5,22.35,22.5,0.15,3899
20191104,15586603,352344144,22.5,22.7,22.5,22.7,0.2,5163
20191105,12687137,287555876,22.7,22.75,22.6,22.75,0.05,4720
20191106,19732757,449025995,22.75,22.9,22.65,22.75,0.0,5340
20191107,11291891,256893547,22.7,22.8,22.65,22.75,0.0,2775
20191108,8792965,199931671,22.75,22.8,22.65,22.8,0.05,2780
20191111,15243290,346011771,22.8,22.8,22.6,22.8,0.0,3724
20191112,9261208,211003248,22.85,22.85,22.7,22.8,0.0,3570
20191113,14135149,320290225,22.75,22.75,22.6,22.6,-0.2,5827
20191114,8932540,202058549,22.6,22.7,22.5,22.6,0.0,3266
20191115,8103515,183486715,22.8,22.8,22.55,22.6,0.0,2282
20191118,8489136,192663432,22.65,22.8,22.55,22.8,0.2,2641
20191119,7848983,178787955,22.6,22.9,22.6,22.9,0.1,2848
20191120,7804319,178156993,22.8,22.9,22.75,22.9,0.0,2696
20191121,10136099,229867859,22.7,22.75,22.65,22.65,-0.25,3460
20191122,7684429,175408945,22.7,22.9,22.65,22.9,0.25,2492
20191125,9226433,210764958,22.85,22.9,22.8,22.8,-0.1,3411
20191126,56324757,1293130661,22.9,23.0,22.6,23.0,0.2,6672
20191127,9041367,207759991,23.0,23.05,22.9,23.0,0.0,2898
20191128,7567660,173995380,23.0,23.05,22.9,23.0,0.0,2759
20191129,7441063,170650799,23.0,23.05,22.9,22.95,-0.05,2434
20191202,7295371,167295807,22.9,23.0,22.85,22.9,-0.05,2548
20191203,10809610,248170680,22.95,23.0,22.9,23.0,0.1,4109
20191204,10448031,239629063,23.0,23.0,22.85,23.0,0.0,4124
20191205,8325767,190906441,22.9,23.0,22.9,22.9,-0.1,2829
20191206,6433777,147313172,22.95,22.95,22.8,22.95,0.05,2444
20191209,6302946,144641908,22.95,23.0,22.9,23.0,0.05,3269
20191210,6642557,152667386,23.0,23.0,22.9,23.0,0.0,2243
20191211,8690998,199629604,23.0,23.0,22.9,22.95,-0.05,3953
20191212,15723142,362650894,22.95,23.15,22.95,23.1,0.15,4509
20191213,17159015,398815538,23.15,23.3,23.1,23.3,0.2,5140
20191216,11006466,255505178,23.3,23.3,23.15,23.2,-0.1,4199
20191217,21864343,512598750,23.2,23.6,23.15,23.6,0.4,6426
20191218,22737608,541597341,23.6,24.0,23.5,23.9,0.3,8420
20191219,20524270,491591251,23.85,24.0,23.8,24.0,0.1,7927
20191220,21201021,507782335,24.0,24.1,23.9,23.9,-0.1,5727
20191223,7009615,167194485,23.9,23.95,23.75,23.95,0.05,2588
20191224,4554550,108610924,23.85,23.9,23.8,23.85,-0.1,1964
20191225,3368475,80175409,23.85,23.85,23.75,23.85,0.0,1913
20191226,3762372,89548971,23.85,23.85,23.75,23.85,0.0,1407
20191227,6170815,147252288,23.85,23.95,23.8,23.95,0.1,2186
20191230,7326474,175173672,23.9,23.95,23.8,23.95,0.0,2344
20191231,7851717,186632394,23.9,23.9,23.7,23.7,-0.25,3119
20200102,9634190,228327164,23.75,23.8,23.65,23.7,0.0,5438
20200103,7503419,178472902,23.7,23.85,23.7,23.85,0.15,3818
20200106,9371957,222194975,23.7,23.75,23.65,23.7,-0.15,4934
20200107,9613200,226540059,23.65,23.7,23.5,23.55,-0.15,4490
20200108,25167775,585433191,23.45,23.5,23.15,23.25,-0.3,7176
20200109,12025879,281595775,23.35,23.55,23.3,23.5,0.25,3320
20200110,13692111,322314906,23.55,23.6,23.5,23.6,0.1,3436
20200113,13424203,318641477,23.7,23.9,23.65,23.9,0.3,3892
20200114,16129708,386513142,23.9,24.0,23.9,24.0,0.1,4274
20200115,11347381,271954044,24.0,24.0,23.9,24.0,0.0,2918
20200116,11402474,273505726,24.0,24.0,23.95,24.0,0.0,3333
20200117,13356789,322764039,24.05,24.35,24.0,24.35,0.35,4296
20200120,17265993,422903335,24.35,24.6,24.3,24.55,0.2,5768
20200130,66277634,1566547641,23.75,23.85,23.45,23.5,-1.05,18533
20200131,25702478,607824229,23.45,23.8,23.45,23.6,0.1,6586
20200203,24431631,568292347,23.0,23.45,22.9,23.45,-0.15,7342
20200204,16421056,385968733,23.4,23.65,23.25,23.55,0.1,5047
20200205,18605944,442077053,23.6,23.95,23.5,23.8,0.25,3911
20200206,15034025,362105623,23.95,24.15,23.95,24.15,0.35,3848
20200207,10279487,247069956,24.0,24.1,23.95,24.1,-0.05,3543
20200210,14540252,348382520,23.8,24.05,23.8,24.05,-0.05,4268
20200211,10748351,258870014,24.05,24.15,24.0,24.1,0.05,3399
20200212,13952022,335433049,24.0,24.15,24.0,24.0,-0.1,4383
20200213,12244797,294824068,24.0,24.15,24.0,24.1,0.1,3205
20200214,8907940,214467330,24.05,24.15,24.0,24.1,0.0,2620
20200217,14165787,341255988,24.05,24.2,24.0,24.2,0.1,4097
20200218,14041404,341192823,24.1,24.4,24.1,24.4,0.2,4352
20200219,15742347,386377951,24.4,24.6,24.4,24.6,0.2,4412
20200220,17984434,443013223,24.6,24.8,24.5,24.5,-0.1,5716
20200221,13631679,333708199,24.5,24.65,24.4,24.4,-0.1,4766
20200224,14277445,343918201,24.15,24.2,24.0,24.1,-0.3,5190
20200225,18990314,454300079,23.8,24.0,23.8,24.0,-0.1,8524
20200226,21984427,524157448,23.75,24.0,23.7,23.9,-0.1,6989
20200227,23325287,552941150,23.8,23.85,23.6,23.7,-0.2,6979
20200302,38607141,897528649,23.2,23.4,23.15,23.2,-0.5,12562
20200303,22493338,527008917,23.35,23.5,23.3,23.5,0.3,7573
20200304,19039534,445054124,23.4,23.5,23.25,23.5,0.0,3959
20200305,10817624,254812016,23.5,23.6,23.5,23.55,0.05,3830
20200306,26069225,607044296,23.5,23.5,23.2,23.25,-0.3,9950
20200309,47154720,1071035889,23.0,23.0,22.45,22.7,-0.55,16218
20200310,42146815,945457901,22.25,22.8,22.25,22.6,-0.1,11236
20200311,20955990,475051238,22.6,22.85,22.55,22.65,0.05,6377
20200312,52201000,1139851638,22.5,22.5,21.5,21.8,-0.85,19386
20200313,79174409,1616416413,20.45,21.25,20.0,21.15,-0.65,25032
20200316,42932804,873693841,21.05,21.05,20.1,20.1,-1.05,16088
20200317,63950365,1244559484,19.4,19.75,19.25,19.45,-0.65,20696
20200318,66975750,1281324911,19.4,19.45,19.0,19.05,-0.4,21149
20200319,106765706,1879582695,18.3,18.35,17.2,17.25,-1.8,36016
20200320,69213528,1271721867,17.5,18.75,17.5,18.65,1.4,18618
20200323,32067169,577665011,17.9,18.35,17.3,17.95,-0.7,9903
20200324,38363346,718466923,18.5,18.9,18.5,18.6,0.65,10414
20200325,37647167,732687913,19.1,19.75,19.05,19.5,0.9,11067
20200326,24463362,474956120,19.5,19.6,19.15,19.45,-0.05,7416
20200327,34061710,675912812,19.8,20.0,19.65,19.85,0.4,8990
20200330,25282720,495638868,19.45,19.85,19.15,19.6,-0.25,5487
20200331,28005250,550439442,19.9,20.0,19.4,19.65,0.05,6356
20200401,16188497,315951464,19.6,19.65,19.4,19.5,-0.15,5036
20200406,20677559,403587158,19.75,19.75,19.35,19.5,0.0,5844
20200407,21117291,418166559,19.85,19.9,19.7,19.75,0.25,5249
20200408,20070292,399935872,19.7,20.05,19.7,19.95,0.2,6160
20200409,15312892,307307289,19.95,20.2,19.9,20.15,0.2,4933
20200410,20079610,411913629,20.2,20.65,20.2,20.6,0.45,5774
20200413,16885497,343318777,20.35,20.5,20.15,20.35,-0.25,5264
20200414,30277397,629446837,20.4,21.0,20.35,21.0,0.65,6238
20200415,26018031,549410027,21.0,21.2,21.0,21.2,0.2,8243
20200416,21344007,448459346,21.0,21.1,20.8,21.1,-0.1,5132
20200417,26234055,556360772,21.15,21.45,21.0,21.0,-0.1,6542
20200420,11987271,250442036,21.0,21.0,20.8,20.85,-0.15,3906
20200421,28202835,571268079,20.65,20.7,20.05,20.1,-0.75,9240
20200422,24698723,492093918,19.95,20.0,19.85,19.95,-0.15,7474
20200423,24495689,489368364,20.0,20.25,19.85,19.95,0.0,9083
20200424,41601824,856019331,20.4,20.75,20.35,20.6,0.65,11852
20200427,34024982,714670980,21.0,21.1,20.8,21.0,0.4,9384
20200428,22160857,470585456,21.2,21.3,21.15,21.3,0.3,7639
20200429,29298349,633009308,21.3,21.75,21.25,21.65,0.35,9232
20200430,35128117,777475434,21.75,22.3,21.75,22.05,0.4,8487
20200504,29484248,637333970,21.4,21.85,21.3,21.65,-0.4,10807
20200505,15548469,339859388,21.85,22.0,21.7,21.8,0.15,5000
20200506,21040985,455828223,21.8,21.8,21.5,21.65,-0.15,6066
20200507,15381430,335100331,21.65,21.9,21.6,21.75,0.1,3501
20200508,15512974,339284826,21.95,22.1,21.75,21.75,0.0,4896
20200511,16247213,358089771,22.0,22.1,21.95,22.0,0.25,5775
20200512,21300246,467689995,21.9,22.05,21.8,21.95,-0.05,5691
20200513,15002883,329531976,21.9,22.05,21.9,21.95,0.0,5310
20200514,15677651,342743872,21.85,21.9,21.8,21.9,-0.05,5240
20200515,15661761,342607958,21.95,22.0,21.8,21.8,-0.1,4963
20200518,11633218,253943677,21.8,21.9,21.7,21.8,0.0,3513
20200519,18832702,415840836,22.15,22.25,22.0,22.1,0.3,4796
20200520,11827171,260996680,22.15,22.15,22.0,22.1,0.0,4035
20200521,14590263,323149249,22.1,22.25,22.0,22.2,0.1,4305
20200522,17046486,375305277,22.2,22.2,21.95,21.95,-0.25,5760
20200525,11754508,257991239,21.95,22.1,21.75,22.1,0.15,3443
20200526,17727217,395808803,22.25,22.4,22.15,22.3,0.2,4103
20200527,18134675,406889104,22.4,22.6,22.3,22.6,0.3,5255
20200528,18741566,422624528,22.7,22.75,22.4,22.5,-0.1,5029
20200529,54406181,1239433546,22.35,22.85,22.3,22.85,0.35,4620
20200601,21029768,483037564,22.9,23.1,22.85,22.95,0.1,5398
20200602,15096474,348052284,22.95,23.1,22.95,23.1,0.15,4560
20200603,28694966,665196362,23.3,23.4,23.05,23.2,0.1,8691
20200604,27656141,641056492,23.3,23.35,23.0,23.15,-0.05,6723
20200605,16339747,378165685,23.1,23.25,23.0,23.15,0.0,4738
20200608,20925342,485435374,23.15,23.3,23.05,23.2,0.05,6228
20200609,17423451,402935760,23.2,23.2,23.05,23.1,-0.1,4742
20200610,22866638,533072680,23.15,23.5,23.1,23.5,0.4,5874
20200611,30400613,707871436,23.45,23.65,23.0,23.0,-0.5,10600
20200612,28176477,639058577,22.45,22.95,22.35,22.85,-0.15,11273
20200615,22471260,510238567,22.85,22.9,22.6,22.6,-0.25,7732
20200616,21431947,489942952,22.75,23.0,22.65,22.75,0.15,6245
20200617,18465051,419986434,22.8,22.85,22.65,22.8,0.05,6098
20200618,22873121,517910445,22.8,22.85,22.6,22.6,-0.2,7572
20200619,26132718,589432474,22.65,22.7,22.5,22.5,-0.1,5330
20200622,9933617,224346789,22.5,22.65,22.5,22.65,0.15,2752
20200623,17136592,388604985,22.7,22.8,22.55,22.75,0.1,3730
20200624,13431332,305335621,22.75,22.9,22.7,22.7,-0.05,4447
20200629,15567250,351575424,22.55,22.7,22.5,22.65,-0.05,5527
20200630,16174916,366670139,22.7,22.8,22.6,22.65,0.0,5180
20200701,18209255,414750753,22.75,22.95,22.7,22.75,0.1,6586
20200702,16741127,382671635,22.8,22.95,22.75,22.9,0.15,4393
20200703,18501511,425027453,23.0,23.1,22.9,22.95,0.05,7280
20200706,24146258,559367619,23.0,23.25,23.0,23.25,0.3,7888
20200707,18269927,424011433,23.35,23.45,23.1,23.2,-0.05,5119
20200708,17147351,397666252,23.2,23.25,23.15,23.15,-0.05,4089
20200709,14850139,344063772,23.2,23.3,23.1,23.1,-0.05,4403
20200710,23027089,528607447,23.1,23.1,22.85,23.0,-0.1,5180
20200713,19483998,448193754,23.05,23.1,22.95,23.0,0.0,6090
20200714,13127303,301947569,23.0,23.1,22.95,22.95,-0.05,2967
20200715,15795850,363684885,23.05,23.1,22.95,23.1,0.15,6101
20200716,16853244,388521884,23.15,23.15,23.0,23.0,-0.1,4691
20200717,19137056,442929502,23.2,23.2,23.05,23.1,0.1,7024
20200720,19265621,445121799,23.1,23.25,23.0,23.1,0.0,3186
20200721,23536498,547324229,23.2,23.35,23.2,23.2,0.1,8822
20200722,24126513,564456825,23.2,23.5,23.2,23.5,0.3,4766
20200723,16384259,384136255,23.45,23.5,23.35,23.4,-0.1,3577
20200724,17411406,406052481,23.3,23.4,23.25,23.25,-0.15,4282
20200727,22797128,527223753,23.25,23.4,23.0,23.0,-0.25,6351
20200728,28094399,649375519,23.0,23.25,22.9,23.15,0.15,10663
20200729,36477579,858460711,23.1,23.65,23.1,23.55,0.4,8803
20200730,34522036,818099986,23.7,23.8,23.55,23.8,0.25,8408
20200731,23483233,555296462,23.7,23.75,23.6,23.6,-0.2,5588
20200803,30908324,726509008,23.6,23.6,23.35,23.35,-0.25,6772
20200804,24478484,573465399,23.35,23.55,23.35,23.45,0.1,4482
20200805,36166778,854376101,23.6,23.75,23.5,23.7,0.25,9212
20200806,51142524,1217695886,23.7,23.9,23.7,23.9,0.2,12894
20200807,97580571,2160334440,22.05,22.1,22.0,22.05,,24425
20200810,23908453,527650781,22.1,22.2,22.05,22.05,0.0,10677
20200811,24377180,535300210,22.05,22.1,21.9,21.9,-0.15,9108
20200812,23053364,502113516,21.9,21.9,21.7,21.8,-0.1,8409
20200813,21879711,477922766,21.75,21.9,21.75,21.85,0.05,5086
20200814,24347578,528163260,21.75,21.8,21.65,21.65,-0.2,8745
20200817,15411262,333945749,21.65,21.85,21.5,21.85,0.2,5538
20200818,19059527,414757120,21.8,21.85,21.7,21.85,0.0,4933
20200819,17850846,390296938,21.9,22.0,21.8,21.8,-0.05,6442
20200820,36317840,779621302,21.7,21.75,21.3,21.35,-0.45,14330
20200821,14621543,314251261,21.5,21.55,21.4,21.55,0.2,4885
20200824,11481700,245806203,21.55,21.55,21.35,21.35,-0.2,4636
20200825,12266900,262542727,21.35,21.45,21.35,21.4,0.05,3685
20200826,13965183,298344666,21.4,21.45,21.3,21.4,0.0,4862
20200827,14287027,304600988,21.45,21.45,21.25,21.25,-0.15,6019
20200828,12017284,256167383,21.3,21.4,21.25,21.4,0.15,4849
20200831,30167169,643075004,21.4,21.55,21.25,21.25,-0.15,6350
20200901,23451028,496637411,21.25,21.3,21.1,21.15,-0.1,5875
20200902,34192849,716619403,21.15,21.2,20.85,20.95,-0.2,14783
20200903,18249999,381188429,20.95,21.05,20.75,20.9,-0.05,7153
20200904,23484324,487459756,20.8,20.85,20.7,20.7,-0.2,9491
20200907,15465522,321424872,20.7,21.0,20.6,20.85,0.15,5094
20200908,12170663,253724123,20.9,20.95,20.8,20.95,0.1,4177
20200909,16542054,343196834,20.8,20.9,20.65,20.9,-0.05,6493
20200910,10514718,218987778,20.95,20.95,20.7,20.9,0.0,4377
20200911,8716032,181433294,20.85,20.9,20.75,20.9,0.0,3409
20200914,7451370,155476648,20.9,20.95,20.8,20.9,0.0,3072
20200915,8319949,174174834,21.0,21.0,20.9,21.0,0.1,3408
20200916,11990467,251679024,21.0,21.05,20.9,21.05,0.05,5959
20200917,13853396,289769966,21.05,21.05,20.8,20.85,-0.2,6005
20200918,16982310,354426260,20.85,20.9,20.8,20.9,0.05,4347
20200921,13331671,276826422,20.8,20.85,20.7,20.7,-0.2,5559
20200922,20825354,426997567,20.6,20.65,20.45,20.45,-0.25,9076
20200923,22884688,463657522,20.4,20.45,20.2,20.2,-0.25,10473
20200924,33259659,663537080,20.0,20.05,19.9,19.9,-0.3,15057
20200925,17579664,353868262,19.95,20.35,19.95,20.15,0.25,4981
20200928,19143826,390927462,20.25,20.6,20.2,20.6,0.45,6197
20200929,15638502,322613317,20.65,20.75,20.55,20.6,0.0,4555
20200930,11213709,231089078,20.65,20.7,20.55,20.55,-0.05,3267
20201005,7423241,153112907,20.7,20.7,20.55,20.65,0.1,2951
20201006,13379312,277931632,20.7,20.85,20.65,20.85,0.2,4721
20201007,9009431,186992486,20.8,20.85,20.7,20.7,-0.15,3756
20201008,9870415,204741596,20.75,20.8,20.7,20.8,0.1,3654
20201012,12892300,267017491,20.8,20.8,20.65,20.75,-0.05,4405
20201013,8925624,183912717,20.7,20.75,20.55,20.65,-0.1,3898
20201014,13489024,278099554,20.55,20.7,20.55,20.6,-0.05,3626
20201015,14242668,291680962,20.55,20.6,20.4,20.45,-0.15,6298
20201016,12624638,257714641,20.5,20.6,20.3,20.3,-0.15,5363
20201019,12270828,249847065,20.3,20.5,20.3,20.35,0.05,4758
20201020,12251693,248199970,20.35,20.35,20.2,20.25,-0.1,5398
20201021,14087343,284905604,20.3,20.3,20.15,20.2,-0.05,5879
20201022,14819489,300266794,20.2,20.4,20.15,20.4,0.2,4578
20201023,10649079,215855322,20.4,20.45,20.2,20.3,-0.1,3944
20201026,11898086,241901811,20.3,20.45,20.25,20.4,0.1,5527
20201027,12779226,259915631,20.25,20.4,20.2,20.4,0.0,4020
20201028,13108830,265698703,20.35,20.4,20.2,20.3,-0.1,6162
20201029,15302286,308816415,20.2,20.25,20.1,20.15,-0.15,6360
20201030,23034001,462651096,20.1,20.15,20.0,20.05,-0.1,8008
20201102,13273524,268473439,20.1,20.45,20.05,20.45,0.4,4148
20201103,11577324,237291644,20.45,20.6,20.4,20.6,0.15,4041
20201104,9724323,199371660,20.5,20.55,20.45,20.5,-0.1,3711
20201105,13159066,272304392,20.6,20.8,20.55,20.8,0.3,3880
20201106,13696722,284844944,20.7,20.9,20.7,20.9,0.1,5562
20201109,16651817,350227633,21.0,21.2,20.9,21.05,0.15,5641
20201110,27339005,583350301,21.3,21.45,21.1,21.45,0.4,9124
20201111,30618853,662703450,21.45,21.75,21.45,21.75,0.3,9391
20201112,21080597,451645739,21.8,21.8,21.25,21.4,-0.35,6270
20201113,12423719,265549355,21.35,21.5,21.25,21.5,0.1,4455
20201116,19556582,421865936,21.55,21.65,21.45,21.65,0.15,5736
20201117,18539186,400266848,21.65,21.65,21.5,21.65,0.0,5021
20201118,23273543,505593484,21.65,21.8,21.6,21.8,0.15,6486
20201119,16802516,364120163,21.75,21.75,21.6,21.7,-0.1,4652
20201120,13300781,287035393,21.75,21.75,21.5,21.6,-0.1,4235
20201123,15649359,338004211,21.7,21.7,21.5,21.6,0.0,4450
20201124,10529579,226316423,21.55,21.6,21.45,21.5,-0.1,4283
20201125,16909644,363869294,21.6,21.6,21.45,21.5,0.0,3303
20201126,11372964,243553741,21.45,21.5,21.35,21.5,0.0,4344
20201127,13853401,296408512,21.45,21.5,21.35,21.4,-0.1,4883
20201130,57892120,1233463477,21.4,21.45,21.2,21.3,-0.1,9054
20201201,10475611,223163887,21.35,21.4,21.2,21.4,0.1,4061
20201202,16329360,347448993,21.25,21.35,21.2,21.35,-0.05,5353
20201203,12196984,258973592,21.25,21.3,21.2,21.25,-0.1,5733
20201204,15119953,322413855,21.3,21.4,21.25,21.35,0.1,5044
20201207,22832291,485086159,21.4,21.45,21.15,21.3,-0.05,7614
20201208,34984574,729196764,21.0,21.0,20.7,20.85,-0.45,15877
20201209,39500016,810688053,20.55,20.65,20.45,20.6,-0.25,15470
20201210,23864743,490803161,20.55,20.65,20.45,20.6,0.0,8356
20201211,18900640,392881637,20.6,20.95,20.6,20.85,0.25,6374
20201214,14324932,297049376,20.85,20.9,20.65,20.65,-0.2,6265
20201215,15122911,311028878,20.6,20.65,20.5,20.6,-0.05,6145
20201216,16040764,332475134,20.65,20.8,20.65,20.75,0.15,7634
20201217,11336141,234696135,20.75,20.75,20.65,20.7,-0.05,4423
20201218,16852119,349288267,20.7,20.75,20.65,20.75,0.05,4601
20201221,9679591,200945685,20.75,20.85,20.65,20.8,0.05,3379
20201222,10375651,215432953,20.75,20.85,20.7,20.7,-0.1,3273
20201223,6504699,134630623,20.65,20.75,20.6,20.7,0.0,2572
20201224,9450418,195705702,20.7,20.75,20.65,20.7,0.0,3159
20201225,7236899,150199274,20.75,20.8,20.7,20.8,0.1,3077
20201228,8555588,177593269,20.8,20.8,20.7,20.8,0.0,3461
20201229,12018073,250318801,20.8,20.9,20.8,20.9,0.1,3949
20201230,24470490,517581399,20.9,21.35,20.85,21.35,0.45,8362
20201231,14734049,313590567,21.35,21.4,21.2,21.35,0.0,4226
20210104,16825924,356241152,21.25,21.3,21.1,21.1,-0.25,5677
20210105,11583857,245024349,21.1,21.25,21.05,21.25,0.15,4357
20210106,16223033,342079373,21.15,21.2,21.0,21.0,-0.25,6089
20210107,13894006,294116943,21.0,21.25,21.0,21.25,0.25,4411
20210108,26914103,574502534,21.25,21.5,21.15,21.5,0.25,6805
20210111,14977789,321059788,21.5,21.5,21.35,21.5,0.0,5106
20210112,9652065,205510423,21.45,21.45,21.2,21.3,-0.2,4000
20210113,14687245,312683820,21.2,21.4,21.2,21.25,-0.05,4207
20210114,11620815,247220712,21.25,21.35,21.2,21.3,0.05,3627
20210115,15277822,323345791,21.3,21.35,21.05,21.05,-0.25,5851
20210118,17159976,358804466,21.05,21.05,20.85,20.95,-0.1,5890
20210119,11981246,250707181,20.9,21.0,20.9,20.9,-0.05,4744
20210120,29436652,607453981,20.85,20.85,20.5,20.5,-0.4,13343
20210121,14942765,307741404,20.55,20.75,20.5,20.5,0.0,6221
20210122,22306652,455810839,20.5,20.55,20.4,20.4,-0.1,7809
20210125,12404234,255552611,20.4,20.75,20.4,20.7,0.3,4301
20210126,14965595,307003249,20.6,20.7,20.45,20.45,-0.25,6261
20210127,14966579,306283623,20.5,20.65,20.4,20.4,-0.05,4339
20210128,16563541,337018267,20.4,20.45,20.3,20.35,-0.05,6731
20210129,27351943,553862882,20.3,20.5,20.2,20.2,-0.15,10138
20210201,11757435,239372830,20.25,20.5,20.25,20.3,0.1,4335
20210202,11341421,231505605,20.3,20.5,20.25,20.4,0.1,3640
20210203,13086570,267331325,20.45,20.5,20.4,20.4,0.0,3733
20210204,8390045,171263045,20.35,20.5,20.3,20.4,0.0,2974
20210205,11778338,241860546,20.45,20.65,20.4,20.6,0.2,3706
20210217,29965701,621624291,20.7,20.85,20.65,20.8,0.2,9784
20210218,13268157,276899630,20.8,20.95,20.8,20.85,0.05,4867
20210219,14282121,297462786,20.85,20.9,20.75,20.9,0.05,4982
20210222,17378704,363051148,20.9,21.0,20.8,20.8,-0.1,6007
20210223,24919128,523122472,20.85,21.15,20.8,21.1,0.3,5667
20210224,19094784,403900417,21.2,21.3,21.05,21.1,0.0,4996
20210225,21178612,449866179,21.25,21.35,21.1,21.35,0.25,7034
20210226,41490182,869367622,21.2,21.2,20.85,20.85,-0.5,10748
20210302,32453925,689896043,21.1,21.4,21.1,21.15,0.3,7761
20210303,23795624,506310686,21.2,21.4,21.15,21.25,0.1,6150
20210304,21077434,444609931,21.3,21.3,21.0,21.05,-0.2,5902
20210305,16057305,338166054,20.9,21.2,20.9,21.1,0.05,4339
20210308,21459931,453450376,21.1,21.3,21.05,21.1,0.0,4761
20210309,34778919,745909988,21.15,21.55,21.15,21.5,0.4,9264
20210310,18695574,403133469,21.5,21.65,21.45,21.6,0.1,6696
20210311,23054329,500480610,21.7,21.85,21.6,21.6,0.0,7397
20210312,13008842,281052849,21.6,21.75,21.4,21.75,0.15,4596
20210315,17643651,386132858,21.8,21.95,21.75,21.95,0.2,5313
20210316,22968389,507058682,22.0,22.15,22.0,22.15,0.2,7596
20210317,27480990,603129686,22.15,22.2,21.8,21.9,-0.25,10314
20210318,16343823,358581208,21.95,22.0,21.85,21.95,0.05,6312
20210319,37158265,803913266,21.9,21.95,21.5,21.5,-0.45,8983
20210322,12518038,272231671,21.55,21.85,21.5,21.85,0.35,4734
20210323,10520572,229666867,21.85,21.95,21.75,21.85,0.0,3415
20210324,13525190,295727104,21.85,22.0,21.75,21.9,0.05,4088
20210325,14118403,310597913,21.9,22.05,21.85,22.05,0.15,4816
20210326,16456097,362988059,22.05,22.1,22.0,22.05,0.0,4450
20210329,17342118,384385227,22.1,22.2,22.1,22.2,0.15,6023
20210330,13958343,309789962,22.2,22.3,22.1,22.25,0.05,5608
20210331,18453257,409798012,22.2,22.3,22.15,22.2,-0.05,5021
20210401,13733762,303613017,22.2,22.3,22.05,22.05,-0.15,4631
20210406,12865731,284227288,22.1,22.15,22.05,22.1,0.05,4525
20210407,12600349,279250916,22.15,22.2,22.1,22.2,0.1,3901
20210408,11163369,247070918,22.15,22.2,22.1,22.1,-0.1,3925
20210409,11601796,256244098,22.1,22.15,22.05,22.1,0.0,3875
20210412,12501374,276470051,22.1,22.15,22.05,22.15,0.05,4867
20210413,11642974,258869387,22.2,22.3,22.15,22.25,0.1,4441
20210414,13167178,292966676,22.25,22.35,22.2,22.25,0.0,4518
20210415,16434286,368937602,22.3,22.5,22.25,22.5,0.25,5611
20210416,14083473,318130155,22.5,22.7,22.5,22.7,0.2,5358
20210419,20865527,477643820,22.7,23.0,22.7,23.0,0.3,7362
20210420,13238791,303119159,23.0,23.0,22.85,22.9,-0.1,5098
20210421,17527910,401919209,22.9,23.0,22.9,22.9,0.0,8111
20210422,19504197,446816258,22.9,23.0,22.85,22.9,0.0,7316
20210423,11608787,264289217,22.9,22.9,22.7,22.75,-0.15,4685
20210426,20659735,472677026,22.85,23.0,22.75,23.0,0.25,6735
20210427,10661289,244412104,23.0,23.0,22.85,22.95,-0.05,4292
20210428,13404953,307374677,22.95,23.0,22.85,23.0,0.05,4682
20210429,13751011,315236096,22.9,23.0,22.85,22.9,-0.1,3934
20210503,37568795,840531920,22.5,22.6,22.1,22.4,-0.5,12040
20210504,31120420,693890879,22.4,22.6,22.05,22.25,-0.15,8443
20210505,12613647,280457915,22.25,22.35,22.1,22.2,-0.05,4658
20210506,18216411,399156410,22.2,22.5,22.2,22.35,0.15,4691
20210507,11749106,263696951,22.35,22.5,22.35,22.5,0.15,4810
20210510,18468002,419500070,22.65,22.8,22.5,22.8,0.3,5484
20210511,22431547,504631888,22.8,22.8,22.25,22.4,-0.4,8336
20210512,65220181,1415096418,22.2,22.6,20.6,21.5,-0.9,19488
20210513,32379419,693997967,21.3,21.7,21.05,21.45,-0.05,8914
20210514,21203622,458091262,21.45,21.75,21.4,21.7,0.25,5803
20210517,32144804,680284459,21.0,21.4,20.95,21.1,-0.6,10615
20210518,15351292,330936249,21.2,21.85,21.2,21.65,0.55,4363
20210519,13239801,286179898,21.55,21.7,21.4,21.65,0.0,3930
20210520,15953584,343314808,21.5,21.65,21.4,21.55,-0.1,3811
20210521,11747277,255301774,21.7,22.0,21.6,21.65,0.1,3586
20210524,9977003,214519866,21.4,21.6,21.35,21.5,-0.15,3777
20210525,12455549,270024451,21.45,21.8,21.45,21.75,0.25,3320
20210526,10151292,221025160,21.75,21.9,21.7,21.8,0.05,3507
20210527,36208704,784804340,21.65,21.75,21.55,21.7,-0.1,4388
20210528,12403894,270322268,21.8,21.85,21.7,21.85,0.15,3880
20210531,12569081,276223358,21.9,22.1,21.85,22.0,0.15,4379
20210601,6295948,139315524,22.0,22.2,22.0,22.2,0.2,2795
20210602,12736792,283431087,22.15,22.3,22.15,22.3,0.1,5141
20210603,6479836,144224951,22.35,22.35,22.2,22.25,-0.05,2908
20210604,6153458,136342948,22.1,22.25,22.1,22.25,0.0,2445
20210607,9778487,216036726,22.15,22.2,21.9,22.1,-0.15,3655
20210608,8421689,186489829,22.2,22.2,22.05,22.15,0.05,2576
20210609,5832108,128821382,22.15,22.15,22.05,22.1,-0.05,2464
20210610,11195626,247290401,22.1,22.2,22.0,22.1,0.0,3092
20210611,8496902,187897795,22.05,22.2,22.0,22.2,0.1,3203
20210615,12196715,271392355,22.2,22.35,22.05,22.3,0.1,5401
20210616,14377419,319699936,22.15,22.3,22.15,22.3,0.0,7003
20210617,12843857,285562329,22.15,22.3,22.1,22.3,0.0,3371
20210618,28545652,632813555,22.2,22.35,22.1,22.1,-0.2,6164
20210621,15650018,346747424,22.0,22.35,22.0,22.35,0.25,4736
20210622,11705131,260936344,22.3,22.35,22.25,22.25,-0.1,3677
20210623,18619041,417198686,22.35,22.5,22.25,22.4,0.15,5501
20210624,9191596,205824446,22.5,22.5,22.3,22.35,-0.05,2633
20210625,9641526,216538250,22.4,22.5,22.35,22.45,0.1,2953
20210628,9939270,224179481,22.45,22.6,22.45,22.6,0.15,3871
20210629,10997859,247999767,22.55,22.6,22.5,22.55,-0.05,3289
20210630,11486151,260222967,22.5,22.7,22.5,22.7,0.15,3764
20210701,8491930,191563199,22.6,22.65,22.5,22.5,-0.2,2912
20210702,7324576,164634620,22.5,22.55,22.45,22.45,-0.05,2783
20210705,9023216,203166232,22.45,22.6,22.45,22.6,0.15,3258
20210706,7575830,171108556,22.55,22.65,22.5,22.6,0.0,2914
20210707,8389284,188611528,22.55,22.55,22.4,22.5,-0.1,2729
20210708,8589335,193686444,22.55,22.65,22.5,22.55,0.05,2687
20210709,12274945,276852471,22.55,22.65,22.45,22.65,0.1,3406
20210712,11509163,261799265,22.7,22.85,22.65,22.7,0.05,3644
20210713,11322886,257935032,22.8,22.8,22.75,22.8,0.1,3910
20210714,10684457,244098735,22.8,22.9,22.8,22.9,0.1,3109
20210715,7938245,181539024,22.85,22.9,22.85,22.85,-0.05,2905
20210716,11038859,252529723,22.85,22.95,22.75,22.95,0.1,3540
20210719,13063616,298627548,22.8,23.0,22.75,23.0,0.05,3173
20210720,10527878,240235355,22.8,22.95,22.75,22.75,-0.25,3368
20210721,12290685,280148163,22.75,22.9,22.7,22.85,0.1,5360
20210722,11641969,266798638,22.85,22.95,22.75,22.95,0.1,3149
20210723,16025423,368615155,23.0,23.1,22.95,23.0,0.05,3871
20210726,14072661,322899898,23.1,23.15,22.8,22.85,-0.15,3979
20210727,9056909,207212118,22.9,22.95,22.8,22.9,0.05,2522
20210728,12633322,287618122,22.9,22.9,22.7,22.8,-0.1,4970
20210729,8310436,189844034,22.85,22.9,22.75,22.9,0.1,3019
20210730,16070479,366199904,22.85,22.9,22.75,22.75,-0.15,3428
20210802,9061849,207257368,22.75,22.95,22.75,22.95,0.2,2840
20210803,10202578,234215158,23.0,23.0,22.9,23.0,0.05,2882
20210804,11107390,255273089,23.0,23.05,22.9,23.0,0.0,3036
20210805,15810405,363920314,23.0,23.1,22.95,23.1,0.1,4794
20210806,11241045,258456876,23.1,23.1,22.9,23.0,-0.1,2872
20210809,13734467,315617200,23.0,23.05,22.85,23.05,0.05,3665
20210810,8590095,197478282,23.0,23.1,22.95,23.0,-0.05,2444
20210811,12619058,290876536,23.0,23.1,23.0,23.1,0.1,3882
20210812,9929310,229008838,23.1,23.15,23.0,23.1,0.0,2925
20210813,12005614,276679437,23.0,23.1,23.0,23.1,0.0,3391
20210816,16195167,371989241,23.0,23.05,22.9,23.0,-0.1,4635
20210817,23738521,547446912,23.0,23.15,22.95,23.15,0.15,6843
20210818,14577100,336777618,23.1,23.15,23.0,23.15,0.0,4476
20210819,19364152,445956869,23.05,23.1,23.0,23.0,-0.15,5240
20210820,21696872,499525218,23.05,23.1,22.95,23.0,0.0,5966
20210823,16605411,382490564,23.05,23.1,22.95,23.05,0.05,4407
20210824,33795409,779304220,23.05,23.1,23.0,23.1,0.05,5277
20210825,37472556,864211089,23.1,23.1,23.0,23.05,-0.05,7664
20210826,42748386,944289698,21.95,22.1,21.95,22.1,,13357
20210827,17732359,396151759,22.1,22.5,22.0,22.45,0.35,5129
20210830,15978876,361887636,22.5,22.8,22.5,22.8,0.35,4006
20210831,24017436,546670352,22.8,22.9,22.55,22.9,0.1,5634
20210901,11168079,254753980,22.75,22.85,22.75,22.85,-0.05,3807
20210902,11339028,256335203,22.8,22.85,22.5,22.6,-0.25,4582
20210903,10879349,246943959,22.7,22.8,22.6,22.8,0.2,2755
20210906,7737828,175704662,22.8,22.85,22.6,22.65,-0.15,3466
20210907,10344822,233144948,22.65,22.7,22.5,22.55,-0.1,3503
20210908,17000135,381685201,22.6,22.6,22.35,22.55,0.0,4998
20210909,12855881,287892792,22.5,22.55,22.35,22.35,-0.2,3727
20210910,8813677,197924353,22.4,22.5,22.35,22.5,0.15,2738
20210913,8721029,196348580,22.5,22.6,22.4,22.6,0.1,3234
20210914,11190732,253505381,22.5,22.75,22.5,22.7,0.1,3145
20210915,11833286,267779757,22.7,22.7,22.55,22.65,-0.05,3712
20210916,9052879,205351031,22.65,22.75,22.6,22.75,0.1,3196
20210917,30864334,697066167,22.65,22.8,22.5,22.5,-0.25,5621
20210922,29392952,653343598,22.3,22.4,22.1,22.25,-0.25,10820
20210923,8329654,187226779,22.4,22.6,22.35,22.5,0.25,3349
20210924,8247279,186097584,22.6,22.65,22.45,22.6,0.1,2594
20210927,8781042,198269907,22.6,22.65,22.5,22.6,0.0,2650
20210928,8002304,180248316,22.55,22.6,22.35,22.55,-0.05,3131
20210929,15386086,345187685,22.45,22.55,22.3,22.55,0.0,5708
20210930,12813364,288634650,22.4,22.55,22.35,22.55,0.0,3021
20211001,18112560,404607498,22.45,22.5,22.3,22.4,-0.15,5741
20211004,9353229,209292050,22.4,22.5,22.3,22.45,0.05,4979
20211005,13722730,307102434,22.45,22.45,22.3,22.35,-0.1,5108
20211006,14006595,313400498,22.35,22.5,22.3,22.4,0.05,5069
20211007,11059010,249003796,22.55,22.6,22.45,22.55,0.15,3915
20211008,6674626,149734389,22.5,22.5,22.4,22.4,-0.15,2914
20211012,17600832,393159889,22.3,22.5,22.1,22.5,0.1,5662
20211013,5625400,126175220,22.45,22.5,22.35,22.45,-0.05,2702
20211014,6380233,143220379,22.5,22.55,22.4,22.4,-0.05,2215
20211015,13939093,314329735,22.45,22.6,22.4,22.6,0.2,5735
20211018,11362340,257661068,22.65,22.75,22.6,22.7,0.1,4311
20211019,13187879,300386233,22.8,22.8,22.7,22.8,0.1,6646
20211020,8713398,198004525,22.8,22.8,22.65,22.8,0.0,4842
20211021,14525509,331203836,22.85,22.85,22.7,22.8,0.0,2889
20211022,6251380,142224185,22.85,22.85,22.65,22.8,0.0,2255
20211025,6260685,142531052,22.8,22.8,22.7,22.8,0.0,2560
20211026,15523151,355282421,22.8,22.95,22.7,22.9,0.1,4631
20211027,7584973,173674627,22.9,22.95,22.85,22.9,0.0,2531
20211028,7687997,175798761,22.9,22.95,22.8,22.9,0.0,2680
20211029,16777032,383684624,22.8,22.95,22.75,22.9,0.0,3681
20211101,10310589,235913144,22.9,22.95,22.8,22.85,-0.05,3469
20211102,12340601,282440197,22.85,22.95,22.8,22.95,0.1,2324
20211103,5758717,131863508,22.85,22.95,22.8,22.95,0.0,2113
20211104,8173330,187224713,23.0,23.0,22.85,22.95,0.0,2344
20211105,11514494,263939088,22.9,23.0,22.85,23.0,0.05,3162
20211108,10120245,232549278,23.0,23.0,22.9,23.0,0.0,4223
20211109,14343473,329706849,22.95,23.05,22.9,23.05,0.05,6448
20211110,9333723,215267831,23.05,23.1,23.0,23.1,0.05,3575
20211111,8627762,199285400,23.05,23.15,23.05,23.15,0.05,4013
20211112,12607835,293287096,23.15,23.4,23.1,23.4,0.25,5523
20211115,17549952,412316918,23.4,23.7,23.35,23.5,0.1,6038
20211116,12809478,301364474,23.5,23.6,23.4,23.6,0.1,4746
20211117,17062918,404578786,23.55,23.85,23.45,23.85,0.25,8377
20211118,18862136,451454605,23.85,24.0,23.8,24.0,0.15,5309
20211119,11583019,275656528,24.0,24.05,23.7,23.75,-0.25,4507
20211122,9984320,236393475,23.75,23.8,23.55,23.7,-0.05,3231
20211123,9290960,219333103,23.7,23.75,23.55,23.6,-0.1,4074
20211124,8984547,213440564,23.6,23.95,23.6,23.7,0.1,3605
20211125,8238030,195157781,23.7,23.8,23.6,23.8,0.1,2770
20211126,13894762,326574677,23.65,23.7,23.4,23.5,-0.3,6020
20211129,13678438,318680039,23.2,23.45,23.15,23.3,-0.2,5483
20211130,51613909,1195351367,23.25,23.4,23.1,23.1,-0.2,7900
20211201,14361668,337208717,23.1,23.6,23.1,23.6,0.5,5496
20211202,10233646,241519296,23.5,23.7,23.35,23.7,0.1,5188
20211203,10486677,248744946,23.8,23.8,23.6,23.75,0.05,3721
20211206,11027045,261887098,23.6,23.8,23.55,23.8,0.05,4139
20211207,13435528,320419850,23.75,24.0,23.65,24.0,0.2,3974
20211208,12764305,306028332,24.0,24.05,23.9,24.0,0.0,4829
20211209,10640892,255195875,24.0,24.1,23.9,24.0,0.0,4807
20211210,12585144,303154850,24.0,24.15,24.0,24.1,0.1,5380
20211213,14068693,340529845,24.2,24.4,24.1,24.1,0.0,5401
20211214,11991463,286522613,24.0,24.05,23.8,23.9,-0.2,5073
20211215,10744844,256867789,23.9,24.0,23.8,23.9,0.0,3696
20211216,8547388,204389064,23.9,24.0,23.85,23.95,0.05,4279
20211217,14934032,359844411,24.0,24.15,23.95,24.15,0.2,3835
20211220,12130193,290372395,24.0,24.15,23.85,23.95,-0.2,4414
20211221,8347920,200840493,23.95,24.15,23.9,24.1,0.15,2551
20211222,6757808,162629204,24.1,24.15,24.0,24.1,0.0,2942
20211223,7174065,173102331,24.1,24.2,24.05,24.15,0.05,2742
20211224,5372751,129824228,24.15,24.2,24.1,24.2,0.05,1973
20211227,5397773,130753292,24.3,24.3,24.15,24.25,0.05,2568
20211228,11713898,284839061,24.3,24.4,24.25,24.35,0.1,4600
20211229,13685334,335156938,24.45,24.55,24.4,24.55,0.2,4477
20211230,9688674,237593353,24.55,24.6,24.45,24.5,-0.05,5220
20220103,14719895,360827654,24.5,24.75,24.35,24.4,-0.1,5180
20220104,6694323,163577557,24.45,24.5,24.35,24.5,0.1,4975
20220105,10226101,251104282,24.4,24.65,24.4,24.65,0.15,3796
20220106,13919244,343860332,24.65,24.8,24.6,24.8,0.15,4459
20220107,17370167,433912972,24.85,25.1,24.85,25.0,0.2,5709
20220110,11894324,296976762,25.0,25.1,24.8,25.1,0.1,5109
20220111,21281838,537805981,25.1,25.45,25.0,25.45,0.35,7324
20220112,15192138,386796354,25.55,25.6,25.3,25.55,0.1,7393
20220113,21008134,538705959,25.45,25.8,25.45,25.8,0.25,7969
20220114,18871688,481803090,25.75,25.8,25.4,25.5,-0.3,8279
20220117,13906855,352461405,25.4,25.55,25.25,25.35,-0.15,8060
20220118,12034226,304751125,25.3,25.45,25.15,25.35,0.0,5626
20220119,14151531,357911001,25.3,25.35,25.15,25.35,0.0,6027
20220120,14931485,378702699,25.3,25.6,25.15,25.5,0.15,4891
20220121,19938221,501390787,25.3,25.35,25.0,25.2,-0.3,8294
20220124,14939356,372852814,25.0,25.15,24.8,25.15,-0.05,5895
20220125,25525992,634417824,24.9,25.1,24.7,25.1,-0.05,9553
20220126,14290761,358401045,24.9,25.15,24.85,25.15,0.05,6727
20220207,27498597,700648705,25.0,25.75,25.0,25.75,0.6,11253
20220208,22620774,589818126,25.75,26.25,25.7,26.2,0.45,10086
20220209,20188804,533528632,26.3,26.6,26.15,26.55,0.35,8559
20220210,11769319,311453472,26.55,26.6,26.3,26.6,0.05,6570
20220211,10035705,265925256,26.45,26.6,26.35,26.55,-0.05,4602
20220214,19089171,500308951,26.3,26.4,26.05,26.4,-0.15,6731
20220215,9282544,244085869,26.35,26.4,26.2,26.2,-0.2,6108
20220216,10759293,283852652,26.3,26.45,26.3,26.35,0.15,5722
20220217,16789278,445770543,26.45,26.6,26.4,26.6,0.25,4579
20220218,10508774,277506265,26.4,26.5,26.3,26.35,-0.25,4694
20220221,10364559,272508386,26.2,26.35,26.15,26.35,0.0,3350
20220222,20281272,528552627,26.2,26.25,25.9,26.2,-0.15,7662
20220223,10978704,287468832,26.1,26.3,26.05,26.25,0.05,3629
20220224,25871833,668745996,26.05,26.1,25.7,25.85,-0.4,12114
20220225,36879782,944901620,25.8,25.8,25.35,25.7,-0.15,11246
20220301,20301203,526194645,25.35,26.15,25.35,26.1,0.4,6532
20220302,11798560,308249247,26.1,26.25,25.9,26.25,0.15,4338
20220303,9122500,239069426,26.2,26.35,26.1,26.25,0.0,4243
20220304,11398308,295211232,25.85,26.0,25.6,26.0,-0.25,5320
20220307,33537622,851412814,25.6,25.65,25.2,25.5,-0.5,13502
20220308,27977121,702457121,24.9,25.3,24.9,25.05,-0.45,14259
20220309,17789960,447964917,25.1,25.5,25.1,25.1,0.05,8178
20220310,16037904,410198465,25.25,25.8,25.25,25.75,0.65,6953
20220311,10292944,263212817,25.6,25.7,25.5,25.6,-0.15,6905
20220314,12593314,324888653,25.55,25.95,25.5,25.95,0.35,4064
20220315,13712792,353945294,25.85,25.9,25.7,25.9,-0.05,4776
20220316,20448773,534382476,26.0,26.3,25.9,26.3,0.4,6113
20220317,24878245,660803170,26.6,26.85,26.35,26.55,0.25,7001
20220318,40321998,1085193526,26.65,27.2,26.6,27.0,0.45,8972
20220321,14911159,403277288,27.05,27.2,26.9,27.0,0.0,5173
20220322,16063151,433360290,26.95,27.2,26.75,27.2,0.2,4973
20220323,18669887,511842247,27.25,27.5,27.25,27.5,0.3,6787
20220324,13152952,361959002,27.4,27.6,27.35,27.6,0.1,5361
20220325,17633322,487707844,27.6,27.75,27.55,27.75,0.15,5900
20220328,12862551,355609606,27.5,27.8,27.45,27.8,0.05,5959
20220329,8934924,247526730,27.7,27.9,27.6,27.65,-0.15,4320
20220330,20836464,581545538,27.75,28.0,27.65,28.0,0.35,7076
20220331,25459957,723801884,28.0,28.6,27.95,28.45,0.45,8207
20220401,14232898,404661514,28.3,28.6,28.1,28.5,0.05,5001
20220406,37625846,1098907298,28.5,29.75,28.45,29.75,1.25,14130
20220407,37198891,1097965404,29.75,29.9,29.1,29.1,-0.65,18712
20220408,17336695,507936049,29.15,29.5,29.0,29.5,0.4,6247
20220411,24748008,734743558,29.5,30.0,29.35,29.65,0.15,10675
20220412,16144756,476382307,29.35,29.65,29.25,29.6,-0.05,6369
20220413,18215088,537034009,29.5,29.75,29.25,29.55,-0.05,6886
20220414,28115459,812558653,29.5,29.5,28.6,28.6,-0.95,15201
20220415,18243271,519450402,28.3,28.8,28.1,28.4,-0.2,6968
20220418,26869512,744768293,28.2,28.2,27.25,27.8,-0.6,13322
20220419,13418879,374259074,27.9,28.2,27.75,27.75,-0.05,6010
20220420,17298734,480874204,27.75,28.1,27.45,28.1,0.35,6747
20220421,14212425,395039344,28.1,28.15,27.6,27.7,-0.4,6505
20220422,16788813,466011457,27.4,28.0,27.35,27.95,0.25,5793
20220425,18675938,515027881,27.5,27.75,27.4,27.6,-0.35,7653
20220426,17937859,502034525,27.65,28.35,27.6,28.0,0.4,6157
20220427,14891211,413006755,27.75,27.95,27.6,27.65,-0.35,7415
20220428,20407282,560861469,27.65,27.75,27.25,27.6,-0.05,7022
20220429,10059268,279024492,27.6,27.95,27.55,27.8,0.2,3830
20220503,7268268,200281146,27.7,27.7,27.5,27.5,-0.3,4438
20220504,9948011,273018374,27.5,27.6,27.35,27.4,-0.1,5132
20220505,16439498,447363812,27.6,27.6,27.05,27.1,-0.3,9328
20220506,19983978,534473338,26.75,27.0,26.5,26.85,-0.25,8046
20220509,22506056,590303992,26.45,26.55,26.0,26.1,-0.75,9729
20220510,23678304,620458026,25.85,26.5,25.65,26.35,0.25,6895
20220511,17344595,455782405,26.2,26.4,26.1,26.35,0.0,5118
20220512,25105506,645421844,26.05,26.1,25.45,25.5,-0.85,11917
20220513,17192391,440799436,25.65,25.95,25.35,25.6,0.1,5168
20220516,18748593,479194267,25.8,25.9,25.3,25.7,0.1,6760
20220517,13263735,339409316,25.8,25.8,25.4,25.5,-0.2,5253
20220518,31135859,812763883,25.5,26.45,25.45,26.35,0.85,9589
20220519,25175493,649559447,25.65,25.95,25.5,25.8,-0.55,6815
20220520,25053236,652423003,26.0,26.25,25.7,26.2,0.4,5203
20220523,36788220,967929110,26.25,26.6,25.85,26.25,0.05,6832
20220524,25517252,675104187,26.15,26.6,26.15,26.5,0.25,5558
20220525,18159808,477754017,26.45,26.45,26.1,26.35,-0.15,5936
20220526,21429511,562986241,26.5,26.5,26.15,26.25,-0.1,5002
20220527,22108627,585411325,26.4,26.55,26.25,26.55,0.3,6071
20220530,28861280,771270863,26.55,26.95,26.45,26.95,0.4,7314
20220531,82475268,2237475073,26.8,27.35,26.45,27.35,0.4,7353
20220601,28557905,764395029,27.15,27.15,26.5,26.5,-0.85,11035
20220602,13070828,345014961,26.35,26.55,26.2,26.4,-0.1,4537
20220606,14316729,376455796,26.45,26.45,26.05,26.35,-0.05,5377
20220607,14112921,372373415,26.3,26.5,26.15,26.45,0.1,2885
20220608,12689772,336053096,26.5,26.55,26.4,26.45,0.0,3293
20220609,9873867,261070333,26.45,26.55,26.3,26.4,-0.05,2602
20220610,13300769,349196119,26.1,26.5,26.05,26.2,-0.2,3386
20220613,20864107,542958698,25.95,26.4,25.8,26.2,0.0,7175
20220614,22013262,580892973,26.2,26.55,26.05,26.5,0.3,5185
20220615,23315455,616143084,26.3,26.6,26.2,26.4,-0.1,7347
20220616,33402472,888634024,26.55,26.95,26.3,26.4,0.0,8675
20220617,38132253,990045762,26.3,26.35,25.8,25.85,-0.55,10252
20220620,35568508,926275135,26.0,26.5,25.6,25.8,-0.05,8277
20220621,42980805,1136017528,26.15,26.6,26.15,26.4,0.6,9405
20220622,19980374,524867054,26.4,26.5,26.05,26.3,-0.1,8254
20220623,31237816,822281540,26.5,26.6,26.0,26.25,-0.05,7947
20220624,27588793,728710350,26.5,26.55,26.2,26.4,0.15,8453
20220627,19930577,527948566,26.5,26.55,26.35,26.45,0.05,5359
20220628,19826212,524109967,26.5,26.7,26.3,26.45,0.0,5073
20220629,22225689,585182537,26.3,26.5,26.2,26.35,-0.1,7793
20220630,23587142,617123959,26.35,26.4,26.0,26.2,-0.15,6608
20220701,24079918,622406156,26.15,26.2,25.65,25.8,-0.4,11008
20220704,21136980,547526058,25.95,26.2,25.6,25.9,0.1,4730
20220705,12799898,333358868,26.15,26.25,25.9,25.95,0.05,4117
20220706,14195002,365504135,26.15,26.2,25.6,25.6,-0.35,4952
20220707,20027933,511481095,25.6,25.75,25.2,25.55,-0.05,6408
20220708,15428455,395924237,25.6,25.85,25.5,25.5,-0.05,3356
20220711,10229638,259402873,25.55,25.6,25.2,25.3,-0.2,4338
20220712,18140204,445776179,25.05,25.1,24.4,24.5,-0.8,8935
20220713,23326735,587878556,25.0,25.55,24.85,25.3,0.8,6809
20220714,10283983,258822228,25.1,25.3,25.0,25.2,-0.1,5460
20220715,13180228,326671543,25.1,25.1,24.7,24.7,-0.5,6363
20220718,14189498,354080132,24.8,25.1,24.7,25.05,0.35,4519
20220719,7847406,196703409,24.95,25.2,24.85,25.05,0.0,3558
20220720,16942904,426273240,25.2,25.5,24.8,25.0,-0.05,5298
20220721,13481549,341365748,25.0,25.5,24.95,25.5,0.5,3574
20220722,16745686,429225741,25.45,25.85,25.25,25.75,0.25,5159
20220725,14210459,368544722,25.75,26.05,25.55,26.0,0.25,5657
20220726,14420299,374177704,25.95,26.15,25.8,25.9,-0.1,4988
20220727,14509204,380567344,25.9,26.45,25.9,26.35,0.45,4814
20220728,18223157,486142003,26.45,26.9,26.45,26.75,0.4,6124
20220729,30867526,830902253,26.9,27.05,26.65,27.0,0.25,7634
20220801,16357378,442182134,27.0,27.2,26.85,27.0,0.0,7367
20220802,23114855,621019831,27.0,27.0,26.7,26.95,-0.05,6995
20220803,22370389,601444714,26.95,26.95,26.75,26.95,0.0,6497
20220804,23946875,610282680,25.55,25.65,25.3,25.55,,11107
20220805,11902000,305048205,25.55,25.75,25.55,25.65,0.1,5137
20220808,21030395,535356035,25.45,25.6,25.25,25.45,-0.2,6950
20220809,9478370,244212906,25.55,26.0,25.5,25.9,0.45,3698
20220810,11744796,308301231,25.9,26.45,25.85,26.3,0.4,5597
20220811,15283449,408170010,26.8,26.8,26.45,26.8,0.5,4654
20220812,8544946,227540275,26.75,26.8,26.5,26.65,-0.15,3893
20220815,8112048,215812105,26.75,26.8,26.5,26.6,-0.05,3148
20220816,11782275,312595728,26.55,26.65,26.4,26.55,-0.05,3917
20220817,12274185,327856809,26.7,26.8,26.5,26.8,0.25,4113
20220818,6240061,166725562,26.7,26.8,26.6,26.8,0.0,2992
20220819,8737701,233249859,26.6,26.85,26.55,26.8,0.0,3361
20220822,8574862,227733813,26.5,26.65,26.45,26.6,-0.2,3366
20220823,11959797,313406083,26.4,26.4,26.1,26.15,-0.45,5669
20220824,8310889,217688637,26.15,26.35,26.05,26.25,0.1,3428
20220825,6994540,185146920,26.35,26.6,26.3,26.55,0.3,3139
20220826,5520382,146917379,26.7,26.7,26.55,26.65,0.1,2707
20220829,12184689,320555298,26.05,26.5,26.05,26.35,-0.3,5531
20220830,12011413,316127438,26.25,26.55,26.1,26.35,0.0,4760
20220831,11337071,300738846,26.2,26.6,26.2,26.55,0.2,2283
20220901,16049848,421301007,26.2,26.45,26.1,26.3,-0.25,5966
20220902,7008416,183824719,26.4,26.4,26.1,26.15,-0.15,3176
20220905,11072498,293106634,26.4,26.7,26.35,26.45,0.3,3602
20220906,12958506,344982527,26.55,26.8,26.45,26.6,0.15,4145
20220907,16026182,420805396,26.3,26.6,26.15,26.2,-0.4,6655
20220908,10652282,281140276,26.45,26.5,26.2,26.45,0.25,3176
20220912,13349784,356948004,26.75,26.95,26.55,26.8,0.35,3853
20220913,12555100,336465901,26.85,26.9,26.7,26.75,-0.05,4348
20220914,11373965,300892676,26.45,26.6,26.3,26.4,-0.35,5858
20220915,8780004,232369406,26.3,26.65,26.3,26.45,0.05,4319
20220916,37426227,1005397541,26.35,27.05,26.35,26.9,0.45,9120
20220919,10743941,287197552,26.9,27.0,26.6,26.6,-0.3,4719
20220920,11891203,316002449,26.65,26.75,26.5,26.5,-0.1,4902
20220921,17388870,465308962,26.65,26.9,26.6,26.75,0.25,7120
20220922,15314241,405551953,26.5,26.7,26.3,26.5,-0.25,5425
20220923,8597770,229344588,26.55,26.8,26.5,26.65,0.15,3328
20220926,17488874,460533088,26.5,26.5,26.25,26.25,-0.4,6256
20220927,19911413,525182288,26.2,26.6,26.2,26.6,0.35,4960
20220928,23620951,622180610,26.45,26.6,26.1,26.35,-0.25,6361
20220929,18932077,497423182,26.35,26.45,26.15,26.35,0.0,5776
20220930,20700161,539911461,26.3,26.3,26.0,26.0,-0.35,5117
20221003,20295187,519868922,25.8,25.85,25.4,25.65,-0.35,7326
20221004,21101083,537221467,25.75,25.85,25.2,25.55,-0.1,9263
20221005,17264699,440866561,25.55,25.7,25.45,25.45,-0.1,5667
20221006,18495433,474260116,25.5,25.8,25.45,25.8,0.35,4939
20221007,12818483,326795259,25.55,25.6,25.4,25.5,-0.3,5243
20221011,29883850,747582678,25.25,25.25,24.85,25.0,-0.5,10738
20221012,11561917,290057699,25.0,25.3,24.9,25.15,0.15,3903
20221013,26008677,638278241,25.05,25.15,24.25,24.55,-0.6,11375
20221014,19463472,476896728,24.7,24.75,24.3,24.45,-0.1,6785
20221017,17175358,412863182,24.25,24.25,23.9,24.0,-0.45,6503
20221018,13057803,314026458,24.2,24.3,23.9,24.05,0.05,4863
20221019,15600396,373179769,24.05,24.2,23.7,23.75,-0.3,6965
20221020,30700590,723130023,23.35,23.95,23.1,23.75,0.0,8101
20221021,12896607,311005772,23.8,24.35,23.65,24.15,0.4,5026
20221024,18142070,443155883,24.45,24.6,24.2,24.5,0.35,4511
20221025,19912554,489243564,24.75,24.75,24.25,24.75,0.25,5851
20221026,13508767,335720919,24.9,25.0,24.6,24.85,0.1,4602
20221027,18158610,449214540,25.0,25.1,24.55,24.6,-0.25,5365
20221028,10411449,256202605,24.8,24.85,24.45,24.55,-0.05,2971
20221031,10502808,260154056,24.8,24.9,24.65,24.75,0.2,3516
20221101,10215185,253537654,24.7,24.95,24.55,24.9,0.15,2918
20221102,8774192,217227542,24.9,24.95,24.65,24.75,-0.15,3217
20221103,12228153,299338937,24.45,24.6,24.3,24.55,-0.2,4326
20221104,14446029,355802022,24.35,24.95,24.25,24.95,0.4,3943
20221107,12083074,300898946,24.95,25.0,24.75,24.95,0.0,4157
20221108,10692220,267605496,25.0,25.1,24.9,25.1,0.15,3437
20221109,11779298,297319898,25.15,25.3,25.0,25.3,0.2,3744
20221110,10605760,266722942,25.2,25.35,25.0,25.15,-0.15,3528
20221111,22545350,579598385,25.4,25.9,25.35,25.9,0.75,6826
20221114,20656800,533804548,25.95,26.0,25.7,25.8,-0.1,6362
20221115,14353846,369561755,25.55,25.95,25.4,25.9,0.1,4516
20221116,19188703,492107541,25.75,25.9,25.5,25.7,-0.2,7222
20221117,10194985,259595013,25.6,25.65,25.35,25.55,-0.15,4402
20221118,14621156,369445485,25.4,25.65,25.1,25.3,-0.25,5638
20221121,9818177,247979113,25.4,25.4,25.1,25.35,0.05,4269
20221122,10559945,266911146,25.45,25.45,25.1,25.3,-0.05,3782
20221123,14094908,358671577,25.4,25.55,25.3,25.45,0.15,3823
20221124,17490097,445528576,25.65,25.7,25.35,25.6,0.15,6188
20221125,17659442,454614955,25.55,25.9,25.5,25.9,0.3,5098
20221128,19198767,494160918,25.5,25.95,25.4,25.85,-0.05,6402
20221129,15512581,403510083,25.85,26.2,25.7,26.2,0.35,5235
20221130,55256780,1449231394,26.2,26.5,26.0,26.2,0.0,6462
20221201,14523376,381081143,26.55,26.55,26.05,26.2,0.0,5751
20221202,13065283,338021785,26.0,26.1,25.8,25.85,-0.35,5115
20221205,11393392,295310023,25.8,26.0,25.7,25.9,0.05,4045
20221206,23646146,615632010,25.8,26.2,25.8,25.9,0.0,5126
20221207,18313019,480502100,26.0,26.45,25.9,26.15,0.25,5316
20221208,9759367,255505947,26.3,26.3,26.0,26.3,0.15,3801
20221209,12734623,334510115,26.2,26.45,26.15,26.2,-0.1,3296
20221212,12979559,341970167,26.3,26.4,26.1,26.4,0.2,2975
20221213,21738389,566502669,26.4,26.45,25.95,26.0,-0.4,5236
20221214,12229064,322238478,26.35,26.45,26.15,26.35,0.35,3706
20221215,7662916,201689421,26.2,26.45,26.15,26.4,0.05,2492
20221216,17951432,471465044,26.1,26.45,26.1,26.2,-0.2,3994
20221219,10886368,285253208,26.05,26.35,26.05,26.3,0.1,3451
20221220,10850690,285493128,26.1,26.45,26.1,26.3,0.0,3919
20221221,8700972,228440178,26.3,26.35,26.15,26.3,0.0,2900
20221222,6799393,178963953,26.25,26.4,26.2,26.4,0.1,2459
20221223,6392387,167826811,26.2,26.35,26.15,26.3,-0.1,1863
20221226,5395529,141928586,26.25,26.4,26.2,26.4,0.1,2766
20221227,6156886,163100390,26.4,26.6,26.35,26.5,0.1,2915
20221228,6439713,169385909,26.45,26.45,26.2,26.25,-0.25,3226
20221229,15335254,399999148,26.15,26.3,25.9,26.1,-0.15,6039
20221230,14249034,377432366,26.25,26.6,26.2,26.5,0.4,6335
20230103,17051046,446768606,26.4,26.45,26.0,26.3,-0.2,8914
20230104,8491759,222792213,26.15,26.3,26.15,26.25,-0.05,2947
20230105,13536102,357091951,26.25,26.5,26.2,26.5,0.25,5046
20230106,9305379,246349895,26.5,26.55,26.4,26.5,0.0,4000
20230109,24147606,650268782,26.8,27.0,26.7,27.0,0.5,8478
20230110,15588347,420710621,26.95,27.15,26.8,27.1,0.1,4767
20230111,22996863,615655707,27.05,27.15,26.6,26.8,-0.3,10258
20230112,22057983,583824231,26.8,26.8,26.35,26.45,-0.35,9086
20230113,12464628,330133916,26.6,26.7,26.35,26.45,0.0,4262
20230116,14565650,388402303,26.55,26.8,26.5,26.7,0.25,5828
20230117,15803583,422837247,26.75,26.85,26.6,26.75,0.05,4450
20230130,55330369,1480270659,27.05,27.2,26.4,26.9,0.15,16736
20230131,53849286,1414128413,26.85,26.85,26.1,26.1,-0.8,18384
20230201,22462403,588238525,26.2,26.3,26.0,26.3,0.2,7527
20230202,23427468,612968245,26.3,26.3,26.05,26.15,-0.15,8466
20230203,16439024,429633194,26.1,26.25,26.05,26.2,0.05,6069
20230206,17491343,456328866,26.1,26.2,26.0,26.05,-0.15,8340
20230207,11271256,294192868,26.05,26.2,26.05,26.1,0.05,4669
20230208,8455659,220827184,26.15,26.25,26.1,26.1,0.0,3803
20230209,11657185,304622741,26.1,26.2,26.05,26.15,0.05,4770
20230210,14052849,369297284,26.1,26.4,26.1,26.35,0.2,4834
20230213,14303667,378254383,26.35,26.6,26.2,26.6,0.25,5656
20230214,15949805,424849912,26.65,26.7,26.5,26.7,0.1,4692
20230215,14057049,372471691,26.6,26.6,26.35,26.45,-0.25,6218
20230216,14777211,392789800,26.5,26.7,26.45,26.55,0.1,4473
20230217,16805947,445011392,26.5,26.7,26.4,26.5,-0.05,8233
20230220,15594346,417282328,26.55,26.9,26.5,26.75,0.25,8025
20230221,10215989,272978591,26.7,26.8,26.6,26.7,-0.05,4548
20230222,20473707,548834566,26.6,26.95,26.5,26.95,0.25,7684
20230223,18408715,497099698,26.95,27.1,26.85,27.05,0.1,5978
20230224,58138477,1559070741,27.0,27.05,26.8,26.8,-0.25,6024
20230301,33872947,899418584,26.45,26.65,26.45,26.6,-0.2,12956
20230302,22543114,594531840,26.65,26.65,26.25,26.3,-0.3,8479
20230303,17618925,463804597,26.35,26.45,26.25,26.35,0.05,7588
20230306,18334278,485628446,26.5,26.65,26.35,26.45,0.1,6966
20230307,7673198,204522922,26.6,26.75,26.5,26.7,0.25,3978
20230308,10707966,285774301,26.7,26.8,26.55,26.75,0.05,4467
20230309,14995099,399437000,26.7,26.75,26.5,26.65,-0.1,4579
20230310,15601528,411714897,26.4,26.45,26.35,26.35,-0.3,7043
20230313,22768475,597224125,26.25,26.35,26.1,26.25,-0.1,7235
20230314,23614573,615090542,26.15,26.2,26.0,26.0,-0.25,10925
20230315,17869415,465104492,26.15,26.2,25.9,25.9,-0.1,8674
20230316,20380668,524827627,25.7,25.9,25.5,25.8,-0.1,8652
20230317,18033879,465635246,25.9,25.95,25.75,25.8,0.0,6343
20230320,14337222,366866057,25.7,25.75,25.45,25.65,-0.15,7534
20230321,7131482,184778714,25.65,26.15,25.65,25.85,0.2,4234
20230322,8014078,209451426,26.05,26.25,26.0,26.2,0.35,4161
20230323,11415859,300064418,26.25,26.4,26.05,26.4,0.2,3778
20230324,8345549,219569490,26.4,26.4,26.15,26.35,-0.05,3789
20230327,7411705,195162316,26.3,26.4,26.25,26.35,0.0,3571
20230328,7107549,187125875,26.35,26.45,26.25,26.25,-0.1,3011
20230329,10245192,270367324,26.3,26.5,26.25,26.45,0.2,3792
20230330,8210017,216679758,26.5,26.55,26.3,26.4,-0.05,3184
20230331,10989269,290811985,26.4,26.55,26.35,26.45,0.05,3096
20230406,10676658,283289493,26.55,26.6,26.35,26.6,0.15,4909
20230407,3738897,99268560,26.65,26.65,26.5,26.5,-0.1,2700
20230410,5511159,146137792,26.5,26.6,26.45,26.55,0.05,3102
20230411,9478492,252150139,26.5,26.7,26.5,26.65,0.1,3399
20230412,7809071,208246361,26.65,26.7,26.6,26.7,0.05,2985
20230413,8600985,229760204,26.7,26.75,26.65,26.75,0.05,4729
20230414,10686160,286074672,26.75,26.85,26.65,26.85,0.1,3626
20230417,8159693,218556907,26.85,26.95,26.7,26.75,-0.1,3992
20230418,7696546,206591386,26.75,26.9,26.7,26.9,0.15,2692
20230419,7118342,191402720,26.9,26.95,26.8,26.85,-0.05,3202
20230420,6393129,171389346,26.8,26.85,26.75,26.8,-0.05,2429
20230421,7421742,199319334,26.8,26.9,26.75,26.9,0.1,2763
20230424,6014477,161748723,26.85,26.95,26.7,26.95,0.05,2461
20230425,18287903,492991145,26.95,27.1,26.85,26.9,-0.05,4041
20230426,15678667,423221372,26.9,27.05,26.8,27.05,0.15,5681
20230427,9328286,251715069,26.95,27.05,26.9,27.0,-0.05,3555
20230428,11944589,322867560,27.0,27.1,26.9,27.1,0.1,4051
20230502,17130705,465470802,27.1,27.25,27.05,27.2,0.1,6645
20230503,17612613,475391040,27.15,27.2,26.85,26.95,-0.25,5461
20230504,16333412,440424580,26.9,27.05,26.85,27.05,0.1,3591
20230505,10870265,293946653,27.05,27.15,26.95,27.1,0.05,3268
20230508,13625283,372570173,27.2,27.45,27.15,27.4,0.3,5017
20230509,11687316,321048002,27.4,27.6,27.35,27.55,0.15,3942
20230510,7951291,218667042,27.6,27.6,27.45,27.5,-0.05,3954
20230511,7280498,199924123,27.55,27.55,27.35,27.5,0.0,2628
20230512,10965038,299215872,27.45,27.45,27.2,27.25,-0.25,4893
20230515,9154480,250297491,27.15,27.5,27.1,27.4,0.15,3511
20230516,11977034,329362156,27.45,27.6,27.4,27.55,0.15,4111
20230517,20942265,582250545,27.55,28.0,27.5,27.9,0.35,9332
20230518,15531133,434442045,27.95,28.05,27.9,28.05,0.15,5673
20230519,13577725,380642072,28.05,28.1,27.9,28.1,0.05,5697
20230522,13106402,367617460,28.0,28.15,27.95,28.0,-0.1,7254
20230523,13426121,376620060,28.1,28.15,27.95,28.15,0.15,5252
20230524,15118536,421360051,28.0,28.0,27.75,28.0,-0.15,7779
20230525,14938175,414544949,27.8,28.0,27.7,27.75,-0.25,6443
20230526,12624550,349715748,27.65,27.85,27.55,27.75,0.0,5833
20230529,11798177,329479016,27.85,28.0,27.75,28.0,0.25,4913
20230530,17301372,485123555,28.0,28.15,27.9,28.1,0.1,6340
20230531,47693741,1339191654,28.1,28.1,27.9,28.1,0.0,4756
20230601,29353007,812062388,27.8,27.8,27.55,27.65,-0.45,10119
20230602,20725322,572982358,27.75,27.75,27.55,27.6,-0.05,7862
20230605,14139961,393412580,27.65,27.95,27.65,27.75,0.15,3831
20230606,10282658,285808047,27.75,27.95,27.7,27.75,0.0,4506
20230607,11965442,333236823,27.75,27.9,27.75,27.9,0.15,5058
20230608,8913316,248818168,27.95,28.0,27.85,27.95,0.05,3884
20230609,9350164,261415941,28.0,28.0,27.9,27.95,0.0,3989
20230612,11937828,333975965,27.95,28.1,27.9,27.9,-0.05,4151
20230613,11446487,319809630,27.9,28.05,27.8,27.9,0.0,4546
20230614,8493587,236964853,27.9,28.0,27.85,27.85,-0.05,4381
20230615,15666780,434554884,27.85,27.95,27.6,27.7,-0.15,6790
20230616,20453052,566065999,27.7,27.85,27.6,27.6,-0.1,4432
20230619,6603804,182868385,27.6,27.8,27.55,27.8,0.2,3464
20230620,10608496,294767039,27.8,27.85,27.7,27.8,0.0,3526
20230621,12451240,347399664,27.75,28.0,27.7,27.9,0.1,4425
20230626,13389722,371650928,27.8,27.9,27.55,27.75,-0.15,4472
20230627,6578503,182600554,27.65,27.9,27.65,27.7,-0.05,2916
20230628,20874484,576541143,27.8,27.8,27.55,27.65,-0.05,6290
20230629,10815725,299328523,27.8,27.8,27.55,27.7,0.05,3828
20230630,11634898,321554579,27.55,27.75,27.55,27.65,-0.05,3716
20230703,7180249,199093854,27.8,27.8,27.65,27.7,0.05,3013
20230704,8094012,224339243,27.7,27.8,27.65,27.8,0.1,3306
20230705,7387330,205208865,27.7,27.85,27.7,27.8,0.0,3161
20230706,23002043,632929214,27.8,27.8,27.4,27.4,-0.4,9494
20230707,14977780,407074493,27.25,27.35,27.05,27.2,-0.2,6825
20230710,12388570,338190348,27.2,27.55,27.15,27.3,0.1,4826
20230711,10967092,304030123,27.45,27.8,27.45,27.8,0.5,3256
20230712,11802725,328259255,27.5,27.9,27.5,27.9,0.1,4190
20230713,9960366,278347695,27.9,28.0,27.9,27.9,0.0,3470
20230714,14323998,401733019,27.9,28.15,27.85,28.15,0.25,4535
20230717,17659906,498229646,28.15,28.3,28.1,28.25,0.1,5293
20230718,16129973,457303029,28.3,28.5,28.25,28.3,0.05,4924
20230719,12197521,344477801,28.4,28.5,28.0,28.15,-0.15,4218
20230720,9283132,262219739,28.3,28.3,28.1,28.3,0.15,3093
20230721,12077262,340839123,28.2,28.4,28.1,28.2,-0.1,3704
20230724,9681388,271971348,28.2,28.2,28.0,28.05,-0.15,3094
20230725,11435451,323083393,28.2,28.35,28.1,28.35,0.3,2854
20230726,20064352,573473820,28.35,28.7,28.25,28.7,0.35,5829
20230727,18734327,537554236,28.7,28.8,28.55,28.7,0.0,5152
20230728,10591036,304929908,28.85,28.9,28.7,28.8,0.1,4305
20230731,17221585,500616225,28.95,29.3,28.9,29.05,0.25,5174
20230801,14054622,409314471,29.1,29.25,29.0,29.25,0.2,5378
20230802,26569308,768060539,29.1,29.2,28.8,28.9,-0.35,9922
20230804,26250243,756991758,28.9,29.0,28.7,28.75,-0.15,11127
20230807,20328478,588731613,28.75,29.1,28.7,28.95,0.2,7229
20230808,17509266,506073851,28.95,29.05,28.8,28.85,-0.1,6223
20230809,26600401,772789637,28.9,29.2,28.9,29.15,0.3,5592
20230810,37050909,1081743944,29.2,29.3,29.05,29.25,0.1,9031
20230811,51157199,1405063572,27.8,27.85,27.2,27.2,,24700
20230814,23684553,636451543,27.2,27.2,26.7,26.85,-0.35,12000
20230815,19800630,527306742,26.85,26.9,26.5,26.5,-0.35,11431
20230816,21374285,558672953,26.3,26.35,26.0,26.1,-0.4,11709
20230817,21979609,571880637,26.0,26.25,25.8,26.1,0.0,9040
20230818,19002522,499991490,26.15,26.55,26.1,26.2,0.1,5581
20230821,14679976,385752373,26.3,26.4,26.2,26.25,0.05,6053
20230822,8752940,229628492,26.35,26.35,26.15,26.25,0.0,4168
20230823,12501353,329054278,26.3,26.4,26.25,26.3,0.05,3830
20230824,16033064,424441407,26.4,26.6,26.35,26.45,0.15,4264
20230825,17546035,463352667,26.5,26.6,26.25,26.25,-0.2,7109
20230828,8132192,216195194,26.35,26.7,26.35,26.55,0.3,3602
20230829,8082295,215001955,26.6,26.7,26.5,26.7,0.15,4051
20230830,12361546,330064873,26.8,26.8,26.6,26.7,0.0,5173
20230831,36253283,956458018,26.8,26.8,26.3,26.3,-0.4,11899
20230901,8815530,233457940,26.3,26.65,26.3,26.45,0.15,4785
20230904,6728961,178609968,26.45,26.65,26.45,26.6,0.15,3588
20230905,6567097,174650626,26.55,26.65,26.5,26.6,0.0,3147
20230906,13139224,347644318,26.5,26.6,26.4,26.4,-0.2,6721
20230907,8242988,217966189,26.4,26.5,26.35,26.45,0.05,3639
20230908,5149504,136619094,26.45,26.6,26.45,26.55,0.1,2957
20230911,8304756,220405995,26.55,26.6,26.45,26.6,0.05,3579
20230912,13301814,354888525,26.6,26.75,26.55,26.75,0.15,3383
20230913,7522741,200789125,26.7,26.75,26.6,26.75,0.0,3455
20230914,12661852,340825080,26.8,27.1,26.7,27.1,0.35,4200
20230915,25508786,686064132,27.15,27.15,26.75,26.9,-0.2,6013
20230918,5179989,139719278,26.9,27.05,26.9,27.0,0.1,2810
20230919,7018592,189815234,27.0,27.1,26.9,27.1,0.1,2650
20230920,10370603,279460051,27.0,27.0,26.85,27.0,-0.1,6269
20230921,15925072,424234573,26.95,26.95,26.5,26.55,-0.45,9089
20230922,9772215,259837975,26.45,26.65,26.45,26.65,0.1,4100
20230925,8218503,219942001,26.65,26.9,26.6,26.9,0.25,4100
20230926,14527820,386279484,26.8,26.85,26.5,26.55,-0.35,8298
20230927,11410462,302201672,26.5,26.55,26.4,26.5,-0.05,7197
20230928,7410379,196614710,26.5,26.6,26.45,26.55,0.05,4394
20231002,9530150,252925839,26.55,26.6,26.5,26.55,0.0,4480
20231003,7772895,205575999,26.45,26.5,26.35,26.4,-0.15,4720
20231004,25726771,670955776,26.2,26.3,26.0,26.0,-0.4,13532
20231005,12077523,316593989,26.05,26.35,26.0,26.2,0.2,4423
20231006,10129682,267863172,26.2,26.6,26.2,26.55,0.35,3910
20231011,20044984,535026702,26.7,26.9,26.45,26.85,0.3,7350
20231012,13062760,351707112,26.95,27.0,26.75,27.0,0.15,4271
20231013,8973727,239788142,26.8,26.85,26.6,26.7,-0.3,4312
20231016,10051807,268334620,26.6,26.8,26.55,26.75,0.05,4249
20231017,10582080,281648101,26.8,26.8,26.5,26.65,-0.1,5414
20231018,8814765,234904506,26.75,26.75,26.55,26.7,0.05,4085
20231019,11126303,294399064,26.55,26.6,26.35,26.4,-0.3,6223
20231020,20453194,534453821,26.2,26.35,25.9,26.2,-0.2,8249
20231023,10279852,268110914,26.15,26.3,26.0,26.0,-0.2,4818
20231024,12030855,312987319,26.05,26.15,25.95,26.0,0.0,6033
20231025,10216396,265842348,26.1,26.2,25.95,25.95,-0.05,4931
20231026,14976924,387459549,25.85,26.0,25.8,25.85,-0.1,6419
20231027,7542646,196126479,25.95,26.15,25.9,26.0,0.15,3608
20231030,10706467,277638716,26.0,26.1,25.9,25.9,-0.1,4608
20231031,8702049,225474696,25.9,26.0,25.85,25.9,0.0,3309
20231101,5795566,151372194,26.0,26.3,25.95,26.15,0.25,2860
20231102,7037266,185742999,26.3,26.5,26.25,26.35,0.2,3315
20231103,10235956,272193196,26.5,26.75,26.35,26.7,0.35,3900
20231106,15448832,415024380,26.8,27.0,26.7,26.9,0.2,5575
20231107,7763066,208413194,26.9,26.9,26.75,26.85,-0.05,3874
20231108,9163147,246137478,26.95,26.95,26.75,26.85,0.0,2769
20231109,9171607,246259030,26.9,26.95,26.75,26.8,-0.05,2729
20231110,6793465,182421791,26.75,26.95,26.7,26.85,0.05,2742
20231113,9086568,243939459,26.85,26.9,26.7,26.9,0.05,3035
20231114,9248667,248967807,26.95,27.0,26.8,26.95,0.05,2959
20231115,18676110,506250086,27.1,27.2,27.0,27.15,0.2,6409
20231116,22170764,606519888,27.25,27.5,27.2,27.5,0.35,6920
20231117,16137343,444304864,27.5,27.65,27.35,27.55,0.05,6118
20231120,9174127,251113873,27.5,27.5,27.25,27.45,-0.1,5680
20231121,22899517,636058824,27.5,27.85,27.45,27.85,0.4,7313
20231122,10036735,278378362,27.75,27.85,27.65,27.7,-0.15,4699
20231123,10787060,298175144,27.65,27.8,27.5,27.65,-0.05,3943
20231124,13967049,386791894,27.7,27.9,27.55,27.65,0.0,4332
20231127,16922696,467772776,27.7,27.95,27.45,27.45,-0.2,7542
20231128,21595381,598874732,27.65,27.95,27.55,27.6,0.15,6791
20231129,16308984,451032489,27.75,27.85,27.5,27.5,-0.1,4936
20231130,32427625,898050719,27.55,27.8,27.55,27.7,0.2,5167
20231201,16139705,443014467,27.6,27.7,27.3,27.35,-0.35,6418
20231204,15784853,432041018,27.35,27.55,27.25,27.35,0.0,5317
20231205,9386470,256222551,27.25,27.35,27.2,27.35,0.0,4213
20231206,11437139,315753491,27.35,27.75,27.35,27.6,0.25,4066
20231207,7298536,200542388,27.5,27.6,27.4,27.45,-0.15,3477
20231208,7037081,193775631,27.65,27.65,27.45,27.6,0.15,2434
20231211,6666473,183316426,27.6,27.65,27.4,27.55,-0.05,3005
20231212,8473601,232955721,27.65,27.65,27.4,27.5,-0.05,2683
20231213,8718770,238507331,27.5,27.5,27.25,27.4,-0.1,4208
20231214,11402468,314692048,27.4,27.7,27.35,27.6,0.2,4411
20231215,20577080,564825424,27.7,27.7,27.35,27.35,-0.25,6649
20231218,5642212,154865873,27.35,27.5,27.35,27.5,0.15,3065
20231219,10891423,296718704,27.3,27.35,27.15,27.2,-0.3,5102
20231220,19267119,519520855,27.2,27.3,26.8,26.9,-0.3,8975
20231221,9143104,244706211,26.7,26.85,26.65,26.8,-0.1,4782
20231222,7153448,191543814,26.8,26.9,26.7,26.75,-0.05,3678
20231225,4050446,108475996,26.75,26.9,26.65,26.85,0.1,2843
20231226,5431680,146318572,26.85,27.0,26.8,27.0,0.15,2540
20231227,9772544,264914466,27.0,27.2,26.95,27.2,0.2,4430
20231228,9560786,261119784,27.1,27.45,27.1,27.45,0.25,3888
20231229,8734683,239006349,27.4,27.45,27.25,27.4,-0.05,3506
20240102,11431563,312206825,27.3,27.45,27.2,27.25,-0.15,4220
20240103,13309178,359228032,27.1,27.15,26.8,27.0,-0.25,6020
20240104,7782857,210530596,27.0,27.2,26.9,27.0,0.0,2662
20240105,8624084,233963095,27.0,27.25,27.0,27.0,0.0,3313
20240108,9248145,251988233,27.0,27.4,27.0,27.25,0.25,3919
20240109,9216003,250346743,27.3,27.35,27.0,27.05,-0.2,3821
20240110,8788238,237154485,27.15,27.15,26.9,26.9,-0.15,3994
20240111,8749282,236965093,26.9,27.2,26.9,27.05,0.15,2641
20240112,8407252,226432040,26.9,27.05,26.85,26.9,-0.15,4702
20240115,11660774,313665883,26.9,27.0,26.8,26.8,-0.1,4531
20240116,22522597,598501873,26.7,26.8,26.45,26.5,-0.3,11271
20240117,29965641,786997589,26.3,26.45,26.1,26.1,-0.4,14949
20240118,10780725,283050047,26.15,26.4,26.15,26.2,0.1,4728
20240119,12561434,331420747,26.15,26.5,26.1,26.45,0.25,4738
20240122,9161262,242540491,26.5,26.55,26.4,26.4,-0.05,4108
20240123,9184398,243509962,26.4,26.6,26.35,26.5,0.1,3147
20240124,7625314,202584584,26.45,26.65,26.45,26.6,0.1,4224
20240125,6507820,173373844,26.6,26.75,26.55,26.65,0.05,2811
20240126,9357333,250906439,26.55,26.95,26.55,26.85,0.2,3578
20240129,7441990,199825457,26.8,26.95,26.75,26.8,-0.05,4092
20240130,11939064,317679725,26.8,26.9,26.5,26.5,-0.3,5608
20240131,11936787,317509906,26.5,26.7,26.45,26.6,0.1,3349
20240201,15832173,424433468,26.75,26.9,26.65,26.9,0.3,3706
20240202,8605469,231902022,26.9,27.05,26.8,27.0,0.1,3502
20240205,11087988,297443656,26.7,26.95,26.65,26.8,-0.2,4832
20240215,19999651,536876673,26.75,27.1,26.7,26.75,-0.05,9446
20240216,11380959,306127050,26.8,27.15,26.75,26.85,0.1,4523
20240219,15353265,416559122,27.05,27.25,26.9,27.2,0.35,5408
20240220,12933529,353827087,27.05,27.5,27.05,27.4,0.2,4607
20240221,15159328,412492284,27.4,27.4,27.15,27.2,-0.2,5624
20240222,10025091,273000666,27.2,27.3,27.15,27.25,0.05,3810
20240223,6221644,169159672,27.2,27.25,27.15,27.15,-0.1,3474
20240226,16249855,438166519,27.05,27.05,26.9,26.9,-0.25,7015
20240227,13172155,355228228,26.9,27.1,26.9,26.9,0.0,4750
20240229,26947842,729557480,26.9,27.25,26.9,27.1,0.2,5009
20240301,8779962,237545472,27.0,27.1,27.0,27.05,-0.05,4334
20240304,20411443,550127577,26.95,27.05,26.85,26.95,-0.1,7188
20240305,16236722,437370185,26.95,27.0,26.9,26.9,-0.05,6409
20240306,9768129,264253005,27.0,27.1,26.9,27.1,0.2,4818
20240307,12113776,327083688,26.9,27.1,26.9,27.0,-0.1,5080
20240308,14422518,391086721,26.95,27.2,26.95,27.1,0.1,5046
20240311,12958148,351182686,27.05,27.2,27.0,27.05,-0.05,4600
20240312,15088700,408275094,27.1,27.2,27.0,27.05,0.0,5063
20240313,17732588,482367034,27.0,27.3,27.0,27.25,0.2,6481
20240314,27217245,749244738,27.25,27.65,27.25,27.65,0.4,7863
20240315,38259011,1052946856,27.65,27.65,27.35,27.6,-0.05,9537
20240318,12872472,353675821,27.55,27.6,27.35,27.45,-0.15,5321
20240319,11127278,304641615,27.3,27.45,27.3,27.35,-0.1,3926
20240320,17301109,471500614,27.3,27.4,27.2,27.2,-0.15,5869
20240321,15616062,429501610,27.35,27.6,27.3,27.55,0.35,5285
20240322,13596409,374528713,27.55,27.6,27.45,27.6,0.05,4109
20240325,9565025,264055322,27.6,27.7,27.5,27.7,0.1,5162
20240326,12765500,354149308,27.6,27.85,27.6,27.8,0.1,4411
20240327,7294138,202436748,27.8,27.85,27.7,27.7,-0.1,4140
20240328,13887678,383148310,27.7,27.75,27.5,27.6,-0.1,4488
20240329,14324165,396850072,27.65,27.8,27.5,27.7,0.1,3734
20240401,8181500,227414398,27.8,27.95,27.7,27.75,0.05,4068
20240402,8301509,229776265,27.65,27.75,27.6,27.75,0.0,5929
20240403,21208400,579102244,27.65,27.65,27.15,27.15,-0.6,8086
20240408,8854638,242656556,27.2,27.5,27.2,27.45,0.3,4049
20240409,9295965,255724434,27.45,27.6,27.4,27.55,0.1,3237
20240410,11114003,306115621,27.6,27.65,27.45,27.5,-0.05,3627
20240411,8301793,227618384,27.4,27.55,27.35,27.45,-0.05,3580
20240412,11858281,323603812,27.3,27.4,27.2,27.35,-0.1,4996
20240415,8665414,236091286,27.25,27.4,27.15,27.2,-0.15,4153
20240416,30154432,811180632,27.1,27.2,26.75,26.75,-0.45,14121
20240417,11708120,314593810,26.8,27.0,26.75,26.9,0.15,4778
20240418,12518762,337088022,26.8,27.05,26.75,26.9,0.0,3929
20240419,27663667,736999932,26.85,26.95,26.4,26.65,-0.25,11680
20240422,13186036,356734028,26.8,27.2,26.8,27.1,0.45,4467
20240423,13367478,362013429,27.0,27.2,26.95,27.15,0.05,4657
20240424,8459777,229942821,27.25,27.3,27.05,27.2,0.05,3600
20240425,14535074,391685170,27.1,27.1,26.9,26.9,-0.3,6918
20240426,10416831,280736949,26.95,27.1,26.85,26.95,0.05,4991
20240429,24870769,680626516,27.0,27.55,27.0,27.5,0.55,7019
20240430,12950201,354839258,27.3,27.5,27.3,27.35,-0.15,4780
20240502,14190360,389389901,27.35,27.6,27.3,27.35,0.0,4858
20240503,8622943,236901682,27.45,27.55,27.4,27.4,0.05,3585
20240506,28764543,799609016,27.45,28.0,27.4,27.9,0.5,7969
20240507,12001342,333924223,28.0,28.0,27.7,27.8,-0.1,4575
20240508,17985333,501374192,27.8,28.0,27.7,28.0,0.2,9063
20240509,12731484,354216594,28.0,28.0,27.65,27.75,-0.25,5081
20240510,21567602,601316848,27.8,28.0,27.75,27.9,0.15,5701
20240513,14351123,398164690,28.0,28.0,27.65,27.8,-0.1,6724
20240514,16663257,457601812,27.8,27.8,27.35,27.4,-0.4,6506
20240515,14614052,403691390,27.6,27.8,27.45,27.6,0.2,5501
20240516,18019267,500278717,27.8,27.85,27.65,27.75,0.15,5233
20240517,41306046,1155195454,27.65,28.15,27.6,28.05,0.3,10139
20240520,66487587,1906210554,28.35,28.9,28.2,28.9,0.85,22058
20240521,44868660,1273811870,28.65,28.65,28.1,28.35,-0.55,17676
20240522,30864653,876533757,28.4,28.6,28.1,28.5,0.15,9859
20240523,40273838,1146349713,28.2,28.95,28.1,28.95,0.45,15488
20240524,27259284,771645877,28.5,28.55,28.2,28.2,-0.75,14290
20240527,27512052,774507539,28.15,28.3,27.95,28.3,0.1,8146
20240528,11221173,315919027,28.2,28.3,28.05,28.05,-0.25,4259
20240529,31330277,869495297,27.9,28.0,27.6,27.6,-0.45,10112
20240530,24716965,677350089,27.4,27.6,27.3,27.3,-0.3,10356
20240531,62256529,1712841332,27.3,27.7,27.3,27.5,0.2,5307
20240603,11795606,325037086,27.6,27.65,27.5,27.55,0.05,5822
20240604,14079391,386696336,27.35,27.65,27.35,27.45,-0.1,4762
20240605,13516580,371636761,27.4,27.65,27.4,27.45,0.0,3941
20240606,14885480,409877648,27.45,27.65,27.45,27.5,0.05,5219
20240607,14318347,397668603,27.55,27.9,27.55,27.8,0.3,4389
20240611,16115772,448848600,27.65,28.0,27.6,27.8,0.0,6309
20240612,9904394,274855831,27.7,27.85,27.7,27.7,-0.1,4433
20240613,10532519,293537506,27.75,27.95,27.75,27.8,0.1,3751
20240614,9487686,264362569,27.8,28.0,27.7,27.95,0.15,4329
20240617,9887303,276917672,27.9,28.05,27.9,27.95,0.0,4551
20240618,10220707,286432745,28.0,28.1,27.9,28.1,0.15,3646
20240619,12350547,347411833,28.1,28.2,28.0,28.1,0.0,4890
20240620,12826996,359835398,28.2,28.2,27.95,28.1,0.0,4237
20240621,23699398,663726290,28.05,28.1,27.95,28.0,-0.1,4374
20240624,14968842,419919490,28.0,28.15,27.85,28.15,0.15,3905
20240625,10218487,288113762,28.25,28.45,28.1,28.2,0.05,3950
20240626,13378183,374761126,28.1,28.15,27.9,28.0,-0.2,5487
20240627,11094099,309542700,27.8,28.0,27.8,28.0,0.0,3891
20240628,12625454,354316216,28.0,28.2,27.95,28.1,0.1,2921
20240701,6586211,184690352,28.2,28.2,28.0,28.0,-0.1,3627
20240702,9325810,260830353,27.9,28.1,27.85,28.0,0.0,3807
20240703,18283595,516885935,28.0,28.45,27.95,28.45,0.45,5372
20240704,15625858,445937903,28.45,28.65,28.4,28.6,0.15,5751
20240705,6146975,175617490,28.55,28.65,28.5,28.6,0.0,3800
20240708,9349322,267796682,28.6,28.7,28.55,28.65,0.05,4031
20240709,16133920,462429960,28.65,28.8,28.6,28.65,0.0,4663
20240710,14080253,404742380,28.7,28.9,28.6,28.75,0.1,6416
20240711,16275978,469413502,28.75,28.95,28.65,28.85,0.1,4670
20240712,15464449,446054026,28.75,28.95,28.75,28.9,0.05,6351
20240715,14792770,428063500,28.95,29.0,28.85,29.0,0.1,5261
20240716,14328164,415489070,29.0,29.1,28.9,29.0,0.0,4435
20240717,13873469,401814075,29.0,29.05,28.85,29.0,0.0,6424
20240718,31138415,909074061,29.0,29.4,28.8,29.4,0.4,9399
20240719,19288192,560404101,29.3,29.4,28.75,29.15,-0.25,8398
20240722,17004806,491225531,29.0,29.05,28.7,29.0,-0.15,7722
20240723,13556910,396353845,29.15,29.35,29.05,29.3,0.3,4621
20240726,23549875,687908308,29.2,29.4,28.95,29.3,0.0,8208
20240729,24345244,717296463,29.4,29.5,29.35,29.5,0.2,6262
20240730,17198604,502983771,29.4,29.4,29.05,29.35,-0.15,6186
20240731,19806477,578012262,29.3,29.5,29.2,29.35,0.0,4470
20240801,20013014,588637910,29.35,29.45,29.3,29.45,0.1,4858
20240802,22688869,659528075,29.2,29.25,28.85,29.1,-0.35,7131
20240805,45979515,1290788325,28.35,28.35,27.5,28.05,-1.05,15440
20240806,37727072,1065153760,28.2,28.55,27.7,28.2,0.15,9576
20240807,42139005,1192748447,28.2,28.45,28.05,28.25,0.05,9297
20240808,44838766,1189488384,26.5,26.75,26.4,26.4,,17386
20240809,38071362,1024537821,26.6,27.2,26.6,26.85,0.45,9518
20240812,18323569,496550073,26.95,27.35,26.95,27.0,0.15,6243
20240813,17358416,466119361,27.2,27.2,26.75,26.8,-0.2,6970
20240814,16132427,436032421,27.0,27.2,26.85,27.0,0.2,5283
20240815,24384910,651721503,27.3,27.3,26.55,26.55,-0.45,11398
20240816,19435207,523831882,26.95,27.15,26.8,26.85,0.3,5537
20240819,13850440,372232538,26.95,27.0,26.75,26.85,0.0,4413
20240820,12078145,326566876,27.05,27.15,26.85,27.15,0.3,5151
20240821,11889061,322147445,27.2,27.2,27.0,27.2,0.05,4581
20240822,11332513,307996493,27.2,27.25,27.05,27.25,0.05,3695
20240823,7712450,209582783,27.25,27.3,27.05,27.1,-0.15,2872
20240826,11224397,307592710,27.15,27.5,27.15,27.45,0.35,3652
20240827,10711507,291040889,27.2,27.45,27.1,27.15,-0.3,5846
20240828,8992705,244099797,27.15,27.25,27.05,27.2,0.05,3887
20240829,9207269,249451177,27.2,27.2,27.05,27.05,-0.15,4362
20240830,20959799,570440917,27.1,27.25,27.05,27.25,0.2,3852
20240902,7012723,190924951,27.25,27.3,27.15,27.2,-0.05,3783
20240903,11229862,303831878,27.2,27.3,26.9,26.95,-0.25,4502
20240904,26104883,695599043,26.5,26.85,26.5,26.7,-0.25,12084
20240905,12684584,340721048,26.8,27.0,26.75,26.85,0.15,5148
20240906,9693196,260703336,26.85,27.05,26.65,27.05,0.2,4171
20240909,14562571,390637654,26.65,27.05,26.65,26.95,-0.1,5196
20240910,21599397,587680301,26.95,27.4,26.9,27.3,0.35,5791
20240911,13650321,370585695,27.25,27.3,27.0,27.0,-0.3,5679
20240912,15799400,431074567,27.4,27.4,27.0,27.4,0.4,5319
20240913,5809350,158366801,27.2,27.35,27.15,27.25,-0.15,3666
20240916,7913988,215652838,27.25,27.35,27.15,27.35,0.1,3763
20240918,8661558,235719215,27.2,27.3,27.15,27.15,-0.2,6503
20240919,12919757,351488421,27.15,27.3,27.05,27.2,0.05,5248
20240920,28472136,778037333,27.3,27.5,27.25,27.3,0.1,5875
20240923,12848183,350955683,27.4,27.4,27.2,27.35,0.05,5551
20240924,10456268,286827619,27.35,27.55,27.25,27.55,0.2,4572
20240925,13904336,384152641,27.7,27.7,27.45,27.7,0.15,6023
20240926,11778883,326875347,27.75,27.8,27.65,27.8,0.1,4906
20240927,10608498,294548451,27.85,27.85,27.65,27.8,0.0,4329
20240930,16448075,452861777,27.75,27.8,27.4,27.4,-0.4,5889
20241001,10854350,296057730,27.4,27.5,27.2,27.25,-0.15,4956
20241004,19792393,536547652,27.05,27.2,27.0,27.2,-0.05,7252
20241007,17585367,476050605,27.2,27.2,27.0,27.05,-0.15,6950
20241008,24048373,647211204,27.0,27.05,26.8,26.95,-0.1,8694
20241009,18346950,492545343,26.95,27.0,26.8,26.8,-0.15,8298
20241011,7909766,212954227,26.8,27.05,26.8,26.85,0.05,3887
20241014,9577793,257914344,26.95,27.0,26.85,26.9,0.05,4049
20241015,20305567,552471997,26.95,27.35,26.95,27.35,0.45,6158
20241016,16864938,456657014,27.1,27.3,27.0,27.05,-0.3,7576
20241017,11096228,300713102,27.05,27.2,27.0,27.15,0.1,4136
20241018,25197651,691988924,27.25,27.6,27.2,27.6,0.45,7689
20241021,14789646,404707247,27.65,27.65,27.2,27.25,-0.35,11258
20241022,15825514,433355787,27.25,27.5,27.1,27.5,0.25,6240
20241023,10761488,292420595,27.35,27.4,27.1,27.15,-0.35,5277
20241024,13044842,353858438,27.1,27.25,27.0,27.25,0.1,4655
20241025,10665717,290563307,27.1,27.35,27.1,27.35,0.1,4539
20241028,10023116,272300244,27.3,27.35,27.05,27.35,0.0,4939
20241029,15121372,408438526,27.15,27.2,26.9,27.1,-0.25,6842
20241030,15093195,408308439,27.2,27.2,26.9,27.15,0.05,5467
20241101,26692701,717898999,26.65,27.1,26.65,27.0,-0.15,8637
20241104,8006362,216779033,26.95,27.15,26.9,27.1,0.1,3836
20241105,9056502,244949677,27.05,27.15,26.95,27.1,0.0,4146
20241106,13740480,370244047,27.05,27.1,26.9,26.9,-0.2,6020
20241107,21395866,574254481,26.85,27.0,26.8,26.8,-0.1,8377
20241108,20324576,545367693,26.9,26.95,26.8,26.8,0.0,7699
20241111,12781285,341836926,26.8,26.85,26.7,26.75,-0.05,7749
20241112,39348010,1044604553,26.7,26.75,26.4,26.5,-0.25,15206
20241113,33822720,897002436,26.5,26.8,26.4,26.6,0.1,11549
20241114,33662022,886668436,26.5,26.6,26.2,26.2,-0.4,13827
20241115,58405810,1586506343,26.95,27.45,26.9,27.3,1.1,17462
20241118,51647522,1422332655,27.3,27.65,27.2,27.65,0.35,18862
20241119,63835610,1779078043,27.75,28.0,27.55,27.95,0.3,15984
20241120,31375448,870455699,27.7,27.9,27.6,27.6,-0.35,10193
20241121,21267815,585170972,27.4,27.7,27.25,27.6,0.0,7632
20241122,12681924,350646173,27.55,27.75,27.5,27.65,0.05,5778
20241125,46239929,1284560455,27.8,27.85,27.45,27.85,0.2,8256
20241126,12473614,345548734,27.65,27.8,27.5,27.65,-0.2,5126
20241127,17277134,478411588,27.65,27.9,27.5,27.5,-0.15,5156
20241128,14408556,396098511,27.55,27.7,27.35,27.45,-0.05,5295
20241129,20610276,561870574,27.15,27.5,27.1,27.2,-0.25,7169
20241202,18291119,500211085,27.25,27.5,27.25,27.3,0.1,7446
20241203,17733398,490475040,27.5,27.75,27.5,27.75,0.45,5500
20241204,11537031,320419252,27.75,27.85,27.65,27.85,0.1,4319
20241205,15916170,444189646,27.9,28.0,27.75,28.0,0.15,5935
20241206,10153424,283767953,28.0,28.0,27.85,28.0,0.0,5033
20241209,11920435,334172535,28.0,28.1,27.9,28.1,0.1,5191
20241210,12629502,353839809,28.0,28.1,27.9,28.1,0.0,6169
20241211,10232833,284393390,27.85,28.0,27.7,27.7,-0.4,6802
20241212,14047576,392139828,27.7,28.0,27.65,27.95,0.25,4152
20241213,14055341,390338326,27.75,27.9,27.7,27.75,-0.2,5930
20241216,17018982,474583765,27.8,28.0,27.75,27.9,0.15,7582
20241217,19513392,540517554,27.8,27.8,27.5,27.75,-0.15,5680
20241218,15760290,433505405,27.7,27.8,27.4,27.4,-0.35,6585
20241219,18712767,509897573,27.25,27.4,27.2,27.25,-0.15,7576
20241220,49194686,1328784627,27.1,27.25,26.95,27.0,-0.25,9869
20241223,9331677,255178585,27.2,27.45,27.1,27.45,0.45,5226
20241224,8065516,221648669,27.5,27.6,27.4,27.5,0.05,3670
20241225,8339855,227911614,27.6,27.6,27.2,27.25,-0.25,3796
20241226,2286666,62685238,27.45,27.5,27.3,27.45,0.2,1573
20241227,4371651,119342171,27.45,27.45,27.2,27.3,-0.15,2275
20241230,8099287,221159537,27.3,27.45,27.2,27.25,-0.05,3443
20241231,11242726,304834346,27.15,27.2,27.05,27.1,-0.15,3708
