Date,Volume,Transaction Amount,Open,High,Low,Close,Diff,Transaction Count
20100104,4820621,509565975,107.0,108.0,104.5,105.5,-1.5,2240
20100105,12081366,1231600739,105.5,106.0,100.0,100.5,-5.0,5609
20100106,8998703,904050912,100.5,101.5,99.2,101.5,1.0,3966
20100107,15033248,1566120544,102.0,107.0,101.5,103.5,2.0,6229
20100108,5145744,526385632,104.0,104.5,100.5,103.5,0.0,2782
20100111,4284184,448207362,103.0,106.0,103.0,106.0,2.5,2487
20100112,4344650,449652950,105.0,105.5,102.0,103.0,-3.0,2450
20100113,10496787,1047631187,101.0,102.5,98.4,99.3,-3.7,5486
20100114,9679541,992618664,100.0,105.5,99.9,104.0,4.7,5180
20100115,8845298,933881098,105.5,107.0,104.5,105.0,1.0,4291
20100118,3537496,369758580,104.0,106.0,103.0,105.0,0.0,1934
20100119,5984932,612820073,105.0,106.0,101.0,101.5,-3.5,3498
20100120,4707366,476666632,103.0,103.0,99.9,102.0,0.5,2478
20100121,4559774,455967700,101.0,101.5,99.2,99.9,-2.1,2636
20100122,7657776,745382155,98.0,98.9,96.0,96.5,-3.4,3790
20100125,4522414,446224621,96.5,99.6,96.5,98.1,1.6,2691
20100126,7525546,716053337,100.0,100.0,91.6,93.0,-5.1,4199
20100127,5930933,556864235,93.5,95.8,92.1,94.0,1.0,3193
20100128,7663372,734675877,95.3,98.0,93.2,97.3,3.3,3798
20100129,6540414,617125255,95.1,95.6,93.0,94.3,-3.0,3285
20100201,5440871,506590102,95.0,95.4,91.6,92.5,-1.8,2966
20100202,8883509,813019048,94.0,94.3,88.5,88.5,-4.0,4566
20100203,9502090,873579704,90.0,93.7,89.7,93.5,5.0,4104
20100204,11201653,1063150435,93.6,96.1,93.4,95.0,1.5,4830
20100205,11774405,1060840140,90.0,92.0,88.7,90.0,-5.0,5378
20100206,5122321,461187547,90.5,91.4,87.2,90.0,0.0,2737
20100208,8588605,798497608,91.2,94.2,90.5,92.1,2.1,4709
20100209,8850174,847187228,93.1,97.9,92.5,96.8,4.7,4663
20100210,8843085,851625137,97.8,97.8,95.0,95.0,-1.8,4120
20100222,4150964,400366755,98.0,98.0,95.1,95.2,0.2,2337
20100223,3832472,360466871,95.2,95.6,93.2,94.3,-0.9,2319
20100224,3508073,330875925,93.2,95.4,93.1,93.5,-0.8,2090
20100225,4964883,458672623,94.5,94.8,91.0,91.2,-2.3,2795
20100226,5745390,521439388,91.7,92.5,89.5,90.3,-0.9,2727
20100301,4443755,414648270,91.0,95.0,90.5,94.0,3.7,2652
20100302,3937535,373132424,95.9,95.9,93.8,93.9,-0.1,2254
20100303,2892359,272729295,94.6,95.1,93.3,93.9,0.0,1479
20100304,2777793,260812013,95.0,95.0,93.0,93.0,-0.9,1498
20100305,2918362,276385463,93.8,95.5,93.8,94.7,1.7,1720
20100308,6210783,602252731,95.9,98.3,95.7,97.5,2.8,3542
20100309,9643207,961969900,97.5,101.5,97.5,100.5,3.0,4879
20100310,5031738,500357062,101.5,101.5,98.6,99.0,-1.5,2502
20100311,4594030,453468730,99.5,100.0,97.6,98.1,-0.9,2340
20100312,6883868,686109000,98.9,101.0,98.0,100.0,1.9,3468
20100315,3689456,363372688,100.0,100.5,97.6,97.6,-2.4,1820
20100316,3253962,322753614,98.1,99.8,97.9,99.4,1.8,1780
20100317,7159162,725942524,100.5,102.5,100.0,102.5,3.1,4049
20100318,5246218,536436318,103.0,103.0,101.0,103.0,0.5,2433
20100319,4297563,440519989,103.0,103.5,101.0,103.5,0.5,2042
20100322,3686624,373063700,103.0,103.5,100.0,100.5,-3.0,1982
20100323,3996727,398889880,101.0,101.5,98.8,98.9,-1.6,2230
20100324,3079231,307410492,100.5,100.5,99.2,99.2,0.3,1522
20100325,2962632,295046504,98.5,100.5,98.5,99.7,0.5,1644
20100326,4958977,496911454,99.7,102.0,98.9,102.0,2.3,2638
20100329,3638141,369446741,102.5,102.5,101.0,101.0,-1.0,1741
20100330,3587925,359319800,102.0,102.0,99.5,100.0,-1.0,1655
20100331,3224994,320911793,99.1,100.5,98.8,99.0,-1.0,1690
20100401,7789991,785488861,99.0,102.0,99.0,100.5,1.5,3590
20100402,13760265,1445284148,103.0,106.5,103.0,104.5,4.0,5912
20100406,9278060,979439800,105.5,107.0,104.5,105.0,0.5,4351
20100407,7300121,762664963,106.0,107.0,103.0,103.0,-2.0,3628
20100408,5940812,618038448,104.0,105.0,103.0,104.0,1.0,2776
20100409,5835437,611989822,105.5,106.0,103.5,106.0,2.0,3305
20100412,9106878,980448324,108.0,108.5,106.5,108.0,2.0,3680
20100413,4954329,530946693,107.0,108.5,105.5,105.5,-2.5,1993
20100414,2894022,307087354,106.0,107.0,105.0,107.0,1.5,1642
20100415,4388685,473473111,108.0,108.5,106.0,107.5,0.5,2059
20100416,3003994,317900849,108.0,108.0,105.0,105.5,-2.0,1697
20100419,4694639,485102846,103.0,105.0,101.0,101.0,-4.5,2305
20100420,4385504,449877416,102.0,104.0,101.0,104.0,3.0,2039
20100421,5704793,608460429,105.0,108.0,105.0,106.5,2.5,3106
20100422,3710601,394719206,106.0,107.5,105.0,106.0,-0.5,2268
20100423,5716847,617924476,108.0,109.5,106.5,108.0,2.0,3044
20100426,6840970,757046609,109.0,111.5,109.0,111.5,3.5,3856
20100427,4016066,441798260,111.5,111.5,109.0,110.0,-1.5,1842
20100428,3125694,337369973,106.0,109.5,106.0,109.5,-0.5,1811
20100429,5335069,585737452,111.0,111.5,108.0,108.0,-1.5,2732
20100430,12151153,1343269078,111.0,113.0,107.0,108.5,0.5,4926
20100503,6133589,654681808,109.0,110.0,105.0,107.5,-1.0,2465
20100504,7177755,753404275,109.0,109.0,103.0,105.0,-2.5,3490
20100505,9086804,921223224,102.0,103.5,100.0,101.0,-4.0,4309
20100506,6003476,598123500,101.0,102.0,97.7,98.1,-2.9,3460
20100507,6752762,668392624,96.0,101.5,96.0,101.0,2.9,3844
20100510,5287785,529211285,101.0,101.5,99.1,100.0,-1.0,2981
20100511,5164024,518842368,101.0,102.0,99.2,99.2,-0.8,2595
20100512,4727317,465013290,100.0,100.5,96.2,97.0,-2.2,2732
20100513,4448836,441231301,99.0,100.0,98.1,99.0,2.0,2246
20100514,2959939,293284822,98.6,99.9,98.0,99.5,0.5,1757
20100517,5500976,530502044,99.0,99.0,94.1,95.5,-4.0,3146
20100518,10906236,1003535377,95.6,96.1,89.8,91.5,-4.0,5567
20100519,7692190,704281170,90.1,93.4,89.6,92.2,0.7,4130
20100520,5760175,523683558,92.9,93.0,89.7,89.8,-2.4,3127
20100521,6592583,575933504,87.2,88.9,85.6,87.5,-2.3,3395
20100524,3197011,283462701,88.5,89.3,88.1,88.6,1.1,1990
20100525,7484028,634376008,88.0,88.4,82.4,83.6,-5.0,4103
20100526,6828010,583643049,84.1,87.1,83.8,86.2,2.6,3662
20100527,5565874,494407511,86.4,90.7,85.2,90.3,4.1,2903
20100528,6760710,622967172,92.3,93.2,91.1,91.9,1.6,3552
20100531,3286030,303093185,91.9,93.0,91.5,93.0,1.1,1911
20100601,3373258,309873531,93.0,93.1,91.0,91.0,-2.0,1802
20100602,10210554,899785153,90.0,90.5,86.5,86.9,-4.1,5394
20100603,6993495,621551340,88.3,89.5,88.3,89.5,2.6,3740
20100604,5680820,502604114,90.0,90.2,87.6,87.6,-1.9,3389
20100607,5114345,434779760,83.0,87.6,83.0,87.1,-0.5,3110
20100608,4039951,353908496,87.2,88.5,86.3,87.5,0.4,2452
20100609,5007963,432769393,87.9,88.2,84.6,85.4,-2.1,2316
20100610,3445181,299867191,87.1,88.5,85.5,88.4,3.0,1981
20100611,5324027,478199830,90.7,91.0,88.7,89.5,1.1,2924
20100614,2581919,232503268,90.5,90.8,89.5,89.6,0.1,1656
20100615,2863717,258238291,90.0,90.7,89.6,90.1,0.5,1776
20100617,4756613,429237919,91.0,91.1,89.7,90.1,0.0,2545
20100618,2279019,204306700,90.1,90.9,88.9,88.9,-1.2,1294
20100621,3237083,291130970,90.3,90.5,89.3,90.0,1.1,1965
20100622,1569450,140815163,90.0,90.4,89.4,89.4,-0.6,956
20100623,5014751,455537059,89.3,92.4,89.0,92.4,3.0,2912
20100624,4649638,432714644,92.7,93.7,91.7,92.4,0.0,2920
20100625,2589335,234368820,91.2,91.6,89.6,90.0,-2.4,1647
20100628,2289552,206577980,91.0,91.0,89.7,90.1,0.1,1029
20100629,3590741,322917717,90.6,91.6,88.7,88.9,-1.2,1944
20100630,4562038,392097574,85.0,88.0,85.0,87.1,-1.8,2035
20100701,2024947,177620460,87.1,88.5,87.1,87.5,0.4,1324
20100702,1329762,117629942,89.5,89.6,88.0,88.0,0.5,906
20100705,1972144,173692333,88.0,89.0,87.1,88.5,0.5,1269
20100706,2284843,205217922,88.0,90.7,88.0,90.2,1.7,1453
20100707,1928639,173329162,90.0,90.5,89.3,89.6,-0.6,1113
20100708,9605420,898184766,91.4,94.7,90.8,94.5,4.9,5688
20100709,3962570,371225810,95.0,95.3,92.8,93.2,-1.3,2192
20100712,4673714,443973278,94.1,95.5,93.7,94.5,1.3,2476
20100713,2713370,255073907,95.2,95.4,93.3,93.3,-1.2,1389
20100714,3118590,294358078,95.0,95.5,93.7,94.4,1.1,1737
20100715,1635187,153564972,94.9,94.9,93.5,93.5,-0.9,1194
20100716,2658206,245556126,93.5,94.0,91.7,92.4,-1.1,1503
20100719,6281532,563606489,91.5,91.8,88.6,89.6,-2.8,3507
20100720,4042460,366401420,90.0,91.8,90.0,91.7,2.1,1898
20100721,3061389,279456224,91.8,92.2,90.5,91.0,-0.7,1830
20100722,4198968,376885120,90.4,91.5,89.3,89.6,-1.4,2435
20100723,5534808,494176347,90.0,90.3,88.7,89.0,-0.6,3052
20100726,3576285,322964310,90.0,91.2,89.5,90.5,1.5,2016
20100727,7338761,662316561,90.0,91.0,89.7,90.4,-0.1,2831
20100728,6699030,575712480,86.2,86.6,85.3,85.6,,3164
20100729,6326393,548033099,86.4,87.4,86.0,86.1,0.5,3247
20100730,3934122,334382292,86.0,86.3,84.5,84.7,-1.4,2378
20100802,3298717,281723662,85.5,85.8,85.1,85.5,0.8,1887
20100803,8218448,709492435,86.0,86.7,85.9,86.5,1.0,3403
20100804,4217405,360796935,86.5,86.5,85.0,85.3,-1.2,2233
20100805,10379241,868089203,85.5,85.8,81.8,82.4,-2.9,5616
20100806,9681100,785055939,82.0,83.1,79.8,81.2,-1.2,5456
20100809,7922354,659845736,81.5,84.3,81.5,83.9,2.7,3887
20100810,3637198,301343899,84.5,84.5,82.0,82.2,-1.7,2174
20100811,4423251,364901631,81.6,83.2,81.5,82.4,0.2,1968
20100812,4466434,364200888,82.3,82.4,81.1,81.6,-0.8,2500
20100813,4123664,338619769,82.2,82.4,81.7,82.3,0.7,2497
20100816,3996533,325775199,82.3,82.5,81.0,81.8,-0.5,2065
20100817,3884519,317796558,81.8,82.8,81.5,81.5,-0.3,1983
20100818,2704364,221737200,82.6,82.6,81.6,81.6,0.1,1621
20100819,12678537,1074292401,82.6,86.4,82.6,85.5,3.9,7024
20100820,4934620,420985800,85.9,86.3,84.6,85.0,-0.5,2832
20100823,3460616,292755013,85.1,85.3,84.0,84.3,-0.7,1803
20100824,2713914,228045737,84.1,85.0,83.1,83.2,-1.1,1788
20100825,5448829,445350107,82.8,82.8,81.0,81.0,-2.2,3206
20100826,3354735,274035670,81.1,82.5,81.0,81.2,0.2,2050
20100827,3307601,268456282,81.2,81.7,80.6,81.4,0.2,1909
20100830,2741891,224069414,82.0,82.3,81.1,81.2,-0.2,1661
20100831,13834168,1068175840,80.6,80.6,75.7,76.4,-4.8,6705
20100901,11588309,863343094,76.4,76.5,73.2,74.5,-1.9,6002
20100902,7119274,547811846,75.9,77.9,75.4,77.4,2.9,3948
20100903,7132561,567904026,77.5,80.9,77.5,80.3,2.9,4165
20100906,4826270,386663709,81.3,81.4,79.5,79.8,-0.5,2534
20100907,6440349,521145220,80.5,82.4,79.6,80.0,0.2,3868
20100908,4759310,375811041,80.0,80.0,78.2,78.7,-1.3,2902
20100909,4088142,326040760,79.6,80.3,79.1,79.5,0.8,2257
20100910,14422347,1214318154,82.6,85.0,82.6,83.9,4.4,6372
20100913,6696442,562970128,84.5,84.7,83.3,84.0,0.1,3630
20100914,8083135,686370895,84.0,85.5,84.0,84.5,0.5,3843
20100915,15573323,1346088816,85.0,87.7,84.4,86.5,2.0,7293
20100916,14283369,1255522303,87.0,89.4,86.5,87.0,0.5,6811
20100917,8703072,759665449,88.1,88.4,85.5,85.5,-1.5,4009
20100920,4269542,366315780,86.3,86.5,85.2,85.6,0.1,2178
20100921,4886421,420240759,86.0,87.0,85.4,85.7,0.1,2402
20100923,4928393,418580304,86.0,86.3,84.3,85.0,-0.7,2594
20100924,6045679,508953762,84.0,85.7,83.0,84.5,-0.5,3061
20100927,8285194,716013043,86.2,87.2,85.4,86.4,1.9,3851
20100928,5861812,504596356,86.4,86.9,84.7,85.2,-1.2,2835
20100929,19127551,1683803493,86.4,89.5,85.8,88.1,2.9,8183
20100930,12137414,1079542119,88.9,90.0,87.8,88.5,0.4,5560
20101001,8868167,795638715,89.9,90.4,89.0,89.5,1.0,3987
20101004,7831923,686066499,90.0,90.1,86.0,86.7,-2.8,3586
20101005,5263223,458281760,87.0,87.7,86.5,87.3,0.6,2880
20101006,5574126,489617988,88.5,88.9,87.2,88.0,0.7,2827
20101007,6182566,544743444,87.7,88.7,87.2,88.4,0.4,3250
20101008,6041006,532736014,89.0,89.0,87.6,87.7,-0.7,3072
20101011,2210474,193591212,88.5,88.5,86.6,87.1,-0.6,1323
20101012,3323118,286939417,87.1,87.6,85.5,85.6,-1.5,1983
20101013,2411376,209294253,85.9,87.4,85.8,87.4,1.8,1425
20101014,2192388,192228376,87.9,88.0,87.0,88.0,0.6,1273
20101015,3564018,313445984,88.0,88.7,87.0,87.9,-0.1,1786
20101018,4235070,367286724,87.9,88.0,85.7,86.2,-1.7,1721
20101019,4724084,415365458,86.5,88.6,85.8,88.1,1.9,2512
20101020,8693142,779732284,87.9,90.6,87.4,90.2,2.1,5020
20101021,5600432,504417048,90.2,90.5,89.5,90.2,0.0,3025
20101022,5324326,483219719,90.5,91.2,90.4,90.5,0.3,2685
20101025,4965483,454955618,91.0,92.1,90.8,91.2,0.7,2561
20101026,3019158,273763949,91.5,92.0,90.2,90.6,-0.6,1761
20101027,2938729,267417539,91.0,91.5,90.2,91.0,0.4,1581
20101028,5778036,518080904,91.2,91.2,88.5,89.0,-2.0,3084
20101029,4050252,360697628,90.0,90.0,88.7,89.0,0.0,1619
20101101,2731027,244510503,89.0,90.6,88.8,90.0,1.0,1687
20101102,1585563,141459438,90.0,90.1,88.5,88.6,-1.4,926
20101103,8378870,718374696,88.9,89.0,84.5,85.0,-3.6,4326
20101104,3917488,336490591,85.0,87.0,84.7,87.0,2.0,2170
20101105,4586049,404259424,88.0,89.0,87.2,88.6,1.6,2230
20101108,2394493,209336029,88.6,88.6,86.2,87.9,-0.7,1426
20101109,3658055,323823041,87.9,89.2,87.6,88.5,0.6,1481
20101110,2474510,218141049,88.5,88.7,87.8,88.7,0.2,1173
20101111,3218579,287024210,88.7,90.2,88.4,88.4,-0.3,1953
20101112,2619288,229914444,88.0,88.4,87.0,88.4,0.0,1496
20101115,1821824,160849372,88.0,89.0,87.6,88.0,-0.4,1208
20101116,2199117,193411731,87.3,88.5,87.1,87.5,-0.5,1150
20101117,3719955,323912860,87.0,88.0,86.5,87.8,0.3,1719
20101118,1519992,132649889,87.0,87.8,87.0,87.1,-0.7,800
20101119,9549389,867010900,87.5,92.0,87.5,90.8,3.7,5018
20101122,6797439,626712301,91.9,92.9,91.0,91.4,0.6,3674
20101123,8434062,782797904,92.0,93.4,92.0,92.3,0.9,3698
20101124,3988532,366021867,91.0,92.3,91.0,91.7,-0.6,1832
20101125,13756673,1304775789,92.4,97.0,92.0,94.8,3.1,6751
20101126,7500500,715309766,95.0,96.3,94.9,95.5,0.7,3912
20101129,5012528,478861388,96.7,96.7,93.9,96.0,0.5,2541
20101130,9047534,879717615,96.0,98.2,95.6,97.0,1.0,4530
20101201,4639155,451530924,97.0,98.0,96.3,96.8,-0.2,2568
20101202,8946719,887818681,98.4,100.5,98.1,99.3,2.5,4257
20101203,3454308,342126712,99.8,100.0,98.3,98.5,-0.8,1825
20101206,3493415,347560478,99.0,100.5,98.8,99.3,0.8,1815
20101207,8114031,824654577,101.0,103.5,100.0,100.5,1.2,3876
20101208,3603047,357270412,100.0,100.5,98.3,98.5,-2.0,2245
20101209,5213480,513883605,99.0,99.7,98.3,98.8,0.3,2563
20101210,3107758,304928484,98.5,98.8,97.6,98.0,-0.8,1846
20101213,5961108,591927333,98.5,99.9,98.5,99.6,1.6,2386
20101214,5124010,508019174,100.0,100.5,98.0,99.0,-0.6,2712
20101215,6180657,595223670,98.9,98.9,94.5,96.9,-2.1,2972
20101216,4444401,429308416,96.9,97.2,95.8,97.1,0.2,1984
20101217,5181067,497458397,97.2,97.7,95.6,95.7,-1.4,2865
20101220,6513604,613150066,95.8,96.7,92.8,94.1,-1.6,3098
20101221,8091113,767492959,94.1,96.4,93.5,96.3,2.2,3657
20101222,5861987,570898306,97.7,98.0,96.6,97.4,1.1,3089
20101223,2731545,264664789,98.0,98.0,96.4,96.9,-0.5,1525
20101224,2929072,283520512,98.0,98.0,96.0,96.0,-0.9,1735
20101227,3824208,361333945,96.0,96.1,94.0,94.4,-1.6,2397
20101228,4889084,466139780,94.5,96.5,94.4,94.8,0.4,2264
20101229,5089730,475735648,95.0,95.4,92.5,93.0,-1.8,2627
20101230,4126833,388606805,93.0,94.8,93.0,94.5,1.5,2448
20101231,1873321,175777674,94.5,94.7,93.1,94.0,-0.5,1167
20110103,2227420,208942209,94.5,94.5,93.0,93.6,-0.4,1063
20110104,3686944,352191724,94.2,96.3,94.1,96.0,2.4,2055
20110105,3520541,332063112,96.0,96.3,93.2,93.3,-2.7,1906
20110106,2943889,277895617,94.0,95.2,93.6,95.2,1.9,1350
20110107,2388098,225519163,95.8,95.8,93.2,94.6,-0.6,1392
20110110,1900597,179223284,95.0,95.2,93.6,94.8,0.2,1078
20110111,4397905,422438280,94.3,96.7,94.3,96.0,1.2,2404
20110112,4557967,438840406,96.2,96.8,95.6,96.2,0.2,2279
20110113,6527874,640052290,97.2,98.5,96.7,98.2,2.0,3385
20110114,2111546,205603430,98.2,98.2,96.8,97.5,-0.7,986
20110117,3534278,340057024,98.0,98.1,95.5,95.5,-2.0,1840
20110118,2833662,275169514,96.0,97.8,96.0,97.3,1.8,1750
20110119,5531678,534572766,97.7,97.7,95.8,97.2,-0.1,2209
20110120,1369184,132541404,97.4,97.8,96.2,96.2,-1.0,1013
20110121,3075014,293277235,96.1,96.2,95.0,95.1,-1.1,1568
20110124,1730964,164830255,95.5,95.9,94.8,95.6,0.5,1027
20110125,3091473,297301262,96.9,96.9,95.7,95.7,0.1,1193
20110126,2856018,275994212,96.1,97.8,95.5,96.6,0.9,1437
20110127,2822001,276034779,97.8,98.5,97.0,97.8,1.2,1711
20110128,4707633,456940736,98.8,98.9,96.0,96.6,-1.2,2135
20110208,5031389,474163466,96.6,96.6,92.8,93.7,-2.9,2759
20110209,4868101,450462292,92.4,93.5,91.1,91.6,-2.1,2889
20110210,3948771,363291449,91.5,92.7,91.2,92.0,0.4,1947
20110211,2625005,240477247,92.3,92.3,90.8,90.9,-1.1,1500
20110214,5964709,547830187,91.6,92.6,91.1,92.1,1.2,2341
20110215,3403967,312208476,92.0,92.6,91.1,91.2,-0.9,1872
20110216,6285898,566628960,91.2,91.7,89.1,89.1,-2.1,3199
20110217,5612059,502561910,89.3,90.3,88.6,89.5,0.4,2745
20110218,5479086,506230212,90.4,93.6,90.0,92.0,2.5,2937
20110221,10152814,951240616,94.0,95.0,92.5,94.0,2.0,4529
20110222,8448488,765608698,92.5,92.5,89.5,89.5,-4.5,4037
20110223,4769330,425483028,88.5,90.8,88.1,88.2,-1.3,2638
20110224,3485810,307824680,89.2,89.8,87.3,88.0,-0.2,1922
20110225,4721395,423317455,88.8,91.2,88.1,90.8,2.8,2785
20110301,4196944,381537658,91.1,91.7,90.1,90.1,-0.7,1379
20110302,3762778,338038064,87.5,91.1,87.5,89.1,-1.0,1788
20110303,3900437,356536004,90.9,92.5,90.3,92.0,2.9,2335
20110304,4629590,431083237,94.0,94.0,91.2,91.2,-0.8,2483
20110307,1758623,160649393,90.5,91.9,90.5,91.3,0.1,1091
20110308,2666744,244133217,91.0,92.7,91.0,91.3,0.0,1446
20110309,2264901,206975010,92.0,92.5,90.7,90.7,-0.6,1412
20110310,4693877,421169027,90.7,90.7,89.0,89.0,-1.7,2267
20110311,2549626,225668583,88.5,88.8,88.3,88.7,-0.3,1496
20110314,5580991,493275899,89.0,90.0,87.4,88.5,-0.2,2366
20110315,8964627,771797587,88.5,89.5,82.4,87.9,-0.6,3534
20110316,4066279,355744534,88.0,88.6,86.8,87.2,-0.7,1827
20110317,6050192,520143939,86.3,87.0,84.8,85.9,-1.3,2401
20110318,2511134,218440628,87.4,87.6,86.5,87.6,1.7,1346
20110321,2136383,189643973,88.4,89.2,87.8,88.7,1.1,1401
20110322,2071005,184507345,89.5,89.9,88.6,88.6,-0.1,1367
20110323,2929891,258181538,89.5,89.5,87.8,87.8,-0.8,1664
20110324,4721140,410737686,88.1,88.5,86.5,86.5,-1.3,2764
20110325,4312525,372268160,87.2,87.3,85.9,86.0,-0.5,2244
20110328,2521744,217539584,86.1,86.7,85.9,85.9,-0.1,1397
20110329,2513986,215969796,85.9,86.6,85.5,85.5,-0.4,1697
20110330,3309762,284856785,86.5,86.6,85.6,85.6,0.1,1683
20110331,4911336,423207360,86.0,86.7,85.6,86.6,1.0,1552
20110401,1820584,157998850,87.0,87.2,86.2,87.1,0.5,869
20110406,3861037,342805427,88.0,89.3,87.6,89.1,2.0,2179
20110407,2639868,232072431,89.1,89.1,87.4,88.2,-0.9,1579
20110408,4201604,365944275,88.5,88.5,86.5,87.8,-0.4,2022
20110411,5088587,439402368,87.8,87.8,85.9,86.1,-1.7,2152
20110412,4227569,364042726,86.0,86.7,85.8,86.1,0.0,1745
20110413,1470579,127052777,86.5,86.7,85.8,86.4,0.3,782
20110414,5080491,432339813,86.1,86.2,84.1,85.0,-1.4,2833
20110415,3966378,337706530,85.4,85.8,84.7,84.8,-0.2,2013
20110418,2272959,193312412,84.8,85.7,84.4,84.7,-0.1,1229
20110419,5702172,471554976,83.8,84.2,81.5,82.6,-2.1,3090
20110420,2835832,238512220,83.5,85.0,82.8,85.0,2.4,1875
20110421,2969590,257118977,86.0,87.3,86.0,86.6,1.6,1815
20110422,1754116,151809973,86.0,87.0,86.0,86.2,-0.4,1017
20110425,3147428,275924807,87.0,88.5,86.6,87.9,1.7,1908
20110426,2243321,197883703,87.5,88.6,87.0,88.5,0.6,1289
20110427,5067754,455261814,89.0,90.7,88.8,90.1,1.6,2790
20110428,3900400,349207794,90.5,90.6,88.4,88.4,-1.7,1920
20110429,2052986,181158968,89.5,89.5,87.3,87.5,-0.9,1134
20110503,2110498,187641166,88.7,89.5,87.5,89.5,2.0,1413
20110504,1950401,173604186,89.9,89.9,88.0,88.7,-0.8,1098
20110505,2016897,180160875,88.7,90.0,88.3,89.7,1.0,1142
20110506,1681085,149570725,89.7,89.7,88.5,89.0,-0.7,1031
20110509,3326447,299220383,89.1,90.6,88.9,89.4,0.4,1977
20110510,956190,84792510,89.5,89.5,88.2,88.2,-1.2,622
20110511,1246074,110222072,89.0,89.1,88.2,88.9,0.7,843
20110512,1063256,94480447,88.0,89.4,88.0,88.9,0.0,654
20110513,5138007,468934723,89.0,92.1,89.0,91.9,3.0,2895
20110516,3021664,276245916,92.0,92.4,90.5,91.2,-0.7,1852
20110517,5593097,516066540,91.8,93.4,90.6,93.4,2.2,2826
20110518,3246736,300124861,93.4,93.6,91.4,92.0,-1.4,2049
20110519,2979985,273690626,92.1,92.8,90.8,90.8,-1.2,1671
20110520,3373918,300635339,90.8,91.0,88.1,88.2,-2.6,2105
20110523,1611315,141668586,87.6,88.5,87.5,87.9,-0.3,1092
20110524,4828731,438062030,87.9,92.6,87.9,92.5,4.6,2568
20110525,13515809,1275743437,93.0,95.5,93.0,93.0,0.5,6869
20110526,6723612,632722716,94.5,95.5,93.0,93.0,0.0,3876
20110527,11090801,1060802728,94.2,96.5,93.6,95.2,2.2,5862
20110530,9540219,929342870,96.3,98.4,95.5,97.3,2.1,4837
20110531,7280315,710313570,98.3,98.4,96.6,98.0,0.7,3235
20110601,8191948,813476204,98.0,101.0,98.0,98.2,0.2,4508
20110602,5345510,526573716,98.5,99.6,97.5,98.0,-0.2,2890
20110603,3264358,321494524,99.0,99.5,97.6,97.6,-0.4,1752
20110607,2636604,257381619,98.7,98.7,97.2,97.6,0.0,1594
20110608,3304598,320953495,96.6,98.0,96.6,96.7,-0.9,2199
20110609,2264285,218747684,96.7,97.5,96.0,97.0,0.3,1277
20110610,5559317,536512352,97.9,99.0,94.5,94.5,-2.5,3179
20110613,2910341,273255678,93.1,95.2,93.1,93.6,-0.9,1719
20110614,1788911,169573045,95.1,95.2,94.1,95.0,1.4,1205
20110615,3568616,341685461,95.3,97.2,94.6,97.2,2.2,2130
20110616,5022855,474643494,96.0,96.6,93.9,93.9,-3.3,2652
20110617,2048083,193748585,95.7,95.8,94.0,94.4,0.5,1212
20110620,3371330,320168409,94.9,96.5,93.5,93.7,-0.7,1815
20110621,7270484,663809081,94.7,94.9,89.0,91.3,-2.4,3686
20110622,5099985,466781419,92.2,92.7,90.5,91.0,-0.3,2656
20110623,1850480,168885118,91.0,92.4,90.6,91.1,0.1,1247
20110624,2969636,272913455,91.1,92.7,90.7,92.4,1.3,1654
20110627,1503054,138334727,91.2,92.8,90.9,92.7,0.3,1027
20110628,2724026,253302873,94.6,94.6,92.0,92.0,-0.7,1535
20110629,2528964,234753352,93.0,93.3,92.3,92.7,0.7,1385
20110630,2657598,244838511,93.0,93.5,91.2,92.5,-0.2,1633
20110701,3493479,327044462,92.9,94.5,92.5,93.5,1.0,1765
20110704,3820447,362406849,94.9,95.2,94.1,94.1,0.6,1719
20110705,2382533,225947535,94.1,95.2,94.0,95.0,0.9,1284
20110706,2728963,258932385,95.0,95.4,94.2,95.0,0.0,1433
20110707,2005453,190911951,95.5,95.6,94.6,95.5,0.5,1038
20110708,2968676,283292120,95.5,96.0,94.8,95.2,-0.3,1511
20110711,2795403,261979709,95.2,95.2,93.1,93.1,-2.1,1090
20110712,5546941,497036895,91.6,91.6,89.0,89.1,-4.0,2615
20110713,7387796,652239048,89.1,89.9,87.1,87.9,-1.2,3173
20110714,8291980,678480594,82.5,83.5,79.5,82.1,,3414
20110715,2401420,199538453,82.2,84.4,82.2,83.5,1.4,1476
20110718,2092897,173481651,83.2,83.8,82.2,83.0,-0.5,789
20110719,6762339,545604656,83.0,83.2,79.6,79.6,-3.4,3289
20110720,6181646,504210318,81.1,82.6,80.4,81.6,2.0,2998
20110721,5647291,471926486,82.0,84.5,81.8,83.3,1.7,2819
20110722,2500768,207614808,84.5,84.5,82.0,83.1,-0.2,1614
20110725,4195822,349540034,83.0,84.8,81.4,81.9,-1.2,2151
20110726,2813970,233135188,82.0,83.4,82.0,83.1,1.2,1504
20110727,2846600,238846847,83.5,84.3,83.4,84.1,1.0,1704
20110728,2940446,245817222,83.4,83.9,83.1,83.6,-0.5,1369
20110729,7283430,584937973,84.0,84.0,78.4,80.7,-2.9,4043
20110801,2853907,233021015,81.7,82.4,80.8,81.5,0.8,1809
20110802,1114342,90114364,81.3,81.7,80.5,80.6,-0.9,830
20110803,2262215,179519859,79.5,80.1,78.6,79.2,-1.4,1541
20110804,4982610,382953919,79.7,79.9,75.3,75.5,-3.7,2820
20110805,10912729,767947184,70.3,71.3,70.3,70.3,-5.2,3795
20110808,10032131,671990818,68.0,69.4,65.4,65.5,-4.8,4765
20110809,11031855,699537420,61.0,67.7,61.0,65.6,0.1,4852
20110810,8470535,573032270,69.9,69.9,66.6,67.0,1.4,4444
20110811,6795836,454630756,64.3,70.5,63.5,70.5,3.5,3618
20110812,4895524,345045918,72.5,72.5,69.1,69.2,-1.3,2868
20110815,2879007,201374582,69.6,70.7,69.3,69.9,0.7,1565
20110816,2014750,141823845,71.3,71.3,69.7,70.0,0.1,1398
20110817,1448158,100666360,70.0,70.1,69.1,69.1,-0.9,1026
20110818,4740441,316159325,69.1,69.1,65.1,65.1,-4.0,2780
20110819,4170555,259994398,61.0,63.8,61.0,61.9,-3.2,2172
20110822,3441392,216126241,62.0,63.9,61.6,63.0,1.1,1755
20110823,2510896,162133032,64.0,65.7,63.5,65.7,2.7,1577
20110824,7303257,495307433,65.8,69.8,64.3,68.5,2.8,3827
20110825,5584017,374044111,68.9,68.9,65.0,65.0,-3.5,2550
20110826,4322889,283655622,65.1,66.8,64.8,66.4,1.4,2162
20110829,3830649,260673550,66.6,68.9,66.6,68.0,1.6,2143
20110830,7169586,506258594,69.4,71.8,69.0,71.2,3.2,3601
20110831,11521738,863727452,72.5,76.1,72.4,76.0,4.8,5504
20110901,7714848,586853452,76.4,78.0,73.5,73.7,-2.3,4268
20110902,5199462,388546015,73.8,75.9,73.8,74.1,0.4,2972
20110905,5863639,418474485,72.0,72.4,70.5,71.2,-2.9,3067
20110906,5502646,389886066,71.0,71.9,70.0,70.2,-1.0,2820
20110907,9128259,668822246,71.9,75.1,71.6,75.1,4.9,4384
20110908,5906065,445013759,76.9,76.9,74.4,74.5,-0.6,3063
20110909,5806752,436354698,74.5,76.4,73.8,74.7,0.2,3410
20110913,4998571,366453283,74.0,74.5,72.5,73.0,-1.7,2981
20110914,6758262,500926877,74.3,75.3,71.8,73.4,0.4,3793
20110915,8378852,638284551,77.7,77.7,74.8,75.8,2.4,4204
20110916,7372643,559868821,76.0,76.8,74.8,76.1,0.3,3962
20110919,4666635,354874716,75.6,76.9,75.4,75.5,-0.6,2472
20110920,8052911,599640225,76.0,76.5,72.9,74.4,-1.1,4042
20110921,5604842,420064328,74.9,75.5,74.3,74.5,0.1,2954
20110922,3515702,258823952,72.4,74.3,72.4,73.8,-0.7,2089
20110923,7324439,514894950,72.0,72.0,69.2,69.2,-4.6,3742
20110926,5082972,354455868,69.2,71.0,68.5,68.6,-0.6,3081
20110927,6156553,439750232,72.8,72.8,70.0,71.2,2.6,3255
20110928,5510942,388422340,72.0,72.1,69.2,69.7,-1.5,3239
20110929,4033100,281094787,69.5,70.6,68.1,69.8,0.1,2414
20110930,6727310,482846755,70.3,73.0,70.3,71.5,1.7,3408
20111003,2961801,207123986,70.5,70.5,69.5,69.6,-1.9,1807
20111004,4555699,320503329,68.5,71.0,68.5,71.0,1.4,2095
20111005,4918035,348929177,71.5,72.0,70.3,70.7,-0.3,2178
20111006,6138070,434305187,71.7,72.3,69.6,69.7,-1.0,2818
20111007,3135692,219035340,70.8,70.8,69.0,69.0,-0.7,1663
20111011,8370811,603052403,71.0,73.1,70.4,73.0,4.0,4031
20111012,8079340,598503449,73.0,75.6,72.3,74.3,1.3,4277
20111013,7197085,538700275,74.8,75.6,73.8,74.9,0.6,3822
20111014,6144422,464660472,74.9,76.3,74.5,76.0,1.1,3587
20111017,6512756,501741723,77.5,77.7,76.1,76.9,0.9,3520
20111018,4961915,374190998,75.1,76.5,74.9,75.2,-1.7,2707
20111019,4003961,302635590,76.0,76.7,74.3,74.3,-0.9,2541
20111020,5992215,437011600,75.0,75.2,71.8,72.0,-2.3,3350
20111021,2311848,167504852,72.0,73.3,71.5,73.1,1.1,1470
20111024,5871921,437004691,74.5,75.9,73.2,75.9,2.8,3068
20111025,3473521,259192275,75.9,75.9,73.8,74.0,-1.9,2169
20111026,1711154,126436630,73.0,74.5,73.0,74.4,0.4,1121
20111027,1614924,119299476,74.4,74.4,73.6,73.7,-0.7,1063
20111028,6033519,451818659,75.0,75.4,74.1,74.7,1.0,3016
20111031,1907187,143197224,75.0,75.5,74.5,74.5,-0.2,1379
20111101,5263392,400759117,74.8,76.9,74.7,76.1,1.6,3082
20111102,12246686,954398567,75.5,79.3,75.3,78.4,2.3,6663
20111103,11707654,918645675,78.4,79.6,77.2,77.2,-1.2,5132
20111104,11683560,949490835,79.4,82.4,79.0,81.9,4.7,6049
20111107,5353899,433729919,81.3,81.5,80.3,81.0,-0.9,3158
20111108,5655693,449888103,80.5,81.6,78.6,79.0,-2.0,3255
20111109,3746955,295087291,79.5,80.0,77.7,77.7,-1.3,2253
20111110,5708930,427741567,75.2,76.4,74.1,74.3,-3.4,3134
20111111,5189341,398884392,75.0,79.0,74.3,78.9,4.6,3179
20111114,6822397,547029370,80.5,80.9,79.2,79.3,0.4,3288
20111115,6121025,488857719,79.5,80.5,79.0,79.1,-0.2,3199
20111116,4860774,381390672,79.3,80.5,76.5,77.0,-2.1,2914
20111117,3392636,265293744,77.0,78.7,76.5,78.7,1.7,2090
20111118,4836521,377457096,78.2,79.0,77.1,77.1,-1.6,2484
20111121,3944419,301045713,77.0,77.6,75.3,75.7,-1.4,2152
20111122,3052861,232976336,77.5,77.5,75.4,75.7,0.0,1984
20111123,5159709,374830394,75.7,75.7,70.5,71.0,-4.7,3272
20111124,4166149,296397616,70.0,72.7,69.0,71.2,0.2,2558
20111125,5179156,360854568,72.2,72.6,68.1,68.8,-2.4,2961
20111128,4790714,346370139,70.8,73.6,70.6,73.6,4.8,2751
20111129,6109016,460654414,74.0,76.6,74.0,76.5,2.9,3622
20111130,6278487,469823972,76.8,76.8,73.3,73.3,-3.2,3516
20111201,5410906,420172225,78.0,78.3,76.8,78.3,5.0,3192
20111202,2263760,175869599,78.0,78.2,77.0,77.9,-0.4,1520
20111205,3450355,269658562,78.0,79.6,77.0,77.0,-0.9,2283
20111206,2421526,183344199,77.1,77.3,75.1,75.1,-1.9,1602
20111207,3521150,266063370,76.0,76.5,74.6,76.5,1.4,2153
20111208,3422475,253155894,76.2,76.2,73.1,73.6,-2.9,2212
20111209,2879800,210295157,71.8,74.3,71.1,72.9,-0.7,1693
20111212,1838368,135610059,74.8,74.8,73.1,74.1,1.2,1169
20111213,1857828,136178120,73.3,73.8,72.7,73.4,-0.7,1254
20111214,2685175,196445358,74.0,74.0,72.5,73.4,0.0,1477
20111215,2061875,149018573,72.6,72.9,71.9,72.0,-1.4,1387
20111216,2126207,152290999,71.7,72.5,71.1,71.1,-0.9,1390
20111219,2431801,170488142,70.0,70.7,69.6,69.8,-1.3,1556
20111220,4194859,290487110,70.0,71.3,67.7,68.5,-1.3,2739
20111221,3472704,252636320,72.6,73.2,71.0,73.2,4.7,2022
20111222,2132143,156848607,74.0,74.3,72.8,73.5,0.3,1367
20111223,3084512,231942704,75.0,76.0,74.3,75.8,2.3,1989
20111226,2033546,152472090,75.3,75.7,74.3,74.8,-1.0,1264
20111227,1441885,108248337,75.3,75.5,74.4,75.3,0.5,989
20111228,1164558,87347921,74.9,75.5,74.5,75.0,-0.3,814
20111229,1610375,121231746,75.0,75.7,74.3,75.6,0.6,1015
20111230,2622489,199755304,76.1,76.6,75.7,75.9,0.3,1351
20120102,1155090,86088836,75.6,75.6,73.8,73.8,-2.1,781
20120103,2354306,178635808,75.0,76.4,74.5,76.3,2.5,1680
20120104,3490236,270935682,77.4,78.3,76.8,77.6,1.3,2151
20120105,1466814,113468292,77.5,77.7,76.9,77.6,0.0,910
20120106,2060243,160054879,78.0,78.5,77.1,77.7,0.1,1393
20120109,2166983,167411396,77.1,78.2,76.1,77.1,-0.6,1310
20120110,6255396,495759774,77.9,80.3,77.9,79.3,2.2,3478
20120111,10234957,844737410,79.8,83.3,79.8,83.0,3.7,5716
20120112,10883678,929217430,83.4,86.6,83.4,85.0,2.0,5409
20120113,4683161,395905390,86.5,86.6,83.6,84.5,-0.5,3052
20120116,3363799,282446123,85.5,85.5,83.0,83.9,-0.6,1971
20120117,6336184,550522460,84.6,89.6,84.4,87.4,3.5,3557
20120118,4115238,357356668,86.5,88.5,85.4,86.0,-1.4,2263
20120130,5576990,489822540,89.0,89.4,85.7,86.0,0.0,3409
20120131,6441186,550521021,86.0,88.0,83.1,84.1,-1.9,3635
20120201,8244133,719049298,85.1,89.0,84.4,88.9,4.8,4906
20120202,12468512,1172338295,91.9,95.1,91.9,94.4,5.5,5574
20120203,5424770,501378476,94.0,94.2,91.2,92.2,-2.2,2993
20120204,5013414,467292807,92.9,94.6,91.6,91.6,-0.6,2629
20120206,5390348,493940620,90.6,93.4,90.0,90.0,-1.6,3331
20120207,4563794,415963085,90.0,92.1,90.0,90.3,0.3,2504
20120208,6843933,622149556,91.9,91.9,90.3,91.3,1.0,3786
20120209,10249840,944576132,91.5,93.5,90.0,92.1,0.8,4961
20120210,16706713,1452353818,90.9,91.0,85.7,85.7,-6.4,8879
20120213,11833285,1014004066,85.8,87.7,83.7,87.0,1.3,6549
20120214,7048932,606897156,88.1,88.4,84.6,85.2,-1.8,3661
20120215,12410253,1098141427,86.5,90.5,85.8,89.5,4.3,7069
20120216,6570041,576920616,89.5,90.2,86.0,86.1,-3.4,3987
20120217,4726651,412863237,88.0,88.5,86.1,86.5,0.4,2650
20120220,3936308,344568904,87.0,88.6,86.1,88.0,1.5,2342
20120221,7047666,611842142,88.0,88.0,86.2,86.6,-1.4,2939
20120222,7167348,632188088,86.2,89.6,86.2,88.5,1.9,4057
20120223,4056322,356487136,88.5,88.6,87.0,87.0,-1.5,2185
20120224,3551882,311324034,87.6,88.5,87.0,87.0,0.0,2128
20120229,4709155,417688740,88.5,89.4,87.8,88.0,1.0,2738
20120301,9358219,849832444,89.0,92.4,88.7,91.2,3.2,5341
20120302,7353506,671009775,91.8,92.0,90.4,90.7,-0.5,3721
20120303,3260896,295095463,90.0,91.0,89.4,90.7,0.0,1858
20120305,2563602,230246075,90.0,90.7,89.0,89.0,-1.7,1598
20120306,3938886,344910096,89.9,89.9,86.5,87.5,-1.5,2107
20120307,2874135,252102849,86.0,88.9,85.8,87.5,0.0,1826
20120308,3112283,275932613,88.8,89.9,87.1,89.2,1.7,1961
20120309,4938127,446919588,89.2,91.9,88.6,90.6,1.4,3005
20120312,1592543,143328481,90.6,91.1,88.8,89.0,-1.6,1157
20120313,1637770,147064108,90.5,90.7,89.0,89.5,0.5,1256
20120314,11034321,1019776683,91.7,93.3,90.5,91.9,2.4,5670
20120315,6312583,584611268,92.0,93.3,91.6,92.9,1.0,3447
20120316,5528124,512754299,93.0,93.8,91.3,91.3,-1.6,2505
20120319,2344351,216098156,92.5,92.8,91.3,92.5,1.2,1328
20120320,4458276,413544967,93.0,94.0,91.7,92.3,-0.2,2348
20120321,6426036,593921192,93.2,93.8,91.0,91.7,-0.6,2665
20120322,4492510,416640006,92.5,93.6,91.8,92.5,0.8,2599
20120323,2320219,214264870,92.8,92.8,91.8,92.6,0.1,1182
20120326,2247764,206045494,92.6,92.6,91.1,91.7,-0.9,1506
20120327,3211267,290361368,91.7,92.0,89.5,90.0,-1.7,1863
20120328,2634541,238561352,90.4,91.0,90.0,90.7,0.7,1884
20120329,5018276,442186740,89.4,90.2,86.9,88.0,-2.7,3198
20120330,2849295,252267350,88.8,89.9,87.4,89.9,1.9,1614
20120402,1992469,179356946,89.9,91.0,88.5,89.9,0.0,1069
20120403,1843392,164974877,90.5,91.0,89.0,89.5,-0.4,1081
20120405,2879368,246343216,85.3,87.3,83.6,86.5,-3.0,2058
20120406,3296452,290860680,86.5,90.0,85.5,90.0,3.5,2253
20120409,2141712,188534196,87.1,88.7,87.0,88.2,-1.8,1411
20120410,2727011,244173771,89.0,90.1,88.7,89.2,1.0,1918
20120411,2664826,238834640,88.4,90.2,88.0,90.0,0.8,1703
20120412,1956691,175354190,89.2,90.0,88.3,90.0,0.0,1359
20120413,4650874,426249606,90.5,92.4,90.5,91.1,1.1,2704
20120416,1791843,161112947,90.0,90.5,89.5,89.5,-1.6,1176
20120417,2267280,202335191,90.0,90.5,88.1,88.2,-1.3,1447
20120418,2736767,240442609,89.8,89.8,87.2,87.5,-0.7,1953
20120419,3282291,284470408,88.0,88.0,85.0,88.0,0.5,1731
20120420,2223952,194222529,87.4,88.0,86.7,87.0,-1.0,1211
20120423,1887463,163352781,87.0,87.5,85.6,87.5,0.5,1344
20120424,2772688,237882720,86.8,87.2,85.0,85.2,-2.3,1704
20120425,2560306,219189058,85.2,86.5,85.2,85.2,0.0,1689
20120426,3899897,341615441,86.0,88.3,85.8,87.9,2.7,2406
20120427,2010847,175411136,88.0,88.4,86.3,88.0,0.1,1275
20120430,1580455,139858463,88.0,89.2,87.4,88.5,0.5,1089
20120502,3409047,309256055,89.4,91.5,88.7,90.7,2.2,2032
20120503,2056251,188406041,91.3,92.6,90.7,91.0,0.3,1408
20120504,2156621,197399868,91.0,92.2,90.1,90.5,-0.5,1381
20120507,3134602,278044978,88.8,89.5,88.4,88.8,-1.7,1841
20120508,2001441,181581012,89.6,91.5,89.4,90.3,1.5,1308
20120509,2550158,231622578,89.9,91.5,89.2,91.1,0.8,1702
20120510,2048868,182084702,91.0,91.3,87.6,88.0,-3.1,1381
20120511,2101462,183954637,88.0,88.4,86.7,87.5,-0.5,1553
20120514,1193146,104723148,87.5,88.5,87.2,87.7,0.2,746
20120515,1419458,124468204,87.7,88.4,87.1,87.8,0.1,1033
20120516,3067813,262887050,87.8,87.9,84.5,84.6,-3.2,2229
20120517,2101155,180121487,85.0,86.4,84.9,86.4,1.8,1544
20120518,2704375,232143017,86.0,86.8,84.4,84.5,-1.9,1578
20120521,1977082,171332588,86.4,87.4,85.8,86.5,2.0,1290
20120522,1327736,115734023,87.8,87.8,86.7,87.4,0.9,880
20120523,3945539,349032170,86.5,89.3,86.3,89.2,1.8,2370
20120524,2358681,208593898,89.4,90.0,87.7,88.0,-1.2,1417
20120525,1983235,173362811,88.5,88.6,86.5,87.8,-0.2,1240
20120528,1921584,168507711,87.0,88.9,86.7,88.9,1.1,1056
20120529,4017964,358420472,89.0,89.9,88.9,89.5,0.6,2053
20120530,3979217,357701477,89.5,90.6,89.0,89.8,0.3,2224
20120531,5540212,487761977,89.0,89.5,87.3,88.6,-1.2,2860
20120601,3147472,274065864,86.8,87.8,86.5,86.5,-2.1,1741
20120604,3470356,291812168,84.0,87.3,81.6,87.3,0.8,2014
20120605,3275924,284836958,87.5,88.4,85.8,85.8,-1.5,2085
20120606,1267588,110557311,86.9,88.0,86.3,87.1,1.3,988
20120607,1731701,150388622,88.1,88.1,86.2,87.0,-0.1,1031
20120608,1888296,163172258,86.5,87.2,85.5,87.0,0.0,1285
20120611,2480347,216879560,88.0,88.6,86.7,87.5,0.5,1780
20120612,1791000,153998800,86.3,86.8,85.6,86.0,-1.5,1174
20120613,1609566,139086781,86.7,86.8,86.1,86.2,0.2,1095
20120614,2973458,259518158,86.9,88.5,86.5,86.6,0.4,1726
20120615,2172477,191086916,87.1,88.5,87.1,88.1,1.5,1229
20120618,3448656,311768908,90.0,91.2,89.5,89.5,1.4,2011
20120619,3723052,334927749,89.9,92.0,88.7,92.0,2.5,1938
20120620,3172683,289202510,91.9,91.9,90.6,91.0,-1.0,2104
20120621,2709936,245648840,90.4,92.0,89.6,90.0,-1.0,1782
20120622,1420838,127032370,89.0,89.7,89.0,89.5,-0.5,1055
20120625,3595885,325453187,90.0,91.0,90.0,90.5,1.0,2338
20120626,1488634,134111960,90.0,90.6,89.4,90.0,-0.5,921
20120627,2433261,219136390,90.3,90.6,89.5,90.0,0.0,1220
20120628,2141885,194948301,91.5,91.5,90.0,90.5,0.5,1408
20120629,1398199,127605163,90.1,91.5,90.1,91.4,0.9,970
20120702,4693560,438305680,91.5,94.7,91.5,93.5,2.1,2971
20120703,3915481,371258642,94.5,95.3,93.7,95.0,1.5,2243
20120704,2258647,214711222,95.0,95.4,94.5,95.3,0.3,1370
20120705,1857583,176245663,95.3,95.4,94.5,95.0,-0.3,1156
20120706,2251978,208139298,95.0,95.1,91.0,91.0,-4.0,1708
20120709,2835794,261414616,91.0,93.3,91.0,92.0,1.0,1331
20120710,4057020,370487620,92.5,92.8,90.0,91.0,-1.0,2161
20120711,3637291,313649906,86.0,87.2,85.4,86.2,,1719
20120712,3406037,289509896,86.9,87.0,83.6,83.6,-2.6,2152
20120713,4813394,394059435,83.0,84.4,80.6,82.0,-1.6,2628
20120716,1062528,87860356,83.0,83.2,82.5,82.5,0.5,725
20120717,2185996,178283967,80.5,82.5,80.0,81.7,-0.8,1334
20120718,2323848,190621536,82.3,82.6,81.6,82.0,0.3,1495
20120719,1446130,119644846,82.9,83.2,82.1,82.7,0.7,976
20120720,1463657,122919847,83.7,84.5,83.1,84.5,1.8,1030
20120723,2577430,212150372,83.5,83.5,81.8,82.3,-2.2,1261
20120724,1619160,132483399,81.4,82.8,81.1,82.5,0.2,741
20120725,1417315,117024545,82.0,83.2,81.6,83.0,0.5,843
20120726,1323367,109053894,82.5,83.1,81.8,82.5,-0.5,819
20120727,3767434,318499398,83.7,85.2,82.7,84.8,2.3,1757
20120730,1913776,164327236,86.0,86.5,85.3,86.0,1.2,1084
20120731,2303618,200248945,86.0,87.9,85.1,87.6,1.6,1436
20120801,959423,84094249,88.0,88.0,87.0,87.6,0.0,702
20120803,1362668,117893009,86.6,87.6,85.8,86.1,-1.5,991
20120806,2330268,200654483,87.8,87.9,84.6,85.9,-0.2,1660
20120807,1456517,126475111,86.9,87.5,86.3,86.3,0.4,1053
20120808,9262615,844934659,89.0,92.3,88.7,91.7,5.4,5204
20120809,9286945,863695185,92.0,95.0,92.0,93.0,1.3,5464
20120810,3896211,358629836,93.0,93.2,91.0,91.3,-1.7,2421
20120813,3017944,278085383,93.0,93.4,91.1,91.2,-0.1,1923
20120814,2996289,274943642,92.0,92.7,91.1,91.2,0.0,1766
20120815,2742090,249937298,91.6,91.7,90.7,91.3,0.1,1631
20120816,4445305,412066135,92.6,93.5,91.9,92.6,1.3,2787
20120817,4330077,402586434,93.2,94.1,92.4,92.9,0.3,2317
20120820,4059564,377357121,94.0,94.3,92.3,92.6,-0.3,2246
20120821,3852078,357819554,93.0,93.5,92.4,93.0,0.4,1712
20120822,3365560,314653699,93.0,93.9,92.8,93.7,0.7,1602
20120823,9437700,906481900,94.3,97.1,94.0,96.1,2.4,5532
20120824,5156434,498625462,96.1,97.5,96.0,96.5,0.4,2440
20120827,1460487,139796265,96.5,97.0,95.1,95.5,-1.0,1012
20120828,2243163,209206575,95.5,95.5,92.5,92.5,-3.0,1583
20120829,3062864,289580833,93.0,95.2,93.0,95.2,2.7,1771
20120830,3654117,344969064,95.0,95.7,94.3,95.5,0.3,1904
20120831,5506732,532298325,96.0,97.3,95.5,96.5,1.0,2812
20120903,4783823,464175610,96.5,97.3,96.4,97.0,0.5,2400
20120904,5869675,572801550,97.0,98.4,95.7,98.2,1.2,2678
20120905,4998222,489584256,98.0,98.4,96.9,98.4,0.2,2086
20120906,6135266,594610448,97.5,98.1,97.1,97.3,-1.1,2142
20120907,9032810,902655480,98.5,101.5,98.5,100.0,2.7,3593
20120910,26492352,2563321200,98.0,100.0,96.9,100.0,0.0,3572
20120911,6548364,654898400,98.5,102.0,98.5,100.5,0.5,3025
20120912,14731439,1540474767,102.0,107.5,101.5,106.0,5.5,5475
20120913,4784625,498581662,106.0,106.0,103.0,103.5,-2.5,2631
20120914,4107119,428039794,105.5,106.5,103.0,104.0,0.5,2394
20120917,3709173,379911473,104.0,104.5,101.5,101.5,-2.5,1732
20120918,4369314,443636542,101.0,104.0,100.5,100.5,-1.0,2307
20120919,5021517,514015493,102.0,104.0,100.5,104.0,3.5,2260
20120920,4843209,497177818,104.5,105.0,101.0,102.0,-2.0,2455
20120921,4781266,491424751,103.5,104.0,102.0,102.5,0.5,2374
20120924,14134480,1511037820,105.0,109.0,105.0,109.0,6.5,6600
20120925,4971884,530729133,109.0,109.0,105.5,106.5,-2.5,3261
20120926,5957378,621866119,106.5,107.0,103.0,103.5,-3.0,2895
20120927,5052231,524847293,105.0,106.0,102.5,103.0,-0.5,2445
20120928,6222941,655513746,104.5,106.5,103.5,106.0,3.0,3091
20121001,4335933,456435532,105.0,107.5,103.5,104.0,-2.0,2557
20121002,2272498,237868290,105.0,105.5,104.0,105.0,1.0,1265
20121003,3108579,323805922,105.0,105.5,103.5,103.5,-1.5,1642
20121004,2626486,269505811,103.0,104.0,101.5,102.5,-1.0,1615
20121005,2761909,285323569,104.0,104.5,102.5,103.5,1.0,1548
20121008,11645696,1234340276,105.5,107.0,104.5,106.0,2.5,4633
20121009,5652933,599336898,107.0,107.5,105.0,106.0,0.0,3045
20121011,5380497,556279685,105.0,105.5,100.0,105.0,-1.0,2568
20121012,3645996,378356084,104.0,105.0,102.5,104.0,-1.0,1752
20121015,2507756,260239624,105.0,105.0,103.0,104.0,0.0,1198
20121016,4590840,478689268,105.0,105.5,103.5,104.5,0.5,1853
20121017,7221697,773123520,105.5,108.5,105.5,105.5,1.0,3318
20121018,2379094,250810464,106.0,106.0,104.5,106.0,0.5,1378
20121019,3917603,412143618,106.5,106.5,104.5,106.0,0.0,1307
20121022,3725723,388317915,104.0,105.5,102.0,105.0,-1.0,1866
20121023,3838969,400827506,104.5,105.0,103.5,104.5,-0.5,1016
20121024,13641800,1497566640,104.5,111.5,103.5,110.5,6.0,5637
20121025,7464565,816721650,110.5,111.0,108.0,110.0,-0.5,3042
20121026,5053306,545504577,110.5,110.5,106.0,106.5,-3.5,2394
20121029,4884596,528274150,108.5,110.0,107.0,108.5,2.0,2798
20121030,7318146,802372113,109.0,111.0,107.5,111.0,2.5,2827
20121031,6949302,765336720,111.5,111.5,109.0,110.0,-1.0,2753
20121101,9315194,1060161616,110.0,117.5,109.5,114.5,4.5,4178
20121102,5826033,678515795,115.0,118.5,114.5,115.0,0.5,3298
20121105,3599167,413595538,114.0,118.5,112.5,114.0,-1.0,2189
20121106,4910077,559248855,115.5,116.0,111.0,115.0,1.0,3012
20121107,7101111,798587242,115.0,115.5,111.0,112.0,-3.0,3440
20121108,5812351,641800126,110.5,111.5,109.0,111.5,-0.5,3228
20121109,4407326,492137338,111.0,113.5,110.0,113.0,1.5,2724
20121112,2807028,316165164,113.0,113.5,111.5,113.0,0.0,1650
20121113,2624425,294295175,113.5,113.5,111.0,112.0,-1.0,1680
20121114,1520610,169391010,112.0,112.5,110.5,111.5,-0.5,1065
20121115,1844943,204687673,111.0,112.0,109.5,111.0,-0.5,1098
20121116,5236675,564054383,109.5,111.5,106.0,106.5,-4.5,3088
20121119,3572704,390348375,106.5,111.5,106.0,108.5,2.0,2405
20121120,2000096,218869505,111.0,111.0,108.0,110.0,1.5,1171
20121121,1986177,217804877,111.0,111.0,108.5,109.5,-0.5,969
20121122,3773596,413135260,111.0,111.0,107.5,110.0,0.5,1570
20121123,8488328,966203220,111.0,116.0,111.0,115.0,5.0,4195
20121126,3497172,400295280,115.5,116.5,113.5,115.0,0.0,2189
20121127,3075525,352209104,115.0,115.5,113.5,114.5,-0.5,1854
20121128,4243466,491521090,113.5,117.0,113.5,115.0,0.5,2415
20121129,4024663,467624245,116.0,117.5,115.0,115.0,0.0,2155
20121130,5443981,640935777,117.0,118.5,116.5,117.0,2.0,2911
20121203,2403634,282148849,117.0,118.5,116.5,116.5,-0.5,1560
20121204,3926616,462430483,116.5,118.5,116.5,118.5,2.0,1962
20121205,4070325,492119650,117.5,123.0,117.5,122.0,3.5,2377
20121206,5597430,677073960,122.5,125.5,121.5,123.0,1.0,3104
20121207,2786928,340912216,121.5,123.5,120.0,123.0,0.0,1911
20121210,2308591,277777420,124.0,124.0,119.0,120.0,-3.0,1469
20121211,2041664,241774837,121.0,121.0,117.5,119.5,-0.5,1394
20121212,2895497,349789637,121.5,121.5,119.5,121.0,1.5,1437
20121213,2042702,246925442,121.0,121.5,120.5,121.0,0.0,1131
20121214,1419771,169405127,121.0,121.0,118.5,119.5,-1.5,986
20121217,1404061,165735720,119.5,119.5,117.0,118.5,-1.0,1035
20121218,1902335,223402855,118.5,119.0,116.0,117.5,-1.0,1257
20121219,1861844,217341320,117.5,118.0,116.0,117.0,-0.5,1301
20121220,4510829,516886335,115.5,116.0,112.0,115.5,-1.5,2435
20121221,2304395,263614135,114.5,116.0,113.0,113.0,-2.5,1428
20121222,1999274,232375410,113.5,117.5,113.5,116.5,3.5,1023
20121224,703657,82022381,118.5,118.5,115.0,115.5,-1.0,536
20121225,1002118,116310806,115.5,117.0,114.5,117.0,1.5,639
20121226,1295200,151800990,117.5,118.0,116.5,118.0,1.0,862
20121227,2017967,236892118,118.0,118.0,116.5,117.5,-0.5,1185
20121228,5029297,582462890,118.5,118.5,114.5,117.5,0.0,2407
20130102,3269476,391179620,118.5,121.0,117.0,120.0,2.5,1630
20130103,4427283,538619743,122.0,123.0,121.0,121.0,1.0,1733
20130104,2438349,291543701,121.5,121.5,118.5,119.5,-1.5,1455
20130107,2148218,252160288,118.5,119.0,116.5,116.5,-3.0,1138
20130108,2297423,266019776,116.5,116.5,114.5,116.5,0.0,1459
20130109,1568979,182562064,116.0,117.5,115.5,116.5,0.0,1023
20130110,2615397,309564023,117.0,119.0,117.0,119.0,2.5,1477
20130111,1200454,141628118,118.5,119.5,117.0,118.0,-1.0,802
20130114,1987690,228915540,117.0,117.0,114.0,116.0,-2.0,1209
20130115,7518966,829103760,114.5,115.5,108.0,109.0,-7.0,3558
20130116,8344134,904971801,108.0,111.5,104.5,111.0,2.0,3742
20130117,3133067,343331178,110.5,111.5,108.0,108.5,-2.5,1689
20130118,5246187,589211944,110.5,114.0,110.0,112.0,3.5,2197
20130121,2118754,241958456,113.0,115.0,112.5,114.5,2.5,1352
20130122,1507670,173448220,114.0,116.0,113.5,116.0,1.5,1076
20130123,2198212,252137244,114.5,116.0,112.5,112.5,-3.5,1568
20130124,1520298,172328021,112.5,114.0,111.5,113.0,0.5,887
20130125,1231599,139309088,114.0,114.0,112.0,113.0,0.0,882
20130128,1563735,179952260,113.0,116.5,113.0,116.5,3.5,1186
20130129,2293986,270006348,117.0,119.0,116.5,118.0,1.5,1538
20130130,1631278,194001304,119.0,120.0,118.5,119.0,1.0,1070
20130131,1671574,197161158,119.5,119.5,117.0,117.5,-1.5,1085
20130201,3177694,369353653,119.0,119.5,115.5,116.0,-1.5,1902
20130204,2293633,265302795,117.0,117.0,114.5,116.0,0.0,1295
20130205,2930715,341688519,115.5,118.5,114.5,118.5,2.5,1841
20130206,3744643,442473544,119.0,119.0,116.5,117.5,-1.0,2030
20130218,2579748,308137376,120.0,120.0,118.5,120.0,2.5,1496
20130219,4248452,519573644,120.5,126.0,119.5,123.0,3.0,2413
20130220,5262434,661086827,125.0,127.5,123.0,127.5,4.5,2932
20130221,4796395,605156165,128.0,128.0,124.5,127.0,-0.5,2189
20130222,3295107,415009232,127.5,127.5,125.0,126.0,-1.0,1631
20130223,989074,122765702,126.0,126.5,123.5,124.5,-1.5,729
20130225,4401178,540395716,124.5,124.5,122.0,122.0,-2.5,1789
20130226,3034374,367057880,120.0,123.5,120.0,120.0,-2.0,1548
20130227,7713349,965069776,123.0,128.0,122.5,124.0,4.0,3502
20130301,4802999,599122364,124.0,126.5,123.5,124.5,0.5,2551
20130304,3117629,388829429,123.5,125.5,123.5,125.5,1.0,1905
20130305,5868348,767426588,125.5,133.5,125.5,131.0,5.5,3688
20130306,7512231,1013597454,132.0,136.5,131.5,135.0,4.0,3641
20130307,6884368,906004708,131.0,133.5,131.0,131.0,-4.0,3190
20130308,6984967,905061776,130.0,130.5,128.0,128.0,-3.0,2946
20130311,7611615,974776605,127.0,129.5,127.0,127.0,-1.0,2404
20130312,10159329,1313819762,127.0,131.0,126.5,128.5,1.5,3529
20130313,3714693,484234427,129.5,131.0,129.5,130.5,2.0,1778
20130314,2872156,371538780,130.0,131.0,126.0,131.0,0.5,1418
20130315,4268913,563169460,132.0,133.5,130.5,132.5,1.5,1781
20130318,2360313,303734900,131.5,131.5,127.5,127.5,-5.0,1566
20130319,2891507,371536436,129.0,129.5,128.0,128.0,0.5,1523
20130320,2806135,355139316,127.5,128.5,124.0,125.5,-2.5,1693
20130321,2613688,336653752,127.0,130.0,127.0,129.5,4.0,1845
20130322,3630597,465268501,127.5,130.0,125.0,129.5,0.0,1996
20130325,1234185,160465050,129.5,131.0,128.5,130.5,1.0,994
20130326,1531693,199241897,131.0,131.0,129.0,129.0,-1.5,1125
20130327,1180686,154169830,130.5,132.0,129.5,129.5,0.5,856
20130328,1547231,201272139,129.0,131.0,129.0,130.5,1.0,982
20130329,1292121,167700663,130.5,131.0,128.5,129.5,-1.0,838
20130401,1570919,205521889,130.0,131.5,129.5,131.0,1.5,1008
20130402,2291600,304545900,131.0,134.5,130.5,134.5,3.5,1479
20130403,5602462,768200294,134.5,139.0,134.0,138.0,3.5,3046
20130408,2876201,380757122,134.0,136.0,130.0,132.5,-5.5,1986
20130409,1921303,250688890,133.0,133.5,128.5,129.5,-3.0,1427
20130410,5046682,644590949,132.0,132.0,126.0,127.5,-2.0,2668
20130411,5610493,750692562,130.0,135.5,129.5,134.0,6.5,2990
20130412,2628616,353581160,132.5,135.5,132.0,135.0,1.0,1562
20130415,2322315,311516210,135.0,135.0,133.0,134.0,-1.0,1238
20130416,5029300,673473938,130.5,136.5,130.5,136.5,2.5,2247
20130417,3308960,450454575,137.0,137.5,135.0,135.5,-1.0,1889
20130418,2709367,368373912,135.0,137.0,133.5,136.0,0.5,1410
20130419,4743644,659087160,136.5,141.5,136.0,140.0,4.0,2651
20130422,2930317,414551697,141.0,142.5,140.0,141.5,1.5,1911
20130423,1771778,247167920,140.0,141.5,138.5,140.0,-1.5,1302
20130424,3931948,564352456,140.0,146.5,140.0,144.5,4.5,2364
20130425,2388057,341765169,144.5,144.5,142.0,144.0,-0.5,1436
20130426,2969054,425979614,144.0,145.5,141.0,142.0,-2.0,1734
20130429,1267542,179334380,144.0,144.0,140.0,141.0,-1.0,904
20130430,4355882,635860542,144.0,149.0,143.5,144.0,3.0,2713
20130502,4802395,712463355,145.0,151.0,145.0,150.0,6.0,3223
20130503,3814031,578855698,150.0,153.0,149.5,153.0,3.0,2458
20130506,2358936,361779698,153.5,155.0,152.0,154.0,1.0,1270
20130507,3711959,579650604,155.0,158.0,153.0,156.5,2.5,2077
20130508,2852810,439746522,155.0,155.0,152.5,155.0,-1.5,2008
20130509,7215968,1071922828,150.0,151.0,145.0,146.0,-9.0,4335
20130510,10961840,1598571280,146.0,151.0,141.0,141.5,-4.5,5602
20130513,3617736,520299984,141.5,145.5,141.5,144.0,2.5,2289
20130514,3798233,541302688,145.0,145.5,141.0,142.5,-1.5,2005
20130515,5311355,754244078,142.5,144.0,141.0,142.0,-0.5,2750
20130516,6343488,932481965,143.0,150.5,143.0,147.5,5.5,3820
20130517,3874929,580700872,147.5,151.5,147.5,149.5,2.0,2532
20130520,2711082,405791554,151.5,152.5,146.5,147.0,-2.5,1784
20130521,3550324,524857952,146.0,149.0,146.0,148.0,1.0,1707
20130522,3981646,586514780,149.0,149.5,145.0,147.5,-0.5,2128
20130523,4516872,653525568,145.0,147.0,143.5,144.0,-3.5,2412
20130524,5670445,811899783,144.5,145.5,141.5,141.5,-2.5,2705
20130527,3431473,491979612,141.5,145.5,141.0,144.0,2.5,1820
20130528,3961495,584103003,143.0,149.0,143.0,147.5,3.5,2369
20130529,2950170,436629660,149.0,149.0,147.5,148.0,0.5,1861
20130530,1896610,278783876,146.5,148.0,146.0,148.0,0.0,1150
20130531,4873161,736203536,149.5,152.5,148.0,152.5,4.5,2807
20130603,2603837,394011224,150.0,152.5,148.5,152.0,-0.5,1602
20130604,3901146,580880254,153.0,153.0,146.5,149.0,-3.0,2391
20130605,2230196,329911906,147.5,149.0,147.0,147.0,-2.0,1312
20130606,3581477,511561688,146.0,146.5,141.0,142.0,-5.0,2328
20130607,4444209,642933486,145.0,146.0,143.0,143.5,1.5,2990
20130610,2180961,316545345,144.5,146.5,144.0,145.0,1.5,1493
20130611,2601848,369715416,143.0,144.0,141.0,141.5,-3.5,1918
20130613,4485520,625711780,140.0,143.0,135.5,139.0,-2.5,3092
20130614,2764391,379283474,140.0,140.5,135.0,135.0,-4.0,1768
20130617,2893949,397514962,137.0,139.5,135.5,138.0,3.0,1870
20130618,2986462,410166756,138.0,138.5,135.5,137.5,-0.5,1894
20130619,3100038,436158820,139.0,142.0,138.5,140.0,2.5,1900
20130620,3633816,503575792,138.0,141.0,137.0,137.0,-3.0,2125
20130621,11581371,1500679601,135.0,135.0,127.5,129.0,-8.0,4265
20130624,6028244,783851220,128.0,131.5,128.0,130.0,1.0,3265
20130625,4749187,617958623,130.0,133.5,125.0,129.0,-1.0,2689
20130626,5476132,718939722,131.5,134.0,129.0,130.5,1.5,3000
20130627,5196484,711239512,134.0,139.5,132.0,139.5,9.0,2780
20130628,6710247,958812429,142.5,145.5,140.5,145.5,6.0,3778
20130701,3818202,553519790,145.0,147.5,142.0,145.0,-0.5,2150
20130702,2919935,421090510,146.0,146.5,143.0,144.0,-1.0,1656
20130703,1344607,192545992,144.0,145.5,142.0,142.0,-2.0,959
20130704,4611377,636734966,144.0,144.0,134.0,138.0,-4.0,2576
20130705,2800464,398630538,139.0,145.0,137.0,144.5,6.5,1908
20130708,3292733,459847353,143.5,143.5,136.5,140.5,-4.0,1971
20130709,8654226,1164925558,138.0,138.0,131.5,133.0,-7.5,4880
20130710,15222263,1959663953,131.5,132.5,125.0,130.5,-2.5,7589
20130711,6782499,904116110,133.0,135.0,130.5,133.5,3.0,4001
20130712,6054000,791701500,133.5,133.5,129.0,132.0,-1.5,3703
20130715,5326004,702891028,132.0,133.5,129.5,132.0,0.0,3300
20130716,11109969,1436394639,130.5,131.5,127.5,131.0,-1.0,5412
20130717,16020804,1996926000,129.0,129.5,122.5,123.5,-7.5,7424
20130718,14608980,1754794040,120.0,123.0,117.5,122.0,-1.5,6602
20130719,14701455,1817198229,121.0,125.5,120.5,122.5,0.5,5559
20130722,5998529,733317067,123.5,124.5,120.5,123.0,0.5,2880
20130723,5835187,736734331,123.5,128.0,123.5,127.5,4.5,3369
20130724,2055282,261090314,127.5,128.0,126.0,127.0,-0.5,1033
20130725,2726199,349315370,127.0,130.0,125.5,130.0,3.0,1562
20130726,3826808,496481438,131.0,131.0,127.5,130.5,0.5,1818
20130729,4334312,567833872,131.0,132.0,129.5,131.0,0.5,2177
20130730,3485684,454255420,130.0,131.5,128.0,131.0,0.0,1911
20130731,2123015,278263980,131.0,132.5,129.0,132.5,1.5,1218
20130801,3317378,433628518,133.0,133.0,128.5,131.0,-1.5,1644
20130802,1704447,224508774,131.0,132.5,130.5,131.5,0.5,1075
20130805,5623903,708745181,130.0,130.0,123.5,127.0,-4.5,2895
20130806,4832649,604149793,127.0,127.0,123.5,124.5,-2.5,2802
20130807,6164666,733919256,121.5,122.5,116.0,116.0,-8.5,3486
20130808,14233936,1620620578,112.5,117.5,109.0,116.5,0.5,5372
20130809,4964028,573513787,114.5,117.0,113.5,116.5,0.0,2490
20130812,2225057,253939555,116.5,117.0,112.0,114.5,-2.0,1568
20130813,4394630,528326165,115.0,122.5,115.0,122.5,8.0,2665
20130814,4173018,511489195,123.0,124.0,120.5,122.5,0.0,2070
20130815,5302191,610525583,116.0,116.5,113.0,113.0,,2785
20130816,5568696,639274690,111.0,115.5,111.0,115.0,2.0,2898
20130819,5114496,572823621,112.0,114.5,110.0,110.5,-4.5,3146
20130820,5175796,577562091,110.0,113.0,110.0,111.0,0.5,2906
20130822,7207064,775049672,108.0,108.5,105.5,107.0,-4.0,4008
20130823,4681458,525201712,109.0,114.0,109.0,114.0,7.0,2908
20130826,4326595,502754219,114.0,118.0,114.0,114.5,0.5,2705
20130827,4569728,538516676,115.5,119.5,115.5,116.5,2.0,2937
20130828,3974451,469964718,116.0,120.0,115.5,118.0,1.5,2821
20130829,3956892,476735932,118.5,121.5,118.5,121.5,3.5,2523
20130830,5606548,687830670,122.5,124.5,121.0,124.5,3.0,3276
20130902,2901808,355205768,124.5,124.5,120.5,122.0,-2.5,2023
20130903,5308031,657899356,123.0,127.0,121.0,124.5,2.5,3096
20130904,2160144,265814568,124.5,125.0,122.0,122.0,-2.5,1468
20130905,5552945,703987866,124.0,129.5,123.0,129.5,7.5,3612
20130906,4403266,562569410,129.0,130.0,126.5,128.0,-1.5,2677
20130909,4066539,527668070,130.0,130.5,129.0,130.0,2.0,2711
20130910,3322870,430822600,132.0,132.0,127.0,131.0,1.0,2382
20130911,2372751,304812630,131.5,131.5,126.5,130.0,-1.0,1676
20130912,3522181,443202659,130.0,130.0,124.0,124.0,-6.0,2638
20130913,3456019,433583894,124.5,127.0,124.5,125.5,1.5,2191
20130914,575773,71664352,125.5,126.0,123.5,124.5,-1.0,454
20130916,2663493,333748873,126.0,127.0,124.5,125.5,1.0,1901
20130917,2030111,251979764,126.5,126.5,123.5,124.0,-1.5,1399
20130918,3213846,399913447,124.5,125.5,123.0,123.5,-0.5,2042
20130923,2525387,314639375,125.0,125.5,124.0,125.0,1.5,1481
20130924,2784421,351669888,126.0,128.0,125.0,128.0,3.0,1765
20130925,3059132,385884058,127.5,127.5,125.0,126.0,-2.0,1925
20130926,2709027,334924294,127.0,127.5,121.5,122.0,-4.0,1616
20130927,3310989,407661649,123.0,125.0,122.0,122.5,0.5,2376
20130930,1512584,185742534,120.5,124.0,120.5,122.5,0.0,1066
20131001,2055504,256966747,124.0,126.0,123.5,125.5,3.0,1579
20131002,2877935,355964033,125.5,126.5,122.0,122.5,-3.0,2301
20131003,4112057,510097739,123.5,126.0,122.5,124.5,2.0,2568
20131004,4117940,503122740,124.5,125.5,120.5,121.0,-3.5,2882
20131007,3058230,363910370,120.5,121.5,117.0,117.5,-3.5,2232
20131008,5195686,606472721,118.0,120.0,114.5,115.0,-2.5,3284
20131009,3859079,444493618,115.0,117.0,114.0,115.0,0.0,2206
20131011,3269572,378968424,116.5,117.0,115.0,116.5,1.5,1867
20131014,2849849,329293484,117.0,117.0,114.0,116.5,0.0,1676
20131015,1799407,208704408,117.5,117.5,115.0,116.5,0.0,1249
20131016,6677390,740535480,116.5,116.5,109.0,110.0,-6.5,4491
20131017,5719516,631383276,110.5,113.0,109.0,109.5,-0.5,3085
20131018,6162065,681849780,110.0,112.5,107.5,112.0,2.5,3679
20131021,2920037,326061644,111.5,113.0,110.0,111.5,-0.5,1943
20131022,1987785,221043920,111.5,112.0,110.5,111.0,-0.5,1285
20131023,3657366,414934224,111.5,115.0,111.0,114.0,3.0,2324
20131024,1715237,194265781,112.5,114.0,112.5,114.0,0.0,1323
20131025,2768408,312714895,114.0,115.0,111.5,112.5,-1.5,1644
20131028,2362176,264926712,113.5,113.5,111.5,112.0,-0.5,1324
20131029,1935330,217238452,112.0,113.0,111.5,112.0,0.0,984
20131030,6478732,747622876,113.0,118.0,112.5,118.0,6.0,3187
20131031,5648632,662719076,118.0,118.5,115.5,116.5,-1.5,2775
20131101,4835187,569434253,118.0,119.0,116.5,119.0,2.5,2266
20131104,2550218,301361224,119.5,119.5,117.0,118.0,-1.0,1438
20131105,2001911,233483805,119.0,119.0,115.0,115.0,-3.0,1321
20131106,4574255,513104181,115.0,116.0,110.0,111.5,-3.5,2452
20131107,4362660,485036083,110.0,112.5,109.0,111.0,-0.5,2084
20131108,1899570,214132622,111.0,114.0,110.5,112.5,1.5,1355
20131111,1075571,119639881,112.0,113.0,110.5,110.5,-2.0,785
20131112,2943885,331826060,111.5,114.0,111.0,112.5,2.0,1777
20131113,2032443,226744893,112.0,112.5,110.5,110.5,-2.0,1697
20131114,1522986,170229936,112.0,112.5,110.0,111.5,1.0,1017
20131115,4711580,532795120,112.0,114.5,111.5,112.0,0.5,2218
20131118,4358956,480285160,112.5,113.0,108.0,109.5,-2.5,2658
20131119,3603515,393860150,109.5,110.0,108.5,109.5,0.0,2207
20131120,3730828,407262080,110.0,110.5,108.5,108.5,-1.0,2095
20131121,2268031,244892879,108.0,108.5,107.5,108.0,-0.5,1628
20131122,2839194,309873432,108.0,110.5,107.5,110.5,2.5,1736
20131125,2027405,221948550,111.0,111.0,108.0,108.5,-2.0,1597
20131126,5049450,557871000,108.5,111.5,108.0,110.5,2.0,1853
20131127,6758452,773999384,110.0,118.0,109.5,117.0,6.5,3670
20131128,9227729,1091202424,116.5,120.0,116.0,116.5,-0.5,4786
20131129,4551622,540616824,118.5,119.5,117.0,119.5,3.0,2917
20131202,2230629,267320851,120.5,121.0,118.5,119.0,-0.5,1418
20131203,2161237,260447440,119.5,122.0,119.5,120.5,1.5,1272
20131204,2697292,328610264,120.5,123.5,120.0,122.5,2.0,1811
20131205,3411424,413547880,123.0,124.0,119.5,120.5,-2.0,2112
20131206,2276237,276424414,121.5,122.0,120.5,122.0,1.5,1230
20131209,3370883,420952429,123.5,126.0,123.0,124.5,2.5,2215
20131210,3750841,458033102,125.0,125.5,120.5,122.0,-2.5,2018
20131211,3135865,375117362,122.0,123.0,118.5,119.5,-2.5,2014
20131212,7472736,864037640,118.0,118.5,114.0,114.0,-5.5,4094
20131213,5874584,677720412,114.0,118.0,114.0,118.0,4.0,3634
20131216,2790054,329914450,118.0,119.5,117.0,119.5,1.5,1810
20131217,1556259,184672432,120.0,120.0,118.0,118.0,-1.5,1132
20131218,3034967,365551507,119.5,122.0,118.5,121.0,3.0,1994
20131219,3046713,368489773,123.0,123.0,119.0,121.5,0.5,1804
20131220,3447983,411327460,120.5,121.5,118.0,120.0,-1.5,1937
20131223,2231804,267833075,121.0,122.0,119.0,120.0,0.0,1309
20131224,1207883,143430633,119.5,120.5,118.0,118.5,-1.5,840
20131225,1254012,149757430,119.0,120.5,118.5,119.5,1.0,667
20131226,875812,104669031,119.5,120.0,119.0,119.5,0.0,615
20131227,2295022,275461640,120.0,121.0,119.5,120.0,0.5,1501
20131230,1363900,163315544,120.5,121.0,119.0,120.0,0.0,926
20131231,3513609,429170298,121.0,123.0,120.5,122.0,2.0,1947
20140102,4703847,586023791,122.5,126.0,122.5,125.5,3.5,2906
20140103,4499416,557618372,125.0,125.5,122.5,123.5,-2.0,2028
20140106,4626051,562797171,123.5,123.5,119.5,121.0,-2.5,2718
20140107,5532769,687975484,122.0,125.5,121.5,124.5,3.5,2795
20140108,8725199,1126787370,125.5,132.5,125.5,130.0,5.5,5205
20140109,8369429,1100840977,130.5,135.0,129.0,130.5,0.5,4504
20140110,3873766,498669018,131.5,131.5,127.5,128.0,-2.5,1957
20140113,4682507,610124880,129.0,132.5,129.0,130.0,2.0,2277
20140114,2822105,363831045,128.5,131.0,127.5,128.5,-1.5,1738
20140115,6538076,837317380,129.0,130.0,126.0,130.0,1.5,3380
20140116,7260823,915418552,128.0,129.0,124.0,124.0,-6.0,4314
20140117,5698758,701852609,124.0,126.0,122.0,122.5,-1.5,3248
20140120,4431058,541978076,122.5,124.5,121.0,122.0,-0.5,2841
20140121,4880970,610481750,123.5,126.5,123.0,125.0,3.0,2662
20140122,4867403,613929071,125.0,127.5,125.0,125.5,0.5,2750
20140123,4641495,573451390,125.5,126.0,122.0,122.0,-3.5,2636
20140124,3148743,383895146,122.0,123.0,120.5,122.0,0.0,1953
20140127,4125832,497184084,120.5,121.5,119.0,121.5,-0.5,2186
20140205,6832730,813912153,118.0,122.0,117.5,121.5,0.0,3664
20140206,4922948,593230730,121.0,122.0,119.0,120.0,-1.5,2197
20140207,7006147,866077228,121.5,125.5,121.0,124.0,4.0,3617
20140210,3294995,414540875,126.0,126.5,125.0,125.0,1.0,2097
20140211,2948520,371788000,125.5,127.0,125.0,125.0,0.0,1752
20140212,9906506,1290401518,126.0,132.5,126.0,130.5,5.5,5098
20140213,7250231,947999068,132.5,134.0,128.0,128.0,-2.5,3912
20140214,8914098,1181325534,130.0,134.0,130.0,133.0,5.0,5556
20140217,7241925,971771329,134.5,136.0,131.5,135.5,2.5,4411
20140218,5504142,743544028,135.5,137.0,134.0,134.5,-1.0,2854
20140219,5391718,735869995,135.0,138.0,134.5,137.5,3.0,3557
20140220,3917383,535412971,136.5,137.5,135.5,137.5,0.0,2535
20140221,5247038,715727168,139.0,139.5,134.0,136.5,-1.0,2672
20140224,3245498,442999228,137.0,137.5,135.5,136.5,0.0,1848
20140225,2688390,369679430,137.5,138.5,136.5,137.5,1.0,2009
20140226,2748524,379119546,137.0,138.5,137.0,138.5,1.0,1947
20140227,5708457,796053283,139.5,141.5,138.0,139.0,0.5,3613
20140303,6988621,991159337,139.0,146.0,137.5,146.0,7.0,4533
20140304,6729279,953001141,143.5,145.0,139.0,139.0,-7.0,4440
20140305,5133303,720984059,141.5,142.5,139.5,140.5,1.5,2643
20140306,4736088,664381320,141.0,143.0,139.0,140.5,0.0,2165
20140307,5225741,735586859,143.0,144.0,139.5,139.5,-1.0,2701
20140310,3361696,459326156,138.0,139.5,135.0,136.5,-3.0,2170
20140311,5238573,720580709,137.0,139.5,136.5,136.5,0.0,2788
20140312,2658973,365351274,136.5,138.5,136.5,138.0,1.5,1515
20140313,7446086,1032169954,139.0,140.5,137.5,139.0,1.0,3339
20140314,5313594,740241264,140.0,141.0,138.5,138.5,-0.5,2609
20140317,2416001,337086140,139.5,140.5,138.5,140.0,1.5,1302
20140318,6326357,904950862,142.0,144.0,142.0,142.5,2.5,3476
20140319,3169488,451090046,143.5,144.0,141.0,142.0,-0.5,1737
20140320,5486479,772246060,143.0,143.0,139.5,140.5,-1.5,2694
20140321,5231087,726452006,141.5,142.5,137.5,138.5,-2.0,2320
20140324,5755585,793716601,138.5,139.5,137.0,138.5,0.0,2711
20140325,3987668,555542513,138.5,141.5,138.5,138.5,0.0,1994
20140326,4843158,670141962,140.0,140.5,137.5,138.5,0.0,2295
20140327,4960285,694154185,139.0,142.0,139.0,141.0,2.5,2694
20140328,6026031,836991317,141.0,141.5,137.0,139.5,-1.5,2807
20140331,4643077,645063238,142.0,142.0,137.5,139.5,0.0,2242
20140401,10134939,1465638655,142.0,148.0,141.0,145.0,5.5,5959
20140402,6944013,1020782400,145.5,148.0,145.5,148.0,3.0,3474
20140403,5164695,753164275,149.5,150.0,144.5,145.0,-3.0,3023
20140407,5272194,755574916,143.5,145.0,142.0,144.0,-1.0,3426
20140408,4832850,685228700,143.0,143.0,140.5,142.0,-2.0,2791
20140409,5413011,774394562,144.0,144.5,142.0,143.0,1.0,3029
20140410,4051951,577735444,144.5,145.0,141.5,143.5,0.5,2076
20140411,3179766,452159038,141.5,143.0,141.0,143.0,-0.5,1986
20140414,2675686,378722540,142.0,144.0,140.0,140.0,-3.0,1762
20140415,3652412,520246916,141.0,144.0,140.5,143.0,3.0,2079
20140416,5335933,769989852,144.0,145.0,143.0,144.0,1.0,3183
20140417,6143512,898949496,145.0,148.0,143.5,147.5,3.5,3635
20140418,2583838,375946010,147.5,147.5,144.5,145.5,-2.0,1514
20140421,3426004,490949569,145.0,145.5,142.0,143.5,-2.0,2398
20140422,6349324,905392662,144.0,144.5,141.5,142.5,-1.0,2747
20140423,16144222,2205027692,141.5,142.0,133.5,136.0,-6.5,7683
20140424,7064764,969215696,137.0,139.0,135.0,139.0,3.0,3957
20140425,5426593,751515127,139.0,140.0,137.0,139.0,0.0,2677
20140428,4031472,554702608,137.0,139.0,136.5,138.0,-1.0,1895
20140429,4068061,573565723,138.5,143.5,138.0,142.5,4.5,2424
20140430,6395974,889869860,142.5,142.5,137.0,139.5,-3.0,3855
20140502,6687896,954446279,141.5,144.5,141.0,142.5,3.0,3434
20140505,8412145,1229525315,144.5,148.0,142.5,147.5,5.0,4706
20140506,10571140,1569552860,147.5,151.5,144.5,150.0,2.5,5129
20140507,11851931,1770404813,153.0,153.0,146.0,147.5,-2.5,5884
20140508,3998104,591385834,149.5,149.5,146.5,147.5,0.0,2241
20140509,3350026,493643322,149.0,149.0,146.0,147.0,-0.5,1728
20140512,4107496,591373214,146.5,147.0,142.0,144.0,-3.0,1773
20140513,3264886,468159762,146.5,146.5,142.0,142.0,-2.0,2034
20140514,2474167,355104126,143.0,144.5,142.5,144.5,2.5,1239
20140515,1723063,247899072,143.0,145.0,143.0,144.5,0.0,925
20140516,5832677,828186811,142.5,144.0,139.5,144.0,-0.5,2866
20140519,3640460,526414423,142.0,146.0,142.0,146.0,2.0,1827
20140520,2144143,313425164,146.0,147.5,145.0,145.0,-1.0,1430
20140521,3019430,436770200,146.0,147.0,143.5,144.5,-0.5,1349
20140522,1867407,271310712,146.0,146.0,144.5,146.0,1.5,981
20140523,2375698,348910946,146.0,148.0,145.5,148.0,2.0,1514
20140526,3221403,480428237,146.5,150.5,146.5,150.0,2.0,1958
20140527,6011485,918555720,150.0,154.5,150.0,153.0,3.0,3384
20140528,5588030,857205090,153.0,155.0,152.0,154.0,1.0,2633
20140529,2952461,453985533,153.5,154.5,153.0,154.0,0.0,1760
20140530,4596260,705042641,154.5,154.5,151.5,153.5,-0.5,2609
20140603,3343345,500081060,152.5,153.0,147.5,148.0,-5.5,2222
20140604,3977723,586289781,148.0,149.5,146.0,148.0,0.0,2109
20140605,5445215,788801175,147.0,148.0,143.5,145.0,-3.0,3265
20140606,8166643,1208568664,147.0,150.0,146.0,148.0,3.0,3142
20140609,5265237,789806050,150.0,151.0,148.0,150.0,2.0,2734
20140610,2806049,420299801,150.0,150.5,148.5,150.0,0.0,1365
20140611,2727023,406019407,151.0,151.5,147.5,148.5,-1.5,1760
20140612,6236812,907132740,146.5,147.0,144.5,145.0,-3.5,3193
20140613,9298064,1320593088,144.0,144.5,140.0,142.0,-3.0,4637
20140616,6516606,933781700,142.0,145.0,141.5,145.0,3.0,3160
20140617,4122656,598743620,146.0,146.5,143.5,145.0,0.0,1612
20140618,4158871,605475225,146.0,146.5,144.5,146.5,1.5,1960
20140619,2443771,358324337,146.5,147.5,145.0,147.0,0.5,1224
20140620,2376153,347958907,146.0,147.5,145.0,147.5,0.5,975
20140623,3831880,554226720,147.5,147.5,142.5,143.0,-4.5,1954
20140624,5857531,832432132,142.0,144.0,141.0,141.0,-2.0,2325
20140625,4166540,591137180,141.5,144.0,139.0,143.0,2.0,1732
20140626,1100411,157900773,144.0,144.5,142.5,144.0,1.0,807
20140627,3653279,528394788,144.0,145.5,143.0,144.0,0.0,1699
20140630,2610430,380346780,145.5,147.0,143.5,147.0,3.0,1548
20140701,2535916,375497068,147.0,149.0,146.0,148.0,1.0,1615
20140702,4199631,626892194,149.5,150.5,147.0,149.0,1.0,2335
20140703,2126187,315456863,148.0,150.0,147.0,150.0,1.0,1240
20140704,1607607,238188729,149.5,149.5,147.0,148.0,-2.0,978
20140707,2316685,343417065,146.0,149.5,146.0,149.5,1.5,1436
20140708,5619171,856275067,150.5,153.5,150.5,153.5,4.0,2949
20140709,3312093,506442213,153.5,154.5,151.5,152.5,-1.0,1881
20140710,4658008,717832212,153.5,154.5,153.0,154.5,2.0,2458
20140711,4827760,727347500,153.5,153.5,147.5,150.0,-4.5,1859
20140714,4233255,636927371,150.0,153.0,149.0,151.5,1.5,2327
20140715,4963368,747805380,152.0,152.5,149.5,151.5,0.0,2119
20140716,2443224,366305876,151.5,151.5,149.0,150.0,-1.5,1056
20140717,3076251,456231018,150.5,151.0,147.0,147.5,-2.5,1953
20140718,2927349,431497303,146.0,149.5,146.0,147.5,0.0,1318
20140721,1830200,269867795,148.0,149.5,146.5,147.5,0.0,1046
20140722,1669526,246893580,148.0,148.5,147.5,148.5,1.0,1110
20140724,1210681,180555469,148.5,150.0,148.5,149.5,1.0,896
20140725,3530937,518752676,149.5,150.0,144.0,148.0,-1.5,1835
20140728,8112361,1223749594,148.5,158.0,144.5,154.5,6.5,3960
20140729,7229387,1116566262,155.5,156.0,152.0,156.0,1.5,2982
20140730,4524257,701257696,156.0,156.5,153.5,155.0,-1.0,2047
20140731,5609124,880998472,156.0,161.5,154.0,154.0,-1.0,2837
20140801,6153332,926052796,151.0,154.5,147.5,153.0,-1.0,2896
20140804,3618177,559406081,154.0,156.0,153.0,154.0,1.0,1647
20140805,5440138,860575813,157.0,163.5,155.0,155.5,1.5,3284
20140806,3650407,566136779,157.5,158.5,152.0,155.5,0.0,2178
20140807,6016403,932420352,156.0,159.0,152.5,153.5,-2.0,3021
20140808,3557959,538008809,152.5,153.0,150.0,150.5,-3.0,2652
20140811,4093808,640554164,152.5,158.5,152.5,157.5,7.0,2456
20140812,3381841,534682946,157.5,160.0,156.0,157.5,0.0,2285
20140813,3622183,572852414,158.5,159.5,155.5,158.0,0.5,2045
20140814,4390077,678338358,153.5,156.5,152.0,154.5,,2547
20140815,2472202,384496702,156.0,157.0,154.0,155.0,0.5,1580
20140818,1541660,239542128,155.0,157.0,154.0,154.0,-1.0,1033
20140819,1713179,266428245,155.0,156.0,154.5,156.0,2.0,1121
20140820,4355869,664717719,156.0,157.0,151.0,151.0,-5.0,2663
20140821,8306386,1216167242,150.5,151.5,143.5,146.5,-4.5,4550
20140822,4297269,649544014,148.0,153.5,148.0,153.0,6.5,2576
20140825,1085869,165294588,153.0,153.5,151.0,152.0,-1.0,946
20140826,1522961,233523033,153.5,154.0,152.0,154.0,2.0,1070
20140827,1650210,253249920,155.0,155.5,152.5,152.5,-1.5,1117
20140828,1570366,239573308,154.0,154.0,151.5,152.0,-0.5,1159
20140829,2343299,362400747,153.5,157.0,151.5,153.5,1.5,1390
20140901,1647473,254264098,155.5,156.0,152.5,154.0,0.5,1213
20140902,2064343,316583960,153.5,155.0,152.5,152.5,-1.5,1002
20140903,2098350,322592220,154.0,154.5,152.0,154.5,2.0,1153
20140904,2197187,335523424,154.0,155.5,151.5,152.0,-2.5,1271
20140905,867361,132881733,152.5,154.0,152.0,154.0,2.0,597
20140909,2288668,354002036,155.5,156.0,153.5,154.0,0.0,1523
20140910,1399149,213693867,154.0,154.0,151.5,153.5,-0.5,1130
20140911,1151982,177075233,154.5,154.5,153.0,153.0,-0.5,731
20140912,1906818,286744336,152.5,152.5,148.5,151.0,-2.0,1136
20140915,1377171,207030562,151.0,151.5,149.5,150.0,-1.0,990
20140916,1030325,154339085,150.0,151.0,149.0,149.0,-1.0,715
20140917,3042650,463266117,150.0,153.5,150.0,153.0,4.0,2149
20140918,1229157,187502439,152.5,153.5,151.5,153.0,0.0,888
20140919,1584140,241644640,152.0,154.0,151.5,151.5,-1.5,1014
20140922,1697553,254701450,151.0,151.5,149.0,151.0,-0.5,1032
20140923,887978,133259722,150.0,151.0,149.0,150.0,-1.0,634
20140924,1022516,153090127,149.5,150.5,149.0,149.5,-0.5,613
20140925,2139648,315730404,150.0,151.0,146.5,148.0,-1.5,1538
20140926,2197859,321431193,146.5,147.5,145.0,147.5,-0.5,1565
20140929,2008358,294909626,147.0,147.5,146.0,146.5,-1.0,1321
20140930,1786065,265256211,147.5,150.5,146.5,150.5,4.0,1204
20141001,2646055,395264609,148.0,152.0,147.5,148.0,-2.5,1652
20141002,1731511,259059150,149.5,151.0,147.5,151.0,3.0,1200
20141003,1959041,296097191,151.0,152.0,149.5,151.0,0.0,1457
20141006,1465993,223513426,152.5,153.5,150.5,153.0,2.0,1096
20141007,2172975,331815225,154.0,154.0,151.5,152.5,-0.5,1299
20141008,2859299,433191850,152.0,153.5,150.0,151.0,-1.5,1507
20141009,2040783,308719800,152.0,152.5,150.0,151.5,0.5,1340
20141013,4091914,591650570,144.0,146.5,143.0,143.5,-8.0,2328
20141014,2605882,378315949,144.5,146.5,144.0,144.5,1.0,1558
20141015,4583214,663049421,145.5,147.0,143.0,144.5,0.0,2670
20141016,4677269,690643707,144.5,153.0,142.5,149.5,5.0,2971
20141017,5294415,793539078,149.5,151.5,148.0,150.0,0.5,2320
20141020,2173900,329393900,151.5,153.0,150.0,151.5,1.5,1246
20141021,1927412,291686212,151.5,152.5,150.5,151.0,-0.5,1536
20141022,2044121,311436271,153.0,153.5,151.0,151.0,0.0,1347
20141023,4414615,682190825,153.0,156.0,152.5,155.5,4.5,2671
20141024,3235128,502644584,155.5,157.0,153.5,153.5,-2.0,1676
20141027,2710242,420363010,155.0,157.0,153.5,155.0,1.5,1625
20141028,1827381,284131860,156.5,157.0,154.5,155.0,0.0,1368
20141029,1630681,254661236,155.5,157.0,155.0,156.5,1.5,1250
20141030,1777339,278283884,157.0,157.0,156.0,156.0,-0.5,1135
20141031,1588804,248861816,157.0,157.0,156.0,157.0,1.0,1004
20141103,6999614,1137319409,158.0,167.5,158.0,160.0,3.0,4059
20141104,3193268,509991234,160.0,161.5,158.0,159.5,-0.5,2003
20141105,3445073,552337706,162.0,162.0,159.0,160.5,1.0,1834
20141106,3092050,485350300,161.5,162.0,153.0,154.5,-6.0,1968
20141107,8158683,1320758012,157.0,165.0,157.0,164.5,10.0,4044
20141110,7200639,1230652047,165.5,175.5,165.5,174.0,9.5,4382
20141111,4959497,844654493,175.0,175.5,168.0,169.0,-5.0,3270
20141112,3918390,665032520,169.0,174.0,168.0,168.0,-1.0,2661
20141113,1843212,313263925,169.0,172.0,168.0,169.5,1.5,1478
20141114,3301455,551389294,170.0,171.5,164.5,166.5,-3.0,2382
20141117,2844562,479002416,168.5,170.0,167.5,168.0,1.5,2017
20141118,2698287,453422851,168.5,169.0,166.5,168.5,0.5,1670
20141119,4120676,698822401,170.0,172.5,168.0,168.5,0.0,2223
20141120,2803140,473752583,168.5,170.5,168.0,169.0,0.5,1834
20141121,4200243,719123399,169.0,173.0,169.0,173.0,4.0,2707
20141124,2347432,403800151,174.0,175.0,170.0,170.5,-2.5,1619
20141125,2145779,364387930,172.0,172.0,169.0,170.0,-0.5,1278
20141126,2562290,436085800,171.5,172.0,169.0,170.0,0.0,1399
20141127,3860174,669005428,171.0,175.0,170.5,173.0,3.0,2035
20141128,3450017,606040975,174.5,178.0,174.0,175.0,2.0,2306
20141201,4224660,743546000,173.0,178.0,172.5,175.0,0.0,2648
20141202,2493010,435921750,174.0,176.5,173.5,175.0,0.0,1542
20141203,3936943,683282639,176.0,176.5,172.5,173.0,-2.0,2639
20141204,3470149,595161128,174.0,175.0,169.5,171.5,-1.5,2306
20141205,2578348,438835660,172.5,172.5,169.0,169.5,-2.0,1402
20141208,2778667,470262056,170.0,170.5,168.0,168.0,-1.5,1755
20141209,2516792,422697348,168.0,169.0,167.0,169.0,1.0,1771
20141210,2695870,454659030,170.5,171.5,167.0,168.5,-0.5,1697
20141211,2259609,385220139,170.0,172.0,168.0,171.0,2.5,1519
20141212,3140133,535452569,172.5,172.5,169.0,170.0,-1.0,1895
20141215,3383547,571290039,169.0,171.5,166.0,171.5,1.5,2055
20141216,4037955,678303530,170.0,170.5,166.0,166.0,-5.5,2583
20141217,2212045,367387982,166.0,168.0,165.0,167.0,1.0,1612
20141218,2286061,387995870,168.0,171.0,167.5,171.0,4.0,1533
20141219,3753753,640389510,172.0,172.5,168.0,170.0,-1.0,2089
20141222,3247571,545972274,171.0,171.0,167.0,169.5,-0.5,2225
20141223,2438355,416887560,170.0,172.0,169.5,172.0,2.5,1603
20141224,1477968,254161996,172.5,172.5,171.0,172.0,0.0,1083
20141225,782319,134393049,172.5,173.0,171.0,171.5,-0.5,590
20141226,1018662,173382201,172.0,172.5,168.5,169.5,-2.0,843
20141227,747067,127569024,170.5,172.5,169.0,172.0,2.5,362
20141229,3160922,548659350,172.5,175.5,171.0,175.5,3.5,2067
20141230,7198630,1300233900,177.0,186.0,176.0,180.0,4.5,4165
20141231,4634380,820205640,178.5,178.5,175.0,178.0,-2.0,2635
20150105,4785864,844725986,178.0,178.0,175.0,176.0,-2.0,2333
20150106,3856463,677475988,174.5,177.0,174.0,176.0,0.0,2359
20150107,3472958,604416150,177.0,177.0,171.5,174.5,-1.5,2085
20150108,5232731,935931849,176.5,181.0,174.5,179.5,5.0,2993
20150109,6479089,1182190698,179.5,186.0,179.0,182.0,2.5,4187
20150112,2398553,431551256,182.0,182.0,178.5,179.5,-2.5,1891
20150113,3467271,621004480,179.5,182.0,177.5,180.0,0.5,2105
20150114,3088043,562952326,179.0,185.0,178.5,182.5,2.5,2119
20150115,2080850,382956400,184.0,185.5,181.5,185.0,2.5,1460
20150116,2162941,399141144,185.0,186.5,182.5,184.0,-1.0,1613
20150119,1199774,223666464,188.0,188.5,185.0,186.0,2.0,905
20150120,1553172,288285724,188.0,188.0,184.5,184.5,-1.5,1227
20150121,3037320,557588740,186.0,186.0,181.5,182.0,-2.5,1604
20150122,4257511,800937079,184.0,191.5,184.0,189.0,7.0,2378
20150123,6064482,1178242736,191.5,199.5,191.0,194.0,5.0,3388
20150126,4132297,801002821,196.5,196.5,192.0,193.0,-1.0,2244
20150127,7352428,1373308308,193.5,193.5,184.5,186.5,-6.5,4112
20150128,4525747,827448695,184.0,185.0,181.0,184.5,-2.0,2831
20150129,9121378,1601149583,179.0,179.5,172.0,177.5,-7.0,5128
20150130,6027778,1062294650,174.5,178.5,174.5,175.5,-2.0,3678
20150202,12131346,2059358512,172.0,172.5,166.5,171.0,-4.5,6497
20150203,6335882,1089809968,171.0,174.0,170.0,174.0,3.0,3260
20150204,6264540,1108920620,176.0,179.0,175.0,178.0,4.0,3515
20150205,4942887,861211612,178.5,178.5,171.5,175.5,-2.5,3073
20150206,9052145,1522234640,170.5,171.5,166.0,166.0,-9.5,5464
20150209,7418053,1257129750,167.0,171.0,166.0,170.0,4.0,4041
20150210,4535347,762157684,170.5,170.5,167.0,168.0,-2.0,2863
20150211,4664481,803889213,170.5,173.5,170.0,173.0,5.0,3337
20150212,4483751,777128538,173.0,174.5,171.5,173.0,0.0,2696
20150213,2646534,460476848,173.0,175.0,173.0,173.0,0.0,1200
20150224,5827894,1008560034,176.0,176.0,171.0,171.0,-2.0,3043
20150225,4455480,758032620,171.0,172.5,168.5,169.0,-2.0,2940
20150226,3911832,666582440,170.0,172.0,169.0,169.0,0.0,2429
20150302,5328919,906262288,169.0,173.5,167.5,173.0,4.0,3363
20150303,4086379,699150809,174.0,174.5,170.0,171.0,-2.0,2527
20150304,3865916,663705834,169.0,173.5,169.0,171.5,0.5,2303
20150305,3333555,574950975,173.0,174.0,170.5,173.0,1.5,2200
20150306,3871622,672990278,174.0,175.0,171.5,174.0,1.0,2431
20150309,5619787,983044918,174.0,176.5,172.5,174.5,0.5,2215
20150310,4641001,808840172,173.0,177.0,172.0,172.0,-2.5,2736
20150311,2730423,467995910,171.0,173.0,170.0,170.0,-2.0,1898
20150312,3043025,524217279,169.0,174.0,169.0,172.5,2.5,1439
20150313,2490615,426776442,172.0,173.0,170.5,171.5,-1.0,1200
20150316,3408708,581410940,170.5,172.5,170.0,170.0,-1.5,1977
20150317,4715940,804408727,171.5,172.5,169.5,170.5,0.5,2561
20150318,5965013,1016651210,170.5,172.0,169.5,170.0,-0.5,3350
20150319,5484049,953934477,171.0,175.5,170.5,173.0,3.0,3564
20150320,4274779,742927837,173.0,176.5,172.5,172.5,-0.5,2416
20150323,3057399,526229326,174.0,175.0,171.0,171.5,-1.0,2061
20150324,3243655,554291801,171.5,173.0,170.0,170.0,-1.5,2068
20150325,5334523,891936009,170.0,171.0,164.5,164.5,-5.5,3467
20150326,8849462,1418855920,163.0,163.5,158.0,160.0,-4.5,5097
20150327,9340302,1470418187,160.0,162.5,154.0,155.0,-5.0,4922
20150330,4968822,770183256,156.5,157.0,153.5,155.0,0.0,2591
20150331,6202683,995467796,157.0,162.0,157.0,162.0,7.0,2396
20150401,2872438,463925292,162.0,162.5,160.0,161.5,-0.5,1917
20150402,3919006,642367453,162.5,165.0,162.0,164.0,2.5,2270
20150407,2532749,415522834,165.5,166.0,163.0,164.0,0.0,2030
20150408,4052049,644444242,163.0,163.5,156.5,156.5,-7.5,3125
20150409,10653788,1613095212,155.0,155.0,148.5,152.5,-4.0,5533
20150410,4879604,738538912,153.0,155.0,150.0,152.0,-0.5,3333
20150413,7377570,1153479560,153.5,158.0,153.0,158.0,6.0,2902
20150414,2207154,346069332,156.5,158.0,155.0,157.0,-1.0,1368
20150415,2924490,451435960,157.0,157.5,152.0,154.0,-3.0,1816
20150416,3501059,541628204,154.5,156.0,151.5,156.0,2.0,2124
20150417,3255716,506092285,156.0,156.5,154.0,155.0,-1.0,1264
20150420,3226477,502659958,156.0,157.5,154.0,154.5,-0.5,2098
20150421,1935941,297157532,154.5,156.0,152.0,152.0,-2.5,1353
20150422,8070219,1199664912,150.5,152.0,146.5,148.0,-4.0,4020
20150423,6640395,1031137410,150.5,158.0,149.0,158.0,10.0,4198
20150424,4521587,719802199,159.0,160.5,157.0,160.5,2.5,2968
20150427,2802730,454456030,161.5,163.0,160.0,161.5,1.0,1925
20150428,5842940,955946210,163.5,166.0,162.0,164.0,2.5,3329
20150429,3527275,566439000,164.5,164.5,159.5,159.5,-4.5,2109
20150430,4381204,695695048,159.5,161.5,156.5,161.0,1.5,2500
20150504,4985365,794594805,162.5,163.0,157.0,157.0,-4.0,2846
20150505,6417686,975084607,156.0,157.0,150.5,151.0,-6.0,4155
20150506,11574460,1774587300,148.0,159.0,145.5,154.0,3.0,5909
20150507,6398892,968738192,152.5,155.0,150.0,150.0,-4.0,3911
20150508,3263650,498680470,152.0,154.5,151.0,151.5,1.5,2158
20150511,2996865,460395320,154.0,154.5,152.5,153.5,2.0,2070
20150512,4666396,704260542,151.0,153.0,149.0,151.0,-2.5,2541
20150513,7246322,1142117454,153.0,161.0,152.0,158.5,7.5,4331
20150514,3866583,603155948,158.0,158.5,154.5,155.5,-3.0,2507
20150515,3058794,485536152,156.5,160.0,156.0,158.0,2.5,2073
20150518,3028988,478012816,159.0,159.0,156.5,157.5,-0.5,1738
20150519,3203007,513030105,159.0,161.0,157.5,160.0,2.5,2108
20150520,3456551,558770062,160.0,162.5,160.0,162.0,2.0,2062
20150521,3151380,503489300,162.0,162.0,158.5,160.0,-2.0,2229
20150522,3418616,548626792,162.0,162.0,159.0,160.5,0.5,2008
20150525,2200804,352771424,160.5,161.0,159.5,161.0,0.5,963
20150526,4908144,809463904,162.5,166.0,162.5,166.0,5.0,2836
20150527,5649597,923659408,165.0,165.5,162.5,164.0,-2.0,3016
20150528,6903171,1143447215,166.0,167.0,165.0,165.0,1.0,3180
20150529,5894820,988778243,167.5,169.0,166.0,167.5,2.5,3176
20150601,5514114,919261139,168.5,169.0,163.0,167.5,0.0,2745
20150602,3295290,545832140,166.5,167.0,164.5,165.0,-2.5,2248
20150603,2949553,486369517,165.0,166.5,163.5,165.5,0.5,1276
20150604,3481318,572356732,165.5,166.0,163.5,163.5,-2.0,2198
20150605,5826777,921669203,163.0,163.0,154.0,157.5,-6.0,3643
20150608,5517774,855606970,155.0,156.5,154.0,154.5,-3.0,3560
20150609,6652609,998744891,154.0,155.0,147.5,149.0,-5.5,4126
20150610,3218881,489403613,152.0,154.0,149.5,153.0,4.0,2424
20150611,4001938,598416226,153.0,153.5,148.0,148.5,-4.5,2609
20150612,2666293,403769888,149.0,153.0,148.5,151.5,3.0,1978
20150615,1986730,297915730,151.0,151.5,149.0,150.0,-1.5,1168
20150616,3087675,457233411,149.0,150.0,147.0,148.5,-1.5,2155
20150617,5426995,815682245,149.0,152.5,148.0,148.5,0.0,3879
20150618,5341307,793532974,147.0,151.0,146.0,149.0,0.5,2960
20150622,4794485,737239925,152.0,156.5,151.0,153.5,4.5,2677
20150623,2413018,368426236,155.0,155.5,151.0,151.0,-2.5,1926
20150624,1522460,231069186,152.0,154.0,151.0,151.0,0.0,1043
20150625,2382717,363240774,152.0,154.0,151.0,151.5,0.5,1660
20150626,1165524,177599696,152.0,153.0,152.0,152.0,0.5,833
20150629,2372964,353543636,150.0,150.5,148.0,148.0,-4.0,1713
20150630,2306817,345714050,149.0,151.0,148.0,149.0,1.0,1630
20150701,2826808,427922316,150.0,152.5,149.5,151.0,2.0,2003
20150702,1649477,248733504,151.0,152.0,150.0,150.0,-1.0,1166
20150703,1624384,244170308,149.5,151.5,149.0,150.5,0.5,1041
20150706,2627240,392100500,149.5,152.5,148.0,148.0,-2.5,1767
20150707,2728022,403752256,148.5,150.0,147.0,147.0,-1.0,1921
20150708,5561544,784404292,146.0,147.0,136.0,140.0,-7.0,3540
20150709,5628540,781651840,135.0,141.0,133.5,138.5,-1.5,2741
20150713,5428714,765038702,141.0,142.5,139.0,141.0,2.5,3068
20150714,8379306,1086945974,133.5,134.0,126.0,127.5,,4981
20150715,6098584,781726533,129.0,130.0,126.5,128.5,1.0,3858
20150716,6114460,781395340,130.0,131.0,125.5,127.5,-1.0,3562
20150717,4501200,574753500,129.0,129.5,126.0,129.5,2.0,2662
20150720,3493838,444806341,130.0,130.5,126.0,126.5,-3.0,2098
20150721,2264923,285024756,125.5,127.0,125.0,126.5,0.0,1595
20150722,2419267,307164536,126.5,128.0,126.0,127.5,1.0,1632
20150723,3861554,479026858,126.5,127.0,122.0,124.0,-3.5,2593
20150724,5228407,639291375,122.5,125.5,118.0,125.5,1.5,2817
20150727,6637886,789666827,122.5,125.0,113.0,114.5,-11.0,4028
20150728,6987409,808629963,114.5,118.0,111.5,117.0,2.5,3948
20150729,6410276,738242097,116.5,117.0,113.5,114.0,-3.0,3252
20150730,4913272,561427272,112.5,116.0,112.5,114.0,0.0,2574
20150731,7433084,860580660,115.5,117.5,114.5,114.5,0.5,3251
20150803,4767384,532638508,115.0,115.0,110.0,112.0,-2.5,3140
20150804,6952833,750225131,112.0,113.0,105.0,107.0,-5.0,3830
20150805,4137349,440949513,106.0,108.5,104.0,107.5,0.5,2946
20150806,11076581,1244739574,110.5,116.0,109.0,114.0,6.5,5261
20150807,5904204,650361831,112.5,113.0,108.5,109.0,-5.0,3565
20150810,4155749,462657509,108.0,113.5,107.0,113.0,4.0,2501
20150811,5506909,633032076,115.0,116.0,113.5,114.5,1.5,3379
20150812,4121099,468569286,114.0,115.5,111.0,115.0,0.5,2532
20150813,3426110,398351480,115.0,119.0,113.5,119.0,4.0,2179
20150814,3888868,445687013,117.0,118.5,112.5,113.0,-6.0,2832
20150817,2858512,317840772,113.0,113.0,110.0,110.5,-2.5,1566
20150818,4484645,502493340,110.5,113.5,110.5,112.0,1.5,2143
20150819,4213304,462985365,113.0,113.0,108.0,110.0,-2.0,2459
20150820,5310382,586070512,110.0,112.5,108.0,111.0,1.0,2789
20150821,5072134,540042838,108.5,109.0,105.0,106.0,-5.0,3256
20150824,6946224,698914853,103.0,104.5,95.7,102.0,-4.0,3744
20150825,3562534,370950304,98.0,106.5,98.0,106.5,4.5,2464
20150826,3974406,422887676,106.5,108.5,104.5,106.0,-0.5,2206
20150827,5570811,588308915,105.0,108.0,103.5,104.0,-2.0,2945
20150828,5086730,540837410,106.0,108.0,105.0,105.0,1.0,2799
20150831,4369309,466882181,106.5,109.0,105.0,109.0,4.0,2372
20150901,1887578,202941290,108.0,109.0,106.0,108.5,-0.5,1482
20150902,2238904,239603228,106.5,108.0,106.0,106.5,-2.0,1678
20150903,2519854,270694232,108.0,108.5,106.5,108.0,1.5,1686
20150904,3958073,436822603,108.0,112.5,107.5,109.0,1.0,2654
20150907,2874382,316315208,109.5,111.5,108.0,110.5,1.5,1812
20150908,4126046,466169244,111.5,114.5,111.0,113.0,2.5,2805
20150909,6292926,744872078,116.0,121.0,115.0,120.5,7.5,4071
20150910,4086023,492849806,120.0,121.5,118.5,121.5,1.0,2462
20150911,2591594,313880374,122.0,122.0,120.0,122.0,0.5,1711
20150914,2631683,320801460,122.0,124.0,120.0,120.0,-2.0,1708
20150915,2614820,310754320,121.0,121.0,118.0,119.0,-1.0,1445
20150916,2575231,304579142,120.0,120.5,117.5,117.5,-1.5,1767
20150917,4135798,488929164,119.0,120.0,117.0,118.0,0.5,2139
20150918,3242676,379853426,118.0,118.0,115.5,118.0,0.0,1917
20150921,4302425,486865100,115.5,116.5,111.5,111.5,-6.5,2987
20150922,4785954,533372317,111.5,113.0,109.0,112.0,0.5,2924
20150923,2122064,235834040,110.5,112.0,110.0,111.0,-1.0,1511
20150924,4135992,452267536,112.0,113.0,107.0,107.0,-4.0,2541
20150925,2113997,226941176,107.5,109.0,106.0,107.0,0.0,1693
20150930,7092348,726852009,102.5,104.0,101.5,103.0,-4.0,3985
20151001,5137723,546159720,103.5,108.5,103.0,107.0,4.0,3374
20151002,3098717,333917196,106.5,109.0,105.5,108.0,1.0,1797
20151005,4670761,520874844,110.0,113.5,109.0,111.5,3.5,2900
20151006,2333762,262177344,114.0,114.0,111.5,112.0,0.5,1625
20151007,4479022,491757452,110.5,111.5,108.5,111.5,-0.5,3011
20151008,4026191,453402170,113.0,114.0,111.0,113.5,2.0,2387
20151012,5335979,617324543,114.5,117.5,113.0,117.0,3.5,3715
20151013,4833161,571279998,119.0,119.5,117.0,118.0,1.0,3236
20151014,2910845,338751520,117.5,119.0,115.5,115.5,-2.5,1966
20151015,4337701,506160865,117.0,118.0,116.0,116.0,0.5,2681
20151016,4697101,549214957,117.5,118.0,116.0,117.0,1.0,1521
20151019,3144452,362105201,117.5,118.0,114.0,114.5,-2.5,1640
20151020,2326664,267926860,114.5,116.0,114.5,115.5,1.0,1331
20151021,3793058,433341079,115.5,116.5,113.5,113.5,-2.0,2013
20151022,3096002,353652227,113.5,116.0,113.0,115.0,1.5,1842
20151023,4062755,476963835,118.0,119.0,116.5,117.0,2.0,2282
20151026,1836919,216584523,118.5,119.0,117.0,118.0,1.0,1293
20151027,2595116,306266572,119.0,119.0,117.0,118.0,0.0,2086
20151028,2132534,246919910,118.0,118.5,114.5,115.0,-3.0,1676
20151029,2189642,248541404,116.0,116.5,112.5,112.5,-2.5,1464
20151030,3189553,353488654,112.0,113.0,109.5,111.0,-1.5,2308
20151102,3877905,433000309,109.5,113.0,109.5,112.5,1.5,2227
20151103,5673383,664965694,114.0,119.5,113.0,118.0,5.5,3832
20151104,13670641,1729184189,118.0,129.5,117.5,129.5,11.5,7482
20151105,6966439,902073570,129.5,131.5,127.0,130.5,1.0,4063
20151106,5981290,752403657,130.0,130.0,124.0,124.0,-6.5,3372
20151109,4777369,581353518,123.5,126.0,119.5,120.0,-4.0,2972
20151110,4274358,514293318,119.0,123.0,117.5,120.0,0.0,2985
20151111,3516830,413674689,120.0,120.5,115.0,115.5,-4.5,2724
20151112,3122759,364112936,116.0,118.5,114.5,118.5,3.0,1984
20151113,2023435,239197330,116.0,120.0,116.0,117.0,-1.5,1641
20151116,1926500,225435749,116.0,119.0,115.0,118.0,1.0,1505
20151117,2407588,284238296,120.0,121.0,116.0,116.5,-1.5,1798
20151118,1952816,228027061,115.5,118.0,115.5,116.5,0.0,1555
20151119,1672671,196591678,118.0,119.0,116.0,118.0,1.5,1232
20151120,1923142,224545114,117.5,118.0,116.0,116.5,-1.5,1281
20151123,2517267,296846668,117.5,119.0,116.0,119.0,2.5,1617
20151124,6922433,848048326,119.5,125.5,118.0,122.5,3.5,4017
20151125,3460851,422628389,125.0,125.0,120.5,121.5,-1.0,2390
20151126,2608494,323284762,123.5,125.0,122.5,124.0,2.5,1952
20151127,1516762,185885202,125.0,125.0,121.5,122.0,-2.0,1060
20151130,4064417,483508817,120.0,121.0,118.0,118.5,-3.5,1680
20151201,3392559,412784698,119.5,123.0,119.5,123.0,4.5,2142
20151202,8249359,1061517170,125.5,131.0,125.0,131.0,8.0,4928
20151203,7995565,1061123710,128.0,135.0,127.5,135.0,4.0,4766
20151204,3745251,497238132,133.0,134.5,131.0,133.0,-2.0,2682
20151207,4425832,605865557,136.0,138.0,134.5,137.5,4.5,2799
20151208,7320777,960315010,131.5,133.0,129.0,131.0,-6.5,4669
20151209,4355337,566435310,128.0,133.0,127.0,130.0,-1.0,2513
20151210,5107585,652792550,127.0,132.5,123.5,131.0,1.0,3080
20151211,2536963,324350338,128.5,131.0,126.0,126.0,-5.0,1749
20151214,1784366,224984116,124.0,127.5,123.5,126.5,0.5,1414
20151215,2503297,324572959,128.0,131.0,128.0,129.5,3.0,1741
20151216,2621645,336652915,132.5,132.5,126.5,127.0,-2.5,1767
20151217,3569866,470407240,128.0,133.0,128.0,133.0,6.0,2366
20151218,3549266,472834144,131.0,135.0,130.0,134.0,1.0,2232
20151221,2842202,381017270,133.5,135.5,132.5,135.0,1.0,2052
20151222,4545273,619023082,136.5,140.0,133.5,135.0,0.0,3099
20151223,986662,133266708,135.0,136.0,134.5,135.0,0.0,831
20151224,957470,129573172,136.0,137.0,133.5,135.5,0.5,837
20151225,1015449,138053064,137.0,137.0,134.5,136.5,1.0,797
20151228,1161552,159725072,137.0,138.5,136.0,136.5,0.0,906
20151229,2941362,389404784,136.5,136.5,131.0,132.0,-4.5,2234
20151230,1679548,220677788,133.0,133.5,130.5,131.0,-1.0,1180
20151231,1382926,179852454,131.0,132.5,129.0,129.0,-2.0,971
20160104,2435090,309364467,130.0,130.5,125.0,126.5,-2.5,1830
20160105,3007932,376593394,126.0,127.0,123.0,125.5,-1.0,1878
20160106,3057507,376683610,125.5,126.0,121.0,123.0,-2.5,1995
20160107,4212830,500085017,122.5,123.0,115.5,117.0,-6.0,2976
20160108,3645725,435969583,115.0,121.5,114.5,121.5,4.5,2641
20160111,3334753,387176203,118.0,118.5,114.5,115.5,-6.0,2246
20160112,2304650,270522400,117.0,119.0,116.0,116.0,0.5,1797
20160113,1049652,123794784,118.0,119.0,116.5,117.0,1.0,882
20160114,2044916,232890256,113.0,115.0,112.0,114.5,-2.5,1555
20160115,2036821,235535236,115.0,117.0,114.5,115.5,1.0,1452
20160118,2983317,360186142,113.0,124.0,113.0,123.5,8.0,2214
20160119,2281999,277335379,123.5,124.0,120.0,122.0,-1.5,1684
20160120,3588640,431834160,120.5,122.0,118.0,120.0,-2.0,2332
20160121,3028156,357132096,120.5,121.5,115.5,115.5,-4.5,1864
20160122,2309481,272525758,118.0,119.5,116.5,118.0,2.5,1523
20160125,1800609,217625189,119.5,122.0,118.0,121.5,3.5,1464
20160126,2550816,311981184,121.5,124.0,119.0,124.0,2.5,2015
20160127,1133989,139385158,124.0,124.5,121.5,122.0,-2.0,864
20160128,3234880,409848140,121.5,129.5,121.5,129.0,7.0,2263
20160129,9097545,1232065785,133.0,138.0,132.0,138.0,9.0,5085
20160130,3299811,458726695,138.0,141.0,136.0,137.5,-0.5,2518
20160201,4177196,569964156,137.0,138.5,134.5,136.0,-1.5,2308
20160202,3353134,445889554,136.0,136.0,131.0,132.0,-4.0,2731
20160203,4027989,525024059,128.5,133.5,127.5,131.0,-1.0,2643
20160215,6189856,847196108,131.0,140.0,130.0,135.5,4.5,4390
20160216,3765329,513048570,135.5,137.5,134.5,135.5,0.0,2176
20160217,4131336,561194852,137.5,138.5,133.0,133.0,-2.5,2999
20160218,3968694,534971302,134.0,137.0,133.5,133.5,0.5,2816
20160219,3196118,439785216,135.0,139.0,134.5,138.0,4.5,2387
20160222,2783327,381947627,139.0,139.0,136.0,137.0,-1.0,1193
20160223,1322721,180208411,138.0,138.5,135.5,135.5,-1.5,1117
20160224,1638948,220971448,137.0,137.5,133.5,134.5,-1.0,1320
20160225,3003169,409042734,135.5,137.5,135.0,136.5,2.0,1528
20160226,2826759,389770983,139.0,140.5,136.0,138.0,1.5,1695
20160301,4261783,577651301,136.0,137.0,134.0,135.5,-2.5,3265
20160302,5531192,761559000,138.0,141.0,135.0,135.5,0.0,3801
20160303,3868870,528715743,138.0,138.5,135.5,136.0,0.5,2791
20160304,3735508,504516080,137.0,137.0,134.0,135.0,-1.0,2252
20160307,3906454,529378790,135.5,137.0,134.0,135.0,0.0,2426
20160308,1798865,242431275,135.0,136.0,134.0,135.0,0.0,1480
20160309,2166572,289107421,134.5,135.0,132.5,134.0,-1.0,1595
20160310,2116287,284598584,134.0,135.5,134.0,135.0,1.0,1591
20160311,1741475,233556625,135.0,135.5,132.5,135.0,0.0,1424
20160314,1945692,264350112,135.5,136.5,134.5,136.0,1.0,1488
20160315,3555962,473677446,136.0,136.5,131.5,131.5,-4.5,2723
20160316,3186811,416944552,131.5,133.0,129.5,130.5,-1.0,2437
20160317,3439920,455409126,133.0,134.5,130.5,130.5,0.0,1975
20160318,3936743,521470416,131.5,134.0,131.0,132.5,2.0,2180
20160321,5801241,773389362,135.0,135.5,132.0,134.5,2.0,3378
20160322,9346201,1199150234,132.0,134.0,125.0,126.5,-8.0,5763
20160323,6378588,781533011,126.0,127.0,120.5,121.5,-5.0,4391
20160324,4843849,583167380,121.0,122.5,119.0,119.0,-2.5,3537
20160325,3532878,431658994,120.5,123.5,120.5,122.5,3.5,2695
20160328,2046943,251735432,123.5,124.0,121.5,124.0,1.5,1551
20160329,4374240,549685606,124.5,127.0,124.0,126.0,2.0,3067
20160330,4177339,533767142,128.0,128.5,127.0,128.0,2.0,2622
20160331,4611545,591404520,130.0,130.5,126.0,129.5,1.5,1936
20160401,4256763,530110363,127.5,128.0,122.0,125.0,-4.5,2635
20160406,3076572,374360435,123.0,123.5,120.5,121.5,-3.5,2191
20160407,4642124,556152744,121.0,122.5,118.0,120.0,-1.5,2347
20160408,3088174,371023885,119.0,122.0,118.5,120.0,0.0,1967
20160411,3485115,425248537,120.0,123.5,118.0,123.5,3.5,2019
20160412,2528808,310120884,123.0,123.5,121.5,122.5,-1.0,1861
20160413,5287713,627073483,121.5,122.0,117.0,117.5,-5.0,3893
20160414,4071375,477910555,118.0,119.0,116.0,116.5,-1.0,2731
20160415,4680726,537749442,115.5,116.5,113.0,116.0,-0.5,3329
20160418,3353347,384828252,114.0,116.5,113.5,115.5,-0.5,2238
20160419,11260824,1252293544,116.0,116.5,109.0,109.0,-6.5,6484
20160420,7626841,834629192,110.0,111.5,108.5,109.0,0.0,5429
20160421,5405858,582991729,110.0,110.0,106.5,106.5,-2.5,3722
20160422,5143018,564309503,108.0,111.0,107.5,111.0,4.5,4196
20160425,2577377,287952903,111.0,113.0,109.5,112.0,1.0,1820
20160426,6952699,798272885,114.5,117.0,113.0,114.0,2.0,4612
20160427,2408919,272753847,114.0,114.5,112.5,112.5,-1.5,1736
20160428,2143109,240340259,113.0,113.5,111.0,111.5,-1.0,1578
20160429,2264269,254195397,111.0,113.5,110.5,113.0,1.5,1471
20160503,4084869,451522959,113.0,113.0,110.0,110.0,-3.0,2216
20160504,2531425,275878035,110.0,110.5,108.0,109.0,-1.0,1913
20160505,2416345,262101105,109.0,110.0,107.5,108.5,-0.5,1711
20160506,3659218,395209294,108.0,109.0,107.0,107.0,-1.5,2002
20160509,4114780,451406580,108.5,110.5,108.0,110.0,3.0,2599
20160510,2854058,309592848,109.0,109.5,107.0,108.5,-1.5,1849
20160511,3111472,337979668,108.5,109.5,108.0,108.0,-0.5,1832
20160512,2266404,245479830,108.0,109.0,107.0,108.5,0.5,1479
20160513,8259218,854301890,107.5,107.5,102.0,103.5,-5.0,4574
20160516,3325971,345316647,103.5,105.0,102.5,104.0,0.5,1754
20160517,3534690,372559481,104.0,106.5,103.5,105.5,1.5,2540
20160518,2722510,283704050,104.5,105.5,103.5,104.0,-1.5,1764
20160519,1653383,170615332,104.0,104.5,102.5,103.0,-1.0,1322
20160520,2407883,248060388,103.5,104.0,102.0,102.5,-0.5,1697
20160523,5171006,543593128,103.0,106.5,102.5,105.0,2.5,2894
20160524,10458313,1151106617,110.0,112.0,109.0,109.0,4.0,5343
20160525,5528385,607895152,111.0,111.0,109.0,109.5,0.5,3591
20160526,7788910,874718545,111.0,113.5,110.5,112.5,3.0,3922
20160527,4920175,544056425,113.0,113.0,109.5,109.5,-3.0,3239
20160530,4126605,452958550,109.5,110.5,108.5,109.5,0.0,2720
20160531,6696569,728747521,109.0,110.0,108.0,108.5,-1.0,2946
20160601,4579204,504233644,108.5,111.5,108.5,110.0,1.5,2527
20160602,3182426,350828568,110.0,111.5,109.0,109.0,-1.0,1903
20160603,6812367,722366856,109.0,109.5,104.0,106.0,-3.0,3955
20160604,800552,85675616,106.0,107.5,106.0,107.0,1.0,635
20160606,2822255,303529909,107.5,108.5,106.5,107.5,0.5,1620
20160607,4839205,525407765,108.0,109.0,107.0,109.0,1.5,1942
20160608,2387760,262829600,109.5,111.0,109.5,110.0,1.0,1774
20160613,2245603,243447522,109.0,109.0,107.5,109.0,-1.0,1603
20160614,1442467,158040599,109.0,110.0,108.5,110.0,1.0,1047
20160615,1443631,158717221,110.0,111.0,109.0,110.5,0.5,952
20160616,1766215,192044435,110.0,110.0,108.0,108.5,-2.0,1271
20160617,8326241,944772849,112.0,114.5,112.0,113.5,5.0,4490
20160620,4171405,475636670,115.0,115.5,112.5,114.0,0.5,2955
20160621,3124676,358922916,114.0,116.0,113.5,116.0,2.0,1899
20160622,2267170,261639070,116.0,116.0,114.5,116.0,0.0,1525
20160623,2085536,239733604,116.0,116.5,114.0,114.5,-1.5,1415
20160624,3928599,438810786,115.0,115.5,109.0,111.5,-3.0,2652
20160627,2491310,279093030,110.0,113.0,110.0,112.0,0.5,1619
20160628,2977655,332824340,111.0,112.5,110.0,112.5,0.5,2058
20160629,4634425,527690511,113.0,115.0,112.5,115.0,2.5,2808
20160630,9222428,1088612135,116.0,119.5,115.0,119.5,4.5,5791
20160701,5391018,653556660,121.0,122.5,120.0,120.0,0.5,3680
20160704,3213767,386629540,120.0,121.0,120.0,120.0,0.0,2082
20160705,3521918,420055698,120.0,120.5,118.0,119.5,-0.5,1933
20160706,3286304,387356872,118.5,119.0,116.5,118.0,-1.5,2339
20160707,5383251,650912487,119.0,122.5,118.5,122.0,4.0,2925
20160711,14986938,1884617640,125.0,128.0,124.0,126.5,4.5,7204
20160712,12523256,1463854440,119.5,120.0,114.0,114.5,,6936
20160713,6547163,741842419,116.0,116.5,112.0,112.5,-2.0,4209
20160714,7246632,801480962,111.5,112.0,109.5,111.0,-1.5,4772
20160715,5584960,631340980,112.0,114.0,112.0,113.0,2.0,3369
20160718,4307560,482562220,114.0,114.5,111.0,111.5,-1.5,2865
20160719,4079757,458135659,112.5,113.5,111.0,112.5,1.0,2846
20160720,4737921,530706187,112.5,113.5,111.0,111.0,-1.5,2887
20160721,4148492,468328344,112.5,113.5,111.5,113.0,2.0,2588
20160722,3013866,338576992,113.0,113.5,111.5,112.0,-1.0,2006
20160725,2340063,259954455,112.5,113.0,110.0,110.5,-1.5,1511
20160726,3565901,399896813,110.5,113.5,110.5,113.0,2.5,2002
20160727,5120308,586346420,113.5,115.5,113.0,115.5,2.5,3324
20160728,5574638,643136870,116.0,116.5,114.0,115.5,0.0,3137
20160729,5056842,572825146,115.0,115.5,112.0,112.0,-3.5,2998
20160801,3063831,345034403,112.0,113.5,112.0,113.0,1.0,2097
20160802,4243889,477320457,112.0,113.5,111.5,112.5,-0.5,2324
20160803,3247816,360020663,111.0,112.0,110.0,110.5,-2.0,2171
20160804,3645536,404956257,111.0,112.0,110.0,111.5,1.0,2590
20160805,3335649,372099688,112.0,112.5,110.5,112.0,0.5,2533
20160808,3822137,426930267,113.0,113.0,111.0,111.5,-0.5,2562
20160809,4138709,456275199,112.0,112.5,109.0,110.5,-1.0,2754
20160810,2712659,296115331,111.0,111.0,108.5,109.0,-1.5,2064
20160811,3106559,339419205,109.0,110.0,108.5,109.0,0.0,2412
20160812,2393249,259410392,109.0,109.5,107.5,107.5,-1.5,1848
20160815,3584275,390872608,108.0,110.0,107.5,109.5,2.0,2075
20160816,1827690,198984855,109.5,110.0,108.0,108.0,-1.5,1209
20160817,1961634,212421783,108.0,109.0,107.5,108.0,0.0,1523
20160818,1234321,133760489,108.5,109.5,108.0,108.5,0.5,884
20160819,4938660,535025355,109.0,109.5,107.5,108.0,-0.5,1281
20160822,1943706,208936248,108.0,108.5,106.5,106.5,-1.5,932
20160823,4218472,451435229,106.5,108.5,106.5,107.5,1.0,1303
20160824,1497498,162080280,107.5,109.0,107.5,108.0,0.5,1247
20160825,12804280,1392005180,109.0,111.0,108.0,110.0,2.0,2079
20160826,1292879,141449069,110.0,110.0,109.0,109.5,-0.5,945
20160829,1581478,173439305,109.5,110.5,108.5,110.0,0.5,1192
20160830,958772,105380773,111.0,111.0,109.5,109.5,-0.5,801
20160831,2094574,229308828,110.0,110.5,108.5,108.5,-1.0,1416
20160901,1544083,167387503,108.5,109.0,108.0,108.5,0.0,1082
20160902,1883368,202589556,109.5,109.5,106.5,107.0,-1.5,1305
20160905,2203406,239232254,108.0,109.0,107.5,109.0,2.0,1824
20160906,1890777,205335079,108.5,109.5,107.5,109.5,0.5,1324
20160907,6611967,729499337,110.0,111.0,109.0,111.0,1.5,2817
20160908,6389185,707434720,111.0,112.0,110.0,112.0,1.0,1896
20160909,1511230,167348530,112.0,112.0,110.0,110.5,-1.5,1050
20160910,1046791,113524719,108.5,109.0,108.0,108.5,-2.0,764
20160912,2089871,227312000,108.5,109.5,108.0,108.5,0.0,1406
20160913,2676654,292326786,109.0,110.5,107.5,110.0,1.5,1727
20160914,1823899,198660939,109.5,109.5,108.0,109.0,-1.0,780
20160919,3841177,420432470,108.5,111.0,108.0,110.0,1.0,2166
20160920,7914127,879106159,110.5,112.0,110.5,111.0,1.0,3268
20160921,10949290,1233859905,111.5,114.0,110.5,114.0,3.0,5800
20160922,3901131,443633303,114.5,114.5,112.5,114.0,0.0,2809
20160923,2597125,294571179,114.0,114.0,112.5,114.0,0.0,1980
20160926,2370627,264777406,114.0,114.0,111.0,111.5,-2.5,1418
20160929,4886735,541899065,112.0,112.5,109.5,110.5,-1.0,2623
20160930,1693549,187348210,110.0,111.5,110.0,110.5,0.0,1087
20161003,2053169,229808928,111.5,112.5,111.0,112.0,1.5,1331
20161004,2566192,289795696,112.0,113.5,111.5,113.5,1.5,1775
20161005,1533785,173306705,112.5,113.5,112.0,113.0,-0.5,1066
20161006,3529929,401658364,113.5,115.0,112.5,114.5,1.5,1869
20161007,1612569,184056641,115.0,115.0,113.5,114.5,0.0,1147
20161011,6092159,702405944,115.5,116.5,114.0,116.5,2.0,3250
20161012,1557614,179722610,115.5,116.0,114.5,115.5,-1.0,1102
20161013,3346006,390833192,116.5,118.0,116.0,116.5,1.0,2114
20161014,2557539,298175788,116.5,117.0,115.5,116.5,0.0,1598
20161017,3945073,464391541,116.5,119.0,116.5,118.0,1.5,2422
20161018,2732563,322173934,118.5,119.0,116.5,118.5,0.5,1754
20161019,4697575,562537000,119.0,121.0,118.5,120.5,2.0,2389
20161020,3029359,364363896,120.5,121.5,119.5,120.0,-0.5,1472
20161021,2602405,309439489,120.0,121.0,118.0,118.5,-1.5,1584
20161024,2215735,262573200,119.0,119.5,117.5,119.0,0.5,1349
20161025,2483281,298100720,118.5,121.0,118.0,120.0,1.0,1678
20161026,1416971,169321020,120.5,120.5,119.0,119.5,-0.5,998
20161027,1671895,198462449,119.5,119.5,117.5,119.5,0.0,1102
20161028,2107003,250728849,119.5,120.0,118.5,119.5,0.0,1111
20161031,2361244,280592654,119.0,120.0,117.5,118.5,-1.0,1396
20161101,1193478,140627904,118.0,119.0,117.0,117.0,-1.5,673
20161102,3110836,355786877,116.0,116.0,113.5,113.5,-3.5,2035
20161103,1872675,213008606,113.5,115.0,113.0,113.5,0.0,1264
20161104,2031159,232114059,113.5,115.0,113.0,114.5,1.0,1329
20161107,2397924,276051101,115.0,116.0,114.5,114.5,0.0,1252
20161108,1263446,144608236,114.0,115.0,113.0,115.0,0.5,984
20161109,7065701,770570610,112.0,112.5,105.0,106.0,-9.0,4194
20161110,2152410,233980280,109.0,110.0,108.0,108.0,2.0,1608
20161111,2542570,266637420,106.0,106.5,104.0,104.5,-3.5,2064
20161114,1857289,194342345,104.5,105.5,104.0,104.5,0.0,1464
20161115,3003665,309821160,103.5,104.5,102.0,102.5,-2.0,2049
20161116,1760976,183446956,103.0,105.0,103.0,104.0,1.5,1286
20161117,2486716,262328750,104.5,106.5,104.0,106.0,2.0,1365
20161118,1426247,151190548,106.0,107.0,105.0,106.0,0.0,1153
20161121,621438,66012866,107.0,107.0,105.5,106.5,0.5,478
20161122,3074693,333088037,107.0,109.5,106.0,109.5,3.0,1708
20161123,2212907,238381956,109.5,109.5,107.0,107.5,-2.0,1621
20161124,1004545,108289360,107.5,108.5,107.0,107.5,0.0,864
20161125,435304,46927178,108.0,108.5,107.5,107.5,0.0,379
20161128,1082058,117542364,107.5,109.0,107.5,109.0,1.5,659
20161129,1375456,148506248,109.0,109.0,107.0,107.0,-2.0,1023
20161130,2161687,230457822,108.0,108.0,106.0,106.0,-1.0,1223
20161201,1291050,139535473,107.0,109.0,106.5,108.0,2.0,928
20161202,1043845,112179415,108.5,108.5,107.0,107.0,-1.0,861
20161205,594666,63750591,107.0,108.0,106.5,107.0,0.0,487
20161206,855859,92382272,108.5,108.5,107.5,108.0,1.0,633
20161207,834396,89969268,107.5,108.5,107.0,108.5,0.5,612
20161208,2164535,232992042,108.5,109.0,106.5,108.0,-0.5,1373
20161209,867026,93552808,108.0,108.5,107.5,108.0,0.0,675
20161212,1160800,124009497,108.0,108.0,106.0,106.5,-1.5,780
20161213,4753322,503523478,106.5,107.0,105.0,106.5,0.0,1240
20161214,684070,72826490,107.0,107.0,105.5,107.0,0.5,577
20161215,1196110,127041270,106.0,107.0,105.5,106.5,-0.5,723
20161216,3666037,399192533,107.5,110.0,107.5,109.0,2.5,2338
20161219,2072667,219945702,107.0,107.5,105.0,105.5,-3.5,1391
20161220,832175,88506725,106.0,107.0,106.0,106.5,1.0,612
20161221,1669400,176298099,106.5,106.5,105.0,105.0,-1.5,1047
20161222,2069504,215553161,105.0,105.0,103.5,103.5,-1.5,1418
20161223,1232149,127772496,103.5,104.5,103.0,103.5,0.0,935
20161226,679755,70831890,104.0,105.0,103.5,104.5,1.0,574
20161227,641396,66676881,104.0,104.5,103.5,104.0,-0.5,501
20161228,1116561,116694405,104.0,105.5,103.5,104.5,0.5,740
20161229,1529100,161293600,104.5,106.0,104.0,105.5,1.0,1212
20161230,1608966,171101875,106.5,107.0,105.0,106.5,1.0,1024
20170103,848467,90511469,106.5,107.0,106.0,107.0,0.5,622
20170104,1427453,152936185,107.5,107.5,106.0,107.5,0.5,941
20170105,2357047,255571173,108.0,109.0,107.5,109.0,1.5,1328
20170106,3196902,352596270,109.5,111.5,109.5,110.0,1.0,1902
20170109,1770983,191602164,110.0,110.0,107.0,107.0,-3.0,1364
20170110,1362700,148211000,107.5,110.0,107.0,110.0,3.0,1054
20170111,1289648,141319280,110.0,110.5,108.5,110.0,0.0,876
20170112,2132728,236770036,110.5,111.5,110.0,111.5,1.5,1543
20170113,1761193,196741695,111.5,112.5,110.5,112.5,1.0,1394
20170116,1546517,172820404,112.0,112.5,111.0,112.0,-0.5,1027
20170117,1231374,137077762,112.0,112.5,110.5,111.0,-1.0,854
20170118,1835800,203949300,110.5,112.0,110.5,111.0,0.0,978
20170119,3413748,375258650,112.0,112.0,108.0,108.5,-2.5,1799
20170120,1202332,130849188,109.0,109.5,108.5,108.5,0.0,769
20170123,1649437,182373570,109.5,111.0,109.5,111.0,2.5,1086
20170124,1217080,134754800,110.5,111.5,110.5,110.5,-0.5,877
20170202,2660480,292859300,112.0,112.0,109.0,110.0,-0.5,1890
20170203,1975200,217850200,110.5,111.0,109.0,111.0,1.0,1259
20170206,4649153,529407095,111.0,115.5,110.5,115.0,4.0,2900
20170207,3342126,385796990,115.0,116.5,114.0,115.5,0.5,2127
20170208,5924002,698039796,117.5,120.0,116.5,118.5,3.0,3030
20170209,4070575,479022520,119.0,119.0,116.5,118.0,-0.5,2143
20170210,4282435,497209037,118.5,119.0,115.0,115.0,-3.0,1682
20170213,1680469,196937573,115.0,118.5,115.0,118.0,3.0,1241
20170214,2661530,315306580,118.5,119.5,117.5,119.0,1.0,1511
20170215,2234696,266101824,119.0,120.0,117.5,119.5,0.5,1746
20170216,2682555,313616435,119.0,119.5,116.0,116.5,-3.0,1691
20170217,2279213,268315921,117.5,119.0,116.5,117.0,0.5,1433
20170218,194958,22941554,117.5,118.5,117.0,117.5,0.5,188
20170220,1397508,163667428,117.5,118.5,116.5,116.5,-1.0,1020
20170221,1896754,222166218,118.0,118.0,116.0,117.5,1.0,1204
20170222,1316416,154892088,118.5,118.5,116.5,118.0,0.5,902
20170223,2284621,267092157,118.0,118.0,116.0,117.5,-0.5,1515
20170224,2969526,343465990,116.5,117.5,115.0,115.0,-2.5,1778
20170301,2031424,237019608,115.0,117.5,114.5,117.0,2.0,1503
20170302,2830398,326280570,117.0,117.5,114.0,115.0,-2.0,1542
20170303,886531,101815065,115.0,115.5,114.0,115.0,0.0,733
20170306,816471,94320665,114.5,116.0,114.0,116.0,1.0,582
20170307,1448713,168609708,116.0,117.0,115.5,116.5,0.5,1075
20170308,1728017,200621972,117.0,117.5,115.5,116.5,0.0,1075
20170309,1447558,166605170,116.5,117.0,114.5,115.5,-1.0,1217
20170310,1032271,117686782,115.5,115.5,113.5,114.0,-1.5,771
20170313,2882175,325745318,114.5,115.0,112.0,112.0,-2.0,2143
20170314,2771824,316330809,113.0,115.0,113.0,114.5,2.5,2060
20170315,1264193,144311502,115.0,115.0,113.5,114.5,0.0,964
20170316,1014914,116681989,115.0,115.5,114.5,115.0,0.5,853
20170317,2512253,290804878,115.5,116.0,115.0,116.0,1.0,864
20170320,1077213,125933233,116.5,117.5,116.0,117.0,1.0,907
20170321,2077383,244463933,118.0,118.0,117.0,118.0,1.0,1699
20170322,1341813,156906621,116.5,118.0,116.5,117.0,-1.0,883
20170323,1941573,228852614,117.5,118.5,117.0,118.5,1.5,1372
20170324,1372472,160221724,118.5,118.5,116.0,117.0,-1.5,915
20170327,924622,108592274,117.0,118.0,116.5,117.5,0.5,691
20170328,1719879,200701464,118.0,118.0,116.0,116.5,-1.0,1149
20170329,1108139,129873792,117.0,117.5,116.5,117.5,1.0,865
20170330,1065605,125219785,118.0,118.0,116.5,117.5,0.0,882
20170331,1121407,132077257,118.5,118.5,117.0,117.5,0.0,743
20170405,3417756,398370312,117.0,118.0,115.0,116.0,-1.5,1659
20170406,1397884,161777044,116.0,117.0,115.0,115.5,-0.5,796
20170407,710758,82546686,115.5,117.0,115.0,117.0,1.5,501
20170410,529551,61689153,117.0,117.0,116.0,116.5,-0.5,416
20170411,642111,74579876,116.0,117.0,115.5,116.5,0.0,490
20170412,1260273,144467735,115.5,116.0,114.0,114.5,-2.0,793
20170413,625855,72138740,114.0,116.0,114.0,115.5,1.0,399
20170414,443526,50609464,114.5,115.5,113.5,113.5,-2.0,342
20170417,396670,45122207,113.0,114.5,113.0,114.5,1.0,297
20170418,495460,56646900,114.0,115.0,114.0,114.0,-0.5,408
20170419,1614986,181166932,112.5,113.0,111.5,111.5,-2.5,1239
20170420,1196943,133660616,112.5,112.5,111.0,111.5,0.0,911
20170421,1367826,154199838,112.5,113.5,112.0,113.0,1.5,810
20170424,1359605,151554260,114.0,114.0,110.5,111.0,-2.0,1049
20170425,1609813,182288081,112.5,114.5,111.5,114.5,3.5,1250
20170426,2505378,288333794,114.5,116.0,114.0,116.0,1.5,1158
20170427,1294704,147864994,114.5,115.0,113.5,115.0,-1.0,730
20170428,1559362,179703193,115.0,116.0,114.5,116.0,1.0,722
20170502,1704517,198080489,116.0,117.0,115.0,117.0,1.0,1221
20170503,652550,76121573,116.5,117.0,116.0,116.5,-0.5,520
20170504,3605542,428165218,117.5,121.0,117.0,118.5,2.0,2186
20170505,4623868,555961528,120.5,122.0,119.0,121.5,3.0,2640
20170508,12758530,1609833550,124.0,129.0,123.0,125.5,4.0,6377
20170509,5598064,693592872,127.0,127.0,122.0,123.5,-2.0,3246
20170510,4748449,573433099,125.0,125.0,119.0,120.0,-3.5,3164
20170511,5857823,693299437,120.0,120.0,117.0,119.0,-1.0,2997
20170512,2075038,247438522,120.5,121.0,118.0,119.0,0.0,1420
20170515,2271240,272052800,119.0,120.5,118.5,120.0,1.0,1403
20170516,2733929,326885014,120.0,120.5,119.0,119.5,-0.5,1885
20170517,2889343,342324317,119.0,119.5,117.5,119.0,-0.5,1895
20170518,1865273,221598487,118.0,119.5,118.0,119.0,0.0,1305
20170519,1133178,134428682,118.5,119.5,118.0,118.5,-0.5,842
20170522,2883529,348084737,119.5,122.0,119.0,120.5,2.0,1772
20170523,2506791,304308310,122.5,123.0,120.0,120.5,0.0,1740
20170524,2980363,354103509,120.0,120.0,118.0,118.5,-2.0,2176
20170525,2764383,330635077,119.0,120.5,118.5,120.0,1.5,1466
20170526,1770339,210685164,120.0,120.5,118.5,118.5,-1.5,1115
20170531,2829816,336404604,119.5,119.5,118.0,119.5,1.0,1656
20170601,1598743,190552917,119.5,120.0,118.5,119.0,-0.5,1048
20170602,1819534,218658341,120.0,121.0,119.5,120.5,1.5,1367
20170603,633759,76537452,120.5,121.5,120.0,121.0,0.5,436
20170605,1183274,143624785,120.5,122.0,120.5,122.0,1.0,993
20170606,1450588,177346236,122.0,123.0,121.5,122.0,0.0,1054
20170607,4220836,520474328,124.0,126.0,122.0,123.0,1.0,2524
20170608,2405206,297925640,123.5,125.0,123.0,123.5,0.5,1558
20170609,2750797,342554828,124.0,125.0,123.5,124.5,1.0,1864
20170612,1383418,170186414,123.0,124.0,122.0,123.0,-1.5,1007
20170613,1557435,190175783,123.5,124.0,121.0,123.0,0.0,1081
20170614,2509841,302384420,123.0,123.0,119.5,120.0,-3.0,1594
20170615,1497944,179713780,119.5,121.0,119.5,120.0,0.0,1176
20170616,2375456,287048220,119.5,122.0,119.5,120.5,0.5,1484
20170619,2039713,249078199,120.5,123.0,120.5,123.0,2.5,1271
20170620,2215521,271477975,122.5,123.0,122.0,122.5,-0.5,1122
20170621,2621212,322551076,121.5,124.0,121.5,123.0,0.5,1516
20170622,2009028,248587972,123.5,125.0,123.0,124.0,1.0,1027
20170623,674165,83272295,124.0,124.0,123.0,123.5,-0.5,488
20170626,1520040,188602460,124.0,124.5,123.5,124.5,1.0,1127
20170627,1170885,145590563,124.5,125.0,124.0,124.5,0.0,859
20170628,1837517,228995857,123.5,125.5,123.5,125.5,1.0,1170
20170629,2633929,332148086,126.0,127.5,125.0,125.0,-0.5,1317
20170630,1221734,150693635,124.5,124.5,123.0,123.0,-2.0,884
20170703,994556,123332944,123.5,124.5,123.0,124.5,1.5,687
20170704,1893177,234478856,124.5,124.5,123.0,123.5,-1.0,1442
20170705,1269048,156372452,123.5,124.5,122.0,124.5,1.0,960
20170706,2638006,327409310,124.5,125.0,123.5,124.5,0.0,882
20170707,1831490,225327017,123.5,124.0,122.5,122.5,-2.0,1212
20170710,3434274,422480332,123.0,123.5,122.5,123.0,0.5,1637
20170711,3077361,360032098,117.0,117.5,116.5,117.0,,1604
20170712,1903914,223991386,118.0,118.0,117.0,118.0,1.0,1393
20170713,2311621,277417325,118.5,121.0,118.5,120.0,2.0,1698
20170714,669259,80366080,120.0,121.0,119.0,120.5,0.5,451
20170717,1194357,142683483,120.5,121.0,118.0,119.0,-1.5,875
20170718,1127158,135328960,119.0,120.5,119.0,120.5,1.5,882
20170719,1297907,155363840,120.0,121.0,119.0,120.0,-0.5,950
20170720,2705284,326870716,120.0,123.0,120.0,120.5,0.5,1588
20170721,1390235,165569465,120.0,120.5,118.5,119.0,-1.5,904
20170724,2525285,305921055,119.0,123.0,119.0,123.0,4.0,1534
20170725,703512,85511964,122.0,123.0,121.0,121.5,-1.5,540
20170726,1652342,200864882,122.0,122.5,121.0,121.5,0.0,776
20170727,4280751,508821618,121.5,121.5,117.5,117.5,-4.0,2688
20170728,5209431,595466203,116.5,117.0,112.0,113.0,-4.5,3438
20170731,2033113,231410495,112.5,115.0,112.0,115.0,2.0,1245
20170801,2605360,296267077,115.0,115.5,113.0,114.5,-0.5,1635
20170802,4270360,486637540,115.5,115.5,113.0,113.5,-1.0,2204
20170803,3532324,400923436,113.0,114.5,112.5,113.5,0.0,1438
20170804,1830120,209599800,114.0,115.0,113.5,114.5,1.0,1241
20170807,2842570,323197980,115.5,115.5,113.0,113.5,-1.0,1713
20170808,4054657,454279407,114.0,114.0,110.5,111.5,-2.0,2581
20170809,2266243,250598473,111.0,111.5,110.0,110.5,-1.0,1448
20170810,1857649,203976359,111.0,111.0,109.0,110.0,-0.5,1310
20170811,1137856,125022083,109.5,110.5,109.0,110.0,0.0,743
20170814,1028737,113419936,110.0,111.0,109.5,110.0,0.0,744
20170815,1499073,165096603,111.0,111.5,109.0,110.0,0.0,1064
20170816,1586108,175045488,109.5,111.5,109.5,111.0,1.0,986
20170817,1387226,154651586,111.0,112.5,110.0,111.5,0.5,993
20170818,1052171,116940652,111.0,112.0,110.0,112.0,0.5,759
20170821,1035749,114202139,112.0,112.0,110.0,110.0,-2.0,885
20170822,777466,86131726,110.0,111.5,110.0,111.0,1.0,598
20170823,1134854,125337294,111.0,111.5,110.0,110.0,-1.0,810
20170824,923227,101938076,111.0,111.0,110.0,110.5,0.5,629
20170825,1322020,145589706,111.0,111.0,109.5,110.0,-0.5,928
20170828,1129254,124698694,110.0,111.0,110.0,111.0,1.0,745
20170829,1046597,115143267,111.0,111.0,109.5,110.0,-1.0,803
20170830,3993079,450043427,111.0,113.5,111.0,112.5,2.5,2496
20170831,5244773,603409941,113.0,117.5,113.0,117.5,5.0,2901
20170901,2416723,278946145,117.0,117.0,114.5,115.0,-2.5,1622
20170904,1632049,188131684,114.5,116.5,114.0,115.5,0.5,929
20170905,1257325,144853200,116.0,116.0,115.0,115.5,0.0,688
20170906,1961097,225266195,115.0,116.0,114.0,115.5,0.0,1170
20170907,2187202,253211730,115.5,117.0,115.0,115.0,-0.5,1282
20170908,2382381,276455577,115.0,117.0,115.0,117.0,2.0,1759
20170911,1384408,161030828,117.0,117.5,116.0,116.0,-1.0,1148
20170912,1542285,179415697,117.0,117.5,115.5,116.5,0.5,1126
20170913,1680595,195799812,116.5,117.0,115.5,116.0,-0.5,1377
20170914,1708114,199857838,116.5,117.5,116.0,117.0,1.0,1112
20170915,2218036,260491726,116.5,119.0,116.5,117.0,0.0,1230
20170918,1111895,129480215,117.0,117.5,116.0,117.0,0.0,856
20170919,2204750,258849500,117.5,118.5,116.0,116.0,-1.0,1488
20170920,1920979,219894609,116.0,116.5,113.5,114.0,-2.0,1231
20170921,927446,106346736,114.0,115.5,114.0,115.5,1.5,673
20170922,1057676,120038221,114.5,115.0,112.5,113.0,-2.5,794
20170925,2450172,271693670,113.0,113.0,109.0,111.5,-1.5,1772
20170926,1285963,143156872,111.5,112.0,110.5,111.5,0.0,783
20170927,1061560,118728998,111.0,112.5,111.0,112.0,0.5,703
20170928,1570849,175539588,111.0,112.5,111.0,112.0,0.0,972
20170929,1928040,218234034,113.0,114.0,112.0,114.0,2.0,1290
20170930,581082,66267886,114.5,114.5,113.5,114.5,0.5,441
20171002,1117622,128076711,115.5,115.5,114.0,114.5,0.0,648
20171003,1486560,168779616,114.5,115.0,112.5,114.0,-0.5,984
20171005,854131,97508498,113.5,114.5,113.0,114.5,0.5,631
20171006,1026939,116383546,114.5,114.5,112.5,113.5,-1.0,702
20171011,1725535,196283490,114.0,114.5,113.0,114.0,0.5,1163
20171012,1488077,169101701,114.0,114.5,113.0,114.0,0.0,990
20171013,1167916,133078375,113.5,114.5,113.0,114.5,0.5,776
20171016,1302473,149395395,114.5,115.5,113.5,115.0,0.5,919
20171017,1718127,195378978,115.0,115.0,113.0,114.0,-1.0,1168
20171018,1708425,193559450,114.0,114.0,112.5,114.0,0.0,1254
20171019,537059,61202226,114.0,114.5,113.0,114.0,0.0,393
20171020,1138436,130491704,113.5,115.0,113.5,115.0,1.0,661
20171023,1072659,123517785,115.5,116.0,114.5,115.0,0.0,626
20171024,819614,94212610,114.5,115.5,114.5,115.0,0.0,536
20171025,1266102,145514675,115.5,116.0,114.0,115.5,0.5,828
20171026,1046936,118481733,113.5,113.5,112.5,113.0,-2.5,748
20171027,964458,109237480,113.5,114.0,112.5,113.5,0.5,600
20171030,1700358,189958769,113.0,113.5,111.0,111.5,-2.0,1135
20171031,1077327,120454284,111.5,112.5,111.5,111.5,0.0,732
20171101,863666,97808085,112.0,114.0,112.0,114.0,2.5,665
20171102,733287,83560218,113.5,114.5,113.0,114.5,0.5,562
20171103,639222,72855912,114.5,114.5,113.0,114.5,0.0,534
20171106,1332275,150361575,114.0,114.5,112.0,112.5,-2.0,864
20171107,893812,101163756,113.0,114.0,112.5,113.0,0.5,660
20171108,5651434,652803844,114.0,116.5,113.5,116.0,3.0,3097
20171109,3391999,393228876,116.0,117.0,115.0,117.0,1.0,2256
20171110,2990594,351643092,117.0,119.0,115.0,118.5,1.5,2091
20171113,1681560,197259400,119.0,119.0,116.0,116.0,-2.5,1122
20171114,1452564,168645488,115.5,117.5,115.0,117.5,1.5,1081
20171115,1298251,150859733,117.5,117.5,115.0,116.5,-1.0,910
20171116,915035,106754560,116.0,117.5,116.0,117.0,0.5,723
20171117,1092354,126818377,117.0,117.5,115.5,115.5,-1.5,790
20171120,1202129,139303027,116.0,117.0,115.0,116.0,0.5,867
20171121,1732859,202210066,116.5,117.5,116.0,117.0,1.0,1147
20171122,2337182,274995377,117.5,118.0,117.0,118.0,1.0,1688
20171123,3203146,382671228,119.0,121.0,118.0,118.0,0.0,2017
20171124,1337645,157504781,118.5,119.0,117.5,117.5,-0.5,992
20171127,1090587,128792470,118.0,118.5,117.5,118.0,0.5,863
20171128,1175332,138919176,118.0,118.5,117.5,118.5,0.5,855
20171129,1044505,123716090,119.0,119.5,117.5,118.0,-0.5,767
20171130,3743784,432549160,118.0,118.0,114.5,114.5,-3.5,1280
20171201,3206675,374560975,115.0,118.0,114.0,117.5,3.0,2048
20171204,1244176,144201592,117.0,117.0,115.0,116.0,-1.5,958
20171205,1802079,206591085,115.5,116.0,114.0,115.0,-1.0,1441
20171206,2869231,322391834,115.0,115.0,111.0,112.5,-2.5,1991
20171207,1646419,184976634,113.0,113.5,111.5,112.0,-0.5,1121
20171208,1479189,166872138,113.0,113.5,112.0,113.0,1.0,1128
20171211,1038670,118261709,113.0,114.5,113.0,114.5,1.5,712
20171212,966639,110068164,113.5,114.5,113.0,114.0,-0.5,789
20171213,1053329,118800006,114.0,114.0,112.0,112.5,-1.5,776
20171214,2751101,314276817,113.0,116.5,113.0,115.5,3.0,1342
20171215,2934730,331928119,115.5,115.5,112.0,112.0,-3.5,1149
20171218,395757,44602669,113.0,113.0,112.0,113.0,1.0,341
20171219,1052431,119210915,113.0,114.0,112.5,113.5,0.5,734
20171220,584905,66655714,113.5,114.5,113.5,113.5,0.0,387
20171221,756837,85875581,113.5,115.0,112.5,112.5,-1.0,597
20171222,973149,110318910,112.5,114.0,112.5,113.5,1.0,749
20171225,296704,33753756,114.0,114.5,113.5,114.0,0.5,272
20171226,756843,85887333,114.0,115.0,112.5,113.0,-1.0,568
20171227,280501,31745114,113.0,114.0,112.5,113.0,0.0,207
20171228,813434,93044690,113.0,115.0,113.0,115.0,2.0,575
20171229,676008,77159402,114.5,115.0,113.5,113.5,-1.5,463
20180102,559894,64257360,114.0,115.0,113.5,115.0,1.5,447
20180103,1112465,127826203,115.0,116.0,114.0,115.5,0.5,781
20180104,1129382,131071812,115.5,116.5,115.0,116.5,1.0,768
20180105,2789781,328143262,117.0,119.5,116.0,117.5,1.0,1687
20180108,1805734,211007144,118.5,118.5,116.0,116.0,-1.5,1398
20180109,1072129,124048464,116.0,116.5,115.0,115.5,-0.5,675
20180110,1724164,198985524,116.0,116.5,114.5,115.5,0.0,1023
20180111,1064419,123547604,116.5,117.0,115.5,116.0,0.5,704
20180112,1261723,146783368,116.0,117.0,115.5,116.5,0.5,806
20180115,6921141,832828420,117.0,122.0,117.0,120.5,4.0,3970
20180116,15059826,1924094076,126.5,131.0,125.0,126.0,5.5,7814
20180117,5090748,643629748,127.5,129.0,125.0,126.5,0.5,3056
20180118,8082493,1039974604,126.5,130.5,125.5,128.0,1.5,4365
20180119,7737801,969331824,130.0,131.0,122.5,123.5,-4.5,5072
20180122,4430301,546676125,123.5,125.0,122.0,125.0,1.5,2913
20180123,4000038,496159750,125.0,125.0,122.5,125.0,0.0,2688
20180124,3418977,423613624,125.0,125.5,123.0,124.5,-0.5,2407
20180125,2825909,348999307,125.0,126.0,122.0,123.0,-1.5,2302
20180126,5329871,659616304,123.0,126.0,121.0,125.5,2.5,3372
20180129,3961140,492392000,126.5,127.5,123.0,124.0,-1.5,2853
20180130,4043329,494533221,124.0,124.5,121.0,122.0,-2.0,2399
20180131,9008777,1108434348,124.0,126.0,121.0,122.5,0.5,4739
20180201,8404402,1026994946,124.0,125.0,121.0,122.5,0.0,4946
20180202,17698744,2273317332,123.0,131.5,122.5,130.5,8.0,10314
20180205,11773482,1523718642,126.0,133.0,125.0,131.0,0.5,6794
20180206,10672134,1318208676,125.0,126.5,120.0,124.5,-6.5,5968
20180207,11576312,1414612876,123.0,124.5,120.0,121.5,-3.0,6769
20180208,3761311,459164064,123.0,123.0,120.5,122.0,0.5,2462
20180209,4228711,505009516,118.0,122.5,116.0,121.0,-1.0,2565
20180212,2169780,263616160,122.0,122.5,120.0,121.0,0.0,1418
20180221,3477187,433076147,123.5,125.5,122.0,125.5,4.5,2450
20180222,5214071,657627446,125.0,128.0,125.0,126.0,0.5,3329
20180223,7845615,995616407,127.0,127.5,126.0,127.5,1.5,2263
20180226,4815349,621129127,128.5,130.0,128.0,129.0,1.5,2432
20180227,4687853,598979896,130.0,130.0,126.5,126.5,-2.5,2860
20180301,3153193,403711204,126.0,129.5,125.0,128.0,1.5,2384
20180302,2429372,309971616,125.5,129.5,125.5,128.5,0.5,1715
20180305,2842443,364522147,130.0,130.5,127.0,128.0,-0.5,1953
20180306,2949489,381934824,129.0,130.0,128.5,129.5,1.5,1884
20180307,3130579,405603191,128.0,131.0,128.0,129.0,-0.5,2236
20180308,6366840,838309510,130.0,134.0,129.0,130.0,1.0,3843
20180309,1319511,172258930,130.0,131.5,129.5,131.0,1.0,928
20180312,2632033,346735323,133.0,133.0,130.5,131.5,0.5,1984
20180313,4572440,613954164,132.0,135.5,131.5,135.0,3.5,3125
20180314,6046746,830261559,134.5,138.5,134.0,138.5,3.5,4120
20180315,3308734,458684412,138.0,141.0,136.5,138.0,-0.5,2154
20180316,6044104,840484391,139.0,141.0,137.0,139.5,1.5,2494
20180319,1877472,258990864,138.5,139.0,137.0,138.0,-1.5,1472
20180320,1976972,268644653,137.0,138.0,135.0,135.5,-2.5,1552
20180321,4372482,589153606,136.0,136.5,134.0,134.0,-1.5,3118
20180322,11191561,1539753541,134.0,141.0,134.0,136.5,2.5,4688
20180323,3925844,523893256,133.5,135.5,132.0,133.0,-3.5,1833
20180326,1771149,238145510,133.0,135.5,133.0,135.0,2.0,977
20180327,2499984,338812681,136.0,137.5,134.0,135.5,0.5,962
20180328,3975709,519615170,132.5,133.0,129.0,129.5,-6.0,3041
20180329,3021092,399452577,130.0,134.0,130.0,132.0,2.5,2249
20180330,1401412,184417161,132.5,133.5,130.5,132.0,0.0,882
20180331,282721,37399172,132.5,133.0,131.5,132.5,0.5,296
20180402,583003,76983377,132.5,133.0,131.0,131.5,-1.0,468
20180403,1795073,231982946,130.5,131.5,128.0,128.5,-3.0,1240
20180409,2806513,365424690,131.0,131.5,128.5,130.5,2.0,1754
20180410,3300465,431297448,130.5,131.5,130.0,130.5,0.0,1680
20180411,1904049,245660821,130.5,131.0,128.0,129.0,-1.5,1390
20180412,1924839,246771803,129.0,129.5,127.5,128.5,-0.5,1190
20180413,1531030,196893570,129.0,129.5,127.5,129.0,0.5,1030
20180416,2224024,282181467,128.5,129.0,126.0,126.0,-3.0,1620
20180417,2407501,302556621,126.0,127.0,125.0,126.0,0.0,1747
20180418,1875015,235321379,127.0,127.5,124.5,125.5,-0.5,1260
20180419,5130563,656065354,127.0,129.0,127.0,128.0,2.5,2877
20180420,2320591,296012057,128.5,128.5,126.5,127.0,-1.0,1164
20180423,1947593,246100513,128.0,128.0,124.5,126.0,-1.0,965
20180424,3190572,397233568,127.0,127.0,122.0,124.5,-1.5,1339
20180425,1195225,148465961,123.5,125.5,122.5,125.5,1.0,674
20180426,1479429,183940125,126.0,126.0,122.5,124.0,-1.5,1133
20180427,1801769,223406985,124.5,125.5,122.5,125.0,1.0,780
20180430,1415657,175774750,124.0,125.0,123.5,125.0,0.0,855
20180502,867641,107985293,124.5,125.0,124.0,124.5,-0.5,551
20180503,1979656,242670351,124.0,124.5,122.0,122.0,-2.5,1314
20180504,2370067,292220942,124.0,125.0,122.0,125.0,3.0,1350
20180507,2934612,357287776,125.0,125.5,120.0,121.5,-3.5,2075
20180508,2521800,307290296,122.5,123.0,121.0,122.0,0.5,1665
20180509,7649153,1004603349,128.0,134.0,127.5,133.5,11.5,4649
20180510,4336435,578523855,134.0,135.0,132.5,133.5,0.0,2736
20180511,4091704,555617244,134.5,137.0,134.0,136.5,3.0,2347
20180514,1841448,252091647,137.5,138.0,136.0,137.0,0.5,1204
20180515,2000162,274437532,138.0,139.0,136.0,137.0,0.0,1360
20180516,2579659,355325783,138.0,138.5,136.5,138.0,1.0,1530
20180517,2242181,311191797,138.5,140.0,138.0,138.0,0.0,1362
20180518,1857054,254161850,138.0,139.0,135.5,135.5,-2.5,1184
20180521,1735293,236384032,136.5,137.0,135.5,136.5,1.0,1281
20180522,957494,130597434,137.0,137.5,136.0,136.0,-0.5,744
20180523,3099756,426601816,137.0,138.5,136.5,136.5,0.5,2089
20180524,2304108,311682580,138.0,138.0,133.5,136.0,-0.5,1760
20180525,1777443,244583967,137.0,138.5,135.5,137.0,1.0,1237
20180528,860681,118132135,137.0,138.0,136.0,138.0,1.0,652
20180529,1591989,216651504,138.0,138.0,135.0,136.0,-2.0,965
20180530,3039573,412692162,136.0,138.0,135.0,135.5,-0.5,1533
20180531,4678589,631786686,136.0,137.0,133.0,135.5,0.0,1487
20180601,2289328,313039436,135.0,138.0,134.0,137.0,1.5,1666
20180604,1475436,202057946,138.0,138.0,136.0,137.5,0.5,1060
20180605,1953915,270824723,137.5,140.0,136.5,139.0,1.5,1352
20180606,3716686,526054226,140.0,143.0,139.0,142.0,3.0,2531
20180607,7637497,1121612059,145.0,149.0,143.0,147.0,5.0,5009
20180608,2694009,391426803,146.0,148.0,144.0,145.5,-1.5,1756
20180611,2769328,404027732,147.0,147.5,144.0,145.0,-0.5,2014
20180612,2789776,398716468,145.0,145.5,140.5,143.5,-1.5,2138
20180613,2519309,362440945,143.5,146.0,142.5,146.0,2.5,2014
20180614,9332423,1394964835,147.5,154.0,145.0,145.0,-1.0,6455
20180615,9914248,1439234960,146.0,147.0,142.0,146.0,1.0,2925
20180619,5759804,801535763,142.0,142.5,135.0,141.5,-4.5,3835
20180620,2870909,401235709,139.5,142.0,137.5,140.5,-1.0,1870
20180621,1735221,246314161,141.0,143.0,141.0,142.0,1.5,1297
20180622,2474621,340302077,139.0,139.5,136.5,136.5,-5.5,1688
20180625,2041041,280374674,136.5,139.5,135.5,137.5,1.0,1160
20180626,1560892,215099880,136.0,140.0,135.0,139.5,2.0,943
20180627,1611120,221440940,138.5,140.0,136.5,136.5,-3.0,985
20180628,2999521,400004545,135.0,135.0,132.0,133.0,-3.5,2077
20180629,2143873,291084531,133.0,137.5,133.0,137.5,4.5,1458
20180702,1513985,206272449,136.5,137.5,134.5,135.5,-2.0,1218
20180703,1357317,185788612,135.0,138.0,135.0,136.0,0.5,1230
20180704,1420515,195880819,136.5,139.0,136.0,138.5,2.5,1161
20180705,1962880,269146180,139.5,139.5,135.0,136.5,-2.0,1403
20180706,1928925,263923300,135.0,138.5,135.0,137.0,0.5,1505
20180709,2102020,290902280,137.0,139.5,137.0,138.0,1.0,1327
20180710,2468143,343640020,139.0,141.0,137.0,140.0,2.0,1251
20180711,2604798,355646014,138.5,138.5,134.0,138.5,-1.5,1812
20180712,3388515,447767525,129.5,135.0,129.5,135.0,,1996
20180713,2025122,271515836,133.0,135.5,133.0,134.0,-1.0,1340
20180716,2400282,323176852,133.0,137.5,132.5,136.5,2.5,1342
20180717,2915656,403244028,138.0,139.0,137.5,138.5,2.0,1723
20180718,4415290,626906470,140.0,145.0,139.5,144.0,5.5,2919
20180719,3227772,464717418,145.0,146.0,142.5,144.5,0.5,2076
20180720,1928228,276315876,146.0,146.0,141.0,143.0,-1.5,1462
20180723,1660122,237428324,145.0,145.0,141.0,143.0,0.0,1192
20180724,1614053,231151061,143.5,144.5,142.5,143.5,0.5,814
20180725,1268802,182536186,143.5,145.0,142.5,143.0,-0.5,839
20180726,1744700,252126280,144.0,145.5,143.0,144.5,1.5,1086
20180727,3337781,488616026,145.0,149.0,143.0,146.5,2.0,2207
20180730,1886520,276451674,145.0,148.0,144.0,146.5,0.0,1417
20180731,2055557,301525379,146.5,148.0,144.0,148.0,1.5,1455
20180801,2576643,372247265,147.5,147.5,143.0,143.5,-4.5,1450
20180802,2439233,347186086,143.0,144.0,141.0,143.0,-0.5,1400
20180803,1800364,257980052,143.0,145.0,142.0,143.0,0.0,1104
20180806,2857912,412844240,144.5,147.0,142.0,145.0,2.0,1944
20180807,2812931,399590271,144.0,145.0,141.0,142.0,-3.0,1497
20180808,13218495,2002445245,145.0,155.5,145.0,152.0,10.0,7308
20180809,8462058,1298958128,153.0,155.5,150.5,154.5,2.5,5352
20180810,8243050,1303337950,153.0,160.5,153.0,159.0,4.5,4945
20180813,5672032,884313928,158.0,159.0,152.5,155.0,-4.0,3553
20180814,6745097,1043439535,157.0,159.0,152.0,155.0,0.0,3723
20180815,4082608,618789200,155.5,155.5,149.5,150.0,-5.0,2593
20180816,5569206,827944843,147.0,151.5,146.5,149.0,-1.0,3220
20180817,3112056,466938367,150.5,151.5,148.0,149.5,0.5,2210
20180820,3374970,503841970,152.5,152.5,147.5,150.0,0.5,2171
20180821,4488807,682763857,151.5,155.0,150.5,152.0,2.0,2752
20180822,2889426,435101361,152.0,152.5,149.5,151.5,-0.5,1631
20180823,3234057,487156664,151.5,152.0,149.0,152.0,0.5,2130
20180824,3948706,584841730,150.5,152.0,145.5,147.0,-5.0,2540
20180827,1526479,228112829,148.0,151.0,147.0,151.0,4.0,1238
20180828,4239608,647031429,152.5,155.0,150.5,155.0,4.0,1849
20180829,4414366,672552498,153.5,154.5,151.0,153.5,-1.5,2827
20180830,4831715,728841680,149.5,153.0,148.0,151.5,-2.0,2735
20180831,4017410,604927500,151.0,152.0,149.0,150.5,-1.0,2101
20180903,5592103,828577024,152.5,152.5,146.0,147.0,-3.5,2866
20180904,2704278,393663778,148.0,148.0,144.5,145.0,-2.0,1997
20180905,4386277,647762863,149.0,150.0,147.0,147.0,2.0,2879
20180906,11680079,1789628667,150.0,156.0,149.0,153.5,6.5,5349
20180907,9859505,1548005775,161.0,161.5,153.0,154.5,1.0,5430
20180910,3827386,593228602,155.0,157.5,152.0,156.5,2.0,2705
20180911,4980398,784113460,157.0,159.0,156.0,158.5,2.0,3014
20180912,10899103,1612232204,155.5,156.0,143.5,146.0,-12.5,5954
20180913,4459361,661587150,148.5,150.0,146.5,150.0,4.0,2790
20180914,2937635,440651213,151.0,151.5,148.0,150.0,0.0,1895
20180917,1571327,232248896,149.0,149.5,147.0,147.5,-2.5,1153
20180918,3534962,526441876,146.5,151.0,146.0,148.5,1.0,2197
20180919,3015947,448430756,150.5,151.0,147.5,149.0,0.5,1978
20180920,2954734,438082261,150.0,150.5,147.0,147.5,-1.5,1848
20180921,6412229,974631037,149.5,153.5,148.5,153.5,6.0,3146
20180925,4458325,657467725,148.0,149.5,145.5,147.0,-6.5,2967
20180926,2209301,323988691,146.0,148.0,146.0,146.0,-1.0,1244
20180927,2176757,321035930,146.0,148.5,146.0,148.0,2.0,1297
20180928,4764058,716368258,148.5,152.0,147.5,151.0,3.0,2701
20181001,2818709,416690695,151.0,151.5,146.5,147.5,-3.5,1954
20181002,3062563,444512845,147.5,147.5,144.0,144.0,-3.5,2344
20181003,2369326,341180944,146.0,146.0,142.5,142.5,-1.5,1595
20181004,4616112,666508964,142.5,147.0,142.0,146.0,3.5,3013
20181005,5864883,838939472,145.0,146.0,141.0,143.0,-3.0,3098
20181008,6603855,903094570,141.0,143.0,131.0,133.0,-10.0,4231
20181009,3282220,445017244,134.0,137.5,133.5,137.0,4.0,2310
20181011,7828521,978799104,131.5,131.5,123.5,123.5,-13.5,4373
20181012,4421466,559191080,123.5,128.5,122.0,127.0,3.5,3056
20181015,3712129,474421270,125.0,130.0,124.5,129.0,2.0,2259
20181016,2812020,361013560,127.0,131.5,126.5,127.0,-2.0,1873
20181017,3299641,436085430,132.0,134.0,130.5,132.0,5.0,2163
20181018,6956600,945663600,133.0,140.0,132.0,134.5,2.5,3848
20181019,8787301,1209338476,134.5,139.5,133.5,139.5,5.0,3863
20181022,3748463,519014085,136.5,141.0,135.0,139.5,0.0,2191
20181023,3870923,523857027,136.0,137.5,134.0,135.0,-4.5,1884
20181024,5236867,721804209,135.0,142.0,133.0,137.5,2.5,2880
20181025,6202616,834167936,133.0,137.5,132.0,133.0,-4.5,2716
20181026,4823787,649829346,136.0,137.5,133.0,133.0,0.0,2184
20181029,7879922,1009572204,135.5,136.0,125.0,126.5,-6.5,3861
20181030,5981392,792608111,128.0,137.0,128.0,135.0,8.5,3375
20181031,5449059,744419169,135.5,140.0,134.0,136.5,1.5,3325
20181101,5129461,707436079,136.5,139.5,135.5,138.0,1.5,3141
20181102,5106447,705050904,140.0,140.0,136.5,138.5,0.5,3217
20181105,4853871,673672569,136.0,142.5,135.5,138.5,0.0,3312
20181106,8258874,1097905551,136.5,137.0,130.0,133.0,-5.5,4763
20181107,5406729,723418686,131.0,136.5,131.0,133.0,0.0,3282
20181108,5704830,751748730,134.5,136.0,130.0,130.0,-3.0,3321
20181109,3584906,469434998,129.5,133.5,127.5,133.5,3.5,2303
20181112,2704548,352728059,131.0,133.0,129.0,130.0,-3.5,1893
20181113,2655432,340563660,126.5,130.5,126.0,130.0,0.0,1635
20181114,1474775,192451525,130.0,131.0,129.5,131.0,1.0,1097
20181115,2208140,284408060,131.0,131.0,127.5,129.0,-2.0,1521
20181116,6125837,773535647,127.0,129.5,124.5,129.0,0.0,3716
20181119,3328633,425017971,127.5,129.5,126.0,129.0,0.0,1980
20181120,1911743,242549861,127.0,128.0,126.0,126.0,-3.0,1395
20181121,4789501,599673376,126.0,128.0,123.0,127.0,1.0,2921
20181122,2610004,328672503,126.5,127.5,125.0,125.0,-2.0,1491
20181123,1223568,153867068,126.0,127.0,124.0,126.0,1.0,811
20181126,1978449,252900921,126.5,129.5,126.5,127.5,1.5,1276
20181127,4026605,511584650,127.0,128.5,125.5,128.0,0.5,2212
20181128,3523327,459148645,128.5,132.0,127.0,131.5,3.5,2329
20181129,6780106,873349116,132.5,133.0,127.0,127.0,-4.5,3942
20181130,7314215,950240235,128.0,131.5,128.0,130.0,3.0,3453
20181203,8978322,1250522724,132.5,143.0,132.0,143.0,13.0,5413
20181204,11741001,1720370180,150.0,152.5,139.0,140.5,-2.5,6559
20181205,4031469,566941567,138.0,143.0,137.0,142.0,1.5,2577
20181206,5139373,701278039,141.0,142.5,134.0,135.0,-7.0,3410
20181207,2302609,316973042,136.5,139.0,136.5,137.5,2.5,1791
20181210,2769455,381987745,137.0,140.0,136.0,138.0,0.5,2019
20181211,2572806,352220728,136.5,138.5,135.5,137.0,-1.0,1797
20181212,1833252,254512776,139.0,140.0,137.5,138.5,1.5,1499
20181213,2392080,331494540,138.5,141.0,136.5,138.0,-0.5,1601
20181214,1468993,202127041,137.0,138.5,136.5,138.0,0.0,1014
20181217,1254164,173920468,138.5,140.0,137.5,137.5,-0.5,871
20181218,1435605,197284385,137.5,138.5,136.5,137.5,0.0,1137
20181219,1893394,264231766,138.5,141.0,137.5,139.0,1.5,1503
20181220,4164442,590988534,137.5,145.0,137.5,142.0,3.0,2806
20181221,2861967,399176393,142.0,142.0,138.0,139.0,-3.0,1775
20181222,529029,74095060,139.0,140.5,139.0,140.0,1.0,386
20181224,1022786,143840612,139.5,142.5,138.5,141.5,1.5,797
20181225,2011049,276312234,139.0,140.0,136.5,136.5,-5.0,1527
20181226,1383490,191167120,138.0,139.0,137.0,138.0,1.5,1142
20181227,4275872,602729452,140.5,143.5,138.0,142.0,4.0,2889
20181228,2009563,285360946,141.5,143.0,140.0,142.0,0.0,1488
20190102,1686658,236797120,141.5,142.0,138.5,138.5,-3.5,1248
20190103,7676774,1026558490,138.5,139.0,132.5,134.0,-4.5,4518
20190104,3444477,457091918,132.0,134.5,130.5,133.5,-0.5,2444
20190107,3901828,541839092,135.5,141.0,134.5,140.0,6.5,2417
20190108,4806848,682359485,140.0,143.5,140.0,142.0,2.0,2644
20190109,5086676,738871846,143.5,147.0,141.5,146.0,4.0,3209
20190110,2166393,311915092,145.5,145.5,142.5,145.0,-1.0,1566
20190111,2134149,306786307,144.0,146.0,142.5,144.0,-1.0,1512
20190114,1016296,145865032,144.0,145.0,143.0,143.0,-1.0,780
20190115,3417164,504156772,145.0,149.0,144.0,148.0,5.0,2115
20190116,4053436,605897528,147.0,151.0,146.5,148.0,0.0,2311
20190117,3568815,535297015,150.0,151.5,148.0,150.0,2.0,2432
20190118,5406875,825819750,151.5,155.5,149.5,150.5,0.5,3549
20190121,5493640,857701700,156.0,158.5,155.0,155.5,5.0,3320
20190122,3607575,556083331,155.5,156.5,151.5,155.0,-0.5,2326
20190123,2677720,410815014,152.5,154.0,152.0,154.0,-1.0,2045
20190124,10204523,1533826973,152.0,152.0,148.0,150.0,-4.0,5817
20190125,3931481,605006822,153.0,155.0,152.5,154.5,4.5,2583
20190128,2882127,445074804,154.5,156.5,152.5,153.0,-1.5,1888
20190129,6055874,949124344,154.0,158.5,153.5,157.0,4.0,3761
20190130,3176823,500374113,158.0,159.5,156.0,158.0,1.0,2024
20190211,3906655,620532645,159.0,160.0,157.0,159.5,1.5,2413
20190212,3372631,541212960,161.0,162.5,158.5,161.0,1.5,2407
20190213,3389079,541816595,161.0,161.5,158.5,159.5,-1.5,2143
20190214,6020472,976422436,160.0,164.0,159.5,163.5,4.0,3559
20190215,13850049,2401776486,168.0,178.0,168.0,174.5,11.0,8032
20190218,6900938,1219885231,177.0,181.5,173.5,174.5,0.0,4989
20190219,3438622,600771598,174.5,178.0,173.0,174.5,0.0,2215
20190220,7524865,1324311156,177.0,179.5,174.0,175.0,0.5,3527
20190221,4942249,862992324,175.5,176.5,173.0,176.0,1.0,2699
20190222,4027739,697870097,177.0,177.5,171.0,173.0,-3.0,2689
20190225,5089647,878331784,175.0,175.0,171.0,173.5,0.5,2979
20190226,3908983,675956182,175.0,176.0,171.0,173.5,0.0,2606
20190227,3545265,608307500,175.0,175.0,170.0,171.0,-2.5,2298
20190304,8221152,1398612522,169.0,172.0,168.5,171.0,0.0,2806
20190305,3747044,634096995,170.0,170.5,168.0,169.0,-2.0,2038
20190306,6336372,1099751305,170.0,176.0,169.5,176.0,7.0,3682
20190307,5832545,1018919001,176.5,178.0,171.0,172.5,-3.5,4089
20190308,4429950,768672410,171.5,175.5,171.5,173.0,0.5,2775
20190311,5250656,924423075,172.0,179.5,172.0,178.5,5.5,3449
20190312,6262623,1107328402,178.5,179.5,174.0,174.0,-4.5,4307
20190313,3112525,549198900,176.0,178.0,174.5,176.5,2.5,2318
20190314,4308366,757182550,174.5,177.5,174.5,176.0,-0.5,2631
20190315,9332931,1675334149,177.0,182.0,175.0,179.0,3.0,4607
20190318,6078500,1125791500,179.0,188.5,179.0,188.5,9.5,3950
20190319,5530930,1036525980,189.0,191.5,184.0,187.0,-1.5,4108
20190320,4086260,770589700,185.5,191.5,185.0,186.0,-1.0,3403
20190321,2475937,468788536,187.5,191.0,186.5,190.5,4.5,1747
20190322,3506231,671417254,192.0,194.0,189.5,191.0,0.5,2505
20190325,2049693,382531109,182.5,190.0,182.5,190.0,-1.0,1425
20190326,3090025,585566250,192.5,193.5,186.5,191.0,1.0,2294
20190327,1651398,314420620,191.5,191.5,188.5,191.0,0.0,1178
20190328,2450364,464757296,189.0,191.5,187.0,190.0,-1.0,1873
20190329,5905757,1161908629,193.5,199.0,192.5,198.0,8.0,4198
20190401,3289181,649547295,198.5,199.0,195.0,196.0,-2.0,2564
20190402,2744049,551523251,200.0,202.5,198.5,200.5,4.5,1924
20190403,2735042,548427356,204.0,204.5,197.5,200.0,-0.5,2023
20190408,5666377,1101072261,200.0,200.0,192.0,193.0,-7.0,4183
20190409,5451496,1060384950,194.0,197.0,191.0,196.5,3.5,3977
20190410,5704878,1115707508,194.5,198.5,192.0,197.5,1.0,3610
20190411,3560368,712689232,198.5,202.0,197.5,200.0,2.5,2659
20190412,5661076,1129752776,201.5,204.0,195.5,201.0,1.0,3563
20190415,6759275,1328102900,199.5,200.0,194.0,196.0,-5.0,3470
20190416,4053187,791441465,196.0,197.0,194.0,195.0,-1.0,3109
20190417,7398398,1456962790,194.0,200.0,192.0,195.5,0.5,4734
20190418,6595761,1309482343,196.0,201.0,195.5,198.5,3.0,4084
20190419,4230425,841701575,199.5,201.0,196.5,199.5,1.0,2760
20190422,2273757,451517886,199.5,200.5,197.0,198.0,-1.5,1607
20190423,3448589,671606141,197.5,198.0,192.5,195.5,-2.5,2320
20190424,4009612,795908676,199.0,200.0,197.0,198.0,2.5,2832
20190425,6413562,1301483354,201.0,206.0,199.5,204.5,6.5,4123
20190426,4674395,946543500,205.5,208.0,199.0,199.0,-5.5,3264
20190429,2092164,417237464,201.0,202.0,196.0,200.0,1.0,1511
20190430,2229103,445094100,198.5,202.0,197.0,201.5,1.5,1559
20190502,2558317,513237863,201.5,202.5,199.0,200.0,-1.5,1923
20190503,5321768,1085560208,199.5,207.0,198.5,207.0,7.0,3679
20190506,4848526,985727278,200.0,207.0,200.0,203.5,-3.5,3641
20190507,8304155,1794341500,203.0,221.5,203.0,221.5,18.0,5732
20190508,8025884,1746572828,216.5,223.0,213.0,217.0,-4.5,5630
20190509,6378451,1394922580,218.5,224.0,214.0,217.5,0.5,4369
20190510,6571710,1402002310,219.5,220.0,209.5,211.0,-6.5,4793
20190513,7163618,1445116100,209.0,209.0,198.0,200.0,-11.0,4804
20190514,5754247,1149013006,195.0,203.5,194.5,202.5,2.5,4164
20190515,4981732,997957864,203.0,204.5,197.5,200.5,-2.0,3684
20190516,5834366,1150974370,201.0,201.0,195.0,195.0,-5.5,3875
20190517,9110306,1717434356,197.5,199.0,184.0,187.5,-7.5,6369
20190520,8653072,1566365032,184.5,184.5,178.5,180.0,-7.5,5781
20190521,13822453,2376452034,176.5,177.5,167.5,173.5,-6.5,9199
20190522,12227136,2186656980,175.0,180.5,175.0,178.0,4.5,7222
20190523,10963582,1836056358,166.5,171.0,163.0,167.0,-11.0,7180
20190524,9285101,1542490918,167.0,169.0,162.0,165.0,-2.0,6302
20190527,5039493,821578592,167.0,169.0,159.5,163.5,-1.5,3541
20190528,7505120,1223450840,162.0,165.5,161.5,162.0,-1.5,3276
20190529,6176288,997385732,162.0,164.0,158.0,164.0,2.0,3628
20190530,7854726,1285777564,163.5,167.5,160.5,163.0,-1.0,4658
20190531,9931326,1654484251,163.0,168.5,162.5,167.5,4.5,5827
20190603,5790951,953675866,165.0,167.5,162.0,164.0,-3.5,3950
20190604,9223656,1526842247,165.0,171.0,161.0,162.0,-2.0,5542
20190605,5119826,845243523,166.0,166.5,163.5,166.0,4.0,3760
20190606,18097822,2760846018,163.5,164.0,149.5,149.5,-16.5,10851
20190610,13707459,2159781358,155.0,160.5,154.5,159.5,10.0,8130
20190611,11054170,1770619870,159.5,163.0,157.0,160.5,1.0,6050
20190612,10968257,1791468162,160.5,167.0,158.5,165.5,5.0,6280
20190613,8275419,1349574515,165.0,165.5,160.5,163.0,-2.5,4582
20190614,4623716,755683140,163.5,164.5,162.0,164.0,1.0,2959
20190617,4288073,699417972,163.0,164.0,162.0,162.5,-1.5,2194
20190618,5591303,906679419,162.5,164.5,160.0,161.0,-1.5,2896
20190619,13521022,2304782262,167.0,174.5,166.5,171.0,10.0,8066
20190620,8419207,1424547897,169.5,171.0,167.0,170.0,-1.0,5459
20190621,6458127,1102579646,172.0,172.0,169.0,170.5,0.5,3788
20190624,5186100,882372600,171.5,172.0,167.0,171.0,0.5,2712
20190625,3785097,641361935,172.0,172.0,168.0,168.0,-3.0,2546
20190626,3835651,640746868,167.0,169.0,165.0,167.0,-1.0,2446
20190627,6190196,1053349414,170.0,172.0,168.5,169.5,2.5,3747
20190628,5843859,1008416607,172.0,175.0,170.0,173.0,3.5,3549
20190701,8457562,1606936780,190.0,190.0,190.0,190.0,17.0,2513
20190702,16334425,3038537550,190.0,190.5,184.0,185.0,-5.0,9398
20190703,11682150,2084805200,183.0,184.0,175.5,175.5,-9.5,7797
20190704,7544127,1326638408,177.0,179.5,173.0,175.5,0.0,4659
20190705,5927461,1035248865,177.0,178.0,172.5,176.0,0.5,4121
20190708,5186998,899899641,175.0,175.5,172.0,172.5,-3.5,3559
20190709,5894392,1019525617,172.5,175.0,171.5,172.0,-0.5,3397
20190710,6954329,1217908904,173.5,177.0,173.0,175.0,3.0,4617
20190711,16260757,2970436148,178.5,186.0,178.0,183.0,8.0,10164
20190712,14702446,2574156313,176.0,177.5,173.5,173.5,,8463
20190715,15525272,2765597093,173.5,181.0,173.5,180.0,6.5,9298
20190716,16231669,2941446251,183.0,184.0,178.0,178.0,-2.0,9344
20190717,16339817,2812775094,176.0,176.0,170.5,171.0,-7.0,9337
20190718,17333938,2852756270,169.0,169.0,161.5,163.0,-8.0,10412
20190719,14519650,2457090800,167.0,172.0,166.0,172.0,9.0,8255
20190722,11277662,1945197507,172.5,174.5,169.0,174.5,2.5,6200
20190723,11655982,2026015868,175.0,176.5,171.0,174.0,-0.5,6864
20190724,7447042,1281924766,173.0,173.0,170.5,171.5,-2.5,4323
20190725,7804635,1340748355,172.0,174.0,168.5,172.5,1.0,4719
20190726,4676438,801004336,170.5,172.5,169.0,171.0,-1.5,3103
20190729,2816974,482092054,170.5,172.0,170.0,171.0,0.0,1742
20190730,6031362,1016046989,172.5,173.0,166.0,167.0,-4.0,3859
20190731,5316191,882987297,166.5,167.0,165.0,166.0,-1.0,3022
20190801,3678800,612491400,164.0,168.0,164.0,168.0,2.0,2604
20190802,6166208,1012988528,164.5,166.0,162.0,164.5,-3.5,3611
20190805,8325648,1322885844,163.5,164.5,156.5,157.0,-7.5,5791
20190806,7887051,1222666109,150.5,160.0,150.0,157.0,0.0,5234
20190807,13328322,2183744130,165.5,167.5,161.0,163.5,6.5,7834
20190808,7957956,1309425696,161.5,166.5,161.0,165.0,1.5,4755
20190812,4951894,823609298,165.5,167.5,164.0,166.0,1.0,3217
20190813,6307785,1021213774,164.0,164.0,161.0,161.0,-5.0,4248
20190814,5340345,877236080,164.0,166.0,163.0,163.5,2.5,3845
20190815,3350320,541621817,159.5,163.0,159.0,162.5,-1.0,2511
20190816,4716115,779732475,164.0,167.0,163.0,165.0,2.5,3227
20190819,11846311,2030481803,167.0,174.0,165.5,173.0,8.0,7987
20190820,12002999,2087329817,175.0,175.0,171.5,174.5,1.5,7077
20190821,6196739,1065706825,173.0,174.0,170.0,171.5,-3.0,4079
20190822,10156825,1762774306,173.0,177.0,172.0,172.5,1.0,5392
20190823,9014838,1572878312,172.0,176.0,171.0,174.0,1.5,5676
20190826,7997916,1361645720,169.5,172.5,168.0,169.0,-5.0,5263
20190827,9393245,1610329262,172.0,173.5,170.0,170.5,1.5,5202
20190828,7805497,1349435978,171.5,174.5,170.5,174.5,4.0,5112
20190829,20066969,3619022389,176.0,185.0,176.0,181.0,6.5,12302
20190830,19193203,3600517339,183.5,189.5,183.5,186.0,5.0,11580
20190902,18521983,3546689219,189.0,194.5,188.0,193.0,7.0,9986
20190903,9681304,1837962260,192.0,193.0,188.5,188.5,-4.5,5408
20190904,10847051,2028029046,187.0,190.5,184.5,186.0,-2.5,6124
20190905,6883430,1292036700,187.5,189.5,185.5,188.5,2.5,4241
20190906,11241279,2146882731,190.5,193.5,188.5,189.5,1.0,6359
20190909,6621437,1244132719,190.0,191.0,186.0,187.0,-2.5,3705
20190910,6960559,1287737856,186.0,188.0,183.0,184.0,-3.0,4166
20190911,5927758,1110672129,185.5,188.5,185.5,188.0,4.0,3714
20190912,5284654,991621621,189.0,190.0,186.0,187.5,-0.5,2887
20190916,5829466,1076320437,184.0,186.5,182.0,185.5,-2.0,3469
20190917,3989265,742002820,185.0,187.5,185.0,186.5,1.0,2419
20190918,5455918,1026125532,187.5,190.0,186.0,186.5,0.0,3801
20190919,9990618,1891413302,187.0,191.0,186.5,189.0,2.5,5545
20190920,5508693,1026192091,189.0,189.5,185.0,185.0,-4.0,3017
20190923,4459833,822422515,185.0,186.5,183.0,184.0,-1.0,2869
20190924,5083554,939658044,184.5,186.5,183.5,184.5,0.5,2951
20190925,4405221,814776327,183.5,186.0,183.5,186.0,1.5,2972
20190926,11154048,2044638479,187.0,189.0,179.0,182.0,-4.0,6428
20190927,7466012,1330297148,180.0,181.5,177.0,178.0,-4.0,4750
20191001,7941536,1452028160,181.5,184.5,179.0,184.5,6.5,4872
20191002,6430669,1194894772,184.0,187.5,183.0,187.0,2.5,4310
20191003,8005635,1502609650,184.5,190.0,183.5,190.0,3.0,4293
20191004,10154838,1931491558,192.0,194.0,188.0,191.0,1.0,5213
20191007,3942201,750602989,192.5,193.5,188.0,188.5,-2.5,2655
20191008,7554062,1402998617,188.5,189.5,183.5,187.0,-1.5,4531
20191009,5810797,1059768943,184.5,185.5,181.0,181.0,-6.0,3709
20191014,3745805,695460730,184.5,186.5,184.0,185.5,4.5,2557
20191015,3480721,637632297,185.0,185.5,181.5,183.0,-2.5,2298
20191016,4662363,860708066,184.5,187.0,183.5,183.5,0.5,2945
20191017,4647947,867127036,183.5,188.0,183.5,188.0,4.5,3035
20191018,4703942,886311596,189.0,191.0,187.0,187.5,-0.5,2664
20191021,1999080,372972960,187.0,187.5,185.5,186.5,-1.0,1446
20191022,1835999,344428812,187.5,188.5,187.0,188.0,1.5,1277
20191023,26913809,5343099227,189.0,205.0,188.5,204.5,16.5,16289
20191024,17882495,3679617465,205.5,210.0,202.0,208.0,3.5,11194
20191025,16262262,3243918876,206.0,207.5,196.0,196.0,-12.0,10001
20191028,9818192,1940422517,198.0,201.5,195.0,195.5,-0.5,5713
20191029,9641151,1864245143,196.5,198.0,190.0,192.5,-3.0,5151
20191030,8247878,1607761020,193.0,197.0,190.5,196.5,4.0,5226
20191031,6375886,1260069656,197.5,199.5,196.0,196.0,-0.5,3939
20191101,10586225,2123717950,197.0,203.0,196.0,202.0,6.0,6069
20191104,15191661,3181422149,205.5,213.0,203.5,209.0,7.0,10127
20191105,12328058,2666813644,214.5,219.5,211.5,219.0,10.0,8478
20191106,10204593,2180865177,220.0,220.0,209.5,214.5,-4.5,7019
20191107,17082008,3705259720,218.0,221.5,212.0,215.0,0.5,9823
20191108,7413982,1581181744,218.5,218.5,209.5,212.0,-3.0,4833
20191111,4089092,855267636,211.0,211.5,207.5,208.5,-3.5,2677
20191112,5472190,1170911040,209.5,216.0,209.5,216.0,7.5,4036
20191113,8069598,1759739668,214.0,221.0,213.0,216.0,0.0,5607
20191114,4294483,930824058,217.0,218.5,214.0,216.5,0.5,2785
20191115,7055420,1495463960,215.5,216.5,209.5,212.5,-4.0,4892
20191118,4028226,855689967,210.5,216.0,208.0,214.5,2.0,2488
20191119,4197855,909707802,212.5,219.0,212.5,219.0,4.5,2666
20191120,7692215,1675459940,220.0,221.5,216.0,218.0,-1.0,4915
20191121,5491815,1180007040,215.0,216.5,213.5,216.0,-2.0,2996
20191122,31854226,7341378816,218.0,237.5,217.5,237.5,21.5,18830
20191125,15832833,3651037811,235.0,237.0,226.0,227.0,-10.5,9696
20191126,9807297,2222458254,228.0,231.0,224.5,225.5,-1.5,5394
20191127,7206495,1638213870,225.0,230.0,223.5,227.0,1.5,4314
20191128,8459165,1914077460,229.5,232.5,223.0,223.5,-3.5,5551
20191129,3482622,780505028,224.0,226.0,222.5,223.5,0.0,2341
20191202,8051259,1780164980,228.0,228.5,218.0,220.5,-3.0,4906
20191203,3048927,669901970,219.0,221.5,218.5,219.5,-1.0,1933
20191204,5191750,1123011104,218.0,218.5,215.0,216.0,-3.5,3129
20191205,5645259,1245441357,218.5,222.5,218.0,221.5,5.5,3993
20191206,4592738,1019664598,223.0,226.0,219.0,220.0,-1.5,3215
20191209,6497182,1463584028,223.0,228.0,221.0,225.5,5.5,4107
20191210,4576677,1037589508,222.5,229.0,222.5,227.5,2.0,2967
20191211,7073232,1619723231,229.0,231.0,225.5,230.0,2.5,3737
20191212,9494772,2182751560,233.0,233.5,226.5,230.5,0.5,5433
20191213,9757054,2277415366,233.5,239.0,228.0,229.0,-1.5,6251
20191216,6251488,1461296192,231.0,236.0,228.0,235.0,6.0,3952
20191217,5291960,1250579478,233.5,238.0,233.5,238.0,3.0,3611
20191218,8514519,1971730591,234.0,236.0,229.0,229.0,-9.0,5634
20191219,10637951,2384545389,229.0,230.0,221.0,225.5,-3.5,7046
20191220,26883393,5718196377,218.5,220.5,208.0,212.5,-13.0,16985
20191223,9375709,2016670353,214.5,217.5,212.0,216.0,3.5,5855
20191224,5535405,1198466081,216.0,218.5,214.5,216.0,0.0,3091
20191225,3656144,799173180,216.0,220.0,215.5,219.0,3.0,2727
20191226,2991902,659207781,220.5,221.0,219.5,221.0,2.0,2115
20191227,7753630,1755138308,223.0,228.5,223.0,227.0,6.0,4786
20191230,3662282,818461386,227.0,227.0,221.5,222.0,-5.0,2661
20191231,3194400,705852900,222.0,224.0,219.0,219.0,-3.0,2005
20200102,4608951,1020934073,219.5,223.0,219.0,222.5,3.5,3017
20200103,10370777,2246971490,224.0,224.0,214.0,215.5,-7.0,6598
20200106,8175366,1726597263,212.0,213.5,210.0,211.0,-4.5,5310
20200107,9644352,2099288190,218.5,219.5,215.0,218.0,7.0,5499
20200108,8539370,1886920572,216.0,223.5,213.0,220.5,2.5,5233
20200109,9817365,2228892355,225.0,229.0,224.5,227.5,7.0,6063
20200110,4811016,1089542116,228.0,229.5,224.0,227.5,0.0,3026
20200113,8892521,2050103351,230.0,233.5,227.5,232.5,5.0,5470
20200114,8004937,1861449884,234.0,237.0,228.0,232.0,-0.5,5403
20200115,7249683,1652146055,233.0,233.5,225.5,227.5,-4.5,4606
20200116,7396864,1676240584,225.5,230.0,224.0,230.0,2.5,3918
20200117,3321363,759791853,230.0,230.5,227.0,228.5,-1.5,2387
20200120,2685418,616572338,229.0,230.5,228.0,230.5,2.0,1848
20200130,9988747,2187286852,227.0,227.0,214.0,214.5,-16.0,5339
20200131,5526956,1200224364,215.0,219.5,213.5,218.0,3.5,3179
20200203,6910796,1459750640,212.0,216.5,203.0,213.0,-5.0,4404
20200204,3696161,798838667,214.0,218.0,214.0,218.0,5.0,2524
20200205,5499307,1181596036,220.0,220.0,211.5,212.0,-6.0,3383
20200206,4839008,1047073756,214.5,219.0,214.0,218.5,6.5,2691
20200207,5360672,1155446982,217.5,218.0,213.5,214.0,-4.5,2955
20200210,6107422,1280091620,210.0,212.5,208.0,208.5,-5.5,4144
20200211,5380318,1154462146,211.0,217.5,210.5,216.5,8.0,3684
20200212,9727023,2146759080,219.0,223.0,218.0,220.5,4.0,6256
20200213,3965677,875501117,219.5,222.0,219.0,220.5,0.0,2821
20200214,5694019,1244858683,219.0,220.0,217.0,219.5,-1.0,3225
20200217,4351421,944395028,218.0,219.0,216.0,216.5,-3.0,1932
20200218,4236327,904052478,215.5,216.0,211.0,212.0,-4.5,2570
20200219,3635867,771595905,211.5,213.5,210.5,213.0,1.0,2559
20200220,8945266,1866148479,211.5,212.0,207.5,208.5,-4.5,5910
20200221,10336669,2110278814,205.5,206.5,202.0,205.0,-3.5,6197
20200224,4412799,893301381,200.0,204.0,200.0,203.5,-1.5,3312
20200225,3222617,655039985,201.0,205.5,200.0,203.5,0.0,2279
20200226,5074633,1028379132,200.5,204.5,200.0,203.5,0.0,2924
20200227,8020851,1592244701,202.0,204.5,195.5,195.5,-8.0,4847
20200302,6633352,1304787196,191.0,201.5,189.0,197.5,2.0,4381
20200303,3685972,748305821,202.0,204.5,201.5,201.5,4.0,2411
20200304,4191697,846453688,200.0,203.5,198.5,203.5,2.0,2664
20200305,3938769,807571914,205.0,206.0,204.0,204.5,1.0,2497
20200306,4069770,831207850,204.0,205.5,203.0,203.5,-1.0,2538
20200309,5129251,1014254696,199.0,202.0,195.0,195.0,-8.5,3531
20200310,6242723,1215685730,193.0,199.0,191.5,194.0,-1.0,3907
20200311,3548941,696105516,196.0,199.0,192.5,193.0,-1.0,2491
20200312,8710563,1616988781,191.0,191.0,179.5,185.5,-7.5,5268
20200313,8983157,1566708260,168.0,185.0,168.0,178.5,-7.0,5913
20200316,5326445,943757930,180.0,183.0,171.5,171.5,-7.0,3538
20200317,7106128,1220709516,168.0,178.5,168.0,170.0,-1.5,4222
20200318,5443470,930502702,171.0,173.5,168.0,168.5,-1.5,3882
20200319,11182671,1731150663,163.0,164.5,152.0,152.0,-16.5,6943
20200320,14689590,2289673360,154.5,164.0,145.5,152.0,0.0,9459
20200323,9074182,1390894528,152.0,157.0,143.0,153.5,1.5,5248
20200324,9003773,1463540726,158.5,168.0,158.0,161.5,8.0,5794
20200325,7656911,1292233281,166.5,171.5,165.0,169.0,7.5,5355
20200326,5429897,924129181,173.0,173.0,167.0,171.0,2.0,3691
20200327,6026545,1042016493,173.5,175.5,171.0,172.0,1.0,3955
20200330,3574429,608081149,168.5,174.0,166.0,173.5,1.5,2279
20200331,4838529,839682517,176.0,176.0,170.5,172.0,-1.5,3203
20200401,3762545,655132375,175.0,176.0,172.0,175.0,3.0,2685
20200406,5571263,1004590655,175.0,185.0,174.5,185.0,10.0,3710
20200407,5574845,1043148825,191.0,192.0,184.0,184.0,-1.0,4105
20200408,5963682,1108890216,186.0,190.5,184.0,184.5,0.5,4122
20200409,5519505,1029574445,187.0,189.0,185.0,187.0,2.5,3984
20200410,2622184,486776092,187.0,188.0,184.5,185.0,-2.0,1815
20200413,4008375,728915250,184.0,185.0,180.5,181.0,-4.0,3114
20200414,4595688,850626785,182.5,186.5,181.5,185.5,4.5,3363
20200415,5465536,1014528991,187.0,188.0,184.0,186.0,0.5,4147
20200416,4769162,875980828,183.0,185.5,182.0,183.0,-3.0,2938
20200417,8604128,1597843296,186.0,187.5,182.5,185.0,2.0,4428
20200420,2832500,519034500,183.5,184.5,182.0,183.0,-2.0,2262
20200421,4673199,843879320,182.5,183.5,178.0,179.0,-4.0,3337
20200422,5764067,1009319473,174.5,177.5,172.5,177.0,-2.0,4534
20200423,4350155,777492555,178.0,182.0,176.5,178.5,1.5,2460
20200424,3701576,654739528,177.5,179.0,175.5,176.0,-2.5,2536
20200427,6797938,1207701840,177.5,179.0,176.0,178.0,2.0,4203
20200428,6440741,1135064880,178.0,179.5,174.0,179.5,1.5,4389
20200429,8440877,1538824298,177.5,186.5,177.5,183.5,4.0,5391
20200430,5939812,1102071844,183.5,187.5,183.0,186.5,3.0,4023
20200504,6160613,1138502744,181.0,189.0,179.0,187.0,0.5,4158
20200505,6408390,1209778600,187.5,191.5,186.0,189.0,2.0,3956
20200506,10115421,1967399016,190.0,199.0,187.5,195.5,6.5,6559
20200507,13811438,2818413100,205.0,208.0,200.0,200.0,4.5,8868
20200508,5801500,1186211735,203.0,207.0,203.0,203.5,3.5,3855
20200511,2677779,548492795,207.0,207.0,203.5,204.0,0.5,2117
20200512,4942307,1013618742,204.5,208.5,203.0,204.0,0.0,3618
20200513,7531121,1570701910,204.0,211.0,203.5,210.0,6.0,5139
20200514,7088235,1458168940,209.5,210.0,203.0,203.5,-6.5,5196
20200515,2617288,534516252,204.5,206.0,201.0,204.0,0.5,1934
20200518,10855830,2148363578,199.0,203.5,194.0,195.0,-9.0,7015
20200519,6883817,1363263780,198.0,200.0,196.0,197.0,2.0,3277
20200520,4504553,891110759,197.0,200.5,195.0,198.0,1.0,3016
20200521,5371661,1085694005,198.0,203.5,198.0,203.5,5.5,3219
20200522,3760891,747860309,200.0,200.5,197.0,198.5,-5.0,2502
20200525,2526362,504947797,200.0,203.0,195.5,202.5,4.0,1835
20200526,6224700,1288442352,204.0,209.5,203.0,208.0,5.5,3978
20200527,3522724,735454868,210.0,210.5,207.0,207.0,-1.0,2812
20200528,3002959,622683972,209.0,209.0,205.0,208.0,1.0,2195
20200529,3854446,794686930,204.0,209.5,204.0,205.0,-3.0,2046
20200601,4410095,929229301,210.0,214.5,208.0,208.5,3.5,3169
20200602,3109009,655507886,210.0,212.0,209.0,210.5,2.0,2082
20200603,4406043,941648019,213.5,215.5,212.0,213.0,2.5,3317
20200604,3985054,855332664,215.0,216.0,213.0,216.0,3.0,2694
20200605,3306234,710547810,216.0,217.0,213.0,215.0,-1.0,2240
20200608,3667453,794916848,217.0,217.5,215.5,217.5,2.5,2359
20200609,1994762,432115854,217.5,218.0,215.5,217.0,-0.5,1520
20200610,4120050,884606800,215.0,216.5,213.5,214.0,-3.0,2951
20200611,2865484,616725828,215.0,218.0,213.0,213.5,-0.5,2017
20200612,2984217,631068721,208.5,214.0,206.0,213.5,0.0,1709
20200615,2561016,545760876,213.5,215.0,210.5,211.0,-2.5,1689
20200616,1734698,372111570,215.5,215.5,213.0,215.0,4.0,1252
20200617,4288411,915575652,215.0,216.0,212.0,214.0,-1.0,2714
20200618,3710424,795000084,213.0,216.0,212.5,215.5,1.5,2268
20200619,10815712,2406560852,217.0,226.0,216.5,222.0,6.5,6247
20200622,7635629,1723608896,223.0,231.5,223.0,224.0,2.0,5116
20200623,5382899,1223008472,227.0,230.0,223.0,228.0,4.0,3197
20200624,4193835,960395880,231.0,231.5,227.5,228.0,0.0,2589
20200629,5562629,1258847362,227.0,232.0,225.5,227.5,-0.5,2593
20200630,4294834,986613320,232.0,234.0,228.0,228.0,0.5,2567
20200701,5511068,1288429862,229.5,236.0,229.0,234.5,6.5,3697
20200702,3669720,866315640,237.5,238.0,232.0,237.0,2.5,2609
20200703,13001698,3286115980,240.5,260.5,238.5,260.5,23.5,9358
20200706,13321764,3685210015,266.0,282.0,265.0,281.5,21.0,9969
20200707,15010085,4015499127,278.0,280.0,259.0,265.0,-16.5,10508
20200708,7942844,2130522880,264.0,271.5,263.0,268.0,3.0,5507
20200709,13772108,3946015780,290.0,291.0,280.5,284.5,16.5,9345
20200710,8410732,2418240852,289.0,295.0,281.0,285.5,1.0,6452
20200713,9054734,2477929616,279.0,281.0,270.0,271.5,,6217
20200714,5823169,1564653792,270.0,276.0,265.0,267.0,-4.5,3802
20200715,6579842,1752520946,270.0,275.0,261.0,262.5,-4.5,4715
20200716,5029014,1333234196,263.0,270.0,262.0,263.5,1.0,3356
20200717,3179331,835021370,264.0,267.0,260.5,262.0,-1.5,2336
20200720,4066026,1062358562,261.5,265.0,257.5,260.0,-2.0,2655
20200721,5617545,1486571722,262.5,266.0,261.0,265.5,5.5,3828
20200722,11211903,3093117840,268.5,280.0,268.5,279.5,14.0,8115
20200723,7132514,1990193462,278.5,281.5,275.5,281.5,2.0,5554
20200724,6244836,1714093564,279.5,281.5,269.5,271.5,-10.0,4755
20200727,4257380,1172441591,272.5,278.0,272.0,277.0,5.5,3305
20200728,9233120,2556611520,279.5,286.0,269.0,269.5,-7.5,6844
20200729,5268303,1457777058,270.5,280.0,270.5,277.5,8.0,3938
20200730,3469288,966485140,280.5,281.5,276.0,279.5,2.0,2578
20200731,19468700,5712419500,282.0,304.0,282.0,290.0,10.5,14141
20200803,7964273,2346784308,295.0,298.5,291.0,296.0,6.0,6242
20200804,6302591,1873943297,296.5,301.5,293.5,297.5,1.5,4533
20200805,7086200,2140485163,301.0,305.0,298.5,303.5,6.0,5422
20200806,13426123,4228339887,312.0,322.5,307.0,316.0,12.5,9454
20200807,18595413,5594083074,315.5,317.0,292.0,294.0,-22.0,13395
20200810,8441383,2446258187,291.5,298.0,284.5,287.0,-7.0,6036
20200811,6661275,1924918250,288.0,293.0,282.0,289.5,2.5,4942
20200812,7563044,2132680452,290.0,290.0,280.0,282.0,-7.5,5682
20200813,3542397,1009251145,284.5,288.5,282.0,284.5,2.5,2845
20200814,5774949,1623701914,282.5,285.0,276.0,285.0,0.5,3615
20200817,3338671,956391912,285.0,289.0,281.5,289.0,4.0,2621
20200818,16279638,4356215484,270.0,274.0,263.0,265.5,-23.5,11953
20200819,8689653,2315167310,265.5,272.0,261.5,268.5,3.0,6360
20200820,8347373,2152259234,267.0,268.5,248.0,256.0,-12.5,5925
20200821,5977375,1573294750,266.0,270.0,260.0,263.0,7.0,4767
20200824,2964799,778891418,260.0,264.5,260.0,264.0,1.0,1968
20200825,3620268,952311108,265.5,268.0,261.0,262.0,-2.0,2813
20200826,10642519,2686663106,260.5,261.0,249.0,254.0,-8.0,7880
20200827,10413762,2598582596,256.0,257.0,242.0,248.0,-6.0,7405
20200828,6613921,1632410750,250.5,250.5,243.5,248.0,0.0,4605
20200831,9741170,2405438640,252.5,255.5,240.0,240.0,-8.0,5792
20200901,7298958,1781560630,239.5,247.5,238.5,246.5,6.5,4885
20200902,7612609,1912195359,251.5,254.5,248.0,249.5,3.0,5290
20200903,6749878,1693497156,254.0,254.0,248.5,251.0,1.5,4152
20200904,6323672,1546297056,247.0,247.5,242.0,243.0,-8.0,3906
20200907,3457563,840972809,243.0,247.0,240.0,241.0,-2.0,2449
20200908,4352230,1053547493,244.0,246.0,239.0,242.0,1.0,2977
20200909,6113563,1438707357,238.5,238.5,232.5,237.5,-4.5,4298
20200910,6904911,1682566370,240.0,247.0,239.5,243.5,6.0,4697
20200911,3829923,928738135,246.0,246.5,239.0,243.5,0.0,2475
20200914,5298224,1316032824,245.0,251.0,241.0,250.5,7.0,3789
20200915,3693225,926958445,251.0,253.0,248.0,252.0,1.5,2672
20200916,6270834,1603811338,254.5,258.0,252.5,255.5,3.5,4499
20200917,5343693,1365873052,255.0,259.0,253.0,253.0,-2.5,3575
20200918,3384828,867390104,255.0,258.0,253.0,257.0,4.0,1851
20200921,4619192,1170891576,256.5,258.0,250.0,253.0,-4.0,2772
20200922,8510808,2197396982,258.0,260.0,254.5,259.0,6.0,5882
20200923,4535480,1168174300,260.0,263.0,252.0,259.5,0.5,3302
20200924,3416039,875673062,255.5,258.5,254.0,258.0,-1.5,2242
20200925,5875189,1460735872,257.0,258.0,241.5,243.5,-14.5,4013
20200928,5723243,1462427050,246.0,259.5,246.0,258.5,15.0,3971
20200929,6775418,1781391129,259.0,266.0,258.5,264.0,5.5,4767
20200930,3948700,1048993331,264.0,267.5,261.0,265.5,1.5,2965
20201005,5430377,1422070405,265.0,267.0,258.5,260.0,-5.5,4174
20201006,6128585,1644547636,264.0,270.5,264.0,269.5,9.5,4130
20201007,8065697,2227347069,269.0,280.0,267.0,277.0,7.5,5995
20201008,11275575,3187278430,282.5,286.5,277.0,282.0,5.0,7600
20201012,6124215,1747369990,283.5,290.0,280.5,285.0,3.0,4544
20201013,3678588,1037227591,285.0,286.5,279.0,281.5,-3.5,2661
20201014,4940447,1386076607,282.0,285.0,278.5,280.5,-1.0,3299
20201015,7898304,2221007316,282.0,287.5,277.0,279.5,-1.0,5646
20201016,3896559,1083377611,278.5,281.0,275.0,278.5,-1.0,2605
20201019,2665039,740771303,280.0,281.0,276.0,277.0,-1.5,2160
20201020,4627011,1303827585,280.0,284.0,277.5,282.0,5.0,3276
20201021,4070054,1152036691,282.0,285.0,280.5,281.5,-0.5,2979
20201022,3385914,940634036,281.0,282.5,276.0,277.0,-4.5,2006
20201023,1824132,509671460,277.5,282.0,276.5,279.0,2.0,1296
20201026,1472068,411004536,278.5,280.5,277.5,278.5,-0.5,1249
20201027,2197425,608821926,276.0,279.0,275.5,278.0,-0.5,1555
20201028,4054333,1126476276,276.5,281.5,275.0,278.5,0.5,2670
20201029,3042444,833355648,275.0,277.5,269.5,274.5,-4.0,2069
20201030,3605783,974092096,274.0,276.0,267.0,267.0,-7.5,2443
20201102,5919265,1556565713,268.0,271.0,259.0,264.0,-3.0,4024
20201103,5031195,1326905120,267.5,269.0,260.5,263.5,-0.5,3773
20201104,5479166,1470157947,264.0,274.0,262.5,273.0,9.5,4014
20201105,5287717,1428439515,274.5,274.5,267.5,270.0,-3.0,3663
20201106,5338886,1466913570,273.0,277.5,271.0,273.0,3.0,3913
20201109,17521634,5169768858,290.0,299.5,290.0,293.0,20.0,11629
20201110,9811612,2869409756,294.5,296.0,287.5,291.5,-1.5,6655
20201111,8999760,2583029733,295.0,295.0,284.0,286.0,-5.5,6355
20201112,4585592,1310648814,286.5,288.0,283.5,286.0,0.0,3191
20201113,3983503,1150978827,288.0,291.5,286.0,291.5,5.5,3233
20201116,5020313,1459748000,293.5,294.0,287.5,291.0,-0.5,4194
20201117,5169508,1515871039,293.5,297.0,290.0,291.0,0.0,4057
20201118,10298736,3082584651,294.0,302.0,293.0,300.0,9.0,7649
20201119,6066918,1817389091,299.5,305.0,295.5,297.5,-2.5,4950
20201120,4212881,1266151646,298.0,304.0,296.0,301.5,4.0,3424
20201123,3791236,1156178700,302.5,308.0,302.5,304.0,2.5,3083
20201124,4347901,1303992210,305.0,306.5,297.0,298.5,-5.5,3545
20201125,6419984,1886250551,296.0,300.0,290.5,293.0,-5.5,4995
20201126,3631851,1070997764,295.5,297.5,292.5,297.0,4.0,2716
20201127,5116792,1540295001,299.0,304.5,296.5,304.0,7.0,3825
20201130,8144997,2466579507,306.0,309.0,299.0,299.0,-5.0,4604
20201201,3654886,1109525278,304.0,307.0,301.5,303.0,4.0,2436
20201202,6753615,2081878678,304.0,312.0,302.5,308.0,5.0,4931
20201203,6150285,1915013406,308.0,314.5,306.0,312.5,4.5,4126
20201204,4848589,1520063136,315.0,317.0,310.5,315.0,2.5,3314
20201207,8352701,2559505902,318.0,319.0,301.0,306.0,-9.0,6376
20201208,7832812,2455739982,306.5,318.0,306.0,316.5,10.5,5705
20201209,6845884,2202368876,317.0,327.5,316.0,321.5,5.0,5375
20201210,4272292,1365026673,324.0,324.5,315.0,317.5,-4.0,3388
20201211,5724221,1800490683,320.5,323.0,308.0,315.5,-2.0,3984
20201214,4470595,1424770027,318.0,322.0,315.5,318.0,2.5,3108
20201215,4220382,1320130799,318.0,320.0,309.0,312.5,-5.5,3393
20201216,4344200,1374250830,314.5,321.0,314.0,314.0,1.5,3091
20201217,7933440,2561036268,318.0,328.0,315.0,323.0,9.0,5857
20201218,7251309,2342405506,326.0,328.0,317.0,323.0,0.0,3398
20201221,6655093,2166022958,322.0,329.5,319.0,324.5,1.5,4064
20201222,5567541,1795738648,326.0,331.0,318.0,318.0,-6.5,3825
20201223,6261459,2036731926,320.0,330.0,318.5,325.0,7.0,3737
20201224,7702293,2573254030,330.0,338.5,329.0,333.0,8.0,5028
20201225,10957730,3845932410,338.0,362.5,335.0,351.5,18.5,8731
20201228,4920303,1710369024,351.5,356.5,343.5,348.5,-3.0,4514
20201229,3261322,1150311431,350.0,357.5,349.0,352.5,4.0,2720
20201230,2547643,901117318,354.0,357.0,351.0,357.0,4.5,2045
20201231,6491539,2397565424,370.0,375.0,363.5,369.0,12.0,5266
20210104,5054401,1832918723,366.0,368.5,358.0,363.5,-5.5,4075
20210105,4069153,1455207554,360.0,362.0,355.0,359.5,-4.0,3961
20210106,13495772,5160587909,372.5,391.0,372.0,384.0,24.5,10388
20210107,8472996,3195221935,378.0,383.5,371.0,378.0,-6.0,6848
20210108,5952312,2281157249,385.0,386.5,380.5,384.0,6.0,4725
20210111,4096025,1574610334,384.0,388.0,380.0,387.5,3.5,3442
20210112,6876669,2668094626,388.0,397.0,382.0,383.0,-4.5,5669
20210113,6482130,2580491021,391.0,404.0,388.0,403.0,20.0,5382
20210114,5316669,2096776699,399.0,400.0,392.0,393.0,-10.0,5129
20210115,9485359,3821788252,397.0,413.0,393.5,400.0,7.0,7978
20210118,4315494,1695089140,400.0,402.5,385.0,395.0,-5.0,4239
20210119,5700921,2326232814,404.0,416.0,397.0,410.0,15.0,5094
20210120,8284532,3334752622,409.5,409.5,398.5,401.0,-9.0,7438
20210121,5180643,2128536475,406.0,417.0,406.0,408.5,7.5,4768
20210122,7600964,3237692124,409.0,435.0,408.5,423.0,14.5,7260
20210125,6075337,2522201678,418.0,425.0,408.0,417.5,-5.5,5385
20210126,11454645,4817102417,438.0,445.0,407.0,408.0,-9.5,9389
20210127,7714303,3190171018,414.5,422.0,406.0,414.0,6.0,6343
20210128,6887198,2770169107,401.0,410.0,398.0,401.0,-13.0,6490
20210129,6725685,2691043327,401.0,408.5,394.0,394.0,-7.0,5260
20210201,6934190,2782299634,393.5,412.0,387.5,408.5,14.5,6167
20210202,7391898,3116701444,423.0,424.5,415.5,423.5,15.0,6703
20210203,7791362,3339963565,426.5,435.5,418.0,430.5,7.0,6701
20210204,8141579,3540524954,430.5,444.5,423.0,435.5,5.0,7070
20210205,6400581,3040420599,469.0,479.0,468.0,479.0,43.5,4629
20210217,16136450,8467190730,526.0,526.0,511.0,526.0,47.0,6808
20210218,15672685,8375636751,526.0,547.0,516.0,544.0,18.0,13445
20210219,14459330,7757858561,542.0,554.0,527.0,528.0,-16.0,12835
20210222,8909696,4700192403,534.0,536.0,517.0,531.0,3.0,8603
20210223,11065327,5674899299,519.0,523.0,503.0,513.0,-18.0,12475
20210224,8321630,4271154022,504.0,527.0,504.0,506.0,-7.0,7644
20210225,11216207,5664794590,513.0,520.0,496.5,499.0,-7.0,10574
20210226,14045568,6713894442,479.0,489.0,471.0,474.0,-25.0,14175
20210302,12152602,6086371945,495.0,511.0,492.5,493.5,19.5,10286
20210303,7743283,3781663283,496.0,499.0,478.0,494.0,0.5,6977
20210304,12404305,5933402049,495.0,495.0,470.5,477.0,-17.0,11733
20210305,10417864,4855007235,462.5,472.0,460.5,469.5,-7.5,9824
20210308,10986194,5313162203,483.5,491.0,475.0,481.0,11.5,10037
20210309,12084420,5801626619,483.0,492.5,471.0,473.5,-7.5,10671
20210310,6894514,3313318318,486.5,486.5,475.5,477.0,3.5,5779
20210311,10929767,5364784208,479.0,503.0,475.0,499.0,22.0,9514
20210312,10290471,5086688936,500.0,503.0,486.5,487.0,-12.0,9564
20210315,13419829,6659219454,487.0,507.0,481.5,496.5,9.5,11225
20210316,23789913,12157334890,505.0,522.0,497.5,497.5,1.0,19901
20210317,10657168,5403018577,505.0,516.0,498.0,508.0,10.5,9810
20210318,21278752,11319690560,516.0,545.0,516.0,539.0,31.0,19543
20210319,18641366,10068964048,530.0,552.0,525.0,542.0,3.0,15218
20210322,13152668,7044507514,545.0,553.0,523.0,527.0,-15.0,12394
20210323,9096604,4844290521,537.0,544.0,526.0,533.0,6.0,7893
20210324,6343323,3345629209,526.0,537.0,524.0,528.0,-5.0,5920
20210325,8722811,4627957482,524.0,540.0,519.0,536.0,8.0,7790
20210326,17281827,9647595615,542.0,573.0,537.0,569.0,33.0,17068
20210329,12284056,6955212532,574.0,579.0,557.0,560.0,-9.0,11618
20210330,9071799,5163982840,567.0,577.0,556.0,572.0,12.0,8288
20210331,14069508,8221838870,574.0,598.0,570.0,575.0,3.0,13032
20210401,7882773,4547986670,585.0,591.0,569.0,570.0,-5.0,7881
20210406,11453572,6832513673,584.0,613.0,580.0,602.0,32.0,12003
20210407,8813544,5359497128,603.0,627.0,593.0,619.0,17.0,9231
20210408,11926775,7450326609,611.0,644.0,607.0,629.0,10.0,11662
20210409,10918962,6774711213,620.0,633.0,611.0,611.0,-18.0,12323
20210412,16346272,9705870849,615.0,619.0,576.0,585.0,-26.0,16130
20210413,11955115,7079475777,580.0,607.0,580.0,586.0,1.0,12099
20210414,11977792,6959780251,586.0,596.0,562.0,591.0,5.0,12103
20210415,9588812,5774622778,597.0,610.0,590.0,610.0,19.0,9304
20210416,10057740,6205303037,617.0,627.0,610.0,611.0,1.0,10058
20210419,6966330,4160727209,607.0,612.0,592.0,592.0,-19.0,8083
20210420,5732506,3420873961,592.0,604.0,587.0,596.0,4.0,5366
20210421,6368578,3769870764,597.0,600.0,586.0,589.0,-7.0,6939
20210422,8909360,5294691337,597.0,606.0,587.0,588.0,-1.0,8346
20210423,8243765,4966096039,589.0,615.0,588.0,614.0,26.0,8449
20210426,7307057,4525596058,624.0,627.0,614.0,616.0,2.0,7186
20210427,19398495,12345571980,646.0,656.0,618.0,620.0,4.0,17109
20210428,13332545,8434337786,628.0,647.0,620.0,624.0,4.0,12587
20210429,9867667,6180697853,629.0,634.0,620.0,624.0,0.0,8603
20210503,14058456,8375064162,621.0,623.0,582.0,588.0,-36.0,17226
20210504,16818508,9543294064,588.0,594.0,540.0,581.0,-7.0,18598
20210505,15220071,8463877292,580.0,586.0,532.0,533.0,-48.0,18983
20210506,15074476,8186678036,543.0,555.0,528.0,553.0,20.0,13059
20210507,20083605,11534627923,575.0,585.0,555.0,578.0,25.0,17417
20210510,14310736,8070970085,587.0,589.0,543.0,545.0,-33.0,16337
20210511,27432990,13758947994,510.0,530.0,490.5,491.0,-54.0,30204
20210512,32228057,15545098925,493.5,509.0,443.5,491.5,0.5,29294
20210513,20123211,9842582601,493.5,505.0,476.0,479.0,-12.5,19136
20210514,16171162,7973159204,492.0,508.0,476.0,480.0,1.0,14813
20210517,14690492,6922984816,452.0,491.0,451.5,466.5,-13.5,14382
20210518,21703434,10790570925,484.0,513.0,473.0,513.0,46.5,18487
20210519,20581767,10343236235,515.0,525.0,492.0,494.5,-18.5,17942
20210520,21867555,10265671765,474.0,486.5,456.0,460.0,-34.5,25789
20210521,13629781,6392388477,472.0,478.0,462.0,470.5,10.5,12219
20210524,11282820,5417338527,470.0,492.5,464.0,487.5,17.0,11155
20210525,14959723,7465984706,500.0,507.0,491.0,491.0,3.5,13463
20210526,7144135,3484838137,493.0,495.5,482.5,487.0,-4.0,7538
20210527,8356204,4100324914,484.0,495.5,480.5,495.5,8.5,6304
20210528,12116389,6157208507,505.0,516.0,501.0,505.0,9.5,11859
20210531,12500526,6560609108,512.0,536.0,507.0,534.0,29.0,12480
20210601,14356410,7545490433,536.0,540.0,515.0,516.0,-18.0,16482
20210602,11252225,5694498375,515.0,521.0,497.0,498.0,-18.0,13744
20210603,8803717,4389096079,503.0,505.0,489.0,505.0,7.0,8250
20210604,4260108,2121299790,498.0,503.0,493.0,500.0,-5.0,4717
20210607,8530737,4334354216,502.0,520.0,491.0,519.0,19.0,8165
20210608,7834581,4051992833,526.0,526.0,510.0,512.0,-7.0,7762
20210609,5202822,2677363566,508.0,522.0,506.0,513.0,1.0,5158
20210610,7188642,3734572329,519.0,528.0,513.0,515.0,2.0,7053
20210611,5910082,3027890297,519.0,523.0,506.0,506.0,-9.0,6388
20210615,6568908,3399103765,511.0,522.0,511.0,522.0,16.0,6243
20210616,6236523,3194776422,521.0,522.0,506.0,510.0,-12.0,7157
20210617,5447016,2756324124,506.0,510.0,502.0,509.0,-1.0,5375
20210618,6639127,3382981193,513.0,516.0,503.0,503.0,-6.0,5482
20210621,11979221,5832457094,498.0,498.0,480.5,483.0,-20.0,16442
20210622,12351965,5906323589,483.5,491.0,472.0,476.5,-6.5,12396
20210623,7372051,3588605356,482.0,491.0,482.0,490.0,13.5,7053
20210624,5821291,2884582816,494.5,499.0,491.5,497.0,7.0,5717
20210625,5667647,2795895105,498.0,501.0,489.0,489.0,-8.0,6485
20210628,4943473,2414960351,488.5,496.5,481.0,496.5,7.5,5394
20210629,3478867,1711365318,498.0,499.0,487.5,487.5,-9.0,4223
20210630,10540407,5299150025,505.0,510.0,495.0,499.0,11.5,9439
20210701,5015779,2518785622,504.0,507.0,497.5,503.0,4.0,4959
20210702,5920847,2934555716,503.0,504.0,492.0,493.5,-9.5,6035
20210705,7434726,3740143352,499.0,509.0,496.0,504.0,10.5,6362
20210706,5313696,2686624833,506.0,513.0,500.0,500.0,-4.0,4699
20210707,8679254,4325230288,505.0,508.0,491.0,494.0,-6.0,9276
20210708,6896942,3481094699,499.5,508.0,499.0,506.0,12.0,6804
20210709,9076191,4492518952,497.0,500.0,492.0,492.5,-13.5,10850
20210712,6062989,3031074635,502.0,503.0,497.0,500.0,7.5,6275
20210713,7866857,3942920090,503.0,509.0,493.0,495.0,-5.0,8831
20210714,7854269,3864352516,494.0,497.0,490.0,490.5,-4.5,8877
20210715,5119250,2538338126,492.5,499.5,492.0,499.5,9.0,5075
20210716,4939822,2473782477,497.0,506.0,494.0,499.5,0.0,4792
20210719,4557726,2285411197,499.5,505.0,494.0,503.0,3.5,4553
20210720,11124579,5428137706,493.0,494.0,481.0,483.0,-20.0,15481
20210721,8075425,3907595498,490.0,492.5,477.0,478.5,-4.5,9005
20210722,12252879,6085996167,484.5,503.0,484.5,497.5,19.0,10709
20210723,6982298,3459406942,502.0,506.0,489.0,489.0,-8.5,6430
20210726,5202501,2576666464,490.5,502.0,490.5,492.0,3.0,4452
20210727,20872413,10854420152,499.0,536.0,497.0,522.0,30.0,22471
20210728,16571724,8221855946,520.0,525.0,485.0,490.0,-32.0,17069
20210729,10737779,5386886394,497.0,512.0,492.5,503.0,13.0,9467
20210730,12384382,6376053724,500.0,524.0,500.0,511.0,8.0,12627
20210802,30009831,16363651105,534.0,562.0,522.0,541.0,30.0,26642
20210803,12051832,6593439179,544.0,555.0,541.0,545.0,4.0,12791
20210804,13058053,7207940006,545.0,562.0,537.0,562.0,17.0,14103
20210805,14519269,8330755049,565.0,582.0,563.0,570.0,8.0,15145
20210806,12687799,7146391270,560.0,575.0,557.0,560.0,-10.0,13443
20210809,9610049,5248273385,555.0,558.0,538.0,538.0,-22.0,12293
20210810,8527840,4552332097,540.0,547.0,525.0,531.0,-7.0,9658
20210811,8353498,4376426574,532.0,534.0,512.0,519.0,-12.0,9991
20210812,4246226,2240540159,521.0,533.0,521.0,527.0,8.0,5008
20210813,6133479,3179036715,531.0,533.0,509.0,509.0,-18.0,8846
20210816,7265816,3673286340,509.0,515.0,499.0,506.0,-3.0,7651
20210817,8475492,4110061645,498.0,498.5,472.5,474.0,,13132
20210818,11405631,5405016605,463.0,492.0,456.0,491.5,17.5,12219
20210819,9082002,4375653467,487.0,495.0,470.5,470.5,-21.0,10384
20210820,7890514,3733304916,477.0,483.0,469.5,470.0,-0.5,6196
20210823,5685564,2733144009,474.5,486.5,472.0,480.5,10.5,5788
20210824,9036250,4244747773,487.5,488.5,461.0,461.0,-19.5,13162
20210825,9935834,4589534701,459.0,469.5,454.5,469.0,8.0,9805
20210826,6271649,2907602774,470.5,474.0,458.0,459.5,-9.5,7215
20210827,11382021,5115174043,456.0,458.5,445.0,446.0,-13.5,15575
20210830,8730796,3922245498,451.0,454.5,442.0,454.5,8.5,9052
20210831,7489015,3375335316,458.0,459.0,446.0,449.0,-5.5,8025
20210901,7102720,3247212287,447.0,463.0,447.0,463.0,14.0,7782
20210902,6849773,3165718248,461.5,471.5,456.0,456.5,-6.5,8238
20210903,4214318,1932826896,462.0,463.5,456.0,456.5,0.0,5064
20210906,11524865,5023466118,448.0,448.0,430.0,430.0,-26.5,18034
20210907,5913457,2580352491,437.0,441.5,431.0,431.0,1.0,7082
20210908,6043523,2592473880,429.0,438.0,423.0,425.5,-5.5,7955
20210909,4020287,1733667326,423.5,437.5,423.5,433.5,8.0,4343
20210910,9018794,4032005939,436.5,454.5,435.0,454.0,20.5,9751
20210913,4345651,1938038744,449.0,453.0,443.0,444.0,-10.0,5262
20210914,4577321,2021817540,440.5,449.0,438.5,440.0,-4.0,5258
20210915,5346019,2323415887,438.5,444.5,430.5,431.0,-9.0,6264
20210916,5091659,2195472051,434.0,440.5,425.5,429.0,-2.0,5994
20210917,4983567,2143078692,432.5,437.0,427.0,428.5,-0.5,4645
20210922,5334313,2227045030,415.0,422.0,411.0,422.0,-6.5,6855
20210923,5663344,2433137920,429.0,436.0,426.0,426.5,4.5,4810
20210924,4878462,2092362542,434.0,434.0,426.0,426.0,-0.5,4265
20210927,4663676,2008900543,426.5,436.0,422.0,434.5,8.5,4284
20210928,4732510,2021545684,431.5,432.5,424.0,424.0,-10.5,5324
20210929,6917028,2847298625,415.0,419.0,406.5,406.5,-17.5,11358
20210930,7387282,3006004277,407.0,412.5,398.0,410.0,3.5,7117
20211001,5133921,2085683084,405.0,412.5,401.0,404.5,-5.5,5730
20211004,3751951,1507896245,406.0,411.0,398.0,399.5,-5.0,4419
20211005,6594737,2596827090,390.0,399.0,384.0,397.5,-2.0,7226
20211006,4175050,1652496022,402.5,404.5,389.5,391.0,-6.5,5002
20211007,5663402,2269105485,399.0,407.0,396.0,396.0,5.0,5930
20211008,4038604,1588631729,398.5,402.0,389.0,389.0,-7.0,5412
20211012,8234936,3104503235,384.0,388.0,372.0,372.0,-17.0,9358
20211013,5374126,2002455076,377.0,379.5,369.0,371.5,-0.5,5758
20211014,5404872,2003430537,376.5,377.0,364.0,372.0,0.5,5958
20211015,6168732,2383829118,381.0,391.0,379.0,390.5,18.5,6218
20211018,4660321,1815384112,388.5,395.0,385.5,387.0,-3.5,4556
20211019,4420189,1761581486,389.0,403.0,389.0,401.0,14.0,4753
20211020,5102251,2046205161,404.5,406.0,397.0,399.0,-2.0,5048
20211021,8208738,3312626061,395.0,414.0,393.5,395.5,-3.5,8097
20211022,4856547,1938727203,396.0,405.0,391.0,405.0,9.5,4636
20211025,3379441,1353783569,403.0,406.5,397.5,400.0,-5.0,3455
20211026,4412661,1805347123,404.0,413.5,403.5,409.0,9.0,4772
20211027,2717354,1110054364,409.0,411.5,405.5,408.5,-0.5,2734
20211028,7354224,3053452399,409.0,423.5,408.5,410.5,2.0,6757
20211029,5817469,2424294340,415.0,422.0,411.0,415.5,5.0,5540
20211101,5859715,2467280826,427.0,429.5,417.0,418.5,3.0,5980
20211102,5000516,2060657136,419.5,421.0,405.5,405.5,-13.0,6124
20211103,3895173,1607785028,407.5,415.5,407.0,413.5,8.0,3886
20211104,4126087,1701353412,417.5,420.0,407.5,407.5,-6.0,4277
20211105,24133745,10477395859,418.0,448.0,413.0,448.0,40.5,22628
20211108,17071402,7811246392,452.5,467.5,448.5,456.5,8.5,16749
20211109,9506009,4351571406,450.0,462.0,450.0,461.0,4.5,9909
20211110,5894964,2672455377,459.0,461.0,450.0,452.0,-9.0,6471
20211111,5622708,2494380861,446.0,448.0,437.0,443.0,-9.0,6117
20211112,7642606,3453017590,447.5,459.5,442.0,451.5,8.5,6172
20211115,14529382,6812986614,459.0,477.0,458.5,470.0,18.5,14322
20211116,8523395,4014604034,470.0,477.5,465.0,470.0,0.0,7826
20211117,16634566,8159400274,480.0,498.5,479.0,490.5,20.5,16778
20211118,10636503,5287955947,494.0,504.0,488.5,493.5,3.0,11795
20211119,9642915,4725854199,500.0,502.0,482.0,483.0,-10.5,10758
20211122,5910549,2896558102,484.5,495.0,482.5,489.5,6.5,5767
20211123,6713060,3244143343,484.0,489.5,475.0,485.5,-4.0,7443
20211124,3985417,1924511181,482.0,490.5,478.5,480.5,-5.0,4860
20211125,5536936,2633949295,482.0,482.5,472.0,473.0,-7.5,6263
20211126,7747790,3615169704,470.5,475.5,461.5,462.5,-10.5,8325
20211129,7120357,3326003889,456.0,473.0,456.0,470.0,7.5,7392
20211130,7921947,3724507203,472.0,477.5,465.5,465.5,-4.5,6144
20211201,8505990,4059078753,465.5,483.0,465.5,482.5,17.0,7661
20211202,8712546,4244472523,483.0,493.0,476.0,486.0,3.5,8170
20211203,6338796,3124493635,491.5,497.5,488.0,493.0,7.0,6970
20211206,7984429,4007115451,500.0,505.0,495.5,505.0,12.0,9250
20211207,10049093,5135428784,508.0,515.0,506.0,513.0,8.0,9667
20211208,9357176,4862506822,525.0,525.0,515.0,519.0,6.0,8719
20211209,6066896,3116159524,521.0,523.0,508.0,512.0,-7.0,8163
20211210,4726536,2405681907,508.0,515.0,503.0,508.0,-4.0,7443
20211213,7654074,4000268636,512.0,530.0,512.0,520.0,12.0,8633
20211214,7035114,3580029530,516.0,520.0,502.0,502.0,-18.0,8829
20211215,5472431,2771122632,503.0,514.0,495.5,512.0,10.0,5990
20211216,11159798,5883559600,517.0,535.0,516.0,534.0,22.0,11936
20211217,7851355,4154917720,525.0,533.0,523.0,531.0,-3.0,7896
20211220,7392906,3870490242,526.0,528.0,516.0,528.0,-3.0,6615
20211221,7047786,3736018962,528.0,535.0,521.0,535.0,7.0,6108
20211222,5417119,2884701271,535.0,537.0,530.0,532.0,-3.0,4889
20211223,6373021,3419913856,535.0,539.0,531.0,538.0,6.0,6448
20211224,3986880,2134678723,540.0,544.0,530.0,530.0,-8.0,4645
20211227,2532632,1345582524,531.0,536.0,526.0,531.0,1.0,2938
20211228,3167258,1698574140,536.0,539.0,531.0,537.0,6.0,3921
20211229,1481475,792357473,539.0,539.0,532.0,534.0,-3.0,2165
20211230,3883274,2094609253,534.0,543.0,534.0,539.0,5.0,4108
20220103,3557178,1912357448,545.0,546.0,532.0,538.0,-1.0,4326
20220104,4673722,2495761740,540.0,542.0,528.0,532.0,-6.0,5075
20220105,6886648,3585664791,529.0,531.0,516.0,520.0,-12.0,8385
20220106,6247868,3212079572,516.0,523.0,508.0,517.0,-3.0,6802
20220107,6868242,3515360867,523.0,526.0,505.0,507.0,-10.0,6880
20220110,3447168,1749577147,505.0,511.0,501.0,510.0,3.0,3521
20220111,4469001,2289306734,515.0,519.0,506.0,508.0,-2.0,4411
20220112,3955758,2002625293,514.0,514.0,501.0,508.0,0.0,4728
20220113,4822431,2407381624,508.0,511.0,495.5,498.0,-10.0,7310
20220114,5223486,2561913073,493.5,497.0,485.0,494.5,-3.5,6789
20220117,3453132,1721613835,494.5,503.0,492.0,501.0,6.5,3783
20220118,4867977,2491708335,505.0,517.0,503.0,510.0,9.0,5333
20220119,3206005,1617603065,502.0,509.0,501.0,506.0,-4.0,3246
20220120,3078414,1543353749,502.0,505.0,497.5,503.0,-3.0,2649
20220121,4085073,2025811878,498.5,500.0,492.0,494.5,-8.5,4602
20220124,6145745,2973055305,490.0,490.5,472.0,490.5,-4.0,7372
20220125,6313268,3013876580,482.5,484.5,472.0,473.0,-17.5,8982
20220126,4404074,2081189683,475.0,479.0,470.0,471.0,-2.0,6207
20220207,7689965,3536071572,460.0,472.5,454.0,456.5,-14.5,9126
20220208,7289927,3318418326,461.5,461.5,452.0,453.0,-3.5,8521
20220209,8227712,3794464632,458.0,466.0,456.5,462.0,9.0,7253
20220210,6912187,3223898987,467.0,471.0,463.5,467.0,5.0,6491
20220211,6130382,2843348589,463.5,470.5,457.0,468.0,1.0,5770
20220214,10129447,4607457959,466.0,467.0,450.0,454.5,-13.5,10657
20220215,6090377,2771514267,454.0,458.5,452.0,453.0,-1.5,5866
20220216,6970664,3189862251,460.5,462.0,453.5,456.0,3.0,7269
20220217,7203732,3253287099,456.0,456.5,450.0,450.5,-5.5,8017
20220218,7058525,3135941669,441.5,448.5,440.5,446.5,-4.0,8607
20220221,4940670,2222166562,443.0,454.5,441.5,453.5,7.0,5175
20220222,5624244,2530480492,450.0,453.0,447.0,452.0,-1.5,6324
20220223,8793993,4077316523,457.5,469.0,456.5,463.5,11.5,8645
20220224,8269724,3793149893,457.5,465.0,454.0,456.0,-7.5,9356
20220225,6623078,3038851274,464.0,466.0,456.0,456.5,0.5,6376
20220301,8730616,4133731034,469.0,481.0,463.5,481.0,24.5,9371
20220302,4648053,2210131305,473.0,480.0,471.0,477.0,-4.0,5669
20220303,4714086,2267880464,482.5,485.5,475.0,480.0,3.0,5773
20220304,2938975,1398149928,475.0,480.0,473.5,474.0,-6.0,4042
20220307,5988840,2744966185,468.0,468.0,452.0,456.5,-17.5,8890
20220308,5932308,2689193264,450.0,462.0,448.5,452.5,-4.0,6658
20220309,3448982,1567876877,456.0,459.0,452.0,452.5,0.0,4202
20220310,4118555,1914116651,462.0,468.0,459.0,468.0,15.5,4465
20220311,3808975,1773961756,461.0,472.0,460.0,466.5,-1.5,3883
20220314,3446206,1601099253,469.5,472.5,460.5,463.0,-3.5,4028
20220315,4323834,1965108947,465.0,465.5,450.0,451.5,-11.5,6377
20220316,4905046,2213503395,457.0,457.5,445.0,452.5,1.0,5578
20220317,6443997,3000347596,462.5,469.0,461.5,467.0,14.5,6159
20220318,7375902,3391651735,468.0,468.5,454.0,456.5,-10.5,7452
20220321,6572772,2967368998,454.5,458.0,448.5,450.5,-6.0,9713
20220322,10554534,4617451474,445.0,446.0,431.5,434.5,-16.0,19279
20220323,5343832,2359200606,442.5,445.0,436.5,445.0,10.5,6246
20220324,6891033,2993278455,440.0,442.0,432.0,434.5,-10.5,13520
20220325,3901299,1708805479,436.5,442.0,435.5,435.5,1.0,4663
20220328,4674716,1978907102,430.5,430.5,420.0,425.0,-10.5,9286
20220329,4062775,1711722481,424.0,427.0,419.0,420.5,-4.5,10320
20220330,4179137,1778599737,430.5,430.5,422.0,424.5,4.0,7271
20220331,2614622,1117565893,425.0,430.0,422.5,426.5,2.0,4121
20220401,2155712,914417743,425.0,427.5,420.5,427.5,1.0,3909
20220406,5912031,2463792288,421.5,422.0,415.0,415.0,-12.5,11707
20220407,6445505,2609362845,407.5,412.5,400.0,400.0,-15.0,13639
20220408,4457112,1794784374,403.5,406.5,400.0,403.0,3.0,6615
20220411,4734805,1867306273,404.0,406.5,390.0,390.5,-12.5,10833
20220412,6094768,2405384455,386.0,400.0,383.5,398.0,7.5,6986
20220413,4013762,1628349081,401.0,410.0,397.5,410.0,12.0,5658
20220414,4312291,1782619999,417.0,417.0,409.0,414.0,4.0,4788
20220415,2805440,1128668189,408.5,408.5,399.5,400.0,-14.0,6738
20220418,1927142,776730304,397.5,407.0,393.0,405.5,5.5,3534
20220419,2448686,994788309,410.5,411.5,402.0,402.0,-3.5,4117
20220420,3093384,1249884477,403.5,407.0,402.0,405.5,3.5,3878
20220421,4474483,1787448483,401.0,403.0,396.5,401.5,-4.0,6640
20220422,6608839,2577728465,391.0,396.0,386.5,387.0,-14.5,11976
20220425,5428510,2039231923,378.5,380.5,372.5,374.5,-12.5,8495
20220426,3661621,1378928003,379.0,379.0,374.0,376.0,1.5,4604
20220427,9005165,3224204760,360.0,367.0,350.5,363.5,-12.5,11270
20220428,7217167,2722737174,365.0,384.0,364.5,382.5,19.0,8107
20220429,13507762,5451958390,417.5,417.5,397.0,398.5,16.0,16247
20220503,4756639,1912854308,402.0,405.0,399.0,403.5,5.0,5865
20220504,7351455,2912109276,402.0,402.5,390.0,395.0,-8.5,10795
20220505,5679578,2267137803,399.0,401.0,396.0,401.0,6.0,6672
20220506,5262377,2062264891,390.5,394.5,388.0,391.0,-10.0,8055
20220509,5731114,2180750240,382.0,384.5,377.5,378.0,-13.0,7917
20220510,7081751,2725860054,373.5,392.5,372.0,390.5,12.5,7766
20220511,3869969,1510181049,386.0,393.5,384.0,391.5,1.0,5738
20220512,5484415,2134665435,387.0,394.0,385.5,388.5,-3.0,5806
20220513,4505922,1787213287,393.0,399.0,391.0,399.0,10.5,5615
20220516,5497263,2182559067,408.0,408.0,391.5,391.5,-7.5,6550
20220517,4164635,1644741704,392.5,398.0,390.5,394.5,3.0,4832
20220518,4608972,1829649802,397.0,399.5,395.0,395.0,0.5,5907
20220519,5062257,2007943603,387.0,402.5,386.5,402.5,7.5,6080
20220520,3557490,1434440821,405.5,406.0,401.0,401.5,-1.0,5564
20220523,5869262,2315396841,399.5,401.5,390.5,393.0,-8.5,9055
20220524,4047032,1569242551,394.0,395.0,384.0,384.5,-8.5,6576
20220525,4136419,1602614287,384.5,391.5,382.5,389.0,4.5,4203
20220526,3468716,1352019161,391.5,395.0,386.0,387.5,-1.5,3885
20220527,5369242,2136568604,395.0,400.0,393.0,400.0,12.5,5696
20220530,4468014,1801517954,405.5,405.5,401.0,404.0,4.0,4552
20220531,5367877,2176579279,402.5,408.5,400.5,406.0,2.0,4395
20220601,6061350,2494319883,406.0,417.5,404.0,410.0,4.0,8709
20220602,5022269,2019815302,405.5,406.0,399.5,401.0,-9.0,6878
20220606,3015504,1217708845,404.5,407.0,397.5,406.5,5.5,3590
20220607,4469152,1754038953,402.0,404.0,400.0,401.0,-5.5,3737
20220608,2605375,1054635549,403.5,407.5,402.5,405.0,4.0,3200
20220609,4435381,1773715491,401.5,403.5,398.0,398.5,-6.5,5600
20220610,3440184,1354206097,396.0,396.5,392.0,393.0,-5.5,5169
20220613,4643696,1768171725,382.0,383.5,378.0,379.5,-13.5,8080
20220614,3964255,1483267128,375.5,379.0,370.0,379.0,-0.5,5695
20220615,4092096,1535139081,376.0,380.0,372.0,372.5,-6.5,6192
20220616,3402643,1267866362,378.0,381.0,366.0,366.5,-6.0,5010
20220617,9120398,3224937645,356.5,360.0,351.0,352.0,-14.5,10404
20220620,8050038,2756651729,352.5,353.5,338.5,341.5,-10.5,8919
20220621,6494441,2220613787,342.0,346.0,337.5,346.0,4.5,6471
20220622,11795577,3830129255,340.5,341.0,317.5,321.0,-25.0,17744
20220623,7827717,2534559002,323.5,328.0,318.0,326.0,5.0,8275
20220624,4681009,1515243157,325.0,328.0,319.0,325.0,-1.0,10098
20220627,4894562,1616310878,326.5,335.0,326.0,330.0,5.0,9429
20220628,6873821,2187216067,326.0,327.0,314.0,315.0,-15.0,9697
20220629,7153902,2213514423,301.0,317.5,301.0,310.0,-5.0,7246
20220630,6598528,2002597503,305.0,307.5,301.0,302.0,-8.0,7173
20220701,9613701,2846062010,300.0,307.0,288.0,288.5,-13.5,13380
20220704,9130975,2678607359,294.0,297.0,285.5,296.0,7.5,11867
20220705,7195859,2105435029,302.0,302.5,287.0,292.0,-4.0,18773
20220706,10483614,2979837469,291.5,294.0,278.0,278.0,-14.0,12423
20220707,8448170,2333937488,272.5,283.0,270.5,279.5,1.5,8329
20220708,12595555,3718840895,285.5,302.0,284.5,300.0,20.5,19385
20220711,11651423,3495261018,300.5,302.5,297.0,300.5,0.5,8784
20220712,17100825,4098574927,243.5,244.0,234.5,234.5,,15304
20220713,8099997,1957659708,247.0,247.5,238.0,238.5,4.0,8569
20220714,6408893,1523320002,235.0,241.5,230.5,241.0,2.5,11030
20220715,7652726,1863246357,239.0,250.5,236.0,245.0,4.0,10993
20220718,4629963,1151979310,245.0,251.0,244.5,249.0,4.0,13144
20220719,4191138,1045341898,246.5,251.5,245.5,250.5,1.5,5315
20220720,8811780,2275378229,257.0,260.0,256.0,258.0,7.5,12289
20220721,6088466,1616130767,260.0,269.5,259.0,269.5,11.5,14666
20220722,7432964,1983390672,271.0,271.5,263.0,266.0,-3.5,14381
20220725,3057705,801601293,262.5,264.0,260.5,262.0,-4.0,5863
20220726,4258919,1111281370,260.5,265.0,257.0,261.5,-0.5,7091
20220727,3482292,910492239,259.0,265.0,257.0,264.5,3.0,9703
20220728,4508693,1191236242,268.0,270.5,260.5,262.5,-2.0,13151
20220729,4393112,1157920529,264.0,266.5,260.0,265.0,2.5,6795
20220801,5405590,1410937845,261.5,264.0,257.5,262.0,-3.0,11988
20220802,8352368,2089250370,254.0,255.5,247.0,250.5,-11.5,8889
20220803,4720169,1172482180,249.0,251.0,246.0,249.5,-1.0,5915
20220804,6519066,1599111068,250.5,251.0,242.0,247.0,-2.5,5902
20220805,4499357,1118421946,248.0,251.5,247.0,247.5,0.5,4506
20220808,10668730,2697324937,243.0,257.0,242.5,256.5,9.0,10362
20220809,5276696,1362099951,256.5,262.5,253.5,260.0,3.5,7916
20220810,7198269,1789438643,256.0,256.0,245.0,245.5,-14.5,27112
20220811,7726172,1986083273,251.0,261.0,250.5,257.5,12.0,7310
20220812,5488808,1428830212,258.0,263.5,255.0,261.5,4.0,26721
20220815,5228206,1384085755,264.0,267.5,260.5,267.5,6.0,8445
20220816,4784881,1260975323,268.5,269.0,261.0,262.0,-5.5,10633
20220817,5196078,1374228519,262.5,266.5,260.5,265.0,3.0,4697
20220818,4169906,1105971586,262.0,269.0,260.5,267.0,2.0,8183
20220819,5292931,1433902834,266.5,273.5,266.0,270.0,3.0,6768
20220822,3931143,1054278823,267.5,272.0,265.0,266.0,-4.0,8593
20220823,3050637,800819438,263.5,266.0,261.0,261.0,-5.0,4449
20220824,2827280,738731769,262.0,263.5,260.0,260.0,-1.0,5017
20220825,4128416,1104954807,262.0,269.5,262.0,269.5,9.5,3832
20220826,3968898,1066200492,271.0,273.5,265.0,265.0,-4.5,10672
20220829,3216717,831293442,256.5,262.0,255.0,259.0,-6.0,4056
20220830,2586868,669278197,259.5,261.5,257.5,258.5,-0.5,3455
20220831,3954096,1026321063,256.5,263.5,254.5,263.5,5.0,4377
20220901,4101113,1064842094,260.0,262.5,257.0,258.5,-5.0,4777
20220902,3685310,959262835,258.5,264.0,258.0,258.5,0.0,3839
20220905,5675365,1429729896,257.5,259.5,247.0,252.5,-6.0,7958
20220906,2652517,667866194,252.0,255.0,250.0,251.5,-1.0,4102
20220907,5417869,1358275567,246.5,256.0,243.5,254.5,3.0,6485
20220908,5160865,1314850825,254.5,260.0,247.0,259.0,4.5,9823
20220912,3778940,1001825239,261.0,267.5,261.0,266.5,7.5,4297
20220913,3126680,826755634,266.0,269.0,262.0,263.0,-3.5,13854
20220914,3278353,841624350,255.5,258.5,255.0,258.0,-5.0,4089
20220915,3047025,794828043,257.5,264.5,257.0,260.5,2.5,3056
20220916,5026132,1280588688,258.0,259.0,253.0,253.0,-7.5,4852
20220919,3926940,982523406,252.0,255.5,248.5,249.5,-3.5,3895
20220920,6144339,1509076002,250.5,253.0,243.5,243.5,-6.0,7203
20220921,4910593,1196661914,243.0,247.0,242.0,243.5,0.0,3946
20220922,7001321,1669460194,238.5,244.5,233.0,239.5,-4.0,6032
20220923,3146401,747425040,236.0,241.5,235.0,235.5,-4.0,5773
20220926,5723908,1290436231,231.0,233.0,220.5,222.5,-13.0,8095
20220927,4560169,1020344234,224.5,227.0,221.5,223.5,1.0,4602
20220928,6527735,1418863368,223.5,224.0,214.0,214.5,-9.0,8575
20220929,4441138,955737651,218.0,219.5,212.0,213.5,-1.0,4885
20220930,4222791,907284091,208.0,219.5,208.0,219.0,5.5,4508
20221003,3244425,704668821,215.5,220.5,213.5,217.5,-1.5,5057
20221004,4663739,1061900111,224.0,230.5,224.0,228.0,10.5,4981
20221005,6848323,1621653941,232.5,241.5,231.5,238.5,10.5,6567
20221006,4951174,1179757740,240.5,242.5,236.0,240.5,2.0,4885
20221007,3285955,782738087,238.5,241.0,235.0,238.5,-2.0,4717
20221011,5148932,1206661768,231.5,238.0,226.0,236.5,-2.0,5522
20221012,6184579,1463034236,234.5,241.0,231.5,237.0,0.5,6213
20221013,4736781,1121470690,235.0,242.5,232.0,233.0,-4.0,7881
20221014,5095348,1233878831,240.0,245.5,239.5,242.5,9.5,9152
20221017,6431462,1567427501,239.5,249.0,237.0,249.0,6.5,9007
20221018,7962601,1950040613,252.5,252.5,241.5,243.0,-6.0,12921
20221019,4578732,1123993519,244.5,248.0,243.5,244.0,1.0,4516
20221020,4917175,1195475881,239.5,245.5,239.5,245.5,1.5,5045
20221021,2945100,726819066,245.5,249.0,244.0,246.0,0.5,3151
20221024,4029899,1004129959,251.0,253.0,245.5,246.0,0.0,5695
20221025,4700473,1128293338,246.0,248.0,235.5,235.5,-10.5,7504
20221026,3197243,756032493,235.5,240.0,234.0,235.0,-0.5,4374
20221027,2861576,685852535,237.0,242.0,236.5,241.0,6.0,2799
20221028,4513598,1056337028,239.0,239.5,228.0,237.0,-4.0,8826
20221031,2840306,681308459,237.5,243.0,235.5,241.0,4.0,2872
20221101,2092607,509268719,242.5,246.0,240.5,243.5,2.5,4340
20221102,2579322,632338071,243.5,247.5,241.0,246.0,2.5,2632
20221103,2941432,714491260,240.5,246.0,239.0,245.0,-1.0,3375
20221104,2523445,620701105,244.0,248.0,242.0,247.5,2.5,2782
20221107,4925324,1253424778,251.0,257.5,248.5,255.5,8.0,5042
20221108,8117764,2132286413,257.5,268.0,257.0,259.5,4.0,15916
20221109,10810117,3040309537,277.5,285.0,275.0,285.0,25.5,10928
20221110,19821452,5723593934,285.5,293.5,283.5,290.0,5.0,17002
20221111,14441584,4384962380,310.0,312.5,297.0,298.0,8.0,22991
20221114,7668113,2279150150,301.0,301.5,293.5,298.0,0.0,12262
20221115,5122704,1531357822,296.0,301.5,294.0,301.0,3.0,8577
20221116,8396592,2556894256,303.0,308.5,297.0,307.0,6.0,9148
20221117,10439639,3221436900,321.0,321.5,301.0,307.0,0.0,9739
20221118,8220491,2511769117,308.0,314.0,299.0,301.5,-5.5,8376
20221121,4181272,1248383420,302.0,303.5,295.5,298.0,-3.5,4389
20221122,5007649,1470060228,296.0,297.0,290.0,295.0,-3.0,5699
20221123,3624727,1061005864,297.0,297.5,291.0,291.0,-4.0,5298
20221124,4590524,1372095482,295.0,302.5,293.0,302.0,11.0,4957
20221125,3861194,1146184339,302.0,302.5,294.0,294.5,-7.5,6031
20221128,2190809,641430333,291.0,295.5,290.0,291.5,-3.0,2898
20221129,2837341,826492941,290.5,294.0,288.5,293.0,1.5,3177
20221130,5928609,1748438003,291.5,298.5,290.0,298.5,5.5,5107
20221201,5295681,1585715113,300.5,302.5,297.0,297.0,-1.5,6254
20221202,3578326,1059893704,294.5,299.0,293.5,299.0,2.0,4206
20221205,5393349,1612465283,295.0,302.0,294.0,300.5,1.5,5188
20221206,7759580,2297740138,296.0,298.5,292.5,298.5,-2.0,7178
20221207,9564911,2885919519,296.0,305.0,296.0,305.0,6.5,8789
20221208,6111143,1823427553,303.5,303.5,295.0,297.5,-7.5,9541
20221209,3483693,1045553231,299.0,302.5,298.0,299.0,1.5,4500
20221212,3169926,934388293,299.0,299.0,292.0,296.5,-2.5,3997
20221213,3030804,898421406,296.0,299.0,295.0,295.5,-1.0,4332
20221214,6008662,1822170665,297.0,307.0,296.5,307.0,11.5,6033
20221215,4730520,1448853430,305.0,308.5,303.0,308.5,1.5,4946
20221216,11310464,3514472958,302.5,314.5,301.0,314.5,6.0,10481
20221219,12598332,3885555253,310.0,311.5,301.5,309.0,-5.5,12656
20221220,10784279,3280132690,306.0,312.0,300.0,300.0,-9.0,8912
20221221,9369844,2800056881,300.0,304.0,296.5,298.0,-2.0,18318
20221222,8899421,2690975241,298.5,305.0,297.0,302.0,4.0,6295
20221223,3163409,949616425,299.0,303.5,297.0,301.5,-0.5,4219
20221226,2820359,860988504,303.5,307.5,300.5,306.5,5.0,2831
20221227,13780941,4422990720,311.5,329.0,311.5,319.0,12.5,14945
20221228,5980575,1861116186,315.0,316.5,307.0,309.0,-10.0,13331
20221229,5238058,1630839228,306.0,317.5,302.0,317.5,8.5,6889
20221230,5174523,1649593989,321.0,324.0,315.0,315.5,-2.0,6886
20230103,11770294,3858609275,313.0,334.5,312.5,334.5,19.0,12032
20230104,9262817,3094581657,330.5,338.0,328.0,335.5,1.0,8756
20230105,8041700,2733346957,340.0,344.5,336.5,339.0,3.5,8402
20230106,10471610,3642682361,342.0,352.0,339.0,352.0,13.0,12497
20230109,9973679,3483954585,357.0,357.5,343.0,348.5,-3.5,11527
20230110,9913148,3426607698,347.0,353.5,340.0,347.0,-1.5,9395
20230111,6279597,2191979421,349.5,351.0,346.0,350.5,3.5,6209
20230112,6546628,2264102367,347.0,350.0,342.0,344.5,-6.0,6423
20230113,5694786,1966684662,346.0,348.0,342.5,346.0,1.5,4874
20230116,3737959,1295440585,350.0,351.0,343.0,345.0,-1.0,4142
20230117,3069041,1065050068,347.0,348.0,344.0,348.0,3.0,3199
20230130,7515848,2654361963,356.5,357.5,349.0,351.0,3.0,6374
20230131,10440259,3733963209,353.0,364.5,351.0,355.0,4.0,9480
20230201,8213100,2931113963,355.0,362.0,352.0,353.5,-1.5,6936
20230202,7579457,2728162937,357.0,363.5,356.0,361.0,7.5,7266
20230203,6476836,2338839699,361.5,363.5,357.0,363.0,2.0,5515
20230206,5058362,1819397192,360.5,364.5,356.0,356.0,-7.0,5482
20230207,8974945,3268397199,360.0,366.5,358.0,364.0,8.0,8053
20230208,20690621,7991066296,374.5,398.0,373.5,390.0,26.0,18991
20230209,8731291,3366107547,383.0,392.5,381.5,381.5,-8.5,11229
20230210,7348382,2800403725,380.5,385.0,376.0,383.5,2.0,6816
20230213,5192156,1986477779,383.0,386.5,378.5,380.5,-3.0,5115
20230214,10649205,4205114154,386.0,398.5,384.5,398.5,18.0,11340
20230215,8109164,3221720808,395.5,404.5,392.0,398.0,-0.5,9292
20230216,6066829,2425330167,398.0,402.5,394.0,402.0,4.0,6645
20230217,5572963,2253944963,408.0,408.0,400.5,404.5,2.5,6431
20230220,5877622,2399719396,406.0,415.0,405.0,407.5,3.0,6870
20230221,9696499,4073924969,411.5,425.0,410.5,425.0,17.5,11635
20230222,7969153,3280398635,421.0,422.0,406.0,409.0,-16.0,11516
20230223,6364691,2622595207,410.5,416.5,409.0,409.0,0.0,6447
20230224,10133803,4142248523,414.5,420.0,401.5,407.5,-1.5,9701
20230301,7603388,3130645028,407.0,419.0,402.0,415.5,8.0,7394
20230302,5378784,2202192574,415.0,415.0,406.5,409.5,-6.0,6428
20230303,4133916,1699063704,413.5,414.5,407.0,410.5,1.0,4191
20230306,7862657,3312138991,415.5,426.0,415.5,422.0,11.5,8354
20230307,6214215,2651644645,422.5,430.5,419.5,430.5,8.5,7152
20230308,5594042,2383795785,424.0,431.0,422.5,429.5,-1.0,5487
20230309,3764063,1619230195,431.0,433.0,426.5,428.0,-1.5,4527
20230310,5320276,2259967408,424.0,430.0,421.0,424.0,-4.0,5668
20230313,5339598,2249004981,420.5,428.0,417.5,428.0,4.0,5695
20230314,3681666,1553690914,423.0,426.0,419.0,420.0,-8.0,3944
20230315,6867662,2928752046,424.0,435.0,417.0,418.0,-2.0,7816
20230316,6460148,2671066065,408.0,419.0,408.0,417.5,-0.5,8135
20230317,7428785,3190233976,422.0,434.5,421.0,434.5,17.0,5558
20230320,3550690,1533841555,434.5,436.0,428.5,430.0,-4.5,4436
20230321,2105708,907058541,433.0,434.0,428.5,429.0,-1.0,2641
20230322,4956434,2142562985,433.5,435.0,429.5,430.5,1.5,5228
20230323,4508445,1948078429,434.5,435.0,429.5,433.0,2.5,4267
20230324,4420588,1924992068,434.0,437.0,433.0,436.5,3.5,4668
20230327,2982758,1289779754,437.0,437.5,430.5,430.5,-6.0,3824
20230328,3882074,1662015151,434.0,434.5,423.0,425.5,-5.0,4507
20230329,8009806,3322140505,426.0,428.5,409.0,414.0,-11.5,10431
20230330,4791705,1987356193,416.5,419.5,411.0,415.0,1.0,6027
20230331,9076310,3888334966,422.0,432.0,420.0,431.5,16.5,8860
20230406,7866468,3430824315,433.5,441.0,432.0,435.5,4.0,7792
20230407,3046174,1339076149,435.5,442.0,435.5,439.0,3.5,3832
20230410,4586747,2053977082,444.0,452.0,443.0,447.5,8.5,6134
20230411,7282931,3346969432,453.0,464.0,452.0,463.5,16.0,9054
20230412,4891494,2236267175,463.5,464.0,454.0,455.5,-8.0,7249
20230413,4215323,1903916312,456.0,458.0,449.0,450.0,-5.5,5324
20230414,3548571,1620930870,455.0,461.0,449.5,459.0,9.0,4002
20230417,2267587,1036609108,457.0,460.5,453.0,458.0,-1.0,2928
20230418,2829259,1281718471,458.0,458.0,450.0,451.0,-7.0,3900
20230419,3672676,1659874976,451.0,455.0,448.0,450.0,-1.0,3558
20230420,2612741,1167758468,449.0,452.0,443.5,445.0,-5.0,3403
20230421,3742513,1651053183,445.0,450.0,436.0,436.0,-9.0,5264
20230424,2749885,1201728730,433.0,443.0,432.0,438.5,2.5,3474
20230425,7650926,3198677215,436.0,437.0,409.0,409.0,-29.5,10973
20230426,6245661,2531859719,405.0,413.0,397.5,412.0,3.0,7190
20230427,5416738,2224153866,410.0,418.0,402.5,410.5,-1.5,5799
20230428,4819668,2015086992,414.0,421.5,414.0,418.5,8.0,4066
20230502,3081712,1314133270,425.0,429.0,421.0,425.5,7.0,3551
20230503,2113128,895804816,422.5,427.0,418.5,426.5,1.0,2606
20230504,2477855,1049128926,423.0,426.5,420.0,423.0,-3.5,3425
20230505,1189347,507537640,424.5,428.0,423.0,428.0,5.0,1668
20230508,3242891,1398946975,434.0,435.0,428.5,429.0,1.0,3763
20230509,5667809,2373185187,429.0,429.5,412.5,417.0,-12.0,7284
20230510,13052581,5643320628,430.0,444.0,423.5,424.0,7.0,12369
20230511,5288980,2216862485,423.0,427.0,415.0,415.5,-8.5,6571
20230512,4991802,2048440315,413.0,414.5,407.0,411.0,-4.5,5701
20230515,7729204,3091098280,407.5,408.0,396.0,400.5,-10.5,10956
20230516,3372861,1372353640,405.0,410.0,403.5,406.0,5.5,3816
20230517,7393667,2959861689,404.0,406.0,396.0,400.5,-5.5,9180
20230518,4010838,1631181461,406.0,409.5,403.5,407.5,7.0,4770
20230519,3200514,1303515967,411.0,413.0,404.0,407.0,-0.5,3629
20230522,4224909,1725723889,408.5,414.0,404.0,408.0,1.0,4790
20230523,2463249,1005541627,408.0,410.0,405.0,409.0,1.0,2965
20230524,4040485,1636530754,406.5,408.0,400.0,407.5,-1.5,3968
20230525,5985182,2485471590,415.0,419.0,411.5,414.0,6.5,6057
20230526,3529271,1475690455,416.0,421.0,416.0,416.5,2.5,4414
20230529,3445408,1454842301,420.5,425.0,418.5,423.5,7.0,4369
20230530,4273486,1799389701,424.5,425.0,416.0,423.5,0.0,4328
20230531,5587269,2376689611,420.5,428.0,420.5,425.5,2.0,3765
20230601,3142371,1327975196,422.0,426.0,418.0,424.0,-1.5,3354
20230602,4223654,1814928818,427.0,431.5,426.0,431.0,7.0,4267
20230605,4127429,1811226394,433.0,442.0,431.0,438.0,7.0,5311
20230606,3349139,1477309048,439.5,444.5,436.0,444.5,6.5,4661
20230607,5553205,2520048471,450.0,456.5,448.0,456.0,11.5,6999
20230608,4473535,2027601806,453.5,456.5,448.0,455.5,-0.5,5196
20230609,6094903,2826893660,462.0,467.5,460.0,463.0,7.5,7300
20230612,3928850,1804218604,469.0,469.0,455.0,455.0,-8.0,7901
20230613,4254162,1972277298,463.0,467.0,458.5,466.5,11.5,5579
20230614,4017450,1853755898,461.0,464.5,459.5,460.5,-6.0,4317
20230615,5925207,2672241663,457.0,457.5,448.0,450.0,-10.5,10290
20230616,6360152,2912936119,453.0,461.5,451.0,458.0,8.0,5245
20230619,4630798,2109225400,457.0,461.0,450.5,455.0,-3.0,4441
20230620,3031473,1370417240,456.0,457.0,449.0,449.0,-6.0,3816
20230621,4853420,2169401929,445.0,451.5,441.0,450.0,1.0,5877
20230626,2399252,1080182223,445.0,454.5,443.0,450.0,0.0,2667
20230627,3463456,1569949647,449.0,456.5,447.0,452.0,2.0,3690
20230628,3458293,1580626731,455.5,460.5,450.5,459.0,7.0,3926
20230629,3401697,1566087367,463.0,466.0,454.5,456.0,-3.0,3802
20230630,14140500,6054268965,442.5,443.0,424.5,426.5,-29.5,15763
20230703,6871987,2906879119,425.0,427.0,419.0,425.0,-1.5,9164
20230704,6502733,2834577963,430.0,441.5,428.5,440.5,15.5,6248
20230705,5079156,2234672761,442.5,445.0,436.0,438.5,-2.0,4483
20230706,7133084,3101709498,437.5,438.5,431.0,435.5,-3.0,6168
20230707,5076728,2198218018,431.5,438.0,428.5,435.5,0.0,5028
20230710,7332969,3178882738,439.0,439.5,430.5,430.5,-5.0,6732
20230711,12606848,5009984416,394.5,404.0,394.5,397.0,,11661
20230712,5060997,1994703757,398.0,398.5,391.0,394.5,-2.5,6896
20230713,4961062,1976010278,395.0,402.5,395.0,399.0,4.5,5505
20230714,6238685,2547913938,404.0,413.5,401.5,409.0,10.0,5286
20230717,4128563,1679265100,409.0,412.0,404.0,406.0,-3.0,4472
20230718,3944563,1620527434,409.5,415.5,407.0,410.0,4.0,3969
20230719,4866164,1987419012,408.0,415.0,404.5,404.5,-5.5,4891
20230720,2413701,986481253,406.5,411.5,403.0,409.5,5.0,2741
20230721,3051709,1238568372,407.5,409.0,401.5,408.0,-1.5,3703
20230724,3128074,1273157246,405.5,411.0,403.5,405.5,-2.5,3028
20230725,2965797,1216451773,409.5,413.0,407.0,408.0,2.5,3234
20230726,2425349,990563657,410.5,414.5,406.0,406.5,-1.5,2832
20230727,3022894,1244407229,406.5,415.0,404.5,415.0,8.5,3411
20230728,2722625,1127980183,413.0,417.0,411.0,416.5,1.5,3312
20230731,6843484,2934207380,425.0,439.0,422.5,424.0,7.5,8210
20230801,6924322,3014962922,432.0,439.5,428.5,437.0,13.0,7918
20230802,4209226,1824015929,434.0,440.5,428.5,432.0,-5.0,6355
20230804,2846903,1215533551,430.0,431.0,425.0,425.0,-7.0,4324
20230807,3322966,1414337485,426.5,429.0,421.0,427.5,2.5,4932
20230808,5102303,2135783729,428.0,429.0,413.0,417.5,-10.0,8726
20230809,11907285,4756449215,406.0,408.0,391.0,397.0,-20.5,15122
20230810,5109805,2017865645,395.0,399.0,392.5,393.5,-3.5,7106
20230811,3344863,1323212673,394.0,400.0,392.0,395.0,1.5,3626
20230814,3047533,1189158398,393.0,394.0,388.0,390.5,-4.5,4999
20230815,2761336,1079523611,392.5,393.0,389.5,390.0,-0.5,3152
20230816,4857025,1883179748,388.0,391.0,385.0,389.5,-0.5,5852
20230817,5055035,1952157687,386.0,390.0,382.5,388.5,-1.0,4543
20230818,4661808,1804884686,385.0,392.0,385.0,386.0,-2.5,4763
20230821,4456430,1701549853,384.0,386.0,380.0,381.5,-4.5,5314
20230822,2491137,954040874,383.5,387.5,380.5,382.5,1.0,2913
20230823,1578172,605419456,382.0,386.0,381.0,385.0,2.5,1883
20230824,2324691,906748112,387.0,392.5,386.0,390.0,5.0,2639
20230825,2559834,1003071326,389.0,394.0,388.5,392.5,2.5,2853
20230828,1886659,744729656,394.0,397.5,391.5,393.5,1.0,2305
20230829,1744433,689620010,398.0,398.5,393.0,395.5,2.0,1994
20230830,1485878,589656635,398.0,399.0,395.5,397.0,1.5,1880
20230831,2868296,1149013247,397.0,404.0,396.5,399.5,2.5,2552
20230901,1846703,743544579,400.5,404.5,400.5,403.0,3.5,2300
20230904,3128702,1274279857,405.0,412.0,399.0,410.5,7.5,4023
20230905,5318196,2225710061,408.0,423.0,406.0,422.0,11.5,6176
20230906,3878878,1646779751,423.5,427.0,420.0,425.0,3.0,4799
20230907,3642791,1558014252,423.5,430.5,423.5,427.0,2.0,4170
20230908,3491531,1481610622,424.5,428.0,418.5,427.5,0.5,4140
20230911,3145136,1351504276,427.5,433.0,427.0,428.5,1.0,3978
20230912,3535430,1522950545,431.5,434.0,422.5,434.0,5.5,4355
20230913,4449792,1945228850,432.0,439.0,432.0,438.5,4.5,5492
20230914,6642304,2961357507,440.0,450.0,438.0,449.5,11.0,7590
20230915,9434400,4339292990,451.0,464.0,451.0,464.0,14.5,10570
20230918,5677905,2571058668,455.0,461.5,446.5,447.5,-16.5,10845
20230919,5705061,2523301119,450.0,451.5,435.5,445.5,-2.0,6466
20230920,4442005,1932473748,439.0,442.5,431.0,431.5,-14.0,6116
20230921,3224864,1385662221,424.5,433.5,422.0,433.0,1.5,3695
20230922,1935043,840270639,429.0,437.5,429.0,437.5,4.5,2257
20230925,3060329,1343988431,435.0,444.5,434.5,440.0,2.5,3164
20230926,3245786,1395760040,437.0,438.0,426.0,427.0,-13.0,4648
20230927,3641590,1550823368,424.5,429.5,422.5,429.5,2.5,3783
20230928,5793834,2451932955,427.5,427.5,420.5,423.0,-6.5,5639
20231002,2566258,1093362874,424.5,429.0,420.0,428.0,5.0,2908
20231003,2701660,1170955614,428.0,438.0,426.5,431.0,3.0,3183
20231004,2561146,1099682888,427.5,434.0,423.0,431.5,0.5,2946
20231005,3919421,1721897328,433.5,441.5,431.0,440.5,9.0,4372
20231006,4323673,1874334819,438.5,440.0,431.0,431.5,-9.0,4844
20231011,4623871,2019513622,433.0,440.5,433.0,437.0,5.5,4386
20231012,3279315,1415996576,439.5,439.5,429.0,432.0,-5.0,3645
20231013,2418496,1054239504,433.0,438.0,431.5,436.5,4.5,2596
20231016,2403249,1034290123,434.0,434.0,427.5,431.5,-5.0,2942
20231017,3463785,1497414979,433.5,437.5,427.0,430.0,-1.5,3318
20231018,4287922,1864163485,430.5,439.5,429.5,436.0,6.0,4146
20231019,3014663,1316758153,432.5,440.0,430.5,438.5,2.5,3089
20231020,3516987,1539560580,439.5,443.0,433.5,440.0,1.5,3576
20231023,3503925,1521261175,440.0,444.0,429.0,430.5,-9.5,3896
20231024,1726337,741127913,430.0,433.0,425.5,429.5,-1.0,2052
20231025,3022499,1321713735,431.5,440.5,431.5,435.5,6.0,2841
20231026,3251270,1396123345,432.5,433.0,426.0,429.5,-6.0,3714
20231027,1857923,800695065,431.5,432.5,429.0,432.0,2.5,1834
20231030,10944462,4929342151,437.5,459.0,437.0,452.0,20.0,11646
20231031,6727374,3056916873,453.5,459.0,449.5,454.5,2.5,6085
20231101,11496464,5356056458,457.0,470.5,455.0,470.0,15.5,12043
20231102,9271283,4443468014,476.0,485.0,471.0,485.0,15.0,11420
20231103,4453936,2145476098,486.0,487.0,478.0,478.0,-7.0,5781
20231106,8462890,4173896730,485.5,499.5,481.0,496.0,18.0,10180
20231107,6238087,3105257776,493.5,504.0,491.5,499.0,3.0,7434
20231108,12847028,6087842538,471.0,481.5,466.5,477.5,-21.5,25689
20231109,5444332,2635490814,479.0,491.0,478.0,483.0,5.5,6135
20231110,3527457,1696415986,480.0,486.5,477.0,481.5,-1.5,4249
20231113,3430085,1673862873,486.0,492.5,483.5,487.5,6.0,3987
20231114,3976009,1946900406,490.0,492.0,486.5,489.0,1.5,4126
20231115,4768278,2359202083,493.5,498.0,491.0,491.5,2.5,5226
20231116,4304467,2082975230,495.0,495.5,479.0,485.0,-6.5,6147
20231117,3739397,1838514728,483.5,495.0,483.5,495.0,10.0,4778
20231120,3915077,1928189444,497.5,502.0,487.5,491.5,-3.5,4878
20231121,3019170,1493370097,497.0,497.0,490.5,492.5,1.0,3497
20231122,2948909,1461024753,492.5,499.0,489.0,499.0,6.5,3687
20231123,2278854,1133517654,500.0,501.0,494.0,496.0,-3.0,3428
20231124,2539396,1269033730,497.0,502.0,495.5,500.0,4.0,2886
20231127,7172779,3658231254,502.0,517.0,501.0,503.0,3.0,10362
20231128,3984360,1995874443,504.0,507.0,496.5,502.0,-1.0,4884
20231129,4759899,2432983617,502.0,514.0,502.0,512.0,10.0,5358
20231130,4057008,2069451596,512.0,513.0,505.0,511.0,-1.0,5146
20231201,2237823,1142376846,506.0,515.0,506.0,510.0,-1.0,2943
20231204,3811224,1948022506,510.0,518.0,506.0,514.0,4.0,3578
20231205,3476451,1752616678,510.0,510.0,501.0,503.0,-11.0,4930
20231206,2532448,1290044563,503.0,513.0,503.0,511.0,8.0,3023
20231207,1839129,934658699,507.0,512.0,505.0,509.0,-2.0,2304
20231208,1858993,947052869,511.0,512.0,507.0,508.0,-1.0,2437
20231211,2247856,1141190640,508.0,511.0,504.0,510.0,2.0,2704
20231212,4112880,2108808979,510.0,516.0,508.0,514.0,4.0,4090
20231213,3759814,1935352222,513.0,517.0,511.0,517.0,3.0,3713
20231214,5427962,2789739611,517.0,518.0,508.0,516.0,-1.0,5719
20231215,5047994,2607750220,518.0,522.0,512.0,515.0,-1.0,4571
20231218,4964115,2578599971,515.0,522.0,511.0,519.0,4.0,4860
20231219,5426544,2774875568,518.0,521.0,508.0,510.0,-9.0,5514
20231220,4538847,2327033425,513.0,515.0,508.0,514.0,4.0,3626
20231221,8962923,4453541161,508.0,508.0,491.5,494.5,-19.5,12907
20231222,4394382,2210213447,497.0,506.0,497.0,506.0,11.5,4256
20231225,1822382,915742817,506.0,508.0,499.5,504.0,-2.0,2483
20231226,2061050,1048507755,506.0,510.0,505.0,510.0,6.0,2592
20231227,2650671,1353296375,512.0,516.0,507.0,511.0,1.0,3283
20231228,1589289,811069380,512.0,513.0,507.0,510.0,-1.0,2201
20231229,2240543,1151550951,513.0,517.0,508.0,517.0,7.0,2985
20240102,3296109,1684019047,518.0,521.0,506.0,510.0,-7.0,3567
20240103,3914783,1962462773,505.0,507.0,498.0,499.5,-10.5,5521
20240104,3427826,1696816663,498.5,502.0,492.0,495.0,-4.5,4705
20240105,4746428,2327068882,491.5,494.0,488.5,490.0,-5.0,5062
20240108,4130304,2066119438,497.5,504.0,496.5,500.0,10.0,4119
20240109,3164637,1585034154,505.0,505.0,498.0,500.0,0.0,3101
20240110,2500766,1248870396,500.0,502.0,495.5,502.0,2.0,2847
20240111,2462226,1235566923,506.0,507.0,500.0,502.0,0.0,1968
20240112,4995840,2538671269,501.0,512.0,500.0,510.0,8.0,4880
20240115,10119290,5368613019,524.0,538.0,524.0,534.0,24.0,12049
20240116,5108609,2717305486,535.0,536.0,528.0,533.0,-1.0,5641
20240117,9185386,4700761117,521.0,522.0,508.0,511.0,-22.0,18451
20240118,3216087,1641393788,510.0,513.0,505.0,513.0,2.0,3448
20240119,3232755,1657187829,516.0,517.0,509.0,515.0,2.0,3685
20240122,2832857,1461239619,514.0,519.0,513.0,518.0,3.0,3258
20240123,3742549,1953612775,517.0,526.0,516.0,523.0,5.0,3983
20240124,1959958,1028054588,523.0,526.0,522.0,526.0,3.0,2317
20240125,2029378,1067759713,523.0,528.0,523.0,528.0,2.0,2392
20240126,4117388,2132762083,525.0,525.0,514.0,520.0,-8.0,4852
20240129,1672460,867326209,516.0,521.0,513.0,520.0,0.0,2028
20240130,5063147,2583591322,520.0,520.0,508.0,508.0,-12.0,6609
20240131,4481188,2275334163,508.0,512.0,504.0,511.0,3.0,4193
20240201,2935182,1509093725,509.0,517.0,508.0,515.0,4.0,2862
20240202,2271680,1168128701,515.0,516.0,511.0,515.0,0.0,2615
20240205,7939482,3968984046,505.0,506.0,492.0,506.0,-9.0,8796
20240215,7364433,3702503447,506.0,512.0,496.5,506.0,0.0,7697
20240216,4646283,2373503232,508.0,516.0,504.0,514.0,8.0,5188
20240219,14032391,7535659897,516.0,558.0,515.0,550.0,36.0,16145
20240220,18379764,10922694935,588.0,605.0,580.0,587.0,37.0,20863
20240221,7545879,4304597369,575.0,579.0,564.0,569.0,-18.0,12875
20240222,7233979,4178689467,573.0,587.0,567.0,584.0,15.0,7957
20240223,6394408,3748607397,589.0,595.0,580.0,580.0,-4.0,8003
20240226,3591955,2098590585,579.0,590.0,577.0,584.0,4.0,4761
20240227,12755726,7685327561,586.0,611.0,586.0,605.0,21.0,15668
20240229,8050822,4836112249,594.0,607.0,589.0,601.0,-4.0,7078
20240301,7462807,4525928584,600.0,616.0,599.0,599.0,-2.0,11885
20240304,7237342,4295981462,602.0,605.0,589.0,592.0,-7.0,11397
20240305,3984255,2358062691,590.0,595.0,586.0,593.0,1.0,5265
20240306,6389893,3762154494,588.0,596.0,582.0,594.0,1.0,7285
20240307,7454562,4434506395,590.0,603.0,589.0,598.0,4.0,8206
20240308,15195278,9222496042,611.0,624.0,588.0,592.0,-6.0,15875
20240311,6007305,3499020601,585.0,589.0,578.0,582.0,-10.0,8224
20240312,3448996,2032492072,582.0,594.0,582.0,594.0,12.0,3997
20240313,6572356,3852402536,592.0,599.0,578.0,584.0,-10.0,9804
20240314,5897626,3390486045,580.0,582.0,568.0,576.0,-8.0,9113
20240315,4020034,2301404212,571.0,578.0,569.0,570.0,-6.0,4938
20240318,11133368,6689051903,609.0,609.0,587.0,605.0,35.0,10695
20240319,7044995,4205765681,596.0,603.0,590.0,596.0,-9.0,9014
20240320,7399495,4478285777,600.0,615.0,594.0,595.0,-1.0,8855
20240321,5235193,3121066672,601.0,605.0,591.0,596.0,1.0,6722
20240322,4103219,2424054033,596.0,598.0,584.0,594.0,-2.0,5187
20240325,3704268,2176754503,592.0,594.0,584.0,589.0,-5.0,5489
20240326,4821258,2801823093,590.0,593.0,575.0,583.0,-6.0,7619
20240327,3659768,2158315186,583.0,594.0,580.0,591.0,8.0,4326
20240328,4165932,2464431940,591.0,596.0,586.0,589.0,-2.0,5506
20240329,7497657,4517515988,590.0,612.0,588.0,604.0,15.0,9312
20240401,3984515,2363375296,605.0,605.0,589.0,589.0,-15.0,8578
20240402,2288283,1357926212,589.0,595.0,589.0,594.0,5.0,2793
20240403,1834054,1088379626,588.0,597.0,586.0,596.0,2.0,2346
20240408,3752533,2226947912,591.0,601.0,590.0,591.0,-5.0,3558
20240409,4855416,2891646533,598.0,601.0,590.0,596.0,5.0,3802
20240410,5063340,3071441942,596.0,612.0,595.0,606.0,10.0,7032
20240411,4496537,2739195506,606.0,615.0,601.0,615.0,9.0,6064
20240412,8878543,5590938433,616.0,639.0,615.0,630.0,15.0,11184
20240415,4335446,2689576753,629.0,629.0,613.0,618.0,-12.0,6105
20240416,5542198,3364085909,613.0,614.0,602.0,602.0,-16.0,6707
20240417,4268679,2630855289,608.0,624.0,606.0,621.0,19.0,4946
20240418,3485970,2156161787,616.0,627.0,614.0,615.0,-6.0,3844
20240419,7551212,4473605572,606.0,607.0,578.0,588.0,-27.0,19074
20240422,5653427,3282812871,584.0,591.0,573.0,574.0,-14.0,7380
20240423,3912325,2272969936,582.0,588.0,571.0,583.0,9.0,4367
20240424,4542286,2713213618,588.0,605.0,586.0,601.0,18.0,4547
20240425,3495688,2096425636,598.0,605.0,595.0,597.0,-4.0,4441
20240426,3487084,2115685271,598.0,614.0,598.0,603.0,6.0,3867
20240429,5757275,3569645645,609.0,625.0,608.0,625.0,22.0,7048
20240430,3666567,2269305494,619.0,625.0,615.0,618.0,-7.0,3878
20240502,4734538,2916520864,610.0,623.0,606.0,616.0,-2.0,4594
20240503,4731578,2988226890,623.0,635.0,619.0,634.0,18.0,5632
20240506,4088969,2605147321,640.0,642.0,633.0,635.0,1.0,5136
20240507,3473171,2217798104,640.0,646.0,633.0,640.0,5.0,4025
20240508,12943440,7823389144,593.0,611.0,591.0,605.0,-35.0,22828
20240509,7929071,4713533234,598.0,600.0,585.0,592.0,-13.0,11643
20240510,6942975,4107863663,593.0,597.0,587.0,588.0,-4.0,7975
20240513,6356234,3708383392,589.0,592.0,579.0,587.0,-1.0,9433
20240514,6895894,4008803411,587.0,591.0,578.0,583.0,-4.0,8703
20240515,5255695,3053068089,583.0,588.0,579.0,579.0,-4.0,8593
20240516,4037622,2373370712,585.0,592.0,582.0,591.0,12.0,5454
20240517,4333699,2591363891,591.0,603.0,588.0,603.0,12.0,5235
20240520,5793580,3513247605,605.0,612.0,602.0,612.0,9.0,6636
20240521,5161025,3132464488,610.0,611.0,602.0,606.0,-6.0,6709
20240522,5389954,3281024445,612.0,614.0,601.0,614.0,8.0,6899
20240523,7882741,4888931582,610.0,624.0,608.0,624.0,10.0,8187
20240524,6851604,4209682634,605.0,619.0,605.0,610.0,-14.0,12147
20240527,10682580,6593260031,612.0,632.0,607.0,607.0,-3.0,9289
20240528,10700681,6650011528,621.0,630.0,608.0,623.0,16.0,9980
20240529,7475524,4617519269,623.0,629.0,611.0,611.0,-12.0,13292
20240530,7160803,4352376533,608.0,613.0,604.0,605.0,-6.0,7814
20240531,10921624,6518480543,601.0,610.0,593.0,593.0,-12.0,9280
20240603,7267804,4343896132,596.0,603.0,592.0,598.0,5.0,8900
20240604,7114113,4246478325,594.0,604.0,592.0,595.0,-3.0,7761
20240605,5582054,3368916895,596.0,608.0,595.0,605.0,10.0,5389
20240606,4088159,2468125417,606.0,611.0,597.0,606.0,1.0,4841
20240607,1659129,1001990198,606.0,606.0,600.0,606.0,0.0,2169
20240611,3844355,2299531822,598.0,602.0,595.0,595.0,-11.0,4756
20240612,4483879,2714590119,595.0,610.0,595.0,607.0,12.0,4276
20240613,4887502,2983763937,614.0,617.0,607.0,608.0,1.0,4786
20240614,2409553,1477001469,611.0,615.0,608.0,614.0,6.0,3077
20240617,2843544,1760233912,615.0,622.0,614.0,622.0,8.0,3637
20240618,3956320,2453470916,628.0,630.0,613.0,617.0,-5.0,8415
20240619,6260067,3917430287,622.0,630.0,618.0,629.0,12.0,7780
20240620,6292304,3888883975,626.0,627.0,615.0,619.0,-10.0,9677
20240621,3913414,2409100119,614.0,618.0,611.0,618.0,-1.0,4454
20240624,6008111,3672715260,614.0,617.0,605.0,617.0,-1.0,6813
20240625,4750080,2872286262,617.0,617.0,600.0,604.0,-13.0,8121
20240626,7186770,4333714852,600.0,613.0,595.0,613.0,9.0,10139
20240627,3319409,2007443213,606.0,608.0,602.0,606.0,-7.0,4157
20240628,3418667,2076710382,606.0,611.0,604.0,606.0,0.0,3511
20240701,5421306,3347483976,608.0,620.0,608.0,620.0,14.0,5820
20240702,7925118,4931147971,617.0,628.0,612.0,624.0,4.0,9177
20240703,7941307,4886230352,620.0,620.0,609.0,619.0,-5.0,9522
20240704,7076441,4354924175,616.0,620.0,610.0,620.0,1.0,7113
20240705,2392414,1481272523,620.0,622.0,616.0,618.0,-2.0,3087
20240708,4431437,2717192901,616.0,620.0,610.0,612.0,-6.0,6343
20240709,5939792,3599409582,612.0,616.0,602.0,604.0,-8.0,9475
20240710,9634873,5513836277,569.0,578.0,568.0,570.0,,17165
20240711,4312476,2500740096,575.0,584.0,572.0,579.0,9.0,6367
20240712,5029883,2861127487,575.0,575.0,566.0,567.0,-12.0,10800
20240715,4415656,2490601085,570.0,571.0,561.0,563.0,-4.0,8107
20240716,3806926,2127342207,564.0,564.0,555.0,558.0,-5.0,8641
20240717,3499739,1944794478,559.0,562.0,552.0,554.0,-4.0,6877
20240718,6509077,3558525537,549.0,554.0,540.0,554.0,0.0,9692
20240719,3812933,2081166207,552.0,553.0,543.0,543.0,-11.0,5683
20240722,5134237,2730720958,543.0,547.0,524.0,524.0,-19.0,8005
20240723,2887471,1557708620,550.0,550.0,533.0,541.0,17.0,3687
20240726,4870527,2629191349,525.0,548.0,524.0,544.0,3.0,5491
20240729,3431943,1845636598,551.0,555.0,529.0,530.0,-14.0,5058
20240730,4952039,2602405081,526.0,532.0,520.0,531.0,1.0,6453
20240731,4533383,2366305206,520.0,529.0,516.0,523.0,-8.0,6474
20240801,3563275,1898041917,530.0,540.0,523.0,536.0,13.0,3806
20240802,4975833,2592933349,524.0,526.0,516.0,521.0,-15.0,6914
20240805,9086416,4487866278,505.0,511.0,481.5,490.0,-31.0,11702
20240806,8043258,4017996859,506.0,509.0,487.0,499.5,9.5,7601
20240807,9495158,4661501176,485.0,498.0,480.5,495.5,-4.0,13805
20240808,3182488,1571222106,485.0,499.5,485.0,495.5,0.0,4064
20240809,6199861,3153459207,502.0,516.0,501.0,506.0,10.5,5700
20240812,3586400,1870738720,512.0,529.0,510.0,525.0,19.0,4328
20240813,3242041,1705309144,521.0,531.0,521.0,525.0,0.0,3978
20240814,2696539,1424350549,531.0,531.0,524.0,529.0,4.0,2877
20240815,1628393,861225686,534.0,534.0,525.0,527.0,-2.0,2214
20240816,3116455,1655669194,536.0,536.0,527.0,533.0,6.0,3298
20240819,2321196,1257109019,535.0,548.0,532.0,547.0,14.0,3298
20240820,2626504,1445989106,550.0,554.0,546.0,552.0,5.0,3512
20240821,2118257,1154169983,547.0,549.0,540.0,545.0,-7.0,4575
20240822,1592230,873141128,545.0,552.0,543.0,549.0,4.0,2105
20240823,2426599,1318635253,544.0,547.0,539.0,547.0,-2.0,2929
20240826,2467987,1353011725,548.0,552.0,545.0,549.0,2.0,2971
20240827,1878606,1023052327,545.0,547.0,539.0,547.0,-2.0,2320
20240828,1532702,831789235,547.0,548.0,539.0,541.0,-6.0,2086
20240829,3159534,1733262915,537.0,553.0,537.0,551.0,10.0,3390
20240830,2993495,1624805420,550.0,554.0,540.0,540.0,-11.0,3292
20240902,2571768,1385615937,540.0,543.0,535.0,540.0,0.0,2787
20240903,2737217,1463559067,539.0,542.0,532.0,532.0,-8.0,3280
20240904,5096426,2653024532,510.0,529.0,503.0,521.0,-11.0,5152
20240905,2731322,1423041864,527.0,530.0,517.0,519.0,-2.0,3081
20240906,2112211,1102581933,518.0,527.0,513.0,526.0,7.0,2238
20240909,3603102,1864144579,512.0,524.0,510.0,518.0,-8.0,3558
20240910,2029264,1061853785,521.0,528.0,518.0,523.0,5.0,2158
20240911,2441611,1291287541,523.0,534.0,522.0,534.0,11.0,2218
20240912,1928407,1028522900,538.0,540.0,530.0,533.0,-1.0,2452
20240913,2308789,1227233759,534.0,537.0,529.0,534.0,1.0,1976
20240916,4490803,2377142185,533.0,535.0,522.0,532.0,-2.0,3868
20240918,5954256,3024778602,530.0,530.0,498.0,499.5,-32.5,10737
20240919,4011816,2034588303,502.0,514.0,501.0,506.0,6.5,3713
20240920,3128432,1601839073,512.0,518.0,509.0,509.0,3.0,2606
20240923,3564635,1856724743,513.0,524.0,513.0,522.0,13.0,3006
20240924,1637849,851367580,520.0,523.0,517.0,519.0,-3.0,1777
20240925,2586876,1347358791,524.0,529.0,514.0,514.0,-5.0,2540
20240926,2972065,1556856084,519.0,528.0,515.0,523.0,9.0,3367
20240927,2067069,1070205347,528.0,528.0,510.0,510.0,-13.0,2364
20240930,2752303,1426534937,515.0,523.0,513.0,518.0,8.0,2973
20241001,2411724,1252495477,518.0,523.0,517.0,517.0,-1.0,1981
20241004,3259149,1706168450,513.0,529.0,513.0,524.0,7.0,3003
20241007,6017923,3085429882,523.0,523.0,508.0,510.0,-14.0,8649
20241008,3358300,1700194320,510.0,513.0,501.0,509.0,-1.0,5035
20241009,1918655,985705923,514.0,517.0,510.0,510.0,1.0,2455
20241011,1413049,721026323,511.0,514.0,507.0,511.0,1.0,2168
20241014,1104695,571080523,514.0,519.0,513.0,519.0,8.0,1709
20241015,1713899,882770555,519.0,520.0,513.0,513.0,-6.0,2563
20241016,3650348,1898298166,510.0,524.0,510.0,521.0,8.0,3720
20241017,1525875,799563051,522.0,527.0,521.0,523.0,2.0,1927
20241018,2712086,1418791548,525.0,528.0,520.0,523.0,0.0,3301
20241021,3485567,1847392437,528.0,534.0,523.0,533.0,10.0,3820
20241022,2646315,1384610114,530.0,530.0,518.0,525.0,-8.0,3177
20241023,1663236,864446829,521.0,524.0,518.0,518.0,-7.0,2774
20241024,1599078,828002957,515.0,520.0,515.0,517.0,-1.0,1967
20241025,1562863,802908354,519.0,521.0,510.0,514.0,-3.0,2991
20241028,1537199,792464850,516.0,519.0,513.0,515.0,1.0,2219
20241029,3703381,1865047816,511.0,512.0,501.0,504.0,-11.0,5268
20241030,1991149,1002674999,508.0,511.0,501.0,503.0,-1.0,3089
20241101,3919273,1951496505,493.5,503.0,490.0,501.0,-2.0,5355
20241104,3343193,1646218631,501.0,501.0,488.5,492.5,-8.5,6983
20241105,2565963,1254959018,490.5,492.0,487.0,489.5,-3.0,6114
20241106,2299454,1139360324,492.0,500.0,491.5,495.5,6.0,2959
20241107,4060592,1992819054,486.0,495.0,486.0,495.0,-0.5,6571
20241108,2912230,1428156619,496.5,497.0,488.0,488.5,-6.5,5076
20241111,2907481,1427995606,487.0,496.0,484.5,496.0,7.5,3790
20241112,5351513,2591259944,486.5,491.0,481.0,481.5,-14.5,9326
20241113,3369604,1646559890,481.0,493.5,480.5,491.0,9.5,3594
20241114,4704450,2264663878,490.0,490.0,478.0,478.5,-12.5,6523
20241115,2494998,1214645245,479.0,491.0,479.0,484.5,6.0,2893
20241118,5044347,2494617369,484.0,499.0,483.5,491.5,7.0,5661
20241119,4729918,2320413800,491.5,496.0,485.5,485.5,-6.0,4085
20241120,5142462,2494882993,485.0,491.0,481.0,481.0,-4.5,5102
20241121,3977887,1935666602,481.5,490.0,481.5,483.5,2.5,3662
20241122,4329098,2094448532,486.0,489.0,480.0,480.0,-3.5,4219
20241125,5787069,2848358363,486.0,495.5,486.0,491.0,11.0,4357
20241126,2597375,1265916565,489.0,494.5,483.5,483.5,-7.5,3558
20241127,2353761,1134895476,486.0,487.0,478.5,481.5,-2.0,3698
20241128,2596010,1248486804,482.0,484.0,477.0,483.0,1.5,3371
20241129,2550789,1236461341,480.0,489.0,477.0,484.0,1.0,2475
20241202,1365173,663523045,486.0,487.5,484.5,484.5,0.5,1729
20241203,3386649,1632013177,486.0,488.0,479.5,479.5,-5.0,5039
20241204,2803318,1352879867,480.5,487.5,479.0,484.0,4.5,3190
20241205,2311409,1124680452,486.0,489.5,482.0,487.5,3.5,2855
20241206,1790148,876530869,485.5,493.5,485.5,488.5,1.0,3013
20241209,1639012,800695967,489.0,492.0,486.0,487.5,-1.0,2080
20241210,1675863,823023872,490.0,496.0,488.5,488.5,1.0,2176
20241211,1588343,773292740,488.5,492.5,485.0,485.0,-3.5,2059
20241212,1372177,663367679,487.5,488.5,482.0,482.0,-3.0,2432
20241213,1799298,871980520,482.0,488.0,478.5,487.5,5.5,2377
20241216,2119012,1018628006,487.5,488.0,478.0,478.0,-9.5,4132
20241217,3560993,1723386926,478.0,489.0,478.0,480.0,2.0,3017
20241218,3034161,1482664244,481.0,492.0,481.0,492.0,12.0,3404
20241219,3163615,1537187858,483.0,489.5,483.0,485.0,-7.0,4092
20241220,5424613,2667412534,488.0,497.5,486.5,486.5,1.5,5955
20241223,3657303,1826435248,496.0,502.0,494.5,500.0,13.5,5066
20241224,1693844,841586628,503.0,504.0,494.0,494.5,-5.5,2925
20241225,1541591,766207827,497.0,499.0,492.5,499.0,4.5,2035
20241226,2300409,1159256897,500.0,507.0,499.0,503.0,4.0,3923
20241227,1092829,549576564,502.0,506.0,501.0,502.0,-1.0,2107
20241230,1347114,675139166,504.0,504.0,499.0,500.0,-2.0,1918
20241231,1868457,935982608,498.0,504.0,497.5,502.0,2.0,2203
