Date,Volume,Transaction Amount,Open,High,Low,Close,Diff,Transaction Count,MA5,MA10,MA20,EMA5,EMA12,EMA26,DIF,MACD,RSI,K,D
20220103,4455943,308173199,69.1,69.6,68.8,68.9,-0.2,4094,,,,68.9,68.9,68.9,0.0,0.0,,50.0,50.0
20220104,5960153,407004863,69.0,69.0,68.0,68.3,-0.6,7593,,,,68.7,68.8076923076923,68.85555555555555,-0.04786324786324769,-0.00957264957264954,,39.58333333333329,46.52777777777776
20220105,6008851,413128471,68.1,69.1,68.1,68.9,0.6,3189,,,,68.76666666666668,68.82189349112426,68.85884773662552,-0.03695424550126347,-0.015048968758372326,,45.13888888888904,46.06481481481485
20220106,8182550,564763117,68.9,69.3,68.6,69.3,0.4,4076,,,,68.94444444444446,68.8954483386436,68.89152568206066,0.003922656582943773,-0.011254643690109107,,57.175925925926066,49.76851851851859
20220107,4345984,299462814,69.4,69.5,68.6,69.1,-0.2,3797,68.9,,,68.99629629629631,68.92691782500613,68.90696822413024,0.019949600875889928,-0.0050137947769093,,61.033950617284006,53.52366255144039
20220110,2761236,189434479,69.0,69.0,68.3,68.8,-0.3,2799,68.88000000000001,,,68.93086419753088,68.90739200577441,68.89904465197245,0.008347353801966051,-0.00234156506113423,,57.35596707818933,54.80109739369003
20220111,4986316,343927558,68.6,69.2,68.5,69.1,0.3,3408,69.03999999999999,,,68.98724279835392,68.93702400488604,68.91393023330782,0.02309377157821757,0.00274550226673613,,61.15397805212618,56.91872427983541
20220112,4139855,285435204,69.1,69.3,68.6,69.3,0.2,4783,69.11999999999999,,,69.09149519890262,68.9928664656728,68.94252799380354,0.05033847186926721,0.012264096187242347,,67.85265203475082,60.56336686480721
20220113,4031620,278786838,69.4,69.5,68.7,69.3,0.0,3048,69.11999999999999,,,69.16099679926842,69.04011777864622,68.96900740166994,0.07111037697627864,0.024033352345049608,,72.31843468983391,64.48172280648276
20220114,5541710,383564522,69.5,69.8,68.8,69.0,-0.3,3195,69.1,69.0,,69.10733119951229,69.03394581270065,68.97130314969439,0.0626426630062582,0.03175521447729133,,66.73080831174116,65.23141797490223
20220117,3546956,244632799,69.0,69.3,68.7,69.0,0.0,2623,69.14,69.01,,69.07155413300819,69.02872337997748,68.97342884230962,0.05529453766786219,0.0364630791154055,,62.13426436469026,64.1990334381649
20220118,20313325,1425955859,69.2,70.9,69.1,70.4,1.4,11396,69.4,69.22,,69.51436942200547,69.2396890138271,69.07910077991632,0.16058823391078647,0.0612881100744817,,68.34591983287044,65.58132890306675
20220119,14008320,991004045,70.3,71.1,70.1,71.0,0.6,8744,69.74,69.42999999999999,,70.00957961467032,69.51050608862293,69.22138961103363,0.28911647758930314,0.10685378357744599,,77.70680369810417,69.62315383474589
20220120,5413580,383029976,71.0,71.0,70.4,70.9,-0.1,3621,70.06,69.59,,70.30638640978022,69.72427438268095,69.34573112132743,0.37854326135351357,0.16119167913265953,70.0,82.75691675111719,74.00107480686965
20220121,8209189,575986976,70.5,70.8,69.8,70.4,-0.5,3977,70.34,69.72,,70.33759093985348,69.8282321699608,69.42382511234021,0.40440705762058826,0.20983475483024527,63.63636363636363,79.5302521930526,75.8441339355973
20220124,7308347,514950867,70.2,70.9,69.6,70.8,0.4,4886,70.7,69.92,,70.49172729323566,69.97773491304375,69.5257639929076,0.4519709201361479,0.25826198789142585,73.58490566037743,82.3535014620351,78.01392311107656
20220125,6346074,443136868,70.5,70.6,69.5,69.9,-0.9,6414,70.6,70.0,,70.2944848621571,69.9657756956524,69.55348517861815,0.41229051703425057,0.2890676937199908,58.92857142857148,71.56900097469017,75.8656157322811
20220126,4962969,344569418,70.0,70.1,69.1,69.3,-0.6,6610,70.26,70.00000000000001,,69.96298990810475,69.86334866555202,69.5347084987205,0.3286401668315193,0.2969821883422965,50.0,56.0460006497934,69.25907737145187
20220207,6622996,458305061,69.1,69.8,68.6,69.6,0.3,6885,70.0,70.03,,69.84199327206983,69.82283348623633,69.53954490622269,0.28328858001364665,0.29424346667656653,54.23728813559324,50.69733376652893,63.071829503144215
20220208,3001040,208908928,69.8,69.9,69.3,69.7,0.1,3581,69.86,70.1,69.55,69.79466218137989,69.80393602681536,69.55143046872472,0.2525055580906468,0.2858958849593826,57.894736842105324,48.46488917768606,58.20284939465816
20220209,8456195,593895753,70.0,70.8,69.7,70.8,1.1,4241,69.86,70.28,69.645,70.1297747875866,69.95717663807454,69.64391710067103,0.31325953740351054,0.2913686154482082,63.07692307692312,61.64325945179074,59.349652747035684
20220210,7100180,502217727,70.7,71.4,70.3,70.8,0.0,4375,70.03999999999999,70.32000000000001,69.77,70.3531831917244,70.08684177067846,69.7295528709917,0.3572888996867647,0.30455267229591954,61.90476190476193,67.28598249166994,61.9950959952471
20220211,2717116,191351899,70.3,70.6,70.0,70.6,-0.2,1693,70.3,70.28,69.855,70.4354554611496,70.16578919057409,69.79403043610343,0.37175875447066176,0.317993888730868,60.0,68.666845470637,64.21901248704373
20220214,3718618,258692667,70.0,70.1,69.3,69.6,-1.0,3660,70.3,70.15,69.86999999999999,70.15697030743307,70.07874469971654,69.77965781120687,0.29908688850966314,0.31421248868662705,54.166666666666636,57.68265888518652,62.040227953091325
20220215,3599211,249513017,69.6,69.8,69.1,69.1,-0.5,3207,70.17999999999999,70.02,69.87,69.80464687162205,69.92816859206783,69.72931278815452,0.19885580391331814,0.29114115173196525,50.649350649350616,44.40748687583861,56.16264759400708
20220216,4157405,289555295,69.5,69.9,69.3,69.8,0.7,3199,69.97999999999999,69.91999999999999,69.92,69.8030979144147,69.90845034713432,69.73454887792084,0.17390146921347593,0.2676932152282674,45.714285714285644,43.89070553627333,52.072000241429166
20220217,4388576,307803456,70.0,70.5,69.7,70.3,0.5,2571,69.88,69.96000000000001,69.97999999999999,69.96873194294314,69.96868875526751,69.77643414622301,0.19225460904449676,0.2526054939915133,44.927536231884034,49.49856559561074,51.214188692823015
20220218,2404881,168238724,69.8,70.2,69.5,70.1,-0.2,2047,69.78,70.03999999999999,70.02,70.0124879619621,69.98889048522635,69.80040198724353,0.1884884979828172,0.23978209478977408,44.28571428571421,47.491797353595494,49.97339157974717
20220221,2184342,152652947,69.7,70.2,69.4,70.1,0.0,1482,69.88,70.09,70.06,70.04165864130806,70.00598425672999,69.8225944326329,0.18338982409709104,0.2285036406512375,47.6923076923076,46.15395185891866,48.70024500613766
20220222,4417546,306486467,69.8,70.0,69.0,69.6,-0.5,3150,69.97999999999999,70.08,70.09,69.89443909420538,69.94352514030999,69.80610595614156,0.13741918416842225,0.21028674935467445,40.9090909090909,39.10263457261234,45.501041528295886
20220223,3438136,239223114,69.3,69.8,69.1,69.8,0.2,2375,69.97999999999999,69.97999999999999,70.13,69.86295939613693,69.92144434949307,69.80565366309403,0.11579068639903767,0.1913875367635471,49.15254237288129,42.73508971507489,44.57905759055555
20220224,7328246,504719789,69.1,69.4,68.4,69.0,-0.8,4750,69.72,69.79999999999998,70.05999999999999,69.5753062640913,69.7796836803403,69.74597561397596,0.03370806636434054,0.1598516426837058,47.540983606557404,38.01386933385939,42.39066150499016
20220225,6475379,446463614,69.0,69.2,68.5,69.1,0.1,3011,69.52,69.64999999999999,69.965,69.41687084272753,69.67511696028794,69.69812556849625,-0.02300860820831474,0.1232795925053017,45.76271186440678,36.45369066701722,40.41167122566585
20220301,9054889,635541418,69.1,70.7,68.9,70.3,1.2,3874,69.56,69.72,69.935,69.71124722848502,69.77125281255132,69.74270885971875,0.028543952832578157,0.104332464570757,54.28571428571425,51.83869232873603,44.220678260022574
20220302,4621307,323372069,70.0,70.3,69.7,69.9,-0.4,2412,69.62,69.8,69.91,69.77416481899002,69.79106007215881,69.75436005529514,0.03670001686367641,0.09080597502934089,42.857142857142925,56.29825865393998,48.24653839132837
20220303,3130576,219354755,70.5,70.5,69.8,70.2,0.3,2598,69.7,69.84,69.88,69.91610987932668,69.8539739072113,69.78737042156958,0.06660348564172125,0.08596547715181696,45.45454545454549,63.619128957699104,53.37073524678527
20220304,3174625,220967484,69.6,69.8,69.4,69.7,-0.5,3032,69.84,69.78,69.86999999999999,69.84407325288446,69.83028561379417,69.78089853849035,0.04938707530382658,0.0786497967822189,43.478260869565275,61.253332348610975,55.9982676140605
20220307,10853433,737459449,69.0,69.2,67.5,67.6,-2.1,9607,69.54,69.53,69.785,69.09604883525631,69.48716475013353,69.61935049860217,-0.13218574846864328,0.036482687732046465,37.5,41.87722156574059,51.29125226462053
20220308,10576555,723814209,67.6,69.0,67.6,68.6,1.0,5333,69.2,69.38,69.735,68.9306992235042,69.3506778654976,69.54384305426127,-0.19316518876367184,-0.009446887567097197,47.05882352941176,39.37648104382699,47.31966185768935
20220309,5195529,356983464,68.8,69.0,68.2,68.9,0.3,3402,69.0,69.31,69.695,68.9204661490028,69.2813428092672,69.49615097616784,-0.21480816690063875,-0.050519143433805515,44.44444444444449,40.834320695884706,45.15788147042113
20220310,5704324,396018091,69.0,69.7,68.9,69.6,0.7,3102,68.88,69.29,69.635,69.14697743266854,69.33036699245686,69.50384349645171,-0.17347650399484849,-0.07511061554601411,45.78313253012046,49.09788046392306,46.471214468255106
20220311,16514552,1164558082,70.4,71.0,70.1,70.4,0.8,9029,69.02000000000001,69.43,69.615,69.56465162177903,69.49492591669427,69.5702254596775,-0.07529954298323105,-0.0751484010334575,51.685393258427034,60.35096792832971,51.09779895494664
20220314,14746826,1050770326,70.7,71.8,70.4,71.6,1.2,8448,69.82,69.67999999999999,69.66499999999999,70.24310108118603,69.81878346797207,69.72057912933101,0.09820433864105382,-0.04047785309855524,57.42574257425743,72.01692435532055,58.07084075507127
20220315,11179870,795860918,71.6,71.6,70.8,71.6,0.0,5506,70.42,69.81,69.765,70.69540072079069,70.09281678059175,69.85979549012131,0.23302129047043252,0.01422197561524231,60.41666666666667,79.79422863998113,65.31197005004123
20220316,11944243,857762506,71.7,72.1,71.3,72.1,0.5,6606,71.06,70.03,69.91499999999999,71.16360048052712,70.40161419896225,70.02573656492714,0.3758776340351062,0.0865531072992151,61.616161616161605,86.52948575998741,72.38447528668995
20220317,12355133,896565910,72.9,73.0,72.1,72.9,0.8,6848,71.72,70.3,70.07,71.74240032035142,70.78598124527575,70.23864496752513,0.5473362777506168,0.17870974138949544,69.69696969696972,90.41359656726436,78.39418238021474
20220318,26610964,1935855204,72.8,72.9,72.3,72.8,-0.1,5273,72.2,70.61,70.195,72.09493354690095,71.0958302844641,70.42837496993067,0.6674553145334272,0.2764588560182818,68.68686868686866,92.37449647694166,83.05428707912371
20220321,5082304,366671576,72.7,72.7,71.8,71.9,-0.9,3263,72.26,71.03999999999999,70.285,72.02995569793397,71.21954870223885,70.53738423141729,0.6821644708215615,0.35759997897893775,58.33333333333337,87.2774420957389,84.46200541799544
20220322,9846826,711922215,71.9,73.0,71.4,72.8,0.9,4870,72.5,71.46,70.41999999999999,72.28663713195598,71.46269505574057,70.70498539946045,0.7577096562801131,0.43762191443917287,64.35643564356431,89.89227847032998,86.27209643544029
20220323,8044728,585759514,72.8,73.0,72.4,73.0,0.2,3787,72.67999999999999,71.86999999999999,70.59,72.52442475463732,71.69920350870356,70.8749864809819,0.8242170277216587,0.51494093709567,63.99999999999997,93.26151898021999,88.60190395036685
20220324,11914935,873664226,73.0,73.7,72.7,73.6,0.6,5918,72.82000000000001,72.27,70.78,72.88294983642488,71.99163373813379,71.07683933424251,0.9147944038912783,0.5949116304547917,69.30693069306925,94.49757831004555,90.5671287369264
20220325,7019252,513748747,73.5,73.6,72.9,73.6,0.0,3526,72.97999999999999,72.59,71.01,73.12196655761659,72.23907470149781,71.26374012429862,0.9753345771991917,0.6709962198036717,87.5,95.18229358600729,92.10551701995337
20220328,5786769,420481059,72.9,73.0,72.2,72.8,-0.8,5529,73.16,72.71,71.195,73.0146443717444,72.32537090126738,71.37753715212835,0.9478337491390221,0.7263637256707418,76.92307692307695,84.28819572400481,89.49974325463717
20220329,5002624,363972793,72.5,73.0,72.5,72.8,0.0,3070,73.16,72.83,71.32,72.9430962478296,72.39839076261086,71.48290477048921,0.9154859921216456,0.7641881789609226,76.0,76.48198555513353,85.16049068813595
20220330,5010051,364324881,73.0,73.1,72.5,72.7,-0.1,2732,73.1,72.89,71.46000000000001,72.86206416521973,72.44479218374765,71.5730599726752,0.8717322110724552,0.7856969853832292,72.46376811594212,69.82857008023393,80.04985048550193
20220331,5786637,418336319,72.5,72.6,72.0,72.4,-0.3,3308,72.86,72.84,71.57000000000001,72.70804277681316,72.43790107855571,71.63431478951406,0.8035862890416468,0.7892748461149127,65.62500000000006,61.04513367667771,73.71494488256052
20220401,5362474,387004593,71.8,72.5,71.6,72.5,0.1,3918,72.64000000000001,72.80999999999999,71.71000000000001,72.63869518454212,72.44745475877791,71.69843961992044,0.7490151388574731,0.7812229046634248,58.490566037735924,56.63878476995899,68.02289151169333
20220406,5877922,420685638,72.5,72.5,71.2,71.6,-0.9,5848,72.4,72.78,71.91,72.29246345636142,72.31707710358131,71.69114779622262,0.6259293073586889,0.7501641852024776,50.0,43.092523179972545,59.712768734453064
20220407,9875822,703320256,70.9,71.7,70.8,71.1,-0.5,4575,72.06,72.61,72.035,71.89497563757428,72.12983447226111,71.6473590705765,0.48247540168461,0.6966264284989041,41.93548387096773,32.17662464871729,50.5340540392078
20220408,4896873,349903222,71.1,71.7,71.1,71.6,0.5,2176,71.84,72.47,72.17,71.79665042504952,72.04832147652863,71.64385099127453,0.40447048525409457,0.6381952398499422,38.98305084745749,30.974892622954357,44.014333567123316
20220411,4733741,335482898,71.7,71.7,70.5,70.8,-0.8,4306,71.52,72.19,72.22999999999999,71.46443361669968,71.85627201860115,71.58134351043938,0.2749285081617643,0.5655418935123067,34.84848484848477,24.49608226145672,37.50824979856778
20220412,7484374,533801682,70.6,71.8,70.6,71.0,0.2,5047,71.22,71.92999999999999,72.26,71.30962241113312,71.72453786189328,71.53828102818461,0.18625683370866852,0.4896848815515791,42.37288135593212,22.740977917894234,32.58582583834327
20220413,5940607,423359145,71.3,71.6,70.9,71.5,0.5,3990,71.2,71.8,72.255,71.37308160742208,71.68999357544816,71.53544539646724,0.15454817898091733,0.42265754103744674,38.18181818181818,27.98116476577567,31.050938814154065
20220414,2916424,207948806,71.2,71.6,71.0,71.5,0.0,2031,71.28,71.67,72.25,71.4153877382814,71.66076379460998,71.53281981154375,0.12794398306623123,0.36371482944320366,35.84905660377353,34.527125716866365,32.20966778172483
20220415,5136009,361951798,71.2,71.2,70.2,70.3,-1.2,6063,71.02000000000001,71.42999999999999,72.16,71.04359182552093,71.45141551851613,71.44149982550347,0.009915693012658267,0.2929550021570946,22.033898305084733,24.467359173563004,29.62889824567089
20220418,3755493,263819507,69.9,70.8,69.5,70.5,0.2,2995,70.96000000000001,71.24,72.03999999999999,70.86239455034729,71.30504390028288,71.3717590976884,-0.06671519740551446,0.2210209622445728,24.590163934426243,27.422683893486443,28.893493461609406
20220419,3598970,253070805,70.9,70.9,70.0,70.0,-0.5,3355,70.76,70.99,71.9,70.57492970023154,71.10426791562398,71.27014731267444,-0.1658793970504604,0.14364089038556616,25.862068965517253,25.528166073918506,27.771717665712437
20220420,9953451,706088462,70.1,71.6,70.1,70.7,0.7,4498,70.6,70.9,71.84,70.61661980015437,71.04207285168182,71.22791417840226,-0.18584132672043552,0.07774444696436583,33.84615384615388,34.410081730438485,29.984505687287786
20220421,7431321,532423326,71.1,71.9,71.0,71.9,1.2,4072,70.67999999999999,70.97999999999999,71.795,71.04441320010292,71.17406164373078,71.27769831333542,-0.10363666960464002,0.04146822365056466,44.73684210526318,56.273387820292314,38.74746639828929
20220422,8680941,621135706,70.8,72.0,70.8,72.0,0.1,5127,71.02000000000001,71.02,71.745,71.36294213340196,71.30112908315681,71.33120214197724,-0.03007305882043454,0.027159967156364824,47.297297297297256,70.8489252135282,49.44795267003559
20220425,10466504,736115996,70.5,70.7,70.0,70.5,-1.5,6544,71.02000000000001,70.99,71.59,71.0752947556013,71.17787845497884,71.2696316129419,-0.09175315796305483,0.003377342132480894,38.63636363636366,60.565950142352136,53.15395182747443
20220426,9378256,669067346,70.6,71.7,70.5,71.3,0.8,4342,71.28,71.02000000000001,71.475,71.15019650373421,71.1966663849821,71.27188112309435,-0.07521473811225121,-0.012341073916465528,48.27586206896554,64.37730009490139,56.895067916616746
20220427,4871489,340998086,70.4,70.5,69.6,69.9,-1.4,6375,71.12,70.86,71.33,70.73346433582282,70.997179248831,71.17026029916143,-0.1730810503304241,-0.04448906919925724,43.75000000000005,48.251533396601,54.01388974327816
20220428,8325346,575843038,69.5,69.8,68.8,69.4,-0.5,7954,70.62,70.65,71.16,70.28897622388189,70.75145936439546,71.03912990663095,-0.2876705422354888,-0.09312536380650356,38.54166666666672,38.41768893106742,48.815156139207915
20220429,5948434,416940190,69.6,70.3,69.6,70.3,0.9,3227,70.28,70.65,71.03999999999999,70.29265081592126,70.68200407756538,70.9843795431768,-0.30237546561141926,-0.13497538416748672,47.42268041237113,41.2367926207116,46.28903496637581
20220503,2512965,176532408,70.2,70.4,69.8,70.4,0.1,2586,70.25999999999999,70.64000000000001,70.94,70.32843387728084,70.63861883486301,70.94109216960815,-0.3024733347451445,-0.16847497428301828,46.87500000000003,44.15786174714114,45.57864389329758
20220504,2510270,176861428,70.6,70.9,70.1,70.5,0.1,2722,70.1,70.69000000000001,70.84,70.3856225848539,70.6172928602687,70.90841867556311,-0.2911258152944072,-0.19300514248529607,44.565217391304344,47.14690783142744,46.10139853934086
20220505,3488831,247039568,70.8,71.2,70.5,70.9,0.4,3529,70.3,70.71000000000001,70.80499999999999,70.55708172323594,70.66078626638121,70.90779506996584,-0.2470088035846345,-0.20380587470516376,46.87500000000003,53.306271887618365,48.503022988766695
20220506,3620525,254200133,69.8,70.6,69.7,70.6,-0.3,3117,70.54,70.58000000000001,70.78,70.57138781549062,70.65143453309179,70.88499543515356,-0.23356090206176816,-0.20975688017648464,51.72413793103447,56.2271697641593,51.07773858056423
20220509,4419446,307512610,69.8,70.0,69.4,69.4,-1.2,3583,70.36,70.32000000000001,70.67,70.18092521032709,70.45890614338536,70.77499577329033,-0.31608962990496536,-0.2310234301221808,44.329896907216515,44.38133156691088,48.84560290934644
20220510,6081336,422120234,69.0,69.8,68.8,69.7,0.3,3402,70.22,70.24000000000001,70.615,70.02061680688473,70.34215135209531,70.6953664567503,-0.35321510465499273,-0.2554617650287432,48.421052631578966,42.087554377940634,46.592920065544504
20220511,4731548,325398859,69.0,69.3,68.5,68.5,-1.2,4254,69.82000000000001,69.96000000000001,70.49,69.51374453792316,70.05874345177295,70.53274671921325,-0.4740032674402954,-0.29917006551105363,38.99999999999997,28.058369585293754,40.41473657212759
20220512,7875805,535136697,68.2,68.6,67.5,67.7,-0.8,4570,69.17999999999999,69.74,70.3,68.90916302528211,69.69585984380788,70.32291362890116,-0.6270537850932811,-0.36474680942749915,28.124999999999943,20.507381525330995,33.778951556528725
20220513,18597846,1205832870,67.3,67.4,64.0,64.6,-3.1,11395,67.97999999999999,69.26,69.955,67.47277535018807,68.91188140629897,69.89899410083441,-0.9871126945354405,-0.48921998644908743,20.63492063492059,16.449365461331745,28.002422858129727
20220516,8081335,522102555,65.3,65.3,64.2,64.2,-0.4,5468,66.94,68.65,69.65,66.38185023345872,68.18697657456067,69.47684638966149,-1.2898698151008148,-0.6493499521794329,22.608695652173893,11.892169566813767,22.632338427691074
20220517,7448038,482306906,64.4,65.2,64.4,64.5,0.3,4987,65.9,68.06,69.35,65.75456682230582,67.61974940924365,69.10819110153841,-1.4884416922947565,-0.8171683002024976,19.090909090909065,10.242927859357325,18.502534904913155
20220518,6582661,428984839,64.4,65.5,64.3,65.2,0.7,5114,65.24000000000001,67.53,69.11,65.56971121487055,67.24748026936001,68.81869546438742,-1.5712151950274063,-0.9679776791674795,27.184466019417457,12.889224633510963,16.631431481112422
20220519,6049646,392292421,64.4,65.2,64.4,64.7,-0.5,4535,64.64,66.91,68.81,65.27980747658037,66.85556022792001,68.51360691146984,-1.658046683549827,-1.105991480043949,27.184466019417457,12.481705311229547,15.248189424484796
20220520,3473207,227452216,65.4,65.9,65.0,65.3,0.6,3426,64.78,66.38,68.47999999999999,65.28653831772026,66.61624326977847,68.27556195506466,-1.6593186852861948,-1.2166569210923983,25.000000000000014,15.79240124196911,15.429593363646234
20220523,3310344,216330024,65.8,65.8,65.0,65.3,0.0,2292,65.0,65.97,68.145,65.29102554514684,66.41374430519716,68.0551499583932,-1.6414056531960455,-1.3016066675131277,24.24242424242418,18.704368123576877,16.52118495028978
20220524,3515616,228874022,65.1,65.4,64.9,64.9,-0.4,2417,65.08000000000001,65.49,67.865,65.16068369676456,66.18086056593606,67.82143514666038,-1.6405745807243193,-1.3694002501553661,22.549019607843135,18.991317879486083,17.344562593355214
20220525,4420021,290974518,65.3,66.3,65.1,65.9,1.0,2823,65.22,65.22999999999999,67.595,65.40712246450971,66.13765124809974,67.67910661727812,-1.5414553691783794,-1.4038112739599689,26.85185185185182,31.288329566716236,21.992484917808888
20220526,4662021,308371081,65.9,66.6,65.9,65.9,0.0,2760,65.46000000000001,65.05,67.39500000000001,65.57141497633981,66.10108951762287,67.54732094192418,-1.4462314243013168,-1.4122953040282384,27.619047619047606,44.469997488922054,29.484989108179942
20220527,4655330,311801416,66.5,67.2,66.4,67.0,1.1,2935,65.8,65.28999999999999,67.275,66.04760998422654,66.23938343798858,67.5067786499298,-1.2673952119412206,-1.383315285610835,38.46153846153841,60.681147751235365,39.88370865586508
20220530,5769553,392836361,68.0,68.5,67.1,68.3,1.3,3714,66.4,65.7,67.175,66.79840665615103,66.55640137060573,67.56553578697203,-1.009134416366308,-1.3084791117619297,43.859649122806985,72.20013024685531,50.655849186195155
20220531,15193000,1053376130,68.3,69.6,67.8,69.6,1.3,3199,67.34,66.21,67.135,67.73227110410069,67.02464731358945,67.71623683978892,-0.6915895261994649,-1.1851011946494368,54.78260869565216,81.46675349790354,60.926150623431276
20220601,3194728,221340880,69.3,69.6,68.7,69.2,-0.4,2309,68.0,66.61,67.07000000000001,68.22151406940047,67.35931695765261,67.82614522202678,-0.4668282643741719,-1.0414466085943839,56.75675675675677,84.80762289931162,68.88664138205806
20220602,4889661,337808826,68.7,69.4,68.4,68.9,-0.3,3675,68.6,67.03,66.97,68.44767604626699,67.59634511801374,67.90569002039517,-0.30934490238142587,-0.8950262673517924,75.90361445783154,84.90720959244895,74.22683078552168
20220606,3700866,256445683,69.5,69.5,68.7,69.5,0.6,3038,69.1,67.45,66.91499999999999,68.79845069751133,67.88921509985778,68.02378705592146,-0.1345719560636809,-0.7429354050941701,81.17647058823543,89.2289198701433,79.22752714706222
20220607,4780068,330844894,69.3,69.5,68.7,69.2,-0.3,3707,69.28,67.84,66.905,68.93230046500756,68.09087431526427,68.11091394066801,-0.020039625403740047,-0.5983562491560841,77.64705882352956,89.85631695046595,82.77045708153013
20220608,4944246,343331586,69.3,69.8,69.2,69.2,0.0,2838,69.2,68.27000000000001,66.88000000000001,69.02153364333837,68.26150903599284,68.1915869821,0.06992205389283868,-0.4647005885462996,75.64102564102579,88.10933950543887,84.55008455616637
20220609,3383332,235003632,69.1,69.7,69.0,69.4,0.2,2044,69.24000000000001,68.62,66.925,69.14768909555892,68.43666149199395,68.2810990575,0.15556243449394458,-0.3406479839382508,81.33333333333353,88.151324376175,85.75049782950258
20220610,3840995,264257944,68.5,69.2,68.3,68.7,-0.7,3406,69.2,68.9,66.975,68.99845939703928,68.47717510861027,68.31212875694445,0.16504635166582204,-0.23950911681743625,72.36842105263172,78.52063600386984,83.34054388762499
20220613,5224566,357427624,68.2,69.0,67.6,68.7,0.0,3099,69.03999999999999,69.07000000000001,67.18,68.89897293135952,68.51145586113176,68.34085996013374,0.17059590099802335,-0.15748811325434434,72.36842105263172,69.01375733591333,78.56494837038777
20220614,3293419,225961096,68.2,68.9,68.0,68.6,-0.1,2628,68.92,69.1,67.4,68.79931528757302,68.52507803634226,68.36005551864235,0.16502251769991005,-0.09298598706349347,75.34246575342465,61.16068670879068,72.76352781652207
20220615,3961647,273078134,68.6,69.2,68.5,68.8,0.2,2971,68.84,69.02000000000001,67.61500000000001,68.79954352504869,68.56737372305884,68.39264399874293,0.1747297243159096,-0.039442844787612855,72.30769230769229,58.955609321011984,68.1608883180187
20220616,6019056,417160846,69.3,69.8,68.8,68.8,0.0,3822,68.72,68.98,67.795,68.7996956833658,68.60316238104978,68.42281851735456,0.18034386369522792,0.004514496908955302,72.30769230769229,57.485557729159524,64.60244478839897
20220617,9536977,661288551,68.2,69.9,67.9,69.9,1.1,4074,68.96000000000001,69.08000000000001,68.05499999999999,69.16646378891053,68.80267586088829,68.53223936792088,0.2704364929674057,0.05769889612064538,72.30769230769235,71.65703848610634,66.95397602096808
20220620,7438485,510696304,69.4,69.7,67.9,68.3,-1.6,4607,68.88,68.96000000000001,68.20500000000001,68.87764252594036,68.72534111305932,68.5150364517786,0.21030466128071623,0.08822004915265956,50.0,57.91628652696944,63.941412856301866
20220621,7390819,511055664,68.9,69.6,68.1,69.1,0.8,4472,68.97999999999999,68.95,68.39500000000001,68.95176168396024,68.78298094181942,68.55836708498019,0.22461385683922686,0.11549881068997303,46.03174603174603,60.34998811942879,62.74427127734417
20220622,5343118,366840290,69.2,69.4,68.2,68.2,-0.9,3647,68.86,68.85,68.56,68.7011744559735,68.6932915661549,68.53182137498166,0.1614701911732368,0.12469308678662579,42.64705882352943,48.92897758686565,58.139173380517995
20220623,5624008,381446814,68.7,68.9,67.3,67.5,-0.7,4558,68.6,68.66,68.64,68.30078297064901,68.50970824828491,68.45539016202005,0.0543180862648569,0.11061808668227202,40.27777777777776,35.18342095534636,50.48725590546078
20220624,4698021,320894606,68.0,68.6,67.8,68.5,1.0,2382,68.32,68.64000000000001,68.77000000000001,68.36718864709934,68.5082146716257,68.45869459446301,0.049520077162682696,0.09839848477835417,43.42105263157896,38.84022935484627,46.6049137219226
20220627,6290004,432604031,69.0,69.2,68.5,68.7,0.2,4433,68.4,68.64,68.855,68.4781257647329,68.5377201067602,68.47656906894723,0.06115103781297648,0.09094899538527863,46.66666666666668,43.84220418528214,45.68401054304245
20220628,4948715,337736728,68.5,68.9,68.0,68.2,-0.5,3087,68.22,68.6,68.85,68.3854171764886,68.48576316725864,68.45608247124743,0.02968069601121215,0.07869533551046534,43.75000000000003,40.766597661983,44.044872916022626
20220629,12431768,834097342,67.9,67.9,66.8,66.8,-1.4,6082,67.94000000000001,68.4,68.71000000000001,67.85694478432573,68.22641498768039,68.33340969559947,-0.10699470791908539,0.0415573268245552,35.8695652173913,27.17773177465533,38.42249253556686
20220630,34570383,2039400547,59.9,60.5,56.9,57.0,,17847,65.84,67.22,68.1,64.2379631895505,66.49927422034494,67.49389786629581,-0.9946236459508668,-0.1656788677305292,18.03278688524594,18.37890451643689,31.7412965291902
20220701,9796081,563466855,57.4,58.5,56.9,57.1,0.1,5328,63.56,65.94,67.51,61.858642126367,65.05323203259957,66.72397950582945,-1.6707474732298806,-0.46669258883039955,18.47826086956526,12.777537394160035,25.420043484180145
20220704,8532628,479155129,57.4,57.8,55.3,55.7,-1.4,5924,60.96,64.68,66.82000000000001,59.805761417578005,63.61427325835348,65.90738843132357,-2.29311517297009,-0.8319771056583377,17.258883248731024,9.46398474031474,20.10135723622501
20220705,5486420,308261161,56.8,56.9,55.5,56.4,0.7,5715,58.6,63.410000000000004,66.17999999999999,58.67050761171867,62.50438506476063,65.20313743641071,-2.6987523716500803,-1.2053321588566863,19.306930693069333,8.947212848459229,16.383309106969747
20220706,5729696,318806526,56.5,56.6,55.1,55.1,-1.3,3518,56.260000000000005,62.1,65.475,57.480338407812454,61.36524890095131,64.45475688556547,-3.0895079846141655,-1.5821673240081824,18.139534883720955,5.964808565639485,12.910475593192993
20220707,4827375,272102166,55.3,57.3,55.3,56.7,1.6,2992,56.2,61.019999999999996,64.84,57.220225605208306,60.647518300804954,63.88033044959766,-3.2328121487927035,-1.9122962889650867,19.999999999999986,7.7590449539251445,11.193332046770376
20220708,4919639,282411041,56.5,57.8,56.2,57.4,0.7,3081,56.260000000000005,59.90999999999999,64.275,57.280150403472206,60.14790010068111,63.40030597184968,-3.2524058711685697,-2.1803182054057832,24.170616113744074,10.728252191505643,11.038305428348798
20220711,2694853,154632910,57.5,57.8,57.0,57.4,0.0,2139,56.6,58.78000000000001,63.71,57.32010026898148,59.72514623903786,62.95583886282378,-3.23069262378592,-2.390393089081811,21.1822660098522,13.141751461003752,11.73945410590045
20220712,4173845,235931754,56.8,57.0,56.1,56.7,-0.7,2490,56.660000000000004,57.629999999999995,63.11500000000001,57.11340017932099,59.25973912533973,62.4924433915035,-3.232704266163772,-2.5588553244982033,21.393034825870643,18.637710850545723,14.038873020782207
20220713,4955145,286608287,57.1,58.3,57.1,57.7,1.0,2490,57.17999999999999,56.720000000000006,62.55999999999999,57.308933452880666,59.01977925990285,62.137447584725464,-3.117668324822617,-2.670617924563086,25.98039215686275,37.91533664546188,21.997694229008765
20220714,5423257,319426139,57.7,59.5,57.5,59.2,1.5,2800,57.68000000000001,56.94000000000001,62.08,57.939288968587114,59.047505527610106,61.9198588747458,-2.872353347135693,-2.710965009077608,27.751196172248797,56.337497157580664,33.444295205199396
20220715,2367811,139391715,59.1,59.4,58.6,58.7,-0.5,3600,57.94,57.1,61.52,58.19285931239141,58.99404313874702,61.68135080994981,-2.6873076712027952,-2.7062335415026455,26.415094339622627,64.8310587111144,43.90654970717106
20220718,6759673,396406296,58.7,59.0,58.1,58.7,0.0,4483,58.2,57.4,61.04,58.36190620826095,58.948805732785935,61.46051000921279,-2.5117042764268547,-2.6673276884874877,27.053140096618336,70.4934330801369,52.768844164826334
20220719,9279499,543713086,58.4,58.8,58.1,58.8,0.1,3076,58.620000000000005,57.64,60.525,58.507937472173964,58.92591254312656,61.263435193715544,-2.337522650588987,-2.6013666809077876,29.381443298969046,74.77339983120235,60.103696053618336
20220720,7309331,433139880,58.9,59.7,58.8,59.4,0.6,3358,58.96,58.06999999999999,60.085,58.805291648115976,58.99884907495324,61.125402957144026,-2.126553882190784,-2.506404121164387,61.764705882352956,80.40448877635708,66.87062696119791
20220721,8206996,493404911,59.3,60.6,59.2,60.5,1.1,3501,59.220000000000006,58.45,59.735,59.37019443207732,59.22979537111428,61.07907681217039,-1.8492814410561138,-2.374979585142732,65.17857142857144,86.19558511016396,73.31227967751992
20220722,7028975,426559434,60.2,61.0,60.1,60.9,0.4,3113,59.660000000000004,58.8,59.355,59.88012962138488,59.48674992940439,61.065811863120736,-1.5790619337163463,-2.215796054857455,75.4901960784314,90.11678463126576,78.91378132876854
20220725,2811981,173103513,60.9,62.0,60.6,61.6,0.7,2249,60.239999999999995,59.21999999999999,59.0,60.453419747589926,59.811865324880635,61.105381354741425,-1.2935160298607897,-2.031340049858122,75.49019607843141,90.69010131880303,82.83922132544669
20220726,3118949,190229896,61.7,61.9,60.6,60.8,-0.8,2532,60.64,59.63000000000001,58.63000000000001,60.56894649839329,59.963886044129765,61.08276051364947,-1.118874469519703,-1.8488469337904385,79.38144329896906,84.9045119903131,83.52765154706881
20220727,2167081,132820709,61.3,61.6,60.7,61.6,0.8,1565,61.080000000000005,60.02,58.36999999999999,60.91263099892886,60.215595883494416,61.121074549675434,-0.9054786661810184,-1.6601732802685545,77.52808988764045,86.51753790807199,84.52428033406986
20220728,4064268,251817603,62.0,62.4,61.3,62.3,0.7,3463,61.44,60.33,58.63499999999999,61.375087332619245,60.53627343987989,61.20840236081059,-0.672128920930696,-1.4625644084009828,77.52808988764045,90.23649814026503,86.42835293613491
20220729,8493268,528991901,62.9,63.0,62.1,62.2,-0.1,2333,61.7,60.68000000000001,58.89,61.65005822174617,60.79223137220606,61.28185403778758,-0.48962266558152123,-1.2679760598370906,76.66666666666671,88.0488218894284,86.96850925389941
20220801,3552988,221771526,62.4,62.8,62.2,62.3,0.1,2152,61.839999999999996,61.04,59.21999999999999,61.86670548116412,61.02419577648205,61.357272257210724,-0.33307648072867124,-1.0809961440154068,83.33333333333333,86.47699237073002,86.80467029284294
20220802,6602394,412820403,61.6,63.0,61.6,63.0,0.7,3268,62.279999999999994,61.46,59.55,62.24447032077608,61.32816565702328,61.47895579371363,-0.1507901366903539,-0.8949549425503962,82.71604938271605,90.98466158048667,88.19800072205751
20220803,4777200,300766147,62.5,63.2,62.4,63.1,0.1,3063,62.58,61.830000000000005,59.95,62.52964688051739,61.600755555942776,61.599033142327436,0.0017224136153402014,-0.715619471317249,79.10447761194031,92.9145055697868,89.77016900463394
20220804,3742419,235373637,63.1,63.3,62.3,63.0,-0.1,2725,62.720000000000006,62.080000000000005,60.265,62.686431253678265,61.81602393195158,61.702808465118,0.11321546683358008,-0.5498524836870832,84.12698412698413,91.57263334282085,90.37099045069624
20220805,6536931,405865760,62.6,62.8,61.6,62.0,-1.0,4028,62.67999999999999,62.19,60.495000000000005,62.45762083578551,61.84432794242056,61.724822652887035,0.11950528953352801,-0.41598092904296097,72.6027397260274,78.33237284583119,86.35811791574122
20220808,3424753,211707299,61.7,62.2,61.4,62.1,0.1,1721,62.64,62.24000000000001,60.73,62.338413890523675,61.88366210512509,61.752613567488,0.131048537637092,-0.3065750357069504,72.60273972602741,70.17029984593876,80.9621785591404
20220809,3833099,239600106,62.1,62.9,61.9,62.7,0.6,1821,62.58,62.42999999999999,61.029999999999994,62.45894259368245,62.00925255049046,61.822790340266664,0.1864622102237945,-0.2079675865208014,72.60273972602741,70.11353323062593,77.34596344963558
20220810,4144059,261136424,62.4,63.4,62.3,63.0,0.3,1941,62.56,62.56999999999999,61.295,62.63929506245497,62.16167523503039,61.909991055802465,0.2516841792279223,-0.11603723337105668,69.23076923076923,73.40902215375064,76.03364968434059
20220811,3568822,227434347,64.3,64.3,63.4,63.7,0.7,1922,62.7,62.71,61.52,62.992863374969986,62.398340583487254,62.042584310928206,0.3557562725590486,-0.021678532185035616,70.58823529411767,75.37612971169588,75.81447636012568
20220812,6399656,414257322,65.4,66.0,64.0,64.5,0.8,3412,63.2,62.94,61.81,63.495242249979995,62.72167280141229,62.224615102711304,0.49705769870098493,0.0820687139921685,71.01449275362319,72.71452125707262,74.78115799244132
20220815,6107556,386247971,64.1,64.3,62.7,63.0,-1.5,6350,63.379999999999995,63.010000000000005,62.025,63.330161499986666,62.764492370425785,62.282051021028984,0.48244134939680094,0.162143241073095,64.47368421052634,60.07055040326581,69.87762212938281
20220816,6074856,378931410,62.5,63.1,62.2,62.2,-0.8,3658,63.279999999999994,62.92999999999999,62.19500000000001,62.953440999991116,62.67764739036028,62.27597316761943,0.4016742227408443,0.21004943740664486,53.947368421052644,45.8441350514526,61.86645977007274
20220817,3453004,216181923,62.3,63.0,62.2,62.8,0.6,2376,63.239999999999995,62.9,62.364999999999995,62.90229399999408,62.69647086876639,62.31478997001799,0.3816808987483995,0.2443757296749958,53.33333333333334,40.70768423720027,54.813534592448576
20220818,2668745,167695171,62.5,63.1,62.3,63.0,0.2,2570,63.1,62.9,62.489999999999995,62.934862666662724,62.74316765818695,62.36554626853518,0.3776213896517717,0.271024861670351,55.26315789473683,38.73265905668424,49.4532427471938
20220819,3435027,216543132,62.6,63.5,62.5,63.0,0.0,2044,62.8,63.0,62.595000000000006,62.956575111108485,62.782680326158186,62.412542841236274,0.3701374849219121,0.29084738632066326,54.666666666666686,34.76486213535048,44.55711587657936
20220822,5522329,352595513,62.9,64.2,62.7,64.2,1.2,3149,63.04,63.209999999999994,62.725,63.37105007407233,63.00072950674923,62.54494707521877,0.4557824315304586,0.3238343953626224,57.50000000000003,40.72043440602313,43.27822205306062
20220823,4863337,312483522,64.2,64.6,63.7,64.2,0.0,3019,63.44000000000001,63.36,62.895,63.647366716048225,63.185232659557045,62.66754358816553,0.5176890713915157,0.36260533056840105,56.96202531645571,44.690815919804905,43.74908667530871
20220824,2877224,183682870,64.6,64.7,63.6,63.6,-0.6,3431,63.6,63.42,62.995000000000005,63.63157781069882,63.24904301962519,62.7366144334866,0.51242858613859,0.39256998168243884,53.57142857142858,42.0745790342559,43.19091746162444
20220825,2117337,135324576,64.1,64.4,63.6,63.8,0.2,1452,63.760000000000005,63.42999999999999,63.07000000000001,63.68771854046589,63.33380563199054,62.81538373470981,0.5184218972807315,0.4177403648020974,61.84210526315788,49.383052689503856,45.25496253758424
20220826,2196062,140920030,64.0,64.4,64.0,64.2,0.4,1650,64.0,63.4,63.17,63.858479026977264,63.467066303992,62.917947902509084,0.5491184014829145,0.4440159721382609,63.29113924050634,59.58870179300256,50.03287562272368
20220829,3007750,190410855,62.8,63.7,62.6,63.3,-0.9,1800,63.82000000000001,63.42999999999999,63.220000000000006,63.67231935131818,63.44136379568554,62.94624805787878,0.49511573780675633,0.45423592527196,53.658536585365816,54.392467862001624,51.48607303581632
20220830,4273936,274167518,64.0,64.6,63.5,64.1,0.8,2428,63.8,63.620000000000005,63.275,63.814879567545454,63.542692442503146,63.03171116470258,0.5109812778005676,0.46558499577768153,56.32183908045974,61.261645241334314,54.74459710432231
20220831,10683564,679727526,63.9,64.3,63.2,63.6,-0.5,2978,63.8,63.7,63.3,63.74325304503031,63.55150898981035,63.07380663398387,0.47770235582648013,0.46800846778744126,49.41176470588235,57.50776349422287,55.665652567622494
20220901,3703475,232756438,63.0,63.1,62.5,63.1,-0.5,2363,63.65999999999999,63.709999999999994,63.30499999999999,63.528835363353544,63.48204606830107,63.0757468833184,0.4062991849826645,0.45566661122648594,41.463414634146346,47.42941808705768,52.920241074100886
20220902,5593380,349123749,62.5,62.9,62.1,62.1,-1.0,3223,63.239999999999995,63.61999999999999,63.31,63.05255690890237,63.26942359625475,63.00346933640593,0.2659542598488187,0.4177241409509525,44.15584415584416,31.61961205803845,45.820031402080076
20220905,9532271,613513587,63.8,65.0,63.3,64.5,2.4,5462,63.48,63.65,63.43000000000001,63.53503793926825,63.458743042984786,63.114323459635116,0.34441958334966927,0.4030632294306959,62.36559139784946,48.66594826857735,46.76867035757917
20220906,4775549,308039663,65.0,65.0,64.1,64.5,0.0,3477,63.56,63.67999999999999,63.52,63.85669195951217,63.618936420987126,63.21696616632881,0.40197025465831615,0.40284463447622,59.77011494252875,60.03017240893662,51.189171041364986
20220907,4871343,311414086,63.8,64.4,63.1,64.4,-0.1,3009,63.720000000000006,63.75999999999999,63.589999999999996,64.03779463967479,63.73910004852757,63.30459830215631,0.4345017463712608,0.4091760568552282,58.13953488372097,66.45689654848654,56.27841287707217
20220908,4904828,312418434,64.6,64.6,63.3,63.7,-0.7,3597,63.839999999999996,63.75,63.589999999999996,63.925196426449865,63.7330846564464,63.3338873168114,0.3991973396350019,0.40718031341118294,53.76344086021507,62.695402296692194,58.417409350278845
20220912,4403384,281890208,64.8,64.8,63.7,63.9,0.2,3145,64.2,63.71999999999999,63.56,63.91679761763324,63.75876394007003,63.37582158964018,0.38294235042985036,0.40233272081491644,48.19277108433732,62.486590036875235,59.773802912477635
20220913,7555391,491917049,64.6,65.5,64.2,65.5,1.6,3867,64.4,63.94,63.685,64.44453174508884,64.02664641082849,63.53316813855572,0.4934782722727675,0.4205618311064867,56.56565656565656,74.99106002458348,64.84622194984624
20220914,7955203,507559929,64.1,64.6,63.4,63.4,-2.1,6767,64.17999999999999,63.86999999999999,63.74499999999999,64.0963544967259,63.93023927070103,63.52330383199604,0.40693543870499127,0.41783655262618763,49.12280701754385,62.73913805560464,64.14386065176569
20220915,6040086,385677140,63.6,64.3,63.5,63.7,0.3,3093,64.03999999999999,63.879999999999995,63.79,63.9642363311506,63.89481784443933,63.53639243703337,0.3584254074059601,0.4059543235821421,49.56521739130437,57.51236654687369,61.93336261680169
20220916,13330239,844657729,63.1,63.8,62.7,63.5,-0.2,4216,64.0,63.92,63.815,63.80949088743374,63.834076637602514,63.533696700956824,0.3003799366456903,0.3848394461948518,46.90265486725662,47.86538722172529,57.24403748510955
20220919,7089245,448861727,63.8,63.9,62.9,63.1,-0.4,3382,63.839999999999996,64.02000000000001,63.81999999999999,63.57299392495583,63.721141770279054,63.501571019404466,0.21957075087458833,0.3517857071307991,49.07407407407409,36.672162909721614,50.38674595998023
20220920,8254390,526337183,63.3,64.1,63.3,63.7,0.6,3932,63.48,63.94000000000001,63.794999999999995,63.61532928330389,63.71788919023612,63.51626946241154,0.20161972782457838,0.32175251126955495,48.11320754716985,36.35287051124299,45.708787477067816
20220921,8915830,562670122,63.7,64.0,62.4,63.1,-0.6,3710,63.42,63.8,63.739999999999995,63.443552855535934,63.62282931481518,63.4854346874181,0.13739462739707875,0.28488093449505975,47.663551401869164,31.762128727925457,41.05990122735369
20220922,10180154,625904824,62.2,62.3,61.1,61.5,-1.6,5324,62.980000000000004,63.50999999999999,63.635000000000005,62.79570190369063,63.296240189459,63.33836545131305,-0.04212526185405352,0.2194796952252371,43.22033898305084,24.205055515586658,35.44161932343135
20220923,5802154,351399387,60.5,61.2,60.3,60.4,-1.1,4182,62.36,63.17999999999999,63.464999999999996,61.99713460246042,62.850664775696075,63.12070875121579,-0.2700439755197124,0.12157496107624723,42.85714285714284,16.77772931808342,29.220322654982034
20220926,5782193,344840847,59.8,60.1,59.3,59.3,-1.1,3214,61.6,62.720000000000006,63.21999999999999,61.09808973497362,62.30440865635821,62.83769328816277,-0.5332846318045554,-0.009396957499913306,25.47169811320755,11.18515287872228,23.208599396228784
20220927,6187996,369051904,59.4,60.9,59.1,59.5,0.2,2940,60.760000000000005,62.120000000000005,63.029999999999994,60.56539315664908,61.87296117076464,62.59045674829886,-0.7174955775342227,-0.1510166815067752,26.851851851851876,10.02087114991741,18.81268998079166
20220928,5901239,350737456,59.6,60.2,59.0,59.2,-0.3,2757,59.98,61.7,62.785000000000004,60.11026210443273,61.46173637526239,62.33931180398043,-0.8775754287180391,-0.296328430949028,26.363636363636374,7.9877703090952865,15.204383423559536
20220929,5677325,336693785,60.5,60.5,58.9,59.2,0.0,4394,59.52,61.25,62.565,59.80684140295516,61.113776932914334,62.10677018887077,-0.992993255956435,-0.4356613959505094,28.155339805825264,7.248257129140476,12.55234132541985
20220930,7459056,437056123,59.1,59.4,58.0,58.5,-0.7,2970,59.14,60.75,62.335,59.37122760197011,60.71165740477367,61.839602026732194,-1.1279446219585267,-0.5741180411521128,25.000000000000043,7.564411856585457,10.889698169141717
20221003,4130253,237535081,57.3,58.1,57.0,57.5,-1.0,2611,58.779999999999994,60.19,62.105,58.74748506798008,60.21755626557772,61.51815002475203,-1.300593759174312,-0.7194131847565527,10.784313725490264,7.423893618676018,9.73442998565315
20221004,5459213,322832242,58.2,59.7,58.2,59.1,1.6,3005,58.7,59.730000000000004,61.834999999999994,58.864990045320056,60.04562453241192,61.33902780069633,-1.2934032682844077,-0.8342112014621237,27.835051546391796,18.156809582262014,12.541889851189438
20221005,5763192,342203202,59.3,59.7,58.9,59.3,0.2,2394,58.720000000000006,59.35,61.575,59.009993363546705,59.93091306588701,61.187988704348456,-1.257075638461444,-0.9187840888619878,27.08333333333333,30.358507975476225,18.480762559285033
20221006,5158824,303795633,58.6,59.4,58.1,59.0,-0.3,2752,58.68000000000001,59.1,61.30500000000001,59.00666224236447,59.78769567113516,61.02591546698931,-1.2382197958541497,-0.9826712302604202,26.80412371134021,37.333022411001245,24.764849176523768
20221007,3414396,199623316,58.4,58.9,58.2,58.2,-0.8,2160,58.620000000000005,58.879999999999995,61.029999999999994,58.73777482824298,59.543434798652825,60.816588395360476,-1.273153596707651,-1.0407677035498664,25.74257425742576,35.14509186374445,28.224930072263994
20221011,6276889,359903739,57.6,57.8,56.9,57.3,-0.9,3150,58.580000000000005,58.67999999999999,60.7,58.25851655216199,59.19829098347547,60.55610036607452,-1.3578093825990507,-1.1041760393597033,19.230769230769212,27.133764946199985,27.86120836357599
20221012,3966891,227818481,57.0,57.9,56.8,57.3,0.0,1542,58.21999999999999,58.46,60.29,57.939011034774666,58.90624621678693,60.31490774636529,-1.4086615295783602,-1.1650731374034347,20.4081632653061,22.593681135304493,26.105365954152155
20221013,4024936,229674618,57.1,57.5,56.6,57.2,-0.1,2445,57.8,58.260000000000005,59.980000000000004,57.692674023183116,58.64374679881971,60.08417383922713,-1.440427040407414,-1.2201439180042306,24.09638554216869,21.514066993428813,24.574932967244372
20221014,4065485,234089864,57.7,58.2,57.2,57.3,0.1,2315,57.46,58.07000000000001,59.660000000000004,57.56178268212208,58.43701652207822,59.877938740025115,-1.4409222179468983,-1.2642995779927642,28.767123287671197,21.8695930493826,23.67315299462378
20221017,7047370,405386096,57.4,58.1,56.7,57.6,0.3,3147,57.339999999999996,57.98,59.364999999999995,57.57452178808139,58.3082447494508,59.70920253706029,-1.4009577876094923,-1.2916312199161097,36.92307692307694,25.332416871631406,24.226240953626323
20221018,9694472,549432585,57.7,57.7,56.2,56.6,-1.0,6224,57.2,57.89,59.040000000000006,57.24968119205427,58.04543786491991,59.47889123801879,-1.433453373098878,-1.3199956505526635,30.136986301369845,20.697801723944732,23.050094543732456
20221019,5290967,300744316,56.2,57.4,55.9,56.7,0.1,2376,57.08,57.65,58.69,57.066454128036185,57.838447424163,59.27304744260999,-1.434600018446993,-1.3429165241315295,32.39436619718309,21.417582101677482,22.50592372971413
20221020,10808346,600918436,55.3,56.3,54.7,55.9,-0.8,4280,56.82000000000001,57.31,58.33,56.67763608535746,57.540224743522536,59.02319207649074,-1.482967332968201,-1.3709266858988638,29.11392405063289,23.802197591594485,22.93801501700758
20221021,3708109,208222734,56.3,57.0,55.4,56.0,0.1,2487,56.56,57.010000000000005,58.05499999999999,56.45175739023831,57.30326709067292,58.79925192267661,-1.4959848320036926,-1.3959383151198297,32.87671232876711,28.24908410868201,24.708371380899052
20221024,4556340,258859035,56.7,57.2,56.2,56.9,0.9,2345,56.42,56.879999999999995,57.88000000000001,56.60117159349221,57.241225999800164,58.65856659507094,-1.4173405952707725,-1.4002187711500182,45.83333333333332,39.78510369150224,29.73394881776678
20221025,4541578,256082847,57.2,57.2,56.0,56.2,-0.7,3717,56.339999999999996,56.769999999999996,57.725,56.46744772899481,57.0810373844463,58.47645055099161,-1.3954131665453104,-1.3992576502290768,26.98412698412696,40.80911674671578,33.42567146074978
20221026,3303248,186733309,56.3,56.9,55.9,56.7,0.5,2046,56.339999999999996,56.71,57.585,56.54496515266321,57.02241624837764,58.34486162128852,-1.3224453729108845,-1.3838951947654383,30.303030303030326,46.253696878762895,37.70167993342082
20221027,4345719,246539216,57.0,57.0,56.3,56.7,0.0,2154,56.5,56.660000000000004,57.46,56.59664343510881,56.97281374862723,58.2230200197116,-1.250206271084366,-1.3571574100292239,31.74603174603176,50.443641056430174,41.949000307757274
20221028,3981633,226716047,57.2,57.4,56.5,56.7,0.0,2028,56.64000000000001,56.6,57.335,56.631095623405876,56.93084240268458,58.11020372195518,-1.1793613192705976,-1.3215981918774986,36.36363636363636,55.851316259842335,46.58310562511896
20221031,6538359,382782225,57.8,59.0,57.7,59.0,2.3,3431,57.06,56.739999999999995,57.36,57.42073041560392,57.249174340733106,58.176114557365906,-0.9269402166328007,-1.242666596828559,62.318840579710184,70.56754417322821,54.57791847448871
20221101,3074696,179767157,59.0,59.1,58.1,58.4,-0.6,2364,57.5,56.92,57.404999999999994,57.74715361040261,57.426224442158784,58.19269866422769,-0.7664742220689078,-1.147428121876629,57.33333333333335,75.07533247912181,61.41038980936641
20221102,3298562,190883829,58.0,58.7,57.5,57.5,-0.9,3034,57.660000000000004,57.0,57.325,57.66476907360175,57.43757452798051,58.141387652062676,-0.703813124082167,-1.0587051223177366,51.807228915662634,68.9691405716668,63.929973396799866
20221103,4049595,228890230,56.6,56.9,56.1,56.4,-1.1,2728,57.6,57.05,57.17999999999999,57.243179382401166,57.27794767752197,58.012395974132104,-0.7344482966101324,-0.9938537571762158,45.161290322580655,51.18776038111119,59.68256905823697
20221104,4621896,260974474,56.0,56.9,56.0,56.9,0.5,2452,57.64,57.14,57.075,57.12878625493411,57.21980188098013,57.92999627234454,-0.7101943913644106,-0.9371218840138549,46.3157894736842,44.54184025407412,54.635659456849346
20221107,2522125,144819419,57.3,57.8,56.8,57.7,0.8,2012,57.379999999999995,57.220000000000006,57.05,57.319190836622745,57.29367851467549,57.91295951143013,-0.6192809967546395,-0.8735537065620118,55.91397849462366,48.44456016938277,52.57195969436048
20221108,4960200,287054465,57.7,58.2,57.3,58.1,0.4,3243,57.32000000000001,57.410000000000004,57.089999999999996,57.579460557748504,57.41772797395618,57.92681436243531,-0.5090863884791261,-0.8006602429454347,57.29166666666666,54.8770186075455,53.34031266542215
20221109,3531245,205849490,58.1,58.5,57.8,58.4,0.3,2424,57.5,57.58,57.145,57.852973705165674,57.568846747193696,57.961865150403064,-0.39301840320936776,-0.7191318749982214,63.736263736263744,62.39113068460019,56.357252005148155
20221110,3402506,198986485,58.2,58.9,58.1,58.7,0.3,2179,57.96,57.779999999999994,57.21999999999999,58.13531580344379,57.74287032454851,58.01654180592876,-0.2736714813802479,-0.6300397962746267,64.51612903225808,70.62634518758294,61.11361639929308
20221111,8637348,516194070,59.6,60.3,59.0,60.0,1.3,4887,58.580000000000005,58.11,57.355,58.75687720229586,58.09012104384874,58.163464635119226,-0.07334359127048629,-0.5187005552737987,65.97938144329899,78.09198206303981,66.77307162054198
20221114,6045608,364160237,60.5,60.8,59.3,60.4,0.4,3399,59.120000000000005,58.25,57.495000000000005,59.30458480153058,58.44548703710278,58.329133921406694,0.11635311569608575,-0.3916898210798218,72.34042553191487,82.61687693091542,72.05434005733312
20221115,4253795,257231006,60.0,60.9,59.5,60.6,0.2,2494,59.620000000000005,58.46999999999999,57.69499999999999,59.73638986768706,58.7769505698562,58.497346223524715,0.2796043463314817,-0.2574309875975611,71.42857142857142,86.37043496074635,76.8263716918042
20221116,6273794,377939594,59.7,60.6,59.6,60.4,-0.2,3317,60.02,58.760000000000005,57.88000000000001,59.95759324512471,59.026650482186014,58.63828354030066,0.3883669418853515,-0.1282714017009786,69.89247311827954,87.51226276294655,80.38833538218498
20221117,4218440,252985408,59.8,60.5,59.4,60.3,-0.1,2388,60.339999999999996,59.15,58.1,60.071728830083146,59.22255040800355,58.76137364842654,0.46117675957700754,-0.010381769445381364,69.14893617021272,86.79679306147655,82.52448794194883
20221118,3885539,232950565,59.5,60.4,59.4,60.3,0.0,2451,60.4,59.489999999999995,58.315,60.14781922005543,59.38831188369531,58.875345970765316,0.5129659129299924,0.09428776702969338,59.154929577464756,85.6423064854288,83.56376078977549
20221121,3146414,187130398,60.1,60.5,59.0,59.4,-0.9,2277,60.2,59.660000000000004,58.44,59.89854614670362,59.39011005543449,58.91420923219011,0.47590082324438043,0.17061037827263079,56.75675675675676,74.2991720655547,80.47556454836855
20221122,3934241,232502049,59.5,59.6,58.9,59.3,-0.1,2493,59.94,59.78000000000001,58.595000000000006,59.699030764469086,59.37624696998303,58.94278632610195,0.43346064388107663,0.22318043139431998,63.6363636363636,63.81849566275071,74.92320825316261
20221123,2164207,128188018,59.4,59.5,59.0,59.2,-0.1,1630,59.7,59.86,58.720000000000006,59.53268717631273,59.3491320515241,58.96183919083514,0.38729286068895874,0.25600291725324775,75.00000000000003,47.54566377516721,65.7973600938308
20221124,3537576,212074027,59.9,60.2,59.4,60.2,1.0,2412,59.67999999999999,60.010000000000005,58.895,59.75512478420849,59.48003481282809,59.05355480632883,0.4264800064992542,0.2900983351024491,77.04918032786888,53.363775850111544,61.65283201259105
20221125,3764409,226627443,60.2,60.5,59.7,60.2,0.0,2213,59.660000000000004,60.029999999999994,59.07000000000001,59.903416522805664,59.590798687777614,59.1384766725267,0.452322015250914,0.3225430711321421,73.58490566037737,57.24251723340776,60.182727086196614
20221128,3225801,194627247,59.7,60.7,59.7,60.7,0.5,1909,59.92,60.06,59.154999999999994,60.16894434853712,59.76144504350413,59.254145067154354,0.5072999763497776,0.3594944521756692,74.07407407407409,71.4950114889385,63.95348855377724
20221129,3832499,233629997,60.8,61.5,60.2,61.5,0.8,2762,60.36,60.15,59.30999999999999,60.612629565691414,60.028915036811185,59.42050469180959,0.6084103450015945,0.4092776307408543,76.27118644067798,80.99667432595899,69.63455047783782
20221130,18249707,1129428499,60.8,62.0,60.7,62.0,0.5,2423,60.92,60.31,59.53499999999999,61.07508637712761,60.33215887730177,59.61157841834221,0.7205804589595601,0.47153819638459554,77.04918032786885,87.33111621730599,75.53340572432721
20221201,6080882,375230641,62.3,62.3,61.2,61.7,-0.3,3413,61.220000000000006,60.45,59.8,61.283390918085075,60.5425959731015,59.766276313279825,0.7763196598216737,0.5324944890720112,66.66666666666671,85.67172453702757,78.91284532856065
20221202,4174508,257310887,61.1,62.0,61.1,61.9,0.2,2625,61.56,60.61,60.05,61.48892727872339,60.751427361855114,59.92432991970354,0.827097442151576,0.5914150796879242,65.30612244897962,86.5262477305674,81.45064612922957
20221205,6597352,411873130,61.4,63.5,61.4,63.5,1.6,4094,62.120000000000005,61.02,60.34000000000001,62.15928485248226,61.174284690800484,60.18919437009587,0.9850903207046144,0.6701501278912623,73.01587301587304,91.01749848704493,84.63959691516801
20221206,5386886,339428678,63.0,63.8,62.5,63.8,0.3,3625,62.580000000000005,61.46999999999999,60.625,62.706189901654845,61.578240892215796,60.45666145379247,1.1215794384233249,0.7604359899976748,76.56250000000006,94.01166565802995,87.76361982945532
20221207,5163941,325675076,62.7,63.5,62.7,63.0,-0.8,2999,62.78000000000001,61.85,60.855,62.804126601103235,61.796973062644135,60.64505690165969,1.1519161609844417,0.8387320241950282,69.01408450704233,89.50371206470291,88.34365057453785
20221208,4243153,264379263,63.0,63.0,62.0,62.2,-0.8,3538,62.879999999999995,62.05,61.03000000000001,62.60275106740216,61.85897720685273,60.76023787190712,1.0987393349456056,0.8907334863451437,62.02531645569627,79.99434462850115,85.5605485925256
20221209,3963131,248804317,62.3,63.1,62.0,63.1,0.9,2441,63.120000000000005,62.339999999999996,61.185,62.76850071160144,62.04990379041385,60.93355358509919,1.1163502053146601,0.9358568301390471,73.41772151898743,80.1814149375193,83.76750404085683
20221212,4339510,271985808,62.2,63.2,62.0,63.2,0.1,2974,63.06,62.589999999999996,61.325,62.9123338077343,62.22684166881172,61.10143850472147,1.125403164090251,0.973766096929288,74.68354430379758,80.33599705512044,82.6236683789447
20221213,7033490,442692465,63.0,63.4,62.5,63.2,0.0,3293,62.94000000000001,62.760000000000005,61.455000000000005,63.008222538489534,62.37655833514838,61.25688750437173,1.1196708307766485,1.0029470436987602,75.6410256410257,79.48325729600627,81.57686468463189
20221214,5705752,361631975,63.5,63.8,63.0,63.3,0.1,2810,63.0,62.89,61.6,63.10548169232636,62.51862628358709,61.40822917071457,1.1103971128725192,1.024437057533512,72.46376811594206,80.149332024498,81.10102046458725
20221215,4640468,293288383,63.5,63.5,62.9,63.5,0.2,2233,63.260000000000005,63.06999999999999,61.760000000000005,63.23698779488424,62.66960685534292,61.56317515806904,1.1064316972738766,1.040835985481585,73.23943661971836,82.5995546829987,81.6005318707244
20221216,20869308,1320176904,62.0,64.0,62.0,64.0,0.5,9310,63.44,63.279999999999994,61.94500000000001,63.4913251965895,62.874282723751705,61.74368070191578,1.1306020218359265,1.0587891927524533,73.23943661971836,88.39970312199912,83.86692228781597
20221219,19921980,1265163312,63.0,64.0,62.4,63.8,-0.2,5283,63.56,63.31,62.165,63.59421679772634,63.01670076625144,61.896000649922016,1.1207001163294237,1.0711713774678475,67.69230769230771,88.93313541466603,85.55565999676598
20221220,17677519,1122329077,63.3,64.0,62.9,63.6,-0.2,4974,63.64,63.290000000000006,62.38000000000001,63.596144531817565,63.10643910990506,62.022222824001865,1.0842162859031959,1.0737803591549173,62.903225806451665,85.95542360977737,85.68891453443644
20221221,18273573,1160693342,63.3,63.8,62.9,63.7,0.1,5286,63.71999999999999,63.36,62.605,63.63076302121171,63.197756169919664,62.14650261481654,1.0512535551031235,1.0692749983445586,66.66666666666671,85.63694907318495,85.67159271401927
20221222,16849656,1079587828,63.7,64.7,63.3,64.0,0.3,4359,63.82000000000001,63.54,62.794999999999995,63.75384201414114,63.32117829762433,62.28379871742272,1.037379580201609,1.0628959147159687,67.2131147540984,81.78265740681462,84.37528094495104
20221223,3317427,212161231,64.0,64.2,63.3,64.2,0.2,1910,63.86,63.65,62.99499999999999,63.90256134276076,63.456381636451354,62.42573955316919,1.0306420832821672,1.0564451484292083,57.44680851063835,81.68226543170357,83.47760910720189
20221226,1046643,66804028,64.2,64.3,63.5,63.8,-0.4,2370,63.86,63.71,63.15,63.86837422850718,63.50924600007422,62.527536623304805,0.981709376769416,1.04149799409725,50.0,76.67706584335787,81.21076135258721
20221227,1329049,84612896,64.1,64.1,63.5,63.6,-0.2,1328,63.86,63.75,63.25500000000001,63.77891615233812,63.52320815390895,62.60697835491186,0.9162297989970938,1.0164443550772189,57.14285714285717,70.87113031532499,77.7642176734998
20221228,3090583,196734754,63.3,63.9,63.2,63.8,0.2,1822,63.879999999999995,63.8,63.345000000000006,63.78594410155875,63.56579151484604,62.69535032862209,0.8704411862239496,0.9872437213065651,72.22222222222217,69.46964243243883,74.9993592598128
20221229,3226124,205132625,63.3,63.9,63.1,63.8,0.0,1672,63.839999999999996,63.830000000000005,63.45,63.79062940103917,63.601823589485114,62.77717623020564,0.8246473592794743,0.954724448901147,62.962962962962905,66.60295002742293,72.20055618234952
20221230,2014114,127990613,64.0,64.0,63.3,63.5,-0.3,1290,63.7,63.78000000000001,63.529999999999994,63.693752934026115,63.58615842187202,62.83071873167189,0.7554396902001344,0.9148674971609445,55.172413793103416,55.513077796059726,66.63806338691958
20230103,2590037,164184422,63.2,63.7,62.8,63.7,0.2,1716,63.67999999999999,63.769999999999996,63.54,63.69583528935075,63.60367251081479,62.89510993673323,0.7085625740815615,0.8736065125450679,58.06451612903227,52.79819221491706,62.02477299625207
20230104,3332614,211845726,63.2,63.9,63.2,63.5,-0.2,1522,63.660000000000004,63.75999999999999,63.525,63.630556859567164,63.58772289376636,62.93991660808632,0.6478062856800406,0.8284464671720625,53.12500000000005,47.479496564330674,57.17634751894494
20230105,2583372,164798527,63.6,64.0,63.6,63.8,0.3,1557,63.660000000000004,63.77,63.565,63.687037906378116,63.62038091011,63.00362648896881,0.616754421141188,0.7861080579658877,54.54545454545451,53.875219931776,56.07597165655528
20230106,2775253,177646213,63.8,64.4,63.7,64.0,0.2,1706,63.7,63.77,63.654999999999994,63.79135860425208,63.678783847016156,63.07743193423038,0.6013519127857734,0.7491568289298649,50.0,60.91681328785059,57.68958553365371
20230109,3589459,231905553,64.6,64.8,64.3,64.8,0.8,2253,63.96,63.83,63.739999999999995,64.12757240283473,63.8512786397829,63.20502956873184,0.6462490710510593,0.7285752773541038,63.888888888888914,73.94454219190038,63.10790441973593
20230110,2915405,188144418,64.8,64.8,64.4,64.5,-0.3,1792,64.12,63.9,63.80499999999999,64.25171493522316,63.95108192597014,63.30095330438133,0.6501286215888129,0.7128859462010456,62.162162162162154,77.6296947946003,67.94850121135738
20230111,1857375,119942705,64.4,64.8,64.4,64.5,0.0,1105,64.32000000000001,63.989999999999995,63.86999999999999,64.33447662348212,64.03553086043628,63.38977157813086,0.6457592823054199,0.6994606134219206,61.11111111111109,80.08646319640025,71.994488539705
20230112,1852979,119581332,64.5,64.8,64.3,64.5,0.0,1391,64.46000000000001,64.06,63.92999999999999,64.38965108232142,64.1069876511384,63.47201072049154,0.6349769306468573,0.686563876866908,57.575757575757585,81.7243087976002,75.2377619590034
20230113,2123619,136865236,64.8,64.9,64.0,64.3,-0.2,1507,64.52000000000001,64.11,63.970000000000006,64.35976738821428,64.13668185865556,63.533343259714385,0.6033385989411784,0.6699188212817622,51.51515151515143,78.29239634125717,76.25597341975465
20230116,3062261,197545509,64.8,65.0,64.2,64.5,0.2,2320,64.46000000000001,64.21000000000001,63.995000000000005,64.40651159214286,64.19257695732394,63.604947462698505,0.5876294946254319,0.6534609559504961,61.29032258064523,76.2690049682455,76.2603172692516
20230117,3047374,196668413,64.5,64.7,64.2,64.7,0.2,1636,64.50000000000001,64.31,64.03999999999999,64.50434106142858,64.27064204081256,63.68606246546158,0.584579575350979,0.6396846798305927,67.74193548387098,77.0364795026399,76.51903801371436
20230130,7442970,486379952,65.2,65.7,64.9,65.6,0.9,4233,64.72,64.52000000000001,64.14,64.86956070761906,64.47515864991831,63.82783561616813,0.6473230337501832,0.6412123506145109,73.68421052631577,83.02431966842646,78.68746523195173
20230131,8783507,569018025,65.5,65.8,64.4,64.5,-1.1,2902,64.72,64.59,64.18,64.74637380507937,64.47898039608472,63.87762557052605,0.6013548255586727,0.6332408456033433,57.14285714285719,64.60880570487691,73.99457872292679
20230201,2989775,193834673,64.6,65.0,64.6,65.0,0.5,1665,64.86,64.69,64.23,64.83091587005292,64.55913725822553,63.96076441715375,0.5983728410717859,0.6262672446970318,64.70588235294119,61.591055655103155,69.86007103365225
20230202,2676851,175027762,65.5,65.7,65.1,65.4,0.4,1791,65.04,64.75,64.28999999999999,65.02061058003528,64.68850075696007,64.06737446032754,0.621126296632525,0.6252390550841305,66.03773584905665,66.98662969599484,68.90225725443311
20230203,2393307,156286846,65.4,65.5,65.0,65.4,0.0,1816,65.17999999999999,64.84,64.37,65.14707372002353,64.79796217896622,64.16608746326624,0.6318747156999791,0.6265661872073003,68.62745098039224,70.58367905658929,69.46273118848517
20230206,5656399,373036060,65.4,66.4,65.4,66.1,0.7,3400,65.28,65.0,64.49499999999999,65.46471581334902,64.99827568989448,64.30934024376504,0.6889354461294488,0.63904003899173,70.90909090909093,76.22245270439271,71.71597169378768
20230207,2780757,184831512,66.1,66.6,66.1,66.6,0.5,1999,65.7,65.21000000000001,64.635,65.84314387556601,65.2446948145261,64.47901874422688,0.7656760702992216,0.6643672452532283,72.41379310344828,84.14830180292847,75.86008173016793
20230208,1944497,128991595,66.7,66.7,66.1,66.2,-0.4,2092,65.94000000000001,65.4,64.755,65.96209591704401,65.39166484306054,64.6064988372471,0.7851660058134371,0.6885269973652701,62.96296296296307,82.76553453528564,78.16189933187383
20230209,1966056,130593879,66.2,66.6,66.1,66.5,0.3,1430,66.16000000000001,65.6,64.905,66.14139727802934,65.56217794412815,64.7467581826362,0.8154197614919525,0.7139055501906066,68.51851851851859,85.61180563221936,80.645201431989
20230210,2122430,140842812,66.1,66.6,65.9,66.6,0.1,1361,66.4,65.78999999999999,65.05,66.29426485201957,65.72184287580075,64.88403535429278,0.837807521507969,0.7386859444540792,69.09090909090914,88.9585950591606,83.4163326410462
20230213,5857698,392342402,67.1,67.7,66.6,67.1,0.5,3187,66.6,65.94,65.22999999999999,66.56284323467972,65.93386704875448,65.04818088360442,0.8856861651500623,0.7680859885932758,71.66666666666671,86.18745046954785,84.34003858388007
20230214,3070475,205086678,67.2,67.3,66.6,66.7,-0.4,2110,66.62,66.16,65.375,66.60856215645315,66.0517336566384,65.17053785518928,0.8811958014491239,0.7907079511644455,69.3548387096776,78.44595463401956,82.37534393392656
20230215,4069161,272636890,67.0,67.2,66.3,67.2,0.5,2650,66.82000000000001,66.38,65.535,66.8057081043021,66.22839001715558,65.32086838443452,0.9075216327210569,0.8140706874757678,70.76923076923093,79.45779691650687,81.40282826145332
20230216,2566242,172114963,67.0,67.2,66.8,67.0,-0.2,1764,66.92,66.53999999999999,65.64500000000001,66.87047206953474,66.34709924528549,65.44524850410603,0.9018507411794587,0.831626698216506,67.69230769230779,76.16027040810597,79.65530897700421
20230217,2046386,137796545,67.0,67.5,66.8,67.5,0.5,1513,67.1,66.75,65.795,67.08031471302317,66.52446859216465,65.5974523186167,0.9270162735479488,0.8507046132827947,65.5737704918034,80.40314323503355,79.90458706301399
20230220,2386944,161504576,67.5,67.8,67.3,67.8,0.3,1756,67.24000000000001,66.92,65.96000000000001,67.32020980868212,66.7207041933701,65.76060399871918,0.96010019465092,0.8725837295564198,81.13207547169827,86.93542882335569,82.24820098312789
20230221,2321526,157548655,67.8,68.0,67.6,67.9,0.1,1858,67.47999999999999,67.05,66.13000000000001,67.51347320578809,66.902134317467,65.91907777659183,0.9830565408751681,0.8946782918201696,79.59183673469407,89.70298429493562,84.73312875373045
20230222,3395146,230664213,67.8,68.2,67.3,68.2,0.3,2612,67.67999999999999,67.25,66.325,67.7423154705254,67.10180596093362,66.08803497832577,1.013770982607852,0.9184968299777061,79.16666666666683,93.13532286329041,87.53386012358376
20230223,2566616,175536354,68.2,68.5,68.1,68.5,0.3,1857,67.97999999999999,67.45,66.525,67.99487698035027,67.3169127361746,66.26669905400534,1.0502136821692574,0.9448402004160165,80.39215686274525,95.42354857552694,90.16375627423149
20230224,4370848,298021341,68.5,68.7,68.0,68.0,-0.5,2436,68.08,67.59,66.69000000000001,67.99658465356686,67.42200308445543,66.39509171667162,1.0269113677838106,0.9612544338895753,69.38775510204097,87.22681016146238,89.18477423664177
20230301,3722030,252868740,68.0,68.3,67.3,68.0,0.0,3050,68.12,67.68,66.80999999999999,67.9977231023779,67.5109256868469,66.51397381173298,0.9969518751139219,0.9683939221344446,65.90909090909105,81.76231788541935,86.71062211956763
20230302,3196053,217927142,68.2,68.4,67.8,68.4,0.4,1905,68.22,67.85,67.005,68.13181540158527,67.64770635040892,66.65367945530832,0.9940268951006033,0.9735205167276764,75.00000000000009,82.57838736220945,85.33321053378157
20230303,1951628,133467261,68.6,68.8,68.1,68.3,-0.1,1574,68.24000000000001,67.96000000000001,67.16999999999999,68.18787693439019,67.74805921957679,66.77562912528548,0.9724300942913118,0.9733024322404035,71.42857142857137,80.05225824147297,83.57289310301203
20230306,3670415,252648378,68.9,69.0,68.3,69.0,0.7,2568,68.34,68.16,67.35,68.4585846229268,67.94066549348805,66.9403973382273,1.0002681552607555,0.978695576844474,75.0,86.70150549431531,84.61576390011312
20230307,4596818,320137921,69.0,69.9,68.9,69.9,0.9,3193,68.72,68.4,67.575,68.93905641528454,68.24210157141297,67.15962716502528,1.0824744063876892,0.9994513427531171,76.92307692307695,91.13433699621021,86.78862159881214
20230308,3322353,231215524,69.6,69.9,69.2,69.8,-0.1,3341,69.08000000000001,68.6,67.76,69.22603761018969,68.48177825273406,67.35521033798638,1.1265679147476817,1.02487465715203,81.6326530612242,92.80750671542208,88.79491663768212
20230309,3461150,241216632,70.0,70.0,69.4,69.8,0.0,2118,69.36,68.78999999999999,67.91999999999999,69.41735840679313,68.68458159846728,67.5363058685059,1.1482757299613695,1.0495548717138978,79.54545454545425,92.73586867447888,90.10856731661437
20230310,3806843,262410641,69.0,69.3,68.6,69.0,-0.8,3445,69.5,68.86999999999999,68.05999999999999,69.27823893786208,68.73310750639538,67.64472765602399,1.0883798503713962,1.0573198674453976,69.99999999999989,82.81156677064024,87.67623380128965
20230313,5184922,356864063,68.4,69.6,67.9,69.4,0.4,3078,69.58,68.96,68.205,69.31882595857473,68.83570635156532,67.77474782965184,1.0609585219134772,1.0580475983390136,69.38775510204073,81.13363710635284,85.49536823631071
20230314,5089318,350865881,68.2,69.4,67.9,69.0,-0.4,2823,69.4,69.05999999999999,68.325,69.21255063904982,68.86098229747834,67.86550724967763,0.99547504780071,1.045533088231353,61.99999999999993,72.27090958605342,81.0872153528916
20230315,11684261,782559381,68.6,68.7,66.4,66.6,-2.4,8581,68.76,68.91999999999999,68.3,68.34170042603321,68.51313886709706,67.77176597192374,0.7413728951733134,0.984701049619745,41.09589041095887,50.03245824255403,70.73562964944574
20230316,4212622,282483355,66.5,67.4,66.0,67.4,0.8,2342,68.28,68.82000000000001,68.33500000000001,68.02780028402215,68.3418867336975,67.74422775178124,0.5976589819162683,0.9072926360790498,44.87179487179493,45.0216388283694,62.16429937575362
20230317,5624380,381887519,67.6,68.2,67.3,67.9,0.5,2058,68.06,68.78,68.37,67.9852001893481,68.27390415928251,67.75576643683448,0.5181377224480315,0.8294616533528462,46.25000000000006,45.84775921891298,56.72545265680674
20230320,1419711,96759762,68.5,68.6,67.8,68.4,0.5,1256,67.86,68.72,68.44,68.12346679289874,68.2933035193929,67.80348744151341,0.4898160778794818,0.7615325382581734,52.500000000000014,50.565172812608694,54.67202604207405
20230321,3505605,241971081,68.4,69.4,68.4,69.3,0.9,2365,67.92,68.66,68.53,68.51564452859917,68.44817990102476,67.91434022362353,0.5338396774012324,0.7159939660867852,57.3033707865168,61.21011520840577,56.85138909751795
20230322,2234953,154838715,69.3,69.5,68.8,69.4,0.1,1942,68.47999999999999,68.62,68.61,68.81042968573279,68.59461376240557,68.02438909594771,0.570224666457861,0.6868401061610004,55.813953488372064,72.28822495375209,61.997001049595994
20230323,4295213,298763310,69.5,69.8,69.0,69.8,0.4,2777,68.96000000000001,68.62,68.705,69.1402864571552,68.78005779895857,68.15591582958122,0.624141969377348,0.67430047880427,58.4269662921348,81.52548330250139,68.50649513389779
20230324,3876535,270514101,69.9,69.9,69.5,69.9,0.1,2544,69.36,68.71000000000001,68.79,69.39352430477014,68.95235659911879,68.28510724961224,0.6672493495065481,0.6728902529447257,55.421686746987966,87.68365553500092,74.89888193426549
20230327,3632383,253878803,69.8,70.0,69.8,69.9,0.0,2292,69.66,68.76000000000002,68.86,69.56234953651344,69.09814789156205,68.40472893482615,0.693418956735897,0.67699599370296,50.0,90.95577035666733,80.2511780750661
20230328,3442003,239521586,69.9,69.9,69.2,69.5,-0.4,2956,69.7,68.81000000000002,68.93499999999999,69.54156635767563,69.15997129286019,68.48586012483904,0.674111168021156,0.6764190285665993,48.051948051948074,89.80384690444488,83.43540101819235
20230329,4544315,317062493,69.8,69.9,69.5,69.9,0.4,2492,69.80000000000001,69.14000000000001,69.03,69.66104423845043,69.2738218631894,68.5906112267028,0.6832106364865922,0.6777773501505979,50.617283950617335,91.96799670172877,86.27959957937115
20230330,4557506,318046992,70.0,70.0,69.5,69.9,0.0,2749,69.82000000000001,69.39,69.105,69.74069615896695,69.37015696116026,68.68760298768778,0.6825539734724799,0.6787326748149743,56.16438356164384,93.13017961933441,88.56312625935891
20230331,7660201,535022290,70.0,70.2,69.6,69.7,-0.2,3285,69.78000000000002,69.57000000000001,69.175,69.72713077264464,69.42090204405868,68.76259535897017,0.6583066850885047,0.6746474768696804,52.112676056338,86.16086048696366,87.76237100189383
20230406,6781256,476195084,69.7,70.5,69.6,70.5,0.8,3859,69.9,69.78,69.25,69.98475384842976,69.5869171142035,68.89129199904646,0.6956251151570427,0.678843004527153,59.999999999999964,90.7739069913091,88.76621633169891
20230407,2312371,162807558,70.6,70.7,70.1,70.4,-0.1,1702,70.08000000000001,69.89000000000001,69.275,70.12316923228651,69.71200678894142,69.00304814726525,0.7089586416761762,0.6848661319569577,86.53846153846153,87.96691838636299,88.4997836832536
20230410,2231414,155718029,70.4,70.4,69.6,69.9,-0.5,3268,70.08,69.94,69.28,70.04877948819102,69.74092882141197,69.0694890252456,0.6714397961663678,0.6821808647988398,75.51020408163262,74.20016781313095,83.73324505987938
20230411,4951579,347408650,69.8,70.4,69.5,70.4,0.5,3314,70.18,70.0,69.31,70.16585299212736,69.84232438734858,69.16804539374593,0.6742789936026554,0.6806004905596029,75.51020408163262,76.13344520875403,81.19997844283759
20230412,5090916,359368450,70.3,70.8,70.1,70.6,0.2,2589,70.36000000000001,70.07000000000001,69.39000000000001,70.31056866141824,69.95888986621803,69.2741161053203,0.6847737608977269,0.6814351446272278,73.91304347826078,79.92229680583594,80.77408456383704
20230413,3138907,220853666,70.8,70.8,70.0,70.3,-0.3,2527,70.32000000000001,70.10999999999999,69.435,70.30704577427883,70.01136834833834,69.3501075049262,0.661260843412137,0.6774002843842096,62.50000000000001,73.7943517167111,78.44750694812839
20230414,6728126,471986243,70.3,70.4,69.7,70.2,-0.1,3057,70.28,70.17999999999999,69.495,70.27136384951923,70.04038860244013,69.4130625045613,0.6273260978788358,0.6673854470831349,60.0,67.14495242652546,74.67998877426075
20230417,6327579,445410037,70.2,70.7,69.8,70.7,0.5,3185,70.44000000000001,70.26,69.70000000000002,70.41424256634616,70.1418672789878,69.50839120792713,0.6334760710606702,0.6606035718786419,60.97560975609764,75.53253238691454,74.96416997847868
20230418,1817457,127452682,70.5,70.5,70.0,70.1,-0.6,2613,70.38,70.28,69.83500000000001,70.30949504423077,70.13542615914352,69.55221408141401,0.5832120777295131,0.6451252730488162,52.17391304347814,65.73963697589163,71.88932564428299
20230419,4029376,282760015,70.4,70.4,69.8,70.2,0.1,2356,70.3,70.33,69.95,70.27299669615385,70.14536059619836,69.60019822353149,0.5451623726668657,0.6251326929724261,53.1914893617021,61.77514259931248,68.51793129595949
20230420,2717678,190370805,70.2,70.3,69.8,70.1,-0.1,1925,70.26,70.28999999999999,70.035,70.21533113076924,70.13838204293707,69.63722057734398,0.5011614655930856,0.6003384474965581,56.81818181818174,56.56804378415693,64.53463545869197
20230421,6829086,479676631,70.2,70.6,69.9,70.1,0.0,3865,70.24000000000001,70.26,70.075,70.17688742051283,70.13247711325444,69.67150053457776,0.4609765786766786,0.5724660737325822,52.499999999999865,53.09664457405322,60.72197183047905
20230424,6699981,467356224,69.9,70.0,69.4,69.7,-0.4,3871,70.03999999999999,70.24,70.09,70.01792494700855,70.06594217275375,69.67361160609052,0.39233056666323307,0.5364389723187124,47.72727272727269,42.54062019222593,54.66152128439467
20230425,8253680,572292941,70.0,70.1,68.8,69.0,-0.7,6195,69.82000000000001,70.1,70.05,69.67861663133904,69.90195106925317,69.62371445008381,0.2782366191693626,0.4847985016888425,42.85714285714281,31.693746794817333,47.00559645453556
20230426,8707692,606045345,69.0,69.9,68.8,69.7,0.7,5517,69.72,70.01,70.03999999999999,69.6857444208927,69.87088167398345,69.62936523155908,0.24151644242436987,0.436142089835948,41.666666666666686,36.9186382140888,43.6432770410533
20230427,7515499,524460736,69.9,70.1,69.3,69.6,-0.1,4664,69.62,69.94,70.025,69.65716294726181,69.82920757029369,69.62719002922137,0.20201754107232262,0.3893171800832229,41.666666666666565,38.647513195357355,41.97802242582132
20230428,3196475,223476656,69.9,70.0,69.5,70.0,0.4,1411,69.6,69.92,70.05,69.77144196484122,69.85548332871005,69.65480558261238,0.20067774609766786,0.35158929328611194,51.063829787233985,47.98723101912721,43.98109195692328
20230502,3165950,222852475,70.0,70.6,69.9,70.5,0.5,2047,69.75999999999999,69.9,70.08,70.01429464322749,69.95463973967773,69.71741257649295,0.23722716318478376,0.3287168672658463,51.063829787233985,63.47296882756639,50.47838424713765
20230503,1526814,107048369,70.2,70.4,69.9,70.2,-0.3,2675,70.0,69.91,70.095,70.07619642881833,69.992387472035,69.75315979304902,0.23922767898598352,0.3108190296098738,45.83333333333344,68.241238477637,56.39933565730409
20230504,2340028,163959692,69.7,70.5,69.7,70.2,0.0,1386,70.1,69.91,70.11999999999999,70.1174642858789,70.0243278609527,69.78625906763799,0.2380687933147101,0.29626898235084104,48.88888888888896,71.4200849110174,61.40625207520852
20230505,981279,68737840,70.2,70.3,69.9,70.1,-0.1,801,70.2,69.91,70.1,70.1116428572526,70.03596972849843,69.80949913670185,0.22647059179658413,0.2823093042399897,48.8888888888888,71.68746401475232,64.83332272172312
20230508,1023170,71876167,70.5,70.5,70.1,70.3,0.2,981,70.26,69.92999999999999,70.095,70.17442857150174,70.0765897702679,69.84583253398318,0.23075723628471678,0.2719988906489351,45.23809523809523,75.56942045427937,68.41202196590854
20230509,1261537,88749725,70.3,70.5,70.0,70.5,0.2,910,70.26,70.01,70.125,70.28295238100117,70.1417298056113,69.89428938331777,0.24744042229353624,0.2670871969778554,55.263157894736864,81.86109511766783,72.8950463498283
20230510,1113794,78219327,70.3,70.4,70.0,70.4,-0.1,831,70.30000000000001,70.15,70.125,70.32196825400078,70.1814636816711,69.93174942899793,0.24971425267317215,0.2636126081169187,52.63157894736844,82.77919161690704,76.18976143885455
20230511,2924911,207240802,70.7,71.2,70.6,70.7,0.3,2006,70.4,70.25,70.13,70.44797883600053,70.26123849987555,69.98865687870179,0.2725816211737566,0.2654064107282863,57.50000000000007,78.71553950931059,77.03168746233989
20230512,4695614,327447890,70.1,70.7,69.0,69.7,-1.0,3630,70.32000000000001,70.25999999999999,70.1,70.19865255733369,70.17489411527932,69.96727488768684,0.20761922759247398,0.25384897410112384,46.0000000000001,63.083086945601025,72.38215395676026
20230515,2177776,152625634,69.6,70.4,69.4,70.2,0.5,1383,70.3,70.28,70.1,70.19910170488913,70.1787565590825,69.98451378489523,0.19424277418727343,0.24192773411835378,54.90196078431371,60.237209478885546,68.33383913080202
20230516,6504009,461866963,70.6,71.5,70.2,71.3,1.1,4124,70.46000000000001,70.35999999999999,70.13,70.56606780325943,70.35125554999289,70.08195720823632,0.2692983417565671,0.24740185564599645,70.90909090909084,70.824806319257,69.16416152695368
20230517,9330899,671679280,71.4,72.4,71.2,72.3,1.0,5671,70.84,70.57000000000001,70.24,71.14404520217296,70.65106238845551,70.24625667429288,0.40480571416263444,0.27888262734932406,72.41379310344819,79.56947872264183,72.63260059218305
20230518,4771538,345499943,72.3,72.6,72.1,72.4,0.1,3253,71.17999999999999,70.78999999999999,70.35,71.56269680144865,70.92012971330851,70.40579321693785,0.5143364963706603,0.3259734011535913,74.1379310344828,84.52780062990946,76.5976672714252
20230519,7093660,517937739,72.3,73.4,72.3,73.2,0.8,4469,71.88000000000001,71.1,70.50500000000001,72.1084645342991,71.27087898818412,70.61277149716467,0.6581074910194502,0.3924002191267631,75.80645161290323,88.1700489047881,80.4551278158795
20230522,4549593,333442150,73.2,73.8,73.0,73.4,0.2,3103,72.52000000000001,71.41,70.66999999999999,72.53897635619941,71.59843606692503,70.81923286774507,0.7792031991799604,0.4697608151374026,74.5762711864407,89.33558815874768,83.41528126350221
20230523,4515311,329915795,73.5,73.5,72.7,73.1,-0.3,3799,72.88000000000001,71.67,70.84,72.72598423746628,71.82944590278272,70.98817858124544,0.8412673215372877,0.5440621164173797,74.57627118644052,88.02928099472065,84.95328117390835
20230524,3629047,265623122,73.2,73.5,72.6,73.5,0.4,2628,73.12,71.98,71.06500000000001,72.9839894916442,72.08645422543154,71.1742394270791,0.9122147983524371,0.6176926528043912,76.19047619047606,89.93618732981378,86.61424989254348
20230525,4141424,304563832,72.9,73.9,72.8,73.6,0.1,2893,73.36,72.27000000000001,71.26,73.1893263277628,72.319307421519,71.35392539544361,0.9653820260753889,0.6872305274585908,77.77777777777773,91.06856933098686,88.09902303869127
20230526,8395783,622825698,73.6,74.7,73.4,74.5,0.9,5291,73.62,72.75,71.505,73.62621755184188,72.65479858743916,71.58696795874408,1.0678306286950772,0.7633505477058882,79.99999999999996,92.56423140584307,89.58742582774187
20230529,5167170,386039542,74.8,75.0,74.3,74.7,0.2,4670,73.88,73.2,71.74,73.98414503456125,72.96944495860237,71.81756292476304,1.1518820338393283,0.8410568449325763,79.99999999999996,92.41124198986032,90.52869788178134
20230530,6795417,509340541,75.0,75.2,74.6,75.0,0.3,5324,74.25999999999999,73.57000000000001,71.965,74.32276335637417,73.2818380418943,72.05329900441022,1.228539037484083,0.9185532834428777,81.94444444444433,92.79029035883158,91.28256204079808
20230531,11427235,862023007,75.0,76.0,75.0,75.3,0.3,5264,74.61999999999999,73.87,72.22,74.64850890424945,73.59232449698749,72.29379537445391,1.29852912253358,0.9945484512610182,81.94444444444433,88.8872205995814,90.48411489372586
20230601,5654900,426106010,75.3,75.9,74.7,75.7,0.4,4572,75.04,74.2,72.495,74.99900593616631,73.91658226668171,72.54610682819806,1.370475438483652,1.069733848705545,95.4545454545453,89.65030392913272,90.20617790552814
20230602,17329815,1332882133,75.7,78.0,75.5,77.1,1.4,11011,75.56,74.59,72.845,75.69933729077755,74.40633884103838,72.88343224833154,1.522906592706832,1.1603683975058023,95.99999999999986,87.54464706386622,89.3190009583075
20230605,14561779,1137095788,78.3,78.7,77.1,78.0,0.9,11743,76.22,75.05,73.22999999999999,76.46622486051837,74.95920978857093,73.26243726697365,1.696772521597282,1.2676492223240983,95.89041095890397,87.87129476388894,88.83643222683463
20230606,7374166,573893337,78.0,78.5,77.4,77.5,-0.5,7013,76.72,75.49,73.58,76.81081657367892,75.35010059032925,73.57633080275338,1.7737697875758727,1.3688733353744533,88.23529411764693,85.13453549231014,87.6024666486598
20230607,6694790,521954696,77.9,78.2,77.6,78.2,0.7,4876,77.3,75.96,73.97,77.27387771578596,75.78854665335552,73.91882481736424,1.8697218359912853,1.46904303549782,89.18918918918907,86.94503624015644,87.38332317915868
20230608,9819866,764255164,78.2,78.3,77.1,77.4,-0.8,8544,77.64000000000001,76.34,74.305,77.31591847719065,76.0364625528393,74.17668964570763,1.8597729071316706,1.5471890098245902,78.37837837837832,81.44820597828614,85.40495077886783
20230609,8200881,640262011,77.9,78.4,77.5,78.1,0.7,4907,77.84,76.7,74.725,77.57727898479376,76.35392985240249,74.46730522750705,1.8866246248954326,1.6150761328387588,79.74683544303788,82.75408853836956,84.52133003203507
20230612,7759990,603912100,78.1,78.4,77.5,77.6,-0.5,6055,77.76,76.99,75.095,77.58485265652918,76.54563295203288,74.69935669213616,1.8462762598967117,1.6613161582503495,77.7777777777778,79.33605902557963,82.79290636321659
20230613,8122573,632797838,77.7,78.3,77.4,78.0,0.4,6654,77.86,77.28999999999999,75.42999999999999,77.7232351043528,76.7693817286432,74.94384878901496,1.825532939628232,1.694159514525926,77.7777777777778,80.39070601705306,81.9921729144954
20230614,6098134,475595350,78.0,78.2,77.6,78.0,0.0,4184,77.82000000000001,77.55999999999999,75.715,77.81549006956854,76.95870761654425,75.17023036019904,1.7884772563452032,1.7130230628897816,77.50000000000003,79.63547067803535,81.20660550234204
20230615,12799810,1014711384,78.1,79.7,78.1,79.4,1.4,8299,78.22,77.92999999999999,76.065,78.34366004637903,77.33429106015282,75.48354662981393,1.8507444303388922,1.7405673363796037,78.82352941176474,82.57749327253643,81.66356809240683
20230616,47029172,3750765428,80.0,81.0,79.3,79.3,-0.1,13185,78.46000000000001,78.15,76.36999999999999,78.66244003091936,77.63670782012932,75.76624687945734,1.8704609406719754,1.7665460572380782,77.38095238095232,73.85508098510975,79.06073905664114
20230619,11857179,918162551,79.1,79.3,76.6,77.1,-2.2,11317,78.36000000000001,78.06,76.55499999999999,78.14162668727957,77.55413738626326,75.86504340690495,1.6890939793583186,1.7510556416621263,60.194174757281516,53.024599444618616,70.38202585263363
20230620,6982471,534177828,76.9,77.0,76.1,76.4,-0.7,4902,78.04,77.95,76.72,77.56108445818639,77.37657778837661,75.90466982120829,1.4719079671683204,1.6952261067633652,55.140186915887895,37.390549289609766,59.38486699829234
20230621,5161831,397043372,76.9,77.4,76.3,77.0,0.6,3716,77.84,77.83,76.895,77.3740563054576,77.31864274401097,75.98580539000767,1.3328373540033027,1.6227483562113527,55.96330275229357,31.049481839331712,49.939738611972125
20230626,11063584,836757653,76.6,76.6,75.2,75.3,-1.7,5972,77.02000000000001,77.61999999999999,76.97999999999999,76.68270420363841,77.00808232185544,75.93500499074784,1.0730773311075978,1.512814151190602,41.96428571428573,21.274367203232604,40.384614809058945
20230627,8198495,611938637,75.0,75.3,73.8,74.7,-0.6,4703,76.1,77.28,76.99,76.02180280242561,76.65299273387768,75.84352313958134,0.8094695942963455,1.3721452398117506,34.86238532110093,18.34957813548843,33.03960258453544
20230628,4908098,367938067,74.8,75.3,74.7,74.8,0.1,2967,75.64000000000001,77.0,76.99499999999999,75.61453520161707,76.36791692866574,75.76622512924197,0.6016917994237616,1.218054551734153,37.14285714285711,16.862681719955248,27.647295629675373
20230629,9205920,694891630,75.8,75.9,74.9,75.1,0.3,3091,75.38,76.71000000000001,77.0,75.44302346774472,76.17285278579408,75.7168751196685,0.4559776661255768,1.0656391746124378,34.653465346534574,17.260306331822,24.184965863724248
20230630,11482234,859821808,74.9,75.2,74.6,74.8,-0.3,4310,74.94,76.39,76.975,75.22868231182981,75.96164466490268,75.6489584441375,0.3126862207651726,0.9150485838429848,36.45833333333326,16.13650051751096,21.50214408165315
20230703,15136855,1149217927,75.1,76.3,74.9,76.0,1.2,6049,75.08,76.05,76.99,75.48578820788654,75.96754548568688,75.67496152234955,0.2925839633373357,0.790555659741855,39.603960396039625,24.091000345007323,22.365096169437873
20230704,20073580,1472521579,74.3,74.3,72.1,72.2,,6956,74.58,75.34,76.745,74.39052547192436,75.38792310327352,75.41755696513847,-0.029633861864951427,0.6265177554204938,29.850746268656735,16.689597714281664,20.47326335105247
20230705,8334539,598136320,72.4,72.7,71.5,71.5,-0.7,5457,73.92,74.78,76.42,73.42701698128292,74.7897810873853,75.1273675603134,-0.33758647292810906,0.43369690975077324,26.27737226277371,11.126398476187775,17.357641726097572
20230706,10341794,733973780,71.5,71.8,70.5,70.7,-0.8,6797,73.04,74.21000000000001,76.08,72.51801132085528,74.16058399701832,74.7994144076976,-0.6388304106792759,0.21919144566476342,24.82758620689654,8.510495158988586,14.408592870394575
20230707,6153868,431946617,70.5,70.8,69.6,70.5,-0.2,3978,72.17999999999999,73.56,75.69500000000001,71.84534088057019,73.59741722824627,74.48093926638667,-0.8835220381403985,-0.0013512510962689587,16.541353383458585,10.151275379624257,12.989487040137801
20230710,4412201,308880622,70.3,70.4,69.6,69.9,-0.6,3388,70.96000000000001,73.02000000000001,75.32,71.19689392038013,73.02858380851607,74.14161043183951,-1.1130266233234352,-0.2236863255417022,15.942028985507207,8.260054233182396,11.413009437819332
20230711,3760902,267286818,70.2,71.5,70.0,71.5,1.6,2665,70.82000000000001,72.7,74.99,71.29792928025343,72.79341706874438,73.94593558503658,-1.1525185162922043,-0.4094527636918026,28.78787878787874,14.959439140529579,12.59515267205608
20230712,6430103,462779678,71.5,72.4,71.4,72.1,0.6,4260,70.94000000000001,72.43,74.715,71.56528618683562,72.68673751970678,73.80919961577462,-1.122462096067835,-0.5520546301670092,33.5877862595419,22.410770372293346,15.867025238801835
20230713,16340299,1220905544,72.9,75.9,72.6,74.2,2.1,10023,71.64000000000001,72.34,74.525,72.44352412455709,72.91954713205958,73.83814779238391,-0.91860066032433,-0.6253638361984734,40.410958904109584,37.82608572083241,23.18671206614536
20230714,8957736,671006409,75.6,76.3,74.2,74.5,0.3,6653,72.44000000000001,72.31,74.35,73.12901608303807,73.16269372712733,73.88717388183696,-0.7244801547096245,-0.6451870999007037,46.969696969696976,49.59549993329128,31.989641355194
20230717,32961445,2683570451,79.1,81.9,79.1,81.9,7.4,12779,74.84,72.9,74.475,76.05267738869205,74.50689469218467,74.48071655725644,0.02617813492823018,-0.5109140529349169,68.00000000000001,66.39699995552752,43.45876088863851
20230718,125973283,10903329744,90.0,90.0,82.2,84.2,2.3,59444,77.38,74.1,74.72,78.76845159246137,75.9981416626178,75.20066347894115,0.7974781836766454,-0.24923560561260444,71.1711711711712,68.12087578734514,51.67946585487405
20230719,58135934,4610218797,84.1,84.5,76.4,76.8,-7.4,34240,78.32000000000001,74.63,74.70500000000001,78.11230106164092,76.12150448375353,75.31913285087144,0.8023716328820854,-0.03891415791366648,52.901023890784984,57.17862307391637,53.51251826122149
20230720,27358261,2097884684,76.8,78.4,75.3,76.1,-0.7,15834,78.7,75.16999999999999,74.69,77.44153404109395,76.1181961016376,75.376974861918,0.741221239719593,0.11711292161298542,52.188552188552194,48.73999708195731,51.92167786813342
20230721,21488753,1637855147,75.0,77.4,74.3,76.6,0.5,11313,79.11999999999999,75.78,74.67,77.16102269406264,76.19231977830873,75.46756931659074,0.7247504617179885,0.23864042963398605,51.034482758620676,43.49333138797152,49.11222904141279
20230724,28979878,2291099127,78.5,80.2,77.6,78.8,2.2,16399,78.5,76.66999999999999,74.845,77.70734846270842,76.59350135087662,75.71441603388031,0.87908531699631,0.36672940710645086,62.04379562043794,42.25720300416738,46.82722036233098
20230725,26441635,2133295580,79.9,81.4,79.6,80.2,1.4,17953,77.7,77.53999999999999,75.12,78.53823230847229,77.14834729689561,76.04668151285215,1.1016657840434618,0.513716682493853,65.48042704626334,42.73085564262501,45.46176545576232
20230726,12098030,954033729,80.5,80.5,78.3,78.8,-1.4,10957,78.1,78.21,75.32000000000001,78.6254882056482,77.40244771275782,76.25063103041866,1.1518166823391596,0.6413366824629144,64.1114982578397,38.19187844529429,43.03846978560631
20230727,11857049,922103232,79.0,79.5,77.2,77.5,-1.3,7583,78.38,78.53999999999999,75.44,78.25032547043213,77.41745575694893,76.34317688001728,1.0742788769316434,0.7279251213566602,61.744966442953015,32.25530749856138,39.44408235659133
20230728,8570956,669358496,77.0,78.7,76.6,78.7,1.2,5239,78.8,78.96000000000001,75.635,78.40021698028809,77.61477025587986,76.51775637038638,1.0970138854934817,0.8017428741840246,64.4736842105263,30.84536423470972,36.57784298263079
20230731,16334823,1257206897,79.2,79.5,75.8,76.4,-2.3,8611,78.32000000000001,78.41,75.655,77.73347798685873,77.42788252420604,76.50903367628368,0.9188488479223622,0.8251640689316921,57.87781350482315,27.426321254512388,33.52733573992465
20230801,6514432,495739215,76.2,76.9,75.4,76.2,-0.2,4023,77.52000000000001,77.61,75.85499999999999,77.22231865790583,77.23897752048204,76.48614229285526,0.7528352276267753,0.8106983006707088,56.677524429967434,27.20440196310217,31.41969114765049
20230802,10784728,819462573,76.8,77.2,75.0,75.8,-0.4,6199,76.92,77.50999999999999,76.07,76.74821243860389,77.0175963634848,76.43531693782894,0.5822794256558552,0.7650145256677381,52.75862068965516,25.178521496528198,29.339301263943057
20230804,8161308,621171398,75.0,77.0,74.6,76.7,0.9,5485,76.76,77.57000000000001,76.36999999999999,76.73214162573593,76.96873538448713,76.45492309058235,0.5138122939047776,0.714774079315146,53.71621621621622,27.07979864474431,28.58613372421014
20230807,7815471,600563976,77.0,77.7,76.2,76.7,0.0,5235,76.36,77.58,76.68,76.72142775049063,76.92739147918142,76.47307693572441,0.4543145434570164,0.6626821721435201,38.28828828828831,28.347316743555055,28.506528063991773
20230808,8538806,660305651,77.1,78.0,76.4,77.5,0.8,5687,76.58,77.45,77.06,76.98095183366043,77.0154850977689,76.54914531085593,0.4663397869129682,0.6234136950974097,33.81642512077296,35.2823919533305,30.765149360438016
20230809,10665921,835706440,77.5,79.1,76.9,78.4,0.9,6256,77.02000000000001,77.27000000000001,77.405,77.45396788910696,77.22848739041984,76.68624565819994,0.5422417322199067,0.6071793025219091,55.63380281690142,49.37193477160814,36.96741116416139
20230810,15163142,1151873294,78.4,78.4,74.5,76.1,-2.3,10942,77.08000000000001,77.0,77.60499999999999,77.00264525940464,77.05487394573987,76.64282005388883,0.4120538918510448,0.5681542203877362,50.0,43.58128984773872,39.1720373920205
20230811,8551170,651396707,76.1,76.9,75.8,76.2,0.1,5113,76.97999999999999,76.87,77.70500000000001,76.7350968396031,76.92335487716451,76.61001856841558,0.31333630874893004,0.517190638059975,48.70129870129873,40.38752656515916,39.57720044973338
20230814,8521379,640204274,75.2,75.7,74.2,75.5,-0.7,6193,76.74000000000001,76.55,77.75500000000001,76.32339789306874,76.70437720375459,76.52779497075517,0.17658223299942222,0.4490689570478645,38.12949640287775,35.76855512507209,38.307652008179616
20230815,8488880,649846597,75.8,77.3,75.8,76.6,1.1,5225,76.56,76.57000000000001,77.49,76.41559859537917,76.68831917240773,76.53314349143997,0.15517568096775847,0.3902903018318433,36.76470588235295,40.17223402895959,38.929179348439604
20230816,11258981,866017732,75.9,77.4,75.8,77.4,0.8,7033,76.35999999999999,76.69,77.15,76.74373239691946,76.79780853049886,76.59735508466665,0.2004534458322098,0.35232293063191666,44.61538461538466,48.55019683563298,42.13618517750406
20230817,11522672,883406066,76.5,77.3,75.9,77.3,-0.1,7831,76.6,76.84,77.175,76.92915493127964,76.87506875657596,76.64940285617281,0.22566590040314338,0.32699152458616204,49.15254237288135,53.45523326457164,45.90920120652658
20230818,12378249,956183610,77.3,78.3,76.5,76.9,-0.4,7763,76.74000000000001,76.86,77.215,76.9194366208531,76.87890433248735,76.66796560756742,0.21093872491992727,0.3037809646529151,41.81818181818186,54.00416911515664,48.6075238427366
20230821,10717630,824935536,77.6,77.7,76.3,76.7,-0.2,8647,76.98,76.86,77.22,76.84629108056875,76.85138058902776,76.6703385255254,0.1810420635023604,0.2792331844228042,51.68539325842694,53.009582131192886,50.07487660555536
20230822,12722246,987201937,77.5,78.2,76.8,77.8,1.1,7193,77.22,76.89,77.17,77.1641940537125,76.99732203686963,76.75401715326426,0.24330488360537572,0.2720475242593185,58.16326530612238,63.91114999222376,54.68696773444482
20230823,13166308,1033547774,78.1,78.8,77.5,78.7,0.9,9054,77.48,76.91999999999999,77.095,77.67612936914168,77.25927249273585,76.89816403080025,0.36110846193560064,0.2898597117945749,64.07766990291259,75.21612898032312,61.53002148307092
20230824,24191209,1928359276,79.8,80.4,78.6,80.1,1.4,14796,78.04,77.32,77.16,78.48408624609445,77.69630749385341,77.13533706555579,0.5609704282976224,0.34408185509518446,65.74074074074066,81.86451609440888,68.3081863535169
20230825,13180220,1042739881,79.3,79.9,77.7,78.9,-1.2,13299,78.44000000000001,77.59,77.22999999999999,78.62272416406297,77.8814909563375,77.26605283847758,0.6154381178599238,0.39835310764813237,59.166666666666664,77.0401121788813,71.21882829530503
20230828,6453839,509578860,79.1,79.6,78.5,78.7,-0.2,4999,78.84,77.91,77.22999999999999,78.64848277604199,78.00741542459328,77.3722711467385,0.6351442778547778,0.44571134168946147,55.26315789473684,72.37456753954405,71.60407471005136
20230829,6303986,492871217,78.8,79.0,77.6,78.3,-0.4,5274,78.94,78.08,77.325,78.53232185069466,78.0524284361943,77.44099180253565,0.6114366336586556,0.4788564000833003,49.541284403669685,66.02748947080707,69.74521296363659
20230830,5653905,444044500,78.6,79.2,78.2,78.5,0.2,3687,78.9,78.19,77.44,78.5215479004631,78.12128559985672,77.51943685419968,0.6018487456570369,0.5034548691980477,63.63636363636365,61.90450517565998,67.13164370097772
20230831,7124847,557113786,78.8,78.8,78.0,78.0,-0.5,3126,78.48,78.25999999999999,77.55,78.34769860030875,78.10262627680184,77.55503412425897,0.547592152542876,0.5122823258670134,59.78260869565215,55.090808328488755,63.11803191014806
20230901,6056065,470818917,78.0,78.4,77.3,77.7,-0.3,4040,78.24,78.34,77.6,78.1317990668725,78.04068377267848,77.56577233727683,0.47491143540165126,0.504808147773941,62.500000000000014,45.0605388856592,57.09886756865177
20230904,3461572,267308190,77.6,77.8,76.9,77.3,-0.4,2309,77.96000000000001,78.4,77.63,77.85453271124834,77.92673242303563,77.54608549747854,0.38064692555708746,0.47997590333057033,54.320987654320994,33.84988306662986,49.349206067977796
20230905,2827144,219002910,77.3,77.8,76.9,77.7,0.4,2056,77.84,78.39,77.64,77.8030218074989,77.89185051179938,77.55748657173939,0.33436394005998693,0.4508535106764537,51.94805194805192,30.185636330134162,42.961349488696584
20230906,5724218,446112969,77.6,78.4,77.5,77.8,0.1,3507,77.7,78.3,77.60999999999999,77.8020145383326,77.87771966383023,77.57545052938832,0.3022691344419144,0.4211366354295458,53.24675324675326,30.123757553422678,38.682152176938615
20230907,4736603,368617017,77.5,78.2,77.3,77.7,-0.1,3483,77.64,78.06,77.69,77.76800969222174,77.85037817708712,77.5846764161003,0.26570176098682907,0.3900496605410025,55.40540540540538,29.959048245491665,35.7744508664563
20230908,4894748,381262886,77.4,78.2,77.1,78.1,0.4,3115,77.72,77.98,77.785,77.87867312814782,77.88878153445833,77.6228485334262,0.26593300103213835,0.36522632863922966,59.21052631578944,37.364003178153716,36.30430163702211
20230911,9756187,736727246,77.9,77.9,74.8,74.9,-3.2,7341,77.24,77.6,77.755,76.88578208543188,77.42896899069551,77.42115604946869,0.00781294122681686,0.2937436511567471,35.05154639175258,25.666911209678297,32.7585048279075
20230912,7386683,565526007,75.1,77.3,75.1,76.7,1.8,4793,77.04,77.44000000000001,77.76,76.82385472362127,77.3168199152039,77.36773708284139,-0.05091716763749332,0.22481148739789902,40.56603773584903,32.94460747311891,32.82053904297797
20230913,4239425,324797675,76.6,77.2,76.0,76.8,0.1,3599,76.84,77.27000000000001,77.72999999999999,76.81590314908085,77.23730915901868,77.32568248411239,-0.08837332509371265,0.1621745248995767,32.25806451612898,40.481590167264415,35.37422275107345
20230914,4279053,332064563,77.0,77.9,77.0,77.5,0.7,3379,76.8,77.22,77.74,77.04393543272057,77.27772313455426,77.33859489269666,-0.060871758142397425,0.11756526829118188,42.0454545454545,51.98772677817624,40.912057426774375
20230915,11235771,876041708,78.0,78.1,77.6,78.1,0.6,4242,76.8,77.26,77.8,77.39595695514706,77.40422726769977,77.39499527101543,0.009231996684334831,0.09589861396981247,46.73913043478255,65.21404007433961,49.01271830929612
20230918,4124953,319807721,77.3,77.8,77.2,77.3,-0.8,3585,77.28,77.26,77.83000000000001,77.36397130343137,77.38819230343826,77.38795858427355,0.0002337191647114878,0.07676563500879229,44.79166666666666,66.62417486437448,54.88320382765557
20230919,4496626,349862011,77.6,78.4,77.2,77.2,-0.1,3137,77.38000000000001,77.21000000000001,77.8,77.30931420228758,77.35923964137083,77.37403572617922,-0.014796084808381238,0.05845329104535758,43.15789473684209,66.63833879847186,58.801582151261
20230920,5798629,449206048,77.2,78.0,77.0,77.0,-0.2,3972,77.42,77.13000000000001,77.715,77.20620946819173,77.30397200423685,77.34632937609187,-0.042357371855018755,0.03829115846528232,44.56521739130432,64.79592956935159,60.79969795729119
20230921,4959030,379417063,76.6,77.3,76.0,76.5,-0.5,3473,77.22,77.01,77.535,76.97080631212782,77.18028400358503,77.28363831119619,-0.1033543076111556,0.009962065249994734,43.6170212765957,58.93802712030845,60.179141011630264
20230922,2863258,219979345,76.0,77.3,76.0,77.0,0.5,2107,77.0,76.9,77.44000000000001,76.98053754141856,77.15254800303349,77.2626280659224,-0.11008006288891181,-0.014046360377786577,48.42105263157895,58.48393727212481,59.61407309846177
20230925,3253976,249121272,76.6,76.8,76.2,76.7,-0.3,2572,76.88000000000001,77.08,77.34,76.88702502761238,77.08292523333603,77.22095191289111,-0.1380266795550824,-0.03884242421324575,44.680851063829756,48.71151373697211,55.979886644631875
20230926,3508670,267060843,76.2,76.4,75.9,76.0,-0.7,2741,76.64000000000001,77.00999999999999,77.225,76.59135001840826,76.91632135128432,77.13051103045473,-0.21418967917040277,-0.07391187520467715,40.99999999999997,33.807675824647994,48.589149704637244
20230927,2643396,201130741,76.0,76.5,75.4,76.3,0.3,1801,76.50000000000001,76.96000000000001,77.11500000000001,76.49423334560551,76.82150268185596,77.06899169486549,-0.24748901300952753,-0.10862730276564724,43.13725490196073,32.53845054976523,43.238916653013234
20230928,4668991,357712609,76.3,77.2,76.1,76.6,0.3,2674,76.52,76.87,77.045,76.52948889707034,76.78742534618581,77.03425156931989,-0.24682622313407876,-0.13626708683933356,42.57425742574255,35.025633699843354,40.50115566862327
20231002,2983702,229182003,76.6,77.4,76.5,76.6,0.0,2403,76.44000000000001,76.72,76.99,76.5529925980469,76.75859067754185,77.00208478640731,-0.24349410886546252,-0.15771249124455936,62.318840579710105,36.68375579989544,39.22868904571399
20231003,4293010,332291929,76.4,77.8,76.4,77.4,0.8,3117,76.58,76.72999999999999,76.995,76.83532839869794,76.8572690348431,77.03155998741417,-0.17429095257107008,-0.1610281835098615,55.93220338983054,50.096862840955986,42.85141364412799
20231004,4729035,360120103,76.4,76.7,75.8,76.2,-1.2,4778,76.62,76.63,76.92,76.62355226579864,76.75615072179032,76.96996295130941,-0.2138122295190925,-0.1715849927117077,45.71428571428575,44.509019671748426,43.403948986668134
20231005,6173022,478080318,76.6,77.8,76.6,77.7,1.5,3492,76.9,76.7,76.915,76.98236817719909,76.90135830305334,77.02403976973093,-0.12268146667759083,-0.16180428750488435,51.2820512820513,61.617124225610134,49.4750073996488
20231006,4366370,339024024,78.0,78.0,77.2,77.6,-0.1,2683,77.1,76.80999999999999,76.91,77.18824545146606,77.00884164104514,77.0667034904916,-0.05786184944646777,-0.14101579989320104,46.57534246575343,69.28321102220154,56.07774194049971
20231011,8468143,663504332,78.5,79.0,77.8,78.1,0.5,4870,77.4,76.91999999999999,76.91,77.49216363431071,77.17671215780743,77.14324397267741,0.033468185130018924,-0.10611900288855705,55.71428571428569,71.18880734813429,61.11476374304456
20231012,5154564,404959316,78.7,79.0,78.1,78.9,0.8,3359,77.7,77.14000000000001,77.11,77.96144242287382,77.44183336429859,77.27337404877538,0.16845931552320792,-0.05120333920620406,61.038961038961006,79.86661230616365,67.36537993075092
20231013,4836357,378286784,78.6,78.9,77.6,77.9,-1.0,4508,78.04,77.33000000000001,77.17,77.94096161524922,77.51232053902189,77.31979078590314,0.1925297531187482,-0.002456720741213605,55.29411764705883,75.11940820410916,69.95005602187032
20231016,4475431,348047572,77.5,78.2,77.3,77.6,-0.3,3320,78.02,77.46,77.21000000000001,77.82730774349949,77.52580968686468,77.34054702398439,0.18526266288029092,0.0350871559830873,56.626506024096315,68.82960546940606,69.57657250438223
20231017,9633165,747036640,79.0,79.6,76.5,77.0,-0.6,7279,77.9,77.5,77.185,77.55153849566634,77.44491588888549,77.31532131850406,0.1295945703814283,0.053988638862755504,50.0,56.41271943574442,65.18862148150296
20231018,7187065,551303912,76.9,77.5,76.3,76.9,-0.1,3658,77.66,77.53,77.125,77.3343589971109,77.3610826752108,77.28455677639265,0.0765258988181472,0.058496090853833844,51.219512195121965,47.257602430847236,59.21161513128439
20231019,5790102,443469316,76.4,77.6,76.0,76.6,-0.3,3329,77.2,77.45,77.09,77.0895726647406,77.24399303287068,77.23384886703023,0.010144165840443975,0.04882570585115587,53.84615384615378,37.060623842787,51.82795136845193
20231020,5924465,448397926,76.1,76.6,75.1,76.0,-0.6,3722,76.82000000000001,77.42999999999999,77.03,76.72638177649374,77.05260948935211,77.14245265465762,-0.08984316530550984,0.021091931619822733,48.148148148148174,31.37374922852471,45.00988398847618
20231023,3693888,278834970,75.5,76.0,75.2,75.4,-0.6,2479,76.38000000000001,77.2,76.95,76.2842545176625,76.79836187560564,77.01338208764594,-0.21502021204030086,-0.02613049711220199,42.85714285714296,23.13805504123878,37.719274339397046
20231024,3031025,231296010,75.6,76.9,75.4,76.8,1.4,2311,76.34,77.12,76.965,76.45616967844167,76.79861389474323,76.99757600707957,-0.1989621123363463,-0.06069682015703086,51.020408163265316,28.017962620085132,34.48550376629308
20231025,3249717,250130680,77.3,77.3,76.5,77.0,0.2,2498,76.36000000000001,77.01,76.965,76.63744645229445,76.82959637247504,76.99775556211071,-0.16815918963567356,-0.0821892940527594,47.82608695652171,32.75271582079753,33.90790778446123
20231026,4933595,377412818,76.0,76.9,76.0,76.4,-0.6,3214,76.32000000000001,76.76,76.95,76.55829763486298,76.7635046228635,76.95347737232473,-0.18997274946123355,-0.10374598513445424,51.16279069767444,31.4647735101614,33.09352969302795
20231027,5520408,424469136,77.1,77.8,76.1,76.6,0.2,2793,76.44000000000001,76.63,76.98,76.57219842324199,76.73835006549987,76.92729386326364,-0.1889437977637698,-0.12078554766031735,42.46575342465748,32.08762678455204,32.75822872353598
20231030,4140524,316991836,77.0,77.4,76.0,76.5,-0.1,3165,76.66000000000001,76.52000000000001,76.99,76.54813228216133,76.70168082465374,76.89564246598485,-0.19396164133111427,-0.13542076639447675,42.46575342465755,38.67570180698536,34.73071975135244
20231031,7420500,560835866,77.0,77.0,74.9,75.4,-1.1,3334,76.38000000000001,76.36,76.92999999999999,76.16542152144089,76.50142223624547,76.78485413517116,-0.2834318989256843,-0.16502299290071828,32.91139240506331,31.53092764143853,33.664122381381134
20231101,3969983,303868692,75.8,77.2,75.8,76.9,1.5,2920,76.36000000000001,76.36,76.94500000000001,76.41028101429393,76.56274189220771,76.79338345849182,-0.23064156628410615,-0.17814670757739587,38.372093023255765,44.00912417475219,37.11245631250482
20231102,3252072,251483352,77.5,77.8,77.0,77.2,0.3,2591,76.52000000000001,76.41999999999999,76.935,76.67352067619596,76.66078160109883,76.82350320230724,-0.1627216012084034,-0.1750616863035974,45.56962025316452,55.7761977256969,43.33370345023551
20231103,2704240,207643476,77.3,77.5,76.4,76.7,-0.5,3387,76.54,76.49000000000001,76.96000000000001,76.68234711746398,76.66681520092978,76.81435481695115,-0.14753961602137622,-0.16955727224715317,44.444444444444464,57.87378698954508,48.1803979633387
20231106,7324282,567993306,77.4,77.8,77.0,77.5,0.8,3875,76.74000000000001,76.7,76.95,76.95489807830933,76.79499747770981,76.86514334902884,-0.07014587131902772,-0.1496749920615281,53.0120481927711,68.4675821309611,54.942792685879496
20231107,3492596,271946037,77.5,78.0,77.3,78.0,0.5,2427,77.26,76.82000000000001,76.97,77.30326538553956,76.98038248113907,76.94920680465633,0.03117567648274644,-0.1135048583526732,56.32183908045977,78.9783880873074,62.95465781968879
20231108,4672416,364062597,78.1,78.4,77.4,78.0,0.0,4180,77.48,76.92,76.965,77.53551025702637,77.13724671480999,77.02704333764474,0.11020337716524864,-0.06876321124908884,58.333333333333414,82.17606824868106,69.36179462935289
20231109,5475793,427344325,78.2,78.3,77.6,78.0,0.0,3226,77.64000000000001,77.08000000000001,76.92,77.69034017135093,77.2699779894546,77.09911420152291,0.17086378793169388,-0.020837811412932297,62.820512820512896,84.30785502293017,74.34381476054531
20231110,3665152,286135874,77.8,78.4,77.2,78.3,0.3,3164,77.96000000000001,77.25,76.94,77.89356011423395,77.42844291415389,77.1880687051138,0.240374209040084,0.03140459267767096,69.33333333333339,88.58618906290573,79.09127286133211
20231113,5546423,431327562,78.5,78.7,77.2,77.9,-0.4,4594,78.03999999999999,77.39000000000001,76.955,77.89570674282264,77.50099015813022,77.24080435658686,0.2601858015433578,0.07716083445080833,58.46153846153859,83.19539040975329,80.45931204413917
20231114,12393108,980463148,78.3,79.5,78.2,79.5,1.6,7049,78.34,77.8,77.08,78.43047116188177,77.80853013380249,77.40815218202488,0.4003779517776138,0.14180425791616943,65.82278481012668,88.79692693983552,83.23851700937128
20231115,8835725,706921395,80.4,81.0,79.5,80.0,0.5,5609,78.74,78.10999999999999,77.23499999999999,78.95364744125452,78.14567934398673,77.60014090928229,0.5455384347044401,0.22255109327382358,73.07692307692318,85.28490781496279,83.92064727790178
20231116,5355462,427383515,80.0,80.3,79.5,80.0,0.0,3782,79.14,78.39000000000001,77.405,79.30243162750301,78.43095944491185,77.77790824933545,0.6530511955763956,0.30865111373433796,72.36842105263172,81.85660520997519,83.23263325525957
20231117,12537443,1008437462,80.0,80.8,79.8,80.8,0.8,6536,79.64,78.8,77.64500000000001,79.80162108500201,78.79542722261772,78.00176689753283,0.7936603250848862,0.4056529560044476,75.90361445783141,86.15001750840449,84.20509467297454
20231120,6729395,544410316,81.3,81.5,80.5,81.1,0.3,4593,80.28,79.16,77.92999999999999,80.23441405666802,79.14997688067653,78.23126564586373,0.9187112348128039,0.5082646117661189,88.00000000000007,87.66590314513782,85.35869749702896
20231121,9292840,759345672,81.3,82.0,81.1,81.9,0.8,6294,80.76,79.55,78.185,80.78960937111202,79.57305736057245,78.50302374617011,1.070033614402334,0.620618412293362,86.76470588235303,91.08282431898081,87.26673977101291
20231122,3463298,280829821,82.0,82.0,80.7,81.0,-0.9,3183,80.96000000000001,79.85,78.385,80.85973958074135,79.79258699740745,78.68798495015751,1.1046020472499407,0.7174151392846778,75.67567567567568,87.11077176820942,87.21475043674508
20231123,3376412,273303927,80.8,81.4,80.5,81.1,0.1,2511,81.17999999999999,80.16,78.62,80.9398263871609,79.99372745934477,78.86665273162733,1.1270747277174422,0.7993470569712308,81.42857142857143,85.15718117880623,86.52889401743212
20231124,1802988,145833168,81.3,81.3,80.7,80.8,-0.3,1569,81.17999999999999,80.41,78.83,80.8932175914406,80.11776938867634,79.00986364039568,1.1079057482806576,0.8610587952331161,75.38461538461542,79.57847166306377,84.212086565976
20231127,3845293,310863063,80.8,81.2,80.7,80.8,0.0,2631,81.12,80.7,79.04499999999999,80.8621450609604,80.22272794426459,79.1424663336997,1.0802616105648895,0.9048993582994709,73.33333333333337,70.3856477753758,79.60327363577593
20231128,5175622,418638966,81.0,81.3,80.3,81.1,0.3,3214,80.96,80.86,79.33000000000001,80.94143004064027,80.35769287591619,79.28746882749972,1.0702240484164633,0.9379642963228694,74.60317460317462,68.25709851691713,75.82121526282299
20231129,7057835,576043992,81.0,82.0,80.8,81.7,0.6,4567,81.1,81.03,79.57000000000001,81.19428669376019,80.56420166423678,79.46617484027752,1.098026823959259,0.9699768018501473,76.8115942028986,74.29261113249025,75.31168055271206
20231130,9085316,736877687,81.3,81.6,80.6,81.2,-0.5,3730,81.12,81.14999999999999,79.77,81.19619112917347,80.66201679281573,79.59460633359029,1.0674104592254423,0.9894635333252064,70.42253521126766,67.17546624518965,72.59960911687125
20231201,2571608,208601483,80.5,81.4,80.5,81.3,0.1,2024,81.22,81.2,80.0,81.23079408611565,80.76016805545947,79.72093179036138,1.039236265098097,0.9994180796797846,74.99999999999994,64.39148730071463,69.86356851148571
20231204,3804860,307686608,81.2,81.6,80.5,80.9,-0.4,4414,81.24,81.17999999999999,80.16999999999999,81.12052939074377,80.78168066231186,79.80827017626054,0.9734104860513213,0.9942165609540919,62.50000000000006,54.6923640828295,64.8065003686003
20231205,4994542,400580841,80.5,80.8,79.5,80.8,-0.1,4865,81.18,81.07,80.30999999999999,81.01368626049585,80.78449902195618,79.88173164468569,0.9027673772704929,0.9759267242173723,57.692307692307665,53.794909388552966,61.13597004191785
20231206,4555948,369513848,80.9,81.3,80.7,81.3,0.5,2988,81.10000000000001,81.1,80.475,81.1091241736639,80.86380686473215,79.98678855989415,0.8770183048380034,0.9561450403414985,61.40350877192979,59.863272925701935,60.711737669845874
20231207,3134513,255047487,81.3,81.8,80.9,81.1,-0.2,2357,81.08,81.1,80.63,81.1060827824426,80.90014427015798,80.06924866656865,0.830895603589326,0.931095152991064,52.941176470588196,61.24218195046788,60.88855243005321
20231208,3296702,268730176,81.5,81.7,81.2,81.7,0.6,2219,81.16000000000001,81.19,80.8,81.30405518829507,81.02319899782599,80.19004506163765,0.8331539361883387,0.9115069096305191,55.55555555555561,70.16145463364529,63.97951983125057
20231211,5679836,467049312,81.8,82.5,81.7,82.5,0.8,3775,81.47999999999999,81.36,81.03,81.70270345886338,81.25039915200661,80.36115283484968,0.8892463171569318,0.9070547911358017,55.55555555555549,80.10763642243019,69.3555586949771
20231212,6227761,516866334,82.9,83.4,82.6,83.1,0.6,3941,81.94,81.56,81.21000000000001,82.1684689725756,81.53495312862097,80.5640304026386,0.9709227259823763,0.9198283781051166,70.58823529411762,84.17432171751747,74.29514636915722
20231213,11766012,989917293,83.2,84.8,83.0,84.8,1.7,8974,82.64,81.86999999999999,81.45,83.04564598171707,82.03726803191005,80.87780592836907,1.1594621035409745,0.9677551231922883,77.61194029850748,89.44954781167831,79.34661351666425
20231214,9518533,811491943,85.1,85.6,84.2,85.5,0.7,6744,83.52000000000001,82.3,81.725,83.86376398781138,82.56999602700081,81.2201906744158,1.3498053525850082,1.0441651690708322,83.09859154929575,92.41991712035387,83.70438138456079
20231215,9247575,783888663,85.7,85.9,84.5,84.5,-1.0,4915,84.08000000000001,82.61999999999999,81.91,84.07584265854092,82.86691971515454,81.46313951334797,1.403780201806569,1.1160881756179797,72.8395061728395,87.65494474690256,85.02123583867471
20231218,13396423,1140831535,84.6,85.5,83.3,85.5,1.0,7152,84.68,83.08,82.13,84.55056177236062,83.27200898974614,81.76216621606294,1.5098427736832036,1.1948390952310246,75.0,89.20586060049911,86.41611075928284
20231219,10364928,879620809,85.3,85.3,84.2,85.0,-0.5,6995,85.06,83.5,82.285,84.70037451490708,83.53785376055443,82.00200575561384,1.5358480049405898,1.2630408771729378,68.96551724137929,86.80390706699936,86.54537619518834
20231220,16565834,1423973033,85.2,86.5,85.0,86.5,1.5,10205,85.4,84.02,82.55999999999999,85.30024967660472,83.99356856662298,82.33519051445725,1.6583780521657303,1.3421083121714963,77.31958762886596,91.2026047113329,88.09778570056986
20231221,12211112,1042603400,85.5,85.9,84.8,85.9,-0.6,9978,85.47999999999999,84.5,82.8,85.50016645106982,84.28686571021944,82.59925047634931,1.6876152338701331,1.4112096965112237,72.54901960784318,89.96840314088863,88.72132484734277
20231222,9742872,832439780,85.6,85.8,84.8,85.8,-0.1,4756,85.74,84.91,83.05,85.60011096737988,84.51965560095492,82.83634303365677,1.6833125672981453,1.4656302706686082,74.74747474747466,87.32936277768641,88.25733749079065
20231225,6270830,542369308,85.8,86.8,85.5,86.8,1.0,4153,86.00000000000001,85.34,83.35,86.00007397825325,84.87047781619262,83.12994725338591,1.7405305628067111,1.520610329096229,77.77777777777774,91.5529085184576,89.35586116667963
20231226,8885783,777577868,87.1,88.0,86.5,88.0,1.2,7740,86.6,85.83,83.695,86.66671598550218,85.3519427675476,83.49069190128324,1.8612508662643563,1.5887384365298545,79.13043478260867,94.36860567897173,91.02677600411033
20231227,16070338,1434372557,88.2,89.9,88.1,89.5,1.5,10333,87.2,86.3,84.085,87.6111439903348,85.99010541869413,83.93582583452152,2.0542795841726047,1.6818466660584046,82.8125,94.22553509911243,92.0930290357777
20231228,7163794,635538905,89.9,90.0,87.7,88.2,-1.3,10752,87.66,86.57000000000001,84.435,87.80742932688987,86.33008920043349,84.25169058751993,2.07839861291356,1.7611570554294358,74.07407407407408,87.19513285214462,90.46039697456666
20231229,11033619,954372282,86.2,87.8,84.3,87.3,-0.9,10515,87.96000000000001,86.85,84.73499999999999,87.63828621792659,86.47930624652065,84.47749128474068,2.0018149617799708,1.8092886366995429,67.64705882352939,75.94618052211938,85.62232482375089
20240102,6080694,528917056,87.4,87.7,86.3,87.4,0.1,4773,88.08,87.04,85.06,87.55885747861774,86.62095143936362,84.69397341179693,1.9269780275666903,1.8328265148729725,66.41221374045804,68.75944198550653,80.00136387766943
20240103,8186461,702257199,86.3,86.6,85.3,85.9,-1.5,13530,87.66,87.13000000000001,85.31500000000001,87.00590498574516,86.51003583330768,84.78330871462678,1.7267271186808983,1.811606635634558,54.263565891472894,55.19635313653656,71.73302696395848
20240104,8978205,760308346,85.5,85.5,84.1,84.6,-1.3,10851,86.68,86.94000000000001,85.47999999999999,86.20393665716344,86.21618416664496,84.7697302913211,1.4464538753238685,1.7385760835724202,46.66666666666666,39.622427514753184,61.02949381422337
20240105,5609314,471645451,84.9,84.9,83.8,83.9,-0.7,8880,85.82000000000001,86.74,85.62,85.4359577714423,85.85984814100728,84.70530582529732,1.1545423157099606,1.6217693299999283,47.727272727272755,26.952586085104315,49.670524571183684
20240108,6588282,553504768,84.2,84.8,83.6,83.9,0.0,8417,85.14000000000001,86.55,85.72999999999999,84.92397184762821,85.55833304239077,84.64565354194195,0.9126795004488173,1.4799513640897062,43.442622950819704,19.530890723402933,39.623979955256765
20240109,4516201,379179664,84.7,84.8,83.7,83.8,-0.1,3539,84.42,86.25,85.79499999999999,84.54931456508548,85.28782026663835,84.58301253883515,0.7048077278031997,1.324922636832405,44.91525423728814,14.062260482268636,31.103406797594054
20240110,5145625,427319881,83.6,83.8,82.5,82.9,-0.9,7722,83.82000000000001,85.74000000000001,85.785,83.99954304339033,84.92046330254014,84.45834494336587,0.46211835917426924,1.1523617813007778,33.92857142857147,11.152618099290226,24.453143898159443
20240111,11125316,918096219,82.6,83.4,81.9,82.5,-0.4,5179,83.4,85.04,85.67,83.49969536226023,84.54808433291858,84.31328235496841,0.23480197795016977,0.9688498206306563,34.54545454545456,10.8249092413347,19.910399012551196
20240112,4308175,357237123,82.5,83.2,82.3,83.0,0.5,2710,83.22,84.52000000000001,85.545,83.33313024150682,84.30991751246957,84.2160021805263,0.09391533194326485,0.7938629228931781,37.71929824561407,13.538445241349539,17.786414422150642
20240115,5890411,487659314,83.8,83.9,82.4,82.4,-0.6,3383,82.92,84.03,85.44000000000001,83.02208682767122,84.01608404901272,84.08148350048732,-0.06539945147460458,0.6220104480196216,30.00000000000007,12.571729451679841,16.048186098660373
20240116,7785462,637353860,82.0,82.4,81.3,81.8,-0.6,4131,82.52000000000001,83.47,85.25500000000001,82.61472455178081,83.6751480414723,83.91248472267344,-0.2373366812011426,0.45014102217546875,20.192307692307736,12.349406936040527,14.815259711120422
20240117,9434734,764703085,81.3,81.8,80.3,80.8,-1.0,5962,82.1,82.96000000000001,85.045,82.00981636785387,83.23281757355348,83.6819302987717,-0.4491127252182281,0.2702902726967294,6.060606060606133,11.856126363157445,13.828881928466096
20240118,3520410,284236972,80.9,81.1,80.4,80.7,-0.1,2034,81.74000000000001,82.57,84.75500000000001,81.57321091190259,82.84315333146833,83.46104657293677,-0.6178932414684368,0.09265356986369616,6.896551724138021,10.867047205067967,12.841603687333386
20240119,4737858,388224779,80.5,82.6,80.5,82.6,1.9,2572,81.66,82.44,84.59,81.9154739412684,82.80574512662704,83.39726534531182,-0.5915202186847779,-0.04418118784599864,25.773195876288653,24.281735173748995,16.654980849471922
20240122,4461108,371858603,83.5,84.0,82.7,83.0,0.4,3396,81.78,82.35,84.45,82.27698262751227,82.83563049176135,83.36783828269613,-0.5322077909347769,-0.1417865084637543,27.99999999999997,40.51214777349033,24.607369824144723
20240123,9028436,744697769,83.2,83.6,81.9,83.5,0.5,5521,82.12,82.32000000000001,84.285,82.68465508500819,82.93784118533652,83.37762803953345,-0.43978685419692454,-0.20138657761038836,36.66666666666663,55.83692734448905,35.01722233092616
20240124,22511965,1936280858,87.2,88.1,84.8,86.1,2.6,12702,83.18,82.64,84.19000000000001,83.82310339000546,83.42432715682321,83.57928522179023,-0.15495806496701903,-0.1921008750817145,57.281553398058264,62.01094301598415,44.015129225945486
20240125,6879163,583720615,86.3,86.4,84.0,84.2,-1.9,6187,83.88000000000001,82.80999999999999,83.925,83.94873559333698,83.54366144038887,83.62526409425021,-0.08160265386133858,-0.17000123083763932,51.30434782608694,58.007295343989455,48.679184598626804
20240126,5557364,463477473,84.2,84.3,83.0,83.3,-0.9,4151,84.02000000000001,82.84,83.68,83.73249039555799,83.50617506494443,83.60117045763909,-0.09499539269465629,-0.15500006320904272,47.580645161290285,51.492043049839126,49.61680408236424
20240129,4444860,373807216,83.2,84.7,82.9,84.2,0.9,2667,84.26,83.02,83.525,83.888326930372,83.61291736264529,83.64552820151768,-0.032610838872386694,-0.13052221834171152,51.51515151515154,50.99469536655944,50.07610117709597
20240130,6046755,507258227,84.7,84.7,83.4,83.8,-0.4,4028,84.32000000000001,83.22,83.345,83.858884620248,83.64169930685371,83.65697055696081,-0.015271250107105061,-0.10747202469479022,53.54330708661414,48.715078296320996,49.62242688350431
20240131,7955660,658620669,83.5,83.5,82.4,82.7,-1.1,3266,83.64,83.41,83.18499999999999,83.47258974683201,83.49682249041467,83.58608384903779,-0.08926135862311924,-0.10382989148045603,50.74626865671643,42.125841671231555,47.123565146080054
20240201,6052662,506244644,83.1,84.1,82.9,84.1,1.4,3563,83.62,83.75,83.16,83.68172649788801,83.58961903035087,83.62415171207203,-0.034532681721159975,-0.08997044952859683,53.84615384615383,39.91185143673497,44.71966057629835
20240202,3486009,293402331,84.2,84.5,83.5,84.3,0.2,2658,83.82000000000001,83.92,83.17999999999999,83.88781766525868,83.6989084102969,83.67421454821485,0.024693862082045825,-0.0670375872064683,56.8345323741007,39.5111267642749,42.9834826389572
20240205,3797482,320139401,83.2,84.9,83.2,84.5,0.2,3041,83.88,84.07000000000001,83.21000000000001,84.09187844350579,83.82215327025122,83.73538384093968,0.08676942931154485,-0.03627618390286567,60.00000000000002,38.62145293056922,41.5294727361612
20240215,7848657,658259409,86.0,86.0,83.2,83.7,-0.8,5871,83.86000000000001,84.09,83.20500000000001,83.96125229567053,83.80336045944334,83.73276281568488,0.070597643758461,-0.014901418370600335,60.90225563909778,36.58096862037945,39.87997136423395
20240216,5784821,488307114,83.9,84.9,83.4,84.7,1.0,3682,84.26,83.95,83.295,84.20750153044703,83.94130500414437,83.80441001452304,0.13689498962132518,0.015457863227784769,64.08450704225353,45.683608709882606,41.814517146116835
20240219,3305632,279592256,85.2,85.3,83.6,84.8,0.1,2684,84.4,84.01,83.41,84.40500102029803,84.0734119265837,83.87815742085466,0.19525450572903935,0.05141719172803569,58.8709677419355,52.67796136214391,45.43566521812586
20240220,4824628,410764149,84.8,85.6,84.5,85.5,0.7,2783,84.64000000000001,84.22999999999999,83.535,84.77000068019869,84.2928870148016,83.99829390819876,0.2945931066028322,0.100052374702995,59.842519685039385,63.822344611799636,51.56455834935045
20240221,4796786,411175149,85.5,86.0,85.2,85.9,0.4,3251,84.92,84.4,83.71,85.14666712013246,84.54013516637058,84.13916102610996,0.4009741402606153,0.16023672781451906,59.523809523809554,74.95563714860721,59.36158461576936
20240222,7809182,675180493,85.8,86.9,85.7,86.6,0.7,5199,85.5,84.67999999999999,83.95,85.63111141342165,84.85703744846741,84.32144539454626,0.5355920539211496,0.23530779303584518,52.33644859813084,80.80375809907137,66.50897577687003
20240223,5822877,504792691,86.7,87.2,85.8,85.9,-0.7,5210,85.74,85.0,84.205,85.72074094228111,85.01749322562627,84.43837536532061,0.5791178603056579,0.30406980648980775,58.94736842105266,76.36917206604761,69.79570787326256
20240226,3555004,304108311,85.6,86.1,85.1,85.6,-0.3,4225,85.9,85.15,84.45,85.68049396152074,85.10710965245299,84.52442163455612,0.5826880178968707,0.3597934487712204,62.92134831460673,70.91278137736501,70.16806570796336
20240227,4932029,417106044,85.4,85.8,83.9,84.3,-1.3,8435,85.66,85.15,84.535,85.2203293076805,84.98293893669099,84.50779780977419,0.475141126916796,0.3828629844003355,50.53763440860212,56.441854251576615,65.59266188916777
20240229,7144380,608804782,84.3,85.8,83.8,85.5,1.2,3609,85.58,85.25,84.66,85.31355287178701,85.06248679258468,84.58129426830943,0.4811925242752437,0.4025288923753172,58.41584158415844,56.04895546596332,62.41142641476628
20240301,6009476,513710514,85.5,86.7,84.7,84.9,-0.6,6299,85.24000000000001,85.37,84.73,85.17570191452468,85.03748882449473,84.60490210028651,0.4325867242082211,0.408540458741898,61.45833333333338,49.40300734767932,58.075286725737286
20240304,5267968,452470091,85.0,86.4,85.0,86.0,1.1,3023,85.26,85.5,84.725,85.45046794301646,85.18556746688016,84.70824268545047,0.4773247814296866,0.42229732327945574,60.21505376344091,54.50396568276659,56.88484637808038
20240305,4714627,406171819,85.6,86.6,85.4,86.5,0.5,3922,85.44000000000001,85.67,84.84,85.80031196201098,85.3877878565909,84.84096544949118,0.5468224070997252,0.44720234004350967,61.45833333333338,62.806565357138496,58.85875270443308
20240306,5114740,439996935,86.4,86.5,85.5,86.5,0.0,5461,85.88000000000001,85.77000000000001,85.0,86.03354130800733,85.55889741711538,84.96385689767702,0.5950405194383563,0.47676997592247905,60.63829787234045,68.34163180671976,62.01971240519531
20240307,6505938,556170125,85.5,86.0,85.1,85.4,-1.1,7619,85.86,85.72,85.06,85.8223608720049,85.5344516606361,84.99616379414539,0.5382878664907054,0.48907355403612435,58.76288659793818,61.247362380950484,61.762262397113695
20240308,6982452,597868458,85.2,86.3,85.2,85.3,-0.1,4054,85.94,85.59,85.13499999999999,85.6482405813366,85.49838217438439,85.01867017976424,0.47971199462014624,0.48720124215292876,53.40909090909089,58.07295423097845,60.53249300840194
20240311,5328457,453823327,85.0,85.9,84.7,85.1,-0.2,3697,85.76000000000002,85.51,85.25500000000001,85.46549372089106,85.43709260909448,85.02469461089282,0.412397998201655,0.47224059336267404,51.68539325842695,53.65783155628442,58.24093919102943
20240312,9166683,794429041,85.1,87.8,85.1,87.5,2.4,5089,85.96000000000001,85.7,85.425,86.14366248059405,85.75446297692609,85.2080505656415,0.5464124112845923,0.4870749569470577,59.43396226415095,66.60522103752297,61.02903313986061
20240313,23993205,2153227697,88.1,90.5,87.9,89.9,2.4,14127,86.64000000000001,86.26,85.705,87.39577498706271,86.39223790355285,85.55560237559398,0.836635527958876,0.5569870711494214,65.87301587301587,74.28853816294637,65.44886814755586
20240314,11745168,1038888313,89.9,90.0,87.0,88.6,-1.3,12737,87.28,86.57,85.91,87.79718332470847,86.73189361069856,85.78111331073517,0.9507802999633981,0.6357457169122167,57.57575757575757,71.93948521207915,67.61240716906362
20240315,15273928,1358874685,89.0,90.0,87.5,89.1,0.5,8936,88.03999999999999,86.99,86.17999999999999,88.23145554980564,87.09621767059109,86.02695676919923,1.069260901391857,0.7224487538081448,62.307692307692236,73.2470131298918,69.49060915600634
20240318,15957478,1435869200,88.7,91.0,88.5,91.0,1.9,8542,89.22,87.49,86.49499999999999,89.15430369987044,87.69679956742323,86.39533034185114,1.3014692255720917,0.8382528481609341,68.49315068493149,82.16467541992786,73.71529791064685
20240319,64514743,6253173232,91.5,100.0,91.4,100.0,9.0,45182,91.72,88.84,87.255,92.76953579991363,89.5895996339735,87.40308364986217,2.186515984111338,1.107905475351015,85.20179372197306,88.10978361328523,78.5134598115263
20240320,85511573,8971372108,104.5,109.5,101.5,103.5,3.5,61819,94.44,90.53999999999999,88.155,96.34635719994242,91.7296612287468,88.59544782394646,3.1342134048003487,1.5131670612408818,86.5853658536585,84.00867294649123,80.34519752318127
20240321,45342054,4663643835,104.5,104.5,100.5,104.5,1.0,22539,97.62,92.45,89.08500000000001,99.06423813329495,93.69432873201653,89.77356279995043,3.9207659320661037,1.9946868354059264,89.19999999999995,82.61868519013393,81.10302674549882
20240322,28473029,2911126989,104.0,104.0,101.0,102.0,-2.5,13722,100.2,94.12,89.85499999999999,100.04282542219664,94.9721243117063,90.67922481476892,4.29289949693738,2.4543293677122175,80.30303030303027,78.16655515407837,80.124202881692
20240325,22551514,2287423414,103.0,104.0,100.0,101.5,-0.5,11274,102.3,95.76,90.635,100.52855028146443,95.97641287913609,91.48076371737862,4.49564916175747,2.862593326521268,78.40909090909088,73.59251825086706,77.94697467141702
20240326,32388390,3173447376,101.5,102.0,95.3,97.8,-3.7,21177,101.86,96.78999999999999,91.24499999999999,99.61903352097629,96.25696474388438,91.94885529386909,4.308109450015294,3.1516965512200734,68.7707641196013,65.06167883391137,73.65187605891514
20240327,13581651,1324900450,97.7,98.6,96.5,98.4,0.6,9886,100.84,97.64000000000001,91.95,99.2126890139842,96.58666247559448,92.4267178646936,4.1599446109008795,3.353346163156235,71.95945945945942,59.889604071092435,69.06445206297423
20240328,29098742,2894149385,98.7,101.5,97.1,99.7,1.3,21547,99.88,98.75,92.66,99.37512600932281,97.06563747934918,92.96547950434592,4.100157975003256,3.502708525525639,73.37662337662336,57.7041804918394,65.27769487259596
20240329,36994373,3735178793,100.0,103.0,98.5,102.0,2.3,17403,99.88,100.03999999999999,93.515,100.25008400621522,97.82477017483392,93.63470324476474,4.190066930069179,3.6401802064343474,75.68389057750758,57.990632298427,62.84867401453964
20240401,17302847,1712722673,101.5,101.5,97.5,97.5,-4.5,14755,99.08,100.69,94.09,99.33338933747682,97.77480553255177,93.92102152293032,3.8537840096214495,3.682900967071768,64.28571428571428,43.82474078111096,56.507362936730075
20240402,10447112,1029383182,97.9,99.5,97.9,98.3,0.8,6388,99.18,100.52000000000001,94.67999999999999,98.98892622498455,97.85560468138995,94.24539029900956,3.6102143823803914,3.668363650133493,62.574850299401184,40.08605907146527,51.033594981641805
20240403,10525995,1029583238,98.0,98.8,97.2,97.4,-0.9,8167,98.98,99.91,95.225,98.45928414998971,97.78551165348381,94.47906509167552,3.3064465618082863,3.595980232468452,63.33333333333335,34.77001639247113,45.61240211858491
20240408,19609802,1970172827,99.1,102.0,98.0,101.0,3.6,10666,99.24000000000001,99.56,96.00500000000001,99.30618943332648,98.28004832217862,94.96209730710696,3.3179510150716567,3.5403743889890933,66.4819944598338,45.0190913880842,45.414631875084666
20240409,11091713,1118941082,101.0,102.0,100.0,100.5,-0.5,6438,98.94000000000001,99.41,96.76500000000001,99.70412628888432,98.62157934953575,95.37231232139533,3.249267028140423,3.4821529168193597,63.68876080691643,52.523550102878644,47.78427128434932
20240410,13261418,1345826588,101.0,103.0,100.0,101.0,0.5,8144,99.64000000000001,99.36,97.56,100.13608419258955,98.98749021883795,95.78917807536604,3.1983121434719095,3.4253847621498696,51.90839694656488,58.09262314550883,51.220388571402495
20240411,8141838,818472228,100.5,102.0,99.1,101.5,0.5,6108,100.28,99.73,98.26,100.5907227950597,99.37403018517057,96.21220192163523,3.161828263535341,3.372673462426964,45.689655172413794,63.58717249248612,55.342649878430365
20240412,13980428,1384805512,100.5,100.5,98.3,98.3,-3.2,10077,100.46,99.72,98.68,99.8271485300398,99.2087947720674,96.36685363114373,2.84194114092368,3.266526998126307,37.79527559055117,48.71328740878381,53.132862388548176
20240415,13637460,1353845973,98.0,100.5,97.9,98.7,0.4,6836,100.0,99.62,99.185,99.45143235335988,99.13051865328781,96.53967928809604,2.590839365191769,3.1313894715394,42.91845493562232,41.096214594361626,49.12064645715266
20240416,18724483,1803542121,98.4,98.5,95.0,95.4,-3.3,12670,98.97999999999999,98.96000000000001,99.5,98.10095490223992,98.55659270662815,96.45525860008892,2.101334106539227,2.9253783985393653,38.31417624521074,29.06414306290777,42.43514532573769
20240417,9450797,910274577,95.4,96.8,95.2,96.4,1.0,7070,98.06,98.85,99.77000000000001,97.53396993482662,98.22480921330074,96.45116537045271,1.7736438428480312,2.6950314874010988,47.008547008547026,25.209428708605202,36.693239786693525
20240418,8768553,847282158,95.8,97.2,95.8,96.6,0.2,5420,97.08000000000001,98.68,99.6,97.22264662321774,97.97483856510063,96.46219015782658,1.5126484072740425,2.4585548713756875,46.0869565217391,23.472952472403442,32.28647734859683
20240419,16545084,1566760717,95.3,96.0,92.6,94.8,-1.8,9583,96.38000000000001,98.41999999999999,99.16499999999999,96.41509774881183,97.48640186277746,96.33906496095054,1.1473369018269182,2.196311277465934,39.57446808510636,22.69991703288435,29.090957243359338
20240422,7592009,718222566,94.8,95.4,93.6,94.5,-0.3,5682,95.54,97.77,98.66499999999999,95.77673183254123,97.02695542235016,96.20283792680605,0.8241174955441011,1.9218725210815675,32.55813953488371,21.223021611666503,26.46831203279506
20240423,5024133,477304965,96.1,96.3,94.4,94.7,0.2,4135,95.4,97.19,98.3,95.41782122169415,96.66896228045013,96.0915165988945,0.5774456815556306,1.6529871531763802,41.86046511627906,21.59548958508266,24.84403788355759
20240424,4930774,475018917,95.0,97.1,95.0,96.7,2.0,4777,95.46000000000001,96.76,98.06,95.84521414779611,96.67373731422704,96.13658944342083,0.5371478708062085,1.429819296702346,45.652173913043484,31.69657111579352,27.128215627636234
20240425,6357236,603763254,96.1,96.3,94.5,94.7,-2.0,5035,95.08000000000001,96.08,97.905,95.46347609853075,96.37008541973057,96.03017541057484,0.3399100091557301,1.211837439193023,43.076923076923066,29.991806904199926,28.082746053157464
20240426,6214369,603290502,95.2,97.9,95.1,97.0,2.3,4537,95.52000000000001,95.95,97.83500000000001,95.97565073235383,96.46699535515664,96.10201426905078,0.3649810861058569,1.0424661685755898,39.010989010989,44.853294998280184,33.672929034865035
20240429,5612816,551973408,97.3,98.8,97.1,98.5,1.5,5627,96.32000000000001,95.92999999999999,97.775,96.81710048823588,96.77976530051716,96.2796428417137,0.5001224588034603,0.9339974266211639,44.791666666666664,61.62262677304702,42.98949494759236
20240430,8712625,851394218,97.6,98.6,97.0,97.7,-0.8,6043,96.92,96.16,97.56,97.11140032549059,96.92133986966836,96.38485448306824,0.5364853866001198,0.8544950186169551,41.53846153846154,68.50110602074105,51.493365305308586
20240502,10654555,1024114725,96.3,97.0,95.1,96.4,-1.3,6651,96.86000000000001,96.16,97.505,96.8742668836604,96.84113373587323,96.38597637321134,0.4551573626618932,0.7746274874259428,37.4384236453202,66.09751154070914,56.36141405044209
20240503,7961108,778391998,97.4,98.8,96.8,97.1,0.7,5212,97.34,96.21000000000001,97.44500000000001,96.9495112557736,96.88095931496966,96.43886701223272,0.44209230273693834,0.708120450488142,46.62921348314605,66.50090512970351,59.7412444101959
20240506,10641691,1061327311,98.3,100.5,98.2,99.6,2.5,9324,97.86000000000001,96.69000000000001,97.55499999999999,97.83300750384907,97.29927326651278,96.67302501132659,0.6262482551861979,0.6917460114277532,52.26130653266329,72.74923729958373,64.07724203999183
20240507,7031652,700420649,100.5,101.0,98.6,99.8,0.2,5558,98.12,97.22,97.49499999999999,98.48867166923273,97.68400045628005,96.90465278826535,0.7793476680146938,0.7092663427451413,63.095238095238095,75.67897871254297,67.94448759750887
20240508,5067215,505159448,99.5,100.0,99.2,99.7,-0.1,3694,98.52000000000001,97.72,97.455,98.89244777948849,97.99415423223697,97.11171554469014,0.8824386875468235,0.7439008117054778,60.37735849056605,77.11931914169531,71.00276477890435
20240509,6310964,624202865,99.7,99.8,98.3,98.8,-0.9,4658,99.0,97.92999999999999,97.345,98.86163185299233,98.11813050420051,97.23677365249087,0.88135685170964,0.7713920197063103,56.6265060240964,72.31683423005676,71.44078792928849
20240510,9257842,920233894,98.8,100.0,98.6,99.5,0.7,4934,99.47999999999999,98.41,97.24499999999999,99.07442123532823,98.33072581124658,97.40442004860266,0.9263057626439206,0.8023747682938325,65.16129032258067,73.06997988218473,71.98385191358723
20240513,4336023,430982036,99.9,100.5,98.8,99.4,-0.1,5843,99.44000000000001,98.65,97.3,99.18294749021882,98.49522953259326,97.55224078574321,0.9429887468500482,0.8304975640050757,66.01307189542487,73.00710523219098,72.32493635312181
20240514,16492472,1677456726,101.0,104.0,100.5,101.0,1.6,11226,99.68,98.9,97.41499999999999,99.78863166014588,98.88057883527122,97.80763035716964,1.07294847810158,0.8789877468243765,68.86227544910182,70.76878176528088,71.80621815717484
20240515,8531774,863294042,102.0,102.5,100.0,100.5,-0.5,7675,99.84,99.17999999999999,97.67,100.02575444009726,99.1297205529218,98.00706514552745,1.1226554073943475,0.9277212789383708,62.500000000000014,64.30881747315021,69.30708459583329
20240516,8733839,884649775,101.0,101.5,100.5,101.5,1.0,5568,100.38000000000001,99.69,97.925,100.51716962673152,99.49437892939537,98.26580106067357,1.2285778687217999,0.9878925968950566,73.94366197183102,61.83806222347944,66.81741047171533
20240517,13169570,1353371134,101.5,103.5,101.5,103.5,2.0,7575,101.18,100.33,98.27000000000001,101.51144641782102,100.110628324873,98.65351950062367,1.4571088242493317,1.0817358423659116,73.38129496402883,71.63473154079915,68.42318416140994
20240520,12173116,1266307739,104.0,105.0,102.5,104.5,1.0,9008,102.2,100.82,98.75500000000001,102.50763094521402,100.78591627489254,99.08659213020711,1.6993241446854341,1.2052535028298161,72.38805970149258,78.6022588381447,71.81620905365486
20240521,13447106,1399899017,104.5,105.5,102.0,104.5,0.0,7505,102.9,101.28999999999999,99.25500000000001,103.17175396347602,101.35731377106292,99.48758530574732,1.8697284653156032,1.3381484953269736,76.98412698412702,81.10520959580018,74.9125425677033
20240522,15135135,1615856782,105.0,107.5,105.0,107.0,2.5,9161,104.2,102.02,99.87,104.44783597565069,102.22541934474555,100.04406046828456,2.1813588764609904,1.506790571553777,88.40579710144931,85.53081388783681,78.45196634108113
20240523,14351632,1524685423,107.5,107.5,104.5,106.5,-0.5,8033,105.2,102.79,100.36,105.1318906504338,102.88304713786162,100.52227821137458,2.36076892648704,1.6775862425404298,84.5588235294118,86.52245830070348,81.14213032762191
20240524,10302705,1092598578,106.0,107.5,104.5,106.0,-0.5,4862,105.7,103.44000000000001,100.925,105.42126043362254,103.36257834742138,100.92803538090239,2.4345429665189897,1.8289775873361418,77.58620689655176,84.34830553380232,82.2108553963487
20240527,11631465,1236281463,106.0,107.5,105.0,106.5,0.5,9005,106.1,104.15,101.4,105.7808402890817,103.84525860166424,101.34077350083554,2.5044851008287026,1.964079090034654,78.15126050420172,85.12109257809043,83.18093445692928
20240528,7688193,808981859,106.0,106.5,104.5,105.0,-1.5,5441,106.2,104.55,101.725,105.52056019272113,104.02291112448512,101.61182731558846,2.411083808896663,2.053480033807056,69.92481203007517,78.17596648063171,81.51261179816342
20240529,13045213,1362402801,105.0,105.5,103.0,104.5,-0.5,6114,105.7,104.95,102.065,105.1803734618141,104.09630941302586,101.82576603295227,2.2705433800735904,2.096892703060363,72.09302325581397,68.78397765375448,77.2697337500271
20240530,10161718,1053528233,103.5,105.0,103.0,103.5,-1.0,5797,105.1,105.15,102.42,104.62024897454275,104.00456950332958,101.9497833638447,2.054786139484875,2.0884713903452656,65.15151515151516,54.94689419341208,69.82878723115542
20240531,17524866,1852196536,104.5,106.5,104.0,106.0,2.5,5388,105.1,105.4,102.86499999999998,105.08016598302851,104.31155881050964,102.24979941096731,2.061759399542325,2.0831289921846774,71.15384615384615,60.873687038032294,66.8437538334477
20240603,25507081,2856558864,110.0,116.0,110.0,111.5,5.5,15978,106.1,106.1,103.46,107.22011065535234,105.417472839662,102.93499945459936,2.482473385062633,2.1629978707602686,76.92307692307692,62.377329820226656,65.35494582904069
20240604,16539376,1844141285,112.5,113.0,110.0,111.0,-0.5,13147,107.3,106.75,104.02000000000001,108.48007377023491,106.27632317202169,103.53240690240682,2.7439162696148713,2.2791815505311894,76.92307692307692,62.09770705963828,64.26919957257321
20240605,13639327,1522306290,111.0,113.0,110.0,111.0,0.0,7851,108.6,107.15,104.585,109.32004918015662,107.00304268401835,104.08556194667298,2.9174807373453717,2.4068413878940262,75.67567567567568,61.911291885912696,63.48323034368637
20240606,10230483,1150352410,112.5,114.5,111.5,111.5,0.5,5627,110.2,107.65,105.22,110.04669945343775,107.69488227109245,104.63477958025277,3.0601026908396847,2.5374936484831583,73.52941176470588,63.069066385480255,63.345175690950995
20240607,7358648,822520168,111.5,112.5,111.0,111.5,0.0,4641,111.3,108.2,105.82000000000001,110.5311329689585,108.2802849986167,105.14331442615998,3.1369705724567183,2.6573890332778705,71.875,63.84091605185863,63.5104224779202
20240611,10678158,1200671331,111.0,114.0,111.0,112.0,0.5,5810,111.4,108.75,106.45,111.02075531263901,108.85254884498336,105.65121706125923,3.201331783724129,2.7661775833671225,72.72727272727272,65.63753377816215,64.21945957800085
20240612,7585191,850593236,111.5,113.0,111.0,112.5,0.5,3799,111.7,109.5,107.025,111.51383687509268,109.41369517652439,106.15853431598077,3.2551608605436115,2.8639742388024203,68.9655172413793,68.11733021108245,65.51874978902805
20240613,16187291,1875974845,114.0,118.0,113.0,116.5,4.0,10126,112.8,110.7,107.825,113.1758912500618,110.50389591859755,106.92456881109331,3.579327107504241,3.0070448125427847,77.77777777777777,75.17345823595973,68.73698593800528
20240614,9878753,1147014636,116.5,117.5,115.0,115.5,-1.0,5421,113.6,111.9,108.525,113.95059416670787,111.27252731573638,107.55978593619751,3.712741379538869,3.148184125942002,75.67567567567568,73.03230549063981,70.16875912221678
20240617,6839918,791857842,116.0,116.5,114.5,116.5,1.0,3281,114.6,112.95,109.175,114.80039611113858,112.07675388254617,108.2220240149977,3.854729867548471,3.289493274263296,76.31578947368422,75.77153699375987,72.03635174606447
20240618,9415639,1099112780,117.0,118.0,115.5,116.5,0.0,4566,115.5,113.45,109.775,115.36693074075906,112.75725328523137,108.83520742129417,3.9220458639372,3.416003792198077,82.85714285714286,77.59769132917324,73.89013160710073
20240619,12555050,1455663475,116.5,117.0,114.5,116.5,0.0,6689,116.3,114.0,110.375,115.74462049383938,113.33306047211885,109.40296983453165,3.930090637587199,3.5188211612759015,85.29411764705883,77.92227040992502,75.23417787470882
20240620,13204731,1585586560,117.0,122.0,116.5,120.0,3.5,8649,117.0,114.9,111.025,117.16308032922626,114.35874347640825,110.18793503197375,4.170808444434499,3.6492186179076214,92.3076923076923,79.22090754601061,76.56308776514274
20240621,13072086,1557098880,120.0,120.5,118.0,119.0,-1.0,4506,117.7,115.65,111.65,117.77538688615084,115.07278294157621,110.84068058516088,4.232102356415325,3.7657953656091623,86.11111111111111,77.05636260643132,76.72751271223893
20240624,10289606,1205690031,118.5,118.5,116.0,117.0,-2.0,6337,117.8,116.2,112.2,117.51692459076723,115.36927787364141,111.29692646774156,4.072351405899852,3.8271065736673004,68.9655172413793,69.55272658610573,74.3359173368612
20240625,15194662,1755113495,117.0,117.0,114.0,116.0,-1.0,6022,117.7,116.6,112.675,117.01128306051149,115.46631204692734,111.64530228494588,3.8210097619814576,3.825887211330132,66.66666666666666,57.47959550184826,68.7171433918569
20240626,20949970,2397932113,115.0,116.5,113.0,114.5,-1.5,9005,117.3,116.8,113.15,116.17418870700766,115.31764865509237,111.8567613749499,3.4608872801424724,3.7528872250926004,60.6060606060606,43.87528589012106,60.43652422461162
20240627,46260522,4789517716,105.0,106.5,102.0,102.5,,21843,113.8,115.4,113.05,111.61612580467178,113.34570270815509,111.16366793976843,2.182034768386657,3.438716733751412,33.92857142857143,30.08352392674737,50.318857458656865
20240628,26538885,2762221744,104.0,105.5,102.5,104.5,2.0,11414,110.9,114.3,113.1,109.24408386978119,111.98482536843892,110.67006290719299,1.3147624612459339,3.0139258792503165,38.33333333333333,24.222349284498243,41.62002140060399
20240701,18350696,1923535813,105.5,106.0,104.0,104.0,-0.5,7187,108.3,113.05,113.0,107.49605591318746,110.7563906963714,110.17598417332684,0.5804065230445588,2.527222008009165,36.666666666666664,19.481566189665493,34.24053633029116
20240702,15156750,1567885203,104.0,104.5,102.5,103.5,-0.5,6513,105.8,111.75,112.6,106.16403727545831,109.64002289692964,109.68146682715448,-0.04144393022484394,2.013488820362363,35.0,15.487710793110328,27.989594484564215
20240703,18300714,1883847057,105.0,105.0,102.0,103.0,-0.5,7976,103.5,110.4,112.2,105.10935818363888,108.61848091278661,109.18654335847637,-0.5680624456897618,1.4971785671519382,24.52830188679245,12.126942330542018,22.702043766556816
20240704,17458882,1845962359,104.0,107.0,103.5,106.5,3.5,7434,104.3,109.05,111.975,105.57290545575925,108.2925607723579,108.98754014673737,-0.6949793743794714,1.0587469788456563,34.48275862068965,17.175537311270435,20.859874948128024
20240705,7727871,807335730,107.0,107.0,103.5,103.5,-3.0,4752,104.1,107.5,111.575,104.88193697050617,107.55524373045668,108.5810556914235,-1.02581196096682,0.6418351908831611,29.032258064516128,14.783691540846956,18.834480479034333
20240708,9285060,982054830,103.5,107.0,103.5,106.0,2.5,5296,104.5,106.4,111.3,105.25462464700412,107.31597546423258,108.38986638094768,-1.0738909167151007,0.2986899693635088,34.32835820895522,19.05119665941521,18.906719205827958
20240709,8063266,846925730,106.0,106.5,104.0,104.5,-1.5,4236,104.7,105.25,110.925,105.00308309800275,106.88274846973526,108.10172813050711,-1.2189796607718506,-0.004843956663563085,32.85714285714285,29.36746443961014,22.39363428375535
20240710,5259520,555390660,105.0,106.5,104.5,105.5,1.0,2653,105.2,104.35,110.575,105.16872206533517,106.67001793592983,107.90900752824733,-1.2389895923174947,-0.25167308379434944,27.692307692307693,42.91164295974009,29.232970509083597
20240711,6260106,659409638,104.5,106.0,104.0,105.5,0.0,3926,105.0,104.65,110.025,105.27914804355679,106.49001517655601,107.73056252615494,-1.240547349598927,-0.44944793695526497,28.57142857142857,51.941095306493395,36.80234544155353
20240712,9138492,975325493,105.5,107.5,104.5,107.0,1.5,4751,105.7,104.9,109.6,105.8527653623712,106.56847438016278,107.67644678347679,-1.1079724033140081,-0.5811528302270136,33.87096774193549,64.9304271740259,46.17837268571098
20240715,7455343,790768886,108.0,108.0,105.5,106.0,-1.0,3853,105.7,105.1,109.075,105.90184357491414,106.48101678321467,107.55226554025629,-1.0712487570416158,-0.679172015589934,33.87096774193549,65.50917367157281,52.62197301433159
20240716,6843133,729262372,107.0,107.0,106.0,106.5,0.5,3842,106.1,105.4,108.575,106.10122904994277,106.48393727810472,107.47431994468175,-0.9903826665770339,-0.741414145787354,36.666666666666664,65.89500466993742,57.04631689953352
20240717,8446919,904798101,107.0,108.0,106.0,107.0,0.5,4222,106.4,105.8,108.1,106.40081936662853,106.56333154301169,107.43918513396459,-0.8758535909529002,-0.7683020348204632,62.16216216216216,69.85592903921754,61.316187612761524
20240718,10713062,1140962699,106.5,107.5,104.5,106.5,-0.5,4811,106.6,105.8,107.425,106.43387957775236,106.5535882287022,107.36961586478202,-0.8160276360798235,-0.7778471550723354,55.88235294117647,68.79284158170057,63.808405602407866
20240719,12449734,1312754782,106.0,107.0,103.5,106.0,-0.5,4653,106.4,106.05,106.775,106.28925305183492,106.46842080890185,107.26816283776112,-0.7997420288592707,-0.7822261298297225,55.88235294117647,64.3804129063189,63.999074703711536
20240722,11273632,1171619127,105.5,106.0,102.5,103.5,-2.5,4791,105.9,105.8,106.1,105.35950203455663,106.01174068445542,106.98903966459363,-0.9772989801382153,-0.8212406998914211,50.0,48.98088133148532,58.993010246302795
20240723,5510151,577696918,105.0,105.5,104.0,105.0,1.5,2874,105.6,105.85,105.55,105.23966802303777,105.85608827146227,106.84170339314225,-0.9856151216799844,-0.8541155842491338,55.0,47.80543603917203,55.26381884392587
20240726,9267182,961631921,102.5,105.0,101.5,104.5,-0.5,3765,105.1,105.75,105.05,104.99311201535852,105.64745930662193,106.66824388253913,-1.0207845759172045,-0.887449382582748,44.11764705882352,47.25490607739674,52.59418125508282
20240729,5180793,539485700,105.5,106.0,103.5,104.0,-0.5,2707,104.6,105.6,105.125,104.66207467690569,105.39400402868009,106.47059618753623,-1.076592158856144,-0.9252779378374272,51.72413793103448,44.32378353877731,49.83738201631432
20240730,11344365,1142209561,103.0,103.0,98.4,102.0,-2.0,6148,103.8,105.1,105.0,103.77471645127046,104.87184956272931,106.1394409143854,-1.267591351656094,-0.9937406206011606,35.71428571428572,42.049189025851526,47.24131768616006
20240731,9560115,962393524,101.0,102.0,100.0,100.5,-1.5,4167,103.2,104.55,104.825,102.68314430084699,104.19925732230942,105.72170455035686,-1.5224472280474401,-1.0994819420904165,35.71428571428572,35.324459350567665,43.26903157429592
20240801,8798283,908834568,102.0,104.5,101.5,104.5,4.0,3689,103.1,104.35,104.875,103.28876286723133,104.24552542656951,105.6312079169971,-1.385682490427584,-1.15672205175785,47.05882352941176,45.89396191136745,44.14400835331976
20240802,11342018,1160756741,101.0,103.5,100.0,103.0,-1.5,4544,102.8,103.95,104.875,103.19250857815422,104.0539061301742,105.43630362684917,-1.3823974966749688,-1.201857140741274,43.24324324324324,48.42543197191937,45.57114955951963
20240805,13843093,1303225586,99.3,99.3,92.7,93.6,-9.4,8252,100.72,102.66,104.22999999999999,99.99500571876948,102.44561287937816,104.55954039523071,-2.113927515852552,-1.3842712157635297,24.621212121212125,34.53926041235726,41.89385317713217
20240806,11974694,1107441033,94.3,95.1,89.3,93.0,-0.6,7493,98.92,101.36,103.705,97.66333714584633,100.99244166716613,103.70327814373213,-2.7108364765660014,-1.6495842679240242,25.000000000000014,30.41140314915634,38.06636983447356
20240807,4162293,397551030,92.5,97.2,92.4,96.2,3.2,3783,98.06000000000002,100.63000000000001,103.215,97.17555809723089,100.25514294914058,103.14747976271494,-2.89233681357436,-1.8981347770540915,32.05574912891987,34.0467238559246,36.72648784162391
20240808,6153704,588353550,94.0,97.1,93.7,95.8,-0.4,3956,96.32000000000001,99.71000000000001,102.78,96.71703873148726,99.5697363415805,102.60322200251383,-3.033485660933337,-2.125204953829941,30.419580419580413,35.671867800157315,36.374947827801705
20240809,7405248,729441590,97.0,99.7,96.4,99.5,3.7,4473,95.62,99.21000000000001,102.47999999999999,97.64469248765818,99.55900767364503,102.37335370603132,-2.8143460323862968,-2.2630331695412123,38.9937106918239,46.14966625273645,39.63318730277995
20240812,5818303,590335283,100.0,102.5,100.0,102.0,2.5,3653,97.3,99.01,102.30499999999999,99.0964616584388,99.93454495462271,102.34569787595493,-2.411152921332217,-2.2926571198994132,44.082840236686394,58.61732136147342,45.961231989011104
20240813,4415335,452301330,103.0,104.0,101.5,102.5,0.5,3047,99.2,99.06,102.08,100.23097443895921,100.32923034621922,102.35712766292123,-2.02789731670201,-2.2397051592599326,48.42767295597484,68.0255826620349,53.316015546685705
20240814,6403857,661556530,103.5,104.0,102.0,103.5,1.0,3241,100.66,99.36,101.955,101.32064962597282,100.8170410621855,102.4417848730752,-1.6247438108897114,-2.1167128895858887,47.6038338658147,77.54993492661737,61.39398867332959
20240815,5029911,519135541,104.0,104.5,102.0,102.5,-1.0,2363,102.0,99.16,101.755,101.71376641731521,101.07595782184927,102.44609710469926,-1.3701392828499905,-1.9673981682387092,46.85534591194969,80.64732503879755,67.8117674618189
20240816,6423972,666180412,104.0,104.0,102.5,104.0,1.5,2662,102.9,99.26,101.60499999999999,102.47584427821015,101.5258104646417,102.56120102286968,-1.0353905582279879,-1.780996646236565,50.0,86.00172546446152,73.8750867960331
20240819,3582858,372577912,104.5,105.0,103.0,104.0,0.0,1793,103.3,100.3,101.47999999999999,102.98389618547344,101.90645500854298,102.66777872487934,-0.7613237163363635,-1.5770620602565248,53.24675324675326,88.02231433080503,78.59082930762375
20240820,4405568,463271364,105.5,106.0,104.5,105.0,1.0,2643,103.8,101.5,101.42999999999999,103.65593079031564,102.38238500722868,102.84053585636975,-0.4581508491410773,-1.3532798180334353,57.42574257425742,89.30484912026569,82.16216924517106
20240821,6068077,635702287,105.0,105.5,104.0,105.0,0.0,2652,104.1,102.38,101.505,104.10395386021044,102.78509500611658,103.00049616330533,-0.21540115718875086,-1.1257040858644984,50.950570342205324,89.39767719128824,84.57400522721011
20240822,5597097,581010195,105.0,105.5,103.0,104.0,-1.0,1976,104.4,103.2,101.455,104.06930257347364,102.97200346671403,103.07453348454197,-0.10253001782794513,-0.9210692722571878,51.93798449612403,81.82067368308104,83.65622804583376
20240823,2205754,228693317,103.0,104.0,102.5,104.0,0.0,1186,104.4,103.65,101.42999999999999,104.04620171564909,103.13015677952725,103.14308655976109,-0.012929780233832844,-0.7394413738525168,81.70731707317074,73.06563430723921,80.1260301329689
20240826,3018091,315133950,104.0,105.5,103.5,104.5,0.5,1588,104.5,103.9,101.455,104.19746781043273,103.34090189036921,103.24359866644545,0.09730322392375967,-0.5720924542972615,85.27607361963187,69.54375620482614,76.59860549025464
20240827,3101212,321504865,103.5,104.5,103.0,104.0,-0.5,1503,104.3,104.05,101.55499999999999,104.13164520695516,103.44230159954317,103.2996283948569,0.1426732046862753,-0.4291393225005542,78.67647058823526,63.02917080321742,72.07546059457556
20240828,2229612,231112874,104.0,104.5,103.0,104.0,0.0,1440,104.1,104.1,101.72999999999999,104.08776347130345,103.5281013534596,103.35150777301564,0.17659358044396356,-0.30799274191165066,81.06060606060606,56.30516148785923,66.81869422567011
20240829,4055151,417464364,103.0,103.5,102.5,103.0,-1.0,2389,103.9,104.15,101.655,103.72517564753564,103.44685499138889,103.32547016019967,0.12138483118921783,-0.22211722729147698,66.66666666666666,42.298679087144244,58.645355846161486
20240830,8077695,829222477,103.0,104.0,102.0,102.5,-0.5,2624,103.6,104.0,101.63,103.31678376502376,103.30118499271367,103.2643242224071,0.036860770306574864,-0.17032162777186663,52.94117647058823,32.36578605809616,49.88549925013971
20240902,3942667,409376326,103.0,104.5,102.5,103.5,1.0,2109,103.4,103.95,102.125,103.37785584334918,103.33177191691156,103.28178168741398,0.04999022949758114,-0.12625925631797708,55.55555555555556,35.862904991111726,45.211301163797046
20240903,4539727,474889345,104.5,106.0,103.5,104.0,0.5,2463,103.4,103.85,102.675,103.58523722889946,103.43457623738671,103.33498304390183,0.09959319348487838,-0.08108876635740599,52.94117647058823,40.57526999407448,43.66595744055619
20240904,12331874,1221989678,98.8,101.0,96.4,98.5,-5.5,7175,102.3,103.2,102.79,101.89015815259964,102.67541066240413,102.97683615176095,-0.30142548935681646,-0.1251561109572881,34.61538461538463,34.34184666271631,40.55792051460956
20240905,4911654,493312703,100.5,102.0,99.5,99.9,1.4,2749,101.68,102.79,102.995,101.2267721017331,102.24842440664965,102.74892236274162,-0.5004979560919764,-0.20022447998422577,34.10852713178298,35.04734221958866,38.721061082935925
20240906,4560496,455971758,99.5,101.0,99.0,100.0,0.1,2135,101.18,102.39,103.02000000000001,100.81784806782207,101.90251295947277,102.54529848402002,-0.64278552454725,-0.28873668889683063,34.61538461538463,35.86489481305909,37.769005659643646
20240909,4500945,444968284,96.0,100.5,96.0,100.0,0.0,2487,100.48,101.94,102.92,100.54523204521472,101.60981865801543,102.35675785557409,-0.7469391975586603,-0.38037719062919656,29.16666666666667,37.243263208706054,37.59375817599778
20240910,3769979,374792928,100.5,101.0,98.8,98.8,-1.2,2725,99.44000000000001,101.42,102.73499999999999,99.96348803014315,101.1775388644746,102.09329431071674,-0.9157554462421444,-0.48745284175178616,26.5151515151515,34.16217547247069,36.44989727482208
20240911,3808748,380215481,99.4,100.0,99.0,100.0,1.2,1930,99.74000000000001,101.02000000000001,102.55999999999999,99.9756586867621,100.99637903917082,101.93823547288588,-0.9418564337150599,-0.5783335601444409,35.07462686567165,36.10811698164713,36.33597051043043
20240912,5570283,561954343,102.0,102.0,99.8,100.5,0.5,3339,99.86000000000001,100.77000000000001,102.46,100.15043912450808,100.92001303314454,101.83169951193136,-0.9116864787868195,-0.6450041438729167,37.41007194244605,39.07207798776475,37.24800633620853
20240913,5187036,521298430,100.5,101.5,99.6,101.0,0.5,2055,100.06000000000002,100.62,102.31,100.4336260830054,100.93231872035308,101.77009214067719,-0.8377734203241118,-0.6835579991631557,37.41007194244605,42.71471865850983,39.07024377697563
20240916,3259601,330585010,100.5,102.0,100.5,101.5,0.5,1660,100.36000000000001,100.42,102.185,100.78908405533693,101.01965430183722,101.75008531544185,-0.7304310136046297,-0.6929326020514506,41.00719424460432,59.03203466122877,45.72417407172668
20240918,8539405,857516396,101.0,103.0,101.0,103.0,1.5,3005,101.2,100.32000000000001,102.08500000000001,101.52605603689129,101.32432287078534,101.84267158837208,-0.5183487175867469,-0.6580158251585099,46.75324675324675,72.68802310748583,54.71212375031306
20240919,7939455,811457856,102.5,105.0,102.0,103.5,0.5,2755,101.9,100.82000000000001,102.01,102.18403735792754,101.65904242912606,101.96543665590008,-0.3063942267740174,-0.5876915054816114,51.67785234899329,76.236459849435,61.886902450020365
20240920,10163480,1041729576,103.5,105.0,102.5,103.0,-0.5,2968,102.4,101.13000000000001,101.96000000000001,102.45602490528503,101.86534359387589,102.04207097768526,-0.17672738380936437,-0.505498681147162,51.67785234899329,76.75023249221591,66.84134579741888
20240923,5307448,545230649,103.5,103.5,102.0,102.5,-0.5,2187,102.7,101.38000000000001,101.885,102.47068327019002,101.9629830409719,102.07599164600487,-0.11300860503295951,-0.4270006659243215,46.527777777777786,71.05929477975684,68.24732879153153
20240924,6317667,649312602,102.0,103.5,101.5,103.0,0.5,2565,103.0,101.68,101.81,102.64712218012669,102.12252411159162,102.14443670926376,-0.021912597672141487,-0.34598305227388554,46.527777777777786,69.59508540872677,68.69658099726327
20240925,8129989,840769709,103.5,104.0,103.0,103.0,0.0,3466,103.0,102.1,101.76,102.76474812008446,102.25752040211599,102.20781176783682,0.04970863427917038,-0.2668447149632744,75.28089887640448,67.38437792680551,68.25917997377735
20240926,6849304,709473178,103.5,104.5,102.5,103.0,0.0,3539,102.9,102.4,101.71000000000001,102.84316541338964,102.37174803255968,102.26649237762668,0.10525565493300348,-0.19242464098401882,70.66666666666663,65.910572938858,67.47631096213756
20240927,4801969,498774705,104.0,104.5,103.0,104.0,1.0,2206,103.1,102.75,101.76,103.22877694225977,102.6222483352428,102.39490034965434,0.22734798558846592,-0.10847011566952187,73.8095238095238,69.86630788516459,68.27297660314656
20240930,3872698,400987179,104.0,104.5,103.0,103.0,-1.0,1812,103.2,102.95,101.785,103.15251796150652,102.68036397597467,102.43972254597624,0.2406414299984334,-0.03864780653593081,65.95744680851062,63.24420525677639,66.59671948768984
20241001,4516540,468994091,103.5,104.5,102.5,104.5,1.5,2035,103.5,103.25,101.83500000000001,103.60167864100436,102.96030797967087,102.59233569071874,0.3679722889521315,0.04267621256168166,79.38144329896907,70.73423207594615,67.97589035044194
20241004,5747508,587725960,103.0,104.0,101.5,102.0,-2.5,3446,103.3,103.15,101.735,103.06778576066958,102.81256829049074,102.54845897288773,0.26410931760301537,0.08696283356994841,59.09090909090909,51.91805947920219,62.62328006002869
20241007,4827237,491555173,102.5,102.5,101.0,102.5,0.5,2854,103.2,103.05,101.935,102.87852384044639,102.76448086118448,102.54486941934049,0.21961144184399473,0.11349255522475768,59.09090909090909,48.89775393851574,58.04810468619104
20241008,6444848,644319589,101.0,101.5,99.6,99.8,-2.7,3407,102.36,102.72999999999999,101.92999999999999,101.85234922696426,102.30840688254071,102.34154575864859,-0.03313887610788413,0.08416626895822932,45.454545454545446,33.95904684336425,50.018418738582106
20241009,4517070,454847660,101.0,101.5,100.0,100.5,0.7,2543,101.86,102.53,101.955,101.40156615130952,102.03019043907291,102.20513496171166,-0.1749445226387536,0.03234411063883274,46.268656716417915,28.761813541834698,42.93288367299964
20241011,3743571,380603642,100.5,102.5,100.5,102.5,2.0,2325,101.46000000000001,102.47999999999999,102.08,101.76771076753968,102.10246883306169,102.22697681639968,-0.12450798333799185,0.0009736918434678221,48.201438848920866,38.90243351768573,41.589400287895
20241014,3026144,307295687,102.5,103.0,100.5,102.0,-0.5,1729,101.46000000000001,102.38,102.24,101.84514051169313,102.08670439720605,102.2101637188886,-0.12345932168254592,-0.02391291086173493,44.60431654676259,42.26148629070207,41.81342895549736
20241015,7197950,747900467,102.5,105.0,102.0,104.0,2.0,3975,101.76,102.47999999999999,102.44000000000001,102.56342700779543,102.38105756686666,102.3427441841561,0.03831338271055529,-0.011467652147276887,53.24675324675326,55.334818020961876,46.32055864398553
20241016,5514023,573194517,102.5,104.5,102.5,104.5,0.5,3037,102.7,102.53,102.64000000000001,103.20895133853028,102.70704871042564,102.50254091125565,0.2045077991699884,0.03172743811617617,56.493506493506494,67.13679226088817,53.259303182953076
20241017,3838341,401074858,104.0,105.0,104.0,105.0,0.5,2593,103.6,102.72999999999999,102.84,103.8059675590202,103.05981044728323,102.68753788079226,0.3722725664909632,0.09983646379113358,56.493506493506494,78.09119484059211,61.53660040216608
20241018,4251837,444691330,105.0,106.0,104.0,104.0,-1.0,2472,103.9,102.67999999999999,102.965,103.87064503934681,103.20445499385504,102.78475729702987,0.41969769682516755,0.16380871039794037,53.04878048780488,74.9774632270614,66.01688801046453
20241021,4049044,421650057,105.0,105.0,103.5,104.0,0.0,2468,104.3,102.88,103.01500000000001,103.91376335956454,103.32684653326196,102.87477527502766,0.45207125823429806,0.22146121996521193,53.04878048780488,72.90164215137428,68.31180605743444
20241022,6021522,635810948,105.0,106.0,104.0,106.0,2.0,3674,104.7,103.22999999999999,103.14000000000001,104.60917557304303,103.73810091276012,103.10627340280338,0.6318275099567359,0.30353447796351674,55.74712643678161,81.93442810091618,72.85268007192835
20241023,4483587,464918112,105.5,105.5,103.0,103.0,-3.0,2880,104.4,103.55,103.14000000000001,104.07278371536202,103.62454692618164,103.09840129889201,0.5261456272896226,0.34805670782873793,50.0,69.77446721879261,71.82660912088309
20241024,5530552,571633728,102.5,104.5,102.5,103.0,0.0,2573,104.0,103.8,103.165,103.71518914357469,103.52846278369215,103.0911123137889,0.4373504699032509,0.3659154602436405,45.81005586592179,61.667826630710216,68.44034829082545
20241025,2333147,240582061,103.5,104.0,102.5,103.0,0.0,1691,103.8,103.85,103.165,103.47679276238313,103.44716081697028,103.08436325350824,0.3627975634620384,0.3652918808873201,53.24675324675326,49.4452177538068,62.10863811181923
20241028,2843734,292169491,103.5,104.0,102.0,102.5,-0.5,1926,103.5,103.9,103.14000000000001,103.1511951749221,103.30144376820563,103.04107708658171,0.2603666816239212,0.3443068410346404,50.0,37.13014516920453,53.78247379761433
20241029,4200791,424352278,102.0,102.0,100.5,101.0,-1.5,2526,102.5,103.6,103.04,102.43413011661474,102.94737549617399,102.88988619127936,0.05748930489463078,0.28694333380663845,54.22535211267606,27.78373314310605,45.11622691277823
20241030,6102157,608884502,101.0,101.5,99.0,99.0,-2.0,2811,101.7,103.05,102.79,101.28942007774317,102.34008695830107,102.60174647340682,-0.26165951510574814,0.17722276402416115,45.16129032258065,18.5224887620707,36.25164752920905
20241101,7859861,785392431,99.0,100.5,98.0,100.0,1.0,3186,101.1,102.55,102.64000000000001,100.85961338516212,101.9800735801009,102.40902451241372,-0.4289509323128158,0.05598802475676577,41.379310344827594,20.6816591747138,31.061651411043968
20241104,3009441,300202737,100.0,101.0,99.2,99.8,-0.2,2412,100.46000000000001,102.13,102.405,100.50640892344143,101.64467764470076,102.21576343742011,-0.5710857927193445,-0.06942673873845627,42.25352112676055,21.287772783142522,27.80369186841015
20241105,3911770,392245168,99.9,101.0,99.8,100.5,0.7,1906,100.06,101.78,102.33,100.50427261562763,101.46857339166988,102.08866984946306,-0.6200964577931813,-0.1795606825494013,36.434108527131784,25.30295963320612,26.97011445667547
20241106,4575148,459168037,100.5,101.5,99.9,100.0,-0.5,2201,99.86,101.17999999999999,102.205,100.33618174375175,101.24263902372067,101.93395356431765,-0.6913145405969772,-0.2819114541589165,32.55813953488372,27.125050011881,27.02175964174398
20241107,4337719,438323465,99.2,102.0,99.0,101.0,1.0,2407,100.26,100.97999999999999,102.265,100.5574544958345,101.20530994314827,101.86477181881264,-0.6594618756643769,-0.35742153846000857,35.07462686567165,34.750033341253996,29.59785087491398
20241108,5030830,505550976,101.0,102.0,99.8,99.8,-1.2,2665,100.22,100.66,102.23,100.30496966388968,100.98910841343314,101.71182575815985,-0.7227173447267035,-0.43048069971334757,34.55882352941177,33.16668889416931,30.78746354799909
20241111,8145332,812241261,100.0,100.5,98.8,100.0,0.2,3771,100.26,100.36,102.105,100.2033131092598,100.83693788828958,101.585023850148,-0.7480859618584219,-0.49400175214236247,35.50724637681161,38.777792596112874,33.45090656403701
20241112,6332473,628760045,99.1,99.9,98.5,99.3,-0.7,2973,100.02000000000001,100.03999999999999,101.97,99.90220873950653,100.60048590547581,101.41576282421111,-0.8152769187353073,-0.5582567854609515,23.200000000000017,36.685195064075224,34.529002730716414
20241113,6724316,662420091,98.0,99.4,97.6,98.7,-0.6,3804,99.76,99.81,101.70500000000001,99.50147249300436,100.30810345847954,101.21459520760288,-0.9064917491233473,-0.6279037781934307,28.712871287128735,32.79013004271687,33.94937850138323
20241114,17490525,1660471553,98.5,99.1,93.5,94.4,-4.3,10885,98.44,99.35,101.2,97.80098166200291,99.3991644648673,100.70981037741008,-1.3106459125427818,-0.7644522050633009,20.13888888888893,25.389498459850483,31.096085154205646
20241115,8429991,812856299,96.4,97.4,95.6,96.7,2.3,4579,97.82000000000001,99.02000000000001,100.785,97.43398777466862,98.98390839334925,100.41278738649082,-1.4288789931415664,-0.897337562678954,31.137724550898213,29.475351914410133,30.555840740940475
20241118,10065494,986315285,96.7,98.7,96.7,97.6,0.9,6456,97.34,98.8,100.465,97.48932518311243,98.77099940975705,100.20443276526927,-1.4334333555122214,-1.0045567212456075,35.67251461988303,35.72866598215575,32.28011582134557
20241119,9583742,938730933,98.5,98.6,97.0,97.8,0.2,5765,97.04,98.53,100.155,97.59288345540828,98.62161488517904,100.02632663450859,-1.4047117493295502,-1.084587726862396,39.873417721518976,40.6818557528097,35.08069579850027
20241120,8487524,824372889,97.7,98.6,96.0,96.0,-1.8,5861,96.5,98.13000000000001,99.655,97.06192230360553,98.21828951822842,99.72808021713759,-1.5097906989091712,-1.169628321271751,40.38461538461538,36.92515873716725,35.69551677805593
20241121,6526959,626281757,96.0,96.7,95.3,95.9,-0.1,2852,96.8,97.62,99.3,96.67461486907037,97.86162959234713,99.44451871957185,-1.5828891272247176,-1.2522804824623446,36.05442176870749,36.04534392001629,35.81212582537605
20241122,5305739,518168541,97.0,98.4,96.8,97.6,1.7,2929,96.98,97.4,99.03,96.98307657938025,97.82137888583219,99.30788770330726,-1.4865088174750696,-1.2991261494648896,43.20987654320986,45.38439594667748,39.00288253247653
20241125,7138034,698105955,98.5,98.9,97.5,97.5,-0.1,2185,96.96000000000001,97.15,98.75500000000001,97.15538438625352,97.77193598031954,99.17397009565487,-1.4020341153353257,-1.319707742638977,40.384615384615365,52.8551340209488,43.620299695300616
20241126,2686328,262383400,97.5,98.3,97.0,97.5,0.0,1755,96.9,96.97,98.50500000000001,97.27025625750235,97.730099675655,99.04997231079155,-1.319872635136548,-1.3197407211384913,41.72185430463574,59.0462798234897,48.76229307136364
20241127,5415274,517456795,96.9,97.3,94.7,94.7,-2.8,3657,96.64,96.57,98.19,96.41350417166824,97.263930494785,98.7277521396218,-1.4638216448367984,-1.3485569058781528,31.360946745562103,39.36418654899313,45.629590897240135
20241128,3187851,303575473,95.3,96.0,94.7,95.1,0.4,2165,96.47999999999999,96.64,97.995,95.97566944777883,96.93101811097192,98.45902975890907,-1.5280116479371486,-1.384447854289952,35.40372670807449,29.41739420726519,40.22552533391515
20241129,3776480,356960064,94.5,95.3,93.7,94.3,-0.8,1866,95.82,96.4,97.71000000000001,95.4171129651859,96.52624609389932,98.15095348047136,-1.624707386572041,-1.4324997607463699,32.93413173652689,23.4577499843306,34.63626688405363
20241202,2583212,246067561,95.1,96.1,94.8,94.8,0.5,1806,95.28,96.12,97.46000000000001,95.21140864345726,96.26066977176096,97.90273470414014,-1.642064932379185,-1.4744127950729329,36.36363636363632,22.689782040835745,30.65410526964767
20241203,8659653,813757679,95.2,95.8,93.3,93.7,-1.1,6160,94.52,95.71,97.12,94.70760576230485,95.86672057610542,97.59142102235198,-1.7247004462465583,-1.5244703253076581,35.29411764705877,17.507473741509575,26.271894760268303
20241204,8676104,810729904,93.5,94.7,92.4,94.7,1.0,4372,94.52000000000001,95.58,96.855,94.70507050820324,95.68722510285843,97.37724168736294,-1.6900165845045052,-1.5575795771470275,51.0948905109489,23.466520955878163,25.336770158804924
20241205,6196087,582572027,93.9,94.7,93.7,93.8,-0.9,3166,94.26,95.37,96.495,94.40338033880217,95.39688277934175,97.11226082163235,-1.7153780422905953,-1.5891392701757412,38.211382113821074,22.82383448340591,24.49912493367192
20241206,4954606,467187566,94.6,94.9,94.0,94.1,0.3,3258,94.22,95.02,96.21,94.30225355920145,95.19736235175071,96.88913039040033,-1.691768038649613,-1.6096650238705157,35.04273504273499,24.82040942961519,24.60621976565301
20241209,7819682,754221634,94.7,97.5,94.3,97.3,3.2,4184,94.72,95.0,96.075,95.30150237280097,95.52084506686599,96.9195651762966,-1.398720109430613,-1.5674760409825352,48.299319727891145,48.573083410593114,32.595174313966375
20241210,6186052,596421948,97.3,97.5,95.9,96.0,-1.3,3684,95.17999999999999,94.85,95.91,95.53433491520065,95.59456121042507,96.85144923731167,-1.2568880268865996,-1.5053584381633482,50.0,55.91146737176794,40.367271999900225
20241211,4316446,415145704,96.0,97.0,95.5,95.7,-0.3,2571,95.38000000000001,94.95,95.75999999999999,95.58955661013377,95.61078256266737,96.76615670121451,-1.1553741385471454,-1.4353615782401077,49.30555555555554,58.842939032159016,46.52582767731982
20241212,4183297,403484600,95.7,96.8,95.6,96.4,0.7,2629,95.9,95.08,95.86,95.85970440675585,95.73220062994932,96.73903398260603,-1.006833352656713,-1.3496559331234288,45.52238805970153,65.37241687111256,52.80802407525073
20241213,3601955,342657154,96.0,96.4,94.5,95.2,-1.2,2300,96.12,95.17,95.785,95.63980293783725,95.65032360995711,96.62503146537595,-0.974707855418842,-1.2746663175825115,42.06896551724138,61.882264842179616,55.83277099756035
20241216,6463485,603765455,95.6,95.6,92.5,92.7,-2.5,3665,95.20000000000002,94.96000000000001,95.54,94.65986862522483,95.19642766996371,96.33428839386663,-1.137860723902918,-1.2473051988465929,35.882352941176464,43.215627541845215,51.62705651232197
20241217,7049185,651198039,92.7,93.8,91.9,92.3,-0.4,4121,94.46000000000001,94.82000000000001,95.265,93.87324575014989,94.75082341304622,96.03545221654318,-1.2846288034969575,-1.2547699197766657,41.7808219178082,31.191370742182475,44.8151612556088
20241218,6774159,620416149,91.2,92.2,91.0,91.7,-0.6,4184,93.66,94.52000000000001,95.05,93.14883050009993,94.28146596488526,95.71430760791036,-1.4328416430250996,-1.2903842644263526,38.513513513513544,24.38399075119859,38.004771087472065
20241219,6406867,581449903,90.0,91.2,89.5,91.2,-0.5,3912,92.62,94.26,94.815,92.49922033339996,93.80739427797984,95.37991445176885,-1.572520173789016,-1.3468114462988854,39.31034482758623,23.339327167465733,33.116289780803285
20241220,10706033,970106484,90.0,91.6,90.0,90.3,-0.9,3380,91.64000000000001,93.88000000000001,94.45,91.7661468889333,93.26779515829064,95.00362449237856,-1.7358293340879243,-1.4246150238566933,34.899328859060404,18.892884778310474,28.375154779972345
20241223,6302900,588357394,92.0,93.8,91.9,93.5,3.2,3333,91.8,93.5,94.25,92.34409792595554,93.30351898009208,94.89224490035052,-1.5887259202584403,-1.4574372031370426,49.41176470588235,30.373034296651426,29.04111461886537
20241224,4213098,390157576,94.0,94.4,92.0,92.4,-1.1,2563,91.82000000000001,93.14,93.99499999999999,92.36273195063703,93.16451606007791,94.70763416699123,-1.5431181069133117,-1.4745733838922965,43.274853801169606,33.49069866352107,30.524309300417272
20241225,2750930,255189667,92.9,93.2,92.3,92.8,0.4,1466,92.03999999999999,92.85,93.9,92.50848796709136,93.10843666621977,94.56632793239929,-1.4578912661795158,-1.4712369603497404,46.98795180722891,38.2691614278546,33.105926676229714
20241226,2344436,219280219,93.5,93.8,92.9,93.8,1.0,1581,92.56,92.59,93.83500000000001,92.93899197806091,93.21483102526288,94.50956290036972,-1.2947318751068337,-1.4359359433011591,49.13294797687862,49.01004204479925,38.40729846575289
