Date,Volume,Open,High,Low,Close
20150212,117194000,28.99,29.58,28.84,29.46
20150213,50649810,29.38,29.50,29.11,29.43
20150217,34213850,29.26,29.35,29.03,29.31
20150218,24496640,29.19,29.55,29.12,29.49
20150219,21465410,29.31,29.39,29.13,29.31
20150220,25980700,29.35,29.66,29.155,29.61
20150223,24020300,29.63,29.65,29.42,29.63
20150224,18474040,29.56,29.71,29.43,29.63
20150225,17275100,29.44,29.57,29.32,29.49
20150226,28285310,29.52,29.99,29.52,29.91
20150227,29113520,29.89,29.91,29.38,29.51
20150302,35882050,29.36,30.31,29.34,30.19
20150303,32968250,30.10,30.12,29.47,29.54
20150304,32843270,29.35,29.52,29.11,29.33
20150305,17980610,29.47,29.49,29.12,29.30
20150306,27033290,29.11,29.27,28.80,28.925
20150309,23006420,28.90,29.45,28.76,29.36
20150310,26521320,29.15,29.17,28.66,28.66
20150311,25150880,28.68,28.76,28.21,28.26
20150312,22956980,28.05,28.54,28.05,28.24
20150313,36506350,28.02,28.26,27.565,27.94
20150316,25170010,28.10,28.38,28.04,28.30
20150317,21873200,28.19,28.28,27.95,28.15
20150318,34893060,27.88,28.34,27.72,28.15
20150319,27949390,28.10,28.54,28.03,28.26
20150320,37577500,28.45,28.62,28.32,28.44
20150323,23477180,28.44,28.69,28.36,28.405
20150324,23185330,28.29,28.57,27.99,28.00
20150325,27136580,27.92,28.09,27.46,27.46
20150326,48916710,27.19,27.305,26.62,27.09
20150327,20462430,27.07,27.21,26.94,27.13
20150330,29054510,27.22,27.75,27.22,27.65
20150331,29257700,27.34,27.69,27.28,27.525
20150401,22413230,27.31,27.638,27.10,27.25
20150402,19519600,27.22,27.50,27.13,27.13
20150406,19968330,26.96,27.32,26.84,27.22
20150407,16833120,27.20,27.56,27.13,27.39
20150408,19059800,27.37,27.66,27.37,27.55
20150409,16683730,27.59,27.74,27.42,27.625
20150410,24628930,27.58,28.08,27.56,28.04
20150413,22766810,27.99,28.28,27.94,27.98
20150414,19295130,28.00,28.06,27.68,27.81
20150415,31152980,28.10,28.42,27.97,28.25
20150416,29820260,28.19,28.638,28.10,28.60
20150417,36890760,28.26,28.40,27.90,27.915
20150420,21899980,28.16,28.63,28.16,28.48
20150421,23944540,28.72,28.92,28.66,28.69
20150422,19111630,28.67,28.79,28.42,28.62
20150423,22198060,28.40,28.82,28.20,28.675
20150424,27128470,29.19,29.28,28.67,28.82
20150427,22952010,28.88,29.03,28.71,28.89
20150428,24299770,28.80,29.33,28.76,29.32
20150429,22416330,29.06,29.25,28.90,29.05
20150430,26488650,28.85,29.015,28.68,28.83
20150501,18902730,28.81,29.20,28.78,29.13
20150504,16459200,29.08,29.36,29.07,29.17
20150505,22460440,29.17,29.21,28.835,28.89
20150506,23554620,28.90,29.075,28.69,28.97
20150507,22643670,28.99,29.12,28.7401,28.805
20150508,22561150,28.99,29.37,28.99,29.23
20150511,26977880,29.50,29.79,29.20,29.21
20150512,31745210,29.07,29.44,28.80,29.23
20150513,38056970,29.14,29.465,29.13,29.35
20150514,56654900,29.29,29.66,28.965,29.05
20150515,37631200,29.24,29.82,29.16,29.55
20150518,23906440,29.42,29.90,29.42,29.76
20150519,18630060,29.87,29.90,29.63,29.735
20150520,19384460,29.80,29.85,29.53,29.62
20150521,20784330,29.61,29.765,29.43,29.43
20150522,19335450,29.39,29.45,29.26,29.26
20150526,25840010,29.19,29.25,28.75,28.95
20150527,23955830,29.06,29.48,29.02,29.31
20150528,18202260,29.34,29.56,29.16,29.35
20150529,26017970,29.32,29.59,29.19,29.31
20150601,23757140,29.60,29.62,29.05,29.18
20150602,15979570,29.09,29.27,28.95,29.08
20150603,20535560,29.21,29.295,29.05,29.09
20150604,26229690,28.90,29.10,28.54,28.61
20150605,25334760,28.55,28.71,28.49,28.58
20150608,19002630,28.67,28.70,28.23,28.275
20150609,15514500,28.27,28.42,28.01,28.24
20150610,26221740,28.47,28.91,28.27,28.66
20150611,24364470,28.75,29.22,28.75,28.86
20150612,21899010,28.66,28.67,28.31,28.54
20150615,25721260,28.23,28.52,28.11,28.48
20150616,16879460,28.35,28.79,28.28,28.71
20150617,20874460,28.84,29.04,28.66,28.93
20150618,24130520,28.85,29.35,28.82,29.21
20150619,31809460,29.24,29.32,28.94,29.03
20150622,20148490,29.10,29.215,28.82,28.94
20150623,21018890,29.00,29.036,28.62,28.785
20150624,20964410,28.79,28.85,28.49,28.51
20150625,14586210,28.56,28.65,28.38,28.40
20150626,28070220,28.49,28.49,28.01,28.28
20150629,31684570,27.99,28.11,27.50,27.54
20150630,31218250,27.83,27.83,27.33,27.46
20150701,24458720,27.42,27.50,27.07,27.35
20150702,15619600,27.37,27.57,27.29,27.33
20150706,22832860,27.00,27.26,26.89,27.22
20150707,25212360,27.22,27.45,26.885,27.36
20150708,27829350,27.08,27.16,26.84,26.99
20150709,20107090,27.38,27.45,26.90,26.91
20150710,16079830,27.27,27.36,27.04,27.28
20150713,20610050,27.49,27.80,27.42,27.79
20150714,20909560,27.87,28.04,27.70,28.03
20150715,23377630,27.86,28.24,27.81,28.11
20150716,21046690,28.24,28.42,28.21,28.32
20150717,24239620,28.27,28.31,27.965,28.18
20150720,19475790,28.13,28.16,27.88,28.03
20150721,23723600,27.96,28.25,27.79,27.84
20150722,26820730,27.83,28.06,27.44,27.53
20150723,34040710,27.70,28.25,27.575,28.01
20150724,39464910,28.45,28.77,28.38,28.40
20150727,30914080,28.31,28.56,28.19,28.21
20150728,23558610,28.34,28.35,27.85,28.21
20150729,21419630,28.20,28.52,28.02,28.40
20150730,17457980,28.22,28.46,28.20,28.30
20150731,20375690,28.39,28.56,28.16,28.42
20150803,17292660,28.41,28.59,28.11,28.36
20150804,18548430,28.22,28.46,27.89,28.03
20150805,19061130,28.11,28.60,28.10,28.27
20150806,20119440,28.37,28.67,28.00,28.21
20150807,16025640,28.17,28.23,27.90,28.15
20150810,23704130,28.48,28.70,28.27,28.59
20150811,25381510,28.24,28.39,27.85,28.02
20150812,41915960,27.80,28.10,27.41,27.90
20150813,61071330,28.78,29.205,28.69,28.70
20150814,24828340,28.78,29.05,28.75,29.03
20150817,21231050,28.65,28.965,28.51,28.825
20150818,32173920,28.71,28.72,28.18,28.25
20150819,30002420,28.10,28.24,27.72,27.80
20150820,37754270,27.56,27.75,27.04,27.04
20150821,48409470,26.88,27.34,26.47,26.47
20150824,61086770,24.89,26.08,23.03,25.19
20150825,40535200,25.94,25.99,24.60,24.62
20150826,54673970,25.28,25.74,24.705,25.68
20150827,36409200,26.00,26.19,25.61,26.17
20150828,26892080,25.91,26.05,25.82,26.00
20150831,32372130,25.94,26.11,25.74,25.88
20150901,32701780,25.22,25.62,25.01,25.12
20150902,27883300,25.59,25.66,25.08,25.65
20150903,27828400,25.88,26.15,25.73,25.90
20150904,26819170,25.42,25.65,25.35,25.52
20150908,20931980,25.98,26.33,25.91,26.30
20150909,24982390,26.50,26.73,25.88,25.94
20150910,26342930,25.90,26.49,25.845,26.26
20150911,21504610,26.00,26.18,25.81,26.02
20150914,18636230,26.15,26.17,25.66,25.70
20150915,20440050,25.56,26.08,25.56,25.98
20150916,21178480,26.07,26.10,25.85,26.07
20150917,25153040,25.96,26.28,25.81,25.88
20150918,39843480,25.57,25.74,25.25,25.54
20150921,21883400,25.45,25.82,25.35,25.54
20150922,21303690,25.06,25.21,24.97,25.14
20150923,18801660,25.22,25.31,25.01,25.28
20150924,35597030,25.09,25.50,24.92,25.41
20150925,37591150,25.81,26.295,25.80,26.025
20150928,27073520,25.83,26.02,25.59,25.66
20150929,27080930,25.64,25.93,25.56,25.64
20150930,32093340,26.00,26.38,25.88,26.25
20151001,26906550,26.05,26.155,25.55,25.73
20151002,34847910,25.40,25.79,25.34,25.76
20151005,30197340,26.04,26.98,25.97,26.85
20151006,34594020,27.03,27.47,26.98,27.23
20151007,29689480,27.52,27.95,27.00,27.54
20151008,22421390,27.51,28.02,27.43,27.91
20151009,22105150,28.01,28.15,27.8241,27.91
20151012,14399360,27.93,28.10,27.76,27.96
20151013,15105990,27.75,27.95,27.74,27.85
20151014,20143960,27.75,27.90,27.59,27.82
20151015,18889880,28.10,28.19,27.87,28.15
20151016,19947600,28.34,28.35,28.00,28.25
20151019,20777910,28.12,28.29,27.94,28.25
20151020,20304410,28.20,28.52,28.15,28.50
20151021,19113660,28.60,28.82,28.22,28.28
20151022,32079700,28.56,29.21,28.50,29.01
20151023,26037930,29.02,29.38,28.93,29.35
20151026,20309650,29.32,29.49,28.88,28.95
20151027,19473490,28.72,29.06,28.58,29.05
20151028,23715170,29.29,29.45,29.04,29.36
20151029,16683470,29.15,29.21,28.93,29.14
20151030,22286860,29.00,29.25,28.85,28.85
20151102,28853230,28.87,28.87,28.51,28.77
20151103,30554460,28.61,28.71,28.49,28.61
20151104,28580400,28.79,28.82,28.37,28.47
20151105,21977470,28.50,28.61,28.291,28.43
20151106,26093880,28.31,28.55,28.16,28.45
20151109,25854080,28.35,28.49,28.00,28.18
20151110,26700500,28.18,28.215,27.90,27.98
20151111,30784030,28.10,28.10,27.75,27.82
20151112,37972010,27.74,28.07,27.72,27.83
20151113,94543240,26.29,26.68,25.82,26.21
20151116,44902370,26.07,26.995,26.06,26.79
20151117,30396120,26.80,27.27,26.68,26.81
20151118,26950950,27.00,27.155,26.725,27.12
20151119,27394270,27.10,27.65,27.05,27.37
20151120,26480760,27.59,27.78,27.46,27.57
20151123,24684760,27.65,27.84,27.34,27.43
20151124,32842460,27.25,27.44,27.00,27.27
20151125,22472720,27.32,27.39,27.00,27.24
20151127,9532251,27.25,27.48,27.24,27.32
20151130,28878320,27.34,27.48,27.20,27.25
20151201,31387030,27.20,27.65,27.20,27.57
20151202,29051650,27.49,27.90,27.37,27.44
20151203,25783370,27.63,27.69,26.82,26.95
20151204,28143680,26.95,27.55,26.95,27.48
20151207,15326730,27.56,27.56,27.26,27.49
20151208,18635550,27.17,27.29,27.02,27.15
20151209,24123200,26.96,27.35,26.66,26.73
20151210,23343830,26.74,27.04,26.66,26.77
20151211,34266980,26.49,26.4901,26.125,26.16
20151214,32717210,26.30,26.52,25.96,26.49
20151215,30290470,26.72,27.11,26.61,26.85
20151216,22701050,27.00,27.29,26.68,27.235
20151217,24793470,27.285,27.31,26.70,26.72
20151218,36583980,26.60,26.82,26.26,26.27
20151221,20210400,26.58,26.65,26.41,26.635
20151222,18937940,26.85,26.90,26.555,26.89
20151223,18786390,27.04,27.41,27.00,27.40
20151224,8202379,27.41,27.55,27.37,27.38
20151228,14169670,27.30,27.37,27.13,27.31
20151229,16297330,27.44,27.82,27.40,27.77
20151230,10620330,27.66,27.77,27.52,27.53
20151231,17040080,27.38,27.4499,27.14,27.155
20160104,35761830,26.39,26.42,25.88,26.41
20160105,21994490,26.54,26.66,26.18,26.29
20160106,30769190,26.08,26.14,25.82,26.01
20160107,43224890,25.49,25.74,25.12,25.41
20160108,28544150,25.55,25.63,24.72,24.78
20160111,32224540,24.93,25.345,24.93,25.27
20160112,30067560,25.51,25.57,25.03,25.35
20160113,33287040,25.42,25.52,24.57,24.60
20160114,42824750,24.69,24.90,24.46,24.66
20160115,64052030,23.93,24.43,23.57,23.62
20160119,52531010,23.80,24.03,23.59,23.85
20160120,83484960,23.40,23.51,22.47,22.90
20160121,46263130,23.09,23.45,22.87,22.90
20160122,55045720,23.60,23.64,22.99,23.37
20160125,64065200,23.38,23.515,23.14,23.17
20160126,25160120,23.24,23.851,23.24,23.72
20160127,24648490,23.69,23.90,23.295,23.43
20160128,31830340,23.73,23.79,22.98,23.105
20160129,39635710,23.40,23.80,23.20,23.79
20160201,24005060,23.46,23.57,23.23,23.48
20160202,36195830,23.23,23.25,22.73,22.83
20160203,32229540,23.09,23.18,22.58,23.10
20160204,29255500,23.17,23.57,22.93,23.54
20160205,32613280,23.51,23.66,22.81,22.89
20160208,38841700,22.63,23.02,22.48,22.93
20160209,30201550,22.60,22.86,22.53,22.65
20160210,36761570,23.13,23.13,22.46,22.51
20160211,92684060,24.09,24.97,24.09,24.68
20160212,49730750,24.89,25.36,24.52,25.11
20160216,40398290,25.27,25.98,25.19,25.84
20160217,36899100,26.17,26.59,26.08,26.46
20160218,31281850,26.4405,26.5768,26.28,26.43
20160219,28790140,26.27,26.56,26.25,26.55
20160222,24607870,26.87,26.9132,26.42,26.63
20160223,28074320,26.54,26.54,26.0646,26.12
20160224,22939200,25.89,26.33,25.65,26.32
20160225,18637050,26.49,26.60,26.20,26.60
20160226,18095020,26.80,26.85,26.32,26.41
20160229,24762480,26.42,26.65,26.15,26.18
20160301,25231510,26.45,26.93,26.235,26.83
20160302,19024740,26.80,26.91,26.60,26.90
20160303,18999840,26.95,26.97,26.59,26.87
20160304,19423550,26.915,26.96,26.67,26.80
20160307,21545950,26.58,27.18,26.33,27.14
20160308,23797180,26.97,27.299,26.69,27.05
20160309,38871080,27.24,27.80,27.12,27.61
20160310,33322320,27.76,27.98,27.03,27.38
20160311,21870880,27.82,27.91,27.67,27.86
20160314,18290920,27.82,27.86,27.60,27.70
20160315,16914610,27.48,27.69,27.45,27.66
20160316,19086740,27.52,27.945,27.51,27.88
20160317,28486760,27.92,28.44,27.87,28.19
20160318,43130650,28.23,28.38,27.97,28.33
20160321,23787100,28.10,28.35,28.04,28.19
20160322,23585280,28.20,28.38,27.90,28.28
20160323,19215090,28.26,28.275,27.73,27.83
20160324,15871500,27.77,28.005,27.59,27.96
20160328,12785470,27.99,28.025,27.785,27.90
20160329,17139210,27.87,28.19,27.69,28.10
20160330,19368160,28.34,28.68,28.26,28.46
20160331,18376960,28.53,28.67,28.35,28.47
20160401,23001710,28.30,28.70,28.1238,28.69
20160404,17580030,28.37,28.41,28.01,28.14
20160405,24245540,27.64,27.83,27.46,27.58
20160406,20361650,27.70,28.04,27.62,28.00
20160407,17012930,27.90,27.90,27.53,27.60
20160408,14071420,27.71,27.945,27.58,27.69
20160411,18754620,27.88,28.18,27.61,27.62
20160412,27283670,27.14,27.66,26.95,27.64
20160413,25424540,27.96,28.28,27.72,28.23
20160414,15037720,28.38,28.40,28.10,28.25
20160415,23783970,28.10,28.13,27.73,27.90
20160418,15762040,27.90,28.25,27.80,28.19
20160419,20290610,28.33,28.44,28.20,28.33
20160420,19911840,28.40,28.68,28.255,28.44
20160421,17334410,28.42,28.51,28.16,28.24
20160422,23133560,28.30,28.55,28.07,28.15
20160425,16432960,28.11,28.28,27.98,28.23
20160426,18142850,28.27,28.49,28.215,28.45
20160427,20927430,28.44,28.65,28.31,28.64
20160428,29608630,28.45,28.59,27.79,27.96
20160429,33860190,27.72,27.83,27.14,27.49
20160502,27340610,27.48,27.52,27.20,27.37
20160503,35314790,27.16,27.19,26.61,26.86
20160504,32848840,26.80,26.82,26.28,26.44
20160505,23081590,26.455,26.57,26.21,26.21
20160506,25610880,26.19,26.535,25.805,26.53
20160509,16959910,26.52,26.68,26.39,26.51
20160510,22641660,26.67,27.10,26.51,27.03
20160511,19322130,27.09,27.11,26.68,26.70
20160512,19679920,26.81,26.81,26.41,26.67
20160513,20762160,26.55,26.89,26.46,26.53
20160516,20884470,26.571,27.12,26.56,26.97
20160517,25907240,26.90,27.0601,26.55,26.65
20160518,32141220,26.61,26.96,26.485,26.72
20160519,50117910,27.99,28.29,27.40,27.57
20160520,32680460,27.63,28.15,27.62,27.97
20160523,19815960,27.78,28.25,27.78,27.94
20160524,26490870,28.01,28.58,28.01,28.47
20160525,25723080,28.58,29.00,28.52,28.92
20160526,19365060,28.86,29.04,28.795,28.90
20160527,16650070,28.95,29.035,28.79,28.92
20160531,28575400,28.80,29.08,28.76,29.05
20160601,22237240,28.84,29.04,28.80,28.90
20160602,19508360,28.98,29.15,28.92,29.08
20160603,18675650,29.13,29.21,28.90,29.13
20160606,16144740,29.07,29.41,29.06,29.10
20160607,21566330,28.90,29.35,28.82,29.07
20160608,17772330,29.09,29.27,29.06,29.14
20160609,18321800,28.97,29.19,28.83,29.14
20160610,18244190,28.79,29.03,28.77,29.03
20160613,17160040,28.97,29.19,28.82,28.84
20160614,19277320,28.66,29.00,28.63,28.96
20160615,30683060,28.49,28.86,28.405,28.65
20160616,17441150,28.38,28.92,28.37,28.87
20160617,32318640,28.88,29.00,28.69,28.95
20160620,22068700,29.04,29.22,28.78,28.80
20160621,19096750,28.97,29.00,28.73,28.77
20160622,18272060,28.87,29.08,28.68,28.72
20160623,19354200,29.03,29.225,28.96,29.22
20160624,44330820,28.16,28.57,27.70,27.75
20160627,30025240,27.48,27.55,27.13,27.31
20160628,24641640,27.55,27.85,27.50,27.79
20160629,25589980,28.13,28.33,27.90,28.26
20160630,25182600,28.38,28.69,28.07,28.69
20160701,20899110,28.78,28.93,28.59,28.80
20160705,22116570,28.23,28.615,28.22,28.33
20160706,24843840,28.45,28.77,28.17,28.72
20160707,17395210,28.72,28.90,28.61,28.74
20160708,24646250,28.91,29.28,28.88,29.26
20160711,21688010,29.34,29.70,29.26,29.43
20160712,22137610,29.72,29.74,29.52,29.61
20160713,18023570,29.72,29.83,29.58,29.75
20160714,19330290,29.84,29.99,29.64,29.76
20160715,17794570,29.93,29.95,29.66,29.82
20160718,17372020,29.75,29.995,29.74,29.91
20160719,18492760,29.91,30.01,29.77,29.92
20160720,50128940,30.04,30.69,29.98,30.63
20160721,21580930,30.64,30.72,30.37,30.58
20160722,19350050,30.70,30.87,30.54,30.71
20160725,15172190,30.67,30.83,30.63,30.79
20160726,21323530,30.80,31.15,30.71,30.88
20160727,22699160,30.95,30.97,30.66,30.76
20160728,22443050,30.65,30.74,30.37,30.52
20160729,23781470,30.60,30.69,30.47,30.53
20160801,22424350,30.70,30.75,30.36,30.73
20160802,24482410,30.82,30.82,30.395,30.62
20160803,15960960,30.51,30.74,30.51,30.72
20160804,18520200,30.78,30.91,30.71,30.80
20160805,18836710,30.90,31.07,30.69,31.04
20160808,19019910,31.00,31.19,30.86,31.01
20160809,19142890,31.11,31.245,30.84,30.94
20160810,16657280,31.01,31.13,30.74,30.85
20160811,24019930,30.95,31.02,30.86,30.95
20160812,13426030,30.92,30.99,30.80,30.87
20160815,21931340,30.98,31.24,30.89,31.19
20160816,23363100,31.22,31.23,30.98,31.12
20160817,54715910,30.97,30.9701,30.33,30.72
20160818,48656960,30.41,30.67,30.06,30.48
20160819,25117460,30.37,30.65,30.24,30.52
20160822,28645230,30.44,30.78,30.37,30.63
20160823,23489340,30.83,31.06,30.79,30.98
20160824,24460420,30.98,31.20,30.95,31.06
20160825,22915650,31.06,31.39,31.02,31.29
20160826,21089920,31.34,31.66,31.19,31.35
20160829,21049980,31.43,31.70,31.41,31.58
20160830,17782180,31.61,31.66,31.4144,31.54
20160831,20418490,31.45,31.58,31.25,31.44
20160901,15964090,31.42,31.64,31.26,31.58
20160902,18144570,31.65,31.95,31.65,31.83
20160906,17627880,31.93,31.94,31.70,31.87
20160907,14049810,31.79,31.9336,31.75,31.79
20160908,19867760,31.72,31.75,31.415,31.47
20160909,25379810,31.14,31.34,30.85,30.85
20160912,22551300,30.61,31.495,30.60,31.44
20160913,23578250,31.26,31.35,30.90,31.06
20160914,24347960,31.01,31.225,30.805,31.00
20160915,25993400,30.63,31.39,30.61,31.31
20160916,37364950,31.12,31.14,30.70,30.84
20160919,16817940,30.85,31.25,30.82,31.02
20160920,15878660,31.08,31.22,31.04,31.10
20160921,21150600,31.11,31.38,30.97,31.36
20160922,20220880,31.50,31.80,31.49,31.66
20160923,20396720,31.71,31.80,31.31,31.34
20160926,20360660,31.10,31.16,30.79,31.07
20160927,17989390,31.09,31.61,30.96,31.48
20160928,15815550,31.44,31.59,31.3624,31.50
20160929,15383020,31.51,31.57,31.25,31.39
20160930,30065610,31.61,31.80,31.56,31.72
20161003,14055180,31.31,31.58,31.20,31.50
20161004,18445810,31.46,31.63,31.15,31.35
20161005,11760100,31.41,31.68,31.41,31.59
20161006,14049690,31.57,31.63,31.21,31.48
20161007,13071840,31.48,31.60,31.23,31.47
20161010,12730130,31.54,31.68,31.44,31.47
20161011,19357340,31.52,31.53,30.85,31.04
20161012,36856250,30.53,30.63,29.94,30.34
20161013,24260860,30.09,30.25,29.86,30.17
20161014,20541100,30.35,30.55,30.16,30.18
20161017,13957020,30.13,30.42,30.10,30.22
20161018,14434360,30.69,30.69,30.43,30.44
20161019,14809130,30.44,30.45,30.19,30.35
20161020,17295040,30.28,30.3736,30.04,30.16
20161021,15119660,30.01,30.20,29.92,30.15
20161024,14084340,30.341,30.50,30.30,30.46
20161025,15226950,30.50,30.51,30.23,30.34
20161026,17988710,30.59,30.86,30.32,30.55
20161027,16905280,30.595,30.67,30.355,30.38
20161028,19921200,30.36,30.80,30.35,30.59
20161031,23225250,30.34,30.77,30.32,30.68
20161101,17508320,30.85,30.86,30.23,30.48
20161102,19151160,30.43,30.68,30.23,30.39
20161103,15917790,30.50,30.56,30.24,30.32
20161104,18501660,29.98,30.495,29.63,30.19
20161107,23006160,30.71,31.06,30.61,30.94
20161108,19395500,30.94,31.195,30.725,31.00
20161109,38539660,31.04,31.49,30.70,31.36
20161110,38310820,31.41,31.76,30.81,31.00
20161111,23112370,30.93,31.47,30.92,31.36
20161114,22915860,31.43,31.67,31.35,31.37
20161115,24123140,31.27,31.85,31.27,31.70
20161116,26766990,31.62,31.89,31.51,31.57
20161117,75111620,29.91,30.05,29.61,30.05
20161118,38473050,30.11,30.36,30.005,30.18
20161121,27479020,30.30,30.33,30.01,30.05
20161122,26749840,30.08,30.19,29.85,29.89
20161123,24474820,29.83,29.95,29.56,29.71
20161125,17678860,29.60,30.145,29.55,30.09
20161128,21344630,30.08,30.09,29.82,29.92
20161129,23528350,29.94,30.10,29.79,29.83
20161130,26202860,29.76,29.95,29.68,29.82
20161201,25994460,29.84,29.85,29.40,29.45
20161202,27031950,29.31,29.56,29.12,29.25
20161205,20828650,29.33,29.60,29.29,29.53
20161206,27351220,29.42,29.59,29.24,29.33
20161207,30124320,29.48,30.04,29.32,29.95
20161208,21369810,30.11,30.33,29.92,29.95
20161209,21350030,29.98,30.07,29.73,30.06
20161212,17278880,30.08,30.20,30.025,30.17
20161213,24655770,30.30,30.64,30.20,30.59
20161214,27462640,30.60,31.065,30.41,30.46
20161215,20876050,30.59,30.80,30.505,30.63
20161216,45873060,30.70,30.72,30.2705,30.59
20161219,18167740,30.65,30.87,30.535,30.75
20161220,17474350,30.83,30.87,30.455,30.56
20161221,14459250,30.69,30.69,30.41,30.42
20161222,12925410,30.40,30.48,30.25,30.46
20161223,9167542,30.54,30.60,30.40,30.53
20161227,14155380,30.64,30.82,30.60,30.68
20161228,11823410,30.70,30.77,30.35,30.42
20161229,10983880,30.37,30.55,30.33,30.46
20161230,20186910,30.56,30.60,30.13,30.22
20170103,22343810,30.37,30.56,30.21,30.54
20170104,22217840,30.235,30.42,30.02,30.10
20170105,18372100,30.10,30.355,30.07,30.17
20170106,15915550,30.17,30.35,30.03,30.23
20170109,17178280,30.22,30.33,30.08,30.18
20170110,21045940,30.19,30.55,30.10,30.38
20170111,22290740,30.33,30.41,30.03,30.15
20170112,18610450,30.15,30.155,29.80,30.04
20170113,15834080,30.10,30.22,30.01,30.07
20170117,21953660,30.00,30.25,29.84,29.99
20170118,15690490,30.12,30.18,29.95,30.03
20170119,16865730,30.01,30.19,29.915,29.98
20170120,22729770,30.12,30.25,30.00,30.10
20170123,17155100,30.14,30.30,30.085,30.27
20170124,24927000,30.34,30.75,30.29,30.60
20170125,25038970,31.04,31.05,30.65,30.70
20170126,20114790,30.76,30.84,30.56,30.74
20170127,18424200,30.76,30.98,30.63,30.98
20170130,15479860,30.94,30.995,30.63,30.83
20170131,16592510,30.68,30.89,30.58,30.72
20170201,19504000,30.847,30.847,30.42,30.50
20170202,27427400,30.69,31.26,30.525,31.18
20170203,21287910,31.27,31.35,31.12,31.32
20170206,16696610,31.29,31.305,31.12,31.30
20170207,18391940,31.38,31.6399,31.33,31.45
20170208,20432280,31.46,31.55,31.25,31.27
20170209,18706650,31.35,31.69,31.30,31.50
20170210,19623990,31.48,31.63,31.24,31.51
20170213,26359010,31.67,31.995,31.55,31.97
20170214,31446650,31.90,32.31,31.77,32.31
20170215,40837190,32.35,32.84,32.29,32.82
20170216,49981300,33.26,33.97,33.25,33.60
20170217,31447050,33.52,33.77,33.43,33.74
20170221,26989410,33.69,34.21,33.66,34.13
20170222,26617090,34.04,34.1485,33.66,34.09
20170223,17449140,34.28,34.28,33.95,34.04
20170224,21114280,33.98,34.32,33.80,34.32
20170227,15603870,34.21,34.32,34.12,34.26
20170228,23089670,34.16,34.2869,34.04,34.18
20170301,22741300,34.28,34.51,34.18,34.44
20170302,16086690,34.41,34.53,34.21,34.39
20170303,14190590,34.42,34.44,34.23,34.29
20170306,17602120,34.04,34.28,33.96,34.19
20170307,21026300,34.00,34.25,33.99,34.20
20170308,18662980,34.18,34.23,33.93,34.02
20170309,17463260,34.04,34.11,33.87,34.07
20170310,19016620,34.24,34.295,34.08,34.26
20170313,15692390,34.22,34.33,34.00,34.10
20170314,14578010,33.94,34.14,33.84,34.12
20170315,14960180,34.07,34.35,34.05,34.24
20170316,14485740,34.25,34.48,34.10,34.23
20170317,26488790,34.35,34.38,34.19,34.23
20170320,14762350,34.20,34.385,34.20,34.28
20170321,21221130,34.45,34.47,33.7801,33.88
20170322,16576300,33.78,34.20,33.78,34.10
20170323,16691710,34.08,34.26,33.91,33.96
20170324,18094700,34.07,34.30,33.95,34.08
20170327,17729530,33.82,34.03,33.75,33.99
20170328,21158890,33.90,34.21,33.82,34.02
20170329,16481430,34.00,34.05,33.65,33.74
20170330,12785480,33.80,33.9255,33.72,33.74
20170331,14020070,33.72,33.88,33.66,33.80
20170403,19362900,33.70,33.94,33.46,33.58
20170404,18345760,33.25,33.42,32.93,33.41
20170405,17493510,33.49,33.53,32.97,33.00
20170406,15264170,33.00,33.28,32.89,33.08
20170407,13928170,33.10,33.15,32.92,32.96
20170410,14808560,32.96,33.22,32.87,33.01
20170411,18942530,33.04,33.08,32.635,32.92
20170412,25454860,32.86,32.96,32.50,32.62
20170413,16093500,32.71,32.85,32.42,32.42
20170417,11854520,32.48,32.67,32.45,32.61
20170418,13346300,32.56,32.73,32.45,32.67
20170419,16368770,32.80,32.89,32.61,32.65
20170420,11913310,32.79,32.95,32.72,32.83
20170421,13844370,32.94,32.94,32.67,32.82
20170424,15379640,33.24,33.36,33.13,33.28
20170425,15012310,33.39,33.52,33.35,33.42
20170426,17791010,33.58,33.63,33.37,33.40
20170427,26636090,34.01,34.11,33.62,33.75
20170428,20433270,33.88,34.075,33.67,34.07
20170501,13525760,34.11,34.14,33.81,33.97
20170502,14521080,34.06,34.24,33.93,34.24
20170503,14415910,34.16,34.335,34.12,34.25
20170504,13638570,34.33,34.49,34.07,34.18
20170505,15052550,34.25,34.40,34.07,34.39
20170508,13232660,34.46,34.60,34.15,34.29
20170509,18837550,34.14,34.255,33.84,33.90
20170510,17458530,33.90,33.90,33.58,33.74
20170511,17500570,33.72,33.82,33.48,33.63
20170512,20182380,33.60,33.62,33.14,33.45
20170515,31345500,34.00,34.46,33.9723,34.23
20170516,18765740,34.24,34.33,34.035,34.30
20170517,38266800,34.20,34.31,33.80,33.82
20170518,85416440,31.10,31.51,30.37,31.38
20170519,39781620,31.74,31.78,31.015,31.21
20170522,35013480,31.15,31.98,31.15,31.59
20170523,29698500,31.83,31.87,31.52,31.76
20170524,23500070,31.93,31.94,31.22,31.49
20170525,21567460,31.55,31.69,31.37,31.44
20170526,16363130,31.51,31.59,31.36,31.50
20170530,17034990,31.40,31.81,31.39,31.68
20170531,30182950,31.78,31.89,31.465,31.53
20170601,15514410,31.52,31.82,31.47,31.82
20170602,20084010,31.93,32.06,31.68,31.98
20170605,15961230,32.05,32.05,31.57,31.76
20170606,16147330,31.75,31.76,31.50,31.56
20170607,14924200,31.61,31.72,31.44,31.61
20170608,21735610,31.53,31.81,31.52,31.61
20170609,25364420,31.64,31.83,31.085,31.37
20170612,25764390,31.34,31.64,31.15,31.25
20170613,27558170,31.30,31.80,31.28,31.70
20170614,24917050,31.87,31.97,31.33,31.60
20170615,19314930,31.25,31.64,31.22,31.58
20170616,36090670,31.61,31.64,31.20,31.63
20170619,18213840,31.77,32.02,31.581,31.99
20170620,18188390,31.94,32.16,31.84,31.85
20170621,20385840,31.73,31.87,31.51,31.84
20170622,19434000,31.91,32.00,31.70,31.85
20170623,25772870,31.85,32.30,31.75,32.09
20170626,22172310,32.22,32.50,32.18,32.24
20170627,23219920,32.09,32.26,31.76,31.76
20170628,17729590,31.78,32.275,31.76,32.08
20170629,27660230,31.79,32.025,31.25,31.41
20170630,23524400,31.79,31.79,31.30,31.30
20170703,14111990,31.09,31.64,31.03,31.33
20170705,24268900,30.85,31.27,30.73,31.11
20170706,20784780,30.99,31.02,30.67,30.72
20170707,15229350,30.76,31.07,30.75,30.90
20170710,15329880,30.88,31.09,30.82,30.98
20170711,12783990,31.05,31.12,30.86,31.09
20170712,18584570,31.25,31.44,31.145,31.16
20170713,15933020,31.26,31.28,31.08,31.27
20170714,13512990,31.37,31.45,31.27,31.42
20170717,16387240,31.50,31.635,31.45,31.50
20170718,15496210,31.41,31.51,31.17,31.51
20170719,21499550,31.51,32.05,31.46,31.90
20170720,16307160,31.91,32.05,31.76,31.86
20170721,13842690,31.86,32.03,31.705,31.84
20170724,15502890,31.86,31.925,31.66,31.86
20170725,14989580,31.90,32.25,31.88,32.12
20170726,21628960,32.12,32.225,31.51,31.66
20170727,21425710,31.73,31.7502,31.21,31.57
20170728,15770560,31.45,31.60,31.26,31.52
20170731,19163940,31.54,31.59,31.37,31.45
20170801,12892880,31.59,31.66,31.43,31.65
20170802,15843230,31.57,31.57,31.25,31.52
20170803,14419880,31.59,31.72,31.43,31.56
20170804,16926620,31.67,31.91,31.58,31.80
20170807,11876630,31.79,31.8799,31.69,31.84
20170808,15267640,31.75,32.00,31.60,31.67
20170809,16120180,31.55,31.675,31.36,31.62
20170810,23185350,31.56,31.56,31.00,31.00
20170811,20735520,31.23,31.545,31.04,31.47
20170814,21756930,31.69,31.89,31.56,31.84
20170815,25240250,31.85,32.21,31.84,32.09
20170816,28947520,32.10,32.4652,32.06,32.34
20170817,52917420,31.49,31.77,30.85,31.04
20170818,34793740,31.00,31.06,30.36,30.37
20170821,24171250,30.37,30.795,30.36,30.68
20170822,24730720,30.85,31.33,30.75,31.27
20170823,22433730,31.21,31.40,30.91,30.92
20170824,22575190,30.95,31.40,30.90,31.24
20170825,19498330,31.39,31.80,31.36,31.44
20170828,12938930,31.60,31.66,31.41,31.54
20170829,16357620,31.26,31.6299,31.19,31.48
20170830,22971550,31.47,32.20,31.42,31.99
20170831,27799860,32.10,32.34,31.99,32.21
20170901,14686020,32.22,32.345,32.03,32.30
20170905,32649190,32.15,32.245,31.455,31.62
20170906,16950560,31.75,31.91,31.63,31.87
20170907,14751710,31.96,31.97,31.74,31.76
20170908,15313950,31.68,31.78,31.46,31.48
20170911,22409870,31.71,32.30,31.67,32.19
20170912,18761200,32.30,32.47,32.19,32.41
20170913,22705040,32.34,32.39,31.96,32.18
20170914,18194400,31.91,32.22,31.91,32.19
20170915,29221810,32.20,32.50,32.12,32.44
20170918,17289740,32.43,32.66,32.26,32.52
20170919,12758230,32.46,32.65,32.395,32.49
20170920,18934660,32.55,32.75,32.39,32.60
20170921,19836530,32.72,32.90,32.50,32.70
20170922,28234820,32.66,33.53,32.64,33.37
20170925,32381360,33.31,33.84,33.20,33.72
20170926,26106670,33.76,34.10,33.67,33.76
20170927,22378670,33.78,33.92,33.3037,33.48
20170928,14823870,33.22,33.46,33.22,33.35
20170929,14736010,33.31,33.67,33.24,33.63
20171002,16555120,33.61,33.77,33.52,33.75
20171003,13321660,33.72,33.90,33.61,33.85
20171004,14650550,33.53,33.56,33.29,33.44
20171005,14523720,33.58,33.67,33.41,33.59
20171006,15428060,33.65,33.78,33.5247,33.75
20171009,8727910,33.77,33.89,33.61,33.76
20171010,17995060,33.88,33.91,33.47,33.55
20171011,12554740,33.38,33.63,33.25,33.59
20171012,18167900,33.26,33.46,33.17,33.26
20171013,13576820,33.40,33.57,33.323,33.47
20171016,10507790,33.60,33.64,33.47,33.54
20171017,9302771,33.59,33.67,33.46,33.60
20171018,9961658,33.72,33.75,33.44,33.55
20171019,13004670,33.51,33.89,33.45,33.75
20171020,24259980,34.02,34.39,34.01,34.25
20171023,22618860,34.45,34.68,34.27,34.35
20171024,16134490,34.40,34.675,34.25,34.58
20171025,17394190,34.73,34.73,34.163,34.30
20171026,14604350,34.41,34.51,34.07,34.27
20171027,20355130,34.15,34.62,34.09,34.43
20171030,18327340,34.32,34.38,33.8244,34.04
20171031,13706970,33.98,34.24,33.96,34.15
20171101,21990700,34.29,34.75,34.28,34.62
20171102,19822140,34.55,34.64,34.16,34.21
20171103,13413870,34.28,34.49,34.0269,34.47
20171106,12786450,34.37,34.56,34.26,34.41
20171107,11332940,34.32,34.48,34.2147,34.40
20171108,13052330,34.31,34.50,34.12,34.50
20171109,16769040,34.29,34.32,33.871,34.05
20171110,19300000,34.06,34.09,33.67,33.99
20171113,16416580,33.86,34.21,33.83,33.95
20171114,17456460,33.86,34.16,33.80,34.04
20171115,30273290,33.97,34.31,33.75,34.11
20171116,61152250,36.04,36.67,35.83,35.88
20171117,27579270,35.90,36.32,35.81,35.90
20171120,26658580,35.93,36.54,35.93,36.50
20171121,24107410,36.75,36.97,36.58,36.65
20171122,17223280,36.70,36.715,36.36,36.45
20171124,6155794,36.41,36.57,36.32,36.49
20171127,20790130,36.51,37.09,36.50,36.87
20171128,30906760,37.00,37.80,36.98,37.73
20171129,36775350,37.75,38.025,37.23,37.48
20171130,30744920,37.62,37.80,37.30,37.30
20171201,26915540,37.09,37.66,36.73,37.60
20171204,29408420,37.81,37.99,37.54,37.72
20171205,23288110,37.74,37.82,37.17,37.31
20171206,16352240,37.37,37.72,37.25,37.41
20171207,17082860,37.26,37.78,37.26,37.40
20171208,13921450,37.59,37.69,37.42,37.61
20171211,16736550,37.59,38.04,37.57,37.96
20171212,16631870,37.79,38.10,37.56,37.91
20171213,20198460,38.09,38.37,38.00,38.15
20171214,16737240,38.20,38.27,37.855,37.90
20171215,47140010,38.01,38.28,37.70,38.19
20171218,21519990,38.48,38.89,38.30,38.48
20171219,19160720,38.66,38.86,38.28,38.30
20171220,18938610,38.49,38.80,38.21,38.74
20171221,16330420,38.88,38.995,38.49,38.53
20171222,11145180,38.52,38.74,38.47,38.55
20171226,8178708,38.55,38.68,38.36,38.48
20171227,10529380,38.54,38.65,38.45,38.56
20171228,8784695,38.73,38.73,38.45,38.59
20171229,12556720,38.41,38.62,38.30,38.30
20180102,20121940,38.67,38.95,38.43,38.86
20180103,29293220,38.72,39.285,38.53,39.17
20180104,20698400,39.05,39.54,38.93,38.99
20180105,24495250,39.55,39.88,39.365,39.53
20180108,16531360,39.52,39.96,39.35,39.94
20180109,21447900,39.79,39.96,39.54,39.69
20180110,19469010,39.65,40.24,39.63,39.91
20180111,20358640,40.14,40.21,39.75,40.10
20180112,23712990,40.22,40.93,40.05,40.87
20180116,32817380,40.90,41.16,40.32,40.54
20180117,24161380,40.84,41.32,40.705,41.20
20180118,18237820,41.24,41.48,41.03,41.30
20180119,24469260,41.28,41.52,41.10,41.29
20180122,22841180,41.20,41.66,41.02,41.66
20180123,23029880,41.54,42.13,41.54,42.10
20180124,26636840,42.20,42.685,42.01,42.17
20180125,19067170,42.27,42.47,41.82,41.90
20180126,23351950,42.15,42.56,41.95,42.56
20180129,23599980,42.30,42.98,42.30,42.85
20180130,28710950,42.685,42.86,41.97,42.25
20180131,36126300,41.98,42.01,41.35,41.54
20180201,26096880,41.09,42.11,40.67,41.70
20180202,26153090,41.50,41.95,40.87,40.93
20180205,52110420,40.87,41.405,38.72,38.78
20180206,54458320,38.33,40.305,37.35,40.17
20180207,32521600,40.31,41.206,40.03,40.34
20180208,42702980,40.44,40.76,38.72,38.77
20180209,51280500,39.00,39.92,38.23,39.53
20180212,38095480,40.515,40.91,40.225,40.60
20180213,29388340,40.50,41.31,40.22,41.23
20180214,43187830,41.04,42.26,40.99,42.09
20180215,72045260,45.065,45.13,43.26,44.08
20180216,38624660,43.885,45.09,43.79,44.33
20180220,28572730,44.00,44.69,43.81,44.06
20180221,28161400,44.11,44.42,43.28,43.31
20180222,25819550,43.49,43.56,42.75,42.94
20180223,25427160,43.37,44.04,42.92,44.00
20180226,27765720,44.30,45.45,44.13,45.36
20180227,27390380,45.41,45.61,44.62,45.04
20180228,26749310,45.27,45.89,44.78,44.78
20180301,32092350,44.68,45.00,43.35,43.80
20180302,28574960,43.29,44.22,43.10,44.06
20180305,20761160,43.92,44.765,43.70,44.52
20180306,21189510,44.65,44.785,44.135,44.29
20180307,22032060,44.03,44.39,43.80,44.20
20180308,20995970,44.25,44.41,43.935,44.34
20180309,22204540,44.62,45.54,44.61,45.37
20180312,17986630,45.53,45.87,45.40,45.55
20180313,23394640,45.78,46.16,44.92,45.16
20180314,21135230,45.34,45.7587,45.09,45.28
20180315,23473930,45.30,45.735,45.12,45.33
20180316,55176300,45.33,45.60,44.97,45.01
20180319,26263650,44.59,44.82,43.90,44.27
20180320,22808770,44.49,44.64,44.18,44.37
20180321,22520410,44.24,44.90,44.1331,44.31
20180322,29496210,43.76,44.02,43.02,43.07
20180323,31699040,43.71,43.84,42.42,42.42
20180326,28997320,43.25,44.16,42.83,44.06
20180327,30920630,44.49,44.52,42.24,42.68
20180328,36123300,42.51,42.84,41.62,41.66
20180329,55009080,41.94,42.93,41.58,42.89
20180402,36680830,42.52,42.63,40.53,41.01
20180403,27968850,41.34,41.50,40.72,41.38
20180404,30110990,40.39,41.55,40.19,41.20
20180405,29057260,41.50,42.02,41.38,41.82
20180406,31104570,41.40,41.68,40.45,40.73
20180409,25033240,40.95,42.06,40.90,41.17
20180410,22780610,42.10,42.71,41.75,42.51
20180411,21692330,42.42,42.90,42.26,42.43
20180412,22278230,42.78,43.64,42.73,43.34
20180413,18255740,43.55,43.74,42.64,43.00
20180416,15807210,43.12,43.64,43.03,43.30
20180417,21435820,43.85,44.75,43.705,44.59
20180418,17578570,44.61,44.92,44.295,44.63
20180419,21449420,44.42,44.95,44.38,44.56
20180420,23171060,44.50,44.75,43.62,44.09
20180423,20355360,44.26,44.475,43.87,44.25
20180424,21415970,44.43,44.91,43.33,43.74
20180425,20325570,43.80,43.99,42.75,43.71
20180426,20455390,43.98,44.49,43.44,44.21
20180427,20076700,44.69,45.34,44.36,44.71
20180430,19883740,44.92,45.18,44.28,44.29
20180501,16863160,43.91,44.95,43.83,44.83
20180502,22496130,44.91,45.05,43.80,43.86
20180503,23572170,44.008,44.81,43.44,44.44
20180504,19498480,44.01,45.50,43.90,45.30
20180507,17850060,45.36,46.00,45.30,45.73
20180508,19942980,45.82,45.87,45.38,45.71
20180509,20435300,45.904,46.10,45.19,46.04
20180510,18465780,46.00,46.37,45.67,46.30
20180511,17499890,46.09,46.27,45.78,45.93
20180514,22034520,45.75,46.23,45.67,45.70
20180515,24724400,45.21,45.55,44.93,45.48
20180516,30653940,45.36,45.55,45.01,45.16
20180517,47154700,43.13,44.16,43.02,43.46
20180518,22929430,43.46,43.57,43.11,43.21
20180521,21603920,43.49,43.94,43.42,43.75
20180522,16372660,43.79,43.91,43.475,43.65
20180523,20609390,43.40,43.70,42.89,43.68
20180524,18364810,43.60,43.97,43.01,43.57
20180525,15320920,43.46,43.62,43.21,43.26
20180529,25106260,42.765,43.16,42.52,42.97
20180530,22388350,43.08,43.34,42.83,42.85
20180531,31415800,42.857,43.13,42.61,42.71
20180601,18339430,42.91,43.69,42.88,43.66
20180604,18020580,43.50,43.83,43.21,43.58
20180605,16704400,43.74,43.75,43.39,43.67
20180606,17725200,43.76,44.31,43.66,44.26
20180607,19708850,44.24,44.39,43.35,43.65
20180608,18784180,43.52,43.73,43.31,43.48
20180611,14943020,43.62,43.92,43.44,43.69
20180612,17373450,43.68,43.945,43.47,43.94
20180613,23679260,44.02,44.53,43.84,44.01
20180614,23990460,44.23,44.81,44.05,44.69
20180615,49308790,44.36,44.53,43.59,44.25
20180618,17624320,43.87,44.42,43.39,44.21
20180619,22188320,43.62,44.02,43.44,43.82
20180620,21270730,43.95,43.99,43.70,43.74
20180621,20877690,43.69,43.78,43.06,43.16
20180622,27453340,43.34,43.45,42.89,43.20
20180625,28589460,42.69,42.82,41.805,42.29
20180626,22143280,42.48,43.14,42.39,42.55
20180627,20784590,42.73,43.15,42.28,42.33
20180628,22195730,42.33,43.19,42.28,42.94
20180629,20521300,43.05,43.50,42.97,43.03
20180702,21399550,42.56,42.83,42.20,42.81
20180703,13474690,42.936,43.225,42.62,42.67
20180705,17438470,42.56,42.64,41.96,42.56
20180706,20213540,42.39,42.875,42.31,42.71
20180709,22941980,42.75,42.78,42.36,42.67
20180710,19717090,42.87,43.04,42.71,42.86
20180711,17490400,42.56,42.755,42.44,42.57
20180712,17820850,42.76,43.63,42.75,43.58
20180713,50815530,43.52,43.78,40.94,41.78
20180716,24400160,42.05,42.94,42.00,42.50
20180717,21175890,42.21,42.51,42.14,42.34
20180718,20179350,42.24,42.47,42.15,42.21
20180719,23925010,42.80,43.01,42.22,42.40
20180720,20732010,42.26,42.365,41.86,42.01
20180723,14965470,41.92,42.12,41.44,42.06
20180724,17493040,42.22,42.88,42.07,42.39
20180725,20642120,42.36,43.22,42.29,43.16
20180726,22436110,43.58,43.8252,43.22,43.53
20180727,22049200,43.26,43.62,42.42,42.57
20180730,15148900,42.46,42.61,42.08,42.17
20180731,20842710,42.24,42.62,41.915,42.29
20180801,21646990,41.99,42.34,41.33,41.86
20180802,17833120,41.39,42.60,41.20,42.53
20180803,13252090,42.71,42.875,42.46,42.83
20180806,13972820,42.73,43.41,42.655,43.30
20180807,17569920,43.30,43.64,43.235,43.58
20180808,13889140,43.64,43.96,43.44,43.84
20180809,14007050,43.89,44.11,43.70,43.78
20180810,14151530,43.69,43.95,43.58,43.78
20180813,17990490,44.08,44.39,43.70,43.75
20180814,15479000,43.84,44.28,43.58,44.00
20180815,27304420,43.66,44.50,43.01,43.86
20180816,48484090,45.77,46.09,45.08,45.16
20180817,22513290,45.10,46.075,44.92,45.87
20180820,19194090,45.99,46.33,45.78,46.22
20180821,17904600,46.25,46.43,45.72,45.78
20180822,13192320,45.95,46.16,45.7161,45.99
20180823,15220370,45.88,46.25,45.85,46.02
20180824,15473460,46.20,46.44,46.07,46.32
20180827,17155060,46.50,46.855,46.3401,46.59
20180828,19098320,46.78,47.27,46.62,46.95
20180829,20199770,47.07,47.62,46.90,47.48
20180830,15957340,47.31,47.54,46.97,47.15
20180831,24855210,46.91,47.83,46.80,47.77
20180904,19087240,47.84,48.06,47.51,47.73
20180905,20773780,47.56,47.65,46.755,47.27
20180906,16428110,47.44,47.90,47.07,47.28
20180907,16099670,47.01,47.49,46.88,47.05
20180910,16049010,47.30,47.46,46.775,47.07
20180911,16954200,46.91,47.17,46.435,47.03
20180912,16573920,46.86,47.01,46.44,46.89
20180913,17717260,46.84,47.40,46.80,47.24
20180914,13726310,47.27,47.49,47.10,47.40
20180917,13938530,47.23,47.58,47.07,47.11
20180918,16308210,47.07,47.65,47.07,47.46
20180919,12452030,47.42,47.62,47.12,47.28
20180920,17006820,47.41,47.81,47.16,47.73
20180921,59276640,47.93,48.639,47.82,48.56
20180924,20067430,48.21,48.62,48.19,48.44
20180925,15106490,48.57,48.88,48.43,48.47
20180926,20057700,48.74,49.06,48.27,48.41
20180927,15894330,48.33,48.76,48.21,48.33
20180928,15474140,48.27,48.80,48.06,48.65
20181001,13616830,49.00,49.14,48.665,48.87
20181002,15670890,48.75,49.14,48.67,49.01
20181003,16731080,49.26,49.47,49.07,49.14
20181004,22106130,48.63,48.77,48.04,48.38
20181005,19096070,48.40,48.85,47.61,48.13
20181008,23502480,47.92,48.50,47.1504,47.52
20181009,17003210,47.53,48.03,47.28,47.49
20181010,32456530,47.44,47.51,45.54,45.63
20181011,36334240,45.46,45.60,43.92,44.12
20181012,35317410,44.93,45.85,44.46,45.71
20181015,26066840,45.52,45.72,44.67,44.67
20181016,22034550,45.29,45.94,44.85,45.82
20181017,17655080,45.89,46.23,45.22,45.94
20181018,19033020,46.30,46.49,45.15,45.46
20181019,21126480,45.40,46.20,45.13,45.34
20181022,18945570,45.77,46.28,45.405,45.76
20181023,21833600,45.15,45.77,44.44,45.42
20181024,28839620,45.49,45.68,43.96,44.07
20181025,26587750,44.62,45.81,44.205,45.47
20181026,31786250,44.57,45.11,43.78,44.25
20181029,27857070,44.89,45.05,42.94,43.84
20181030,25827190,43.92,44.70,43.75,44.58
20181031,25983360,45.05,46.30,44.89,45.75
20181101,24608270,45.67,45.88,45.10,45.65
20181102,25391890,45.72,46.09,44.98,45.48
20181105,17363970,45.74,46.435,45.35,46.14
20181106,15308950,46.04,46.62,46.00,46.50
20181107,19979040,46.98,47.93,46.745,47.90
20181108,20852120,47.87,48.44,47.87,48.44
20181109,22005840,48.08,48.25,46.70,47.11
20181112,25324240,47.14,47.25,45.54,45.62
20181113,26179830,45.70,46.055,45.0268,45.12
20181114,36260390,45.46,45.64,44.08,44.33
20181115,45946200,46.80,47.10,45.1515,46.77
20181116,31050880,46.46,47.04,46.13,46.35
20181119,27896070,46.35,46.58,45.25,45.75
20181120,28422090,44.92,45.285,44.14,44.49
20181121,19909630,44.95,45.18,44.395,44.89
20181123,9372865,44.45,45.12,44.39,44.54
20181126,17444640,45.14,45.64,45.09,45.57
20181127,21458050,45.45,46.39,45.21,46.12
20181128,23832780,46.30,47.48,46.12,47.29
20181129,22603300,46.90,47.76,46.90,47.34
20181130,41600200,47.27,47.9099,46.92,47.87
20181203,24551800,48.32,48.79,48.08,48.74
20181204,30681830,48.70,49.1388,47.25,47.35
20181206,39528570,46.99,48.46,46.47,48.39
20181207,37981320,48.16,48.485,46.36,46.44
20181210,28504910,46.30,47.13,45.815,46.86
20181211,25063320,47.86,47.90,46.71,47.09
20181212,23144050,47.92,48.20,47.36,47.42
20181213,19940510,47.68,47.965,47.13,47.47
20181214,27359450,46.37,46.615,45.64,45.82
20181217,35666160,45.82,45.99,43.905,44.20
20181218,29740160,44.55,44.61,43.73,44.06
20181219,34548290,43.89,44.92,42.57,43.14
20181220,38808240,42.99,43.23,41.87,42.49
20181221,75114250,42.91,43.46,41.74,41.85
20181224,24069390,41.70,41.81,40.25,40.28
20181226,33177990,40.68,42.50,40.40,42.47
20181227,28386320,41.89,42.93,41.15,42.91
20181228,22447250,43.17,43.525,42.46,42.77
20181231,20580320,43.19,43.55,42.89,43.33
20190102,23781970,42.28,43.20,42.21,42.95
20190103,29604460,42.30,42.41,40.96,41.07
20190104,27509040,41.85,43.00,41.53,42.92
20190107,19448750,42.86,43.645,42.76,43.21
20190108,21966150,43.57,43.94,43.10,43.56
20190109,22639010,43.87,43.87,43.17,43.32
20190110,23258840,43.11,43.29,42.58,43.24
20190111,17378410,43.11,43.54,42.885,43.49
20190114,16039450,43.08,43.39,43.00,43.21
20190115,17742610,43.33,44.04,43.15,44.02
20190116,17203650,44.12,44.24,43.7605,43.96
20190117,18805540,43.87,44.53,43.80,44.21
20190118,24388480,44.48,45.35,44.31,45.03
20190122,21272760,44.88,45.24,44.38,44.78
20190123,24760580,45.14,45.88,45.02,45.46
20190124,17355980,45.63,45.75,45.23,45.61
20190125,24196550,46.12,46.66,45.95,46.13
20190128,18294750,45.73,45.77,45.23,45.75
20190129,14450040,45.81,46.05,45.645,45.96
20190130,18261270,45.94,46.93,45.92,46.71
20190131,23096110,46.72,47.38,46.52,47.29
20190201,16238990,47.37,47.56,47.0501,47.34
20190204,15691000,47.22,47.47,47.12,47.35
20190205,16390490,47.42,47.455,47.075,47.26
20190206,17667960,47.12,47.59,46.95,47.48
20190207,20280440,47.19,47.3199,46.49,46.70
20190208,17559080,46.40,47.20,46.30,47.19
20190211,19214110,47.34,47.71,47.13,47.58
20190212,23672200,47.27,48.15,47.16,47.89
20190213,28036640,47.86,47.95,47.12,47.50
20190214,47551290,48.85,49.68,48.34,48.40
20190215,30101530,48.83,49.59,48.44,49.43
20190219,20051060,49.20,49.93,49.20,49.65
20190220,17323220,49.70,49.80,49.35,49.63
20190221,16011660,49.54,49.72,49.20,49.41
20190222,22004110,49.70,50.22,49.58,50.11
20190225,22770960,50.34,51.00,50.34,50.79
20190226,18983740,50.51,51.41,50.48,51.18
20190227,19926690,51.21,51.65,50.89,51.59
20190228,30250070,51.55,51.96,51.3546,51.77
20190301,22848980,52.00,52.09,51.27,51.41
20190304,18265440,51.65,51.92,50.6301,51.16
20190305,14834820,51.12,51.505,50.97,51.30
20190306,19640560,51.37,51.79,50.92,51.67
20190307,22182650,51.55,51.97,51.205,51.29
20190308,18165080,50.72,51.13,50.51,51.07
20190311,16706780,51.14,52.09,51.10,51.92
20190312,19301720,52.01,52.275,51.68,52.15
20190313,20218250,52.41,52.855,52.14,52.59
20190314,19135330,52.63,52.96,52.51,52.74
20190315,43636610,52.94,53.62,52.93,53.20
20190318,18965300,53.27,53.935,53.09,53.51
20190319,19928250,53.79,54.00,53.14,53.31
20190320,21135400,53.16,53.87,52.855,53.26
20190321,20058490,53.08,54.23,53.04,53.94
20190322,23911520,53.91,54.14,52.70,52.74
20190325,15782340,52.70,52.93,52.245,52.73
20190326,17493190,53.19,53.485,53.00,53.23
20190327,20432340,53.30,53.66,52.74,53.14
20190328,13069300,53.19,53.69,53.02,53.36
20190329,19567220,53.70,54.00,53.36,53.99
20190401,19172040,54.475,55.02,54.39,54.98
20190402,17227420,55.00,55.41,54.97,55.29
20190403,21105750,55.46,55.80,55.07,55.63
20190404,16409860,55.37,55.68,54.86,55.14
20190405,13812110,55.25,55.61,55.13,55.21
20190408,13857990,55.20,55.56,54.79,55.49
20190409,15506220,55.08,55.42,54.86,55.18
20190410,13350460,55.11,55.84,55.11,55.82
20190411,13165710,55.93,55.95,55.305,55.60
20190412,14318480,55.93,56.355,55.79,56.29
20190415,12182160,56.40,56.61,56.235,56.56
20190416,19712140,56.62,57.525,56.61,56.95
20190417,24403980,57.18,57.32,56.285,56.31
20190418,17948330,56.63,56.695,56.11,56.40
20190422,11949300,56.16,56.60,56.10,56.34
20190423,18266180,56.43,56.695,56.20,56.69
20190424,12855010,56.64,57.15,56.58,56.88
20190425,15393540,56.46,56.78,56.01,56.33
20190426,17679540,56.02,56.37,55.68,55.88
20190429,15563610,55.665,56.22,55.55,56.13
20190430,20398280,56.00,56.12,55.53,55.95
20190501,17648490,56.00,56.35,55.51,55.58
20190502,24220610,55.48,55.89,54.82,54.94
20190503,26887110,54.64,54.99,54.18,54.94
20190506,17025890,53.86,54.76,53.56,54.59
20190507,25289720,53.86,54.24,52.94,53.45
20190508,21525070,53.17,53.94,53.13,53.47
20190509,24322800,52.82,53.21,52.23,52.92
20190510,21795900,52.61,53.55,51.95,53.36
20190513,28869930,51.83,52.26,51.06,51.30
20190514,25478280,51.45,52.44,51.38,52.02
20190515,30577210,51.76,52.71,51.69,52.44
20190516,46057800,54.27,56.40,54.12,55.93
20190517,27299350,55.78,56.83,55.52,56.35
20190520,21004120,55.80,56.39,55.5513,56.01
20190521,18562320,56.68,56.75,56.13,56.52
20190522,19479170,56.22,56.30,55.67,55.69
20190523,22734210,54.91,55.01,53.94,54.19
20190524,13057590,54.57,54.67,54.06,54.37
20190528,29769160,54.74,55.03,53.82,53.93
20190529,19762120,53.55,53.55,52.855,53.18
20190530,12954270,53.44,53.78,53.335,53.57
20190531,20480450,52.79,52.88,52.01,52.03
20190603,22380490,52.05,52.565,51.485,51.78
20190604,21689300,52.48,53.635,52.41,53.23
20190605,22521860,53.85,54.79,53.75,54.75
20190606,15927320,54.89,55.30,54.21,55.10
20190607,17394940,55.41,56.30,55.03,55.93
20190610,16871200,56.14,56.65,55.96,56.42
20190611,26723750,56.74,57.56,56.73,57.11
20190612,23183030,56.05,56.585,55.65,55.86
20190613,15785280,55.92,56.265,55.78,56.17
20190614,22530450,55.99,56.015,54.66,54.75
20190617,20392570,54.99,55.47,54.86,55.40
20190618,21173210,56.07,56.65,55.75,56.05
20190619,21096330,56.04,56.37,55.77,56.13
20190620,20969790,57.00,57.535,56.68,57.41
20190621,57588750,57.41,58.15,56.98,57.03
20190624,17794410,57.25,57.29,56.69,57.18
20190625,25520630,57.06,57.20,56.01,56.08
20190626,19286150,56.54,57.045,56.36,56.60
20190627,23959910,56.94,57.25,55.47,55.73
20190628,103123400,55.91,55.98,54.025,54.73
20190701,28483970,55.26,55.35,54.225,54.74
20190702,20314320,54.83,55.92,54.7758,55.81
20190703,13866800,55.77,56.54,55.54,56.48
20190705,14273870,56.00,56.73,55.71,56.60
20190708,15835100,56.25,56.475,55.96,56.19
20190709,19564010,56.37,56.69,56.04,56.34
20190710,19362570,56.69,57.65,56.60,57.13
20190711,15994550,57.37,57.62,56.92,57.30
20190712,13660590,57.58,57.99,57.57,57.95
20190715,8809738,58.00,58.23,57.87,58.05
20190716,11501070,58.13,58.26,57.46,57.62
20190717,9266851,57.57,57.79,57.19,57.21
20190718,10292940,57.05,57.79,56.90,57.74
20190719,13882570,57.81,58.07,57.32,57.36
20190722,10485790,57.46,58.01,57.37,57.73
20190723,12692210,58.06,58.095,57.48,57.71
20190724,18176990,57.58,57.68,57.11,57.23
20190725,15127250,57.36,57.50,56.37,56.62
20190726,15243020,56.68,56.84,56.37,56.53
20190729,12051150,56.69,57.15,56.54,56.93
20190730,9623420,56.85,56.90,56.35,56.47
20190731,17441210,56.33,56.8307,54.90,55.40
20190801,19020640,55.84,56.89,55.16,55.39
20190802,29021920,54.22,54.32,52.58,53.25
20190805,29931800,52.39,52.54,50.94,51.37
20190806,20708380,51.95,52.73,51.60,52.60
20190807,24128600,51.83,52.49,51.21,52.34
20190808,26093470,52.79,53.36,52.59,53.16
20190809,17425040,52.78,52.865,52.04,52.43
20190812,16388270,52.27,52.355,51.34,51.54
20190813,21679100,51.47,53.0716,51.20,52.72
20190814,30213430,52.12,52.12,50.13,50.61
20190815,61385210,47.36,47.94,46.00,46.25
20190816,25000250,46.42,47.36,46.40,46.96
20190819,26410560,47.90,48.60,47.49,48.50
20190820,18204990,48.54,48.59,47.92,47.93
20190821,18368660,48.50,48.925,48.36,48.77
20190822,21519320,49.24,49.33,47.94,48.18
20190823,25882000,47.90,48.52,46.43,46.61
20190826,14823800,47.05,47.27,46.67,47.10
20190827,20863840,47.54,47.65,46.69,46.79
20190828,11193850,46.53,46.96,46.24,46.87
20190829,14733680,47.59,47.9135,47.11,47.27
20190830,19250690,47.52,47.57,46.545,46.81
20190903,17010970,46.63,46.97,46.20,46.50
20190904,13707390,47.02,47.41,46.89,47.32
20190905,18436760,48.02,48.71,47.78,48.42
20190906,17939060,48.65,48.99,48.27,48.84
20190909,21175060,48.97,49.005,48.46,48.58
20190910,16119220,48.57,49.345,47.945,49.21
20190911,18655960,49.95,50.07,49.33,50.03
20190912,16546700,50.28,50.30,49.405,49.93
20190913,15867790,50.01,50.22,49.76,50.03
20190916,13025570,49.80,50.18,49.79,49.96
20190917,16129130,49.98,50.02,49.18,49.41
20190918,12665180,49.465,49.74,48.78,49.34
20190919,15433810,49.35,49.92,49.04,49.19
20190920,49139600,49.29,49.87,48.87,49.60
20190923,19673530,49.66,49.75,49.28,49.42
20190924,27127180,49.75,50.20,48.93,49.12
20190925,15685240,49.05,49.77,48.58,49.605
20190926,20264360,49.43,49.49,48.255,48.83
20190927,16065690,49.00,49.47,48.60,48.84
20190930,15107110,48.95,49.66,48.95,49.41
20191001,24270300,49.65,49.87,47.36,47.74
20191002,32061450,47.35,47.3752,46.01,46.56
20191003,16533120,46.32,47.08,45.70,47.06
20191004,16775500,47.25,47.63,46.95,47.52
20191007,14937640,47.47,48.13,47.32,47.77
20191008,23711970,47.50,47.54,46.35,46.39
20191009,16819430,46.92,47.1715,46.655,46.84
20191010,25016700,46.05,46.23,45.55,46.15
20191011,25172220,46.67,47.30,46.46,46.56
20191014,15967130,46.55,46.55,46.00,46.05
20191015,18806670,46.25,46.58,46.035,46.36
20191016,16584360,46.36,46.875,46.32,46.79
20191017,14386300,47.15,47.30,46.60,47.03
20191018,17227400,47.10,47.27,46.66,46.71
20191021,14455710,47.14,47.48,46.97,47.39
20191022,15203850,47.50,47.885,47.40,47.55
20191023,15680880,47.47,47.70,46.84,47.05
20191024,18456390,47.23,47.23,46.10,46.41
20191025,15701150,46.54,46.99,46.46,46.90
20191028,13859730,47.15,47.60,47.06,47.17
20191029,13713940,47.00,47.4261,46.91,47.24
20191030,12062030,47.30,47.58,47.16,47.56
20191031,12488290,47.60,47.65,47.10,47.51
20191101,24404130,46.85,47.485,46.64,47.03
20191104,15018910,47.50,47.875,47.32,47.48
20191105,18988940,47.59,47.92,47.26,47.76
20191106,15904470,47.81,48.50,47.785,48.27
20191107,16717750,48.61,48.98,48.20,48.42
20191108,14414060,48.42,48.85,48.05,48.83
20191111,19595430,48.01,48.47,47.56,48.10
20191112,15641770,48.29,48.74,48.12,48.37
20191113,27250240,48.24,48.85,48.15,48.46
20191114,65609860,45.56,46.00,44.60,44.91
20191115,32387640,45.07,45.65,44.81,45.09
20191118,22746710,44.98,45.19,44.44,45.15
20191119,19619580,45.39,45.595,45.08,45.47
20191120,18668520,45.69,45.74,44.93,45.08
20191121,19868780,45.13,45.15,44.69,44.84
20191122,18725690,45.15,45.17,44.69,44.85
20191125,19654600,45.00,45.55,44.93,45.45
20191126,29424780,45.53,45.77,45.25,45.31
20191127,14895010,45.36,45.415,44.9259,45.24
20191129,9808886,45.24,45.54,45.15,45.31
20191202,17647590,45.25,45.33,44.67,44.70
20191203,20331670,44.40,44.49,43.74,44.28
20191204,17206920,44.52,44.55,43.86,43.89
20191205,22637280,44.05,44.10,43.40,43.52
20191206,16544120,43.89,44.06,43.65,43.84
20191209,17659770,43.89,44.37,43.75,43.90
20191210,21863860,43.85,44.18,43.80,44.10
20191211,16451400,44.36,44.45,44.15,44.28
20191212,27073510,44.545,45.77,44.41,45.67
20191213,21801580,45.91,46.05,45.20,45.30
20191216,21875700,45.80,46.59,45.80,45.98
20191217,22510490,46.22,46.52,45.93,46.44
20191218,21928070,46.52,46.755,46.25,46.64
20191219,30768600,47.15,47.99,47.11,47.88
20191220,52583720,48.25,48.37,47.42,47.45
20191223,20255220,47.55,48.30,47.422,48.10
20191224,7044728,48.16,48.245,47.65,47.78
20191226,11122020,47.78,48.00,47.65,47.85
20191227,11058980,47.99,48.05,47.68,47.77
20191230,12129050,47.75,47.88,47.29,47.59
20191231,14894740,47.54,47.98,47.41,47.96
20200102,16710080,48.06,48.42,47.88,48.42
20200103,15587710,47.91,48.135,47.48,47.63
20200106,22185270,47.14,47.82,47.01,47.80
20200107,16566640,47.72,47.72,47.10,47.49
20200108,25181660,46.97,47.785,46.81,47.52
20200109,18211200,47.79,47.88,47.07,47.32
20200110,13504600,47.48,47.56,47.06,47.13
20200113,18243200,47.31,47.98,47.299,47.97
20200114,17951760,47.96,47.99,47.62,47.79
20200115,16289440,47.92,48.395,47.7649,48.01
20200116,20094930,48.38,49.08,48.23,49.05
20200117,27176170,49.31,49.54,48.87,49.02
20200121,21771750,48.96,49.20,48.67,48.80
20200122,15185990,49.28,49.53,49.04,49.06
20200123,16767690,49.00,49.175,48.413,49.00
20200124,14066910,49.22,49.48,48.5433,48.85
20200127,20665990,47.89,48.07,47.27,47.47
20200128,14035050,47.52,47.965,47.5033,47.77
20200129,14289780,47.97,47.98,46.93,47.05
20200130,14822580,46.54,47.27,46.26,47.24
20200131,20069930,46.99,47.00,45.84,45.97
20200203,15383530,46.40,46.825,46.21,46.53
20200204,13947270,47.22,47.7074,47.11,47.62
20200205,17042330,48.33,48.60,48.15,48.45
20200206,9814844,48.69,48.82,48.22,48.69
20200207,16807740,48.60,48.77,47.87,47.97
20200210,19012720,47.99,48.89,47.88,48.87
20200211,23168270,49.39,49.714,48.8646,49.13
20200212,31686170,49.43,50.28,49.40,49.93
20200213,47044720,47.15,47.67,46.58,47.32
20200214,26747250,47.16,47.22,46.48,46.97
20200218,18550360,46.82,46.85,46.29,46.59
20200219,27626380,46.69,46.81,45.90,46.29
20200220,20416660,46.09,46.96,45.90,46.85
20200221,20031420,46.73,46.85,46.05,46.295
20200224,35295920,45.00,45.68,44.00,44.00
20200225,48024750,44.05,44.21,42.07,42.74
20200226,38528930,42.97,43.3775,41.94,42.16
20200227,51442850,41.28,42.095,40.01,40.04
20200228,80194000,38.70,40.55,38.35,39.93
20200302,48864270,40.15,41.19,38.92,41.17
20200303,49294740,41.26,41.90,39.71,40.04
20200304,30022090,40.72,41.45,39.80,41.39
20200305,30255900,40.17,40.51,39.29,39.57
20200306,48605590,38.00,39.95,37.80,39.68
20200309,61535330,36.90,39.56,36.29,37.96
20200310,50536520,39.248,40.145,37.87,40.08
20200311,63608530,39.02,39.16,36.37,37.05
20200312,51855310,34.50,35.82,33.00,33.20
20200313,53859600,35.18,37.68,33.33,37.64
20200316,44211290,33.23,36.99,32.4001,33.71
20200317,41572400,34.70,36.25,33.60,35.50
20200318,56904270,33.76,37.71,33.31,37.12
20200319,58319650,37.05,39.32,36.15,37.71
20200320,48582550,38.27,38.47,35.40,35.60
20200323,39823400,35.51,35.82,33.74,34.60
20200324,48235610,36.405,38.68,35.54,38.60
20200325,42873920,38.65,39.95,37.50,37.67
20200326,38487230,37.97,40.92,37.3664,40.58
20200327,31278580,39.21,40.15,38.41,38.82
20200330,27120330,39.45,40.485,38.96,40.32
20200331,26019850,40.13,40.415,39.11,39.31
20200401,26790670,38.17,38.86,37.8742,38.33
20200402,28180490,37.84,39.945,37.47,39.80
20200403,21235160,39.82,40.29,38.54,39.06
20200406,31641430,40.46,41.68,39.78,41.43
20200407,30366070,42.66,42.74,40.59,40.64
20200408,22683520,41.17,42.20,40.865,41.74
20200409,27650200,42.09,42.20,40.85,41.20
20200413,19591970,41.04,41.46,40.53,41.22
20200414,22882370,41.91,42.82,41.53,42.78
20200415,18428790,42.203,42.37,41.23,41.52
20200416,26177970,41.76,41.79,40.68,41.50
20200417,30701460,42.25,42.64,41.74,42.48
20200420,23438040,41.92,43.29,41.79,42.54
20200421,31661040,41.83,41.99,40.41,40.55
20200422,18337410,41.27,42.09,41.11,41.76
20200423,16100170,41.89,42.55,41.53,41.62
20200424,14641720,41.84,42.66,41.65,42.52
20200427,17937890,42.70,43.22,42.58,43.06
20200428,16427730,43.50,43.625,42.41,42.49
20200429,17430130,43.346,43.48,42.93,43.34
20200430,26679920,43.1654,43.1677,42.17,42.38
20200501,22095260,41.72,41.81,40.765,40.92
20200504,15997720,40.955,41.41,40.49,41.35
20200505,15060220,41.61,41.925,41.39,41.46
20200506,16040350,41.56,41.69,40.97,41.15
20200507,20173640,41.59,41.765,41.215,41.37
20200508,21962830,42.02,43.02,41.70,42.99
20200511,26182690,42.78,43.65,42.605,43.32
20200512,25817070,43.94,44.30,43.19,43.22
20200513,36986700,43.41,43.57,41.31,41.95
20200514,50417740,43.43,44.58,43.26,43.85
20200515,30573030,42.93,44.38,42.85,44.27
20200518,26980080,45.21,45.295,44.3301,45.06
20200519,24345420,44.83,44.98,44.41,44.605
20200520,20184460,45.05,45.82,45.03,45.44
20200521,18674890,45.45,45.655,44.555,44.64
20200522,12592810,44.67,44.95,44.12,44.90
20200526,21776880,45.78,45.7999,44.68,44.84
20200527,22157160,45.042,45.98,44.80,45.96
20200528,20027750,45.90,46.46,45.373,45.595
20200529,43570370,46.04,47.82,45.41,47.82
20200601,18730620,47.15,47.285,46.23,46.30
20200602,17285950,46.40,46.90,45.88,46.89
20200603,17491950,46.98,47.20,46.54,46.94
20200604,14100660,46.77,47.25,46.5301,46.86
20200605,22591050,47.27,48.29,47.20,47.83
20200608,17820920,47.46,48.16,47.12,48.13
20200609,18597270,48.02,48.24,47.49,48.05
20200610,18462380,47.66,47.83,47.12,47.42
20200611,35582020,46.99,47.00,43.64,43.67
20200612,26125550,44.96,45.86,44.11,45.07
20200615,21300100,44.12,45.76,43.93,45.35
20200616,28074580,47.41,47.49,45.91,46.48
20200617,20399080,46.75,46.82,45.90,46.17
20200618,22423460,45.79,46.05,45.35,45.83
20200619,36103240,46.26,46.51,45.05,45.32
20200622,18398600,45.11,45.46,44.805,45.16
20200623,23222360,45.92,46.15,45.32,45.47
20200624,22840140,45.288,45.47,44.39,44.75
20200625,19114870,44.77,45.32,44.20,45.22
20200626,106928300,45.119,46.51,44.63,46.31
20200629,23875410,46.34,46.45,45.67,46.15
20200630,21888830,46.145,47.01,46.095,46.64
20200701,17129460,46.54,46.72,46.00,46.06
20200702,19631980,46.07,46.2182,45.48,45.63
20200706,16152860,46.07,46.49,45.87,46.42
20200707,17102840,46.12,46.29,45.56,45.63
20200708,15020770,45.59,46.07,45.32,45.81
20200709,26027690,46.60,47.195,46.22,46.70
20200710,13775700,46.73,46.92,46.2366,46.66
20200713,17965550,46.87,46.99,45.78,45.93
20200714,19303460,45.49,46.50,45.4103,46.26
20200715,15704960,46.50,46.83,45.985,46.40
20200716,17709450,45.70,45.83,45.20,45.78
20200717,20389740,46.04,46.93,45.88,46.75
20200720,15966490,46.67,47.10,46.26,46.97
20200721,16074740,47.28,47.325,46.85,47.02
20200722,27218260,47.016,47.11,46.53,46.90
20200723,23750220,46.975,47.70,46.68,47.41
20200724,16983630,47.49,47.64,46.11,46.40
20200727,15575960,46.66,47.26,46.15,47.19
20200728,13975260,46.98,47.08,46.21,46.28
20200729,11618230,46.40,46.88,46.37,46.71
20200730,15385150,46.13,46.46,45.375,46.44
20200731,17706370,46.385,47.11,45.86,47.10
20200803,14142520,47.14,47.355,46.68,47.16
20200804,12839490,47.01,47.67,46.91,47.67
20200805,13077570,47.67,47.7331,47.05,47.33
20200806,14190870,47.23,47.825,47.10,47.77
20200807,17054310,47.33,47.60,47.03,47.43
20200810,14999190,47.16,48.00,47.16,47.73
20200811,18859630,47.90,48.45,47.085,47.19
20200812,27023680,47.28,48.13,47.27,48.10
20200813,91849460,43.79,43.84,42.38,42.72
20200814,32539450,42.49,42.88,42.27,42.50
20200817,30511750,42.55,42.7625,41.86,42.09
20200818,23344590,42.13,42.29,41.81,41.98
20200819,20097420,42.10,42.35,41.78,41.87
20200820,18443880,41.87,42.42,41.73,42.31
20200821,17389560,42.05,42.30,41.81,42.25
20200824,17742930,42.07,42.47,42.00,42.18
20200825,15417360,42.23,42.30,41.78,41.96
20200826,21625830,41.65,42.28,41.45,42.25
20200827,22456770,42.40,42.47,42.02,42.29
20200828,16573580,42.14,42.30,42.00,42.20
20200831,21297990,42.10,42.35,41.94,42.22
20200901,23344890,42.00,42.07,41.50,42.03
20200902,30045680,42.04,42.69,42.03,42.42
20200903,39288120,41.75,41.83,40.67,40.95
20200904,34867420,41.20,41.43,40.44,40.82
20200908,29101790,40.05,40.61,39.97,40.00
20200909,23351620,40.10,40.475,39.715,40.13
20200910,25108750,40.03,40.635,39.42,39.57
20200911,21852960,39.765,40.05,39.515,39.88
20200914,19866720,40.215,40.64,40.05,40.37
20200915,19024100,40.51,40.839,40.38,40.60
20200916,24322450,40.72,41.17,40.39,40.42
20200917,22225920,39.66,40.40,39.51,40.37
20200918,44450760,40.18,40.32,39.575,39.81
20200921,28494970,39.31,39.47,38.69,39.04
20200922,17656820,39.18,39.46,38.88,39.32
20200923,24843240,39.23,39.39,38.18,38.28
20200924,30910350,38.00,38.16,37.60,37.85
20200925,22966650,37.76,38.54,37.62,38.45
20200928,24275700,39.195,39.29,38.79,39.13
20200929,16476890,39.07,39.375,38.83,39.06
20200930,27113200,39.09,39.70,39.02,39.39
20201001,20763540,39.10,39.31,38.565,38.80
20201002,24492960,38.046,38.55,37.97,38.27
20201005,26929050,38.48,38.79,38.285,38.57
20201006,28430810,38.50,39.35,38.40,38.57
20201007,20593710,38.98,39.58,38.78,39.40
20201008,19031350,39.80,40.18,39.66,39.79
20201009,16167470,40.145,40.23,39.72,39.85
20201012,22757250,39.93,40.53,39.63,40.36
20201013,23438270,40.54,40.61,39.71,39.81
20201014,16444690,39.85,40.42,39.76,39.89
20201015,15456970,39.47,40.00,39.35,39.97
20201016,21295120,39.88,40.30,39.55,40.16
20201019,19600470,40.15,40.38,39.16,39.30
20201020,16564890,39.44,39.51,39.03,39.20
20201021,17016270,39.31,39.57,38.98,39.06
20201022,20399040,38.85,38.96,38.38,38.82
20201023,15556080,38.93,38.97,38.65,38.82
20201026,29146550,38.40,38.43,37.15,37.67
20201027,37911470,37.38,37.50,36.59,36.87
20201028,34561490,36.315,36.51,35.68,35.71
20201029,35331970,35.51,36.07,35.28,35.69
20201030,29159660,35.595,35.93,35.49,35.90
20201102,23483100,36.19,36.35,35.67,35.90
20201103,27342890,36.36,37.33,36.30,36.68
20201104,30121920,37.031,37.30,36.50,36.57
20201105,23149700,37.02,37.30,36.91,37.23
20201106,19475290,37.56,37.60,37.08,37.53
20201109,42649540,39.92,40.23,38.12,38.20
20201110,31514510,38.21,39.025,38.167,38.72
20201111,27332810,39.01,39.45,38.44,39.33
20201112,29543620,38.98,39.39,38.395,38.67
20201113,49120100,41.20,41.52,40.56,41.40
20201116,34572650,41.74,42.59,41.35,42.54
20201117,23140910,41.92,42.345,41.62,41.88
20201118,21327710,41.90,42.2386,41.255,41.32
20201119,22177710,41.00,41.37,40.77,41.17
20201120,19778950,41.05,41.39,40.92,40.97
20201123,19656680,41.03,41.80,41.02,41.64
20201124,22849730,42.14,42.71,41.90,42.61
20201125,22617660,42.78,42.80,42.21,42.50
20201127,10769520,42.855,42.98,42.64,42.70
20201130,34741650,42.44,43.05,42.41,43.02
20201201,23948790,43.01,44.07,43.01,43.54
20201202,17422160,43.39,43.96,43.35,43.89
20201203,27710710,43.78,44.14,43.595,44.11
20201204,17319800,43.89,44.51,43.89,44.38
20201207,14086830,44.287,44.49,43.91,44.35
20201208,13348460,44.206,44.525,43.93,44.37
20201209,22679750,44.47,44.83,44.36,44.69
20201210,17741490,44.54,44.605,44.11,44.32
20201211,14577710,43.94,44.33,43.72,44.32
20201214,16112330,44.27,44.91,44.15,44.24
20201215,18165250,44.39,44.795,44.135,44.72
20201216,16191980,44.695,45.14,44.525,44.72
20201217,16141600,44.91,44.93,44.60,44.82
20201218,41026970,44.90,45.57,44.77,45.44
20201221,19865300,44.47,44.955,44.065,44.88
20201222,16031550,44.44,45.07,44.44,44.69
20201223,12032640,44.65,44.8029,44.35,44.375
20201224,5720538,44.45,44.59,44.23,44.54
20201228,13458430,44.93,45.34,44.72,44.92
20201229,11828960,44.97,45.245,44.53,44.64
20201230,11043110,44.74,45.06,44.44,44.48
20201231,15105480,44.38,44.84,44.16,44.75
20210104,24392540,44.31,44.37,43.35,43.96
20210105,17763660,43.68,44.07,43.38,43.98
20210106,21823110,44.13,44.87,43.89,44.40
20210107,18218760,44.20,45.105,44.1659,44.96
20210108,20936280,44.48,45.41,44.25,45.06
20210111,25062260,45.15,45.95,45.02,45.36
20210112,20145040,45.30,45.925,44.96,45.79
20210113,19367270,45.29,45.965,45.18,45.36
20210114,22333480,44.87,45.60,44.85,45.15
20210115,30271670,44.96,45.65,44.88,45.43
20210119,28868850,45.33,45.63,44.77,45.19
20210120,16499410,45.33,45.50,45.14,45.34
20210121,17495890,45.20,45.235,44.72,45.11
20210122,14643420,44.75,44.885,44.23,44.77
20210125,16581260,45.04,45.17,44.71,45.03
20210126,13087750,44.885,45.35,44.77,45.26
20210127,29634490,45.24,46.46,45.08,45.70
20210128,21166030,45.914,46.27,45.30,45.34
20210129,22608100,44.85,45.37,44.48,44.58
20210201,16776850,44.92,45.625,44.66,45.40
20210202,16520930,45.52,45.94,45.43,45.83
20210203,13173640,45.75,46.16,45.54,45.77
20210204,22285660,45.87,47.32,45.77,47.25
20210205,25488560,47.57,48.34,47.50,48.08
20210208,25215440,48.56,49.34,48.56,48.94
20210209,24795020,48.766,48.8317,48.41,48.50
20210210,44540880,46.15,47.41,45.83,47.24
20210211,18589910,47.349,47.91,47.1978,47.58
20210212,15239820,47.425,47.69,46.91,47.29
20210216,18539030,47.26,47.26,46.40,46.51
20210217,13301380,46.315,46.40,45.865,46.25
20210218,16867520,46.39,46.40,45.69,46.34
20210219,25117700,46.54,46.61,45.58,45.68
20210222,21435790,45.29,45.68,44.82,45.43
20210223,19714930,45.26,45.78,45.10,45.51
20210224,17823650,45.24,45.80,45.035,45.74
20210225,21916720,45.585,46.24,45.24,45.52
20210226,22144950,45.58,45.78,44.76,44.87
20210301,17396070,45.22,46.22,45.22,45.92
20210302,14832970,45.931,46.08,45.415,45.515
20210303,16851130,45.43,45.53,45.00,45.13
20210304,24653500,45.135,45.47,44.15,44.56
20210305,33197580,45.446,46.74,45.27,46.25
20210308,34824530,46.24,48.40,46.20,47.51
20210309,26512660,47.824,48.37,47.72,47.89
20210310,19841510,48.47,48.79,48.19,48.29
20210311,21976560,48.51,49.08,48.225,48.80
20210312,15196530,48.81,48.99,48.47,48.82
20210315,15526110,48.90,49.44,48.90,49.41
20210316,17282260,49.19,49.74,49.19,49.67
20210317,18326920,49.61,49.61,48.89,49.42
20210318,18417640,48.52,49.57,48.515,48.80
20210319,65366840,48.71,49.22,48.32,48.98
20210322,28813880,48.94,50.38,48.94,50.30
20210323,28328170,50.02,50.68,49.90,50.01
20210324,26444740,49.94,50.4454,49.62,49.65
20210325,34537720,50.575,51.40,50.285,50.51
20210326,31996950,50.60,52.64,50.56,52.57
20210329,25032760,52.4008,52.9399,52.28,52.52
20210330,22465100,52.11,52.29,51.175,51.77
20210331,22212380,51.83,52.05,51.545,51.71
20210401,17896170,51.75,52.07,51.35,51.98
20210405,19860910,51.628,52.92,51.628,52.41
20210406,15126110,51.98,52.22,51.78,52.025
20210407,15783650,52.01,52.14,51.58,51.77
20210408,15111250,51.94,52.00,51.45,51.91
20210409,13135750,51.83,52.15,51.675,52.09
20210412,16441730,52.07,52.16,51.47,51.57
20210413,13353170,51.64,51.88,51.34,51.66
20210414,15376590,51.51,51.68,51.14,51.37
20210415,17869820,51.76,51.94,51.37,51.64
20210416,28327910,52.45,53.18,52.26,52.80
20210419,20245610,52.525,52.96,52.49,52.85
20210420,21257480,52.59,52.79,51.595,51.79
20210421,14015530,51.84,52.07,51.48,51.93
20210422,15564760,51.81,52.0865,51.38,51.50
20210423,14017740,51.5035,52.13,51.1773,51.91
20210426,13778190,51.65,51.7685,51.50,51.64
20210427,13600990,51.58,51.67,51.35,51.37
20210428,14984040,51.56,51.77,50.92,51.11
20210429,13916580,51.18,51.60,50.98,51.46
20210430,19930550,51.22,51.23,50.41,50.91
20210503,13465910,51.21,51.40,50.81,51.17
20210504,18164790,51.11,51.23,50.295,50.71
20210505,16205350,50.99,51.25,50.68,51.13
20210506,27106820,51.07,52.71,50.95,52.44
20210507,24146010,52.48,53.675,52.22,53.43
20210510,23845560,53.97,54.14,53.16,53.16
20210511,20220910,53.10,53.11,52.11,52.83
20210512,22123310,52.18,52.43,51.4661,51.60
20210513,15868660,52.11,52.805,51.88,52.49
20210514,14789380,52.93,53.215,52.60,52.90
20210517,15728680,52.76,53.15,52.68,52.94
20210518,20177200,52.80,53.34,52.74,52.93
20210519,29187940,51.88,52.66,51.86,52.47
20210520,48830760,50.41,52.97,50.10,52.85
20210521,24468370,52.765,52.93,52.24,52.43
20210524,21128860,52.96,53.765,52.79,53.39
20210525,20657180,53.37,53.58,53.14,53.31
20210526,18671190,53.35,53.61,52.82,52.91
20210527,56216070,52.93,53.35,52.58,52.92
20210528,14864350,53.18,53.22,52.835,52.90
20210601,15741980,52.96,53.315,52.43,52.62
20210602,14529320,52.65,52.99,52.40,52.96
20210603,17593100,52.80,53.555,52.62,53.33
20210604,11676700,53.435,54.17,53.435,54.07
20210607,14899750,54.32,54.44,53.79,53.92
20210608,15329690,53.97,54.39,53.89,54.13
20210609,14861230,54.18,54.42,53.935,54.02
20210610,22183540,54.43,55.08,54.27,55.03
20210611,17134050,55.19,55.35,54.54,54.77
20210614,15131360,54.39,54.5278,53.525,54.17
20210615,12542570,54.23,54.32,53.73,53.79
20210616,15477900,53.85,53.92,53.13,53.47
20210617,18288400,53.41,53.545,53.01,53.13
20210618,35758260,52.805,52.84,51.88,52.07
20210621,17682230,52.365,53.41,52.29,53.18
20210622,16451240,53.30,53.36,52.81,53.26
20210623,14749810,53.27,53.29,52.59,52.76
20210624,13974290,52.94,53.05,52.61,52.78
20210625,16682660,52.77,53.195,52.6466,53.06
20210628,14008660,53.16,53.29,52.92,52.96
20210629,10926110,52.89,53.1877,52.77,52.91
20210630,15826640,52.95,53.07,52.62,53.00
20210701,15074800,53.05,53.60,53.00,53.44
20210702,15068260,53.19,53.62,52.835,53.54
20210706,19394470,53.216,53.36,52.34,52.98
20210707,14411560,53.07,53.30,52.67,53.26
20210708,15691810,53.16,53.72,52.91,53.26
20210709,14673400,53.36,53.93,53.29,53.74
20210712,14000840,54.04,54.04,53.13,53.23
20210713,9927531,53.34,53.58,53.20,53.32
20210714,17113680,53.50,54.20,53.34,54.09
20210715,14952370,53.84,53.87,53.24,53.65
20210716,14144920,53.88,54.4092,53.65,53.70
20210719,19925280,53.67,53.695,52.73,53.06
20210720,17250160,53.28,53.93,53.19,53.58
20210721,14068610,53.82,53.90,53.42,53.88
20210722,15729800,53.905,54.55,53.78,54.54
20210723,13042470,54.89,55.34,54.51,55.23
20210726,10097440,55.1315,55.65,55.1315,55.47
20210727,14738680,55.38,55.41,54.79,55.28
20210728,18835700,55.46,55.52,54.41,54.77
20210729,10680230,55.00,55.35,54.90,55.07
20210730,13438790,55.08,55.49,55.01,55.37
20210802,12468820,55.597,55.94,55.26,55.45
20210803,17357430,55.535,56.415,55.27,56.25
20210804,11662400,56.37,56.37,55.47,55.69
20210805,10785170,55.52,55.98,55.50,55.76
20210806,18386120,55.47,55.95,55.15,55.59
20210809,8707363,55.82,56.07,55.40,55.47
20210810,10441900,55.50,55.67,55.25,55.61
20210811,12604660,55.89,56.01,55.60,55.86
20210812,11214980,55.85,56.45,55.66,56.39
20210813,10841710,56.39,56.62,56.26,56.47
20210816,14408720,56.30,56.43,55.93,56.28
20210817,11987540,55.87,56.02,55.625,56.01
20210818,17111660,55.79,56.135,55.025,55.15
20210819,39881550,54.76,57.49,54.59,57.27
20210820,21876450,57.254,58.335,56.85,58.22
20210823,16225370,57.85,58.70,57.7435,58.54
20210824,17658270,58.49,59.43,58.43,59.32
20210825,18069600,59.54,60.27,59.17,59.35
20210826,13729430,59.42,59.63,58.985,59.20
20210827,14795230,59.265,59.35,58.86,59.02
20210830,11798610,58.98,59.22,58.80,59.13
20210831,19873920,59.11,59.175,58.58,59.02
20210901,11629950,59.02,59.14,58.66,59.04
20210902,12857570,59.35,59.72,59.06,59.53
20210903,9735954,59.33,59.6592,59.28,59.42
20210907,15503810,59.235,59.365,58.75,58.88
20210908,13124540,58.55,58.93,58.49,58.68
20210909,14958800,58.45,58.94,58.25,58.60
20210910,13622080,58.75,58.95,57.82,57.89
20210913,13553240,58.16,58.53,57.725,58.10
20210914,12810340,58.24,58.47,57.66,57.87
20210915,37524580,57.78,59.60,57.06,57.56
20210916,24029590,58.309,58.82,57.125,57.33
20210917,40262680,57.39,57.45,56.47,56.85
20210920,21896980,56.38,56.40,55.29,55.89
20210921,18700630,55.96,56.37,55.23,55.26
20210922,17940640,55.762,56.13,55.37,55.52
20210923,16262480,55.699,56.895,55.60,56.69
20210924,13156450,56.447,56.81,56.22,56.73
20210927,13859540,56.46,56.67,56.05,56.22
20210928,17803200,55.784,55.985,55.41,55.52
20210929,14051720,55.615,55.98,55.34,55.48
20210930,18541410,55.80,55.90,54.41,54.43
20211001,18338040,54.60,55.41,54.04,55.14
20211004,17084070,54.50,54.68,53.95,54.23
20211005,14135040,54.13,55.025,54.13,54.69
20211006,26339160,54.345,54.38,52.98,53.94
20211007,14725500,54.493,55.41,54.35,55.02
20211008,9255682,55.20,55.30,54.75,55.08
20211011,8117578,55.25,55.3801,54.90,54.93
20211012,14241870,54.99,55.06,54.07,54.28
20211013,13739170,54.32,54.75,54.08,54.62
20211014,14456310,55.09,55.85,54.98,55.65
20211015,15202190,55.8876,55.8876,54.96,55.25
20211018,10989550,55.04,55.49,54.57,55.19
20211019,13258370,55.29,55.78,55.03,55.74
20211020,11613610,55.80,56.23,55.80,56.20
20211021,12619890,56.04,56.12,55.525,55.69
20211022,15026630,55.55,55.86,54.94,55.11
20211025,10218870,55.11,55.415,54.81,55.14
20211026,15249970,55.56,56.3494,55.40,55.81
20211027,16278990,56.13,56.72,55.925,56.18
20211028,11209170,56.23,56.685,55.89,56.24
20211029,13550600,56.315,56.58,55.86,55.97
20211101,14341380,55.869,56.25,55.50,56.10
20211102,22097850,56.37,57.87,56.28,57.62
20211103,13219380,57.58,57.93,57.12,57.65
20211104,18070420,57.60,57.69,56.555,57.12
20211105,15637920,57.376,57.80,56.93,57.07
20211108,15045280,57.10,57.52,56.59,57.00
20211109,14459820,57.07,57.6299,56.90,57.44
20211110,17868620,57.90,58.625,57.685,57.77
20211111,17440740,57.57,57.77,56.69,56.76
20211112,16663560,56.97,57.15,56.31,56.82
20211115,19041760,56.929,57.70,56.83,57.27
20211116,21136860,57.24,58.08,56.925,57.00
20211117,31496260,56.61,57.14,56.27,56.76
20211118,70843010,52.73,53.93,51.08,53.63
20211119,30030780,53.545,53.69,52.78,53.25
20211122,39952480,53.35,55.53,53.30,54.60
20211123,25653550,54.61,55.58,54.47,55.30
20211124,19328710,55.15,55.7468,55.15,55.54
20211126,16730280,54.46,55.19,54.46,54.67
20211129,25724510,55.14,56.19,54.83,55.76
20211130,45141290,55.58,55.60,54.15,54.84
20211201,24126180,55.53,56.38,54.93,55.03
20211202,22384720,55.15,56.6099,55.08,56.15
20211203,26235370,56.297,56.82,55.665,56.23
20211206,23172840,56.70,57.17,56.465,56.96
20211207,24254770,57.10,58.215,57.01,58.08
20211208,23631260,58.075,58.13,56.63,57.02
20211209,16480250,57.195,57.8301,56.93,57.55
20211210,19901480,57.91,59.34,57.908,59.25
20211213,18496310,59.10,59.51,58.54,58.61
20211214,19114190,58.34,58.525,57.37,57.77
20211215,27953910,57.921,60.03,57.90,59.93
20211216,24599320,60.05,60.76,59.87,60.31
20211217,62333270,60.27,60.795,59.785,60.46
20211220,21342150,59.67,60.41,59.30,60.36
20211221,20761100,60.44,61.2377,60.00,61.03
20211222,17095450,60.97,61.595,60.615,61.53
20211223,17771400,61.79,62.895,61.79,62.28
20211227,14780510,62.41,63.47,62.28,63.42
20211228,12871660,63.42,63.84,63.23,63.53
20211229,15069940,63.65,64.285,63.55,63.96
20211230,9076698,64.04,64.14,63.47,63.62
20211231,10359100,63.545,63.819,63.32,63.37
20220103,17189200,62.90,63.35,62.50,63.16
20220104,29682500,62.44,62.81,61.11,61.25
20220105,30317890,61.19,61.64,60.25,60.28
20220106,19616650,60.00,61.13,59.91,60.92
20220107,20152410,60.87,61.50,60.67,61.13
20220110,24715340,60.865,61.895,60.52,61.82
20220111,22804160,61.595,62.43,61.44,62.37
20220112,13405380,62.40,62.8175,61.9201,62.12
20220113,14871640,62.08,62.15,61.21,61.50
20220114,18832050,61.472,61.50,60.94,61.36
20220118,26550560,59.98,60.22,59.49,59.73
20220119,24333870,57.995,59.49,57.78,58.90
20220120,17726480,58.99,59.34,58.02,58.08
20220121,25913970,58.07,58.34,56.61,56.68
20220124,34191540,56.16,57.00,54.87,56.90
20220125,25156430,56.09,56.6851,55.07,56.11
20220126,28632690,56.11,56.45,54.855,55.33
20220127,25967390,55.51,56.53,54.40,54.62
20220128,30976580,54.50,55.66,53.445,55.61
20220131,29925300,55.43,55.86,54.87,55.67
20220201,22438470,55.45,55.50,54.735,55.37
20220202,23316720,55.225,56.315,55.17,56.17
20220203,19260470,55.87,56.15,55.06,55.20
20220204,19675870,54.894,55.62,54.39,55.15
20220207,14450180,55.33,55.53,54.695,55.17
20220208,15219940,55.06,55.49,54.71,55.34
20220209,19136720,55.82,56.38,55.4826,56.29
20220210,19730640,55.24,56.025,54.74,54.87
20220211,20132500,54.87,55.09,53.77,53.90
20220214,21868420,53.41,53.65,52.70,53.18
20220215,17680360,53.716,54.30,53.64,54.27
20220216,20388670,54.13,54.44,53.385,54.25
20220217,32884670,55.50,57.06,55.40,55.77
20220218,35626150,55.46,57.69,55.38,57.21
20220222,25188340,56.93,57.14,55.735,56.30
20220223,22033660,56.61,56.99,54.37,54.44
20220224,27739340,54.07,54.83,53.21,54.73
20220225,18963680,54.98,56.22,54.49,56.04
20220228,23868700,55.41,56.00,54.75,55.77
20220301,17799610,55.53,55.85,54.26,54.62
20220302,18660050,54.77,56.38,54.71,56.15
20220303,16794590,56.74,57.00,55.835,56.07
20220304,16731550,55.67,56.895,55.25,56.51
20220307,21350920,56.31,56.44,55.52,55.59
20220308,23642380,55.70,55.86,54.0701,54.40
20220309,19150860,55.64,56.245,55.25,55.92
20220310,18550930,54.40,55.16,53.97,54.71
20220311,20330310,55.29,56.21,54.60,54.69
20220314,17977520,54.73,55.40,53.995,54.30
20220315,18829100,54.42,55.725,54.42,55.60
20220316,21821810,55.93,56.00,54.60,55.81
20220317,18830690,55.49,56.30,55.35,56.17
20220318,51807230,56.03,56.42,55.54,55.97
20220321,29174580,56.06,56.545,55.52,56.00
20220322,29287850,56.36,56.72,56.09,56.17
20220323,19742130,55.90,56.09,54.45,54.48
20220324,20551510,54.67,54.69,53.68,54.50
20220325,18092380,54.605,55.18,54.395,54.97
20220328,17164620,54.80,55.16,54.42,55.14
20220329,20036470,55.67,56.3138,55.04,55.67
20220330,16125420,55.75,56.94,55.59,56.05
20220331,27587690,56.04,56.88,55.72,55.76
20220401,17465150,56.17,56.19,54.885,55.66
20220404,19645620,55.46,56.12,54.99,55.87
20220405,16063610,55.20,55.59,54.665,54.92
20220406,19644090,54.69,54.76,53.8432,54.37
20220407,15738990,54.43,54.85,53.735,54.63
20220408,18148380,54.84,54.91,54.01,54.28
20220411,20992060,53.92,53.95,52.785,52.88
20220412,25254240,51.70,52.9501,51.48,51.82
20220413,17004590,51.84,52.36,51.405,52.15
20220414,18024830,52.08,52.38,51.1207,51.17
20220418,13990700,50.88,51.56,50.80,51.11
20220419,15490880,51.00,51.935,50.92,51.83
20220420,19526240,52.22,53.67,52.15,53.02
20220421,17147260,53.34,53.83,52.73,52.78
20220422,17692980,52.92,52.96,51.29,51.36
20220425,18677040,51.45,51.98,50.54,51.94
20220426,19238340,51.875,51.94,50.87,50.90
20220427,33668560,50.91,51.11,49.245,49.31
20220428,20170660,49.53,50.78,49.205,50.63
20220429,20281440,50.51,50.64,48.87,48.98
20220502,22499250,49.34,49.9144,48.93,49.86
20220503,15828220,49.77,50.36,49.53,49.92
20220504,23942300,50.03,51.655,49.67,51.58
20220505,24846480,51.15,51.21,49.155,49.61
20220506,21743860,49.15,49.835,48.85,49.33
20220509,22421200,49.00,49.42,48.67,48.96
20220510,21741120,49.705,50.235,49.15,49.55
20220511,23872140,49.09,49.64,48.575,48.65
20220512,25950960,48.63,48.78,47.47,48.29
20220513,18954480,48.71,49.63,48.53,49.56
20220516,20254530,49.66,49.66,48.88,49.00
20220517,18780580,49.68,50.72,49.51,50.60
20220518,40672700,50.47,50.47,48.21,48.36
20220519,97674610,43.055,43.93,41.02,41.72
20220520,46148680,41.86,43.00,41.52,42.94
20220523,27366600,43.34,43.82,42.94,43.35
20220524,30053850,43.40,44.06,42.499,43.77
20220525,25504570,43.75,44.42,43.19,44.00
20220526,28294660,44.05,45.5256,44.05,44.99
20220527,23882060,45.12,45.64,44.95,45.62
20220531,64821190,45.27,45.605,44.735,45.05
20220601,20665970,45.55,45.80,44.765,45.23
20220602,20546750,45.18,45.80,44.895,45.79
20220603,17946970,45.55,45.74,45.12,45.25
20220606,12641920,45.603,46.09,45.125,45.33
20220607,14667230,44.82,45.65,44.715,45.57
20220608,16263800,45.45,45.63,44.88,44.92
20220609,18417690,44.83,45.27,44.24,44.26
20220610,20267050,43.80,43.99,43.29,43.49
20220613,29050820,43.06,43.84,42.89,43.24
20220614,22499140,43.63,43.70,42.57,42.91
20220615,22525080,43.37,44.425,43.0999,43.80
20220616,27049020,42.81,43.4099,42.81,43.32
20220617,59678620,43.36,44.0001,43.24,43.39
20220621,23277880,43.805,44.28,43.70,44.14
20220622,19942290,43.47,44.115,43.17,43.57
20220623,33801720,43.41,43.46,42.715,42.93
20220624,30543780,43.44,44.215,43.24,44.10
20220627,22755300,44.29,44.29,43.625,43.77
20220628,20094260,43.91,44.4713,42.99,43.06
20220629,13450790,43.14,43.26,42.6938,42.88
20220630,24947920,42.37,43.14,42.19,42.64
20220701,24338550,42.52,42.70,41.57,42.60
20220705,24448140,41.52,41.97,40.82,41.96
20220706,17250440,42.12,42.93,42.01,42.69
20220707,22316700,42.88,43.36,42.79,43.22
20220708,11816980,43.03,43.605,42.94,43.39
20220711,15279570,43.34,43.68,43.07,43.25
20220712,17385310,43.58,43.83,42.66,42.86
20220713,16854200,41.854,43.05,41.80,42.70
20220714,17336230,41.79,42.47,41.35,42.33
20220715,19897840,42.50,43.13,42.50,43.07
20220718,16743800,43.30,43.32,42.405,42.60
20220719,22861380,42.82,44.09,42.65,44.03
20220720,15599220,44.08,44.315,43.66,44.13
20220721,15364580,44.29,44.69,44.07,44.58
20220722,14854640,44.78,44.92,44.25,44.46
20220725,12954740,44.66,44.66,44.11,44.34
20220726,19513030,44.37,44.54,43.75,43.83
20220727,22348960,44.19,44.79,43.83,44.64
20220728,17576190,44.88,45.865,44.71,45.62
20220729,23701680,45.11,45.49,44.83,45.37
20220801,14153360,45.06,45.427,44.76,45.28
20220802,15005410,45.52,45.70,44.9019,44.92
20220803,14943770,44.90,45.82,44.79,45.71
20220804,15249320,45.90,45.93,45.005,45.38
20220805,19533920,44.91,45.07,44.54,45.01
20220808,15466670,45.49,45.52,44.855,45.02
20220809,12826330,45.15,45.18,44.7249,44.92
20220810,18935430,45.71,46.06,45.43,46.02
20220811,15849320,46.11,46.425,45.77,45.90
20220812,16967590,46.09,46.61,45.97,46.61
20220815,15456070,46.39,46.62,46.025,46.59
20220816,21153700,46.57,47.01,46.4401,46.77
20220817,27975610,46.36,47.10,46.225,46.66
20220818,39999940,49.795,50.00,49.11,49.37
20220819,23130410,49.01,49.46,48.535,48.70
20220822,20534050,48.47,48.50,47.515,47.71
20220823,13596810,47.59,48.04,47.39,47.41
20220824,14946490,47.09,47.405,46.87,47.07
20220825,23039280,47.25,47.43,46.84,47.27
20220826,20309830,47.08,47.27,45.88,45.89
20220829,13425740,45.72,46.00,45.49,45.71
20220830,14279070,45.75,45.87,44.9608,45.24
20220831,23006140,45.78,45.83,44.585,44.72
20220901,16236430,44.57,45.34,44.40,45.29
20220902,14720950,45.71,45.92,44.275,44.59
20220906,14366070,44.66,44.787,43.98,44.47
20220907,18297410,44.75,45.165,44.35,45.02
20220908,14231500,44.76,45.47,44.62,45.37
20220909,15499420,45.66,45.89,45.395,45.77
20220912,17923010,46.11,46.73,45.97,46.40
20220913,23028650,45.72,45.91,44.02,44.11
20220914,27551510,44.04,44.27,43.5604,43.96
20220915,18148600,43.81,43.87,43.09,43.29
20220916,32696100,43.11,43.58,42.785,43.30
20220919,13667540,42.895,43.44,42.76,43.30
20220920,16813920,43.01,43.02,42.2625,42.58
20220921,21415880,42.32,42.865,41.57,41.59
20220922,16690990,41.34,41.55,41.14,41.15
20220923,19067690,41.25,41.25,40.12,40.66
20220926,22694820,40.66,41.19,40.37,40.58
20220927,15027870,41.14,41.46,40.225,40.52
20220928,23217710,40.85,41.57,40.592,41.34
20220929,19496430,41.05,41.10,40.15,40.57
20220930,27989870,40.66,41.04,39.96,40.00
20221003,22203580,40.67,41.53,40.47,41.29
20221004,22889360,41.56,42.035,41.39,41.82
20221005,14289740,41.585,42.25,41.40,41.99
20221006,18198830,41.65,42.09,41.37,41.52
20221007,19055400,41.25,41.25,40.0809,40.27
20221010,16628440,40.625,40.805,39.60,39.89
20221011,19386430,39.81,40.11,39.27,39.58
20221012,17279920,39.70,39.86,39.25,39.27
20221013,26328350,39.03,40.80,38.605,40.61
20221014,19572200,40.84,40.96,39.92,40.20
20221017,27845190,41.04,41.525,40.95,41.30
20221018,18223320,41.92,42.22,41.26,41.79
20221019,19071940,41.63,42.235,41.47,41.88
20221020,16830460,41.56,42.615,41.455,41.71
20221021,25035030,41.85,42.97,41.81,42.80
20221024,18785260,43.115,43.73,42.90,43.54
20221025,19165170,43.34,44.40,43.20,44.36
20221026,20055300,44.93,45.23,44.28,44.38
20221027,18102450,44.77,45.085,44.36,44.42
20221028,17978330,44.69,45.71,44.65,45.64
20221031,17793740,45.305,45.64,45.055,45.43
20221101,12088890,45.58,45.79,45.06,45.46
20221102,15309360,45.47,46.21,44.55,44.57
20221103,17895620,44.03,44.15,43.39,43.85
20221104,19648750,44.50,45.08,43.8315,44.52
20221107,21382990,44.832,44.98,44.405,44.55
20221108,17503080,44.69,45.35,44.18,44.61
20221109,19311650,44.51,44.72,43.89,43.91
20221110,27190060,45.70,45.81,44.645,45.66
20221111,25961760,45.18,45.32,43.92,44.79
20221114,21091270,44.832,45.44,44.68,44.74
20221115,19318030,45.04,45.24,44.445,44.90
20221116,24939620,44.94,44.98,44.301,44.39
20221117,38887820,46.188,46.845,45.1601,46.59
20221118,30843250,46.91,48.04,46.86,47.79
20221121,17049540,47.61,48.29,47.56,47.62
20221122,16367810,48.00,48.42,47.76,48.38
20221123,12065560,48.40,48.99,48.32,48.57
20221125,8492585,48.75,49.05,48.345,48.40
20221128,14978280,48.29,48.47,47.92,48.08
20221129,13779540,48.25,48.41,47.84,48.28
20221130,29919730,48.17,49.83,47.96,49.72
20221201,18559510,49.88,50.46,49.69,49.97
20221202,12325140,49.23,49.84,48.915,49.70
20221205,13795900,49.55,49.64,49.165,49.33
20221206,15443790,49.44,49.44,48.261,48.59
20221207,15171820,48.40,48.55,48.06,48.18
20221208,16015800,48.66,49.20,48.62,48.99
20221209,14303160,49.10,49.17,48.44,48.46
20221212,15425340,48.80,49.32,48.37,49.30
20221213,22705890,50.33,50.71,49.23,49.64
20221214,19050350,49.74,50.06,48.82,49.30
20221215,19373090,48.96,49.05,47.74,48.15
20221216,66125390,47.41,48.00,47.08,47.81
20221219,17986270,47.66,47.96,47.14,47.40
20221220,15086160,47.41,47.56,46.79,47.37
20221221,15599590,47.69,47.96,47.42,47.66
20221222,23119120,47.49,47.49,46.685,47.32
20221223,9554363,47.25,47.49,47.01,47.48
20221227,12066170,47.67,47.71,47.215,47.53
20221228,9847362,47.69,47.77,46.98,47.07
20221229,11396470,47.26,47.74,47.26,47.50
20221230,13199820,47.27,47.67,46.95,47.64
20230103,17718890,47.86,48.05,47.31,47.94
20230104,18339810,48.28,48.48,47.17,47.55
20230105,17372060,47.49,47.49,46.76,46.88
20230106,20823080,47.46,48.585,47.275,48.32
20230109,13937950,48.255,49.21,48.22,48.58
20230110,12474440,48.80,49.21,48.59,48.81
20230111,12530860,48.83,49.23,48.70,49.21
20230112,14241690,49.21,49.43,48.85,49.00
20230113,12649390,48.56,49.02,48.42,48.88
20230117,19290750,48.92,48.94,47.95,48.08
20230118,19882210,48.185,48.27,46.8903,46.90
20230119,19118550,46.95,47.05,46.39,46.46
20230120,21847200,46.06,46.83,45.67,46.78
20230123,15180550,46.895,47.87,46.81,47.50
20230124,14872690,47.49,48.015,47.055,47.81
20230125,14638660,47.98,48.079,47.23,47.98
20230126,12952660,48.15,48.465,47.83,48.34
20230127,13414780,48.10,48.73,47.97,48.51
20230130,19261940,48.14,48.50,48.12,48.22
20230131,16821700,48.12,48.69,48.05,48.67
20230201,19639430,48.39,48.90,47.505,48.57
20230202,17883770,48.53,49.56,48.355,49.32
20230203,17979960,49.30,49.30,48.505,48.63
20230206,13991570,48.07,48.28,47.515,47.57
20230207,16675160,47.24,48.145,46.97,47.84
20230208,18905530,47.38,47.54,46.77,46.96
20230209,18598420,47.225,47.41,46.43,46.73
20230210,17397290,46.70,47.32,46.64,47.26
20230213,19422110,47.45,47.99,47.39,47.86
20230214,19134350,47.78,48.00,47.18,47.70
20230215,27319960,47.50,48.52,47.33,48.45
20230216,48125250,49.99,51.74,49.80,50.99
20230217,25321410,51.325,51.44,50.60,50.77
20230221,25100480,50.71,50.76,49.62,49.69
20230222,20301890,49.85,49.85,48.89,49.31
20230223,14066190,49.535,49.68,48.55,49.21
20230224,17251580,48.805,48.90,48.165,48.48
20230227,14776420,48.95,49.335,48.55,48.73
20230228,16622430,48.81,48.93,48.38,48.42
20230301,13449320,48.44,48.59,48.02,48.34
20230302,18283180,48.32,48.63,48.12,48.53
20230303,15969870,48.99,49.36,48.815,49.28
20230306,13878360,49.455,49.81,49.24,49.42
20230307,17506590,49.57,49.755,48.63,48.91
20230308,12055540,49.02,49.27,48.74,49.11
20230309,12497690,49.30,49.69,48.705,48.81
20230310,16338210,48.89,49.17,48.30,48.56
20230313,20280770,48.53,48.88,48.12,48.41
20230314,17679560,48.68,49.255,48.505,49.05
20230315,17355070,48.37,49.11,48.37,49.06
20230316,21427590,48.68,50.29,48.51,50.12
20230317,47642680,50.26,50.55,49.735,50.19
20230320,22699750,50.22,51.04,50.01,50.94
20230321,23334040,51.205,51.33,50.33,50.67
20230322,21399350,50.74,50.75,49.42,49.46
20230323,17775360,49.56,50.25,49.405,49.73
20230324,19439420,49.90,50.55,49.495,50.51
20230327,15857210,50.70,50.95,50.48,50.54
20230328,11124350,50.32,50.595,50.27,50.39
20230329,18463400,50.725,51.27,50.64,51.17
20230330,11754580,51.58,51.68,51.125,51.43
20230331,20588800,51.44,52.35,51.39,52.275
20230403,16884640,52.06,52.56,51.99,52.31
20230404,13599900,52.03,52.12,51.43,51.82
20230405,13797930,52.07,52.29,51.68,51.82
20230406,14749040,50.92,51.564,50.725,51.27
20230410,10177650,51.11,51.40,50.875,51.33
20230411,15957900,51.12,51.30,50.52,50.62
20230412,16100650,50.82,50.95,50.05,50.11
20230413,15451870,50.21,50.83,50.09,50.80
20230414,12360100,50.52,50.85,50.20,50.54
20230417,12042330,50.56,50.675,50.05,50.28
20230418,15203630,50.38,50.69,50.07,50.31
20230419,30466700,49.23,49.27,47.99,48.04
20230420,39769410,47.61,47.65,46.36,46.58
20230421,20861010,46.565,47.115,46.24,47.03
20230424,17359900,47.05,47.45,47.00,47.39
20230425,20281550,47.37,47.43,46.805,47.09
20230426,22390500,46.76,46.85,46.425,46.54
20230427,22845420,46.78,46.80,45.97,46.56
20230428,19664960,46.685,47.26,46.61,47.25
20230501,13122320,47.20,47.52,47.125,47.34
20230502,20175130,46.905,47.08,46.06,46.36
20230503,20765710,46.42,46.55,45.86,45.96
20230504,17748930,45.77,45.93,45.555,45.70
20230505,14317400,46.12,46.36,45.92,46.25
20230508,12000030,46.44,46.52,46.09,46.34
20230509,15221930,45.98,46.515,45.92,46.47
20230510,15625290,46.70,46.93,46.15,46.71
20230511,12522130,46.83,46.85,46.20,46.37
20230512,14097460,46.28,46.81,46.28,46.71
20230515,13204410,46.80,47.26,46.56,47.10
20230516,16500040,47.24,47.33,46.80,46.92
20230517,29325950,47.15,47.76,47.0125,47.63
20230518,41475720,45.76,48.245,45.70,48.20
20230519,28564110,48.43,49.34,48.40,49.13
20230522,18667480,49.11,49.229,48.77,48.82
20230523,17645880,48.61,49.35,48.60,48.91
20230524,15452950,48.95,49.00,48.174,48.41
20230525,21716990,47.77,49.23,47.72,49.03
20230526,19825590,49.11,50.09,49.11,49.86
20230530,19074760,49.99,50.485,49.74,50.17
20230531,51990280,49.91,50.025,49.605,49.67
20230601,17816970,49.76,50.085,49.2609,49.74
20230602,19155370,49.87,50.25,49.73,50.02
20230605,13964140,50.22,50.58,50.04,50.21
20230606,16029600,49.79,49.91,49.14,49.81
20230607,15950610,49.70,50.14,49.65,49.78
20230608,13289080,49.92,50.00,49.57,49.68
20230609,12173940,49.532,49.97,49.365,49.66
20230612,15497670,49.915,50.51,49.67,50.48
20230613,24035530,50.685,50.94,50.45,50.80
20230614,16630750,50.80,51.22,50.63,50.96
20230615,22496850,50.905,52.07,50.83,51.93
20230616,37134420,52.20,52.405,51.93,52.07
20230620,20140400,51.94,52.08,51.47,51.55
20230621,16939640,51.38,51.40,50.82,50.85
20230622,14996300,50.65,51.14,50.4291,51.12
20230623,16544580,50.64,50.72,50.09,50.33
20230626,13032100,50.305,50.80,50.18,50.21
20230627,12980980,50.31,51.04,50.25,50.86
20230628,11387580,50.78,51.015,50.44,50.87
20230629,14246000,50.86,51.27,50.82,51.21
20230630,18188310,51.88,52.26,51.52,51.74
20230703,7336040,51.36,51.83,51.33,51.82
20230705,14952220,50.97,51.57,50.925,51.51
20230706,13933190,51.065,51.19,50.65,51.11
20230707,15580380,51.00,51.65,50.74,50.99
20230710,19046470,51.07,51.50,51.02,51.40
20230711,15002730,51.57,52.1475,51.54,52.12
20230712,26332530,51.56,51.93,50.5319,50.74
20230713,17864780,50.69,51.62,50.65,51.53
20230714,19566590,50.42,50.97,50.055,50.38
20230717,16141050,50.20,50.95,50.14,50.81
20230718,16434160,50.98,51.37,50.8525,51.24
20230719,21744960,52.21,52.44,51.70,52.43
20230720,22784430,52.06,52.87,51.915,52.37
20230721,51284800,52.745,52.995,52.525,52.63
20230724,18394420,52.69,53.31,52.67,53.11
20230725,16136560,53.19,53.76,53.11,53.60
20230726,13563650,53.54,53.65,52.96,53.22
20230727,15795510,53.60,53.885,52.855,53.00
20230728,27493040,52.062,52.42,51.77,52.09
20230731,14195970,51.84,52.18,51.74,52.04
20230801,15287770,52.57,52.78,52.305,52.66
20230802,17694350,52.38,53.11,52.32,52.58
20230803,15193560,52.49,53.27,52.24,53.15
20230804,12266940,52.88,53.32,52.54,52.63
20230807,11327900,52.97,53.065,52.682,53.01
20230808,12224770,52.66,53.13,52.355,53.06
20230809,18765520,52.90,53.45,52.66,52.99
20230810,16329460,53.41,54.14,53.17,53.37
20230811,14344470,53.35,53.945,53.185,53.79
20230814,20707310,53.80,54.13,53.72,53.88
20230815,20173360,53.62,53.7289,53.18,53.35
20230816,26470180,53.19,53.52,52.87,52.96
20230817,45278040,54.44,55.835,54.37,54.73
20230818,28839760,54.63,55.46,54.62,55.04
20230821,18283190,55.20,55.79,55.15,55.44
20230822,15665990,55.48,55.82,55.28,55.46
20230823,18250000,55.61,56.20,55.40,55.98
20230824,17586350,56.32,56.475,55.21,55.24
20230825,15731770,55.25,55.87,55.25,55.70
20230828,15189850,55.89,56.28,55.68,56.20
20230829,17859120,56.35,56.80,56.11,56.56
20230830,12145390,56.63,56.91,56.535,56.81
20230831,22619680,57.10,57.5286,56.89,57.35
20230901,14080410,57.39,58.185,57.39,57.84
20230905,13884960,57.82,57.82,57.23,57.26
20230906,11380420,57.10,57.47,57.07,57.16
20230907,14762100,56.97,57.09,56.66,56.79
20230908,13993110,56.76,57.07,56.56,56.67
20230911,15842490,56.72,56.965,56.44,56.84
20230912,13916090,56.65,56.86,56.34,56.39
20230913,13092200,56.32,56.529,56.08,56.28
20230914,15760270,56.42,56.47,56.08,56.37
20230915,44029150,56.31,56.39,55.54,56.04
20230918,11824980,56.01,56.275,55.83,56.11
20230919,10748900,56.18,56.21,55.46,55.84
20230920,12221680,55.95,56.05,55.435,55.50
20230921,37440280,53.41,54.10,52.85,53.34
20230922,17870180,53.40,53.825,53.20,53.57
20230925,14224390,53.46,53.68,53.16,53.48
20230926,15618420,53.18,53.295,52.58,52.71
20230927,15845520,52.89,53.37,52.53,53.20
20230928,17204420,53.37,54.19,53.35,53.88
20230929,13951240,54.16,54.20,53.50,53.76
20231002,13934000,53.84,54.40,53.81,54.39
20231003,15700580,53.86,53.89,53.35,53.65
20231004,17008960,53.66,53.845,53.22,53.45
20231005,14929530,53.40,53.47,52.58,53.07
20231006,15665550,52.99,53.745,52.7371,53.45
20231009,10163600,53.35,53.96,53.25,53.92
20231010,13105620,53.96,54.09,53.65,53.87
20231011,12658050,53.93,54.125,53.345,53.66
20231012,11846120,54.02,54.22,53.51,53.85
20231013,14413850,53.88,54.12,53.44,53.77
20231016,11736610,54.07,54.585,54.0404,54.16
20231017,17105930,53.79,53.98,53.17,53.94
20231018,13087340,53.79,54.185,53.60,53.77
20231019,16325600,53.76,53.93,53.20,53.32
20231020,23888740,53.39,53.59,52.80,52.93
20231023,17760040,52.82,52.85,52.16,52.20
20231024,14824180,52.26,53.05,52.055,53.01
20231025,14384690,53.11,53.37,52.325,52.40
20231026,17594540,51.8735,52.13,51.3113,51.37
20231027,13333930,51.64,52.15,51.40,51.56
20231030,13322430,51.35,51.64,51.09,51.57
20231031,13509300,51.75,52.17,51.68,52.13
20231101,14300650,52.04,52.28,51.80,52.19
20231102,17459680,52.32,52.80,52.18,52.75
20231103,17645130,53.26,53.45,52.63,53.01
20231106,15429620,52.97,53.30,52.875,53.29
20231107,15153110,53.34,53.44,52.97,53.13
20231108,13633770,53.39,53.50,52.77,53.00
20231109,21039430,52.12,52.57,51.75,52.00
20231110,17373580,52.25,52.63,51.93,52.59
20231113,14931550,52.48,52.6401,52.09,52.23
20231114,18330970,52.47,53.37,52.47,53.17
20231115,32188150,53.27,53.43,53.035,53.28
20231116,79057820,47.41,48.06,46.20,48.04
20231117,32337440,48.05,48.36,47.73,47.755
20231120,27425670,47.56,48.37,47.55,48.27
20231121,21510480,48.27,48.35,47.66,47.80
20231122,17311340,48.08,48.35,47.945,48.08
20231124,8209530,48.09,48.40,48.05,48.36
20231127,17651620,48.33,48.37,47.91,47.93
20231128,16360860,47.95,48.19,47.81,47.85
20231129,16700490,48.11,48.44,48.03,48.05
20231130,37165010,48.19,48.50,47.9401,48.38
20231201,18744690,48.28,48.78,48.02,48.47
20231204,17812930,48.06,48.18,47.78,48.05
20231205,20985040,47.745,47.96,47.59,47.93
20231206,19535530,48.07,48.21,47.65,47.70
20231207,20478480,47.905,48.36,47.80,48.26
20231208,16039940,48.28,48.59,48.21,48.38
20231211,25618940,48.94,49.44,48.85,49.39
20231212,18712240,49.58,49.59,49.105,49.33
20231213,18689170,49.24,49.70,48.81,49.69
20231214,28418720,50.00,50.0125,49.17,49.44
20231215,58860120,49.485,49.93,49.43,49.87
20231218,20453080,49.92,50.295,49.395,50.24
20231219,17035820,50.365,50.46,49.835,50.18
20231220,17812180,50.12,50.33,49.79,49.80
20231221,18772280,49.93,49.98,49.38,49.70
20231222,12903830,49.84,50.39,49.84,50.09
20231226,9721186,50.11,50.40,50.05,50.28
20231227,10414330,50.30,50.56,50.28,50.44
20231228,8549909,50.58,50.63,50.42,50.48
20231229,12492880,50.45,50.585,50.22,50.52
20240102,20242940,50.49,50.86,50.25,50.51
20240103,20303880,50.17,50.68,49.941,50.51
20240104,18134120,50.44,50.51,49.99,50.08
20240105,13989290,50.18,50.365,49.865,50.09
20240108,18070290,49.75,50.50,49.69,50.46
20240109,20489210,49.96,50.035,49.43,49.91
20240110,15174190,50.00,50.32,49.82,50.24
20240111,16458250,50.45,50.50,50.04,50.44
20240112,18785710,50.50,50.815,50.295,50.34
20240116,17015930,50.25,50.59,50.07,50.59
20240117,17370640,50.24,50.43,49.91,50.30
20240118,18487540,50.30,50.80,50.28,50.75
20240119,23015260,50.75,51.385,50.73,51.27
20240122,20298720,51.55,51.78,51.41,51.57
20240123,15044330,51.39,51.82,51.30,51.76
20240124,19458520,52.00,52.00,51.205,51.31
20240125,18936640,51.75,52.56,51.75,52.33
20240126,13160320,52.42,52.62,51.99,52.14
20240129,13492410,51.842,52.385,51.83,52.29
20240130,14322140,52.30,52.415,51.995,52.24
20240131,29311790,51.85,51.94,50.07,50.18
20240201,20635670,50.23,50.46,49.82,50.18
20240202,20533100,50.14,50.38,49.615,50.18
20240205,19601990,49.94,50.15,49.26,49.51
20240206,19265800,50.31,50.61,49.785,49.98
20240207,16794360,50.30,50.35,49.46,49.77
20240208,19598990,49.90,49.99,49.55,49.95
20240209,24076860,49.93,50.26,49.63,50.13
20240212,19046330,50.03,50.20,49.525,49.99
20240213,23633710,49.62,49.94,49.14,49.64
20240214,31176440,49.57,50.34,49.5518,50.28
20240215,42766540,48.255,49.685,48.19,49.06
20240216,24912310,48.75,49.075,48.39,48.44
20240220,26402460,47.97,48.47,47.85,48.28
20240221,15999170,48.45,48.52,47.90,48.48
20240222,22020350,48.27,48.70,48.154,48.57
20240223,13141860,48.62,49.14,48.50,48.86
20240226,13018740,48.85,48.90,48.36,48.40
20240227,12515380,48.15,48.45,48.02,48.31
20240228,14635130,48.20,48.48,48.01,48.06
20240229,22962460,48.19,48.48,48.13,48.37
20240301,18508070,48.11,48.42,47.66,48.40
20240304,25214520,48.37,49.465,48.225,49.13
20240305,18101300,49.04,49.07,48.57,48.95
20240306,20903550,48.98,49.405,48.965,49.17
20240307,21224700,49.44,49.48,48.825,48.90
20240308,19316210,48.87,49.78,48.85,49.50
20240311,17715070,49.72,50.30,49.58,50.22
20240312,17590420,50.544,50.55,49.885,50.07
20240313,16669860,50.03,50.15,49.825,50.11
20240314,17239400,50.27,50.345,49.60,49.79
20240315,57049240,49.79,49.96,48.904,48.93
20240318,17406660,49.22,49.66,48.98,49.27
20240319,19601130,49.12,49.595,48.97,49.14
20240320,18554110,49.04,49.58,48.94,49.55
20240321,26102850,49.71,50.19,49.56,49.88
20240322,15022860,50.05,50.10,49.72,49.78
20240325,16191160,49.56,49.76,49.29,49.68
20240326,13842920,49.55,49.81,49.48,49.55
20240327,17230960,49.77,49.90,49.41,49.77
20240328,18139740,49.89,50.195,49.81,49.91
20240401,15138080,49.96,50.20,49.865,50.04
20240402,16414410,49.96,50.09,49.145,49.36
20240403,22210020,48.80,49.22,48.66,48.74
20240404,17373970,49.09,49.55,48.0431,48.11
20240405,18661290,47.96,48.67,47.89,48.55
20240408,15375700,48.19,48.66,48.16,48.24
20240409,26697100,48.84,50.20,48.515,50.01
20240410,20026350,49.73,49.77,48.81,49.21
20240411,15703890,49.32,49.59,49.00,49.53
20240412,16418050,49.21,49.23,48.44,48.49
20240415,20310810,49.72,49.79,48.20,48.24
20240416,14233430,48.47,48.51,47.84,47.92
20240417,14407570,48.00,48.28,47.7101,47.79
20240418,13080920,48.41,48.41,47.88,48.11
20240419,20964430,48.39,48.43,48.03,48.32
20240422,20135730,48.49,48.59,48.00,48.14
20240423,16261700,48.14,48.46,48.055,48.32
20240424,14828460,48.05,48.38,47.92,48.35
20240425,18790890,48.78,48.93,47.85,48.10
20240426,14658910,47.64,48.28,47.61,47.86
20240429,11599450,47.99,48.31,47.58,47.78
20240430,18535440,47.61,47.69,46.97,46.98
20240501,18266420,46.70,47.57,46.681,46.84
20240502,15441650,47.03,47.12,46.60,46.79
20240503,17935300,47.10,47.40,46.84,47.12
20240506,14162950,47.22,47.435,46.97,47.11
20240507,14308160,47.21,47.46,47.005,47.28
20240508,15130160,47.44,48.14,47.25,48.00
20240509,12449350,48.00,48.09,47.65,47.79
20240510,12096900,48.00,48.10,47.70,48.06
20240513,15149100,48.31,48.82,48.23,48.68
20240514,17379730,48.98,49.18,48.35,48.95
20240515,37342050,49.19,49.725,48.73,49.67
20240516,47829400,50.08,50.11,48.165,48.34
20240517,22020310,48.26,48.56,48.105,48.17
20240520,22040660,48.00,48.07,47.01,47.13
20240521,25172250,47.12,47.15,46.61,46.94
20240522,19940630,47.10,47.835,47.035,47.43
20240523,18837550,47.15,47.19,46.51,46.60
20240524,11941080,46.63,46.795,46.38,46.42
20240528,18178770,46.152,46.885,45.98,46.28
20240529,16001100,45.90,46.33,45.85,46.08
20240530,19898120,46.10,46.46,46.00,46.12
20240531,39269070,46.14,46.57,46.01,46.50
20240603,23294990,46.72,46.77,46.28,46.65
20240604,23330320,46.65,47.60,46.51,47.42
20240605,28746400,47.52,47.63,45.64,46.02
20240606,15456060,45.94,46.39,45.78,46.23
20240607,15734610,45.954,46.29,45.79,45.84
20240610,13404610,45.80,45.86,45.27,45.85
20240611,17450740,45.69,45.93,45.36,45.77
20240612,16803100,45.99,46.08,45.39,45.62
20240613,16149010,45.42,45.55,45.12,45.52
20240614,15274180,45.32,45.705,44.97,45.68
20240617,16381950,45.40,45.71,44.95,45.69
20240618,17627020,45.50,45.99,45.50,45.97
20240620,25613170,45.91,46.87,45.86,46.72
20240621,65576290,47.10,47.84,47.05,47.29
20240624,19136150,47.49,47.78,47.015,47.28
20240625,17793640,47.27,47.82,46.99,47.38
20240626,13981320,47.06,47.41,46.80,46.86
20240627,16541900,46.78,47.51,46.77,47.45
20240628,23921060,47.55,47.8585,47.34,47.51
20240701,17776000,47.48,47.835,47.35,47.52
20240702,19794240,47.40,47.79,46.96,47.28
20240703,8118296,47.15,47.52,47.04,47.09
20240705,14692600,46.43,46.76,46.305,46.65
20240708,19320860,46.35,46.78,45.95,46.06
20240709,17346620,46.00,46.10,45.65,45.80
20240710,18737310,46.055,46.29,45.83,46.27
20240711,19748700,46.175,46.9095,46.175,46.76
20240712,20936110,46.78,47.855,46.65,47.38
20240715,15925930,47.41,47.485,46.785,47.40
20240716,17037330,47.45,47.965,47.215,47.42
20240717,26638650,47.46,48.74,47.35,48.52
20240718,18462470,48.15,48.64,47.98,48.04
20240719,18289180,48.09,48.10,47.14,47.32
20240722,19899390,47.32,47.38,46.77,46.82
20240723,16372010,46.745,46.775,46.34,46.36
20240724,25318240,46.535,47.035,46.24,46.85
20240725,20631190,47.37,48.185,47.06,47.24
20240726,16104860,47.32,48.01,47.24,47.88
20240729,11475670,47.82,48.21,47.44,47.99
20240730,20165990,48.19,48.55,47.89,48.14
20240731,19953600,48.41,48.77,48.24,48.45
20240801,18837520,48.62,48.72,47.20,47.39
20240802,24000150,47.68,47.75,46.35,46.66
20240805,29669600,46.55,46.68,44.6943,44.74
20240806,20524010,44.75,45.74,44.64,45.16
20240807,18301130,45.42,46.21,45.09,45.12
20240808,18369100,45.28,46.265,45.28,45.83
20240809,21217650,45.70,46.055,45.24,45.47
20240812,20289550,45.53,45.74,44.50,44.86
20240813,20976920,44.98,45.385,44.89,45.37
20240814,30675620,45.14,45.74,45.04,45.44
20240815,45976380,48.75,50.28,48.1615,48.53
20240816,27424890,48.64,49.73,48.50,49.46
20240819,16436580,49.33,49.99,49.30,49.98
20240820,18697260,49.98,50.37,49.595,50.24
20240821,21177600,50.29,50.55,50.03,50.45
20240822,19143130,50.715,50.93,50.18,50.22
20240823,16474070,50.51,50.77,50.32,50.74
20240826,12016800,50.79,51.015,50.7242,50.79
20240827,10243880,50.67,50.84,50.40,50.71
20240828,14571380,50.45,50.57,49.41,49.85
20240829,16324070,49.97,50.82,49.88,50.39
20240830,15615760,50.55,50.685,50.07,50.54
20240903,14918580,50.31,50.50,49.90,50.06
20240904,16411750,49.82,50.04,49.58,49.70
20240905,16311960,49.50,49.645,48.935,49.13
20240906,21040500,48.87,49.23,48.20,48.50
20240909,18677580,48.47,49.15,48.26,48.70
20240910,11754940,48.79,48.97,48.44,48.79
20240911,15106550,48.75,49.21,47.8501,49.11
20240912,13236850,49.09,49.64,48.86,49.61
20240913,10168930,49.74,50.055,49.67,49.80
20240916,16668240,49.88,51.07,49.78,51.03
20240917,13230270,51.02,51.415,50.57,50.61
20240918,12697700,50.39,51.14,50.27,50.57
20240919,16273990,51.41,51.715,51.145,51.44
20240920,44096640,51.45,52.33,51.415,51.97
20240923,18343360,52.06,52.44,51.89,52.19
20240924,26479290,52.21,52.57,52.005,52.52
20240925,22422190,52.57,52.73,52.365,52.65
20240926,18374000,53.00,53.29,52.76,52.85
20240927,13868340,53.04,53.217,52.86,53.02
20240930,17807630,53.02,53.31,52.645,53.22
20241001,16621840,53.11,53.20,52.31,52.74
20241002,11071270,52.395,52.835,52.1301,52.62
20241003,11029130,52.19,52.66,52.16,52.43
20241004,11728610,52.80,52.91,52.41,52.75
20241007,10941700,52.58,52.85,52.37,52.51
20241008,12365170,52.64,52.77,52.195,52.73
20241009,10586120,52.65,53.675,52.54,53.56
20241010,9377463,53.70,53.81,53.42,53.54
20241011,12704530,53.52,54.33,53.52,54.25
20241014,11428690,54.31,54.405,53.79,54.27
20241015,20066280,54.42,54.61,53.92,54.08
20241016,32382280,55.00,56.41,54.83,56.38
20241017,18383350,56.375,56.575,55.85,56.40
20241018,17679840,56.41,56.87,56.21,56.76
20241021,14083610,56.69,57.055,56.51,56.59
20241022,14956300,56.00,56.90,55.86,56.60
20241023,18722970,56.16,56.59,55.99,56.28
20241024,14699590,56.375,56.55,55.81,55.96
20241025,14680470,56.25,56.6253,55.6656,55.74
20241028,12912310,55.90,55.98,55.21,55.28
20241029,18810080,55.37,56.105,55.27,55.68
20241030,13284260,55.57,56.04,55.37,55.59
20241031,22023370,55.43,55.51,54.705,54.77
20241101,19235610,54.74,55.81,54.53,55.50
20241104,13269890,55.45,55.91,55.12,55.83
20241105,10183610,55.90,56.27,55.50,56.16
20241106,20506040,57.189,58.085,56.955,57.87
20241107,17880230,57.80,58.30,57.54,58.08
20241108,17517690,58.09,58.1999,57.655,58.06
20241111,17826980,59.00,59.38,58.36,58.63
20241112,16609360,58.76,59.035,58.43,58.71
20241113,36350610,58.15,59.28,57.84,59.18
20241114,33747650,58.99,58.99,57.52,57.92
20241115,28173710,57.45,58.10,57.23,57.46
20241118,23770460,57.55,57.99,57.23,57.31
20241119,17476190,56.68,57.04,56.35,57.01
20241120,15344950,56.84,57.50,56.61,57.50
20241121,16162440,57.29,57.93,57.10,57.56
20241122,14952320,57.59,58.70,57.455,58.55
20241125,52408190,58.65,58.96,58.26,58.74
20241126,14209690,59.00,59.64,58.94,59.59
20241127,12703320,59.61,59.87,58.93,59.29
20241129,11618360,59.07,59.59,59.04,59.21
20241202,15977740,59.25,59.70,59.14,59.43
20241203,11746010,59.43,59.525,59.165,59.48
20241204,16872100,59.64,59.84,59.265,59.62
20241205,19121700,59.79,60.23,59.70,60.02
20241206,14623060,60.00,60.08,59.765,59.89
20241209,16517460,59.83,59.88,58.86,58.95
20241210,14480190,58.50,58.86,58.13,58.72
20241211,26842940,58.88,58.96,58.31,58.59
20241212,17704610,58.69,59.74,58.625,58.85
20241213,14129780,58.62,58.935,58.38,58.62
20241216,26883240,58.47,58.49,57.845,58.35
20241217,24912520,58.38,59.07,58.17,58.52
20241218,24195150,58.71,58.71,57.48,57.53
20241219,21947820,57.39,58.14,57.34,57.63
20241220,69544630,57.568,58.78,57.27,58.52
20241223,18671220,58.13,59.015,58.12,58.98
20241224,9922346,58.80,59.85,58.80,59.85
20241226,8526942,59.62,60.055,59.40,59.98
20241227,13021410,59.57,60.02,59.135,59.61
20241230,12948050,59.09,59.39,58.41,59.19
20241231,14173020,59.22,59.375,58.765,59.20
20250102,16144280,59.27,59.68,58.57,59.10
20250103,18859540,58.84,59.17,58.36,58.86
20250106,18543300,58.91,59.58,58.585,58.77
20250107,16863780,58.97,59.245,58.645,58.93
20250108,14400340,58.89,59.24,58.27,59.20
20250110,17274460,58.79,59.06,58.54,58.74
20250113,19340700,58.92,58.93,58.17,58.76
20250114,16715460,58.97,59.34,58.75,59.33
20250115,19185140,59.8551,60.34,59.5925,59.98
20250116,18445710,60.18,60.4451,59.78,59.82
20250117,23876380,60.76,60.95,60.20,60.23
20250121,18623770,60.47,61.33,60.28,61.03
20250122,19436630,61.04,61.755,60.99,61.63
20250123,14212050,61.80,62.315,61.3801,62.23
20250124,17232950,62.06,62.2899,61.86,62.23
20250127,33730340,61.39,61.46,58.76,59.08
20250128,25473320,59.02,59.56,58.92,59.43
20250129,17925290,59.95,60.5363,59.51,59.55
20250130,17079040,60.47,61.075,60.2501,60.47
20250131,16555700,60.53,61.19,60.455,60.60
20250203,20375710,60.19,61.255,59.55,61.04
20250204,12742710,60.84,61.5947,60.73,61.34
20250205,19008320,61.45,62.71,61.30,62.57
20250206,15521840,62.82,62.91,62.0701,62.27
20250207,23861030,62.74,63.25,62.21,62.27
20250210,15816240,63.12,63.1541,62.38,62.81
20250211,17702460,62.53,62.80,62.175,62.43
