Date,Volume,Open,High,Low,Close,MA5,MA10,MA20,EMA5,EMA12,EMA26,DIF,MACD,RSI,K,D
20200121,48932020,73.95,74.4942,73.5105,74.1125,,,,74.1125,74.1125,74.1125,0.0,0.0,,50.0,50.0
20200122,28458920,74.4865,75.0291,74.1331,74.2085,,,,74.14450000000001,74.12726923076923,74.1196111111111,0.007658119658131568,0.0015316239316263136,,48.654462443478735,49.55148748115957
20200123,26651240,74.3775,74.675,74.016,74.2345,,,,74.17450000000001,74.14376627218935,74.12812139917695,0.01564487301240547,0.004354273747782145,,48.328138490129874,49.143704484149666
20200124,29785600,74.641,74.71,73.159,73.3085,,,,73.88583333333335,74.01526376877561,74.06740870294162,-0.05214493416600874,-0.0069455678349760325,,34.88350062933937,44.390303199212894
20200127,34131320,71.577,71.829,70.975,71.5865,73.4901,,,73.1193888888889,73.6416078043486,73.8836376879089,-0.2420298835603063,-0.05396243098004209,,28.28349899302024,39.02136846381534
20200128,29731720,72.087,72.74,71.518,72.525,73.1726,,,72.92125925925927,73.46982198829497,73.78299785917491,-0.31317587087994525,-0.10580511896002273,,31.59996600439124,36.54756764400731
20200129,21639280,72.923,73.207,72.2693,72.835,72.89789999999999,,,72.89250617283952,73.37215706701882,73.71277579553232,-0.3406187285135047,-0.15276784087071915,,36.359804013780675,36.484979767265095
20200130,27109440,71.905,72.7625,71.75,72.7125,72.59349999999999,,,72.83250411522636,73.27067136440054,73.63868129215956,-0.36800992775901875,-0.19581625824837906,,38.525818546207326,37.16525936024584
20200131,43821500,73.393,73.4835,71.353,71.639,72.2596,,,72.43466941015092,73.0196450006466,73.49055675199959,-0.47091175135298613,-0.2508353568693005,,31.14337271209872,35.157963810863464
20200203,72175200,73.0825,74.315,72.8305,74.13,72.7683,73.1292,,72.99977960676728,73.19046884670098,73.53792291851813,-0.34745407181715393,-0.27015909985887115,,46.703065589916264,39.00633107054773
20200204,95879340,72.7245,73.3668,71.1015,72.2705,72.7174,72.94500000000001,,72.75668640451153,73.04893517797775,73.44403973936865,-0.39510456139089456,-0.2951481921652759,,42.697179826566256,40.23661398922057
20200205,36375860,73.1805,73.229,71.4838,72.3025,72.61089999999999,72.7544,,72.60529093634102,72.93409899675041,73.35948124015616,-0.4253822434057497,-0.3211950024133706,,40.312176109277104,40.26180136257275
20200206,37821580,72.599,74.078,72.524,73.7985,72.8281,72.7108,,73.00302729089401,73.06708376648112,73.39200114829274,-0.3249173818116162,-0.3219394782930198,,55.053426787422325,45.192343170855935
20200207,28360980,73.3693,74.2622,73.2705,73.9555,73.2914,72.7755,,73.32051819392935,73.20376318702249,73.43374180397475,-0.22997861695226618,-0.3035473060248691,49.30222222222224,66.30655816220772,52.23041483463986
20200210,38301440,73.8615,75.444,73.76,75.433,73.55199999999999,73.16015,,74.0246787959529,73.54672269671134,73.58183500368033,-0.035112306968983376,-0.24986030621369199,55.18758593596547,77.45326867309726,60.63803278079232
20200211,34852940,75.6635,76.494,75.2725,75.503,74.1985,73.45795,,74.51745253063527,73.84768843567883,73.72414352192622,0.12354491375261034,-0.1751792622204315,55.09585482029682,78.84305378700998,66.70637311619821
20200212,31042720,75.793,76.015,75.4335,75.9315,74.9243,73.7676,,74.98880168709019,74.16827483018979,73.88765140919095,0.2806234209988361,-0.084018725576578,56.47512210012212,82.41831773097837,71.94368798779159
20200213,22913160,75.5,76.2973,75.2,75.6695,75.2985,74.0633,,75.21570112472679,74.39923254862212,74.01964019369532,0.37959235492679966,0.008703490524097537,59.489549839228324,83.18229372453108,75.68988990003808
20200214,23197140,75.7265,76.0025,75.2775,75.9365,75.6947,74.49305,,75.45596741648453,74.63573523344948,74.16162980897715,0.4741054244723273,0.10178387731374348,69.79972690031862,85.3420514800845,78.90727709338688
20200218,25680220,75.717,76.5278,75.5505,75.972,75.80249999999998,74.67724999999999,73.90322499999999,75.62797827765635,74.8413144283034,74.29573130460848,0.5455831236949251,0.1905437265899798,67.0948224558619,86.55502348209701,81.45652588962359
20200219,22746760,76.36,76.537,76.0488,76.2435,75.9506,75.07455,74.009775,75.83315218510424,75.0570352854875,74.44001046723008,0.6170248182574198,0.2758399449234678,66.96868621496493,88.59877219597223,83.83727465840647
20200220,25967720,75.9505,76.3535,75.2128,75.8495,75.9342,75.42925,74.091825,75.83860145673617,75.17895293387403,74.54441709928712,0.634535834586913,0.3475791228561569,65.20601066408145,85.38351739948841,84.35268890543378
20200221,42536860,75.229,75.5473,73.9245,74.173,75.63489999999999,75.4667,74.08875,75.28340097115745,75.02419094404726,74.51690472156214,0.5072862224851207,0.3795205427819497,61.60468950357212,61.87973300165146,76.861703604173
20200224,49560780,71.1525,71.819,70.3395,70.993,74.6462,75.17044999999999,73.97297499999999,73.85326731410497,74.40400772188615,74.25587474218716,0.14813297969898542,0.3332430301653569,36.48660291203583,44.76801347615808,66.16380689483469
20200225,51579320,71.55,71.8423,69.021,69.316,73.31500000000001,74.55875,73.85945000000001,72.34084487606998,73.62123730313442,73.88995809461774,-0.26872079148331807,0.2128502658356219,37.069455993697765,31.15366234582262,54.493758711830665
20200226,49803560,69.749,70.6835,68.8275,69.5235,71.971,73.9608,73.709375,71.40172991738,72.99081617957528,73.56651675427568,-0.5757005747004058,0.055140097728416354,38.021551724137936,23.778382502550475,44.25529997540393
20200227,62289520,67.957,68.47,65.712,65.7475,69.95060000000001,72.94239999999999,73.35499999999999,69.51698661158667,71.876459844256,72.98733032803304,-1.1108704837770347,-0.17806201857267387,20.997838616714645,15.961569859283069,34.82405660336364
20200228,80218000,63.7155,67.1225,63.4105,66.9625,68.5085,72.0717,73.06750000000001,68.66549107439113,71.12046602206277,72.54104660003058,-1.4205805779678116,-0.42656573045170143,26.59325210871603,19.6609681056326,29.769693770786624
20200302,55429260,67.5695,69.3735,66.26,69.316,68.1731,71.40965,72.95135,68.88232738292743,70.84285586482235,72.30215425928758,-1.4592983944652218,-0.6331122632544055,30.659542177817087,28.103693436360864,29.214360325978035
20200303,56602240,69.884,70.4095,66.4621,66.886,67.6871,70.50105,72.58915,68.21688492195162,70.23410880869584,71.9009576474885,-1.66684883879266,-0.8398595783620564,26.293056014086048,27.686579831920394,28.705100161292155
20200304,47597120,67.948,69.139,66.85,69.08,67.5984,69.7847,72.429625,68.50458994796774,70.05655360735801,71.69199782174861,-1.6354442143906027,-0.9989765055677657,32.81927831690864,34.02882045262075,30.479673591735015
20200305,54379640,67.2775,67.6815,65.082,65.738,67.5965,68.77355,72.1014,67.58239329864517,69.39216074468754,71.25096094606354,-1.858800201375999,-1.1709412447294123,28.42807185212537,31.887158004412477,30.948835062627502
20200306,64646300,63.4975,65.1375,62.8605,64.787,67.1614,67.83494999999999,71.65082500000001,66.65059553243012,68.68367447627408,70.77214902413291,-2.088474547858837,-1.3544479053552974,26.48132132385514,28.407748689129296,30.101806271461435
20200309,69251560,60.248,62.6365,59.902,60.7895,65.45609999999999,66.81460000000001,70.992525,64.69689702162009,67.46918609530883,70.0326935408638,-2.5635074455549756,-1.596259813395233,22.560589904393566,21.68239685212925,27.29533646501737
20200310,54871320,62.7195,63.7925,60.7255,63.7585,64.8306,66.25885,70.40880000000001,64.3840980144134,66.89831131141516,69.56793846376279,-2.66962715234763,-1.8109332811857126,29.440437374435987,26.689049721547978,27.093240883860908
20200311,54833880,62.4135,62.8465,59.557,60.545,63.123599999999996,65.361,69.6609,63.1043986762756,65.92087880196667,68.89957265163221,-2.9786938496655466,-2.0444853948816792,26.93889851578392,20.827330851760696,25.00460420649417
20200312,94325860,56.131,59.4375,55.4235,55.5775,61.09150000000001,64.34400000000001,68.64320000000001,60.5954324508504,64.32958975551026,67.91275245521501,-3.583162699704758,-2.352220855846295,24.508204586891864,14.227429162528846,21.412212525172396
20200313,79399460,58.7495,60.72,55.6145,60.7135,60.2768,63.71909999999999,67.89540000000001,60.63478830056694,63.773268254662526,67.37947449556945,-3.6062062409069284,-2.603017932858422,36.62550904903785,21.251490432388344,21.358638494244378
20200316,96519620,54.4805,57.2735,53.354,53.65,58.8489,62.152499999999996,66.781075,58.306525533711294,62.21584236932983,66.36247638478653,-4.146634015456705,-2.9117411493780785,32.12296877852839,14.792726279178543,19.17000108922243
20200317,83193720,54.532,56.3,52.455,55.903,57.2778,61.054199999999994,65.777625,57.50535035580753,61.24463585097139,65.58770035628383,-4.343064505312441,-3.1980058205649513,35.15039848238719,17.41006126117458,18.583354479873147
20200318,93044760,52.997,55.2495,51.85,54.5595,56.0807,59.60215000000001,64.693425,56.523400237205024,60.216153412360406,64.77079662618874,-4.554643213828335,-3.4693332992176282,37.11920606046652,18.403822590547865,18.52351051676472
20200319,74064960,54.411,57.6305,52.7775,55.5835,56.0819,58.58669999999999,63.680125,56.21010015813669,59.5034375027665,64.09025613535995,-4.586818632593449,-3.6928303658927923,36.84143577408761,22.689981231602424,19.912334088377285
20200320,82877940,56.545,56.9239,53.105,53.4105,54.6213,57.44905,62.641999999999996,55.27690010542447,58.566062502340884,63.299163088296254,-4.73310058595537,-3.900884409905308,31.529930906346166,19.482246925317806,19.76897170069079
20200323,83672580,52.8185,53.3455,50.4435,52.7065,54.4326,56.64074999999999,61.727675,54.42010007028298,57.66459134813459,62.51452137805209,-4.849930029917495,-4.0906935339077455,32.84661819677487,19.070026532006594,19.535989977796056
20200324,72468700,55.199,56.6665,54.3215,56.5005,54.552099999999996,55.91495,61.0869,55.11356671352199,57.4855003714985,62.06903831301119,-4.583537941512688,-4.189262415428734,35.34933556945367,32.36011791668148,23.810699290757864
20200325,90323240,56.229,57.3085,54.1505,55.081,54.6564,55.368550000000006,60.364774999999995,55.102711142348,57.1155772374218,61.551405845380735,-4.435828607958932,-4.238575653934774,37.00651076592944,36.61582262253863,28.079073734684783
20200326,76688440,55.736,58.574,54.6015,58.146,55.168899999999994,55.6254,59.9847,56.11714076156534,57.27410381627999,61.29915356053772,-4.025049744257728,-4.195870471999365,42.29993275050437,55.98917211590516,37.38243986175824
20200327,62793220,56.3735,57.5525,55.2001,55.513,55.5894,55.10535,59.412225,55.91576050771023,57.00316476762153,60.87054959309048,-3.867384825468953,-4.130173342693283,43.68212459738736,58.10999437413581,44.29162469921743
20200330,58736540,56.632,57.55,54.9245,57.3155,56.51120000000001,55.471900000000005,58.8122,56.3823403384735,57.0512163418336,60.60721258619489,-3.555996244361289,-4.015337923026884,42.06370713441072,66.91374530134769,51.83233156659418
20200331,65279420,57.4365,58.67,56.836,58.0975,56.830600000000004,55.69135,58.372775000000004,56.954060225649,57.21218305847458,60.42130795018045,-3.2091248917058692,-3.8540953167626815,46.79314998493206,75.62275781288409,59.762473648690815
20200401,51970380,56.2,56.471,54.6745,55.105,56.83540000000001,55.745900000000006,57.67402500000001,56.33770681709934,56.88800104947849,60.0275073612782,-3.139506311799707,-3.711177515770087,49.347114175567555,69.30331790738796,62.94275506825653
20200402,56410680,55.0,56.1385,54.6565,55.8515,56.3765,55.7727,57.179700000000004,56.175637878066226,56.72853934955872,59.718173482665,-2.9896341331062786,-3.5668688392373253,42.35438419927035,68.11513561985673,64.66688191878993
20200403,51373880,55.7355,55.9395,53.754,54.635,56.200900000000004,55.89515,56.6721,55.66209191871082,56.40645637270353,59.34164211357871,-2.935185740875177,-3.4405322195648957,51.89795367836911,51.3837817612172,60.23918186626568
20200406,63319820,56.65,59.5377,56.25,59.1595,56.5697,56.54045,56.59060000000001,56.827894612473884,56.83000154613376,59.32815010516547,-2.498148559031712,-3.252055487458259,55.76974185432576,65.40949894500659,61.962620892512646
20200407,61619100,60.8505,61.0388,58.8625,59.128,56.775800000000004,56.803200000000004,56.359075,57.59459640831593,57.183539769805485,59.31332417144951,-2.1297844016440237,-3.027601270295412,58.48895330471784,68.19634654024671,64.04052944175733
20200408,40334260,60.155,60.745,59.1977,60.35,57.8248,57.330099999999995,56.349325,58.51306427221063,57.670687497527716,59.39011497356436,-1.7194274760366426,-2.7659665114436587,58.79217161935329,75.6457962951524,67.90895172622234
20200409,54028460,60.909,61.0995,59.6208,60.3285,58.7202,57.548350000000006,56.586875,59.118209514807084,58.0795817286773,59.45962497552256,-1.3800432468452613,-2.4887818585239794,63.86094970947705,80.26512347115393,72.02767564119954
20200413,38702560,60.075,60.726,59.1166,60.5205,59.897299999999994,58.049099999999996,56.577225,59.58563967653806,58.4551076165731,59.538208310669035,-1.0831006940959327,-2.2076456256383703,65.98412633473795,84.21595665893959,76.09043598044622
20200414,63357240,61.9987,63.7875,61.4271,63.2615,60.7177,58.6437,57.0578,60.81092645102538,59.19455259863878,59.81400769506392,-0.619455096425142,-1.8900075197957247,64.45275758871311,87.72982516154018,79.97023237414419
20200415,42236840,62.3255,63.7555,61.7,62.865,61.46510000000001,59.12044999999999,57.405899999999995,61.495617634016924,59.759236814232814,60.040007125059184,-0.2807703108263695,-1.5681600780018536,67.40063486386194,88.75515029705907,82.89853834844914
20200416,57895140,63.357,63.6679,61.91,62.8715,61.96939999999999,59.8971,57.82149999999999,61.95424508934462,60.23804653512008,60.24974733801776,-0.011700802897685492,-1.25686822298102,62.23683869798274,89.46029471308064,85.08579046999297
20200417,51056480,64.085,64.5,63.3,63.95,62.6937,60.70694999999999,58.239824999999996,62.619496726229755,60.80911629894776,60.52384012779423,0.28527617115352655,-0.9484393441541106,73.76084262701363,90.75130758649821,86.97429617549471
20200420,35291860,63.4945,63.841,62.822,63.0575,63.2011,61.5492,58.72217500000001,62.765497817486505,61.15502148372502,60.71151863684651,0.44350284687850916,-0.6700509059475867,67.04464497744002,85.30501067481254,86.41786767526732
20200421,49648080,62.1355,62.5,60.25,60.608,62.670399999999994,61.69404999999999,59.11725,62.04633187832434,61.07086433238271,60.7038505896727,0.3670137427100144,-0.4626379762160664,56.780919968668115,66.10456767925916,79.64676767659793
20200422,46315840,62.0555,63.994,61.86,62.9205,62.68149999999999,62.073299999999996,59.43825,62.33772125221623,61.3554236658623,60.86804684228953,0.4873768235727667,-0.2726350162582998,71.91486975296523,67.62298047634377,75.63883860984654
20200423,34202440,63.287,64.4075,63.0265,63.5585,62.8189,62.39415,59.862125000000006,62.74464750147749,61.69435848649887,61.0673396687866,0.6270188177122691,-0.09270424946418601,71.74293291203519,72.58567114913117,74.62111612294142
20200424,37440080,62.75,63.8855,62.2,63.83,62.794900000000005,62.744299999999996,60.146325000000004,63.10643166765166,62.0229187193452,61.27198117480241,0.7509375445427864,0.07602410933720848,77.40195494099413,76.46887880530312,75.23703701706198
20200427,44186660,64.6,64.705,63.253,63.543,62.891999999999996,63.04655,60.547825,63.25195444510111,62.256777377907476,61.440204791483715,0.8165725864237601,0.2241338047545188,67.47737331047404,75.61823495362894,75.36410299591762
20200428,80700140,64.16,64.238,61.519,61.6295,63.0963,62.88335000000001,60.763525,62.711136296734075,62.16027316592171,61.45422665878122,0.706046507140492,0.32051634523171346,58.67221355520887,60.73389251304406,70.4873661682931
20200429,108357760,67.25,68.0075,66.3365,67.109,63.93399999999999,63.30775,61.214099999999995,64.17709086448939,62.92161575577991,61.87309875813075,1.048516997649159,0.46611647571520265,68.09154175588863,69.96181511826742,70.3121824849512
20200430,55842480,66.568,67.5,66.075,67.335,64.6893,63.754099999999994,61.825599999999994,65.22972724299292,63.60059794719839,62.27768403530625,1.3229139118921367,0.6374759629505895,68.55092800974343,77.08486675517968,72.56974390836068
20200501,48871080,66.2045,67.5715,65.483,65.866,65.09649999999999,63.9457,62.326325,65.44181816199529,63.9491213399371,62.54348521787615,1.4056361220609475,0.7911079947726611,63.25670213029785,75.52139682915944,73.5536282152936
20200504,30806940,65.4065,66.2235,64.8005,66.145,65.6169,64.25444999999999,62.901824999999995,65.67621210799686,64.28694882610063,62.81026409062607,1.4766847354745565,0.9282233429130403,58.145710330800306,74.11272079586973,73.73999240881898
20200505,39666360,66.875,68.5505,66.7515,67.451,66.7812,64.93875,63.3164,66.2678080719979,64.77372592977746,63.15402230613525,1.6197036236422022,1.0665193990588728,62.32199473373098,77.52955474423737,75.00317985395844
20200506,31732580,67.9,68.4345,67.2565,67.2715,66.81370000000001,65.37384999999999,63.723575,66.60237204799861,65.15799886365784,63.45902065382894,1.6989782098289012,1.1930111612128784,61.7133425620275,78.95651133557138,76.32095701449609
20200507,30716380,68.0655,68.8,67.627,68.464,67.0395,65.8644,64.129275,67.22291469866575,65.6666144230951,63.829759864656424,1.8368545584386737,1.3217798406580377,61.94432684165962,84.43275731669598,79.02489044856272
20200508,33329740,69.091,69.832,68.6005,69.217,67.7097,66.4031,64.5737,67.88760979911049,66.21282758877277,64.22881468949669,1.984012899276081,1.4542264523816464,66.4196411910538,87.15582112945137,81.73520067552559
20200511,32717120,68.8395,70.7765,68.775,70.1795,68.51660000000001,67.06674999999998,65.05664999999999,68.651573199407,66.82308488280773,64.66960619397841,2.153478688829324,1.594076899671182,77.71215148093466,88.10722747318181,83.85920960807766
20200512,33917480,70.411,70.7165,68.7255,68.759,68.7782,67.77969999999999,65.331525,68.687382132938,67.12091797776039,64.97252425368372,2.1483937240766693,1.7049402645522795,67.8247595786903,80.81813826190702,82.84551915935411
20200513,40368080,68.808,69.2665,66.4005,67.4165,68.8072,67.81045,65.5591,68.26375475529201,67.16639213502802,65.1535594941516,2.012832640876425,1.7665187398171087,61.29258868984898,68.47045897514016,78.05383243128279
20200514,36660340,66.676,67.8685,66.165,67.843,68.68299999999999,67.86125,65.807675,68.12350317019468,67.27048565271602,65.35277730939963,1.9177083433163915,1.7967566605169654,61.640656726808636,62.617633069549065,72.90843264403821
20200515,41543980,67.413,68.729,66.95,68.653,68.5702,68.13995,66.04282500000001,68.30000211346312,67.48318016768279,65.5972382494441,1.8859419182386858,1.8145937120613096,64.3862612612613,59.72911415667002,68.51532648158215
20200518,47128980,68.079,69.638,67.71,69.259,68.3861,68.45135,66.3529,68.61966807564208,67.75638321880851,65.8684798605964,1.8879033582121139,1.8292556412914707,73.18644582890141,62.183788345582954,66.40481376958242
20200519,31585000,69.274,69.6245,68.688,68.72,68.37830000000001,68.57825,66.7585,68.65311205042806,67.90463195437643,66.0797035746263,1.8249283797501334,1.8283901889832033,56.997046560111215,59.92418084580659,64.24460279499047
20200520,38262660,69.458,70.6013,69.371,70.458,68.9866,68.8969,67.135375,69.25474136695205,68.29745780754928,66.40402182835767,1.893435979191608,1.8413993470248842,61.98940417690421,70.98057175473447,66.4899257815718
20200521,30899520,70.5495,70.823,69.7195,70.3375,69.4855,69.08425,67.474325,69.61566091130138,68.6113104525417,66.69539058181266,1.9159198707290415,1.8563034517657158,69.1490728448461,77.17940507135447,70.05308554483268
20200522,28544120,70.195,70.85,69.7975,70.662,69.88730000000001,69.22875,67.81592500000001,69.96444060753426,68.92680115215067,66.98921350167839,1.937587650472281,1.872560291507029,69.26883371725968,83.44866777079989,74.51827962015508
20200526,44589760,72.098,72.2555,70.9698,71.0685,70.2492,69.31765,68.19219999999999,70.33246040502284,69.25629328258903,67.29138287192444,1.9649104106645865,1.8910303153385406,66.71441112599922,82.46932228421932,77.16862717484315
20200527,31683700,71.0,71.2673,69.73,71.014,70.708,69.54315,68.661425,70.55964027001522,69.52670970065225,67.56713228881893,1.9595774118333225,1.9047397346374972,67.49404010657688,81.51814655305121,78.61846696757917
20200528,35195740,70.0,72.223,69.9538,70.912,70.7988,69.8927,68.851575,70.6770935133435,69.73983128516728,67.81490026742493,1.9249310177423524,1.9087779912584684,62.74203622735795,79.23783828570521,78.82492407362118
20200529,37050440,71.0215,71.8365,70.799,71.676,71.0665,70.276,69.068625,71.010062342229,70.03770339514155,68.10090765502308,1.9367957401184697,1.9143815410304688,62.78465217843406,81.90893468671187,79.85292761131807
20200601,25185080,71.285,72.079,71.114,71.7435,71.2828,70.58505,69.3625,71.25454156148601,70.30013364204285,68.37072931020656,1.9294043318362952,1.917386099191634,58.96583352442099,83.15536080258715,80.95373867507442
20200602,23441380,71.75,72.15,71.0805,72.1155,71.4922,70.8707,69.661025,71.54152770765734,70.57942077403627,68.64811973167274,1.931301042363529,1.9201690878260131,71.87072391998441,87.15239804358066,83.01995846457649
20200603,27732800,72.135,72.4505,71.581,71.9625,71.68190000000001,71.19494999999999,69.8866,71.6818518051049,70.7922021934153,68.89362938117846,1.89857281223685,1.9158498327081808,85.05552128315878,85.4786278669642,83.83951493203907
20200604,26982100,71.839,72.066,70.3005,70.715,71.6425,71.22065,70.058775,71.35956787006994,70.78032493288987,69.02854572331339,1.7517792095764833,1.8830357080818412,69.65776865160858,69.05461180226087,78.91121388877966
20200605,42647000,70.782,72.315,70.3811,72.001,71.70750000000001,71.387,70.235625,71.57337858004664,70.96812109706066,69.24872752158647,1.7193935754741858,1.8503072815603103,71.51394422310767,73.86217519035733,77.22820098930555
20200608,33877620,71.314,72.45,71.224,72.402,71.8392,71.561,70.394875,71.84958572003109,71.18871785135902,69.48230326072822,1.7064145906308,1.8215287433744085,70.74313621964107,81.98052995291721,78.81231064384276
20200609,33623100,72.262,73.39,72.118,72.604,71.93690000000001,71.71455,70.51610000000001,72.1010571466874,71.40645356653455,69.71354005622983,1.6929135103047201,1.795805696760471,76.8269097941706,80.36231826323925,79.32897985030826
20200610,31762320,73.0755,73.6385,72.7178,73.235,72.1914,71.93665000000001,70.7399,72.4790380977916,71.68776840245232,69.97438894095355,1.713379461498775,1.7793204497081319,72.64350945857811,82.87885327794945,80.51227099285532
20200611,47144860,72.0515,72.5802,69.9205,70.095,72.06739999999999,71.85495,70.873825,71.68435873186107,71.44272710976735,69.9833230934755,1.4594040162918418,1.715337163024874,48.67508058788172,56.817030031812045,72.61385733917422
20200612,36675120,71.293,71.7253,69.29,70.646,71.79639999999999,71.75195,71.013975,71.33823915457405,71.32015370826468,70.03241027173658,1.2877434365281033,1.62981841772552,49.914693964597966,48.27240889093321,64.50004118976054
20200615,30553040,69.4745,71.25,69.3598,71.037,71.52340000000001,71.6813,71.133175,71.23782610304937,71.27659159930089,70.10682432568203,1.1697672736188593,1.537808188904188,49.831775700934614,45.573196897355146,58.191093092292064
20200616,30696520,72.45,72.8585,71.4495,72.3235,71.4673,71.7021,71.2864,71.59971740203292,71.43765443017767,70.27102252377965,1.166631906398024,1.4635729324029554,56.1800934447119,53.63536034772891,56.67251551077101
20200617,30610000,72.647,73.11,71.7563,72.627,71.3457,71.76855,71.48175,71.94214493468861,71.6206306716888,70.44553937387005,1.1750912978187529,1.405876605486115,57.94275657650978,61.336608711371596,58.22721324430454
20200618,34861420,72.4925,72.6485,71.3118,71.706,71.6679,71.86765,71.54415,71.86342995645907,71.6337644145059,70.53890682765746,1.0948575868484482,1.3436728017585815,50.13694878115585,59.41086857251919,58.62176502037609
20200619,52783340,72.0,72.225,70.95,71.232,71.7851,71.79075,71.588875,71.65295330430605,71.57195450458192,70.5902470626458,0.9817074419361234,1.27127972979409,47.748580483295925,54.4936049959909,57.245711678914354
20200622,29441440,71.2505,72.5475,70.9595,72.533,72.0843,71.80385,71.682425,71.9463022028707,71.71980765772317,70.734154687635,0.985652970088168,1.2141543778529056,51.69874272693984,61.188216829568304,58.559880062465666
20200623,37751660,72.6,73.76,72.25,73.199,72.2594,71.86335,71.78895,72.36386813524713,71.94737571038114,70.91673582188426,1.0306398884968786,1.1774514799817002,54.82951216654296,69.94203269622221,62.353930940384515
20200624,31591580,73.164,73.7895,71.5,71.635,72.061,71.70335,71.82000000000001,72.12091209016477,71.89931790878404,70.96994057581875,0.9293773329652879,1.1278366505784179,53.50663210855315,64.00032242347694,62.90272810141532
20200625,23958140,71.561,72.116,70.977,72.055,72.1308,71.89935,71.87715,72.09894139344318,71.92326899974034,71.05031534798033,0.8729536517600138,1.0768600508147372,50.22037218413321,62.94816477252423,62.91787365845162
20200626,97640280,71.6315,71.851,67.75,68.127,71.50980000000001,71.64744999999999,71.69969999999999,70.77496092896212,71.3392276151649,70.83377347035216,0.5054541448127452,0.9625788696143389,36.45351416439569,44.04618938031954,56.62731223240759
20200629,45073560,68.017,69.9,67.5825,69.8585,70.9749,71.5296,71.60544999999999,70.46947395264141,71.111423366678,70.7615309910668,0.3498923756111907,0.8400415708137092,42.068925672357544,41.58688550385519,51.613836656223455
20200630,40286400,69.844,71.2,69.3465,70.9025,70.51559999999999,71.3875,71.54480000000001,70.61381596842762,71.079281310266,70.77197313987668,0.30730817038931946,0.7334948907288313,43.419010806083016,45.553922809991874,49.59386537414626
20200701,42182480,70.9585,72.424,70.709,72.1,70.6086,71.3348,71.551675,71.10921064561842,71.23631495484045,70.87034549988581,0.3659694549546373,0.6599898035739925,56.35338107611381,54.62952568407918,51.27241881079056
20200702,57218300,72.592,74.426,72.5533,73.4965,70.8969,71.51385,71.69075000000001,71.90497376374562,71.58403573101884,71.06487546285724,0.519160268161599,0.6318238964915138,58.573190171132964,65.22560668459079,55.923481435390634
20200706,44712600,74.4075,75.5,73.8488,74.9825,72.268,71.8889,71.839825,72.93081584249708,72.10687638778518,71.35506987301596,0.7518065147692141,0.655820420147054,61.13321481983125,74.63835309337944,62.161771988053566
20200707,42363880,74.8065,76.066,74.485,74.496,73.1955,72.0852,71.944525,73.45254389499806,72.47443386658746,71.58773136390367,0.8867025026837894,0.701996836654401,56.42010697715653,76.92339784819035,67.08231394143249
20200708,31765840,75.04,75.5585,74.615,75.18,74.051,72.28330000000001,72.073325,74.02836259666537,72.8906748101894,71.85382533694785,1.0368494732415456,0.76896736397183,57.37861271676303,81.13433100686612,71.76631962991036
20200709,41836660,75.4965,76.4571,74.7795,75.933,74.8176,72.71310000000001,72.208225,74.66324173111025,73.35872483939103,72.15598642309986,1.2027384162911687,0.8557215744356977,62.33656315666587,85.45434791078166,76.32899572353412
20200710,35921260,75.6625,77.067,75.036,76.9505,75.5084,73.20265,72.55100000000002,75.42566115407351,73.91130563333087,72.51113557694431,1.400170056386557,0.9646112708258696,66.17634578936946,89.89345864373868,80.85048336360231
20200713,42954560,77.497,78.818,75.328,75.6115,75.6342,73.95110000000001,72.799275,75.48760743604902,74.17287399743381,72.74079220087437,1.4320817965594443,1.0581053759725847,58.68969994636859,81.97757437534858,81.22618036751773
20200714,38108000,74.6395,76.14,74.2963,76.043,75.94360000000002,74.56955,73.049575,75.67273829069936,74.4605856901363,72.98540018599479,1.475185504141507,1.1415214016063693,58.13547685794383,76.57797102887342,79.67677725463628
20200715,31026500,76.1615,76.8165,74.8915,75.844,76.0764,75.0637,73.2256,75.7298255271329,74.67341866088455,73.19714832036554,1.476270340519008,1.208471189388897,63.060071987091895,68.56119900443045,75.97158450456766
20200716,26484540,75.075,75.7955,74.4135,75.746,76.039,75.42830000000001,73.38154999999999,75.7352170180886,74.83843117459462,73.38595214848661,1.4524790261080085,1.2572727567327195,61.68629685916913,58.4338605936322,70.12567653425583
20200717,34264620,75.8455,76.1715,74.905,75.8425,75.81739999999999,75.66290000000001,73.58837500000001,75.77097801205908,74.99290330158007,73.56791865600611,1.4249846455739572,1.290815134500967,82.25408636762668,50.354274932912645,63.5352093338081
20200720,30165540,75.75,78.4505,75.1348,78.192,76.33349999999999,75.98385,73.93637500000001,76.57798534137272,75.48507202441391,73.91044320000566,1.5746288244082507,1.3475778724824239,83.12596891521235,62.2880664299048,63.119495032507
20200721,27554360,79.2515,79.3525,77.631,77.796,76.68409999999999,76.31385,74.199525,76.98399022758181,75.84059940527331,74.19826222222746,1.6423371830458535,1.4065297345951098,78.8902393026277,64.59738162821681,63.6121238977436
20200722,24482000,77.7855,78.349,77.1615,78.2425,77.1638,76.62010000000001,74.4517,77.40349348505455,76.2101225736928,74.49783539095135,1.7122871827414485,1.4676812242243775,77.47215886220314,69.08050591202746,65.43491790250488
20200723,33909960,78.2965,78.5175,75.4295,75.8375,77.1821,76.61055,74.661825,76.88149565670304,76.1527960238939,74.59706980643644,1.5557262174574618,1.4852902228709943,59.60370856580245,56.21413366986978,62.361323158293175
20200724,29907620,74.9595,75.7714,74.3795,75.4105,77.0957,76.45655,74.8296,76.39116377113537,76.03859663560253,74.65732389484856,1.381272740753971,1.4644867264475898,51.92290412435976,44.82152639816402,56.51472423825012
20200727,27123700,75.663,76.878,75.6165,76.4715,76.75160000000001,76.54255,75.24682500000002,76.41794251409026,76.10519715320214,74.79170731004496,1.3134898431571855,1.4342873497895092,58.439782970906165,43.903405158263965,52.31095121158806
20200728,30910680,76.25,76.3005,75.026,75.1825,76.2289,76.4565,75.513025,76.00612834272684,75.9632437450172,74.82065491670829,1.1425888283089023,1.3759476454933879,50.01015558353983,34.65133505624334,46.42441249313982
20200729,22675460,75.25,76.6665,75.1505,76.1755,75.81550000000001,76.48965000000001,75.776675,76.0625855618179,75.9958985534761,74.92101381176693,1.0748847417091696,1.3157350647365444,50.966250946328216,35.13923040883413,42.66268513170459
20200730,36042420,74.8985,77.0445,74.7585,76.9185,76.0317,76.6069,76.0176,76.34789037454527,76.1378372375567,75.06897575163605,1.0688614859206496,1.2663603489733655,49.86964314811794,40.44472053396767,41.923363599125615
20200731,91527640,74.8525,75.251,72.7,74.3975,75.8291,76.4624,76.06265,75.69776024969684,75.87009304716335,75.01923680707041,0.8508562400929378,1.18325952719728,45.4890011890606,35.46872136812921,39.77181618879348
20200803,45521700,74.55,74.8865,73.586,74.138,75.36240000000001,76.05699999999999,76.020425,75.17784016646456,75.6036171937536,74.95396000654668,0.6496571872069268,1.0765390591992094,42.829719963866296,31.885321479340135,37.142984618975696
20200804,37212180,74.3355,74.6555,73.2015,73.665,75.0589,75.6439,75.978875,74.67356011097638,75.30536839471459,74.85848148754322,0.44688690717137547,0.9506086287936427,41.96415400501552,26.786174783676998,33.69071467387613
20200805,29150360,73.841,74.5,73.5607,73.9545,74.6147,75.21509999999999,75.91760000000001,74.43387340731759,75.09754248783543,74.79151989587334,0.3060225919620905,0.8216914214273323,43.48521764427795,27.482646464523636,31.621358604091963
20200806,33305220,73.8075,75.3135,73.595,75.2475,74.2805,75.15610000000001,75.883325,74.70508227154507,75.12061287432229,74.82529619988271,0.2953166744395759,0.7164164720297811,48.00950086979793,37.867550169198296,33.70342245912741
20200807,27725880,75.452,76.0045,74.3135,74.9185,74.3847,75.10690000000001,75.781725,74.77622151436339,75.08951858596501,74.8322001850766,0.2573184008884084,0.6245968578015065,37.33704692274959,42.266554910052044,36.55779994276895
20200810,20546580,74.54,75.3575,73.8745,74.841,74.52529999999999,74.94385000000001,75.7432,74.79781434290892,75.05128495735501,74.83285202321908,0.218432934135933,0.5433640730683919,38.28032045688899,44.60460318513381,39.2400676902239
20200811,31097060,74.7,75.522,73.9095,74.027,74.5977,74.8283,75.6424,74.54087622860595,74.89370265622347,74.77315928075839,0.12054337546507554,0.45879993354772863,33.75467262707616,39.91785760353149,39.465997661326426
20200812,22531200,74.3563,75.5835,74.25,75.362,74.8792,74.74695,75.6183,74.81458415240397,74.96574840141986,74.81677711181332,0.1489712896065356,0.39683420475949005,48.00285606283333,53.46417722315424,44.132057515269025
20200813,22394220,75.4105,76.8487,75.4105,75.8325,74.9962,74.63835,75.622625,75.15388943493598,75.09909480120142,74.8920158442716,0.20707895692981992,0.35888315519355607,51.76598593906929,59.68862820214378,49.317581077560604
20200814,21941180,75.6805,75.9893,74.95,75.2315,75.05879999999999,74.72175,75.592075,75.17975962329065,75.11946483178582,74.91716281877001,0.2023020130158102,0.3275669267580069,44.60306406685231,58.34546405989232,52.3268754050045
20200817,19998680,75.7985,76.189,75.25,75.812,75.253,74.88915,75.473075,75.3905064155271,75.22600870381876,74.98344705441667,0.24256164940209146,0.31056587128682384,52.9198942437033,61.72037425566222,55.458041688557074
20200818,28377000,76.306,77.8685,76.0833,77.789,76.00539999999998,75.30154999999999,75.472725,76.19000427701808,75.62031505707742,75.19126579112654,0.42904926595088,0.3342625502196351,56.8580779529902,73.86014888367421,61.59207742026278
20200819,30471840,77.6245,78.443,77.0,77.2305,76.3791,75.62915000000001,75.42212500000001,76.53683618467872,75.86803581752704,75.34232017696903,0.525715640558019,0.3725531682873119,51.34726660333368,73.72661926599775,65.63692470217444
20200820,26382620,76.9985,79.0085,76.723,78.8125,76.9751,75.98564999999999,75.570875,77.29539078978581,76.32103030713827,75.59937053423057,0.7216597729076994,0.44237448921138944,70.7471804511279,81.21185083906408,70.82856674780432
20200821,34845500,78.59,79.594,78.1155,78.7785,77.6845,76.37165,75.73927499999999,77.78976052652388,76.69910256757855,75.83486160576905,0.8642409618095002,0.5267477837310116,72.2790340390801,82.69255766788751,74.78323038783205
20200824,25637860,79.6235,80.439,78.752,79.2575,78.3736,76.8133,75.87857499999998,78.27900701768259,77.09270217256646,76.0883903757121,1.004311796854367,0.6222605863556827,76.8341250419845,82.09826459918735,77.22157512495048
20200825,25149260,79.005,80.444,78.894,80.2925,78.87429999999999,77.43985,76.134075,78.95017134512173,77.5849787614024,76.39980590343713,1.18517285796527,0.7348430406776002,78.38079885366291,87.1463251678116,80.52982513923752
20200826,52187260,80.315,82.6395,80.0488,82.2065,79.86949999999999,78.12429999999999,76.43562499999999,80.03561423008117,78.29598202887894,76.82993139207142,1.4660506368075232,0.8810845599035848,79.51980996012556,89.55386500014197,83.53783842620567
20200827,31350060,82.3305,82.3995,80.9407,81.426,80.39219999999999,78.68365,76.661,80.49907615338745,78.77752325520525,77.17038091858464,1.607142336620612,1.0262961152469903,76.58618294725663,87.56192664533452,84.87920116591528
20200828,22423900,81.4735,82.0675,81.2803,81.9715,81.0308,79.35765,77.0397,80.98988410225832,79.26890429286598,77.52601936905985,1.7428849238061304,1.1696138769588185,78.05847400936533,88.31167479862751,86.02335904348601
20200831,26421940,82.1785,82.225,81.2665,81.4765,81.47460000000001,79.9241,77.40662499999999,81.15208940150555,79.60853440165583,77.81864756394431,1.7898868377115207,1.293668469109359,80.06861755802215,85.65548595127522,85.90073467941573
20200901,22675320,81.608,82.961,81.4765,82.754,81.96690000000001,80.42060000000001,77.861075,81.6860596010037,80.09245218601647,78.18422922587436,1.908222960142112,1.4165793673159095,79.97566909975666,89.33086687656889,87.04411207846678
20200902,49521440,83.4005,86.3051,83.0095,85.8695,82.6995,81.28450000000001,78.45682500000001,83.08053973400247,80.98122877278317,78.75350854247627,2.2277202303069004,1.578807539914108,83.51252086811348,91.11426421903786,88.40082945865714
20200903,63725740,84.976,85.0,80.3855,81.4755,82.7094,81.55080000000001,78.768225,82.54552648933497,81.0572705000473,78.95513753932987,2.1021329607174266,1.6834726240747717,66.63469735720372,72.76219027708842,83.18794973146757
20200904,55850660,80.45,81.7495,76.8985,79.0605,82.1272,81.579,78.975325,81.38385099288999,80.75007503850156,78.96294216604618,1.7871328724553877,1.7042046737508951,57.883751971848085,56.16941431622196,74.18177125971903
20200908,54031720,76.25,77.7775,75.825,76.18,81.0679,81.27125000000001,79.04227499999999,79.64923399526,80.04698657103978,78.75679830189462,1.2901882691451618,1.6214013928297486,46.25918348367899,38.57540029678075,62.3129809387396
20200909,39241560,77.445,77.936,76.2585,77.3615,79.98940000000002,80.97815,79.209,78.88665599684,79.63383479087982,78.65344287212464,0.9803919187551742,1.493199498014834,50.29599168511906,30.603973413122148,51.743311763533775
20200910,33023880,77.509,78.683,76.0,76.3025,78.076,80.38775000000001,79.256025,78.02527066456,79.12132174612907,78.47929895567096,0.642022790458114,1.3229641565034902,44.19142830695178,21.921400353486515,41.802674626851356
20200911,30706740,76.4075,76.9348,74.651,75.788,76.9385,79.82395,79.2538,77.27951377637334,78.60850301595536,78.27994347747311,0.32855953848225283,1.1240832328992427,43.23002739229848,17.866341279582134,33.82389684442828
20200914,42660140,76.5824,77.85,75.2555,75.4415,76.21470000000001,79.17094999999999,79.2643,76.66684251758223,78.12127178273145,78.0696884050677,0.05158337766376064,0.9095832618521464,41.309100847226055,14.171901042344386,27.273231577066984
20200915,23041100,76.3945,77.5495,76.105,76.756,76.3299,78.69890000000001,79.3115,76.69656167838815,77.91122997000353,77.97237815284046,-0.06114818283693069,0.7154369729143311,42.04691119256976,15.468704972932896,23.338389375688955
20200916,22143380,77.124,77.7185,75.5795,75.6045,75.9785,77.98395000000001,79.20227500000001,76.33254111892543,77.55634843615684,77.79697977114859,-0.24063133499174683,0.5242233113331155,34.62577430021891,13.383620173600205,20.020132974992705
20200917,40007120,74.2905,74.933,73.123,74.352,75.58840000000001,76.8322,79.05834999999999,75.6723607459503,77.06337175367116,77.54179608439684,-0.47842433072567303,0.3236937829213578,33.88096431663857,13.671346001859554,17.903870650614987
20200918,63055760,74.415,74.76,71.581,72.5545,74.9417,75.9401,78.74544999999999,74.63307383063353,76.36969917618329,77.17236674481188,-0.8026675686285927,0.09842151261136772,29.700366458288414,13.683366122707838,16.49703580797927
20200921,56908100,71.581,72.003,70.134,71.507,74.1548,75.18475000000001,78.38187500000001,73.59104922042236,75.62159161061663,76.75270994889989,-1.1311183382832581,-0.14748645756755746,29.009369407306025,14.475696727338828,15.823256114432455
20200922,33950840,72.516,73.1985,71.4748,72.991,73.40180000000001,74.86585,78.06855,73.39103281361491,75.2168852089833,76.4740647674999,-1.2571795585165972,-0.36942507775736544,29.621357602070603,20.790168933755957,17.47889372087362
20200923,37725980,72.6045,72.654,70.134,70.4695,72.37480000000001,74.17665,77.5774,72.41718854240995,74.48651825375511,76.02928219212954,-1.542763938374435,-0.6040928498807794,17.037671232876676,15.309481898467322,16.75575644673819
20200924,34552220,70.134,71.8995,70.1075,71.143,71.733,73.66069999999999,77.024225,71.9924590282733,73.97213083010047,75.66733536308291,-1.6952045329824443,-0.8223151865011125,23.694595076249385,14.664398975256333,16.058637289577568
20200925,30333540,71.2525,72.297,70.384,71.953,71.6127,73.2772,76.550575,71.97930601884887,73.66149531777732,75.39219941026197,-1.7307040924846433,-1.0039929676978185,30.294712911364314,17.858865729485913,16.65871343621368
20200928,30784720,73.5995,73.6495,72.314,72.933,71.8979,73.02635000000001,76.09864999999999,72.29720401256591,73.54941911504235,75.2100364909833,-1.6606173759409444,-1.1353178493464438,39.93739928102144,24.280543692648138,19.19932352169183
20200929,31822240,73.1955,73.6,72.7,73.301,71.9599,72.68084999999999,75.689875,72.63180267504396,73.51120078965123,75.0686263805401,-1.5574255908888688,-1.219739397654929,36.7481479063999,38.24691929525416,25.548522112879272
20200930,40923400,73.0468,74.3099,72.7878,73.28,72.522,72.44839999999999,75.21617499999999,72.84786845002931,73.4756314373972,74.93613553753713,-1.4605041001399286,-1.267892338151929,39.41886924558026,48.22766140371411,33.108235209824215
20201001,32884420,74.1831,74.7535,73.84,74.395,73.17240000000001,72.45270000000001,74.64245,73.36357896668622,73.61707275472071,74.89605142364549,-1.278978668924779,-1.270109604306499,45.3201639454411,62.91300256588541,43.04315766184461
20201002,31222640,72.9815,73.9515,72.3675,72.78,73.33779999999999,72.47525,74.20767500000001,73.16905264445748,73.48829233091752,74.73930687374583,-1.2510145428283153,-1.2662905920108622,41.760827167755295,61.11620173928878,49.067505687659335
20201005,21601160,73.1325,74.235,73.0045,74.1415,73.5795,72.7387,73.961725,73.49320176297165,73.58878581846866,74.69502488309799,-1.106239064629321,-1.234280286534554,41.92980831558475,69.68659395619676,55.94053511050514
20201006,26095040,73.775,74.226,72.2505,72.551,73.4295,72.6947,73.780275,73.17913450864776,73.42912646178118,74.53620822509073,-1.1070817633095515,-1.2088405818895536,40.82344102178812,63.98893894683457,58.62333638928162
20201007,36108960,72.9655,73.4485,71.6615,72.957,73.36489999999999,72.94345000000001,73.56005,73.10508967243184,73.35649162150715,74.41922983804697,-1.0627382165398274,-1.1796201088196083,45.58292698372487,62.28777796516661,59.84481691457661
20201008,26076040,73.2725,74.4014,73.2725,74.1715,73.3202,73.24629999999999,73.45349999999999,73.46055978162124,73.48187752589065,74.40087947967312,-0.9190019537824696,-1.1274964778121808,55.31628090478693,68.58426249855427,62.75796544256916
20201009,32966800,74.643,75.5925,74.35,75.5225,73.8687,73.60325,73.440225,74.1478731877475,73.7958194449844,74.48396248117882,-0.6881430361944183,-1.0396257894886283,62.943622473648574,78.46260254079817,67.99284447531215
20201012,55343280,76.9,79.421,76.465,78.2295,74.6863,74.1329,73.579625,75.50841545849835,74.47792414575603,74.76140970479521,-0.28348555903917827,-0.8883977433987383,65.65179718545522,80.52327808194886,72.16965567752439
20201013,39072180,78.8505,79.258,77.9315,78.3535,75.84679999999999,74.63815,73.65950000000001,76.45677697233224,75.0741665848705,75.02749046740297,0.04667611746752698,-0.7013829712254853,77.49529190207161,82.42974214634805,75.58968450046561
20201014,33184560,78.73,79.1925,77.2948,78.172,76.8898,75.12735,73.78787500000001,77.02851798155483,75.55075634104426,75.2604170994472,0.29033924159706714,-0.5030385286609748,75.38461538461543,82.92102877630322,78.0334659257448
20201015,31229700,77.225,78.5697,77.0565,77.7735,77.61019999999999,75.46520000000001,73.95895,77.27684532103656,75.89271690396053,75.44657138837702,0.4461455155835097,-0.3132017198120779,71.66412327390483,81.53667313527284,79.20120166225414
20201016,34206500,78.0915,78.8855,77.883,78.385,78.1827,76.0257,74.25047500000001,77.64623021402438,76.27614507258198,75.66423276701576,0.6119123055662214,-0.12817891473641801,70.8649062380406,83.24065684585771,80.54768672345533
20201019,29733040,78.7965,79.1963,76.146,76.4975,77.8363,76.2613,74.5,77.26332014268293,76.31019967680014,75.72595626575534,0.5842434110447954,0.014305550419824661,60.95855188727761,76.26830567222396,79.12122637304486
20201020,41718300,76.1555,78.692,76.025,77.554,77.67639999999999,76.7616,74.72815,77.3602134284553,76.50155357267704,75.86136691273643,0.6401866599406105,0.13948177232398185,63.681177976952654,74.05716054600515,77.43320443069828
20201021,60321060,78.4925,80.757,78.3568,79.2995,77.9019,77.39585,75.16965,78.00664228563687,76.93200686918826,76.11604343771891,0.815963431469342,0.27477810415305387,65.09030491369498,75.12192160847559,76.66277682329071
20201022,30515460,79.25,80.671,78.874,80.333,78.4138,78.012,75.62915000000001,78.78209485709125,77.45523658162084,76.42841059048047,1.0268259911403703,0.4251876815505172,74.10172952964454,80.42785757273965,77.91780373977369
20201023,30548040,80.7525,81.706,80.5955,81.649,79.0666,78.62465,76.11395,79.7377299047275,78.10043095367917,76.81512091711156,1.2853100365676084,0.5972121525539356,74.02630652542648,86.61745688795796,80.81768812250178
20201026,35826340,80.75,81.479,78.389,79.2145,79.61,78.72315,76.428025,79.563319936485,78.27182619157469,76.99285270102922,1.278973490545468,0.7335644201522421,70.23227569454987,76.45939946963433,79.36492523821263
20201027,25902760,79.4466,80.1,78.8495,79.944,80.088,78.8822,76.76017499999999,79.69021329099,78.5290837005632,77.21145620465668,1.317627495906521,0.8503770353030979,70.80578881543686,73.9677108944426,77.56585379028928
20201028,45173500,77.5005,77.6905,75.424,75.54,79.3361,78.619,76.873175,78.30680886066,78.06922466970732,77.08764463394137,0.9815800357659583,0.8766176353956701,53.42458897424992,49.92732249165748,68.35301002407867
20201029,55406860,75.851,79.4368,75.8275,77.844,78.83829999999999,78.62604999999999,77.045625,78.15253924044,78.03457472052158,77.14367095735312,0.8909037631684527,0.8794748609502265,55.54493992882223,46.12580281148166,60.943940953212994
20201030,99923940,83.372,84.0658,80.0785,80.8055,78.6696,78.8681,77.4469,79.03685949362668,78.4608709173644,77.41491755310474,1.0459533642596597,0.9127705616121132,56.07891259203321,51.50817057682905,57.798684161085006
20201102,44228980,81.177,82.912,80.712,81.216,79.06989999999999,79.33995,77.800625,79.76323966241779,78.88473693007758,77.69647921583773,1.1882577142398532,0.9678679921376613,56.664881603762595,56.67980501676664,57.425724446312216
20201103,31432820,81.538,82.95,80.6054,82.283,79.5377,79.81285,78.28722499999999,80.6031597749452,79.40754663314256,78.03622149614604,1.3713251369965178,1.0485594211094327,59.192754919499116,64.24321622762959,59.69822170675134
20201104,71342980,85.279,88.5015,85.15,87.2925,81.88820000000001,80.61215,79.00399999999999,82.83293984996347,80.62061638188986,78.72187175569078,1.8987446261990755,1.2185964621273613,67.64673167476178,73.08051540008036,64.15898627119435
20201105,39758140,88.5225,89.5909,87.0515,88.125,83.9444,81.39135,79.701675,84.59695989997564,81.77513693852218,79.41839977378775,2.356737164734426,1.4462246026487744,67.9096793174463,78.60455727182837,68.97417660473901
20201106,28621680,87.567,88.4248,86.834,87.9865,85.3806,82.0251,80.32487499999999,85.72680659998377,82.73073125567262,80.05307386461828,2.677657391054339,1.6925111603298872,72.5779192705263,81.9613748674382,73.3032426923054
20201109,53440480,89.799,90.8445,87.8773,88.071,86.75160000000001,82.91075,80.81694999999999,86.50820439998918,83.55231106249221,80.64699431909101,2.905316743401201,1.9350722769441502,71.48870091128276,81.97898386966833,76.19515641809303
20201110,43021160,86.4885,87.969,85.806,86.886,87.6722,83.60495,81.24357499999999,86.63413626665945,84.06518628364725,81.10914288804722,2.956043395600034,2.139266500675327,65.86436921017963,79.19928084929565,77.1965312284939
20201111,31838120,87.42,88.145,87.153,87.3615,87.68599999999999,84.7871,81.70304999999999,86.87659084443965,84.57231147077844,81.57228045189558,3.000031018882865,2.311419404316835,65.04870998822398,75.348904428975,76.58065562865426
20201112,26487260,87.1,88.249,86.8985,87.141,87.4892,85.7168,82.171425,86.96472722962643,84.9674943214279,81.98477819619961,2.9827161252282934,2.4456787484991267,62.337691512782506,71.50921255049879,74.89017460260243
20201113,29757540,87.4,88.8565,86.799,88.613,87.61449999999999,86.49755,82.68282500000001,87.51415148641763,85.52834134890053,82.47575758907372,3.0525837598268026,2.567059750764662,72.06790485806195,73.7415058111105,74.50728500543845
20201116,25467860,88.207,89.717,88.0665,88.7015,87.7406,87.2461,83.293025,87.90993432427842,86.01651960291584,82.93692369358678,3.0795959093290577,2.669566982477541,71.20100709322875,69.95006934660562,72.98821311916083
20201117,21320680,88.393,88.857,87.9745,88.083,87.97999999999999,87.82610000000001,83.819475,87.96762288285228,86.3344396640057,83.31811453109886,3.016325132906843,2.7389186125634017,87.1798672041736,61.697386709387374,69.22460431590301
20201118,20107540,87.832,88.25,86.9283,87.032,87.9141,87.80005,84.2061,87.6557485885682,86.44175663877405,83.59321715842486,2.8485394803491886,2.760842786120559,79.42042907460777,49.24247070030739,62.56389311070446
20201119,20106800,86.6615,88.1745,86.501,87.9285,88.0716,87.78040000000001,84.585875,87.74666572571215,86.67048638665497,83.91434922076377,2.7561371658912037,2.759901662074688,76.28413284132844,46.87019134312446,57.33265918817779
20201120,27706440,88.1,88.4181,86.75,86.819,87.7128,87.66365,84.844375,87.43744381714144,86.6933346348619,84.12950853774424,2.563826097117655,2.7206865490832817,69.66102884412945,39.88056223352254,51.51529353662604
20201123,22552360,87.011,87.2995,85.509,86.378,87.2481,87.49435000000001,85.20255,87.0842958780943,86.64482161411392,84.29606346087431,2.348758153239615,2.6463008699145485,65.02972913455187,33.47075505048524,45.5004473745791
20201124,28006120,86.375,88.3238,86.0365,88.195,87.2705,87.62525000000001,85.61510000000001,87.4545305853962,86.88331059655793,84.58487357488363,2.298437021674303,2.5767281002664992,54.32625473371359,43.590769526685925,44.86388809194804
20201125,19599140,88.3905,88.519,87.418,88.2065,87.5054,87.70975,86.248425,87.70518705693081,87.08687819708749,84.85314219896632,2.233735998121162,2.508129679837432,50.42405952442898,50.42854216861449,46.718772784170184
20201127,14790140,88.227,89.8505,88.227,89.351,87.7899,87.93075,86.823775,88.2537913712872,87.4352046283048,85.18631685089474,2.2488877774100615,2.456281299351958,56.42692289576559,63.11728140428268,52.18494232420768
20201130,32417740,88.7825,89.0168,87.392,87.72,87.9701,87.84145,87.1695,88.07586091419148,87.47901930087329,85.3739970841618,2.1050222167114896,2.386029482823864,48.55698075974347,59.053887245835654,54.474590631417
20201201,37362680,88.3328,91.086,88.1515,89.768,88.6481,87.9481,87.5971,88.63990727612766,87.83117017766202,85.6994787816313,2.1316913960307176,2.335161865465235,61.06333973128601,64.82499900424666,57.92472675569355
20201202,29424700,89.768,91.637,89.2585,91.2485,89.2588,88.26464999999999,88.045375,89.50943818408511,88.35691322725248,86.11051739039935,2.246395836853125,2.317408659742813,63.85245901639344,74.43674868342296,63.428734064936684
20201203,24727320,91.027,92.1915,90.85,91.092,89.83590000000001,88.67065,88.23535000000001,90.03695878939007,88.77769580767517,86.47951610222162,2.298179705453549,2.3135628688849605,64.14506659029067,77.47335808225202,68.11027540404179
20201204,20544840,91.011,91.475,90.6795,91.188,90.2033,88.99660000000002,88.3885,90.42063919292673,89.14851183726361,86.82829268724224,2.320219150021373,2.314894125112243,60.22637013502781,79.976627049223,72.06572595243551
20201207,22287820,90.7775,91.4645,90.152,90.8515,90.8296,89.39985,88.53175000000002,90.56425946195117,89.41051001614613,87.12630804374281,2.2842019724033236,2.3087556945704595,58.3735784390092,79.3941120485207,74.50852131779723
20201208,19935360,90.426,90.7985,89.564,90.5665,90.9893,89.81869999999999,88.656525,90.56500630796745,89.58835462904673,87.38113707753963,2.2072175515070995,2.2884480659577875,59.930425046983096,74.97684352910028,74.66462872156491
20201209,31728520,90.518,91.4185,88.1,88.893,90.51820000000001,89.8885,88.75687500000001,90.0076708719783,89.48137699380877,87.49312692364781,1.9882500701609587,2.228408466798422,57.08844366572713,60.40925936978392,69.9128389376379
20201210,28688320,88.13,88.7495,86.6764,88.3825,89.9763,89.90610000000001,88.807925,89.46594724798554,89.31231899476127,87.55900641078502,1.7533125839762533,2.1333892902339886,51.781649792010015,50.584529304430234,63.470069059902
20201211,18628620,88.0,88.8655,87.637,88.74,89.4867,89.845,88.887875,89.22396483199037,89.22426991864414,87.64648741739354,1.5777825012505957,2.0222679324373103,58.011510551338674,46.195443729260006,57.71186061635467
20201214,33049420,88.536,89.49,87.4565,87.613,88.839,89.8343,88.837875,88.68697655466025,88.97638223885274,87.64400686795699,1.3323753708957469,1.8842894201289977,54.871794871794854,36.45778459275344,50.627168608487594
20201215,21365840,87.993,88.2,87.0835,88.054,88.3365,89.66290000000001,88.8055,88.4759843697735,88.83447727902923,87.67437672958981,1.16010054943942,1.7394516459910823,49.37605097796269,32.63142134714928,44.62858618804148
20201216,24676720,88.4555,88.4555,87.453,87.8595,88.12979999999999,89.324,88.79432499999999,88.270489579849,88.6844807745632,87.688089564435,0.9963912101281949,1.590839558818505,48.48893920919697,29.97265014468531,39.74327417358943
20201217,34880100,88.1965,88.3355,86.5575,87.0255,87.85839999999999,88.91735,88.794,87.85549305323266,88.42925296309194,87.63900885595834,0.7902441071336028,1.4307204684815247,39.59181846663385,23.160898615579143,34.215815654252665
20201218,85256740,87.3085,87.418,85.75,86.311,87.3726,88.42965000000001,88.713125,87.34066203548845,88.10336789184703,87.54063782959105,0.5627300622559801,1.257122387236416,43.13018039980503,18.739531775297493,29.057054361267607
20201221,33974140,85.4565,86.85,84.7,86.728,87.1956,88.0173,88.708575,87.1364413569923,87.89177283156288,87.48044243480652,0.4113303967563553,1.0879639891404038,32.37476808905379,22.554790923801036,26.889633215445414
20201222,20376580,86.4665,86.6306,85.289,86.011,86.78699999999999,87.56175,88.690225,86.76129423799486,87.60242316516859,87.37159484704307,0.23082831812551774,0.9165368549374266,16.684689269130388,24.159700560195784,25.97965566369554
20201223,22973680,86.1965,87.2055,86.06,86.4115,86.4974,87.3136,88.60105,86.64469615866325,87.41920421668112,87.30047671022507,0.11872750645605379,0.7569749852411521,21.12406687642671,28.016696685224495,26.658669337538523
20201224,9312760,86.45,87.1205,86.2175,86.708,86.4339,87.14615,88.52612500000001,86.66579743910884,87.30978818334556,87.2565895465047,0.05319863684086101,0.616219715561094,23.028296207104106,32.65135380963469,28.656230828237245
20201228,27650740,87.2455,89.35,87.091,88.698,86.91130000000001,87.14195,88.493475,87.34319829273923,87.52335923206162,87.36336069120806,0.15999854085356446,0.5249754806195881,39.18762865893452,50.42706741430841,35.913176356927636
20201229,19725740,89.3615,89.4235,87.7555,87.888,87.1433,87.16945000000001,88.501875,87.52479886182616,87.57945781174445,87.40222286222969,0.17723494951475516,0.4554273743986215,37.22516335193397,56.115486811543114,42.64727984179946
20201230,21026160,88.25,88.388,86.4,86.8125,87.3036,87.0453,88.35409999999999,87.28736590788411,87.46146430224529,87.35853968724972,0.10292461499557248,0.38492682251801175,39.47701178493751,52.31805539032832,45.87087169130908
20201231,21069580,86.8635,87.875,86.8045,87.632,87.54769999999999,87.02255,88.173275,87.40224393858941,87.48770056343831,87.37879600671269,0.10890455672561927,0.32972236935953325,46.31909362891761,55.56957547527834,49.10377295263216
20210104,37323900,88.0,88.1245,85.357,86.3065,87.4674,86.95065000000001,87.934,87.03699595905961,87.30597739983241,87.29936667288213,0.006610726950285084,0.26510004087768363,39.099664053751404,48.38331600966474,48.86362063830968
20210105,20359240,86.2545,87.3415,85.845,87.0025,87.12830000000001,87.0198,87.724725,87.02549730603974,87.25928856908897,87.27737654896494,-0.018087979875971882,0.20846243672695255,47.15557005078505,46.0701930974255,47.93247812468162
20210106,46588020,85.0128,87.1983,84.8051,86.144,86.77950000000001,86.9614,87.48934999999999,86.73166487069317,87.08770571230605,87.19342273052308,-0.10571701821703527,0.145626545738155,41.43420934612969,40.376981898659025,45.413979382674086
20210107,41936580,86.338,88.891,86.338,88.717,87.16040000000001,87.232,87.396875,87.39344324712879,87.33836637195127,87.3062803060399,0.032086065911371975,0.12291844977279841,53.169469598965094,55.15215272255422,48.660037162634126
20210108,35484520,88.858,89.9678,88.061,89.8915,87.6123,87.58000000000001,87.4468,88.22612883141919,87.73115616088185,87.49777806114805,0.2333780997337982,0.14501037976499837,60.333141044130414,69.60879886632065,55.64295773052963
20210111,34812360,88.851,89.219,87.607,87.8145,87.91389999999998,87.69064999999999,87.41839999999999,88.08891922094614,87.74397828997695,87.52123894550745,0.2227393444695025,0.1605561727058992,54.93581957256818,65.83626731583004,59.040727592296435
20210112,29534300,87.268,88.395,85.8188,86.8715,87.88770000000001,87.508,87.324975,87.6831128139641,87.60975086074973,87.47311013472911,0.13664072602061594,0.15577308336884255,50.45536762605909,57.23270088279851,58.438052022463786
20210113,23431800,86.366,87.8195,86.366,87.3625,88.13139999999999,87.45545000000001,87.31245,87.57624187597608,87.57171226678823,87.46491679141585,0.10679547537237966,0.14597756176954996,54.35111554682722,54.667165739842055,57.18108992825654
20210114,29212340,87.4435,88.3775,86.3035,86.546,87.6972,87.4288,87.23705,87.2328279173174,87.41391037959004,87.3968488809406,0.017061498649439955,0.12019434914552796,50.421722635060995,47.68501966865956,54.01573317505755
20210115,31444280,86.451,87.381,85.5855,86.381,86.99510000000001,87.3037,87.16312500000001,86.9488852782116,87.25500109042234,87.32160081568574,-0.06659972526340141,0.0828355342637421,48.96617135630731,41.964921590561644,49.99879598022558
20210119,41659020,87.15,90.192,86.6415,89.2235,87.2769,87.5954,87.273025,87.70709018547441,87.55784707651121,87.46248223674606,0.09536483976515342,0.08534139536402438,51.57642117894109,55.31701425262481,51.77153540435865
20210120,64151400,91.3185,94.9862,90.9755,94.0035,88.7033,88.2955,87.65765,89.80589345698294,88.54948598781718,87.94700207106116,0.6024839167560145,0.1887698996424224,64.81647486371895,66.72685054550195,56.75664045140641
20210121,58659460,94.6825,96.604,93.9705,94.2075,90.0723,89.10185,88.031625,91.27309563798863,89.41994968199916,88.41074265838998,1.0092070236091786,0.35285732443577367,68.70636446423153,70.5679722125282,61.36041770511367
20210122,32743900,94.573,95.2195,93.8247,94.628,91.6887,89.69295000000001,88.462475,92.39139709199243,90.22118819246082,88.87128023924998,1.3499079532108311,0.5522674501907852,68.06165126245676,74.40082296887005,65.70721945969913
20210125,50586920,95.637,96.091,92.958,94.714,93.3553,90.17519999999999,88.8776,93.1655980613283,90.9123900090053,89.30407429560184,1.6083157134034707,0.7634771028333223,73.18990484071166,77.21622531091616,69.54355474343814
20210126,31461560,94.2995,95.7875,93.8065,95.3975,94.5901,90.93350000000001,89.312075,93.90956537421887,91.60240693069679,89.75543916259429,1.8469677681025019,0.9801752358871583,73.17140491305551,81.16089477323467,73.41600142003698
20210127,82512620,93.7455,94.0235,89.864,90.947,93.9788,91.34105000000001,89.424525,92.92204358281259,91.50157509520497,89.84370292832804,1.6578721668769276,1.1157146220851122,61.063251485695865,70.32695430768777,72.3863190492539
20210128,55278100,91.55,94.3995,91.55,92.66,93.66929999999999,91.8708,89.663125,92.83469572187506,91.67979431132729,90.05231752622967,1.6274767850976133,1.2180670546876124,59.45699621048593,68.2865209141751,71.01971967089429
20210129,44530180,91.701,92.3768,90.078,91.368,93.0173,92.353,89.89089999999999,92.34579714791671,91.63182595573846,90.1497754872497,1.4820504684887652,1.270863737447843,53.52142908249661,61.338650914761644,67.7926967521834
20210201,40252060,92.2293,95.777,92.2293,94.6535,93.0052,93.18024999999999,90.241975,93.11503143194447,92.09669888562485,90.48338471041639,1.6133141752084583,1.3393538249999661,65.4219095296081,64.57937756335244,66.72159035590641
20210202,66332400,95.6565,97.4685,95.3185,95.956,93.11690000000002,93.8535,90.72444999999999,94.06202095462966,92.69043751860563,90.88876362075591,1.8016738978497244,1.431817839569918,70.15865971374684,69.75640534600245,67.7331953526051
20210203,97881640,103.2805,105.3312,100.6775,102.944,95.5163,94.74755,91.52152500000001,97.02268063641978,94.26790866958937,91.78174409329252,2.486164576296858,1.642687186915306,76.83735510429048,74.69295337952525,70.05311469491181
20210204,48595600,103.0308,103.465,101.755,102.6815,97.5206,95.59495,92.3484,98.90895375761319,95.5623073358064,92.5891334197153,2.973173916091099,1.9087845327504644,78.33225053115835,77.41827215060657,72.50816718014339
20210205,29865120,102.978,104.797,102.5,104.4415,100.1353,96.57629999999999,93.134625,100.75313583840881,96.92833697645156,93.4670864997364,3.461250476715165,2.2192777215434045,80.03026221712311,83.02812398744277,76.01481944924318
20210208,28828860,105.0,105.75,103.1675,104.226,102.0498,97.5275,93.85135,101.91075722560589,98.05105436468978,94.26404305531148,3.7870113093783004,2.532824439110384,77.33343050266912,85.48763177911434,79.17242355920023
20210209,21891660,103.74,104.9255,103.5,103.7695,103.6125,98.3647,94.6491,102.53033815040394,98.93081523166059,94.96815097714025,3.962664254520334,2.818792402192374,71.12024221453285,86.11269207258292,81.48584639699445
20210210,25101600,104.157,104.944,102.612,104.324,103.8885,99.7024,95.521725,103.12822543360262,99.76053596525128,95.66117683068543,4.099359134565844,3.074905748667068,71.55152212351675,87.70878467591966,83.56015915663617
20210211,20480580,104.55,104.7,103.443,104.4375,104.2397,100.88015,96.375475,103.56465028906842,100.48006889367416,96.31127484322725,4.168794050446905,3.2936834090230356,71.17447708679602,88.57007723799838,85.23013185042358
20210212,18990500,103.9885,104.975,103.6785,104.7515,104.30169999999998,102.2185,97.28575000000001,103.96026685937895,101.13721214080121,96.9364767066919,4.200735434109305,3.4750938140402896,71.45544321655301,89.1893949868622,86.54988622923645
20210216,31003900,104.5875,107.257,104.5875,105.535,104.5635,103.30665000000002,98.24345,104.48517790625263,101.81379488837027,97.57340435804805,4.240390530322216,3.628153157296675,71.57695336611114,84.06886281288442,85.72287842378577
20210217,20303540,104.699,106.1222,104.4175,105.931,104.99579999999999,104.30415,99.078825,104.96711860416843,102.44721105939021,98.19248551671116,4.254725542679054,3.753467634373151,88.54504295930435,81.34579949066881,84.26385211274678
20210218,22570980,105.25,106.0995,104.6665,105.2905,105.18910000000001,104.5388,99.643175,105.07491240277895,102.88464012717634,98.71826436732515,4.166375759851192,3.8360492594687594,84.38835797326357,73.7841732432361,80.77062582290988
20210219,37938780,105.3895,105.929,104.1715,104.4405,105.18969999999999,104.7147,100.15482499999999,104.86344160185263,103.12400318453382,99.14213367344921,3.9818695110846107,3.8652133097919297,86.46952155112285,62.31108499674657,74.61744554752211
20210222,29466340,102.68,104.0165,102.4,102.713,104.782,104.54185,100.55907499999999,104.14662773456843,103.06077192537478,99.40664229023075,3.654129635144031,3.8229965748623504,74.62495034984259,43.68882572633278,64.30790560712566
20210223,34657980,100.6995,103.625,99.5115,103.006,104.27619999999999,104.41985,100.973675,103.7664184897123,103.05234547531713,99.67326137984328,3.379084095473843,3.734214078984649,72.95669163139037,44.164723573972886,57.593511596074734
20210224,22608740,101.502,104.416,101.3765,104.1905,103.9281,104.46195,101.413325,103.90777899314153,103.22744617142219,100.00787164800305,3.2195745234191406,3.631286167871548,56.52515311731138,49.579572348865526,54.92219851367166
20210225,41548180,102.7965,104.15,100.3245,100.7975,103.02950000000001,104.10929999999999,101.90585,102.87101932876102,102.8536082988957,100.06636263703986,2.7872456618558346,3.4624780666684054,42.57214950323294,38.58744454871757,49.47728052535362
20210226,40041280,101.4975,102.826,100.0505,101.0955,102.36049999999999,103.7751,102.327625,102.27917955250736,102.58313009906558,100.14259503429616,2.4405350647694206,3.2580894662886086,35.08912655971481,32.541824435873906,43.832128495527044
20210301,26061780,102.4,103.8115,101.721,103.483,102.5145,103.64825,102.933375,102.68045303500492,102.72157162228626,100.39003243916312,2.331539183123141,3.0727794096555154,47.2259557945042,41.72016466216202,43.128140551072036
20210302,25563680,103.242,104.737,102.8335,103.224,102.55810000000001,103.41714999999999,103.36189999999999,102.86163535666995,102.79886829578068,100.59995596218808,2.1989123335926024,2.898005994442933,47.93285080904926,46.59759611357249,44.28462573857219
20210303,33892900,102.5975,103.7995,99.7,100.5705,101.8341,102.88109999999999,103.592625,102.09792357111331,102.45604240412212,100.59777403906304,1.8582683650590752,2.6900584685661615,37.728446725733164,36.56564841541112,41.711633297518496
20210304,49215720,100.7435,103.7295,100.2715,101.6965,102.0139,102.52170000000001,103.53025,101.96411571407555,102.33918972656487,100.6791611472806,1.6600285792842726,2.484052490709784,41.595118361339395,38.315159097340725,40.57947523079257
20210305,53099540,103.0575,105.31,101.3889,104.8535,102.7655,102.56299999999999,103.63885,102.92724380938371,102.72600669170873,100.98837143266721,1.7376352590415252,2.334769044376132,50.266332445558525,56.25253082991922,45.80382709716812
20210308,36867420,104.203,105.687,100.2595,100.375,102.1439,102.3292,103.43552500000001,102.07649587292248,102.36431335452278,100.9429365117289,1.421376842793876,2.1520906040596812,38.70600595342324,41.25982986233799,44.28916135222474
20210309,33920620,102.4875,103.1958,101.78,102.018,101.9027,102.2304,103.325125,102.05699724861499,102.31103437690389,101.02257084419344,1.2884635327104519,1.9793651897898354,41.8787098916608,40.41229345646874,42.99687205363941
20210310,27100080,103.07,103.07,100.9665,101.8095,102.1505,101.9923,103.227125,101.97449816574333,102.23387524199559,101.08086189277171,1.1530133492238832,1.8140948216766453,42.64339152119702,38.68642068079486,41.56005492935789
20210311,27702600,102.911,105.5635,102.8225,105.027,102.81660000000002,102.41524999999999,103.262275,102.99199877716222,102.66358674322704,101.37316841923307,1.2904183239939755,1.7093595221401114,51.12673621116939,55.449652092413444,46.18992065037641
20210312,33817980,103.8205,103.8805,101.621,102.5,102.3459,102.5557,103.1654,102.82799918477482,102.63841955196135,101.4566374252158,1.1817821267455457,1.6038440430611982,49.60299709237309,52.55576717078996,48.311869490514255
20210315,26214820,102.2488,102.7495,101.3895,102.722,102.81530000000001,102.4796,103.063925,102.79266612318321,102.65127808242883,101.55036798631093,1.1009100961179001,1.5032572536725386,49.46925808260137,51.86252191431649,49.49542029844833
20210316,31900300,103.2995,105.684,102.9645,104.1945,103.2506,102.57665,102.99690000000001,103.25994408212215,102.88869683897825,101.74622961695457,1.142467222023683,1.4310992473427675,50.00739562918316,58.74206512390026,52.577635240265636
20210317,26382520,103.4235,104.95,102.2061,104.111,103.7109,102.9307,102.9059,103.54362938808144,103.07674347913544,101.92139779347644,1.1553456856590003,1.375948535006014,56.98063918090463,62.81560675080225,55.99029241044451
20210318,31712960,102.409,103.4373,100.959,101.067,102.91890000000001,102.86775,102.69472499999999,102.71808625872096,102.76755217465308,101.85810906803374,0.9094431066193351,1.2826474493286784,49.94618478445589,46.83638331214233,52.93898937767712
20210319,46071920,101.4865,101.852,100.1465,101.348,102.6885,102.5172,102.54010000000001,102.26139083914731,102.54915953239876,101.82032321114235,0.7288363212564093,1.1718852237142248,45.62015344848808,38.456761184769064,48.11157998004109
20210322,33535420,101.3815,102.417,100.7,101.5345,102.451,102.63315,102.48117500000001,102.01909389276487,102.39305806587588,101.79915112142811,0.5939069444477667,1.0562895678609332,46.52373407954567,33.99299504116277,43.40538500041498
20210323,28509120,101.9975,103.2055,101.4,102.0665,102.0254,102.63799999999999,102.4342,102.03489592850993,102.34281836343344,101.81895474206306,0.5238636213703813,0.9498043785628228,53.372559628477404,34.21955877085797,40.34344292389598
20210324,25217060,102.588,103.38,101.45,101.6265,101.52849999999998,102.6197,102.30600000000001,101.89876395233995,102.23261553828983,101.80469883524357,0.4279167030462645,0.8454268434595112,49.837156283441104,31.72199328139962,37.46962637639719
20210325,35615740,101.4525,102.282,99.8045,101.623,101.6397,102.27929999999999,102.347275,101.80684263489331,102.13882853239909,101.79123966226257,0.3475888701365193,0.7458592487949129,41.1925079745904,31.4578291235637,35.46569395878603
20210326,27977500,101.5895,101.9693,100.1925,101.2365,101.6174,102.15295,102.354325,101.61672842326223,102.00000875818384,101.7501478354283,0.24986092275554483,0.6466595835870393,53.02333742761889,29.09049027207449,33.34062606321551
20210329,26492620,101.108,102.4605,100.2725,102.2895,101.76840000000001,102.1097,102.29465,101.84098561550817,102.0445458723094,101.79009984761879,0.2544460246906084,0.5682168718077532,50.99395936298738,35.49186897223584,34.057707032888956
20210330,27317120,102.649,103.1335,101.8075,102.3235,101.8198,101.9226,102.249625,102.00182374367212,102.0874618919541,101.8296109700174,0.2578509219367078,0.5061436818335441,51.90610398279313,46.77473052968111,38.29671486515301
20210331,42569640,102.72,104.313,102.35,103.126,102.1197,101.8241,102.3774,102.37654916244809,102.24723698549963,101.92563978705314,0.32159719844648293,0.46923438515613186,41.412179255511425,55.74047134569034,44.111300358665446
20210401,39880100,104.6125,106.7875,104.5715,106.489,103.09290000000001,102.3663,102.61702500000001,103.74736610829873,102.89981591080738,102.26366646949364,0.6361494413137336,0.5026173963876522,66.75487231182794,69.06875854761145,52.43045308831411
20210405,48509600,107.3575,111.4495,107.2603,110.948,105.0352,103.32630000000002,102.92175,106.14757740553249,104.13799807837546,102.90695043471634,1.2310476436591244,0.6483034458419468,75.48169258410256,77.94364925071905,60.934851809115756
20210406,35240780,110.546,111.4,110.0895,110.463,106.66990000000001,104.21914999999998,103.42615,107.58605160368833,105.11107529708693,103.46665780992254,1.6444174871643895,0.8475262541064353,70.68334048239676,82.47195050949608,68.11388470924253
20210407,24133920,110.655,112.225,110.655,111.9515,108.59549999999999,105.20765000000002,103.92282499999999,109.04120106912556,106.16344832830433,104.09516463881717,2.06828368948716,1.0916777411825804,73.67515173475854,87.58063208959359,74.60280050269287
20210408,28664280,113.2,113.5895,112.1505,112.5215,110.47459999999998,106.29714999999999,104.458425,110.20130071275038,107.14161012394982,104.71933762853442,2.422272495415399,1.3577966920291442,90.66349533174768,89.06311005470306,79.42290368669626
20210409,26145300,112.272,113.6985,111.8628,113.5335,111.8835,107.4882,104.88375,111.31203380850026,108.12497779718831,105.37223854493928,2.752739252249029,1.6367852040731212,91.12416050757653,92.29908712420892,83.71496483253381
20210412,25023660,112.706,112.8443,111.391,112.231,112.1401,108.58764999999998,105.3703,111.61835587233351,108.7566735206978,105.88029494901785,2.8763785716799504,1.884703877594487,83.57028528387154,90.75230258144637,86.06074408217133
20210413,25681560,112.5495,113.1735,112.1525,112.7215,112.5918,109.63085000000001,105.87027499999999,111.98607058155568,109.36664682520583,106.38705087872023,2.9795959464856026,2.10368229137271,83.52737570799242,90.96517929509301,87.69555581981189
20210414,21002860,113.3715,113.3715,111.8007,112.0955,112.6206,110.60805,106.265325,112.02254705437046,109.78647039055879,106.80989896177799,2.976571428780801,2.2782601188543286,82.56096043791989,88.122361595728,87.83782441178391
20210415,29174980,113.0975,114.8,112.5585,114.2625,112.96880000000002,111.72170000000001,106.7729,112.76919803624699,110.47509033047282,107.36194348312777,3.1131468473450497,2.4452374645524726,84.64870199292739,89.70526411071268,88.46030431142682
20210416,26282780,114.462,114.712,113.546,114.1375,113.08959999999999,112.48655000000001,107.426425,113.22529869083134,111.03853797193854,107.86383655845165,3.1747014134868863,2.5911302543393555,85.87996440093443,88.44873461324167,88.4564477453651
20210419,30289400,113.509,115.2045,113.509,114.488,113.54100000000001,112.84055000000001,108.083425,113.6461991272209,111.56922443779413,108.35451533189968,3.214709105894457,2.715846024650376,85.30577986165373,87.04949527390454,87.98746358821157
20210420,22288320,114.8745,114.95,112.856,113.9505,113.7868,113.1893,108.704225,113.74763275148061,111.93557452428735,108.76903271472193,3.166541809565416,2.8059851816333845,82.69868946509925,80.40527078834583,85.46006598825632
20210421,23204180,113.6025,114.0,112.241,113.9175,114.15119999999999,113.38590000000002,109.296775,113.80425516765375,112.24048613593544,109.15040066177957,3.0900854741558703,2.862805240137882,81.72197889414736,75.68733886654553,82.20249028101938
20210422,24145520,113.77,114.4441,112.016,112.626,113.82390000000001,113.39635000000001,109.84675000000001,113.41150344510251,112.29979596117613,109.40785246461073,2.8919434965654034,2.868632891423386,70.5415718302316,61.25320864779887,75.2193964032792
20210423,29111080,113.35,115.3059,113.0625,114.9965,113.99570000000001,113.54265000000001,110.51542500000001,113.93983563006834,112.71467350561056,109.82182635612104,2.8928471494895263,2.873475743036614,65.753531265808,71.22651050862808,73.88843443839549
20210426,32037840,115.226,116.2265,114.8658,115.4965,114.19740000000002,113.8692,111.22842500000002,114.4587237533789,113.14264681243971,110.24217255196392,2.9004742604757894,2.8788754465244493,69.56352753702046,75.31960929234427,74.36549272304508
20210427,44385600,115.8816,115.9225,114.308,114.549,114.31710000000001,114.05194999999999,111.8414,114.48881583558594,113.35900884129515,110.561196807374,2.797812033921147,2.862662764003789,60.53880796851547,70.26611485974203,72.9990334352774
20210428,81106800,119.6248,121.569,117.661,117.952,115.124,114.63759999999999,112.62282499999999,115.6432105570573,114.06562286571128,111.10866371053149,2.9569591551797885,2.8815220422389887,67.9147560452611,67.55659271119825,71.18488652725101
20210429,41233080,119.4615,120.208,118.6925,119.638,116.52640000000001,115.17514999999999,113.448425,116.97480703803821,114.92291165560185,111.74046639864027,3.1824452569615858,2.941706685183508,69.28081867281514,71.63321331310073,71.33432878920091
20210430,44856760,118.401,119.0925,117.328,117.675,117.06210000000002,115.5289,114.00772500000001,117.20820469202548,115.34630986243235,112.18006148022248,3.166248382209872,2.9866150245887813,66.50597295494512,67.5014541177327,70.0567038987115
20210503,28242780,118.2455,119.0775,116.775,117.154,117.39359999999999,115.79550000000002,114.318025,117.19013646135032,115.62441603744276,112.54850137057637,3.0759146668663817,3.0044749530443013,63.4143388917471,62.92901993696222,67.68080924479507
20210504,44818640,115.6775,116.2495,112.834,115.3415,117.5521,115.9346,114.56195,116.57392430756688,115.58089049322079,112.75539015794108,2.8255003352797132,2.968680029491384,59.1653489948046,53.55636466434974,62.97266105131329
20210505,26636180,116.4315,116.75,115.414,115.7385,117.10940000000001,116.1167,114.75129999999999,116.29544953837792,115.60513810964837,112.97636125735286,2.628776852295502,2.9006993940522077,54.63044296649517,46.78800575028391,57.57777595097016
20210506,25190460,115.3165,116.8675,114.6521,116.8675,116.55529999999999,116.54085,114.96860000000001,116.48613302558529,115.79934763124092,113.26459375680821,2.5347538744327096,2.8275102901283082,58.056900011805,46.58410457765542,53.91321882653191
20210507,28897240,118.1945,118.5625,117.3078,117.5965,116.5396,116.80085,115.17175,116.8562553503902,116.07583261105,113.58547570074835,2.4903569103016565,2.760079614162978,58.97347074276149,49.23008231145356,52.35217332150579
20210510,30914580,116.407,116.55,114.227,114.5875,116.02629999999999,116.70995,115.28957499999999,116.1000035669268,115.84685836319616,113.65969972291514,2.1871586402810266,2.6454954193865876,51.60923605497171,39.51152596760519,48.071957536872254
20210511,34185840,112.1535,114.014,111.696,113.503,115.6586,116.60535,115.32865000000001,115.23433571128454,115.48626476885829,113.64809233603253,1.8381724328257576,2.4840308220744216,49.00568522560989,33.41730177288968,43.18707228221139
20210512,46375480,111.3095,112.399,109.681,110.0125,114.5134,115.8114,115.22449999999999,113.49372380752304,114.64414711211086,113.37878920003013,1.2653579120807308,2.2402962400756836,44.32895736139741,23.45229670336301,36.608813755928594
20210513,33220400,111.306,111.9719,110.336,111.452,113.43030000000002,114.99280000000002,115.08397500000001,112.81314920501536,114.15304755640149,113.23606407410198,0.9169834822995142,1.9756336885204497,41.98493996336748,21.917345534553682,31.711657682136952
20210514,31996580,112.927,114.236,112.5,113.919,112.69480000000001,114.6172,115.07305000000001,113.18176613667691,114.11704024003203,113.28665192046479,0.8303883195672341,1.7465846147298068,46.72425607907469,30.517285320808305,31.31353356169407
20210517,21578600,113.1785,114.489,112.7755,114.446,112.6665,114.34639999999999,115.07095,113.60317742445127,114.16764943387327,113.3725295559859,0.7951198778873589,1.5562916673613174,49.78231465043535,38.228472636135706,33.61851325317461
20210518,22203700,115.1175,115.3841,113.1095,113.1235,112.5906,114.12459999999999,115.0296,113.4432849496342,114.00701105943122,113.35408292220917,0.6529281372220481,1.3756189613334637,38.81126173096979,38.40576326955579,35.214263258635
20210519,23684100,111.4215,113.7495,111.272,113.575,113.3031,113.90825,115.012475,113.48718996642282,113.94054781951871,113.37044715019368,0.5701006693250292,1.2145153029317768,35.09806813154401,40.218490606208405,36.88233904115947
20210520,32351000,114.55,115.6,114.176,115.3475,114.08220000000001,113.75625,115.14855,114.10729331094856,114.15700200113122,113.5168955094386,0.6401064916926202,1.0996335406839455,44.22528222304925,54.310264664827045,42.69164758238199
20210521,40631800,115.8705,115.9445,114.465,114.7065,114.23970000000001,113.46724999999999,115.13405,114.30702887396572,114.24154015480335,113.6050143605913,0.6365257942120479,1.007011991389566,43.963497348625,62.95174079754602,49.445011987436665
20210524,31832200,115.7445,118.2775,115.5978,118.052,114.9609,113.8137,115.261825,115.55535258264382,114.82776474637207,113.93442070425121,0.8933440421208587,0.9842784015358247,56.21517507050976,74.4267736688268,57.77226588123337
20210525,22439640,118.6,119.2,117.75,118.1435,115.96489999999999,114.27775000000001,115.44154999999998,116.41806838842922,115.33787786231483,114.24620435578815,1.091673506526675,1.0057574225339947,55.59302325581396,78.97818304756925,64.84090493667865
20210526,21571960,118.326,119.4495,118.3231,119.0155,117.053,115.17805000000001,115.49472500000002,117.28387892561949,115.90366588349715,114.59948551461866,1.304180368878491,1.065442011802894,55.05578308148566,84.21637353482096,71.29939446939275
20210527,35224020,119.4525,119.4525,117.813,118.134,117.61030000000001,115.84625000000001,115.41952500000002,117.56725261707967,116.24679420911298,114.86130140242469,1.3854928066882906,1.1294521707799734,51.25610525577807,84.10505011524177,75.56794635134241
20210528,21490800,118.721,118.8035,117.6425,117.8425,118.2375,116.23859999999999,115.4279,117.65900174471979,116.49228740771099,115.08213092817101,1.4101564795399781,1.1855930325319743,58.71345968519113,82.84305054440317,77.99298108236266
20210601,23358020,118.722,119.2855,117.714,119.059,118.43890000000002,116.6999,115.52315000000002,118.12566782981321,116.88716626806314,115.37671382238057,1.5104524456825743,1.2505649151620943,64.76874003189795,86.95862722152191,80.98152979541574
20210602,21162920,119.4575,119.682,117.6178,118.5295,118.51610000000001,117.24050000000003,115.68254999999999,118.26027855320882,117.13983299605343,115.61025353924126,1.5295794568121721,1.30636782349211,76.86920310429684,84.32851452738822,82.0971913727399
20210603,18695920,117.2865,117.8508,116.476,117.379,118.18879999999999,117.6209,115.76457500000001,117.96651903547256,117.17662791973751,115.74127179559376,1.4353561241437518,1.3321654836224384,69.04562982005149,74.83762830354411,79.6773370163413
20210604,24458200,118.4635,119.9515,118.1205,119.6785,118.49770000000001,118.054,115.905125,118.53717935698171,117.56153131670098,116.03291832925348,1.5286129874475023,1.371454984387451,68.70878674679233,81.13490936370445,80.16319446546234
20210607,24119320,119.4718,120.2255,119.05,120.115,118.95219999999999,118.59485,116.03105000000001,119.06311957132114,117.95437265259314,116.33529474930879,1.6190779032843494,1.4209795681668307,68.52372238923022,86.44091970648704,82.2557695458039
20210608,24239840,120.6005,120.976,119.739,119.922,119.12480000000001,118.78185,116.297775,119.34941304754744,118.2570845521942,116.60097661973035,1.6561079324638541,1.4680052410262354,73.98482977597465,83.15320573025059,82.55491494061945
20210609,17941040,120.5715,120.644,119.845,120.397,119.4983,119.00719999999998,116.64247499999999,119.69860869836498,118.5863023133951,116.88216353678735,1.7041387766077492,1.5152319481425383,74.0278951817414,84.47991493127822,83.19658160417237
20210610,25907500,120.346,121.8,120.189,121.7565,120.3738,119.28129999999999,117.229675,120.38457246557665,119.07402503441124,117.24322549702532,1.8307995373859143,1.5783454659912135,73.24965537256047,89.38092500552536,85.25802940462336
20210611,21958140,122.0,122.086,120.948,121.51,120.74010000000001,119.61889999999998,117.732575,120.7597149770511,119.44879041373258,117.55928286761603,1.8895075461165476,1.6405778820162804,75.40799940247231,89.49815677730214,86.67140519551629
20210614,22097560,121.613,122.446,120.9,122.4455,121.2062,120.07919999999999,118.15889999999999,121.32164331803406,119.90982265777373,117.92122487742226,1.9885977803514692,1.7101818616833184,70.00956414810767,92.99597944840801,88.77959661314685
20210615,21562140,122.45,122.7755,121.056,121.4195,121.5057,120.31524999999999,118.507575,121.35426221202272,120.14208071042393,118.18035636798358,1.9617243424403483,1.7604903578347246,63.74968521782929,88.15548033285673,88.57155785305014
20210616,26471860,121.572,121.886,119.47,120.7725,121.5808,120.53954999999999,118.890025,121.16034147468181,120.23906829343564,118.3723670073922,1.8667012860434369,1.7817325434764673,57.51625598904857,77.76065319719982,84.9679229677667
20210617,25848880,120.6975,122.5225,120.5,121.7435,121.57820000000001,120.976,119.29845,121.35472764978788,120.47051932521477,118.62208056240019,1.848438762814581,1.7950737873440903,65.32371046486946,75.94010888671195,81.9586516074151
20210618,46115200,121.367,121.603,120.015,120.111,121.29839999999999,121.01925000000001,119.53662499999999,120.94015176652525,120.41520865979712,118.73237089111129,1.682837768685829,1.772626583612438,58.646186682928715,57.09071344224811,73.66933888569278
20210621,27413660,120.5005,122.0,119.8985,121.8125,121.1718,121.18900000000001,119.89192499999999,121.23093451101684,120.63017655828986,118.96052860288083,1.669647955409033,1.7520308579717572,60.120557209541694,61.68272138019489,69.67379971719348
20210622,22390200,121.75,122.4,121.064,122.3305,121.354,121.42984999999999,120.10584999999999,121.5974563406779,120.89176478009142,119.21015611377854,1.6816086663128829,1.7379464196399823,63.98248969982346,69.96767720914325,69.77175888117674
20210623,19154160,122.0935,123.0955,121.8345,122.127,121.6249,121.60285000000002,120.305025,121.77397089378528,121.08180096776967,119.42621862386902,1.6555823439006474,1.7214736044921155,68.77421905891656,71.0739325558311,70.20581677272818
20210624,21365140,122.7,123.0555,122.3,122.5,121.77619999999999,121.67720000000001,120.47924999999998,122.01598059585686,121.29998543426663,119.65390613321206,1.64607930105457,1.7063947438046065,63.16182301628027,75.24084815541133,71.8841605669559
20210625,34596380,122.0,122.633,121.5652,122.5085,122.2557,121.77705,120.69797500000001,122.18015373057125,121.48591075207176,119.86535753075191,1.6205532213198524,1.689226439307656,61.62965842281718,78.09694202867533,73.95508772086237
20210628,28525420,122.6785,122.7848,121.4055,122.536,122.40039999999999,121.7861,120.93265000000001,122.29876915371418,121.64746294406072,120.06318289884436,1.5842800452163601,1.6682371604893969,62.90864197530866,80.25384329976782,76.05467291383084
20210629,23108720,122.6704,123.0208,121.6908,122.2725,122.38879999999999,121.87140000000002,121.09332499999998,122.29001276914279,121.74362249112829,120.22683601744848,1.5167864736798151,1.6379470231274806,59.45932314520597,78.25493421527628,76.78809334764598
20210630,24473980,121.9945,122.257,121.3545,122.0895,122.38130000000001,122.00309999999999,121.271325,122.22317517942854,121.79683441557009,120.3648111272671,1.432023288302986,1.5967622761625817,51.905688451413525,75.01428937258643,76.19682535595946
20210701,18112820,121.725,122.587,121.5315,122.4445,122.3702,122.0732,121.52459999999999,122.29695011961903,121.89647527471315,120.51886215487694,1.3776131198362123,1.552932444897308,55.28234695607935,76.5552461941735,76.31629896869748
20210702,26002180,123.15,125.404,123.0595,125.2575,122.92,122.58784999999997,121.80355,123.28380007974603,122.41355600168036,120.8698723656268,1.543683636053558,1.551082683128558,63.112002238179606,83.24497211716019,78.62585668485171
20210706,26403580,125.6485,126.428,124.5825,126.19,123.6508,123.02559999999998,122.10730000000001,124.25253338649736,122.99454738603723,121.26395589409888,1.7305914919383412,1.5869844448905148,72.43990780375367,87.26630084904073,81.50600473958139
20210707,24059020,127.162,127.284,126.153,126.474,124.4911,123.43995,122.4349,124.99302225766492,123.52984778818535,121.64988508712861,1.8799627010567406,1.64558009612376,77.7674962255881,86.95736356459363,83.32312434791879
20210708,23789340,124.026,125.5955,124.022,125.044,125.082,123.73164999999999,122.66725000000001,125.01001483844328,123.76279428231068,121.90130100660056,1.8614932757101172,1.6887627320410317,65.38622908022934,78.712503837452,81.78625084442986
20210709,18631680,125.025,125.7345,124.5513,125.5185,125.69680000000001,124.03349999999998,122.85535,125.17950989229553,124.03290285426289,122.1692416727783,1.8636611814845878,1.723742421929743,78.25973347269394,75.8833843780163,79.81862868895867
20210712,17667780,126.178,127.0694,125.6108,126.9755,126.0404,124.4802,123.12862499999999,125.77817326153036,124.48561010745321,122.52526080812805,1.9603492993251592,1.7710637974088264,77.68958489756508,82.187989731506,80.6084157031411
20210713,19246940,127.0385,128.0575,126.6745,127.3415,126.2707,124.96074999999999,123.373425,126.29928217435358,124.92497778322965,122.88201926678524,2.042958516444415,1.8254427412159442,77.3198124522952,84.5647317291048,81.92718771179567
20210714,23745660,127.958,129.3263,127.9145,128.237,126.6233,125.5572,123.71430000000001,126.94518811623573,125.43451966273278,123.27868450628263,2.155835156450152,1.891521224262786,80.97434857548409,85.05158745847879,82.96865429402337
20210715,24218800,128.649,128.7,126.53,127.005,127.0155,126.04875000000001,124.025925,126.96512541082382,125.67613202231236,123.55470787618762,2.1214241461247383,1.9375018086351765,71.00820742398803,77.68731391723522,81.20820750176065
20210716,20424540,127.663,127.8115,126.1535,126.97,127.3058,126.50129999999999,124.28725,126.96675027388255,125.8751886342643,123.8076924779515,2.0674961563127994,1.9635006781707012,70.75405870586593,70.31739270795273,77.57793590382468
20210719,27967580,126.0895,126.205,123.505,124.578,126.82629999999999,126.43335000000002,124.5106,126.17050018258837,125.6756211520698,123.86475229439954,1.8108688576702576,1.9329743140706126,57.78616639975598,53.02236478344534,69.39274553036489
20210720,26316440,125.5275,127.0432,124.3505,126.2095,126.5999,126.43530000000001,124.73045000000002,126.18350012172559,125.75775635944368,124.0384373096292,1.719319049814473,1.8902432612193847,63.593674469995214,50.83447478671667,63.206655282482146
20210721,20746180,126.1335,127.596,126.0235,127.549,126.4623,126.54280000000001,124.99137500000002,126.63866674781707,126.03333230414464,124.29847899039741,1.734853313747223,1.8591652717249525,67.45643485211832,57.045989507030384,61.15310002399822
20210722,14301880,127.844,128.483,127.4988,128.4215,126.74560000000001,126.88055,125.30610000000001,127.23294449854473,126.40074271889162,124.60388795407168,1.7968547648199404,1.8467031703439503,68.4989167440421,66.18301968257677,62.829739910191066
20210723,41506420,130.4305,133.399,129.8005,133.015,127.95459999999999,127.63020000000002,125.83185,129.16029633236315,127.41832076213906,125.22693329080711,2.19138747133195,1.9156400305415504,71.62610465278358,76.1616330934178,67.27370430459997
20210726,30571480,133.3283,134.237,132.3015,134.035,129.846,128.33615,126.40817499999999,130.78519755490876,128.43627141411767,125.87938267667325,2.5568887374444245,2.0438897719221254,71.76385729345836,83.48034826429121,72.67591895783039
20210727,54709480,134.2505,134.399,130.104,131.9,130.98409999999998,128.792,126.87637499999998,131.15679836993917,128.96915273502265,126.325354330253,2.6437984047696403,2.1638714984916287,63.651001308241945,81.3404879744929,75.56410863005122
20210728,95130600,136.312,138.297,135.2775,136.094,132.69310000000002,129.5777,127.56745000000001,132.80253224662613,130.0652830834807,127.04895771319723,3.016325370283468,2.3343622728499964,74.40586624260096,82.59593014776901,77.90804913595716
20210729,31715720,136.15,136.661,135.543,135.7775,134.1643,130.45495,128.25185000000002,133.79418816441742,130.94408568602213,127.69551640110853,3.2485692849136,2.517203675262717,72.81806049822069,82.71966823263924,79.51192216818451
20210730,25575780,135.035,135.3045,134.255,134.7265,134.5066,131.2306,128.86595,134.1049587762783,131.52599558048027,128.21633000102642,3.309665579453849,2.6756960561009437,67.55685421763161,79.9459770315851,79.65660712265137
20210802,21634200,135.117,135.3365,133.7941,134.8545,134.6705,132.25825,129.3458,134.3548058508522,132.0380731834833,128.70804629724668,3.330026886236624,2.80656222212808,67.20324235207916,77.28124002102959,78.86481808877744
20210803,20761880,135.135,135.732,133.3195,135.63,135.41649999999998,133.2003,129.81779999999998,134.7798705672348,132.59067730910127,129.22078360856173,3.369893700539535,2.919228517810371,67.02201142015105,76.6213063902676,78.11698085594082
20210804,19676020,135.3495,135.6495,134.487,135.1255,135.22279999999998,133.95794999999998,130.25037500000002,134.89508037815654,132.98065003077798,129.65817000792754,3.322480022850442,2.9998788188183854,69.34511756438049,71.9718260260035,76.06859591262838
20210805,17869000,135.6805,136.35,134.846,136.2515,135.3176,134.74095,130.81074999999998,135.34722025210436,133.4838577183506,130.1465648221551,3.3372928961954926,3.067361634293807,71.01836545211621,72.99240576354174,75.04319919626616
20210806,20488120,136.042,136.4725,135.21,135.7385,135.52,135.0133,131.32175,135.47764683473625,133.8307257616813,130.56078224273622,3.2699435189450696,3.1078780112240594,77.62431622979625,71.58564469023938,73.89068102759056
20210809,17766000,135.9425,137.184,135.3392,136.913,135.9317,135.3011,131.818625,135.95609788982418,134.3049217983457,131.03131689142242,3.273604906923282,3.141023390363904,77.10638944462733,71.78872210891238,73.19002805469782
20210810,19414080,137.342,137.7723,136.3645,136.807,136.16709999999998,135.7918,132.2919,136.23973192654947,134.68985690629253,131.45914526983557,3.2307116364569595,3.158961039582515,75.00810372771464,73.96631659578458,73.44879090172674
20210811,15352000,137.1815,137.6823,136.2715,136.279,136.39780000000002,135.81029999999998,132.69400000000002,136.25282128436632,134.9343404591706,131.81617154614406,3.118168913026551,3.1508026142713224,71.6275357133026,71.46547708373896,72.78768629573081
20210812,16518860,135.9755,137.3,135.4255,137.194,136.5863,135.95194999999998,133.20345,136.56654752291087,135.28198038852898,132.21452920939265,3.0674511791363273,3.1341323272443233,64.42327604058806,76.64787345168165,74.07441534771442
20210813,15947440,137.25,137.8565,137.033,137.7275,136.98409999999998,136.25205,133.74132500000002,136.9535316819406,135.65821417490912,132.6228974161043,3.035316758804811,3.114369213556421,63.18702903467727,83.48415279557398,77.21099449700094
20210816,22398360,137.5249,138.3625,135.2988,138.3095,137.2634,136.59755,134.4279,137.40552112129376,136.06610430184617,133.04412723713364,3.02197706471253,3.095890783787643,75.74613376179943,88.53358003857517,80.98518967752568
20210817,21715200,137.75,138.2655,136.082,136.6615,137.2343,136.7007,134.95049999999998,137.1575140808625,136.15770364002367,133.31208077512375,2.845622864899923,3.0458372000100993,52.86572741503807,76.23173310690528,79.40070415398554
20210818,19258940,136.5,137.1043,135.3215,135.449,137.0683,136.73305,135.3455,136.5880093872417,136.04867231078924,133.47037108807754,2.5783012227117013,2.95233000455042,48.47881454040293,53.348250302832476,70.71655287026785
20210819,21782540,134.4355,136.3525,134.25,135.68,136.7655,136.6759,135.70842499999998,136.28533959149448,135.99195349374475,133.6340473037755,2.357906189969242,2.833445241634185,54.778251064896075,47.15617902660971,62.863094922381805
20210820,31193160,136.0,137.554,135.25,137.4295,136.70589999999999,136.845,135.92915,136.66672639432966,136.2131144947071,133.9151919479403,2.297922546766813,2.7263407026607105,61.10009483576162,57.20847598734452,60.97822194403604
20210823,28453400,137.9695,140.8745,137.6075,140.0415,137.0523,137.15785,136.229475,137.79165092955313,136.8020968801368,134.36899254438916,2.433104335747629,2.6676934292780943,66.41732723009935,67.28080601586674,63.079083301312934
20210824,19267220,140.6115,142.08,140.3385,141.2615,137.9723,137.60330000000002,136.69755,138.94826728636878,137.48815889857727,134.87954865221218,2.608610246365089,2.6558767926954934,71.68044661154687,74.70274253761062,66.95363638007882
20210825,15851480,141.625,142.1895,141.376,142.079,139.29829999999998,138.1833,136.9968,139.9918448575792,138.19444214495,135.4128413446409,2.781600800309093,2.6810215942182136,71.04930467762323,82.67123659150319,72.1928364505536
20210826,20609320,141.75,142.4175,141.357,141.4405,140.4504,138.60795000000002,137.27994999999999,140.4747299050528,138.6938356611115,135.8593345783712,2.834501082740303,2.7117174919226317,70.41093928980516,84.46014283122963,76.2819385774456
20210827,28780200,141.6525,144.5125,141.497,144.004,141.7653,139.2356,137.743825,141.65115327003522,139.51078402094052,136.4626431281215,3.0481408928190206,2.7790021721019094,73.08719150875807,87.98845088464435,80.18410934651185
20210830,24434200,144.4,145.9705,144.163,144.5905,142.6751,139.86370000000002,138.230625,142.6309355133568,140.29227878694968,137.06470660011252,3.2275721868371647,2.8687161750489603,74.57300710339379,88.06755335201707,82.81192401501357
20210831,22448760,145.147,145.1713,144.281,144.6975,143.3623,140.66729999999998,138.684,143.31979034223787,140.97000512741897,137.63009870380787,3.3399064236110974,2.962954224761388,77.30353841663144,88.42459844217773,84.68281549073495
20210901,21936100,145.0,146.2538,144.8835,145.2155,143.9896,141.64395,139.1885,143.9516935614919,141.62315818473914,138.1919802813036,3.431177903435554,3.0565989604962214,76.7036186291154,89.1377885420209,86.16780650783026
20210902,32358140,145.216,145.5193,143.1848,143.287,144.3589,142.40465,139.540275,143.7301290409946,141.87913384862543,138.56938914935517,3.3097446992702544,3.1072281082510282,66.93472234914253,81.32087799180962,84.55216366915671
20210903,19854360,143.0805,144.155,142.4005,143.7395,144.30599999999998,143.03565,139.940325,143.7332526939964,142.16534402575996,138.95236032347702,3.2129837022829406,3.128379227057411,66.67178385016881,73.37890888430009,80.82774540753783
20210907,20131900,143.8345,144.565,143.619,144.2805,144.244,143.45954999999998,140.3087,143.91566846266426,142.49075263718152,139.3470373365528,3.1437153006287133,3.1314464417716716,75.0988272499671,68.82002410072425,76.82517163859997
20210908,18350220,144.1,144.4,143.0,143.691,144.0427,143.7025,140.6529,143.84077897510952,142.67540607761515,139.66881234866,3.0065937289551528,3.1064758992083683,78.31329440054965,61.76794287649436,71.80609538456477
20210909,15317100,143.8405,144.3105,143.1775,143.541,143.7078,143.84869999999998,141.016,143.740852650073,142.80857437336667,139.95564106357406,2.852933309792604,3.0557673813252157,77.15558933259636,55.501983220499426,66.37139132987632
20210910,36839340,144.2125,144.7185,140.7378,140.876,143.2256,143.79225000000002,141.2001,142.78590176671534,142.51125523900257,140.02381579960561,2.487439439396951,2.942101792939563,61.197569771597564,37.83646838823729,56.85975034932997
20210913,22093840,141.9495,142.95,141.25,142.3325,142.9442,143.6251,141.43035,142.6347678444769,142.4837544330022,140.1948294440793,2.2889249889229006,2.8114664321362306,58.04763242939441,34.86112637533448,49.52687569133147
20210914,19673860,142.9953,143.363,141.75,142.5445,142.59699999999998,143.4205,141.6421,142.6046785629846,142.493099904848,140.36887911488822,2.124220789959793,2.6740173037009436,54.85029487373352,34.15868661908931,44.40414600058408
20210915,27407580,142.7715,144.4505,141.3475,144.4295,142.74470000000002,143.39370000000002,142.03050000000002,143.21295237532306,142.79100761179447,140.66966584711872,2.1213417646757478,2.5634821958959044,58.22226886346937,48.508454120976765,45.772248707381635
20210916,26195420,143.9505,144.3,142.4015,143.61,142.7585,143.23315,142.43855,143.34530158354872,142.91700644074916,140.88746837696178,2.0295380637873848,2.456693369474201,57.49421396248589,56.390015712374336,49.31150437571253
20210917,53384460,143.0305,143.45,140.4698,140.8,142.7433,142.98445,142.69455,142.49686772236583,142.59131314217237,140.88098923792757,1.7103239042448024,2.307419476428321,39.1175871204402,40.1839401475221,46.26898296631572
20210920,46518040,138.1615,139.0,136.3218,138.7195,142.0207,142.48245,142.75905,141.2377451482439,141.99564958183817,140.720878924007,1.2747706578311693,2.100889712708891,31.896392229417174,36.30771535140388,42.948560428011774
20210921,25331900,139.7495,140.0115,138.278,139.033,141.3184,141.9577,142.708625,140.50283009882926,141.53985733847844,140.59585085556202,0.9440064829164214,1.8695130667503972,32.75279359376415,34.968102031443486,40.28840762915567
20210922,25055560,139.304,140.887,138.5515,140.2835,140.4892,141.61695,142.659725,140.4297200658862,141.34657159409716,140.57271375515,0.7738578389471513,1.6503820211897482,35.624344176285376,39.039278313894876,39.872031190735406
20210923,20951000,140.9875,141.6965,140.4015,141.216,140.0104,141.38445000000002,142.61657499999998,140.69181337725746,141.32648365654376,140.62036458810186,0.7061190684418932,1.4615294306401772,43.591409827948986,46.09581537270475,41.946625918058515
20210924,22983900,140.5385,142.3303,140.241,142.215,140.29340000000002,141.51835,142.6553,141.19954225150497,141.46317847861394,140.73848572972395,0.7246927488899928,1.3141620942901402,45.43685833158731,54.89676942357369,46.263340419896906
20210927,21881960,140.8043,141.9385,140.0675,141.072,140.7639,141.3923,142.5087,141.15702816766998,141.4029971742118,140.76319049048513,0.6398066837266754,1.1792910121774474,40.73036142489816,56.07697578648521,49.53455220875967
20210928,45772200,138.655,139.0965,135.36,135.83,140.1233,140.72084999999998,142.070675,139.38135211178002,140.54561299356385,140.39776897267143,0.1478440208924212,0.9730016139204423,32.100733184571226,39.13707408882757,46.0687261687823
20210929,30848700,136.98,137.151,133.865,134.3535,138.9373,139.71325,141.553475,137.70540140785334,139.59298022532326,139.95004534506614,-0.35706511974288446,0.706988267187777,30.272057718322515,27.790217711104965,39.97589001622318
20210930,38028800,134.2615,135.5425,133.556,133.676,137.42929999999998,138.71985,140.9765,136.36226760523556,138.68267557527352,139.4853012454316,-0.8026256701580792,0.40506547971860574,33.0970044135599,18.982688629485892,32.97815622064409
20211001,35360180,134.4475,136.9105,134.073,136.543,136.29489999999998,138.29415,140.6393,136.4225117368237,138.35349471753915,139.26735300502926,-0.9138582874901147,0.14128072627686167,37.25257062333486,24.002659649331804,29.986324030206656
20211004,51201940,135.9605,135.9605,131.05,133.6595,134.81239999999997,137.78815,140.1353,135.50150782454915,137.63134168407157,138.8519564861382,-1.2206148020666205,-0.13109837939183477,32.49605988967693,23.71285643362662,27.895168164679976
20211005,32403260,134.041,137.2245,134.041,136.023,134.851,137.48715,139.722425,135.67533854969943,137.3839045019067,138.64240415383165,-1.25849965192495,-0.35657863389845784,33.745190169576745,30.50380660255714,28.76471431063903
20211006,24364280,134.75,137.75,134.55,137.565,135.4933,137.2153,139.416125,136.30522569979962,137.41176534776721,138.562596438733,-1.150831090965795,-0.5154291253119253,38.6290959708062,39.58772311722354,32.37238391283386
20211007,25110140,138.892,140.042,138.6512,139.225,136.60309999999998,137.0162,139.20032500000002,137.27848379986642,137.6907245250338,138.61166336919723,-0.9209388441634303,-0.5965310690822263,46.9033856317093,51.41821941570696,38.72099574712489
20211008,26525840,139.577,140.331,139.2175,139.7855,137.2516,136.77325000000002,139.1458,138.11415586657762,138.0129976750286,138.69861423073817,-0.6856165557095721,-0.6143481664076955,52.22909957760028,65.6529464782658,47.69831265750519
20211011,17953620,139.292,140.712,138.859,138.914,138.3025,136.55745,138.974875,138.3807705777184,138.15161341733187,138.714568732165,-0.5629553148331183,-0.6040695960927801,49.75683517920634,70.89896976975118,55.43186502825385
20211012,36332240,139.48,139.507,135.76,136.449,138.3877,136.61935,138.6701,137.73684705181228,137.8896728915885,138.5467488260787,-0.6570759344901944,-0.614670863772263,42.535090622384054,65.8922132005338,58.91864775234717
20211013,19662320,137.4025,138.0,136.5188,137.582,138.3911,136.9422,138.327725,137.68523136787485,137.8423386005749,138.47528595007287,-0.6329473494979823,-0.6183261609174069,42.98021944058103,66.46315903840181,61.43348484769871
20211014,31927940,139.4738,141.3373,138.825,141.151,138.77630000000002,137.6897,138.204775,138.84048757858324,138.3513634312557,138.67348699080821,-0.3221235595525229,-0.5590856406444301,48.130315597104115,77.0384490893789,66.63513959492543
20211015,30274440,141.6145,141.718,140.755,141.368,139.09279999999998,138.1722,138.23317500000002,139.6829917190555,138.81546136490866,138.87308054704462,-0.05761918213596573,-0.45879234894273724,50.537634408602145,83.17260854145822,72.1476292437697
20211018,20396160,141.0765,142.796,141.0695,142.778,139.8656,139.08405,138.43609999999998,140.714661146037,139.42508269338424,139.16233383985613,0.26274885352810884,-0.31448410844856806,64.66070222822411,88.70897647609867,77.66807832121269
20211019,20163000,143.3875,143.6625,142.6,143.237,141.2232,139.80545,138.6463,141.5554407640247,140.01153150978666,139.46416096282974,0.5473705469569268,-0.1421131773674691,69.58573097868023,90.67786030601032,82.00467231614522
20211020,23288060,143.338,143.5461,141.3765,141.769,142.06060000000002,140.22585,138.720575,141.62662717601648,140.2819112775118,139.6348897803979,0.647021497113883,0.015713757528801345,67.24189356171976,85.79831623479886,83.26922028902976
20211021,26292260,141.769,142.156,140.5,141.886,142.2076,140.49195,138.754075,141.71308478401102,140.5286941578946,139.80163868555363,0.7270554723409646,0.15798210049123398,62.89396206380617,83.03880156452583,83.19241404752844
20211022,50588960,139.15,140.5828,136.056,137.5665,141.44729999999998,140.27005,138.52165,140.33088985600733,140.07297197975697,139.6360728569941,0.4368991227628669,0.21376550494556057,58.8174227036786,62.97915253516105,76.45466021007263
20211025,34412260,137.55,138.0,135.424,137.447,140.3811,140.12335000000002,138.3404,139.36959323733822,139.6689762905636,139.4739193120316,0.19505697853199422,0.2100237996628473,53.575912812013485,50.171248662654946,67.69352302760007
20211026,49235020,139.2635,140.0829,138.3045,139.3085,139.59539999999998,140.40929999999997,138.51432499999999,139.34922882489215,139.61351839970766,139.4616660296589,0.15185237004877195,0.19838951374003225,54.309087763525405,49.16435695068141,61.51713433529384
20211027,85781400,139.405,148.65,139.405,146.2175,140.48510000000002,141.27285,139.107525,141.6386525499281,140.6295155689834,139.96209817561007,0.6674173933733414,0.29219508966669405,63.72181557722878,59.978969959660866,61.00441287674951
20211028,36206380,147.1345,147.158,144.6267,145.849,141.2777,141.74265,139.71617500000002,143.04210169995207,141.43251317375518,140.3981649774167,1.0343481963384704,0.4406257110010493,61.989125061789395,66.25998571936458,62.75627049095453
20211029,43320300,145.078,148.242,144.6495,148.046,143.3736,142.41045,140.291325,144.71006779996804,142.44997268548516,140.96467127538583,1.4853014100993391,0.6495608508207074,67.15702851989633,75.98440300036873,67.16564799409258
20211101,46923240,148.046,148.046,143.2255,143.497,144.58360000000002,142.48235,140.7832,144.30571186664537,142.61105381079514,141.1522511809128,1.4588026298823422,0.8114092066330343,62.28002927135243,71.00255628221569,68.44461742346695
20211102,33482240,144.5795,146.609,144.3355,145.4325,145.80839999999998,142.7019,141.25367500000002,144.68130791109692,143.0451224552882,141.46930664899332,1.5758158062948837,0.9642905265654043,63.30615773148701,72.5593431820447,69.8161926763262
20211103,27493240,145.9005,146.669,144.591,146.598,145.8845,143.1848,141.70532500000002,145.32020527406462,143.59171900062847,141.849209860179,1.7425091404494708,1.1199342493422177,60.05129908473578,76.53459715337081,72.05566083534106
20211104,38411260,147.1245,149.7335,146.308,148.2675,146.3682,143.82295,142.15745,146.30263684937643,144.3110699236087,142.324638759425,1.9864311641836991,1.293233632310514,62.08382226736961,80.94141737848564,75.01757968305591
20211105,38354740,149.1695,150.3275,148.197,148.852,146.5294,144.9515,142.610775,147.15242456625094,145.0096745507458,142.8081469994676,2.201527551278218,1.4748924161040549,60.95480287126217,83.20350778460914,77.74622238357365
20211108,23052500,149.825,150.6148,148.4305,149.031,147.6362,146.10989999999998,143.116625,147.77861637750064,145.62834000447722,143.26909907358112,2.3592409308961066,1.6517621190624654,60.556426046715046,84.09276892028473,79.86173789581068
20211109,19529740,149.233,149.8345,147.2448,148.9185,148.33339999999998,147.0709,143.7401,148.15857758500044,146.13451846532686,143.68757321627882,2.446945249048042,1.8107987450595808,63.70292285577383,81.74312383064336,80.4888665407549
20211110,29969800,147.5,148.07,144.5375,145.8935,148.1925,147.03850000000003,144.155675,147.40355172333363,146.09743870143043,143.85097520025818,2.246463501172258,1.8979316962821162,56.910555086134046,66.53083647271703,75.83618985140893
20211111,16517480,146.4895,147.5355,145.6005,145.7665,147.6923,147.03025,144.38645,146.85786781555578,146.04652505505652,143.992865926165,2.0536591288915247,1.929077182803998,66.53025843647951,55.81641111227025,69.16293027169604
20211112,22360000,146.6155,148.85,145.411,148.678,147.6575,147.09345,144.75195,147.46457854370385,146.4513673542786,144.33991289459723,2.1114544596813687,1.9655526381794723,70.3497010327958,60.26287328176478,66.19624460838561
20211115,23507040,148.9005,149.5495,147.575,148.452,147.5417,147.58895,145.03565,147.7937190291359,146.7591569920819,144.64451193944188,2.1146450526400145,1.9953711210715808,67.6110865001252,61.64585806144933,64.67944909274019
20211116,18904000,148.1495,148.7625,147.3125,147.876,147.33319999999998,147.8333,145.2676,147.82114601942396,146.93097899330007,144.88388142540916,2.0470975678909156,2.005716410435448,54.22515476524089,59.40855020012684,62.9224827952024
20211117,19599500,148.0275,148.5595,147.24,148.047,147.7639,147.9782,145.58149999999998,147.89643067961597,147.10267453279238,145.11818650500848,1.9844880277838968,2.001470733905138,55.65649287148081,58.85492813488783,61.566631241764206
20211118,35628220,148.2415,150.5805,147.8845,149.8385,148.57829999999998,148.1353,145.979125,148.543787119744,147.52357075851663,145.46783935648932,2.0557314020273054,2.0123228675295715,54.71127815596505,68.31203053484872,63.81509767279237
20211119,33699380,149.9755,150.9665,148.899,148.9265,148.628,148.14275,146.547125,148.67135807982936,147.73940602643714,145.72403644119382,2.01536958524332,2.012932211072321,67.64371364507846,68.29761438363072,65.30926990973848
20211122,30629200,149.3325,149.8295,146.1475,146.302,148.198,147.86984999999999,146.98987499999998,147.88157205321957,147.5182666377545,145.76684855666093,1.7514180810935613,1.9606293850765693,52.704425989860304,54.68039227172311,61.766310697066686
20211123,27231160,146.153,146.66,144.115,145.782,147.7792,147.55620000000002,147.31355000000002,147.1817147021464,147.25114869348457,145.76797088579715,1.4831778076874116,1.8651390695987378,47.35580038885287,44.563741044512014,56.03212081288179
20211124,18040140,145.4735,146.2493,144.373,146.12,147.3938,147.57885,147.308675,146.82780980143093,147.07712581756385,145.79404711647885,1.283078701085003,1.748726995895991,42.38394155406599,39.46371565997461,50.50931909524606
20211126,30469240,144.3485,144.5575,141.8425,142.183,145.8627,147.2205,147.125375,145.27953986762063,146.3241833840925,145.52656214488783,0.7976212392046591,1.5585058445577247,30.892212480660092,27.55311571544702,42.857251301979716
20211129,32595040,144.0,146.2975,143.8935,145.5305,145.1835,146.90575,146.99960000000002,145.36319324508042,146.20207824807827,145.5268538378591,0.6752244102191582,1.3818495576900116,41.511675840830236,31.84236649040904,39.18562303145616
20211130,42067220,145.0085,146.0,141.6015,141.8975,144.30259999999998,146.2503,146.919625,144.20796216338695,145.5398354406816,145.2580128128325,0.2818226278490954,1.1618441717218284,35.45774647887323,22.28181257751783,33.551019546810046
20211201,34055240,144.0,145.9503,140.912,141.0515,143.3565,145.56785,146.70057500000001,143.15580810892465,144.84932229596137,144.9464192711412,-0.09709697517982363,0.9100559423414981,38.975911843722976,15.31702120514217,27.47302009958742
20211202,29194840,141.25,143.8645,140.2145,142.966,142.7257,145.05975,146.518975,143.0925387392831,144.559580404275,144.79972154735296,-0.24014114307794898,0.6800165252576088,44.1038381371455,18.74154340263452,24.562527867269782
20211203,41230160,143.681,144.4,140.301,142.0015,142.68940000000003,144.27605,146.20567499999999,142.72885915952207,144.1660295728481,144.59244587717868,-0.4264163043305871,0.4587299593399697,34.687980184849664,18.689543409001985,22.604866381180514
20211206,30618100,143.0405,143.8525,140.15,143.155,142.2143,143.6989,145.920825,142.87090610634806,144.0104865616407,144.48596840479507,-0.4754818431543697,0.2718875988411018,38.34748559109509,27.846280347424774,24.3520043699286
20211207,32240300,145.5965,147.5312,145.2275,147.2695,143.2887,143.79565,145.83275,144.3371040708987,144.51187324446522,144.69215593036583,-0.18028268590060748,0.18145354189275995,48.84553155039496,50.71568891240908,33.13989921742209
20211208,24270320,147.5965,148.393,146.406,148.1865,144.71570000000003,144.03609999999998,145.79614999999998,145.6202360472658,145.0772004376244,144.95099623182023,0.12620420580418568,0.1704036746750451,50.25820423121772,66.3087406449907,44.196179693278296
20211209,23269720,147.591,149.1,147.115,147.6385,145.65019999999998,144.18795,145.8834,146.2929906981772,145.47124652414374,145.15007058501874,0.3211759391249984,0.20055812756503577,45.73147070236706,72.09595745047797,53.49610561234485
20211210,24462760,148.7,148.9775,146.7037,148.0015,146.8502,144.7698,145.99515000000002,146.86249379878478,145.86051628966007,145.36128757872106,0.49922871093900767,0.26029224423983016,48.16621069743466,77.30605729473203,61.432756173140575
20211213,27069400,147.7815,147.97,145.5175,145.8265,147.38449999999997,144.7994,145.852575,146.5171625325232,145.85528301432777,145.39574775807506,0.45953525625270686,0.30014084664240553,49.04022768100441,72.67889853168359,65.18147029265491
20211214,38446240,143.968,144.48,141.2148,143.907,146.712,145.00035,145.625325,145.6471083550155,145.55554716596964,145.2854701463658,0.270077019603832,0.29412808123469086,46.41779068434527,62.44515023155073,64.26936360562017
20211215,36370460,143.409,146.721,141.6779,146.441,146.3629,145.5393,145.553575,145.91173890334366,145.6917706788974,145.3710649503387,0.3207057285586927,0.29944361069949127,50.56579828674163,65.06026775213253,64.5329983211243
20211216,33650380,147.1705,147.6768,143.607,144.445,145.72420000000002,145.68720000000002,145.373475,145.42282593556246,145.49995980522087,145.30246754660993,0.19749225861093578,0.2790533402817802,54.27987587981534,59.369787439969144,62.81192802740591
20211217,51017880,142.5,143.8345,141.3,141.725,144.4689,145.65955,144.96779999999998,144.19021729037496,144.9191967582638,145.03746995056474,-0.1182731923009328,0.1995880337652376,42.62457119599978,41.73664146516212,55.78683250665798
20211220,27192360,140.0,141.7745,139.321,141.607,143.625,145.50475,144.601825,143.32914486024998,144.40962802622323,144.78336106533774,-0.37373303911451217,0.08492381918928765,49.34817241456681,35.616635435649215,49.06343348298839
20211221,28755360,142.0535,143.869,140.5025,143.4725,143.53810000000001,145.12505000000002,144.46035,143.37692990683334,144.26545448372735,144.68626024568312,-0.42080576195576214,-0.016222097039722314,55.19461013603397,37.89549564885392,45.34078753827689
20211222,26322380,143.0675,146.5,143.0675,146.415,143.53289999999998,144.9479,144.49200000000002,144.38961993788888,144.59615379392315,144.8143150422992,-0.2181612483760489,-0.056609927306987634,57.087665940569615,49.75148716637551,46.8110207476431
20211223,26383440,146.5,148.2435,146.452,146.9165,144.0272,144.8757,144.531825,145.23191329192593,144.9531301333196,144.97003244657333,-0.016902313253723378,-0.048668404496334784,60.2962125020949,61.543487007900296,51.721842834395495
20211227,15984460,147.256,148.344,147.1693,147.9065,145.2635,144.8662,144.818,146.1234421946173,145.4074947281935,145.187548561642,0.219946166551523,0.005054509713236774,60.02235862388998,72.7460846926214,58.72992345380412
20211228,18254300,148.236,148.299,146.0543,146.687,146.27949999999998,144.95225,144.875825,146.31129479641154,145.6043416930868,145.2986190385574,0.3057226545294043,0.06518813867647028,48.60039885629164,75.70932965248244,64.38972552003023
20211229,17787460,146.6443,147.417,145.6475,146.655,146.916,145.22705,145.1137,146.4258631976077,145.7659814326119,145.39909170236797,0.36688973024394045,0.12552845698996432,46.15674169991719,77.56660988247437,68.7820203075116
20211230,15687720,146.694,147.3,145.9945,146.2005,146.8731,145.203,145.37115,146.35074213173849,145.83283044297931,145.45845527997034,0.37437516300897755,0.17529779819376695,46.37436337048058,77.12575425538931,71.56326495680418
20211231,18135180,146.05,146.6985,144.852,144.852,146.4602,145.2437,145.46544999999998,145.851161421159,145.68193345175172,145.41353266663918,0.26840078511253296,0.19391839557752016,42.43508755074101,71.85013710490806,71.65888900617213
20220103,28678940,145.055,145.851,143.7128,144.9915,145.87720000000002,145.57035000000002,145.61495,145.56460761410602,145.575712920713,145.38227098762886,0.19344193308413082,0.19382310307884232,47.77700867898405,66.9823248194977,70.10003427728066
20220104,28399440,145.396,146.4849,143.7163,144.3995,145.4197,145.8496,145.67717499999998,145.17623840940402,145.39475708675715,145.30947313669338,0.08528395006376854,0.17211527247582756,51.41089179820659,53.069552027553534,64.42320686070494
20220105,54618280,144.42,144.4994,137.688,137.775,143.64370000000002,145.27984999999998,145.20245,142.70915893960267,144.22248676571758,144.75136401545683,-0.5288772497392529,0.031916768032811474,29.887671741552168,35.65184849884955,54.83275407341981
20220106,37347420,136.9985,139.94,136.5585,137.7475,141.9531,144.41310000000001,144.6805,141.0552726264018,143.22633495560717,144.23255927357113,-1.0062243179639552,-0.17571144916654186,32.89315726290516,27.130788425505415,45.59876552411501
20220107,29760560,138.1455,138.4485,135.7665,137.017,140.3861,143.42315,144.149425,139.70918175093453,142.27105265474452,143.69807340145476,-1.427020746710241,-0.4259733086752817,36.614352325713625,21.413211300892137,37.53691411637405
20220110,44408120,135.078,138.8195,133.1645,138.6695,139.12169999999998,142.49945,143.682825,139.3626211672897,141.71696763093766,143.32558648282847,-1.6086188518908102,-0.6625024173183875,42.318454015323866,27.15040842266105,34.07474555180305
20220111,28729700,138.007,140.216,136.6923,139.736,138.189,141.80435,143.37830000000002,139.48708077819313,141.41220338002415,143.05969118780413,-1.6474878077799815,-0.8594994954107064,39.80296373113553,33.59671740221543,33.91540283527384
20220112,26112040,141.15,142.6078,140.6945,141.4305,138.9201,141.2819,143.254475,140.1348871854621,141.4150182446358,142.9390103590779,-1.523992114442109,-0.992398019216987,35.402817231381974,42.7564146259585,36.86240676550206
20220113,31436600,141.54,142.85,138.409,138.587,139.08800000000002,140.52055,142.86177500000002,139.61892479030809,140.97993851469184,142.61663922136844,-1.6367007066766064,-1.121258556708911,28.549354896860677,42.073688747265685,38.599500759423265
20220114,29661280,137.079,140.742,136.9985,139.4805,139.5807,139.98340000000002,142.61355,139.57278319353873,140.74925566627772,142.3843326123782,-1.6350769461004688,-1.2240222345872227,28.192453025518972,43.85445700274656,40.35115284053103
20220118,34888100,136.175,137.1315,135.4383,135.998,139.0464,139.08405,142.3272,138.38118879569248,140.01829325608114,141.9112709373872,-1.8929776813060641,-1.357813323930991,25.236308034473183,37.5689763285917,39.42376066988459
20220119,28647640,136.5235,137.9595,135.0155,135.1165,138.1225,138.15574999999998,142.002675,137.2929591971283,139.26417121668405,141.4079545716548,-2.1437833549707648,-1.515007330138946,24.28058756659165,31.763930289647746,36.870483876472306
20220120,29907140,136.25,137.626,132.9647,133.3075,136.4979,137.709,141.494425,135.96447279808555,138.34776026027112,140.80792089968037,-2.460160639409253,-1.7040379919930073,22.89792314807032,22.331878654315357,32.024282135753324
20220121,55651420,132.5935,134.8655,130.0865,130.3515,134.8508,136.9694,140.69125,134.09348186539037,137.11756637407555,140.03337120340774,-2.9158048293321883,-1.9463913594608435,21.448402150156554,15.579996772272672,26.54285368125977
20220124,76694240,125.978,131.203,124.5,130.804,133.1155,136.3481,139.885625,132.99698791026026,136.14624847037163,139.34971407722938,-3.2034656068577476,-2.1978062089402246,22.404839242993077,21.83807232592929,24.97459322948294
20220125,46960560,128.74,129.399,126.5005,126.935,131.3029,135.17464999999999,138.83705,130.97632527350686,134.72913332108368,138.43010562706422,-3.7009723059805424,-2.4984394283482882,19.87165111183957,18.98196647341699,22.977050977460955
20220126,49129500,131.119,133.0,127.142,129.233,130.12619999999998,134.12435,137.96435000000002,130.39521684900458,133.88357434860927,137.748838543578,-3.8652641949687165,-2.771804381672374,32.67834691973886,21.252282826056387,22.402128260326098
20220127,32018780,131.304,132.6523,128.9323,129.005,129.26569999999998,132.8818,137.08184999999997,129.93181123266973,133.13302444882322,137.10114679960924,-3.968122350786018,-3.011067975495103,32.414764155687465,23.413765860559362,22.739340793737185
20220128,34361480,129.659,133.3565,128.485,133.351,129.86560000000003,132.3582,136.43937499999998,131.07154082177982,133.16655914900426,136.82335814778634,-3.6567989987820795,-3.1402141801524985,43.56232219997895,37.529258471721285,27.669313353065217
20220131,39986000,134.162,135.473,132.2095,135.3035,130.7655,131.9405,135.96195,132.48219388118656,133.4953192799267,136.71077606276512,-3.21545678283843,-3.155262700689685,44.150766343447025,51.77508101589379,35.70456924067474
20220201,68643640,137.5945,137.7928,134.3685,137.644,132.90730000000002,132.1051,135.59457500000002,134.20279592079106,134.13357785224565,136.77990376181955,-2.6463259095739033,-3.0534753424665286,46.51878723333448,67.47691968223766,46.29535272119571
20220202,123199220,151.25,151.5466,145.5225,148.0,136.6607,133.39345,135.77460000000002,138.80186394719405,136.2668735672848,137.61102200168477,-1.3441484343999832,-2.71160996085322,58.485862278310954,73.94697191458712,55.51255911899285
20220203,71517220,145.7055,149.675,142.6653,143.09,139.4777,134.37169999999998,136.04035,140.23124263146272,137.31658532616405,138.0168722237822,-0.700286897618156,-2.3093453482062074,55.52176578786022,72.20905574292941,61.07805799363837
20220204,57998220,143.4447,144.875,140.515,143.293,141.4661,135.66585,136.317625,141.25182842097516,138.23603373752343,138.40769650350202,-0.17166276597859564,-1.8818088317606851,54.75557883970112,70.4881593286775,64.21475843865142
20220207,54973300,144.25,144.25,138.9,139.201,142.24560000000002,136.50555000000003,136.426825,140.56821894731678,138.38449008559672,138.46645972546486,-0.08196963986813444,-1.521840993382175,53.93546960239839,63.46304475802764,63.964187211776824
20220208,54283600,139.0265,140.0,137.0139,139.399,142.5966,137.75195,136.4633,140.1784792982112,138.54056853396645,138.53553678283782,0.005031751128626638,-1.2164664444800148,55.35172017345446,58.083837865881804,62.004070763145144
20220209,40143880,140.9635,142.5243,140.187,141.592,141.315,138.98785,136.5561,140.64965286547414,139.01001952874083,138.76194146559055,0.24807806315027392,-0.9235575429539572,60.25449009147284,57.66747133265745,60.55853761964924
20220210,39330660,139.7035,141.4845,137.957,138.62,140.421,139.94935,136.415575,139.9731019103161,138.95001652431915,138.75142728295424,0.19858924136491396,-0.699128186090183,60.23063312752874,49.49541416609283,56.8708298017971
20220211,39958340,138.6,139.1563,133.4,134.2825,138.6189,140.0425,136.20035000000001,138.07623460687742,138.2319370590393,138.42039563236503,-0.18845857332573246,-0.596994263537293,53.926471086227714,34.617999430799514,49.453219678131234
20220214,34301080,133.2565,136.3,133.2565,135.526,137.88389999999998,140.06475,136.002625,137.22615640458497,137.81563904995633,138.20599595589354,-0.3903569059372103,-0.5556667920172764,60.30837532997359,27.2147836403033,42.040407665521926
20220215,26711260,137.5705,138.1085,135.8215,136.6085,137.32580000000002,139.96120000000002,136.03315000000003,137.02027093638998,137.62992534996303,138.08766292212366,-0.4577375721606245,-0.5360809480459461,59.11579675932218,24.948520477847943,36.34311193629726
20220216,25021300,136.6465,138.086,134.9238,137.738,136.555,138.935,136.16422500000002,137.25951395759333,137.6465522191995,138.0617619649293,-0.4152097457298112,-0.5119067075827191,60.55832285520843,29.489715262835226,34.05864637847658
20220217,38949500,136.243,137.1135,132.4785,132.539,135.3388,137.8799,136.12579999999997,135.6860093050622,136.86077495470727,137.65266848604566,-0.7918935313383884,-0.567904072333853,49.03811983226325,19.831127905900658,29.316140220951272
20220218,45619440,133.467,134.07,130.1965,130.403,134.56289999999998,136.59089999999998,136.128375,133.9250062033748,135.86727111552153,137.11565600559783,-1.248384890076295,-0.7040002358823414,44.22008610013562,13.779110552213284,24.137130331371942
20220222,44990740,129.8381,132.1803,128.2233,129.8135,133.4204,135.65214999999998,136.07885,132.55450413558322,134.9359217131336,136.57475556073874,-1.6388338476051274,-0.8909669582268986,40.36637427260314,12.892574412381538,20.388945025041807
20220223,32786020,131.6485,132.051,127.5275,127.588,131.6163,134.47105000000002,136.1115,130.89900275705548,133.80547221880536,135.90906996364697,-2.1035977448416077,-1.1334931155498404,18.607548214450546,8.739541022359564,16.50581035748106
20220224,54455080,124.9533,133.0,124.9533,132.691,130.6069,133.58094999999997,136.28439999999998,131.49633517137033,133.63401495437375,135.67069441078425,-2.0366794564104964,-1.3141303837219718,34.101333170254435,23.98613913213515,18.999253282365757
20220225,36405980,133.552,135.2715,131.7515,134.4595,130.99099999999999,133.16490000000002,136.55712499999998,132.48405678091356,133.76101265370087,135.5809763062817,-1.8199636525808387,-1.4152970374937452,37.111717416361486,40.07806583511028,26.025524133280598
20220228,38864420,133.05,135.7515,132.5923,135.057,131.9218,133.24235000000002,136.642425,133.34170452060903,133.96039532236227,135.54216324655712,-1.5817679241948497,-1.4485912148339664,43.26726238830219,52.319993699527814,34.79034732202967
20220301,26495360,134.8785,136.2555,133.2185,134.0615,132.7714,133.09589999999997,136.580325,133.5816363470727,133.97594988815268,135.4324844875529,-1.4565345994002143,-1.450179891747216,41.547232559981,57.99836952836752,42.52635472414228
20220302,23519800,134.628,135.2625,133.0715,134.5715,134.1681,132.89219999999997,136.42669999999998,133.91159089804847,134.06757298228305,135.36870785884528,-1.3011348765622301,-1.4203708887102189,38.25590926579564,65.0308258712222,50.027845106502255
20220303,24603240,136.01,136.4395,133.0255,133.8995,134.4098,132.50834999999998,135.72167499999998,133.90756059869898,134.04171560039333,135.25987764707898,-1.2181620466856486,-1.379929120305305,41.445114989398114,69.3160530098165,56.45724774094033
20220304,30450640,132.9275,133.8515,130.3375,131.9065,133.8992,132.4451,135.1625,133.24054039913267,133.7132208926405,135.01147930285092,-1.2982584102104227,-1.3635949782863288,45.29411764705881,66.38911900549377,59.76787149579147
20220307,45112940,131.488,131.735,126.295,126.3785,132.1635,132.04265,134.316775,130.95319359942178,132.58480229377273,134.37199935449158,-1.787197060718853,-1.4483153947728336,34.51125146040397,48.39539033628195,55.97704444262162
20220308,40427100,126.25,131.25,125.6747,127.1045,130.7721,131.77174999999997,133.71195,129.67029573294786,131.74167886396154,133.83366606897368,-2.0919872050121455,-1.577049756820696,33.71096561889418,38.50644730085388,50.15351206203236
20220309,37025400,131.25,133.7355,129.9005,133.42,130.5418,132.35494999999997,133.413,130.92019715529858,131.99988211565977,133.8030241379386,-1.80314202227882,-1.622268209912321,43.71634797287463,49.654379948488334,49.987134690851015
20220310,27101400,131.266,133.2718,130.9125,132.4295,130.24779999999998,132.32879999999997,132.954875,131.42329810353237,132.06597717478905,133.7012816092024,-1.6353044344133423,-1.6248754548125253,49.81841097162569,54.01923982297156,51.33116973489119
20220311,31526440,133.4885,133.7955,129.6315,129.8705,129.8406,131.86989999999997,132.5174,130.90569873568825,131.72821145559072,133.41752000852074,-1.6893085529300151,-1.6377620744360235,49.12914779138797,49.005171970764195,50.55583714684886
20220314,38811260,130.25,130.409,125.275,125.951,129.7551,130.95929999999998,132.100825,129.25413249045886,130.83940969319215,132.86444445233403,-2.0250347591418745,-1.7152166113771938,44.303685460203205,34.688416705784476,45.266696999827396
20220315,30919520,126.976,129.8545,125.7205,129.198,130.17379999999997,130.47295000000003,131.784425,129.23542166030592,130.58688512500873,132.59285597438335,-2.00597084937462,-1.773367458976679,52.30493915533288,34.83833151577057,41.790575171808456
20220316,35576980,130.733,133.333,128.7345,133.2805,130.14589999999998,130.34385,131.61802500000002,130.58378110687062,131.00128741346893,132.6437925688735,-1.6425051554045638,-1.7471949982622559,50.8693536256249,54.339645173439536,45.97359850568548
20220317,28263920,133.149,134.0804,132.185,133.839,130.4278,130.33780000000002,131.42307499999998,131.6688540712471,131.43785858062756,132.73232645266063,-1.2944678720330671,-1.6566495730164181,49.05106363455628,68.64593027083414,53.5310424274017
20220318,44566900,133.4245,136.244,132.2583,136.1255,131.6788,130.7597,131.60240000000002,133.15440271416475,132.15903418360793,132.98367264135243,-0.8246384577444985,-1.4902473499620343,51.55379760641005,78.73718109464728,61.933088649816895
20220321,26831680,136.1635,137.05,134.0923,136.1015,133.7089,131.732,131.88732499999998,134.13676847610984,132.7655673861298,133.21462281606705,-0.44905542993726044,-1.2820089659570797,53.05279540284926,83.13972016359352,69.00196582107577
20220322,35495540,136.1015,141.05,136.1015,139.868,135.84290000000001,133.00835,132.39005,136.04717898407324,133.8582493267252,133.70746557043245,0.15078375629275342,-0.995450421507113,57.222138893055366,86.26219062147646,74.75537408787599
20220323,25153400,138.7025,139.5885,137.835,138.2755,136.84189999999998,133.4939,132.92442499999999,136.78995265604883,134.53782635338285,134.04583849114115,0.4919878622417002,-0.6979627647573504,55.82085184495465,84.97880853898744,78.1631855715798
20220324,26396560,139.2,141.6188,137.7505,141.572,138.3885,134.40815,133.36847500000002,138.3839684373659,135.62000691440088,134.6033319362418,1.0166749781590738,-0.3550352161740655,62.42591759336634,89.89042332054575,82.07226482123511
20220325,24143080,141.916,142.035,139.7375,141.673,139.498,135.5884,133.72914999999998,139.48031229157726,136.55123661987767,135.12701105207574,1.4242255678019262,0.0008169406211328556,72.85114520924535,92.52065386672567,85.55506116973196
20220328,35049260,140.9005,142.0025,139.8113,141.4555,140.5688,137.13885,134.049075,140.13870819438483,137.305738678358,135.59578801118124,1.70995066717677,0.3426436859322603,71.77230937281914,93.56144289083792,88.22385507676728
20220329,34317020,142.6475,143.7935,142.0383,142.5055,141.0963,138.46959999999999,134.47127500000002,140.9276387962566,138.10570195861064,136.1076185288715,1.9980834297391254,0.6737316346936334,66.40485347489306,92.00918923193021,89.48563312848825
20220330,19884760,142.46,142.7203,141.6,141.9385,141.8289,139.3354,134.839625,141.26459253083772,138.69536319574746,136.53953567488102,2.1558275208664384,0.9701508119281944,67.43618893941618,89.31238872484002,89.42788499393883
20220331,37524720,142.053,142.1078,139.0245,139.0675,141.328,139.85825,135.098025,140.5322283538918,138.7526150117863,136.7267922915565,2.0258227202297974,1.181285193588515,66.67331399564901,76.63638488004358,85.16405162264041
20220401,25941440,139.5,140.4708,138.3075,140.1505,141.02349999999998,140.26075,135.510225,140.4049855692612,138.96767424074227,136.98040026995972,1.987273970782553,1.3424829490273225,78.69339422474584,68.63729177476992,79.65513167335024
20220404,25970840,140.3585,143.712,140.3105,142.9715,141.32670000000002,140.94774999999998,136.33987499999998,141.26049037950747,139.58364743447422,137.42418543514788,2.1594619993263393,1.5058787590871259,78.32013981700416,74.55735608085769,77.95587314251938
20220405,21418120,142.869,142.9905,140.3825,140.591,140.94379999999998,141.02005000000003,137.0142,141.03732691967167,139.7386247522474,137.65876429180358,2.0798604604438253,1.6206750993584658,66.16258760584557,65.37317036754635,73.76163888419504
20220406,32468480,138.75,139.3605,135.517,136.548,139.8657,140.84730000000002,137.17059999999998,139.54088461311446,139.24775940574781,137.5764854553737,1.6712739503741147,1.6307948695615957,55.189655172413794,47.734432392677874,65.08590338702264
20220407,26233600,136.01,137.1645,134.2274,135.8885,139.2299,140.27894999999998,137.34355,138.32342307540966,138.730950266402,137.4514494957164,1.2795007706856154,1.5605360497863998,49.515792914640635,37.61110265845684,55.927636477500705
20220408,25142800,135.5835,135.67,132.9655,133.2875,137.8573,139.4404,137.5144,136.6447820502731,137.89349637926324,137.14300879233,0.7504875869332466,1.3985263572157693,44.79852125693163,26.065325673301984,45.973532876101125
20220411,36883060,131.8235,132.0925,128.6685,128.8235,135.0277,138.1772,137.658025,134.0376880335154,136.49811232091506,136.52674888178703,-0.028636560871973415,1.113093773598221,30.098207045679814,17.720332226158295,36.55579932612018
20220412,32710700,131.6,131.6,126.789,127.7145,132.4524,136.6981,137.58385,131.92995868901028,135.1467873484666,135.87398970535835,-0.7272023568917518,0.7450345475002265,30.631968896713644,13.636517649088098,28.916038767109484
20220413,27927240,128.0,130.334,127.7412,129.894,131.1216,135.49365,137.414525,131.25130579267352,134.33866621793328,135.43102750496143,-1.0923612870281545,0.3775553805945503,27.668566183501,15.206948656680972,24.346342063633312
20220414,31597980,130.4795,130.4795,126.601,126.73,129.2899,134.25990000000002,137.05907499999998,129.74420386178235,133.1681021844051,134.78650694903837,-1.6184047646332829,-0.02163664845101637,24.421431016775102,10.389266104239704,19.693983410502106
20220418,20808660,127.0,128.2125,126.182,127.6765,128.1677,133.0125,136.63662499999998,129.05496924118825,132.32324030988121,134.2598397676281,-1.936599457746894,-0.4046292103101919,26.988209359030037,9.88995564994351,16.425974156982573
20220419,26489760,127.6915,130.333,126.9995,130.009,128.4048,131.71625,136.332,129.3729794941255,131.96720333913026,133.9449627478038,-1.9777594086735348,-0.7192552499828606,29.98734846179711,16.273211697475926,16.375053337147023
20220420,31695460,130.892,131.399,127.5,128.04,128.4699,130.46115,135.7406,128.92865299608366,131.3630182100333,133.50755809981834,-2.144539889785051,-1.0043121779432989,28.698637485248327,16.48808240185318,16.412729692049073
20220421,36445160,129.25,130.0985,124.5265,124.8145,127.45400000000002,129.2878,135.06755,127.55726866405578,130.35555387002816,132.86362787020215,-2.508074000173991,-1.3050645423894376,28.39013888046574,11.853543694832608,14.89300102631025
20220422,56883720,125.0,125.402,118.925,119.6355,126.03509999999999,127.6625,133.970725,124.91667910937053,128.70631481310073,131.88376654648349,-3.177451733382753,-1.679541980588101,22.332362302422155,9.700982803706507,13.162328285442335
20220425,46128260,119.101,123.2775,118.511,123.074,125.1146,126.64115,133.040775,124.30245273958036,127.83980484185446,131.23119124674398,-3.3913864048895164,-2.021910865448384,23.604791531247088,18.087766517315536,14.804141029400068
20220426,73054880,122.2945,122.51,118.511,118.65,122.84279999999998,125.6238,131.9005,122.41830182638691,126.4259887123384,130.29925115439258,-3.873262442054184,-2.392181180769544,22.390839310431588,12.418018563788698,14.008766874196278
20220427,91820580,114.4693,117.242,112.7365,114.2945,120.09370000000001,124.2818,130.48995,119.71036788425795,124.55960583351711,129.11371403184498,-4.554108198327867,-2.824566584281209,22.216118359448146,11.061443052349407,13.026325600247318
20220428,48884640,116.415,119.6495,114.115,118.5225,118.8353,123.14465,129.31914999999998,119.31441192283863,123.63082032066833,128.3291796591157,-4.698359338447375,-3.1993251351144423,30.092168011738806,17.70874502217353,14.587132074222723
20220429,42676000,116.7345,117.9198,113.8145,114.1095,117.7301,121.8826,128.07125,117.57944128189243,122.16600180979628,127.27587005473677,-5.109868244940486,-3.581433757079651,28.891872853746577,14.25816312485155,14.477475757765664
20220502,35533020,113.405,116.7455,112.6,116.583,116.4319,120.77324999999999,126.892875,117.2472941879283,121.30707845444302,126.48380560623775,-5.176727151794736,-3.9004924360226685,35.91021582733812,16.567874482120835,15.174275332550721
20220503,24967360,116.4305,118.4418,116.0345,117.334,116.16869999999999,119.50575,125.61100000000002,117.27619612528555,120.69583561529794,125.80604222799792,-5.110206612699983,-4.142435271358131,37.95192609013567,20.063165476103354,16.8039053804016
20220504,49915280,117.0315,122.8545,115.116,122.261,117.76199999999999,118.92784999999999,124.69450000000002,118.93779741685704,120.93663013602134,125.54344650740549,-4.606816371384156,-4.235311491363336,41.67194012263511,38.53036736057257,24.04605937379192
20220505,45840580,120.204,121.039,115.0057,116.5055,117.3586,118.09694999999999,123.692375,118.12703161123804,120.25491780740266,124.87396898833842,-4.619051180935756,-4.31205942927782,39.44153577661429,37.879216264263704,28.657111670615848
20220506,39709580,115.1845,117.5715,114.0155,115.7465,117.68599999999999,117.70805,122.685275,117.3335210741587,119.56131506780224,124.19786017438742,-4.636545106585174,-4.376956564739292,37.63243557048369,35.48084081342449,30.93168805155206
20220509,40802860,113.25,115.0771,112.0005,112.511,116.87160000000002,116.65174999999999,121.64645,115.72601404943913,118.47665121121727,123.3321668281365,-4.85551561691922,-4.472668375175277,32.19359303130216,25.22167226760697,29.028349456903698
20220510,39900380,115.5075,116.25,112.9005,114.395,116.2838,116.22624999999998,120.925025,115.28234269962608,117.84870487103001,122.67015447049675,-4.821449599466746,-4.542424620033571,36.090440172072825,24.168111958270728,27.408270290692705
20220511,37534740,113.2365,116.3644,113.2365,113.6025,114.5521,116.15705,120.219425,114.72239513308406,117.19544258317923,121.99847636157108,-4.80303377839185,-4.594546451705227,37.974086150677884,21.031919857199846,25.282820146195085
20220512,53836180,111.3775,114.295,109.8245,112.844,113.81980000000001,115.58919999999998,119.366925,114.09626342205605,116.52598987807474,121.32036700145471,-4.794377123379974,-4.634512586040177,41.95234088943133,21.745761869496732,24.103800720628968
20220513,35038480,114.533,117.875,113.605,116.0505,113.8806,115.78329999999998,118.83295000000001,114.74767561470404,116.45283758914017,120.93000648282843,-4.477168893688258,-4.6030438475697935,41.631417779737156,30.42452172727257,26.2107077228435
20220516,25990440,114.9555,116.17,113.8895,114.445,114.2674,115.56949999999999,118.17137500000001,114.64678374313603,116.14393949850323,120.44963563224856,-4.305696133745329,-4.543574304804901,44.628943670966905,32.10317309318809,28.174862846291695
20220517,23053160,116.8405,116.9,114.8698,116.473,114.68299999999999,115.48339999999999,117.49457500000001,115.25552249542402,116.1945641910412,120.15507002985977,-3.9605058388185768,-4.426960611607636,52.95851157737489,41.16373353863645,32.504486410406614
20220518,35125980,115.0,115.4,111.5555,111.8995,114.3424,114.44725000000001,116.68755000000002,114.13684833028267,115.53378508472716,119.54354632394424,-4.0097612392170845,-4.343520737129525,41.089255442240955,36.03408789125254,33.681020237355256
20220519,34144400,111.4315,113.01,110.0,110.384,113.8504,113.83510000000001,115.96602499999999,112.88589888685513,114.7415104563076,118.86506141105949,-4.123550954751892,-4.2995267806539985,44.56377405845531,26.339351557338347,31.233797344016285
20220520,48962960,111.951,112.1835,105.7964,108.908,112.42190000000001,113.15125,115.42965,111.55993259123676,113.84404730918335,118.12750130653656,-4.283453997353206,-4.296312223993841,38.464891186726,26.146655612431175,29.538083433487913
20220523,37184940,109.5875,112.1475,108.741,111.488,111.8305,113.04894999999999,114.85034999999998,111.53595506082452,113.4815784923859,117.63568639494126,-4.154107902555353,-4.2678713597061435,41.67165284782175,33.13822211626684,30.738129661080887
20220524,76779780,105.772,106.4583,101.8847,105.97,109.7299,112.20644999999999,114.21635,109.68063670721637,112.32595103201885,116.77156147679747,-4.445610444778623,-4.30341917672064,27.175801389822922,30.608352693226173,30.694870671795982
20220525,40257340,104.9855,106.5,103.8565,105.805,108.51100000000001,111.42670000000001,113.79187499999998,108.38875780481092,111.32272779632363,115.9592235896273,-4.636495793303666,-4.370034500037245,32.22360661184487,28.577814553010054,29.989185298867337
20220526,37947220,105.677,108.6495,105.2249,107.7925,107.99270000000001,110.92155,113.255375,108.19000520320728,110.77961582765846,115.35428110150676,-4.5746652738482965,-4.410960654799456,37.3044755155462,32.16694344470028,30.71510468081165
20220527,37914120,109.483,112.318,109.1383,112.3165,108.67439999999999,110.54815,113.165725,109.56550346880486,111.01605954648025,115.12926027917293,-4.113200732692675,-4.3514086703781,49.70181974275248,44.602785421323944,35.34433159431575
20220531,50012260,112.7465,115.735,112.0785,113.762,109.1292,110.47984999999998,113.024675,110.96433564586991,111.43851192394483,115.02798173997493,-3.5894698160301033,-4.1990208995085005,49.01634758826455,58.320130679285555,43.00293128930568
20220601,36605520,114.855,117.1016,113.25,113.892,110.7136,110.22175,112.85257499999997,111.94022376391328,111.81597162795332,114.94383494442124,-3.1278633164679235,-3.9847893829003853,50.45932695511446,65.18264107817055,50.39616788559397
20220602,37992280,114.0,117.8995,112.9465,117.6225,113.0771,110.79405,112.62065,113.83431584260886,112.70928368519127,115.14225457816781,-2.4329708929765417,-3.674425684915617,56.92827420220094,76.2118773608864,59.001404377358114
20220603,26135460,116.0625,116.3216,113.5185,114.541,114.4268,111.20975000000001,112.522425,114.06987722840591,112.99108619516184,115.09771720200723,-2.10663100684539,-3.3608667493015716,47.80343708618908,77.15084270213066,65.05121715228229
20220606,33541540,116.7045,119.347,116.164,116.8205,115.32759999999999,112.001,112.576125,114.98675148560395,113.58022678052156,115.22533074259928,-1.6451039620777266,-3.017714191856803,53.39022963079251,79.94445788994639,70.01563073150365
20220607,31590460,115.4805,117.691,115.052,117.1495,116.0051,112.56715000000001,112.80805000000001,115.7076676570693,114.12934573736439,115.36786179870305,-1.2385160613386574,-2.661874565753174,51.01468404553705,81.90093390332633,73.97739845544454
20220608,26107740,116.7615,118.5705,116.6,117.194,116.6655,113.68955000000001,112.94800000000001,116.20311177137954,114.60083100853909,115.50313129509541,-0.9023002865563257,-2.3099597099138047,59.18976619860101,82.85208661960874,76.93562784349928
20220609,25797960,116.3275,118.299,114.776,114.8355,116.1081,114.59259999999999,113.00965,115.7472411809197,114.6369339303023,115.45367712508835,-0.8167431947860422,-2.0113164068882523,57.506871953995834,73.83715828483545,75.902804657278
20220610,41481840,112.445,113.279,110.3661,111.1615,115.4322,114.92949999999999,112.925525,114.2186607872798,114.10225178717887,115.13573807878551,-1.0334862916066356,-1.815750383831929,53.537954313525404,52.17696332143986,67.99419087866528
20220613,47251920,106.7865,108.7915,106.1192,106.3925,113.3466,114.3371,112.44262499999999,111.60994052485322,112.9161361276129,114.48809081369028,-1.571954686077376,-1.7669912442810185,42.51465338680534,35.47334328325404,57.15390834686153
20220614,33706260,106.535,107.9245,105.8,106.7155,111.2598,113.63245000000002,112.05615,109.97846034990215,111.96219210798014,113.91234334600952,-1.9501512380293775,-1.8036232430306904,51.29240850857273,25.901546785671755,46.736454493131596
20220615,39698180,108.545,111.4235,107.6695,109.7645,109.7739,113.21970000000002,111.72072499999999,109.90714023326811,111.62408562982935,113.60509569074955,-1.9810100609201982,-1.8391006066085922,56.24024838064017,27.022625147289453,40.165178044517546
20220616,51684960,107.221,108.6485,105.138,106.0335,108.0135,112.0608,111.427425,108.61592682217875,110.76399553293253,113.04423675069403,-2.2802412177614997,-1.9273287288391738,47.372195165675706,20.11586462654354,33.482073571859544
20220617,51376520,106.0335,108.6995,105.046,107.1435,107.20989999999999,111.32105000000001,111.2654,108.12511788145251,110.20699622017368,112.60714513953151,-2.4001489193578323,-2.0218927669429054,41.394110796872404,18.580206841494473,28.51478466173785
20220621,47415800,108.9295,112.4893,108.6,111.544,108.2402,110.79339999999999,111.3972,109.26474525430167,110.41268910937772,112.52839364771437,-2.1157045383366437,-2.0406551212216533,46.64041199636473,28.40218405746567,28.477251126980455
20220622,30774140,110.5565,113.3465,110.3824,111.4875,109.1946,110.2272,111.39717500000002,110.00566350286779,110.57804463101192,112.45129041455033,-1.8732457835384082,-2.0071732536850044,46.34979430115526,35.136152585004254,30.696884946321717
20220623,28361920,112.2315,112.7425,110.5005,112.242,109.6901,109.73200000000001,111.71077499999998,110.75110900191187,110.83403776470239,112.43578742087993,-1.601749656177546,-1.9260885341835128,41.02067722501294,52.32195928211776,37.90524305825373
20220624,41163680,112.995,118.079,112.9525,117.975,112.07839999999999,110.04594999999999,112.31927500000002,113.15907266794125,111.93264733936357,112.8460994637777,-0.9134521244141354,-1.7235612522296375,55.26493315344045,67.94864806382981,47.91971139344575
20220627,36420760,118.273,118.5795,115.1797,115.8335,113.8164,110.51315,112.72132500000001,114.05054844529417,112.53277851792302,113.06738839238677,-0.5346098744637544,-1.4857709766764609,48.48032271971424,71.86896853840918,55.90279710843356
20220628,35880960,115.8025,117.3095,111.848,112.0075,113.9091,111.07464999999999,112.70587500000002,113.36953229686279,112.45196643824256,112.98887814109887,-0.5369117028563011,-1.295999121912429,42.852575685969235,65.0589862545811,58.9548601571494
20220629,24716820,111.552,113.1603,110.8725,111.7015,113.9519,111.57325,112.60285000000002,112.81352153124186,112.33651006312832,112.89351679731377,-0.5570067341854497,-1.1482006443670332,42.420478851859514,59.76531276592027,59.22501102673968
20220630,43169060,110.0,110.888,106.75,108.963,113.2961,111.4931,112.35640000000001,111.53001435416125,111.81750851495472,112.60236740492014,-0.7848588899654203,-1.0755322934867106,41.98019801980197,49.4912062815769,55.98040944501875
20220701,35475660,107.933,109.25,106.7305,108.7375,111.44859999999998,111.7635,111.91215,110.5991762361075,111.34366105111553,112.31608093048162,-0.9724198793660861,-1.0549098106625858,46.34543480882884,38.6401836008892,50.200334163642225
20220705,39399640,107.1005,113.3768,105.7315,113.263,110.9345,112.37545,111.84825000000001,111.48711749073834,111.63894396632853,112.38622308377927,-0.7472791174507449,-0.9933836720202177,60.43498731793261,45.300128627242884,48.56693231817577
20220706,37431380,113.302,115.5895,111.476,114.572,111.44739999999999,112.67825,111.735825,112.51541166049225,112.09018335612414,112.54813248498081,-0.4579491288566686,-0.8862967633875078,61.585536696503624,53.13621069960652,50.09002511198602
20220707,40935880,115.08,119.1895,114.8335,118.783,112.8637,113.4078,111.8175,114.60460777366151,113.11984745518197,113.00997452313038,0.10987293205158721,-0.6870628242996889,62.85840569171765,67.75063771711027,55.976895980360766
20220708,38238160,117.25,119.685,116.9013,119.3535,114.94179999999999,114.11895,111.92547499999998,116.18757184910768,114.07887092361551,113.4798652991948,0.5990056244207125,-0.4298491345556086,70.87250846182775,77.7085091380035,63.22076703290834
20220711,31243700,117.998,117.998,115.3305,115.6765,116.3296,113.88910000000001,111.967525,116.0172145660718,114.32466001229005,113.64257898073592,0.6820810315541337,-0.20746310133366014,62.37563451776651,75.56315296076885,67.33489567552851
20220712,29959700,116.215,116.974,113.6902,114.0205,116.4811,113.70779999999999,112.110475,115.35164304404788,114.27786616424542,113.67057313031104,0.6072930339343827,-0.044511874280051586,53.90239674760877,70.17691880594298,68.282236719
20220713,43722020,111.701,114.196,111.2015,111.3535,115.8374,113.6424,112.35852500000001,114.01892869603194,113.82796367743845,113.49893808362134,0.32902559381710716,0.030195619339380163,49.80489793541248,60.214934678693524,65.59313603889784
20220714,37003040,110.2105,111.093,108.373,110.3675,114.15429999999999,113.50899999999999,112.541125,112.80178579735463,113.29558465014023,113.2669797070568,0.02860494308342254,0.02987748408818864,47.28903029864777,51.2181694456182,60.80148050780463
20220715,46769120,112.0005,113.1405,110.9,111.7775,112.63910000000001,113.79045,112.64177500000001,112.46035719823644,113.06203316550328,113.15664787690444,-0.09461471140116373,0.004979044990318166,39.75602902527315,48.58865648329254,56.730539166300595
20220718,43164590,112.64,113.68,108.37,109.03,111.3098,113.81970000000001,112.79159999999999,111.3169047988243,112.44172037081046,112.850970256393,-0.4092498855825397,-0.07786674112425342,38.9752232179028,34.336759352390914,49.26594589499736
20220719,36530950,110.85,114.02,109.56,113.81,111.26769999999999,113.87440000000001,113.124925,112.14793653254954,112.65222492914731,112.92200949666018,-0.26978456751287183,-0.1162503064019771,52.83327307879723,38.917097190885436,45.816329660293384
20220720,35600430,113.17,115.4,112.48,113.9,111.777,113.80720000000001,113.242725,112.73195768836636,112.84419032466312,112.99445323764832,-0.15026291298519823,-0.12305282771862133,53.479354930602824,42.23579052672669,44.62281661577115
20220721,32676170,114.28,114.55,111.1132,114.34,112.57149999999999,113.3629,113.38534999999999,113.26797179224425,113.07431489009957,113.0941233681929,-0.01980847809332431,-0.10240395779356193,59.17733401604371,48.826076110741205,46.0239031140945
20220722,48901180,111.0,112.34,106.5,107.9,111.796,112.21755,113.16825000000001,111.47864786149619,112.27826644546886,112.70937348906749,-0.4311070435986295,-0.16814457495457547,48.820738112336144,37.00619446145399,43.018000229881
20220725,34690890,108.41,109.87,106.3,107.51,111.492,111.40090000000001,112.64499999999998,110.15576524099745,111.54468699231981,112.32423471209952,-0.779547719779714,-0.2904252039196032,40.83158028941161,29.103030739870448,38.37967706654415
20220726,47990960,106.6,107.2,104.07,105.02,109.734,110.50085000000001,112.10432499999999,108.4438434939983,110.54088899350138,111.78318028898104,-1.24229129547966,-0.4807984222316146,35.329442481953606,22.196960181390544,32.98543810482628
20220727,59858500,109.26,113.91,108.01,113.06,109.566,110.6715,112.15695000000001,109.98256232933221,110.92844453296271,111.8777595268343,-0.9493149938715817,-0.5745017365596081,42.13527924362357,41.24692902942952,35.73926841302736
20220728,32816570,112.37,114.34,111.46,114.22,109.542,111.05675000000001,112.28287499999999,111.39504155288816,111.43483768173768,112.05125882114285,-0.6164211394051762,-0.5828856171287218,43.057865768726245,57.359676722767645,42.946071182940784
20220729,37223390,113.08,116.705,113.06,116.32,111.226,111.51100000000001,112.65072500000001,113.03669436859211,112.1864011153165,112.36746187142857,-0.18106075611207473,-0.5025206449253924,50.90898817679712,70.55742067759762,52.14985434782639
20220801,26034290,115.3,116.72,114.34,114.86,112.696,112.09400000000001,112.95684999999999,113.64446291239474,112.59772402065244,112.55209432539684,0.04562969525559879,-0.3928905768891942,51.19245465263278,75.4704280143141,59.92337890332229
20220802,20236030,114.0,116.35,113.72,115.13,114.71799999999999,112.226,113.05019999999999,114.13964194159651,112.98730494055205,112.74305030129337,0.24425463925868485,-0.26546153365961844,55.75624552258144,79.45722868938462,66.43466216534307
20220803,28499010,115.71,118.62,115.48,118.08,115.72200000000001,112.644,113.22559999999999,115.45309462773102,113.77079648815943,113.13837990860497,0.6324165795544587,-0.08588591101680301,61.091536636226344,85.06770572419454,72.64567668496022
20220804,21602930,117.48,118.78,116.89,118.19,116.516,113.029,113.19595,116.36539641848735,114.45067395151952,113.51257398944904,0.9380999620704813,0.11891126360065386,59.58018973631134,88.70817816464543,77.99984384485529
20220805,19159520,116.23,118.1056,116.0,117.47,116.74600000000001,113.98599999999999,113.10177500000002,116.73359761232491,114.91518565128574,113.80571665689726,1.1094689943884788,0.3170228097582189,63.42239185750636,89.50361662369971,81.83443477113676
20220808,19169480,118.39,120.15,116.88,117.3,117.234,114.965,113.18295,116.92239840821661,115.28208016647254,114.06455246009006,1.2175277063824836,0.49712378908307187,56.503913529631006,85.17704040701341,82.9486366497623
20220809,19086470,117.135,117.32,115.71,116.63,117.53399999999999,116.126,113.31342500000001,116.82493227214441,115.48945244855369,114.2545856111945,1.234866837359192,0.6446723987382958,54.97993433053628,76.61591723336757,80.83773017763072
20220810,30930350,118.78,120.92,118.41,119.7,117.85799999999999,116.79,113.73074999999999,117.78328818142961,116.13722899493004,114.65794963999491,1.4792793549351302,0.8115937899776627,58.921438082556584,79.23673532266913,80.30406522597686
20220811,24293650,121.28,121.49,118.56,118.84,117.98800000000001,117.252,114.154375,118.13552545428641,116.55303991878696,114.96773114814344,1.5853087706435218,0.9663367861108346,72.36304170073589,74.78931217993475,78.46581421062949
20220812,19096270,120.26,121.68,119.46,121.68,118.83,117.78799999999998,114.64949999999999,119.31701696952429,117.34180300820435,115.46493624828096,1.876866759923388,1.1484427808733453,76.32850241545893,83.19287478662316,80.04150106929404
20220815,19494830,121.13,122.3,120.61,122.08,119.78600000000002,118.50999999999999,115.30200000000002,120.2380113130162,118.07075639155752,115.95494097063052,2.1158154209270066,1.3419173088840777,84.36744560838035,87.71998104054448,82.60099439304418
20220816,19041230,121.52,122.43,120.64,121.7,120.8,119.16699999999999,115.69649999999999,120.72534087534414,118.62910156208713,116.38050089873195,2.2486006633551767,1.5232539797782976,75.1748251748252,88.19228894766455,84.46475924458429
20220817,22846960,120.12,121.29,119.38,119.55,120.77000000000001,119.314,115.97900000000001,120.33356058356277,118.77077824484296,116.615278609937,2.155499634905965,1.6497031108038311,64.6831955922865,77.84247834606205,82.2573322784102
20220818,17987660,119.43,120.82,118.72,120.17,121.03600000000002,119.51199999999999,116.2705,120.27904038904185,118.98604313025174,116.87859130549722,2.10745182475452,1.741252853593969,61.54769046190764,74.01800143705722,79.51088866462587
20220819,21809530,119.06,119.15,116.76,117.21,120.14200000000001,119.48600000000002,116.73599999999999,119.2560269260279,118.71280572559763,116.90314009768261,1.8096656279150238,1.75493540845818,56.46670335718214,56.785810481847655,71.9358626036998
20220822,21456650,115.2,115.63,113.85,114.24,118.574,119.17999999999999,117.07250000000002,117.58401795068528,118.02468176781338,116.70587046081724,1.318811306996139,1.6677105881657721,47.86775275515093,39.37235850304995,61.08136123681652
20220823,15870370,113.475,115.01,113.43,113.86,117.006,118.90299999999999,117.5145,116.3426786337902,117.38396149584209,116.49506524149744,0.8888962543446439,1.5119477214015467,38.46994535519127,27.840831594625868,50.00118468941963
20220824,17734620,113.5,114.78,112.8701,113.69,115.83400000000002,118.30199999999999,117.54599999999998,115.4584524225268,116.815659727251,116.28728263101615,0.5283770962348484,1.3152335963682071,37.7450980392157,21.419370911234356,40.47391343002454
20220825,16956790,114.235,116.72,114.11,116.65,115.13,118.08300000000001,117.66749999999999,115.85563494835122,116.79017361536623,116.31415058427422,0.47602303109201216,1.1473914833129681,48.009708737864095,27.45928611347466,36.13570432450791
20220826,37245700,114.72,115.12,110.19,110.34,113.756,116.949,117.3685,114.0170899655675,115.79783921300219,115.87162091136501,-0.07378169836282211,0.9031568469778102,36.98578908002994,18.714687474342597,30.32869870778614
20220829,21191160,109.99,110.95,108.8,109.42,112.792,115.68300000000002,117.09650000000002,112.48472664371167,114.81663318023263,115.3937230660787,-0.5770898858460782,0.6071075004130325,36.64320118562433,14.131115375208926,24.929504263593735
20220830,27513260,110.17,110.5,107.8,108.94,111.80799999999999,114.407,116.787,111.30315109580779,113.91253576788915,114.91566950562843,-1.003133737739276,0.2850592527825708,27.950819672131146,12.33933037302715,20.732779633404874
20220831,28626970,110.65,110.85,108.13,108.22,110.71400000000001,113.274,116.29400000000001,110.27543406387187,113.03676103436774,114.41969398669298,-1.382932952325234,-0.048539188238990116,28.112118713932404,9.459700424896225,16.97508656390199
20220901,28360930,108.28,110.445,107.36,109.74,109.33200000000002,112.231,115.87150000000001,110.09695604258125,112.5295670290804,114.07304998767867,-1.5434829585982754,-0.3475279423108472,23.975588491717517,14.782250425714277,16.244141184506084
20220902,24160710,110.59,110.74,107.26,107.85,108.83399999999999,111.295,115.3905,109.34797069505419,111.80963363999109,113.6120833219247,-1.8024496819336093,-0.6385122902353997,20.87597216537047,11.933762440257684,14.807348269756616
20220906,25068280,107.3,108.03,105.78,106.81,108.31199999999998,110.55199999999999,114.86600000000001,108.50198046336948,111.0404592338386,113.10822529807842,-2.0677660642398195,-0.9243630450362836,20.326823435631752,11.094171913249184,13.569622817587472
20220907,23166970,107.06,109.98,106.9,109.45,108.41399999999999,110.11100000000002,114.50699999999999,108.81798697557966,110.79577319786344,112.83724564636891,-2.0414724485054734,-1.1477849257301216,30.258014073494934,18.57832058080111,15.239188738658683
20220908,24238290,108.04,109.6,107.16,108.38,108.446,109.58,113.941,108.67199131705311,110.42411578280753,112.50707930219343,-2.082963519385899,-1.3348206444612771,27.35305416826739,21.66463342074818,17.381003632688515
20220909,23213590,109.065,110.99,109.02,110.65,108.628,108.97999999999999,113.53150000000001,109.33132754470208,110.45886720083715,112.36951787240133,-1.9106506715641842,-1.4499866498818588,37.0560378847672,45.60111837774773,26.787708547708252
20220912,22966750,110.99,111.62,109.93,110.86,109.22999999999999,109.032,112.99050000000003,109.8408850298014,110.52057993916989,112.25770173370493,-1.7371217945350423,-1.5074136788124957,42.515500442869815,59.39617937511946,37.65719882351199
20220913,38172870,107.8,108.3,104.09,104.32,108.73200000000001,108.522,112.10249999999999,108.0005900198676,109.56664456391297,111.66972382750457,-2.103079263591596,-1.626546795768316,33.40292275574113,40.615602540473574,38.643333395832514
20220914,26395130,104.57,105.275,103.66,105.0,107.84200000000001,108.128,111.2675,107.0003933465784,108.86408386177251,111.17567021065237,-2.3115863488798567,-1.7635547063906243,35.14529914529918,32.68845864507284,36.658375145579285
20220915,34188280,104.03,105.27,102.35,102.91,106.748,107.59700000000001,110.43549999999998,105.63692889771895,107.94807095996136,110.56339834319664,-2.6153273832352824,-1.9339092417595558,25.792811839323463,23.80596991296838,32.37424006804231
20220916,42797170,102.07,103.13,100.94,102.8,105.178,106.90299999999999,109.56700000000001,104.69128593181264,107.15606004304422,109.98833179925614,-2.8322717562119237,-2.1135817446500296,33.00270513976555,21.675890054338463,28.808123396807694
20220919,23036810,101.75,103.33,101.55,103.07,103.62,106.425,108.86000000000001,104.15085728787511,106.52743542103742,109.47586277708902,-2.948427356051596,-2.280550866930343,35.25313516024151,21.098533444465325,26.238260079360238
20220920,26517120,102.08,102.37,100.52,101.14,102.984,105.85799999999999,108.205,103.14723819191676,105.69859920241629,108.85839146026761,-3.159792257851322,-2.456399145114539,33.028720626631866,15.927550824838756,22.801356994519743
20220921,31487270,101.67,102.88,99.27,99.28,101.84,104.84100000000001,107.47599999999997,101.85815879461119,104.71112240204455,108.14888098172928,-3.4377585796847256,-2.6526710320285765,31.46766169154229,10.645357769865527,18.749357252968338
20220922,34298620,98.82,101.24,98.79,100.14,101.28599999999999,104.01700000000001,106.79849999999999,101.28543919640747,104.00787280173,107.55563053863821,-3.54775773690821,-2.8316883730045035,29.539641943734026,10.604309700565052,16.034341402167243
20220923,31625440,99.63,99.66,97.47,98.74,100.474,102.826,105.90299999999999,100.43695946427165,103.19743083223308,106.90262086910946,-3.705190036876374,-3.0063887057788774,30.169786678276026,10.978434845005806,14.349039216446762
20220926,27072660,98.1,99.88,97.8,98.17,99.494,101.557,105.2945,99.68130630951444,102.42397993496645,106.25576006399024,-3.831780129023784,-3.1714669904278585,30.80000000000001,10.308493185160831,13.00219053935145
20220927,30072780,99.43,100.0,96.872,97.5,98.766,100.875,104.69850000000001,98.95420420634296,101.66644456035623,105.60718524443541,-3.940740684079188,-3.3253217291581247,20.896249391134944,9.36498577192829,11.789788950210394
20220928,32466320,97.65,100.7,97.11,100.05,98.92,100.38,104.25399999999999,99.31946947089531,101.41776078183989,105.19554189299575,-3.7777811111558606,-3.415813605557672,31.076783280327135,22.646751121617918,15.408776340679568
20220929,31047220,98.64,98.64,95.96,97.42,98.376,99.831,103.71400000000001,98.68631298059688,100.80272066155683,104.6195758268479,-3.8168551652910736,-3.4960219175043523,20.429146177916834,21.701180982933007,17.506244554764045
20220930,32941490,97.05,98.9,95.56,95.65,97.75800000000001,99.116,103.0095,97.67420865373126,100.00999440593272,103.95516280263695,-3.945168396704233,-3.5858512133443288,18.219807772670293,14.877290054195791,16.629926387907958
20221003,27982030,96.76,99.2872,96.521,98.64,97.852,98.673,102.549,97.9961391024875,99.79922603578922,103.56144703947867,-3.7622210036894472,-3.6211251714133526,36.06476938174681,23.94369428021068,19.06784901867553
20221004,28850770,100.44,101.84,100.38,101.64,98.67999999999999,98.723,102.2905,99.21075940165834,100.08242203028318,103.41911762914691,-3.3366955988637272,-3.564239256903428,42.599118942731266,48.23422506154171,28.789974366297585
20221005,22176900,99.825,101.93,98.8,101.43,98.956,98.93800000000002,101.88950000000001,99.95050626777224,100.28974171793192,103.27177558254344,-2.982033864611523,-3.4477981784450473,46.445725264169084,62.87305218650137,40.15100030636551
20221006,22323990,100.68,102.9254,100.59,101.42,99.756,99.066,101.5415,100.44033751184816,100.46362760748086,103.13460702087356,-2.6709794133927005,-3.292434425434578,46.66988416988418,68.43576529669875,49.579255303143256
20221007,27502770,99.85,100.53,98.295,98.68,100.362,99.06000000000002,100.943,99.85355834123212,100.18922336017611,102.80463613043848,-2.615412770262367,-3.157030094400136,40.53471323846487,59.743918476145694,52.967476360810736
20221010,18225090,99.0,99.095,97.01,97.86,100.206,99.029,100.29299999999999,99.18903889415475,99.8308813047644,102.43836678744303,-2.6074854826786265,-3.047121172055834,42.57246376811594,50.23830859099786,52.057753770873106
20221011,26507100,97.43,99.245,96.31,97.18,99.31400000000001,98.997,99.936,98.51935926276984,99.42305341172371,102.04885813652132,-2.6258047247976037,-2.9628578826041885,44.97607655502393,40.82378310262723,48.31309688145781
20221012,21876360,97.3,98.75,96.735,97.56,98.54,98.748,99.564,98.19957284184656,99.13642980992006,101.71635012640863,-2.5799203164885682,-2.8862703693810645,43.68266405484818,36.267185494708656,44.29779308587476
20221013,34574550,95.15,99.775,94.3836,99.06,98.06800000000001,98.912,99.3715,98.48638189456437,99.12467137762468,101.51958345037835,-2.3949120727536695,-2.787998710055586,50.77972709551659,42.42720465309439,43.6742636082813
20221014,25410670,99.99,100.69,96.37,96.56,97.644,99.003,99.0595,97.84425459637626,98.7301065502978,101.15220689849848,-2.422100348200672,-2.7148190376846033,46.414253897550104,36.77793881896882,41.37548867851047
20221017,28419190,98.86,100.93,98.83,99.97,98.066,99.136,98.90450000000001,98.55283639758417,98.92085938871352,101.06463601712822,-2.143776628414699,-2.6006105558306225,54.90273918221517,46.3188709486578,43.02328276855958
20221018,24060670,103.13,103.47,99.97,100.77,98.78399999999999,99.049,98.886,99.29189093172278,99.20534255968067,101.04281112697058,-1.8374685672899034,-2.4479821581224788,51.53583617747441,54.307667795671485,46.784744444263545
20221019,23811060,100.01,101.0183,98.9201,99.63,99.19800000000001,98.869,98.9035,99.40459395448185,99.27067447357595,100.93815845089868,-1.667483977322732,-2.2918825219625294,55.03416856492026,55.45145805149007,49.673648980005716
20221020,25323200,100.0,102.32,99.39,99.97,99.38,98.724,98.895,99.59306263632124,99.37826301610272,100.86644301009137,-1.488179993988652,-2.131142016367754,60.52631578947368,57.46127020888795,52.26952272296646
20221021,32458720,97.845,101.31,97.72,101.13,100.294,98.969,99.0145,100.10537509088083,99.64776101362538,100.88596575008461,-1.238204736459224,-1.9525545603860481,56.661316211878,63.05658901406051,55.86521148666447
20221024,27176420,101.8,102.75,99.98,102.52,100.804,99.435,99.232,100.91025006058723,100.08964393460609,101.00700532415242,-0.9173613895463291,-1.7455159262181046,52.57611241217797,71.88599741865933,61.205473463996086
20221025,40611380,102.9,104.82,102.72,104.48,101.546,100.16499999999999,99.581,102.10016670705816,100.76508332928208,101.26426418903002,-0.4991808597479377,-1.4962489129240713,58.09877854487519,80.17138882246091,67.52744525015103
20221026,88279040,96.43,98.31,94.69,94.93,100.60600000000001,99.902,99.325,99.71011113803878,99.86737820170022,100.79505943428705,-0.9276812325868349,-1.382535376856624,38.561861120902364,54.23732601326288,63.097405504521646
20221027,60710860,94.52,95.43,91.8,92.22,99.056,99.21799999999999,99.065,97.2134074253592,98.69085847836172,100.15986984656209,-1.4690113682003698,-1.3998305751253732,38.60268172194777,37.23348615937955,54.476099056140946
20221028,43697290,92.27,96.55,92.13,96.29,98.088,99.191,99.09700000000001,96.90560495023946,98.32149563553683,99.87321282089081,-1.5517171853539793,-1.4302078971710945,47.5150364039253,36.317459794937136,48.42321930240634
20221031,31675040,95.42,96.03,93.98,94.51,96.48600000000002,98.64500000000001,98.8905,96.10706996682632,97.7351116916081,99.47593779712112,-1.7408261055130225,-1.4923315388394802,45.916182318751915,31.149683898109675,42.66537416764078
20221101,47161350,95.45,96.03,90.37,90.47,93.684,97.61500000000001,98.332,94.22804664455089,96.61740220059147,98.80883129363066,-2.19142909303919,-1.6321510496794223,40.24759284731775,20.99713643957022,35.442628258283925
20221102,57038280,90.94,91.18,86.88,86.97,92.09200000000001,96.349,97.609,91.80869776303393,95.13318647742355,97.9318808274358,-2.798694350012255,-1.8654597097459888,34.23728813559323,14.165315039981044,28.35019051884963
20221103,61288020,86.32,86.52,83.34,83.43,90.33399999999999,94.69500000000001,96.7095,89.0157985086893,93.33269625012761,96.85766743281094,-3.5249711826833305,-2.197362004333457,33.33333333333334,9.583208164456641,22.094529734051967
20221104,51124900,85.4,86.64,83.71,86.58,88.39200000000001,93.24,96.1045,88.20386567245954,92.29381990395413,96.0963587340842,-3.802538830130075,-2.518397369492781,32.89036544850498,11.416738403864944,18.53526595732296
20221107,34078910,87.28,88.9,86.85,88.49,87.18800000000002,91.837,95.636,88.29924378163969,91.70861684180734,95.53292475378167,-3.82430791197433,-2.779579477989091,34.741550695825055,19.078538138760088,18.716356684468668
20221108,30429030,88.9,90.32,87.5901,88.9,86.874,90.279,95.22200000000001,88.49949585442647,91.27652194306775,95.04159699424228,-3.7650750511745343,-2.97667859262618,36.4211592002025,26.74880084849967,21.393838072479
20221109,31769100,88.45,89.435,87.28,87.32,86.94399999999999,89.518,94.71000000000001,88.10633056961765,90.66782625951886,94.46962684652063,-3.8018005870017646,-3.141702991501297,34.47852760736197,27.875430694356808,23.554368946438267
20221110,51620140,92.25,94.39,91.61,93.94,89.04599999999999,89.69000000000001,94.454,90.05088704641177,91.17123760420827,94.43039522825984,-3.259157624051568,-3.1651939180113513,42.22029863665874,46.42706674606712,31.17860154631455
20221111,33090480,94.69,96.93,93.92,96.41,91.01199999999999,89.702,94.4465,92.17059136427451,91.9772010497147,94.5770326187591,-2.5998315690444116,-3.0521214482179637,43.539860435610066,63.00926353098119,41.7888222078701
20221114,30179540,95.09,96.79,94.51,95.7,92.454,89.821,94.23299999999999,93.34706090951636,92.54993934975857,94.66021538773991,-2.110276037981336,-2.863752366170638,40.46481320590791,72.32258481167693,51.96674307580571
20221115,41640820,98.26,100.14,96.71,98.44,94.362,90.61800000000001,94.1165,95.04470727301091,93.45610252671878,94.9401994330925,-1.484096906373722,-2.587821274211255,54.47361712974762,78.17537400143542,60.702953384348945
20221116,29105150,97.9,99.6375,97.64,98.85,96.66799999999999,91.80600000000001,94.07750000000001,96.31313818200728,94.28593290722358,95.22981428990046,-0.9438813826768779,-2.2590332959043797,58.97644191714053,82.83308560939678,68.07966412603156
20221117,26052600,96.97,99.28,96.79,98.36,97.55199999999999,93.299,93.997,96.99542545467152,94.91271245995841,95.46167989805598,-0.5489674380975629,-1.9170201243430165,53.10344827586206,84.09088074988126,73.41673633398146
20221118,28342300,98.77,98.9,96.37,97.43,97.756,94.384,93.812,97.14028363644769,95.29998746611867,95.60748138708887,-0.30749392097020234,-1.5951148836684537,54.49230769230769,82.36955554398514,76.40100940398268
20221121,21647390,97.29,98.4,95.355,95.6,97.73599999999999,95.095,93.466,96.6268557576318,95.34614324056196,95.60692721026746,-0.2607839697054999,-1.328248700875863,58.46814130075932,76.47861504902274,76.42687795232936
20221122,23438480,95.95,97.22,94.05,97.05,97.458,95.91,93.0945,96.7679038384212,95.60827504970626,95.71382149098838,-0.10554644128211521,-1.0837082489571135,67.8470254957507,72.2440473910249,75.0326010985612
20221123,18868090,97.09,98.76,97.09,98.46,97.38,97.024,93.271,97.33193589228081,96.04700196513608,95.91724212128554,0.12975984385053607,-0.8410146303955837,78.78207583301415,72.49281615993296,74.18600611901844
20221125,9701441,98.24,98.64,97.4,97.46,97.2,97.37599999999999,93.533,97.37462392818722,96.26438627819206,96.0315204826718,0.23286579552026865,-0.6262385452124133,72.70450751252085,66.99302139178889,71.78834454327526
20221128,26252430,97.036,97.58,95.61,96.05,96.924,97.34,93.52099999999999,96.93308261879149,96.23140377385482,96.03288933580723,0.19851443804759583,-0.4612879485604115,66.11253196930946,55.60892175982422,66.39520361545824
20221129,20061720,95.73,96.12,94.11,95.19,96.84199999999998,97.289,93.55499999999999,96.35205507919434,96.07118780864639,95.9704530887104,0.1007347199359856,-0.3488834148611321,63.153492262651596,43.8735093611356,58.88797219735069
20221130,43647480,94.82,101.04,94.42,100.99,97.63,97.544,94.081,97.8980367194629,96.8279281457777,96.34227137843556,0.48565676734214946,-0.18197537842047584,74.29790259509423,62.343903713336886,60.03994936934609
20221201,28687100,101.02,102.25,100.25,100.99,98.136,97.758,94.78200000000001,98.9286911463086,97.46824689258113,96.68654757262551,0.7816993199556208,0.010759561254743505,66.38772663877268,69.77398458937904,63.28462777602374
20221202,21480700,99.05,100.77,98.9,100.44,98.732,97.96600000000001,95.63250000000001,99.43246076420573,97.9254396783379,96.96458108576437,0.9608585925735298,0.20077936751850076,60.285860132720785,72.49159948235024,66.35361834479923
20221205,24405090,99.4,101.38,99.0,99.48,99.418,98.17099999999999,96.2775,99.44830717613716,98.16460280474745,97.15090841274478,1.0136943920026624,0.3633623724153331,59.526209677419374,70.40090371994083,67.70271346984643
20221206,24910660,99.3,99.78,96.42,96.98,99.776,98.309,96.702,98.62553811742478,97.98235621940168,97.13824853031925,0.8441076890824348,0.4595114357487534,46.27551020408165,58.68659756595565,64.69734150188283
20221207,31045450,96.41,96.8811,94.715,94.94,98.566,98.098,97.00399999999999,97.39702541161653,97.5143014164168,96.97541530585116,0.5388861105656417,0.4753863707121311,40.7913330193123,42.52325177615715,57.30597825997427
20221208,32213290,95.38,95.58,93.45,93.71,97.11,97.62299999999999,97.3235,96.1680169410777,96.92902427542961,96.73353269060291,0.19549158482669782,0.41940741353504446,39.41738734638141,29.33368300228655,47.98187984074502
20221209,28225450,93.77,94.26,92.75,92.83,95.588,97.16,97.268,95.05534462738514,96.29840515613274,96.44438212092862,-0.14597696479587796,0.30633053786886,39.50729927007297,19.83649042257699,38.60008336802235
20221212,29009010,92.71,93.56,91.61,93.31,94.354,96.886,97.11299999999999,94.47356308492343,95.83865051672771,96.2122056675265,-0.37355515079879353,0.1703534001353293,44.4336412250851,18.550141484725522,31.9167694069234
20221213,40593660,97.76,99.53,95.03,95.63,94.08399999999999,96.92999999999999,97.1095,94.85904205661562,95.80655043723114,96.1690793217838,-0.36252888455265975,0.0637769431977315,46.68843283582089,24.960745952223014,29.598094922023268
20221214,28733600,95.2,96.87,93.6,95.07,94.11,96.338,96.941,94.92936137107708,95.69323498534942,96.0876660386887,-0.3944310533392752,-0.027864656109669844,41.76784847013112,28.445342064361554,29.21384396946936
20221215,40107030,93.13,93.64,90.01,90.86,93.53999999999999,95.325,96.5415,93.57290758071805,94.94966037221874,95.70043151730434,-0.7507711450855936,-0.1724459539048546,36.13445378151261,21.455499224379395,26.62772905443937
20221216,58011850,90.76,91.33,89.52,90.26,93.026,94.30699999999999,96.1365,92.46860505381204,94.22817416110817,95.29743659009661,-1.0692624289884378,-0.3518092489215713,37.407568508046985,16.707824694095713,23.32109426765815
20221219,29493030,90.255,90.56,88.21,88.44,92.05199999999999,93.203,95.68699999999998,91.12573670254136,93.33768582862999,94.78947832416353,-1.4517924955335388,-0.5718058982439649,35.90814196242171,11.815817169444268,19.486001901586857
20221220,23453840,88.11,89.175,87.4401,89.02,90.72999999999999,92.40700000000001,95.358,90.42382446836092,92.67342647037921,94.36210955941067,-1.688683089031457,-0.7951813364014634,18.0459156433529,12.233189025377325,17.06839760951701
20221221,24745640,89.08,90.22,88.32,89.58,89.63199999999999,91.871,94.9845,90.14254964557395,92.19751470570549,94.00787922167655,-1.8103645159710595,-0.9982179723153827,20.4250907205806,14.055425437646806,16.06407355222694
20221222,27658290,88.16,88.54,86.32,87.76,89.012,91.276,94.4495,89.34836643038264,91.51482013559695,93.5450733534042,-2.0302532178072568,-1.2046250214137575,19.16342412451361,13.0038945259306,15.044013876794825
20221223,23003040,87.11,89.545,87.07,89.23,88.806,90.916,94.038,89.30891095358842,91.16330934550511,93.22543829018908,-2.0621289446839626,-1.3761258060677986,25.676317038443273,16.012185046053172,15.366737599880938
20221227,20097350,88.795,88.94,87.01,87.39,88.596,90.32399999999998,93.60499999999999,88.66927396905895,90.58280021542741,92.79318360202691,-2.210383386599503,-1.5429773221741394,26.50661440470357,14.055516728964378,14.929663976242084
20221228,19523180,86.98,88.04,85.94,86.02,87.99600000000001,89.36299999999999,93.14649999999999,87.78618264603931,89.8808309515155,92.29146629817308,-2.410635346657571,-1.7165089270708258,27.4062816616008,9.716664832296589,13.191997594926917
20221229,23333540,86.62,88.845,86.61,88.45,87.77,88.701,92.5195,88.00745509735955,89.66070311282081,92.00691323904914,-2.3462101262283284,-1.8424491669023264,37.44030563514806,22.00034922029423,16.128114803382687
20221230,23986300,86.98,88.3,86.57,88.23,87.864,88.438,91.88149999999999,88.08163673157304,89.4405949416176,91.72714188800848,-2.286546946390871,-1.9312687228000356,38.6587771203156,31.189266002562704,21.14849853644269
20230103,28131220,89.585,91.05,88.52,89.12,87.84200000000001,88.324,91.31550000000001,88.4277578210487,89.3912726429072,91.53402026667452,-2.1427476237673204,-1.9735645029934927,39.87433542774288,41.53648392343062,27.944493665438667
20230104,34854780,90.35,90.65,87.271,88.08,87.97999999999999,88.288,90.7455,88.31183854736581,89.18953839015225,91.27816691358751,-2.0886285234352613,-1.9965773070818464,30.551262235960863,41.65054570759693,32.51317767949142
20230105,27194380,87.47,87.57,85.9,86.2,88.016,88.006,90.2065,87.60789236491055,88.72960940705191,90.90200640146992,-2.1723969944180084,-2.031741244549079,28.605885190545123,29.708778044546808,31.57837780117655
20230106,41381500,86.79,87.69,84.86,87.34,87.79400000000001,87.78200000000001,89.8265,87.51859490994038,88.51582334442854,90.6381540754351,-2.1223307310065564,-2.0498591418405745,40.03397508493773,33.160725481501885,32.10582702795166
20230109,29003900,88.36,90.05,87.86,88.02,87.752,87.808,89.542,87.68572993996025,88.43954282990107,90.44421673651398,-2.004673906612908,-2.040822094795041,43.686583990980814,39.123843912816,34.445165989573105
20230110,30467760,85.98,88.67,85.83,88.42,87.612,87.727,89.3215,87.93048662664017,88.43653624068553,90.29427475603147,-1.8577385153459431,-2.0042053789052217,49.938725490196084,45.25326804742393,38.04786667552338
20230111,26861970,89.18,91.6,89.01,91.52,88.3,88.14000000000001,89.232,89.12699108442679,88.91091528058006,90.38506921854766,-1.4741539379675999,-1.8981950907176972,56.6348195329087,63.106530824889944,46.40075472531223
20230112,30258140,91.48,91.87,89.75,91.13,89.28599999999999,88.65100000000001,89.007,89.79466072295119,89.25231292972158,90.44024927643301,-1.1879363467114246,-1.7561433419164427,54.15104445634708,71.88557119186667,54.895693547497046
20230113,26329210,90.85,92.19,90.1299,92.12,90.24199999999999,89.018,88.8595,90.5697738153008,89.69349555591826,90.56467525595649,-0.8711797000382262,-1.5791506135407996,62.21973094170402,80.93872094919354,63.57670268139587
20230117,32602420,92.06,92.25,90.05,91.29,90.896,89.324,88.881,90.80984921020055,89.93911162423852,90.61840301477453,-0.6792913905360081,-1.3991787689398412,55.98837209302326,82.96230471939924,70.03857002739699
20230118,29116690,92.14,92.7999,90.64,91.12,91.436,89.524,88.924,90.91323280680038,90.12078675897105,90.65555834701345,-0.5347715880424033,-1.2262973327603537,62.00901481004507,81.588970746194,73.88870360032932
20230119,37000400,90.72,93.605,90.63,93.05,91.742,90.02099999999999,89.1545,91.62548853786693,90.57143494989857,90.83292439538283,-0.26148944548425845,-1.0333357553051348,71.84586699813548,85.61048592913788,77.79596437659885
20230120,63191080,95.1,98.3,95.02,98.02,93.12,91.203,89.6045,93.75699235857796,91.71736803452956,91.36530036609521,0.3520676684343442,-0.756255070557239,75.6843800322061,89.65852764161183,81.75015213160316
20230123,40005060,97.95,100.04,97.5,99.79,94.65400000000001,92.44800000000001,90.115,95.76799490571865,92.9593114138327,91.9893521908289,0.9699592230037979,-0.41101221184503167,78.6422200198216,92.5192436212669,85.3398492948244
20230124,33078510,98.1,99.61,97.2,97.7,95.936,93.41600000000001,90.612,96.41199660381244,93.6886481193969,92.41236313965639,1.2762849797405096,-0.07355277352792344,70.06548175865294,87.94120623406309,86.20696827457063
20230125,42329950,95.57,96.162,93.76,95.22,96.756,94.09599999999999,90.9115,96.01466440254163,93.92424071641277,92.62033624042257,1.303904475990194,0.20193867637570007,65.6441717791411,76.34693956258562,82.92029203724229
20230126,30113970,96.5,97.57,95.38,97.52,97.65,94.696,91.418,96.51644293502775,94.47743445234926,92.98327429668757,1.4941601556616888,0.4603829722328978,74.35456110154902,75.82288463331531,80.55448956926662
20230127,33879750,97.31,100.32,97.31,99.37,97.92,95.52,92.0855,97.46762862335184,95.23013684429553,93.45636508952552,1.77377175477001,0.7230607287403203,75.11482254697285,80.79850861305736,80.63582925053021
20230130,27226200,97.48,98.29,96.395,96.94,97.35,96.002,92.51,97.2917524155679,95.4931927144039,93.71441211993104,1.7787805944728632,0.9342047018868289,67.35408560311282,75.57189875889412,78.94785241998484
20230131,29870670,96.87,98.88,96.82,98.84,97.578,96.757,93.04050000000001,97.80783494371195,96.00808614295715,94.09408529623245,1.9140008467247043,1.130163930854404,69.15441176470586,78.62343990187028,78.83971491394665
20230201,35531100,98.71,101.19,97.58,100.43,98.61999999999999,97.688,93.606,98.68188996247466,96.68838058250222,94.56341231132635,2.1249682711758737,1.329124798918698,67.34137796808096,82.33935921676955,80.00626301488762
20230202,69883760,105.8,107.85,105.61,107.74,100.664,99.15700000000001,94.589,101.7012599749831,98.38862972365573,95.53945584382069,2.8491738798350355,1.6331346151019654,75.46764796074822,87.96600763493177,82.659511221569
20230203,65309260,102.93,107.81,102.58,104.78,101.74600000000001,99.833,95.518,102.72750664998874,99.37191745847792,96.22394059613028,3.1479768623476474,1.936103064551102,68.30537883169461,84.71450426194411,83.34450890169404
20230206,31999560,102.4,104.36,101.88,102.9,102.93800000000002,100.144,96.296,102.78500443332584,99.91469938794286,96.71846351493544,3.1962358730074243,2.1881296262423664,66.29245018243053,78.09923657680591,81.59608479339799
20230207,49010230,103.22,108.18,103.12,107.64,104.69800000000001,101.138,97.27700000000002,104.40333628888389,101.10320717441319,97.5274662175328,3.575740956880381,2.4656518923699693,70.54726368159203,83.99324105120392,82.39513687933331
20230208,94743520,102.05,103.14,98.035,99.37,104.48600000000002,101.55300000000001,97.8245,102.72555752592261,100.83655991681115,97.66395020141925,3.1726097153919,2.6070434569743557,56.78985818650624,64.41014542714967,76.40013972860542
20230209,119455000,100.0,100.03,93.63,95.01,101.94000000000001,101.302,97.999,100.15370501728175,99.94016608345558,97.46736129761042,2.472804785845156,2.580195722748516,46.72327454822557,46.10160897892454,66.30062947871178
20230210,54980700,95.45,96.75,94.25,94.57,99.898,100.822,98.17099999999999,98.29247001152117,99.11398668600089,97.25274194223188,1.8612447437690065,2.436405526952614,44.14798206278025,32.88789968583514,55.16305288108623
20230213,50076120,94.74,95.2,93.84,94.61,98.24,100.589,98.2955,97.06498000768079,98.42106565738536,97.05698327984433,1.364082377541024,2.2219408970702963,46.368977673325496,24.17039818689124,44.83216798302123
20230214,54726120,94.43,94.845,92.26,94.68,95.648,100.173,98.465,96.26998667178721,97.84551709471069,96.88091044430031,0.9646066504103743,1.970474047738312,49.3273542600897,21.180600466302707,36.94831214411506
20230215,50298480,94.49,97.12,94.15,96.94,95.162,99.824,98.756,96.49332444785814,97.7062067724475,96.88528744842623,0.8209193240212755,1.7405631029949047,49.276807980049874,23.919395285742823,32.60533985799098
20230216,42462620,95.37,97.68,94.74,95.51,95.26199999999999,98.601,98.87899999999999,96.16554963190544,97.36832880745557,96.78341430409836,0.5849145033572114,1.509433383067366,45.13608870967742,22.75112114526908,29.320600287083675
20230217,34284120,94.85,95.5599,93.21,94.35,95.218,97.558,98.69550000000001,95.56036642127029,96.90397052938549,96.60316139268367,0.3008091367018153,1.267708533794256,46.62848216610257,19.54346099801856,26.061553857395303
20230221,33629260,93.0,93.1,91.72,91.79,94.65400000000001,96.447,98.2955,94.3035776141802,96.11720583255695,96.24663091915156,-0.12942508659460827,0.988281809716483,40.97773227540313,13.233293905275675,21.785467206688757
20230222,30884020,91.7,92.11,90.61,91.65,94.048,94.848,97.99300000000001,93.4190517427868,95.42994339677895,95.90613973995515,-0.4761963431761984,0.6953861791379468,38.330675172780424,12.502309171103832,18.691081194827113
20230223,41206380,91.92,91.94,89.76,90.89,92.83800000000001,94.0,97.7765,92.57603449519121,94.73149056650527,95.53457383329182,-0.803083266786544,0.3956922899530486,22.883810749919533,13.090765036628124,16.824309142094116
20230224,36585090,89.44,89.89,88.575,89.13,91.56200000000001,93.412,97.357,91.42735633012748,93.86972278704292,95.06016095675169,-1.19043816970877,0.07846619802068489,23.80314697020421,10.759027322606528,14.802548535598252
20230227,27502300,89.87,90.16,89.335,89.87,90.66600000000001,92.94200000000001,96.882,90.90823755341833,93.25438081980555,94.6757045895849,-1.4213237697793488,-0.22149179553932186,27.323355377654025,11.913669688620352,13.83958891993895
20230228,30142040,89.33,91.23,89.32,90.06,90.32000000000001,92.487,96.538,90.6254917022789,92.76293761675855,94.33380054591194,-1.5708629291533924,-0.491366022262136,13.647642679900784,13.379019770447611,13.686065870108504
20230301,31111230,89.98,91.03,89.67,90.36,90.062,92.05499999999999,96.114,90.53699446818592,92.39325490648801,94.03944494991846,-1.646190043430451,-0.722330826495799,22.208513263417657,15.454217463659182,14.275449734625395
20230302,32226230,89.66,92.275,89.59,92.0,90.28399999999999,91.561,95.69250000000001,91.02466297879062,92.33275415164371,93.8883749536282,-1.5556208019844888,-0.8889888215935371,38.84358784284656,26.647593481358644,18.399497650203145
20230303,35160110,92.48,93.73,92.45,93.65,91.188,91.375,94.988,91.89977531919375,92.53540735908315,93.87071754965575,-1.3353101905725993,-0.9782530953893496,46.87074829931977,50.58109853170435,29.126697944036877
20230306,32639310,94.015,95.97,94.0,95.13,92.24000000000001,91.453,94.50550000000001,92.97651687946251,92.93457545768575,93.96399773116273,-1.0294222734769818,-0.9884869310068761,51.61090458488226,63.26772356474675,40.50703981760684
20230307,27835480,94.98,95.67,93.53,93.86,93.0,91.66,94.0535,93.27101125297501,93.07694846419564,93.95629419552105,-0.8793457313254152,-0.9666586910705839,47.63552479815453,66.00088490072591,49.00498817864653
20230308,34103270,94.12,95.955,94.0,94.25,93.77799999999999,91.91999999999999,93.38399999999999,93.59734083531669,93.25741793124246,93.97805018103801,-0.7206322497955568,-0.9174534028155785,41.30575307045896,69.58093701517855,55.863637790823866
20230309,28813530,94.05,95.53,91.9,92.32,93.84200000000001,92.063,93.03150000000001,93.1715605568778,93.11319978797438,93.85523164910927,-0.7420318611348904,-0.8823690944794409,40.012523481527836,61.42488532841475,57.717386970020826
20230310,35941050,92.17,92.79,90.395,90.63,93.23799999999999,92.213,92.8125,92.3243737045852,92.73116905136294,93.61632560102711,-0.885156549664174,-0.8829265855163876,38.727272727272734,47.51633959237676,54.31703784413946
20230313,37335570,90.09,92.57,89.42,91.11,92.434,92.337,92.63950000000001,91.91958246972348,92.48175842807633,93.43067185280287,-0.9489134247265412,-0.8961239533584183,47.642163661581115,40.278068634103576,49.637381440794165
20230314,36050210,92.56,94.36,92.44,93.97,92.45599999999999,92.728,92.60749999999999,92.60305497981565,92.71071866991075,93.4706220859286,-0.759903416017849,-0.8688798458903045,56.767794632438715,50.00726204105632,49.76067497421488
20230315,50622050,93.22,96.93,92.64,96.11,92.828,93.303,92.679,93.77203665321044,93.23368502838602,93.666131561045,-0.4324465326589859,-0.7815931832440409,64.09287257019437,63.0319163718005,54.18442210674341
20230316,65567660,96.2,101.19,95.5,100.32,94.428,94.135,92.848,95.95469110214029,94.32388733171123,94.1590107046713,0.16487662703993067,-0.5922992211872466,76.68097281831187,72.89071966559567,60.419854626360824
20230317,61028550,100.26,102.835,100.1,101.62,96.626,94.932,93.15350000000001,97.84312740142687,95.44636620375566,94.71167657839936,0.734689625356296,-0.32690145187853814,77.2875058058523,78.90813787123699,66.5826157079862
20230320,32960440,100.12,101.75,99.87,101.22,98.648,95.54100000000001,93.497,98.96875160095125,96.33461755702402,95.19377460962903,1.1408429473949866,-0.03335257202383318,75.66697332106713,81.92583772109055,71.69702304568764
20230321,42110280,101.25,105.1,101.22,104.92,100.838,96.647,94.1535,100.95250106730084,97.65544562517417,95.91423574965651,1.7412098755176544,0.32155991748446433,78.95783611774064,87.56790541950255,76.98731717029261
20230322,43427420,104.27,106.59,103.33,103.37,102.29,97.559,94.73949999999999,101.75833404486724,98.53460783668584,96.4665145830153,2.06809325367054,0.6708665847216795,72.69461077844312,85.46072358970525,79.81178597676349
20230323,40797770,105.06,106.3,104.46,105.6,103.346,98.887,95.475,103.03888936324483,99.62159124642648,97.14306905834749,2.4785221880789834,1.0323977053931404,73.31252438548574,88.38519215823096,82.66958803725265
20230324,30411040,104.99,105.49,103.84,105.44,104.10999999999999,100.368,96.2905,103.83925957549656,100.51673105466855,97.75765653550694,2.759074519161615,1.3777330681468354,71.20526532291238,89.54772527863217,84.96230045104582
20230327,31120860,104.615,104.76,101.9273,102.46,104.35799999999999,101.503,96.92,103.37950638366436,100.81569550779646,98.10597827361754,2.7097172341789246,1.6441299013532533,66.52574942352035,83.1632385967464,84.36261316627935
20230328,32057870,102.44,102.45,99.74,101.03,103.58,102.209,97.4685,102.59633758910958,100.84866542967393,98.3225724755718,2.5260929541021255,1.820522511903028,62.527716186252775,72.06374006840502,80.26298880032124
20230329,28779570,102.28,102.49,100.65,101.39,103.184,102.73700000000001,98.02,102.19422505940639,100.93194767126255,98.54978932923315,2.382158342029399,1.9328496779283022,67.79129070223618,56.07169045922867,72.19922268662371
20230330,33086180,100.91,101.155,99.78,100.89,102.242,102.79400000000001,98.4645,101.7594833729376,100.925494183376,98.72313826780847,2.202355915567537,1.9867509254561493,71.11111111111113,42.9772340287802,62.45855980067587
20230331,36863370,101.3,103.89,101.04,103.73,101.9,103.005,98.9685,102.41632224862508,101.35695661670276,99.09401691463746,2.262939702065296,2.041988680777979,73.66841710427607,48.06754774668073,57.66155578267749
20230403,25035400,102.39,104.53,101.93,104.36,102.28,103.319,99.42999999999999,103.06421483241672,101.81896329105618,99.48408973577543,2.334873555280751,2.1005656556785333,71.26483831354892,54.52678365593799,56.61663174043099
20230404,24420080,104.33,105.58,104.04,104.72,103.018,103.299,99.973,103.61614322161115,102.2652766308937,99.87193494053281,2.3933416903608844,2.1591208626150036,69.0066225165563,61.656067152739155,58.29644354453371
20230405,28290500,105.78,106.1,103.66,104.47,103.63400000000001,103.40899999999999,100.48400000000001,103.90076214774078,102.60446484152543,100.21253235234519,2.3919324891802347,2.20568318792805,61.102193686463366,65.89440116262277,60.82909608389673
20230406,48711480,105.26,109.17,104.33,108.42,105.14000000000001,103.69099999999999,101.289,105.40717476516053,103.49916255821381,100.82049291883814,2.67866963937567,2.3002804782175743,65.93252108716027,74.61182064075876,65.42333760285074
20230410,27067360,106.98,107.59,105.12,106.44,105.68199999999999,103.79100000000001,102.0795,105.75144984344035,103.95159908771939,101.23675270262791,2.7148463850914766,2.383193659592355,61.38743455497382,73.42449407156981,68.09038975909041
20230411,26311800,106.55,106.73,104.68,105.35,105.88,104.08,102.7915,105.61763322896024,104.16673768960871,101.54143768761844,2.6253000019902686,2.4316149280719377,51.05859182668633,68.72247066610153,68.30108339476078
20230412,24370270,106.58,106.75,104.34,104.64,105.86399999999999,104.441,103.325,105.2917554859735,104.23954727582274,101.77096082186893,2.4685864539538187,2.439009233248314,53.26142783769901,63.06737661020187,66.55651446657447
20230413,24843580,105.84,107.49,105.84,107.43,106.45599999999999,105.045,103.891,106.00450365731568,104.7303861564654,102.19014890913789,2.5402372473275108,2.4592548360641535,54.56814777833253,68.24417973275452,67.11906955530115
20230414,26578000,106.89,108.94,106.84,108.87,106.546,105.843,104.3185,106.95966910487712,105.3672498247015,102.6849526936462,2.682297131055307,2.5038632950623843,58.04786485218209,77.44823768555642,70.56212559871958
20230417,37571220,104.658,106.16,104.52,105.97,106.452,106.06700000000001,104.53599999999999,106.62977940325143,105.45998062090126,102.9282895311539,2.531691089747369,2.5094288539993816,58.266603862458794,65.60675010858026,68.91033376867313
20230418,26596450,106.49,106.54,104.07,104.5,106.28200000000001,106.08099999999999,104.7,105.91985293550096,105.31229129460877,103.04471252884619,2.267578765762579,2.4610588363520214,58.15702867889045,48.819503097190236,62.21339021151216
20230419,20905680,103.58,104.98,103.07,104.18,106.19000000000001,106.027,104.66300000000001,105.33990195700065,105.13809263389973,103.1288078970798,2.009284736819936,2.3707040164456044,56.570890249646745,38.611909168618695,54.346229863881
20230420,27820790,103.91,106.25,103.8684,105.29,105.76199999999999,106.109,104.75899999999999,105.32326797133378,105.16146299791517,103.28889620099982,1.8725667969153506,2.271076572539554,60.07326007326009,38.34774637362774,49.013402033796574
20230421,25800080,105.47,106.0,104.78,105.41,105.07000000000001,105.80799999999999,104.74950000000001,105.35217864755586,105.19969945977438,103.44601500092575,1.7536844588486247,2.167598149801368,54.393305439330526,38.853068848744456,45.626624305445866
20230424,23542830,105.49,106.63,104.7,105.97,105.07000000000001,105.76100000000001,104.776,105.55811909837058,105.31820723519371,103.63297685270904,1.6852303824846757,2.07112459633803,54.2257217847769,42.369961856005695,44.541070155632475
20230425,46664100,105.825,106.69,103.84,103.85,104.94000000000001,105.61100000000002,104.84549999999999,104.98874606558039,105.09232919901005,103.64905264139725,1.4432765576128048,1.9455549885929848,47.90965881787601,32.675942770556894,40.586027693940615
20230426,53347560,104.92,106.35,102.63,103.71,104.846,105.518,104.9795,104.56249737705359,104.87966316839312,103.653567260553,1.2260959078401186,1.8016631724424117,48.16425120772946,27.48919164101573,36.220415676298984
20230427,50089190,104.45,108.37,103.54,107.59,105.306,105.53399999999999,105.2895,105.57166491803574,105.29663806556341,103.94515487088242,1.3514831946809949,1.7116271768901283,47.98836645661658,47.12984436927181,39.85689190728992
20230428,36139850,107.04,107.35,105.09,107.34,105.69200000000001,105.381,105.612,106.16110994535717,105.61100144009212,104.19662488044668,1.4143765596454472,1.6521770534411921,52.380952380952394,58.77181262248783,46.16186547902255
20230501,26681680,106.84,107.99,106.82,107.2,105.93799999999999,105.50399999999999,105.7855,106.50740663023812,105.85546275700102,104.41909711152469,1.4363656454763287,1.6090147718482195,55.1532033426184,65.7201166612172,52.6812825397541
20230502,30997250,107.14,107.2,103.71,105.32,106.232,105.58599999999998,105.8335,106.11160442015876,105.77308387130856,104.48583065881915,1.2872532124894036,1.5446624599764562,51.778242677824245,59.434781606897374,54.932448895468525
20230503,21795410,105.53,107.49,104.96,105.41,106.572,105.70899999999999,105.86800000000001,105.87773628010584,105.71722481418416,104.55428764705478,1.1629371671293853,1.4683174014070421,43.848964677222874,55.76720632097454,55.21070137063719
20230504,23419510,105.485,105.6,103.97,104.69,105.992,105.649,105.87899999999999,105.48182418673723,105.5591902273866,104.56434041393962,0.9948498134469759,1.373623883815029,36.687898089171966,49.14097146136977,53.18745806754804
20230505,26639250,104.82,105.88,104.11,105.57,105.63799999999999,105.66499999999999,105.7365,105.5112161244915,105.56085326932711,104.63883371661075,0.9220195527163639,1.2833030175952962,48.53801169590641,49.833818372620456,52.069578169238845
20230508,26511450,105.18,107.96,105.16,107.77,105.752,105.845,105.803,106.26414408299433,105.90072199712294,104.87077195982476,1.0299500372981782,1.2326324215358726,61.346287300485756,63.07155835758897,55.73690489868888
20230509,36360140,108.39,110.15,107.19,107.35,106.15799999999999,106.19500000000001,105.90299999999999,106.62609605532957,106.12368784371941,105.05441848131923,1.0692693624001777,1.1999598097087336,60.92350103376975,61.26101873360186,57.5782761769932
20230510,63153370,107.97,112.94,107.93,111.75,107.426,106.999,106.2585,108.33406403688639,106.98927432930104,105.55038748270299,1.4388868465980522,1.2477452170865975,68.1460674157303,69.87643213514953,61.67766149637863
20230511,78900030,115.395,117.92,114.41,116.57,109.80199999999999,107.897,106.71549999999999,111.07937602459094,108.4632321247932,106.36665507657685,2.0965770482163464,1.4175115833125473,74.79999999999995,76.7508374684717,66.70205348707631
20230512,41102330,116.68,118.03,116.11,117.51,112.19000000000001,108.91400000000002,107.1475,113.22291734972731,109.8550425671327,107.19208803386745,2.66295453326525,1.6666001733030877,75.21853146853144,83.2901300069141,72.23141232702224
20230515,36266770,116.11,118.48,116.01,116.51,113.93800000000002,109.845,107.67450000000001,114.31861156648489,110.87888217218921,107.88230373506245,2.9965784371267574,1.9325958260678218,79.09007352941174,84.33447215255335,76.26576560219928
20230516,45035560,116.49,120.75,116.43,119.51,116.37,111.26400000000001,108.425,116.04907437765661,112.20674645339086,108.74361456950226,3.4631318838886074,2.238703037631979,82.08773354995937,87.0930648676935,79.87486535736402
20230517,33323590,119.61,121.67,118.89,120.84,118.18800000000002,112.80699999999999,109.258,117.64604958510442,113.53493930671536,109.6396431199095,3.895296186805865,2.570021667466756,80.01812415043042,89.8198260849164,83.18985226654814
20230518,35234230,120.95,123.31,120.83,122.83,119.44000000000001,114.62100000000001,110.13499999999999,119.37403305673628,114.96494864414376,110.61670659250879,4.348242051634969,2.925665744300399,82.5283494330113,92.33167469021974,86.23712640777201
20230519,41353450,123.55,125.97,122.15,122.76,120.49000000000001,116.34,111.00250000000001,120.50268870449086,116.1641873142755,111.51620980787851,4.647977506396984,3.2701280967197164,82.77169334456613,89.19023254108367,87.2214951188759
20230522,35253030,122.94,126.43,122.74,125.05,122.19800000000001,118.06800000000001,111.9565,122.01845913632724,117.53123541977156,112.5187127850727,5.012522634698868,3.618607004315547,90.84886128364391,90.30700187423594,88.24999737066257
20230523,34046250,124.16,124.625,122.2104,122.56,122.80799999999999,119.58899999999998,112.89199999999998,122.1989727575515,118.30489150903747,113.26251183803028,5.042379671007197,3.9033615376538773,82.29755178907725,82.80588810473188,86.435294282019
20230524,34182640,121.12,121.91,119.86,120.9,122.82000000000001,120.50399999999999,113.7515,121.76598183836768,118.70413896918555,113.82825170187988,4.8758872673056715,4.097866683584236,79.48344852673704,70.8469196449972,81.23916940301173
20230525,42316990,124.52,125.32,121.96,123.48,122.95,121.19500000000001,114.546,122.33732122557846,119.43888682008009,114.54319602025915,4.89569079982094,4.257431506831577,80.67831449126416,71.12763293031801,77.86865724544715
20230526,35635940,123.17,125.26,122.45,124.61,123.32000000000001,121.905,115.40950000000001,123.09488081705231,120.2344426939139,115.28888520394365,4.9455574899702555,4.395056703459312,79.9431009957326,74.68508862021199,76.80746770370209
20230530,35076660,125.64,125.66,122.0,123.67,123.04400000000001,122.62100000000001,116.23300000000002,123.28658721136821,120.76298997177331,115.90970852217004,4.853281449603273,4.4867016526881045,78.49162011173189,70.92180090153829,74.84557876964749
20230531,37325790,122.75,124.0601,122.5,122.87,123.106,122.95700000000002,117.1105,123.14772480757881,121.08714536073126,116.42528566867597,4.6618596920552875,4.5217332605615415,72.20447284345052,62.55263642040656,70.74793131990052
20230601,30772680,122.815,124.42,122.62,123.72,123.67,123.24499999999998,118.026,123.33848320505254,121.49219992061876,116.96563487840368,4.526565042215083,4.52269961689225,66.96725201708595,61.28572514277735,67.59386259419279
20230602,26980150,123.99,126.15,123.76,124.67,123.90799999999999,123.429,119.025,123.78232213670171,121.98109224052357,117.53632859111451,4.4447636494090546,4.507112423395611,66.98292220113855,65.26100600589011,66.81624373142523
20230605,32305530,124.01,127.43,123.84,126.01,124.18799999999999,123.75399999999999,120.047,124.52488142446781,122.60092420351994,118.16400795473567,4.4369162487842715,4.4930731884733435,72.17553688141928,70.5879185790038,68.07346868061808
20230606,26638300,126.01,128.29,125.36,127.31,124.91600000000001,123.97999999999999,121.024,125.45325428297855,123.32539740297841,118.84148884697747,4.483908556000941,4.491240261978863,69.77687626774852,76.51689629268505,70.88794455130707
20230607,52538990,126.97,129.04,122.12,122.5,124.84200000000001,123.974,121.78150000000001,124.46883618865238,123.19841318713557,119.11248967312729,4.085923514008286,4.410176912384748,53.577586206896555,53.55363707647932,65.10984205969783
20230608,29389170,122.225,123.225,121.24,122.14,124.526,124.098,122.301,123.69255745910158,123.03558038911471,119.33674969734008,3.6988306917746314,4.267907668262725,48.400556328233655,39.54857856380674,56.58942089440079
20230609,23778320,122.25,123.755,121.91,122.23,124.03800000000001,123.973,122.58399999999999,123.20503830606773,122.91164494463553,119.55106453457415,3.360580410061374,4.086442216622455,48.77257989810097,30.596488273307095,47.92511002070289
20230612,28338740,122.785,124.05,121.66,123.64,123.564,123.87600000000002,122.8905,123.35002553737849,123.02369956853775,119.85394864312421,3.1697509254135383,3.903103958380672,46.59584741670691,30.65406910528168,42.16809638222915
20230613,22278310,124.98,125.16,123.18,123.83,122.86800000000001,123.89200000000001,123.2565,123.510017024919,123.14774578876272,120.14847096585575,2.999274822906969,3.7223381312859316,53.4492123845736,31.50442213856387,38.61353830100739
20230614,30592300,123.1,124.05,121.45,123.67,123.102,123.97199999999998,123.4645,123.56334468327934,123.22809259049153,120.40932496838495,2.818767622106577,3.5416240294500607,58.190419869899465,31.387563476991332,36.20488002633537
20230615,35246270,123.14,125.46,122.4,125.09,123.69200000000001,124.10900000000001,123.67699999999999,124.0722297888529,123.51453988426206,120.75604163739348,2.7584982468685837,3.3849988729337657,55.111111111111114,37.37803377098571,36.59593127455214
20230616,45535550,125.93,126.108,123.28,123.53,123.952,123.995,123.71200000000002,123.89148652590194,123.51691836360635,120.96152003462359,2.5553983289827613,3.219078764143565,46.66254635352287,34.70501396698195,35.96562550536208
20230620,26097490,122.93,124.57,122.14,123.1,123.84400000000001,123.704,123.729,123.62765768393463,123.45277707689768,121.1199259579848,2.3328511189128704,3.0418332350974264,48.181238034460726,31.085393926705915,34.33888164581002
20230621,30306340,122.4,122.66,120.1,120.55,123.18800000000002,123.02800000000002,123.50399999999999,122.60177178928976,123.00619598814419,121.0777092203563,1.9284867677878879,2.8191639416355185,43.3409873708381,23.220267056330364,30.63267678265013
20230622,26952250,120.0,123.24,118.83,123.15,123.08399999999999,123.093,123.5335,122.78451452619318,123.02831968227585,121.23121224107065,1.797107441205199,2.6147526415494546,48.51330203442882,35.26583343738871,32.17706233422965
20230623,34913640,121.38,122.7879,121.06,122.34,122.53399999999999,123.11300000000001,123.6055,122.63634301746212,122.9224243465411,121.313344667658,1.6090796788831057,2.413618049016185,43.8780872306884,39.586400637291845,34.64684176858371
20230626,33969900,120.76,122.0,118.265,118.34,121.49600000000001,122.724,123.34850000000002,121.20422867830808,122.21743598553479,121.09309691449815,1.124339071036644,2.155762253420277,32.31904103273399,26.709689336417195,32.00112429119487
20230627,39535940,117.08,119.08,116.1,118.33,120.542,122.19299999999998,123.03450000000001,120.2461524522054,121.61936891083712,120.88842306897978,0.7309458418573485,1.8707989711076913,27.99019607843138,25.233850977808643,29.745366520066124
20230628,27091450,117.09,120.39,116.85,120.18,120.468,121.828,122.85999999999999,120.2241016348036,121.3979275399391,120.83594728609239,0.5619802538467127,1.6090352276554956,43.34862385321104,30.411696015581487,29.96747635190458
20230629,24090900,119.24,120.06,118.295,119.1,119.65799999999999,121.37100000000001,122.6715,119.84940108986908,121.04440022610233,120.7073585982337,0.33704162786862923,1.3546365076981224,41.629955947136565,30.26647040527174,30.067141036360297
20230630,29532240,120.17,121.08,119.69,119.7,119.13,120.832,122.47050000000002,119.7996007265794,120.83756942208657,120.63273944280897,0.20482997927760493,1.124675202014019,43.224424209962514,34.34529746813476,31.493193180285115
20230703,14442850,119.24,120.19,118.8182,119.9,119.44200000000001,120.46900000000001,122.23200000000001,119.83306715105294,120.69332797253479,120.57846244704535,0.11486552548943507,0.9227132667091021,39.28980526918675,40.63729448389194,34.541226948154055
20230705,27584810,119.24,122.61,119.23,121.75,120.126,120.33400000000002,122.019,120.47204476736863,120.85589289983713,120.66524300652348,0.19064989331364757,0.7763005920300112,44.56066945606696,53.468747209616126,40.85040036864141
20230706,24778800,119.795,120.3,118.4,120.11,120.112,120.28999999999999,121.65899999999999,120.35136317824576,120.74114014601602,120.62411389492915,0.11702625108686959,0.644445723841383,41.35922330097089,55.632174969042794,45.7776585687752
20230707,21709550,120.1,121.05,119.4,119.48,120.18799999999999,119.923,121.508,120.06090878549719,120.54711858509049,120.539364717527,0.007753867563494055,0.5171073525858052,35.84048460373552,54.394824275316836,48.65004713762241
20230710,35315240,118.3,118.305,116.135,116.45,119.53800000000001,119.33399999999999,121.22350000000002,118.8572725236648,119.91679264892272,120.236448812525,-0.319656163602275,0.34975464934818923,33.364661654135375,38.0553308788851,45.118475051376635
20230711,23078780,116.29,117.71,115.35,117.14,118.98600000000002,119.21400000000001,120.96900000000001,118.28484834910988,119.4895937798577,120.00708223381945,-0.5174884539617466,0.17630602868620204,36.165273909006544,33.58876971356346,41.27523993877224
20230712,30404410,118.8,120.33,118.4145,118.93,118.422,119.274,120.7335,118.49989889940659,119.40350242911036,119.92729836464763,-0.5237959355372652,0.036285635841508596,46.102021174205994,38.82961139765575,40.46003042506674
20230713,44297920,120.93,124.83,120.45,124.54,119.30799999999999,119.71,120.76899999999998,120.51326593293774,120.19373282463184,120.26897996726632,-0.07524714263448118,0.01397908014631064,52.92139554434635,58.200050355117924,46.37337040175046
20230714,33283080,124.8,126.775,123.49,125.42,120.49600000000001,120.34200000000001,120.85650000000001,122.14884395529182,120.99777392853464,120.65053700672807,0.3472369218065694,0.08063064847836239,56.45431684828163,68.18004815797065,53.64226298715719
20230717,25716220,125.94,127.0999,124.195,124.65,122.13600000000001,120.83700000000002,120.8345,122.98256263686122,121.55965486260624,120.94679352474822,0.6128613378580212,0.18707678635429414,65.29326223945708,71.83656869995146,59.7070315580886
20230718,26226450,124.6,124.68,122.96,123.76,123.46000000000001,121.223,120.846,123.24170842457416,121.89816949912836,121.15517918958169,0.7429903095466699,0.29825949099276927,62.62203626220363,71.74940487820093,63.72115599812604
20230719,37224030,124.6,125.18,121.8,122.03,124.08000000000001,121.251,120.79249999999999,122.83780561638278,121.91845111464707,121.21998073109415,0.698470383552916,0.3783016695047986,54.324450677886844,66.78345247638268,64.74192149087824
20230720,37906760,121.42,124.09,118.22,119.2,123.01200000000001,121.16000000000001,120.72500000000002,121.6252037442552,121.50022786623984,121.07035252879089,0.4298753374489479,0.38861640309362844,50.21607605877271,55.4443804203865,61.642741134047654
20230721,71606470,120.62,120.99,118.73,120.02,121.93199999999999,121.21400000000001,120.56850000000001,121.09013582950347,121.27250050220294,120.99254863776935,0.279951864433599,0.36688349536162257,50.6849315068493,50.211259982439515,57.832247416844936
20230724,29723670,121.66,123.0,120.98,121.53,121.30799999999999,121.72200000000001,120.52799999999999,121.23675721966899,121.31211580955633,121.03235984978645,0.27975595976988643,0.34945798824327534,53.303607620591805,45.89923816845269,53.85457766738085
20230725,52509550,121.36,123.145,121.02,122.21,120.998,122.229,120.72149999999999,121.56117147977933,121.45025183885537,121.11959245350596,0.3306593853494064,0.34569826766450157,50.978723404255305,45.577138256965554,51.09543119724241
20230726,61682090,130.07,130.98,128.32,129.27,122.446,123.263,121.26849999999999,124.13078098651957,122.65329001749299,121.72332634583884,0.92996367165415,0.4625513484624313,65.83679114799449,59.251007531811986,53.81395664209894
20230727,44952070,131.67,133.24,128.79,129.4,124.48600000000002,123.74900000000002,121.7295,125.8871873243464,123.69124539941714,122.29196883873966,1.3992765606774782,0.6498963909054407,67.45249824067558,64.3120343154823,57.313315866560046
20230728,36591160,130.78,133.74,130.57,132.58,126.998,124.465,122.40350000000001,128.1181248828976,125.05874610719911,123.05404522105525,2.0047008861438655,0.9208572899531258,78.2289114455723,73.7166139422803,62.78108189180013
20230731,28055530,132.73,133.525,131.775,132.72,129.23600000000002,125.272,123.0545,129.65208325526507,126.2374005522454,123.77004187134746,2.467358680897945,1.2301575681420898,77.80157030692362,80.2870209787023,68.61639492076752
20230801,23276440,130.775,132.63,130.68,131.55,131.104,126.051,123.63699999999999,130.28472217017674,127.05472354420766,124.34633506606245,2.70838847814521,1.525803750142714,73.029197080292,82.15440573837887,73.12906519330463
20230802,26273260,129.45,130.09,127.56,128.38,130.926,126.686,123.96849999999999,129.64981478011782,127.25861222971417,124.64512506116894,2.613487168545234,1.7433404338232181,57.69230769230767,76.19976149824855,74.15263062828593
20230803,20159530,127.97,129.385,127.42,128.45,130.736,127.61099999999999,124.38550000000001,129.24987652007854,127.44190265591199,124.9269676492305,2.5149350066814833,1.8976593483948714,56.27329192546581,70.31394758190442,72.87306961282542
20230804,26147160,129.28,131.51,127.91,128.11,129.84199999999998,128.42000000000002,124.81700000000001,128.86991768005237,127.54468686269476,125.16274782336158,2.381939039333176,1.9945152865825324,57.29342327150087,65.45562962483358,70.40058961682814
20230807,22746290,129.16,131.61,129.02,131.53,129.60399999999998,129.42000000000002,125.571,129.75661178670157,128.15781196074172,125.63439613274221,2.5234158279995142,2.100295394865929,64.80000000000001,65.3143016064291,68.70516028002845
20230808,23535180,130.62,131.51,129.545,131.4,129.574,130.339,126.28399999999999,130.30440785780104,128.65661012062762,126.06147790068724,2.595132219940382,2.1992627598808197,69.00608519269781,64.534428919054,67.31491649303696
20230809,24912920,131.66,132.04,129.0,129.66,129.82999999999998,130.378,126.82050000000001,130.08960523853403,128.8109777943772,126.32803509322892,2.482942701148289,2.2559987481343136,72.19864176570461,54.8372986042638,63.15571053011257
20230810,20857750,131.32,132.05,129.45,129.69,130.07800000000003,130.40699999999998,127.07800000000002,129.95640349235603,128.94621197985762,126.57706953076752,2.3691424490901056,2.278627488325472,71.23407992973213,48.95241146372156,58.42127750798223
20230811,19591080,128.66,129.93,128.17,129.56,130.368,130.105,127.28500000000001,129.82426899490403,129.0406409060334,126.79802734330326,2.242613562730128,2.271424703206403,68.77045348293599,46.32655965783614,54.38970489126686
20230814,24695610,129.39,131.37,128.96,131.33,130.328,129.966,127.619,130.32617932993605,129.39284999741287,127.1337290215771,2.2591209758357707,2.2689639577322764,70.28469750889687,59.0341211253825,55.93784363597207
20230815,19770730,131.1,131.42,129.28,129.78,130.004,129.78900000000002,127.91999999999999,130.14411955329072,129.45241153627242,127.32974909405286,2.122662442219564,2.239703654629734,51.50265173836179,56.34672149899505,56.07413625697973
20230816,25216070,128.7,130.2809,127.865,128.7,129.81199999999998,129.821,128.2535,129.6627463688605,129.33665591530743,127.43124916116005,1.9054067541473785,2.1728442745332632,48.04687499999995,44.21521775759359,52.121163423851016
20230817,33446280,129.8,131.99,129.29,129.92,129.858,129.96800000000002,128.7895,129.74849757924034,129.4264011591063,127.61560107514819,1.8108000839580995,2.1004354364182305,41.66666666666658,45.84479272250552,50.02903985673585
20230818,30504770,128.51,129.25,126.3824,127.46,129.438,129.903,129.1615,128.9856650528269,129.12387790385918,127.60407506958165,1.5198028342775274,1.98430891599009,35.612691466083135,36.90097480815768,45.65301817387646
20230821,25248730,127.175,128.725,126.56,128.37,128.846,129.587,129.5035,128.7804433685513,129.00789668788084,127.66081024961264,1.3470864382682066,1.8568644204457134,41.17647058823528,36.290489192687595,42.53217518014684
20230822,22067520,128.51,130.278,128.32,129.08,128.706,129.355,129.847,128.88029557903423,129.01898950512995,127.765935416308,1.2530540888219548,1.7361023541209617,52.24935732647821,40.05928159461694,41.70787731830354
20230823,27819710,130.18,133.41,129.87,132.37,129.44,129.626,130.002,130.04353038602284,129.5345295812638,128.1069772373222,1.427552343941585,1.6743923520850865,60.43663471778492,55.10658995335822,46.17411486332176
20230824,28500690,133.95,134.25,129.57,129.78,129.41199999999998,129.635,130.02100000000002,129.95568692401523,129.57229426106937,128.23090484937242,1.3413894116969516,1.6077917640074597,53.97051830718018,51.13262893529929,47.82695288731427
20230825,26762890,129.54,130.76,127.25,129.88,129.89600000000002,129.667,129.88600000000002,129.9304579493435,129.61963360552022,128.3530600457152,1.2665735598050105,1.53954812316697,45.341614906832284,48.907000136539764,48.1869686370561
20230828,20543270,131.31,132.54,130.14,131.01,130.42399999999998,129.635,129.8005,130.29030529956233,129.83353612774786,128.54987041269928,1.2836657150485848,1.4883716415432933,48.95777659005875,52.21081518076158,49.528250818291255
20230829,43075560,132.24,136.57,132.24,134.57,131.522,130.11399999999998,129.9515,131.71687019970824,130.56222287732513,128.9958059376845,1.566416939640618,1.5039807011627582,61.958110082805625,61.596640408308566,53.55104734829702
20230830,28315770,134.78,136.275,134.07,135.88,132.224,130.83200000000002,130.32649999999998,133.10458013313882,131.38034243465972,129.50574623859677,1.874596196062953,1.5781038001427972,64.19073819348921,72.140113721497,59.74740280603034
20230831,30053800,136.01,138.0,135.79,136.17,133.50199999999998,131.457,130.7125,134.1263867554259,132.11721282932746,129.9993946653674,2.1178181639600666,1.686046672906251,65.0432407828857,76.09457464883013,65.1964600869636
20230901,21543690,137.455,137.455,134.85,135.66,134.658,132.277,131.09,134.63759117028394,132.66225700943093,130.41869876422908,2.2435582452018537,1.7975489873653716,60.4538870111057,76.80723581239836,69.06671866210851
20230905,19403110,135.44,136.42,134.5801,135.77,135.60999999999999,133.017,131.302,135.01506078018932,133.14037131567233,130.81509144836025,2.3252798673120765,1.9030951633547126,65.54229372080957,77.62342852609505,71.91895528343736
20230906,18684530,136.02,136.5299,133.665,134.46,135.58800000000002,133.555,131.455,134.83004052012623,133.3433911132612,131.08508467440765,2.2583064388535377,1.9741374184544778,64.76923076923082,74.10554149801688,72.64781735496386
20230907,18844340,133.59,135.58,132.95,135.26,135.464,133.844,131.73499999999999,134.97336034675084,133.63825401891333,131.39433766148858,2.2439163574247516,2.0280932062485326,63.99371069182392,74.2409036343368,73.17884611475483
20230908,23584190,134.91,136.66,134.85,136.38,135.506,134.504,132.0695,135.44224023116723,134.06006109292667,131.7636459828598,2.2964151100668744,2.081757587012201,75.14092446448704,75.95704008192426,74.10491077047797
20230911,20763350,136.54,137.48,135.785,136.92,135.75799999999998,135.208,132.4375,135.93482682077817,134.50005169401487,132.1455981322776,2.354453561737273,2.1362967819572156,74.61139896373055,77.7213600546161,75.31039386519068
20230912,18405510,136.26,136.8701,135.19,135.34,135.67199999999997,135.641,132.63799999999998,135.73655121385212,134.62927451032027,132.38222049284963,2.2470540174706457,2.1584482290599016,67.16008771929828,67.58981759416656,72.73686844151597
20230913,20749500,135.09,136.9,134.15,136.71,136.12199999999999,135.855,132.98449999999997,136.0610341425681,134.94938612411715,132.70279675263856,2.246589371478592,2.1760764575436395,63.296568627451016,69.87836024429592,71.78403237577595
20230914,24750970,137.6,138.695,136.24,138.1,136.69,136.077,133.4545,136.74068942837874,135.43409595117606,133.10258958577646,2.331506365399605,2.207162439114833,77.51322751322759,76.46662948691386,73.34489807948859
20230915,38919610,137.98,138.52,136.48,137.4,136.89399999999998,136.2,133.8285,136.96045961891917,135.73654272791822,133.42091628312636,2.31562644479186,2.228855240250238,73.91857506361335,76.79730622597282,74.49570079498332
20230918,21861350,136.61,139.16,136.61,138.21,137.152,136.45499999999998,134.36599999999999,137.37697307927945,136.11707461593082,133.775663225117,2.3414113908138177,2.251366470362954,73.37662337662351,79.43223528323047,76.1412122910657
20230919,20353650,137.42,138.41,136.62,138.04,137.692,136.682,134.84949999999998,137.59798205285298,136.41290929040298,134.0915400232565,2.32136926714648,2.265367029719659,64.4462947543714,80.27634794512733,77.51959084241957
20230920,29927480,138.08,138.08,133.62,133.74,137.098,136.60999999999999,135.0825,136.31198803523534,136.00169247649484,134.0655000215338,1.9361924549610308,2.1995321147679334,42.86666666666668,54.2395869574014,69.75958954741351
20230921,31503910,131.44,132.23,130.07,130.44,135.566,136.128,134.98600000000002,134.3546586901569,135.146047480111,133.79694446438316,1.3491030157278487,2.0294462949599166,34.09217101610216,37.51652698516897,59.01190202666533
20230922,26397340,130.76,132.025,129.6,130.25,134.13600000000002,135.51500000000001,135.0095,132.98643912677127,134.39280940624778,133.53420783739182,0.8586015688559598,1.7952773497391254,34.70887507066138,27.27740571675144,48.433736590027365
20230925,20094640,129.83,131.17,128.96,131.11,132.716,134.93400000000003,135.07099999999997,132.36095941784754,133.88776180528657,133.3546368864739,0.5331249188126606,1.5428468635538326,37.36442516268979,25.211080935350658,40.692851371801794
20230926,25718700,129.77,130.3645,127.22,128.565,130.821,134.2565,134.94875,131.09563961189838,133.06887537370403,132.99984896895734,0.06902640474669397,1.248082771792405,35.019059720457406,20.562272829038903,33.982658524214166
20230927,22746450,128.57,130.895,128.57,130.54,130.18099999999998,133.6395,134.74724999999998,130.91042640793225,132.6798176239034,132.81763793421976,-0.1378203103163571,0.9709021553706526,38.6810551558753,22.976746933485437,30.314021327304587
20230928,22513130,129.84,133.3,129.79,132.31,130.555,133.0605,134.56875,131.37695093862152,132.62292260484134,132.78003512427756,-0.15711251943622528,0.745299220409277,40.53488372093025,29.52776987078818,30.051937508465784
20230929,30859790,133.28,134.05,130.36,130.86,130.677,132.4065,134.30325,131.20463395908104,132.35170374255804,132.637810300257,-0.28610655769895743,0.5390180647876301,36.47925033467207,30.528194510224633,30.2106898423854
20231002,22288040,131.21,134.42,131.17,134.17,131.289,132.0025,134.22875,132.19308930605405,132.63144162831833,132.75130583357128,-0.11986420525295216,0.4072416107795137,47.576636288318106,41.68423525973226,34.03520498150102
20231003,22989400,133.94,134.26,131.84,132.43,132.062,131.44150000000002,134.06175,132.2720595373694,132.60045060857703,132.7275054014549,-0.12705479287785693,0.3003823300480396,41.26886984904119,51.909860543525284,39.99342350217577
20231004,26752300,132.79,135.57,132.53,135.24,133.002,131.59150000000002,134.10075,133.26137302491293,133.0065351303344,132.91361611245824,0.09291901787617007,0.2588896676136657,44.48515233320481,66.62254175955584,48.869796254635794
20231005,19832620,135.07,135.49,133.45,135.07,133.554,132.05450000000002,134.09125,133.8642486832753,133.32399126412912,133.07334825227616,0.2506430118529579,0.25724033646152417,45.41338582677163,75.75235318900529,57.83064856609229
20231006,27597600,134.01,138.155,134.01,137.58,134.898,132.7875,134.15125,135.10283245551688,133.97876183887848,133.4071743076631,0.5715875312153855,0.32010977541229646,48.83763837638378,82.08212053783103,65.91447255667187
20231009,19278070,136.94,138.94,135.61,138.42,135.748,133.5185,134.22625,136.20855497034458,134.66202924828178,133.77849472931769,0.8835345189640975,0.4327947241226567,50.684191573640604,86.38325875778253,72.73740129037542
20231010,27786610,138.5,139.72,137.33,138.06,136.874,134.46800000000002,134.36225000000002,136.82570331356305,135.18479397931534,134.09564326788674,1.0891507114286014,0.5640659215838457,59.06420478388584,85.34983279387583,76.94154512487555
20231011,25884300,138.58,141.11,138.58,140.55,137.93599999999998,135.469,134.55425,138.06713554237538,136.01021029018992,134.5737437665618,1.4364665236281269,0.7385460419927019,71.9591659426586,88.49678775405675,80.79329266793594
20231012,24765540,141.05,141.22,138.26,138.97,138.716,136.135,134.59775,138.3680903615836,136.46556255323762,134.8993923764461,1.5661701767915304,0.9040708689524676,67.86153215895125,84.86850526887366,82.15169686824851
20231013,23435600,139.38,140.0,136.615,137.36,138.672,136.78500000000003,134.59575,138.03206024105575,136.60316831427798,135.08165960782046,1.5215087064575243,1.027558436453479,62.420508744038166,76.19520820341404,80.16620064663701
20231016,28501870,138.17,139.63,137.99,139.095,138.80700000000002,137.2775,134.64000000000001,138.38637349403717,136.9865270351583,135.37894408131524,1.607582953843064,1.1435633399313962,71.62217659137582,75.97900723342293,78.77046950889898
20231017,23515780,138.63,139.9,137.18,139.72,139.13899999999998,138.00650000000002,134.724,138.83091566269147,137.40706133744163,135.7005037789956,1.7065575584460362,1.2561621836343244,69.9565217391305,77.55099838727553,78.3639791350245
20231018,23375000,139.445,140.72,137.38,137.96,138.621,138.27849999999998,134.935,138.5406104417943,137.49212882398908,135.86787386944036,1.624254954548718,1.3297807378172033,62.28795128316665,69.9623391929965,75.56343248768182
20231019,26066010,138.5,139.66,137.38,137.75,138.377,138.54649999999998,135.3005,138.27707362786288,137.53180131260615,136.00729061985217,1.524510692753978,1.3687267288045581,65.83908045977012,59.35694864797503,70.16127120777955
20231020,26335670,137.33,137.87,135.08,135.6,138.025,138.3485,135.56799999999998,137.3847157519086,137.23460111066674,135.97712094430756,1.257480166359187,1.346477416315484,53.47255949490046,42.39431755684753,60.90561999080221
20231023,26317930,135.04,137.6599,133.95,136.5,137.506,138.1565,135.8375,137.0898105012724,137.12158555517954,136.0158527262107,1.1057328289688257,1.2983284988461525,60.30379746835441,39.95476282790297,53.92200093650246
20231024,44814320,137.83,139.3599,137.42,138.81,137.32399999999998,138.2315,136.34975000000003,137.66320700084827,137.38134162361345,136.22282659834326,1.1585150252701908,1.2703658041309605,59.27272727272725,48.91986481053232,52.254622227845736
20231025,84366210,128.16,128.31,125.07,125.61,134.85399999999998,136.7375,136.10325,133.64547133389885,135.57036598921138,135.43669129476228,0.1336746944490983,1.043027582194588,35.34696406443618,33.7634029514305,46.09088246904066
20231026,57061140,123.27,124.3297,121.27,122.28,131.76000000000002,135.06850000000003,135.60175,129.8569808892659,133.52569429856348,134.46212156922434,-0.9364272706608574,0.647136611623499,26.88821752265858,24.239869319805432,38.807211419295584
20231027,44566510,122.88,123.31,120.2057,122.17,129.074,133.5495,135.16725000000002,127.29465392617728,131.7786644064768,133.5515940455781,-1.7729296391013065,0.1631233614785379,24.89959839357431,19.351670174375435,32.3220310043222
20231030,28940080,123.21,125.4,122.75,124.46,126.66600000000001,132.08599999999998,134.68175000000002,126.3497692841182,130.6527160362496,132.87814263479453,-2.225426598544942,-0.3145866305261581,30.17492711370261,19.81385236828911,28.1526381256445
20231031,26292340,125.06,125.37,122.685,124.08,123.72,130.522,134.26425,125.59317952274547,129.64152895374966,132.22642836555048,-2.5848994118008193,-0.7686491867810904,24.417520969245075,19.847527389091596,25.384267880126863
20231101,30082440,124.07,126.49,123.715,126.45,123.88799999999999,129.371,133.82475,125.87878634849699,129.15052449932662,131.7985447829171,-2.6480202835904834,-1.144523406142969,31.01879927228623,24.098405192808485,24.95564698435407
20231102,27124650,128.42,128.98,126.93,127.49,124.92999999999999,128.345,133.44575,126.41585756566465,128.89505919173791,131.47939331751584,-2.5843341257779286,-1.432485550069961,34.77321814254856,28.742196585051563,26.217830184586564
20231103,26393110,128.02,129.525,127.86,129.1,126.31599999999999,127.69499999999998,133.02175,127.31057171044311,128.92658854685516,131.30314196066283,-2.3765534138076703,-1.6212991228175029,34.52067523617778,34.63987991595905,29.025180095044057
20231106,19052740,129.05,130.34,128.67,130.25,127.474,127.06999999999998,132.61325,128.2903811402954,129.13019030887745,131.22513144505817,-2.094941136180722,-1.716027525490147,35.568424260896066,56.13056221822942,38.060307469439174
20231107,29757280,130.71,131.91,129.88,130.97,128.852,126.28599999999999,132.25875,129.1835874268636,129.41323795366554,131.2062328194983,-1.7929948658327532,-1.7314209935586682,38.99905571293672,68.07662935108308,48.065748096653806
20231108,26425850,130.97,132.21,130.78,131.84,129.93,126.90900000000002,131.82325,130.06905828457573,129.78658596079393,131.2531785365725,-1.4665925757785772,-1.67845531000265,40.88806660499538,77.69034327805905,57.940613157122215
20231109,23747770,131.96,132.55,130.065,130.24,130.48000000000002,127.705,131.38674999999998,130.12603885638384,129.85634196682562,131.17812827460418,-1.3217863077785523,-1.6071215095578304,41.5934755332497,77.3215229895626,64.40091643460234
20231110,26927830,130.105,132.8,129.41,132.59,131.178,128.747,131.14825000000002,130.94735923758924,130.27690474116014,131.28271136537424,-1.0058066242141024,-1.486858532489085,44.13441344134414,84.18897380388368,70.99693555769612
20231113,18324750,131.78,132.59,131.25,132.09,131.546,129.51,130.798,131.32823949172615,130.55584247328935,131.34251052349467,-0.7866680502053214,-1.3468204360323324,39.34010152284263,86.85428926863202,76.28272012800808
20231114,32395180,134.19,135.7,133.32,133.62,132.076,130.464,130.493,132.0921596611508,131.02725132355252,131.51121344768026,-0.48396212412774275,-1.1742487736514144,70.17632241813605,83.33045358311693,78.63196461304436
20231115,23861520,134.87,135.03,133.57,134.62,132.632,131.281,130.326,132.93477310743387,131.57998188915982,131.74149393303728,-0.1615120438774511,-0.9717014276966218,85.21689497716899,84.29513232071747,80.51968718226873
20231116,28013180,135.19,137.2199,134.32,136.93,133.97000000000003,132.225,130.28500000000003,134.26651540495592,132.40306159851986,132.12582771577524,0.2772338827446106,-0.7219143656083753,87.42393509127794,88.39986056982364,83.14641164478702
20231117,37287690,136.0,136.06,133.65,135.31,134.514,132.846,130.27050000000003,134.61434360330395,132.85028289105526,132.36169232942152,0.4885905616337425,-0.47981338015995173,78.47769028871394,84.11495418757099,83.46925915904833
20231120,27850760,133.69,136.66,133.62,136.25,135.346,133.446,130.25799999999998,135.15956240220265,133.37331629243138,132.64971511983472,0.7236011725966591,-0.23913046960862958,81.03008669046406,85.27035179362184,84.06962337057283
20231121,22635270,136.29,137.18,135.96,136.97,136.01600000000002,134.046,130.166,135.76304160146844,133.92665224744195,132.9697362220692,0.9569160253727489,7.882938764611214e-05,79.28730512249443,89.11363956627761,85.75096210247442
20231122,17820460,137.47,139.42,137.47,138.49,136.79000000000002,134.71099999999998,130.81,136.6720277343123,134.6287057478355,133.37864465006407,1.250061097771436,0.2500752830644041,79.82646420824297,89.64552328061538,87.04914916185473
20231124,12514320,138.03,138.13,135.99,136.69,136.742,135.356,131.53050000000002,136.67801848954156,134.9458279404762,133.6239302315408,1.3218977089353814,0.46443976823859956,70.37037037037035,81.95870462689743,85.35233431686896
20231127,23436530,136.03,138.42,136.0,136.41,136.962,135.738,132.2425,136.5886789930277,135.17108518040294,133.8303057699452,1.340779410457742,0.639707696682428,67.3423423423423,71.524382319571,80.74301698443631
20231128,18730030,136.08,137.25,135.4222,137.2,137.152,136.24899999999997,132.87949999999998,136.7924526620185,135.4832259218794,134.07991274994924,1.403313171930165,0.7924287917319754,67.4705552439708,68.36668223014135,76.61757206633798
20231129,23967220,137.57,138.288,134.84,134.99,136.756,136.38600000000002,133.425,136.19163510801235,135.40734501082105,134.14732662032338,1.2600183904976632,0.8859467114851132,58.21596244131457,53.45135137181842,68.89549850149812
20231130,38988260,135.05,135.55,131.28,132.53,135.564,136.17700000000002,133.72899999999998,134.97109007200822,134.9646765476178,134.02752464844758,0.9371518991702317,0.8961877490221369,55.71642536195704,40.75298936663407,59.5146621232101
20231201,31442260,131.86,132.11,130.665,131.86,134.598,135.67000000000002,133.9475,133.9340600480055,134.48703400183047,133.8669672670811,0.620066734749372,0.8409635461675841,48.01089918256133,31.718440655235664,50.24925496721862
20231204,36669880,129.88,130.03,127.9,129.27,133.17,135.06599999999997,133.956,132.37937336533702,133.68441338616424,133.52645117322325,0.157962212940987,0.7043632795222646,43.1017612524462,25.10974747386083,41.86941913609935
20231205,27384780,128.95,132.14,128.25,130.99,131.92800000000003,134.54,133.993,131.91624891022468,133.26988824983127,133.33856590113265,-0.06867765130138537,0.5497550933575347,43.62578768783327,25.680803871462796,36.47321404788717
20231206,23576180,131.44,131.84,129.875,130.02,130.93400000000003,133.845,133.9455,131.28416594014982,132.7699054421649,133.09274620475247,-0.32284076258756045,0.3752359221685157,38.8349514563107,23.837899665892838,32.26144258722239
20231207,56767100,135.04,138.56,134.7,136.93,131.81400000000002,133.68900000000002,134.2,133.16611062676657,133.40991998952416,133.37698722662265,0.032932762901509705,0.3067752903151145,50.0,44.12833085918811,36.21707201121096
20231208,32260110,134.2,136.4,134.025,134.99,132.44,133.519,134.43750000000003,133.77407375117772,133.65300922190505,133.49646965428022,0.1565395676248329,0.27672814577705823,49.373040752351116,51.58899355590654,41.341045859442815
20231211,31138010,132.38,133.335,131.36,133.29,133.244,133.207,134.47250000000003,133.6127158341185,133.59716164930427,133.48117560581503,0.11598604348924368,0.24457972531949534,44.3683409436834,51.24694629805898,44.64301267231487
20231212,29032830,131.81,133.0,131.26,132.52,133.55,132.73899999999998,134.494,133.24847722274566,133.43144447248824,133.40997741279168,0.02146705969656182,0.19995719219490865,41.54956323585266,48.61115994604809,45.96572843022594
20231213,30104780,133.38,133.5,131.57,132.57,134.06,132.497,134.4415,133.0223181484971,133.2989145536439,133.347756863696,-0.04884231005209472,0.15019729174550797,38.09332260659689,47.01031676203077,46.31392454082754
20231214,38722410,133.38,133.72,129.685,131.94,133.062,132.438,134.3075,132.66154543233142,133.08985077616023,133.2434785774963,-0.15362780133605725,0.08943227312919494,39.97467285774585,43.973106734411985,45.53365193868902
20231215,50847110,131.62,133.51,131.18,132.6,132.584,132.512,134.09099999999998,132.64103028822095,133.01448911828942,133.19581349768174,-0.18132437939232204,0.035280942624891544,42.08558371416699,43.37942000852164,44.81557462863323
20231218,32257970,132.63,137.1478,132.43,135.8,133.086,133.16500000000002,134.1155,133.69402019214732,133.4430292539372,133.38871620155717,0.054313052380024374,0.03908736457591811,47.356495468277984,51.8867494892492,47.17263291550522
20231219,25476750,136.84,137.47,136.08,136.65,133.91199999999998,133.73100000000002,134.1355,134.67934679476488,133.93640936871608,133.63029277921962,0.3061165894964688,0.09249320956002825,53.30414012738853,60.75079073931168,51.6986855234407
20231220,49107180,138.97,141.695,138.065,138.34,135.066,134.56300000000002,134.204,135.89956452984325,134.61388485045208,133.9791599807589,0.6347248696931729,0.20093954158665717,61.93018480492816,64.52217578568602,55.97318227752247
20231221,27488280,139.49,140.685,139.18,140.42,136.762,134.912,134.3005,137.40637635322884,135.50713333499792,134.45625924144343,1.0508740935544836,0.37092645198022245,66.61490683229812,72.80939945523667,61.58525467009387
20231222,26532200,140.77,141.99,140.71,141.49,138.54000000000002,135.562,134.5405,138.7675842354859,136.42757436038286,134.97727707541057,1.4502972849722937,0.5868006185786367,75.20627062706272,80.51847001471961,67.89632645163579
20231226,16780330,141.59,142.68,141.19,141.52,139.68400000000003,136.38500000000002,134.796,139.6850561569906,137.21102445878552,135.46192321797275,1.749101240812763,0.819260743025462,73.34811529933484,84.0368099444033,73.27648761589163
20231227,19628620,141.59,142.08,139.886,140.37,140.42800000000003,137.17000000000002,134.9545,139.9133707713271,137.69702069589545,135.8254844610859,1.871536234809554,1.0297158413822805,72.76726792784865,83.43251739015112,76.66183087397812
20231228,16045710,140.78,141.14,139.75,140.23,140.80599999999998,137.93599999999998,135.2165,140.0189138475514,138.08670981960384,136.15174487137583,1.9349649482280142,1.2107656627514272,60.3383458646616,81.85356231807171,78.3924080220093
20231229,18733020,139.63,140.36,138.78,139.69,140.66000000000003,138.711,135.5745,139.9092758983676,138.3333698473571,136.4138378438665,1.9195320034905876,1.3525189308992593,66.14010989010984,78.17879764294209,78.32120456232022
20240102,23711220,138.55,139.45,136.48,138.17,139.996,139.26799999999997,135.89000000000001,139.3295172655784,138.30823602468678,136.54392392950604,1.7643120951807418,1.434877563755556,66.96801112656466,62.67475398418349,73.10572103627464
20240103,24212150,137.25,139.63,137.08,138.92,139.476,139.57999999999998,136.3725,139.1930115103856,138.40235355935036,136.71992956435744,1.6824239949929165,1.4843868500030282,72.284122562674,54.901448892681415,67.03763032174356
20240104,27137740,138.42,139.16,136.35,136.39,138.68,139.554,136.64249999999998,138.25867434025707,138.09276070406568,136.695490337368,1.3972703666976827,1.4669635533419592,61.34204275534438,36.81160310591605,56.962287916467716
20240105,22513850,136.745,137.1558,135.15,135.73,137.78,139.29299999999998,136.928,137.4157828935047,137.72925905728636,136.6239725346,1.105286522686356,1.3946281472108386,61.2329579134558,27.108576484067907,47.01105077233444
20240108,21403980,136.29,139.01,136.26,138.84,137.60999999999999,139.135,137.0235,137.89052192900317,137.90014227924232,136.78812271722222,1.1120195620200946,1.33810643017269,66.14906832298135,34.407045677293596,42.809715740654156
20240109,24759600,138.5,141.485,138.15,140.95,138.166,139.081,137.3215,138.9103479526688,138.36935115935887,137.09640992335392,1.2729412360049537,1.3250733913391428,64.12506856829394,50.83605834955685,45.48516327695505
20240110,21320200,141.0,143.0,140.91,142.28,138.83800000000002,139.15699999999998,137.77100000000002,140.0335653017792,138.97098944253443,137.48037955866104,1.4906098838733897,1.3581806898459923,65.04543025120253,64.16671405894024,51.712346870950114
20240111,24008720,143.49,145.22,140.635,142.08,139.976,139.328,138.249,140.71571020118614,139.4492987590676,137.8210921839454,1.6282065751221921,1.4121858669012322,60.85946573751453,65.71723340440442,56.38064238210155
20240112,18785510,142.67,143.195,141.82,142.65,141.35999999999999,139.57,138.75300000000001,141.36047346745744,139.94171433459564,138.17878905920873,1.7629252753869196,1.4823337485983696,57.09739019732658,68.63770542087737,60.46633006169348
20240116,22670470,142.0,144.35,141.45,142.49,142.09,139.85,139.28050000000002,141.73698231163831,140.3337582831194,138.49813801778586,1.8356202653335458,1.552991051945405,53.37837837837837,70.05506081352105,63.662573645636
20240117,20968650,141.345,141.84,138.9,141.47,142.19400000000002,140.18,139.724,141.64798820775889,140.50856470110105,138.7182759423943,1.7902887587067369,1.6004505932976716,49.84167194426849,67.62359896671015,64.98291541932738
20240118,25746420,142.05,144.21,141.99,143.48,142.43400000000003,140.63600000000002,140.108,142.2586588051726,140.96570859323936,139.0709962429577,1.894712350281651,1.6593029446944676,59.3393393393393,72.6560504200444,67.54062708623306
20240119,34271870,144.74,146.45,144.38,146.38,143.294,141.635,140.59449999999998,143.6324392034484,141.79867650197176,139.61240392866455,2.186272573307207,1.7646968704170156,65.84234930448224,81.54171761728836,72.20765726325149
20240122,32200370,147.1,148.39,145.84,145.99,143.962,142.661,140.977,144.41829280229894,142.4434955016684,140.08481845246718,2.3586770492012192,1.8834929061738563,66.35514018691592,79.88197841152562,74.7657643126762
20240123,21636130,145.89,147.182,145.5,147.04,144.87199999999999,143.481,141.30800000000002,145.29219520153262,143.15065003987326,140.60001708561774,2.5506329542555193,2.0169209157901893,73.60298030867489,81.84615209872696,77.12589357469311
20240124,25233450,148.54,149.855,148.1,148.7,146.318,144.256,141.6685,146.4281301343551,144.00439618758506,141.20001582001643,2.8043803675686263,2.1744128061458765,74.82233502538077,84.38305773567951,79.54494829502191
20240125,29149070,150.065,153.05,149.54,151.87,147.996,145.21499999999997,142.18599999999998,148.24208675623674,145.21448908180275,141.99038501853371,3.2241040632690385,2.384351057570509,88.05309734513284,86.808964285506,81.9662869585166
20240126,26115490,151.1,152.535,151.01,152.185,149.15699999999998,146.2255,142.77675,149.5563911708245,146.28687537691002,142.74554168382753,3.5413336930824926,2.615747584672906,91.14778694673676,89.16828478868831,84.36695290190717
20240129,27784260,152.06,153.78,151.43,153.51,150.661,147.3115,143.44075,150.87426078054966,147.39812531892386,143.54290896650696,3.855216352416903,2.8636413382217056,90.28006589785839,92.17401781611477,86.9693078733097
20240130,36331830,152.8,153.62,151.185,151.46,151.54500000000002,148.20850000000002,144.02925,151.0695071870331,148.0230291160125,144.1293601541731,3.89366896183941,3.0696468629452465,78.95316804407727,88.22344755736462,87.38735443466135
20240131,71910040,143.62,144.0,139.87,140.1,149.825,148.0715,144.12574999999998,147.4130047913554,146.8041015597029,143.83088903164176,2.97321252806114,3.0503599959684253,46.132008516678475,59.36679393831495,78.04716760254588
20240201,40466550,142.12,143.06,140.79,141.16,147.683,147.8395,144.23774999999998,145.3286698609036,145.93577824282553,143.6330453996683,2.30273284315723,2.9008345654061864,48.41597796143248,42.669163847685624,66.25449968425913
20240202,62499570,139.26,142.62,136.5,142.38,145.722,147.4395,144.53725,144.34577990726908,145.388735436237,143.54022722191507,1.8485082143219245,2.6903692951893343,49.54530144829907,39.788701824383,57.432567064300414
20240205,38505410,142.82,145.47,142.78,143.68,143.756,147.20850000000002,144.93474999999998,144.12385327151273,145.12585306143131,143.55058076103248,1.5752723003988365,2.4673498962312346,51.929938371715856,40.37610985823065,51.74708132894382
20240206,29128200,144.65,145.36,143.19,144.1,142.284,146.9145,145.19774999999998,144.1159021810085,144.96802951351881,143.59127848243747,1.3767510310813407,2.2492301232012557,54.34998346013893,41.577900399314245,48.35735435240063
20240207,25208860,144.76,145.615,143.925,145.54,143.37199999999999,146.5985,145.42725000000002,144.59060145400568,145.05602497297747,143.73562822447911,1.3203967484983536,2.0634634482606753,53.472690492245455,45.15687187114775,47.29052685864967
20240208,22563760,145.83,146.33,145.105,145.91,144.322,146.0025,145.60875000000001,145.03040096933714,145.18740574636553,143.89669280044362,1.2907129459219107,1.9089133477929225,49.13380022115739,48.25658742027133,47.612547045856886
20240209,26829500,146.68,149.44,146.18,149.0,145.64600000000002,145.684,145.95475,146.35360064622478,145.77395870846314,144.2747155559663,1.499243152496831,1.8269793087337043,55.045256453234984,56.50906451071047,50.578052867474746
20240212,21564090,148.42,149.335,147.37,147.53,146.416,145.08599999999998,146.19875,146.74573376414986,146.0441189071611,144.51584773700586,1.52827117015525,1.7672376810180135,50.80991735537191,66.08589875160193,55.74733482885047
20240213,27837730,144.92,146.67,143.69,145.14,146.624,144.454,146.33125,146.2104891760999,145.90502369067477,144.56208123796839,1.3429424527063816,1.682378635355687,44.25435765009684,66.31383461338116,59.269501423694024
20240214,22704170,146.08,146.52,144.094,145.94,146.704,145.03799999999998,146.55475,146.12032611739994,145.91040466134018,144.66414929441518,1.2462553669249985,1.5951539816695495,39.63649073750436,68.52658526002844,62.35519603580549
20240215,37590700,143.14,143.52,140.46,142.77,146.076,145.19899999999998,146.51925,145.0035507449333,145.42726548267245,144.52384193927332,0.9034235433991284,1.4568078940154654,35.038932146829836,54.259000418341174,59.65646416331738
20240216,31468930,142.99,143.19,140.14,140.52,144.38,145.013,146.22625,143.50903382995557,144.6723015622613,144.22726105488272,0.445040507378593,1.254454416688091,29.94751466502011,37.534674114019644,52.2825341468848
20240220,24935710,139.655,142.08,139.49,141.12,143.098,144.757,145.98274999999998,142.7126892199704,144.12579362960574,143.99709356933585,0.12870006026989245,1.0293035454044515,33.29023917259212,30.483752591925985,45.01627362856519
20240221,23315690,141.45,142.69,140.675,142.55,142.58,144.602,145.75825,142.65845947998028,143.88336384043563,143.88990145308873,-0.006537612653090719,0.822135313792943,55.83055687767733,30.57375800935771,40.20210175549603
20240222,27191890,144.93,145.0,142.8,144.09,142.20999999999998,144.45700000000002,145.52775,143.1356396533202,143.91515401883015,143.90472356767475,0.010430451155400533,0.6597943412654346,56.81712424383436,35.7928905992033,38.732364703398446
20240223,19493750,143.67,144.68,143.43,143.96,142.448,144.262,145.13225,143.4104264355468,143.92205340054858,143.90881811821737,0.013235282331208964,0.5304825294785894,53.87254901960787,38.99651315044228,38.82041418574639
20240226,53641800,142.14,142.44,137.39,137.57,141.858,143.119,144.4015,141.46361762369787,142.94481441584878,143.43927603538646,-0.49446161953767387,0.3254936996753368,38.0149078069831,26.644227157766146,34.76168517641964
20240227,33099190,138.02,139.25,137.09,138.88,141.41,142.254,143.67000000000002,140.60241174913193,142.31945835187204,143.1015518846171,-0.7820935327450513,0.10397625319125917,40.10614101592116,24.09014224798404,31.20450420027444
20240228,37328560,137.9,138.01,135.41,136.38,140.17600000000002,141.37800000000001,142.916,139.19494116608797,141.40569552850712,142.60365915242323,-1.1979636239161096,-0.15641172223021457,33.30903790087466,19.431662437133603,27.280223612560825
20240229,42132950,137.28,138.86,136.4,138.46,139.05,140.63000000000002,142.834,138.949960777392,140.95251160104448,142.29672143742891,-1.3442098363844366,-0.39397134506105896,37.22126929674103,23.55576244505469,26.038736556725443
20240301,31151120,138.43,138.87,136.92,137.14,137.68599999999998,140.067,142.633,138.34664051826132,140.36597135472994,141.91474207169344,-1.548770716963503,-0.6249312194415478,28.34185536888242,21.717049833025648,24.598174315492177
20240304,55999420,135.66,135.66,131.91,133.35,136.84199999999998,139.35,142.1815,136.68109367884088,139.28659114630995,141.28031673304946,-1.9937255867395152,-0.8986900929011414,26.12794612794616,18.14495453599723,22.447101055660525
20240305,40194760,131.88,133.24,130.665,132.67,135.59999999999997,138.505,141.631,135.3440624525606,138.26865404687763,140.6425154935643,-2.373861446686675,-1.1937243636582482,27.724187209717797,16.758884933078477,20.55102901479984
20240306,35318610,133.12,133.58,130.85,131.4,134.60399999999998,137.39000000000001,140.996,134.02937496837373,137.21193803966568,139.95788471626324,-2.745946676597555,-1.5041688262461097,24.455375966268477,12.920716962164132,18.00759166392127
20240307,37738210,132.795,134.94,131.61,134.38,133.788,136.41899999999998,140.438,134.14624997891582,136.7762552643325,139.54470807061412,-2.76845280628163,-1.757025622253214,35.16094800141491,19.13044258907192,18.381875305638154
20240308,39370390,134.21,138.085,134.0,135.41,133.442,135.56400000000002,139.913,134.5674999859439,136.56606214674287,139.23843339871678,-2.672371251973914,-1.940094748197354,40.55452865064692,31.177235459303624,22.646995356859975
20240311,32437770,136.13,139.095,136.13,137.67,134.30599999999998,135.57399999999998,139.3465,135.60166665729594,136.73589873955166,139.12225314696,-2.3863544074083336,-2.02934668003955,43.99164054336465,48.483518775953264,31.25916982989107
20240312,27563350,137.03,139.375,137.03,138.5,135.472,135.536,138.89499999999998,136.56777777153064,137.00729893346679,139.07616032125927,-2.068861387792481,-2.037249621590136,42.79615795090714,62.30703777562594,41.608459145136024
20240313,23347210,139.0,141.09,138.99,139.79,137.15,135.877,138.6275,137.64185184768712,137.4354067898565,139.12903733449932,-1.693630544642815,-1.9685258062006716,42.28284278535533,70.71468385681214,51.310534049028064
20240314,42753390,141.19,143.585,140.455,143.1,138.89399999999998,136.34099999999998,138.4855,139.46123456512476,138.3068826683401,139.42318271712898,-1.1163000487888723,-1.7980806547183117,48.61469072164946,79.22516591486131,60.61541133763914
20240315,49475420,142.5,143.18,140.03,141.18,140.048,136.745,138.406,140.03415637674985,138.7489007193647,139.553317330675,-0.8044166113102733,-1.599347846036704,56.79337598795636,79.94526024871043,67.05869430799623
20240318,69273700,148.61,152.15,147.17,147.68,142.05,138.17799999999997,138.76399999999998,142.58277091783324,140.1229159933086,140.15529382469907,-0.032377831390476786,-1.2859538431074586,63.85390428211589,79.63486833482104,71.25075231693783
20240319,24070440,148.16,148.7913,146.08,147.03,143.756,139.614,139.0595,144.06518061188885,141.18554430203034,140.6645313191658,0.5210129828645336,-0.9245604779130603,67.8034102306921,78.11425496907574,73.53858653431713
20240320,21311500,148.0,148.86,146.735,148.74,145.546,141.348,139.36899999999997,145.62345374125925,142.34776825556412,141.26271418441277,1.0850540711513474,-0.5226375681001788,67.40013540961408,79.14687705009091,75.40801670624172
20240321,24755600,149.47,150.37,146.9001,147.6,146.446,142.67000000000002,139.54450000000003,146.28230249417285,143.15580390855425,141.73214276334517,1.4236611452090813,-0.13337782543832677,67.81335149863762,76.63058553235355,75.815539648279
20240322,29211770,149.12,151.58,148.98,150.77,148.36399999999998,144.206,139.88500000000002,147.77820166278192,144.3272186918536,142.40161366976406,1.9256050220895418,0.2784187440672469,80.30619345859431,81.37806231257433,77.66971386971078
20240325,19229290,149.94,150.375,147.82,150.07,148.842,145.44599999999997,140.51,148.5421344418546,145.21072350849153,142.96964228681858,2.2410812216729425,0.6709512395883861,80.25034770514603,82.31688450017616,79.21877074653256
20240326,22149140,150.22,152.256,149.98,150.67,149.57,146.663,141.09949999999998,149.25142296123641,146.05061219949283,143.54003915446165,2.5105730450311796,1.0388756006769448,84.30046279814874,83.88713833355979,80.77489327554163
20240327,22879180,151.18,151.635,148.9,150.87,149.996,147.77100000000002,141.82399999999998,149.7909486408243,146.79205647649394,144.0829992170941,2.7090572593998274,1.3729119324215215,82.57605689450804,85.47926022499058,82.34301559202461
20240328,24485390,150.85,151.43,150.17,150.93,150.66199999999998,148.554,142.44750000000002,150.17063242721622,147.42866317241794,144.59018446027233,2.8384787121456156,1.6660252883663405,81.88167625308128,83.16277106536506,82.61626741647143
20240401,31730850,150.69,155.74,150.61,155.49,151.606,149.98499999999999,143.36499999999998,151.9437549514775,148.6688688381998,145.39757820395587,3.2712906342439396,1.9870783575418605,83.4459459459459,87.91251680410122,84.38168387901469
20240402,24585990,153.5,154.7,152.15,154.56,152.504,150.673,144.4255,152.81583663431834,149.575196709246,146.07627611477395,3.498920594472054,2.2894468049278993,80.02991772625273,87.57373413443872,85.4457006308227
20240403,24704990,153.6,155.08,152.73,154.92,153.35399999999998,151.462,145.53799999999998,153.5172244228789,150.39747413859277,146.73136677293886,3.6661073656539145,2.5647789170731023,79.31034482758614,88.6237817452704,86.50506100230527
20240404,34724740,153.5,154.77,150.45,150.53,153.286,151.641,146.4945,152.52148294858594,150.41786273265544,147.01274701198042,3.4051157206750133,2.7328462777934845,63.815544812197835,70.48824506923752,81.16612235794935
20240405,23459250,150.03,153.42,149.6,152.5,153.6,152.131,147.40050000000002,152.51432196572398,150.73819154301614,147.4192101962782,3.3189813467379565,2.850073291582379,71.00965107646616,66.68913307646136,76.34045926412001
20240408,20701970,152.78,155.27,152.61,154.85,153.47199999999998,152.53900000000002,148.3725,153.29288131048264,151.3707774594752,147.96963907062795,3.4011383888472437,2.9602863110353526,65.7305835892935,73.45552341549659,75.37881398124554
20240409,31113010,156.085,158.56,155.19,156.6,153.88,153.192,149.31900000000002,154.39525420698843,152.17527323494053,148.60892506539625,3.566348169544284,3.081498682737139,70.02930096274588,75.54039725284309,75.43267507177805
20240410,22838630,156.21,156.61,154.68,156.14,154.124,153.73899999999998,150.201,154.97683613799228,152.78523119879583,149.16678246795948,3.6184487308363487,3.188888692356981,66.34275618374551,74.69062197808582,75.1853240405473
20240411,27166430,156.91,159.68,156.46,159.41,155.89999999999998,154.59300000000002,151.18200000000002,156.4545574253282,153.80442639898106,149.9255393221847,3.87888707679636,3.326888369244857,73.83932176019374,82.2342241758667,77.53495741898709
20240412,25353750,157.96,160.2225,157.14,157.73,156.946,155.273,151.9135,156.8797049502188,154.40836079913782,150.5036475205414,3.9047132785964322,3.4424533511151725,64.94845360824736,80.33470126669137,78.46820536822185
20240415,27136470,158.86,159.24,154.59,154.86,156.948,155.20999999999998,152.5975,156.20646996681256,154.47784375311662,150.82634029679758,3.651503456319034,3.484263372155945,59.410609037328136,70.06231202356193,75.66624092000187
20240416,20779500,154.19,155.65,153.43,154.4,156.50799999999998,155.19400000000002,152.9335,155.6043133112084,154.46586779109867,151.09105583036813,3.37481196073054,3.462373089870864,57.36862900039514,61.77057563161761,71.03435249054044
20240417,21763130,155.62,157.08,154.58,155.47,156.374,155.249,153.3555,155.55954220747228,154.62034966939117,151.4154220651557,3.204927604235479,3.4108839927437873,58.785332314744075,59.60040415136789,67.22303637748291
20240418,19883040,155.34,156.94,154.62,156.01,155.69400000000002,155.797,153.719,155.70969480498152,154.8341420279464,151.75576117144047,3.0783808565059303,3.344383365496216,59.52738184546134,54.62139696571755,63.02248990689445
20240419,32615640,156.2,156.36,152.3,154.09,154.966,155.956,154.0435,155.16979653665436,154.71965863903156,151.92866775133376,2.7909908876978022,3.2337048699365334,47.08576186511239,43.94555737548308,56.66351239642399
20240422,26446210,154.31,157.64,154.06,156.28,155.25,156.099,154.319,155.5398643577696,154.95971115610365,152.25098865864237,2.708722497461281,3.1287083954414827,53.40189873417722,46.042594156496435,53.12320631644813
20240423,21151570,156.96,158.97,156.28,158.26,156.022,156.26500000000001,154.7285,156.44657623851307,155.46744790131848,152.69610060985403,2.7713472914644512,3.0572361746460768,56.20817843866173,55.77132236918839,54.00591166736155
20240424,22779110,157.49,159.565,157.165,159.13,156.754,156.56400000000002,155.1515,157.34105082567538,156.03091745496178,153.17268574986485,2.8582317050969266,3.017435280736247,68.3917878528657,65.91760189080844,57.97647507517718
20240425,57109730,151.33,156.49,150.87,156.0,156.752,156.223,155.40800000000002,156.8940338837836,156.0261609234292,153.38211643506003,2.644044488369161,2.94275712226283,57.13121434392829,63.61154291282955,59.854831021061294
20240426,64665300,174.37,174.71,169.65,171.95,160.32399999999998,157.645,156.459,161.91268925585575,158.47598231982468,154.75751521764818,3.718467102176504,3.097899118245565,72.41740954378606,71.88196820586843,63.86387674933034
20240429,45610020,169.058,169.55,165.21,166.15,162.298,158.774,156.99200000000002,163.3251261705705,159.65660042446706,155.60140297930386,4.055197445163202,3.2893587836290923,61.31784783123965,69.28596538109349,65.67123962658471
20240430,33562860,165.612,168.1,162.6,162.78,163.202,159.612,157.403,163.14341744704703,160.1371234360875,156.13315090676284,4.00397252932467,3.4322815327682084,57.36141906873616,62.84332815115404,64.72860246810781
20240501,33493150,164.3,167.12,163.09,163.86,164.148,160.451,157.85,163.38227829803137,160.70987367668943,156.7055100988545,4.004363577834937,3.5466979417815545,55.185271498485235,60.05830377862171,63.17183623827911
20240502,24294550,164.785,166.73,163.89,166.62,166.272,161.512,158.65449999999998,164.46151886535426,161.61912388027565,157.43991675819862,4.179207122077031,3.67319977784065,60.10456922027738,62.06068126628472,62.80145124761431
20240503,34662430,167.56,167.96,163.05,167.24,165.33,162.827,159.3915,165.38767924356952,162.48387405254095,158.16584885018392,4.318025202357035,3.802164862743927,64.82989937709632,64.26248997170659,63.288464155645066
20240506,21871280,167.46,168.14,166.03,168.1,165.72,164.009,160.054,166.2917861623797,163.3478934290731,158.90171189831844,4.4461815307546715,3.930968196346076,66.25533934504035,66.93282329209967,64.50325053446326
20240507,28039700,168.5,171.76,168.39,171.25,167.41400000000002,165.308,160.7865,167.94452410825315,164.56360213229263,159.8163999058504,4.7472022264422264,4.094215002365306,67.84260515603802,73.11740792180245,67.37463633024299
20240508,19569150,169.0,170.15,168.735,169.38,168.518,166.333,161.44850000000002,168.42301607216876,165.30458641963222,160.52481472763924,4.779771691992977,4.231326340290841,64.67618002195391,67.40720120743337,67.38549128930646
20240509,15346700,169.39,170.69,168.18,169.96,169.186,167.72899999999998,161.976,168.93534404811254,166.02080389353495,161.2237173404067,4.797086553128253,4.344478382858323,67.9484279574757,71.72124913101095,68.83074390320795
20240510,29799930,168.025,169.85,166.19,168.65,169.46800000000002,167.399,162.522,168.8402293654084,166.42529560222187,161.77381235222842,4.651483249993447,4.405879356285348,64.2741749365336,69.83017773217328,69.16388851286305
20240513,31327600,164.26,169.28,164.0,169.14,169.676,167.698,163.23600000000002,168.94015291027227,166.84294243264927,162.319455881693,4.523486550956278,4.429400795219535,63.0019120458891,69.85999602351541,69.39592434974716
20240514,25127140,169.77,171.25,168.8,170.34,169.494,168.454,164.033,169.4067686068482,167.38095128916476,162.91357026082684,4.467381028337911,4.436996841843211,63.29143941190421,74.47229738728049,71.0880486955916
20240515,26948370,170.63,172.65,170.51,172.51,170.11999999999998,169.31900000000002,164.885,170.44117907123214,168.1700357062163,163.624416908173,4.545618798043307,4.45872123308323,70.03154574132492,82.49542048040917,74.89050595719745
20240516,27867950,173.29,175.115,172.69,174.18,170.964,170.075,165.7935,171.68745271415477,169.09464559756765,164.40631195201206,4.688333645555588,4.504643715577702,54.14036390642409,85.52626172678049,78.43575788039179
20240517,24479260,174.18,176.265,173.69,176.06,172.446,170.957,166.892,173.1449684761032,170.16623858255724,165.26954810371487,4.896690478842373,4.583053068230637,71.53411560191219,89.79370023530171,82.22173866536176
20240520,22554400,176.192,178.77,176.08,176.92,174.002,171.839,167.924,174.40331231740214,171.20527880062536,166.13254454047672,5.07273426014865,4.68098930661424,84.48780487804875,89.02067038932093,84.48804924001482
20240521,16989370,176.9,178.15,175.81,177.85,175.504,172.499,168.90349999999998,175.55220821160145,172.22754360052915,167.0005042041451,5.227039396384043,4.790199324568201,84.37346437346434,90.60416617694739,86.526754885659
20240522,17880040,176.644,177.15,175.21,176.38,176.27800000000002,173.199,169.766,175.82813880773432,172.86638304660158,167.69528167050473,5.171101376096857,4.866379734873933,75.60335781741865,88.34229449034133,87.13193475388644
20240523,21024940,177.07,178.25,172.95,173.55,176.152,173.558,170.6435,175.06875920515623,172.97155488558593,168.1289645097266,4.842590375859345,4.861621863071015,64.83309826046076,80.44755990170805,84.9038098031603
20240524,16579440,174.98,175.77,173.65,174.99,175.93800000000002,174.192,170.7955,175.04250613677084,173.2820849031881,168.63718936085795,4.644895542330147,4.818276598922841,65.76659038901605,74.32712619324835,81.3782485998563
20240528,20572160,174.45,177.27,174.365,176.4,175.834,174.918,171.308,175.4950040911806,173.76176414885146,169.21221237116475,4.549551777686702,4.764531634675613,62.80457483838889,73.32058614658848,78.6923611154337
20240529,23388690,175.43,176.836,174.72,175.9,175.44400000000002,175.474,171.964,175.63000272745373,174.09072351056662,169.70760404737476,4.383119463191861,4.688249200378863,67.39594450373536,66.47907497491863,74.621265735262
20240530,22958680,175.2,175.22,171.79,172.11,174.59,175.434,172.37650000000002,174.45666848496916,173.7859968166333,169.88555930312478,3.900437513508507,4.530686863004791,54.8974943052392,45.84755905682264,65.0300301757822
20240531,37638880,171.86,173.06,169.44,172.5,174.38000000000002,175.266,172.6705,173.80444565664612,173.58815115253586,170.07922157696737,3.5089295755684873,4.326335405517531,59.15359010936758,41.49751525545946,57.18585853567462
20240603,27459120,172.54,174.525,171.16,173.17,174.01600000000002,174.977,172.967,173.59296377109743,173.52382020599188,170.30816812682164,3.2156520791702405,4.104198740248073,59.500235737859526,41.777760832432634,52.04982596792729
20240604,26879600,173.28,173.845,171.89,173.79,173.494,174.66400000000002,173.25150000000002,173.65864251406498,173.56477094353158,170.56608159890894,2.9986893446226475,3.8830968611229877,58.36160930683471,44.310410361992524,49.47002076594903
20240605,22068520,175.2,176.645,173.9339,175.41,173.396,174.42000000000002,173.4595,174.24242834271,173.84865233683442,170.92489036936013,2.9237619674742916,3.6912298823932486,57.22111553784863,52.12824179259584,50.356094441497966
20240606,23251010,175.895,177.15,175.75,176.73,174.32,174.455,173.827,175.07161889514003,174.29193659270604,171.35489849014826,2.9370381025577785,3.5403915264261547,56.46224024328432,65.78664395368449,55.499610945560136
20240607,19661400,177.05,177.87,174.3,174.46,174.712,174.546,174.052,174.86774593009338,174.3177925015205,171.58490600939655,2.732886492123953,3.3788905195657146,46.02385685884692,63.70750561720526,58.23557583610851
20240610,23779220,174.97,177.06,172.76,175.01,175.07999999999998,174.54799999999997,174.36999999999998,174.9151639533956,174.42428596282502,171.83861667536718,2.585669287457847,3.2202462731441415,45.179202423018666,64.4961860302918,60.32244590083627
20240611,21540580,176.22,176.84,173.7701,176.62,175.64600000000002,174.57,174.744,175.48344263559707,174.7620881223904,172.19279321793258,2.56929490445782,3.0900559994068773,46.998535871156676,71.38812560184736,64.0110058011733
20240612,27864740,178.25,180.41,176.11,177.79,176.122,174.759,175.1165,176.25229509039806,175.22792071894574,172.60740112771535,2.6205195912303907,2.99614871777158,53.49182763744429,72.96431102110394,66.9954408744835
20240613,20913300,176.11,176.74,174.88,175.16,175.808,175.06400000000002,175.249,175.88819672693205,175.21747137756947,172.79648252566236,2.4209888519071114,2.8811167445986863,54.02701350675335,63.0572884284837,65.68272339248357
20240614,18063560,174.22,177.0623,174.15,176.79,176.27399999999997,175.493,175.3795,176.1887978179547,175.4593988579434,173.09229863487255,2.3671002230708496,2.778313440293119,54.45986124876113,61.208771315389754,64.1914060334523
20240617,19618500,175.46,178.36,174.81,177.24,176.71999999999997,175.9,175.43849999999998,176.53919854530315,175.73333749518287,173.39953577303015,2.333801722152714,2.6894110966650384,52.18522372528617,60.32654471134922,62.9031189260846
20240618,21869860,177.14,177.385,174.1042,175.09,176.414,176.03,175.347,176.05613236353543,175.63436249592397,173.5247553453983,2.109607150525676,2.573450307437166,48.05941542884523,50.37020192085595,58.72547992434171
20240620,20160090,175.37,177.29,174.99,176.3,176.116,176.11899999999997,175.26950000000002,176.1374215756903,175.73676826578182,173.73032902351693,2.0064392422648893,2.460048094402711,61.45434663750685,49.00497121521123,55.485310354631544
20240621,58582740,177.0,180.85,176.61,179.63,177.01000000000002,176.40900000000002,175.43200000000002,177.30161438379355,176.3357269941231,174.1673416884416,2.1683853056814826,2.4017155366584655,66.79227508243054,60.976532108039464,57.31571760576752
20240624,18298010,180.16,180.89,178.67,179.22,177.496,176.88500000000002,175.7155,177.94107625586236,176.77946130271954,174.54161267448296,2.237848628236577,2.368942154974088,64.42536957558421,66.16589286891019,60.265776026815075
20240625,23235590,179.62,184.29,179.42,184.03,178.85399999999998,177.787,176.16750000000002,179.97071750390825,177.89492879460883,175.2444561800768,2.6504726145320205,2.4252482468856744,70.34976152623216,76.59307084923101,65.70820763428705
20240626,19838970,182.63,184.51,182.48,183.88,180.61200000000002,178.51299999999998,176.54149999999998,181.27381166927216,178.8157089800536,175.8841260926637,2.931582887389908,2.526515174986521,67.87674124103,82.37727527871817,71.26456351576408
20240627,18848880,184.18,186.05,184.02,185.41,182.434,179.275,177.017,182.6525411128481,179.83021529081458,176.58974638209602,3.2404689087185545,2.669305921732928,68.15899581589962,86.46567301336094,76.33160001496303
20240628,29156640,184.32,185.13,181.96,182.15,182.938,179.974,177.51899999999998,182.48502740856543,180.18710524607388,177.00161702045926,3.1854882256146198,2.7725423825092665,65.44797107271998,80.09462944761657,77.58594315918087
20240701,16006130,183.03,183.88,181.3,182.99,183.692,180.594,178.0435,182.6533516057103,180.61831982360098,177.4452009448697,3.1731188787312874,2.8526576817536706,65.84590945194603,78.19118710929577,77.7876911425525
20240702,17372490,182.05,185.57,181.56,185.24,183.934,181.394,178.647,183.5155677371402,181.329347543047,178.02259346747195,3.306754075575043,2.943476960517945,66.69248644461659,83.01956174977764,79.53164801162754
20240703,10242130,184.85,186.09,184.0,185.82,184.322,182.467,179.24849999999998,184.28371182476013,182.020217151809,178.60017913654812,3.4200380152608716,3.0387891714665303,65.91359492667459,87.73034074457746,82.2645455892775
20240705,20967450,185.855,190.86,185.8,190.6,185.35999999999999,183.897,180.00799999999998,186.38914121650677,183.3401837438384,179.4890547560631,3.851128987775297,3.2012571347282837,78.19576333089847,91.10926189097064,85.21278435650855
20240708,21035890,189.895,190.17,187.78,189.03,186.73600000000002,184.837,180.623,187.2694274776712,184.21554009094018,180.19579144079918,4.019748650140997,3.3649554378108264,72.40117130307469,88.74067342847924,86.38874738049877
20240709,15141310,190.31,191.36,188.72,188.98,187.93400000000003,185.813,181.349,187.8396183184475,184.9485339231032,180.84647355629554,4.102060366807677,3.512376423610197,71.80534918276372,84.60776505569913,85.79508660556556
20240710,15952450,189.15,191.75,189.03,191.18,189.122,186.528,182.1575,188.95307887896502,185.90722101185656,181.61191995953288,4.29530105232368,3.6689613493528936,79.82944011865035,87.92032821895096,86.50350047669403
20240711,25625780,189.845,190.86,185.08,185.57,189.07199999999997,186.697,182.605,187.82538591931,185.85534085618633,181.90511107364156,3.950229782544767,3.7252150359912686,64.77526299011791,72.23396681901352,81.74698925746719
20240712,22898410,185.08,187.11,184.49,185.07,187.966,186.663,182.969,186.9069239462067,185.7345191860038,182.13954729040884,3.5949718955949663,3.6991664079120086,59.530483531885054,60.18149622065012,74.55849157852816
20240715,16474040,184.92,188.24,184.92,186.53,187.46599999999998,187.101,183.5375,186.78128263080447,185.85690084969553,182.46476600963783,3.3921348400577074,3.6377600943411488,62.352145995268664,56.37876653506213,68.49858323070615
20240716,18290720,187.36,188.68,183.3736,183.92,186.454,187.194,183.894,185.82752175386963,185.55891610358853,182.57256112003503,2.986354983553497,3.5074790721836187,49.799196787148574,39.76020724927918,58.919124570230494
20240717,20734070,182.965,183.55,179.9,181.02,184.422,186.772,184.08300000000003,184.22501450257977,184.86062131842107,182.45755659262502,2.4030647257960425,3.2865962029061038,45.25547445255477,29.657297097269115,49.165182079243365
20240718,25315730,181.93,182.5,176.47,177.69,182.84599999999998,185.959,184.21300000000002,182.04667633505318,183.75744880789475,182.10440425243058,1.653044555464163,2.959885873417716,37.91484032561053,22.43296246275183,40.254442207079514
20240719,18881890,178.88,180.29,177.13,177.66,181.36399999999998,184.66500000000002,184.281,180.58445089003547,182.81937976052632,181.7751891226209,1.044190637905416,2.5767468263152558,42.18042493904563,17.55129434689563,32.68672625368488
20240722,24100350,180.59,182.7,180.23,181.67,180.392,183.929,184.38299999999998,180.94630059335697,182.64255210506073,181.76739733576008,0.8751547693006501,2.236428414912335,47.929736511919664,23.04466743545221,29.472706647607325
20240723,36352710,182.05,183.61,181.54,181.79,179.96599999999998,183.20999999999998,184.5115,181.22753372890466,182.51139024274372,181.76907160718525,0.7423186355584619,1.9376064590415603,44.201680672268886,27.68648433616663,28.877299210460425
20240724,49585200,173.6,176.19,171.82,172.63,178.28799999999998,181.355,183.9415,178.3616891526031,180.99117635924466,181.09210333998635,-0.10092698074168993,1.5298997710849103,32.79415601356641,20.05907971165557,25.937892710858804
20240725,44851970,172.52,173.42,167.19,167.28,176.206,179.526,183.1115,174.66779276840208,178.88176461166856,180.06898457406143,-1.1872199623928736,0.9864758243893537,20.025706940874073,13.5123196216373,21.796035014451636
20240726,41336890,167.15,168.09,164.06,167.0,174.07399999999998,177.719,182.19099999999997,172.1118618456014,177.053800825258,179.1009116426495,-2.0471108173914843,0.3797584960331861,20.712576442435562,12.98871673665611,18.86026225518646
20240729,20293820,168.83,170.43,167.99,169.53,171.64600000000002,176.01899999999998,181.56,171.25124123040095,175.89629300598753,178.39195522467546,-2.495662218687926,-0.19532564691103627,25.742080319281655,17.98565770508531,18.568727405152742
20240730,18959690,170.24,171.2299,168.44,170.29,169.346,174.656,180.925,170.93082748693396,175.03378638968175,177.79181039321801,-2.7580240035362635,-0.7078653182360817,22.97542043984474,22.61277436093494,19.91674305708014
20240731,25729090,173.24,174.245,170.01,171.54,169.128,173.708,180.24,171.13388499128934,174.49628079126916,177.32871332705372,-2.8324325357845623,-1.1327787617457779,29.542140565762608,27.82880609569573,22.554097403285336
20240801,24531390,170.25,174.05,168.88,170.76,169.824,173.01500000000001,179.487,171.00925666085956,173.92146836184313,176.84214196949418,-2.9206736076510538,-1.4903577309268332,29.302863754700596,29.97623731187897,25.028144039483212
20240802,29130100,166.44,168.51,164.67,166.66,169.756,171.915,178.29000000000002,169.55950444057305,172.804319383098,176.08790923101313,-3.283589847915124,-1.8490041543244913,23.3001881214727,24.417235786776928,24.824507955247782
20240805,53630670,155.5,164.43,154.93,159.25,167.7,169.673,176.801,166.12300296038205,170.719039478006,174.84065669538253,-4.121617217376524,-2.303526766934898,20.637943346822183,23.051440352050086,24.233485420848545
20240806,49004560,159.33,160.57,156.41,158.29,165.3,167.323,175.2665,163.51200197358804,168.8068795583128,173.6146821253542,-4.807802567041392,-2.804381926956197,21.637135013725953,21.16622902406926,23.211066621922114
20240807,25138570,161.25,162.98,158.47,158.94,162.78,165.954,173.6545,161.98800131572537,167.28889808780315,172.52766863458723,-5.238770546784082,-3.291259650921774,24.926450922706607,21.031174858914394,22.484436034252873
20240808,25578840,160.51,163.69,160.21,162.03,161.034,165.429,172.4775,162.00200087715027,166.47983684352573,171.75006355054373,-5.270226707017997,-3.6870530621410187,30.679851668726826,26.27378177236798,23.74755128029124
20240809,28602290,160.01,163.79,159.06,163.67,160.436,165.096,171.4075,162.55800058476683,166.0475542522141,171.15154032457752,-5.103986072363426,-3.9704396641855007,26.36554621848738,32.599123131703735,26.698075230762072
20240812,15895290,164.35,164.9,161.84,162.29,161.044,164.372,170.19549999999998,162.46866705651124,165.4694689826427,170.49512993016438,-5.025660947521686,-4.181483920852738,25.216065073716308,34.434448642293795,29.276866367939313
20240813,18551690,163.41,164.73,162.97,164.16,162.21800000000002,163.75900000000001,169.20749999999998,163.03244470434083,165.2680122160823,170.0258610464485,-4.757848830366214,-4.296756902755433,36.78627145085803,39.04765195399779,32.533794896625466
20240814,40591130,162.4,163.22,157.71,160.37,162.504,162.642,168.175,162.14496313622723,164.51447187514657,169.31061208004493,-4.796140204898364,-4.39663356318402,38.66841587405706,39.38473802333285,34.81744260552793
20240815,31524250,160.5,161.635,159.61,161.3,162.358,161.69599999999997,167.35549999999998,161.86330875748484,164.01993774050865,168.717233407449,-4.6972956669403345,-4.456765983935283,40.84778420038537,47.553717023913656,39.062867411656505
20240816,24208650,161.47,165.06,161.13,162.96,162.21599999999998,161.326,166.6205,162.2288725049899,163.856870395815,168.29077167356388,-4.433901277748873,-4.452193042698002,39.14767096134787,56.943325800142844,45.02302020781862
20240819,22416190,165.28,166.69,164.26,166.67,163.092,162.068,165.8705,163.70924833665993,164.28965956568962,168.17071451255913,-3.8810549468695115,-4.337965423532304,44.55147501505116,71.22131148368835,53.75578396644186
20240820,18341530,166.9,168.64,166.82,167.18,163.696,162.95700000000002,165.14,164.8661655577733,164.7343273248143,168.09732825236955,-3.363000927555248,-4.1429725243368924,43.2881773399015,76.36163065060778,61.29106619449716
20240821,22902000,165.15,166.85,164.67,165.85,164.792,163.648,164.801,165.19411037184886,164.90596927484287,167.93085949293476,-3.0248902180918833,-3.919356063087891,42.56736300333031,75.73239542611425,66.1048426050362
20240822,22493280,167.26,167.59,163.31,163.8,165.292,163.825,164.627,164.7294069145659,164.7358201556363,167.62486990086552,-2.889049745229215,-3.713294799516156,45.38411878631377,69.06099920752848,67.09022813920029
20240823,13955740,164.72,166.18,163.83,165.62,165.824,164.02,164.558,165.0262712763773,164.87184782399993,167.47636101931994,-2.60451319532001,-3.491538478676927,62.544308782985446,70.1638744335643,68.11477690398829
20240826,14190420,166.38,167.55,164.455,166.16,165.72200000000004,164.40699999999998,164.3895,165.4041808509182,165.0700250818461,167.3788527956666,-2.308827713820506,-3.254996325705643,65.75891069283142,72.5459681341176,69.59184064736472
20240827,11821940,165.835,166.4426,164.46,164.68,165.222,164.459,164.10899999999998,165.1627872339455,165.01002122310055,167.17893777376537,-2.168916550664818,-3.0377803706974786,61.124031007751974,67.0793718900762,68.75435106160188
20240828,16407440,165.035,165.6,161.5284,162.85,164.622,164.707,163.6745,164.3918581559637,164.67771026570048,166.8582757164494,-2.1805654507489294,-2.866337386707769,51.67074164629176,52.35384668393008,63.28751626904461
20240829,19699770,164.31,165.97,160.25,161.78,164.21800000000002,164.75500000000002,163.2255,163.52123877064247,164.23190868636195,166.48210714486055,-2.250198458498602,-2.7431096010659357,46.05757196495622,40.98122953342658,55.852087357171925
20240830,22123810,162.615,163.66,161.6925,163.38,163.77,164.797,163.0615,163.47415918042833,164.10084581153703,166.25232143042643,-2.151475618889407,-2.62478280463063,52.25299710624226,39.75625870365109,50.48681113933164
20240903,38945300,161.72,161.85,156.48,157.36,162.01000000000002,163.86599999999999,162.96699999999998,161.43610612028556,163.0637926097621,165.59363095409856,-2.5298383443364685,-2.6057939125717975,38.002822865208195,29.144436495503435,43.372686258055566
20240904,19353760,156.655,159.0,155.9616,156.45,160.36399999999998,162.793,162.875,159.77407074685703,162.04628605441405,164.91632495749866,-2.8700389030846054,-2.6586429106743594,42.30164964650428,20.829644969460478,35.8583391618572
20240905,18688750,156.3,159.45,155.9805,157.24,159.24200000000002,161.932,162.79,158.9293804979047,161.30685743065806,164.34770829398025,-3.0408508633221913,-2.735084501203926,41.982622432859394,17.563670438489986,29.760116254068127
20240906,37912130,157.3,157.83,150.55,150.92,157.07,160.644,162.2345,156.25958699860314,159.70887936440295,163.3530632351669,-3.6441838707639533,-2.9169043751159314,29.91994663108737,12.434603821738374,23.984945443291544
20240909,39260450,152.51,153.4,147.215,148.71,154.13600000000002,158.953,161.4865,153.74305799906878,158.01674407757173,162.2683918844138,-4.251647806842072,-3.1838530614611598,18.46910112359555,10.881496336615317,19.617129074399468
20240910,31118770,150.45,151.27,148.34,148.66,152.39600000000002,157.203,160.805,152.04870533271253,156.57724498871454,161.2603628559387,-4.683117867224155,-3.483706022613759,16.95217701641684,9.82253492555656,16.352264358118497
20240911,29607690,149.92,151.5,147.52,151.16,151.338,155.851,160.15500000000003,151.75247022180835,155.74382268275846,160.51218782957287,-4.7683651468144035,-3.7406378474538884,24.837273038711885,13.559820226741776,15.421449647659589
20240912,29695050,153.8,154.82,152.65,154.69,150.82800000000003,155.03500000000003,159.871,152.73164681453892,155.58169611618024,160.08091465701193,-4.499218540831691,-3.892353986129449,35.14835343984349,24.191395302676327,18.3447648659985
20240913,29591150,155.43,158.38,155.21,157.46,152.136,154.603,159.679,154.30776454302594,155.8706659444602,159.8867728305666,-4.0161068861063995,-3.9171045661248396,37.09677419354841,39.46206902424182,25.383866252079606
20240916,18379780,157.31,158.25,156.6,158.06,154.00600000000003,154.071,159.43400000000003,155.55850969535064,156.20748656838938,159.7514563245987,-3.5439697562093215,-3.8424776041417363,37.215909090909115,55.85442934268352,35.54072061561424
20240917,20715610,159.02,160.55,158.375,159.32,156.13799999999998,154.267,159.0665,156.81233979690043,156.68633478863717,159.71949659685066,-3.0331618082134923,-3.6806144449560874,41.48124602670057,67.4950038887481,46.19214837332552
20240918,23677320,159.86,160.5,158.595,159.81,157.868,154.603,158.698,157.8115598646003,157.16689866730837,159.7262005526395,-2.559301885331138,-3.4563519330310974,44.95351925630813,76.48023381359607,56.288176853415706
20240919,26587730,163.71,163.79,161.34,162.14,159.358,155.09300000000002,158.5125,159.25437324306688,157.93199118003017,159.90500051170324,-1.9730093316730688,-3.1596834127594917,50.57361376673038,81.00190549865678,64.52608640182939
20240920,40896440,163.5,163.73,162.06,163.59,160.584,156.35999999999999,158.502,160.69958216204458,158.80245407541014,160.17796343676224,-1.3755093613521012,-2.8028486024780137,50.33621517771375,86.9248515657917,71.99234145648349
20240923,24150850,164.35,165.49,161.67,161.85,161.34199999999998,157.674,158.3135,161.0830547746964,159.2713072945778,160.30181799700208,-1.030510702424266,-2.448381022467264,58.33024118738398,84.5312403130134,76.17197440866012
20240924,23332150,163.03,163.2158,160.69,162.29,161.936,159.037,158.11999999999998,161.48536984979762,159.73572155695047,160.4490907379649,-0.7133691810144285,-2.1013786541766972,61.02719033232627,81.38012074865478,77.90802318865833
20240925,18869200,161.47,162.81,161.3,161.49,162.272,160.07,157.9605,161.48691323319844,160.00561054818886,160.52619512774527,-0.520584579556413,-1.7852198392526406,58.021895054737634,74.61657855357788,76.81087497696484
20240926,20319340,163.64,164.08,162.28,162.73,162.39,160.874,157.9545,161.90127548879894,160.42474738692903,160.68943993309747,-0.2646925461684475,-1.4811143806358023,77.58056982718361,72.72901262401999,75.45025419264988
20240927,21101310,162.81,165.7,162.6261,163.95,162.462,161.52299999999997,158.063,162.5841836591993,160.96709394278608,160.9309629010162,0.03613104176989168,-1.1776652961546636,87.3163565132223,73.85574675503491,74.91875171344489
20240930,20481300,163.32,166.15,163.26,165.85,163.262,162.302,158.18649999999997,163.67278910613288,161.71831025928054,161.29533601945943,0.4229742398211158,-0.8575373889595077,88.59452177817695,81.2468710994298,77.02812484210652
20241001,28338120,167.685,169.16,164.58,166.99,164.202,163.06900000000002,158.668,164.77852607075528,162.52933945016045,161.71716298098096,0.8121764691794908,-0.5235946173317081,87.85270205643236,78.95796916270531,77.67140628230611
20241002,17760180,166.42,167.52,164.73,165.86,165.07600000000002,163.674,159.1385,165.13901738050353,163.0417487655204,162.0240397972046,1.0177089683157874,-0.215333900202209,80.17287952458136,72.98496645479062,76.10925967313428
20241003,15073100,164.41,166.64,163.923,165.86,165.702,164.046,159.5695,165.3793449203357,163.47532587851728,162.3081849974117,1.1671408811055812,0.061161056059349045,76.68360864040666,69.00296464951415,73.7404946652609
20241004,19093720,168.06,168.23,165.48,167.06,166.324,164.393,160.37650000000002,165.9395632802238,164.02681420489924,162.6601712938997,1.3666429109995306,0.32225742704738536,77.53977968176258,71.07084695642543,72.85061209564907
20241007,22463140,167.72,168.48,162.75,162.98,165.75,164.506,161.09,164.95304218681588,163.86576586568395,162.68386230916641,1.1819035565175398,0.4941866529414163,59.55114822546972,54.50524657145911,66.73549025425241
20241008,23072730,163.94,164.725,162.87,164.38,165.228,164.71499999999997,161.876,164.76202812454392,163.9448788094249,162.80950213811707,1.1353766713078244,0.6224246566146979,61.3851519681116,46.511249652290545,59.99407672026512
20241009,31181770,163.45,164.84,159.74,161.86,164.428,164.752,162.411,163.79468541636263,163.62412822335955,162.7391686464047,0.8849595769548557,0.6749316406827295,49.30898321816394,38.5092690534025,52.832474164644246
20241010,14144070,160.87,163.07,160.395,162.08,163.67199999999997,164.68699999999998,162.7805,163.22312361090843,163.38657003515038,162.69034133926363,0.6962286958867594,0.6791910517235356,46.0325801366264,33.95310081267175,46.539349713986745
20241011,15344250,162.13,163.9,161.235,163.24,162.908,164.616,163.0695,163.22874907393896,163.36402079897343,162.73105679561448,0.6329640033589499,0.6699456420506185,53.76693766937674,35.02039700321076,42.69969881039475
20241014,19016140,163.64,166.226,163.4,164.96,163.304,164.527,163.4145,163.8058327159593,163.60955606066983,162.896163699643,0.7133923610268198,0.6786349858458588,56.76634566649777,43.25539815469585,42.88493192516178
20241015,20247200,165.785,167.68,164.625,165.46,163.52,164.374,163.72150000000002,164.35722181063954,163.8942397436437,163.08607749966944,0.808162243974266,0.7045404374715403,60.216160576428216,50.652340188561574,45.47406801296171
20241016,16406030,164.53,165.8,163.74,165.16,164.18,164.30400000000003,163.989,164.62481454042637,164.08897209077543,163.23970138858283,0.849270702192598,0.7334864904157519,56.57111952406708,54.43947011807994,48.46253538133445
20241017,21453400,165.73,166.37,162.76,162.93,164.35,164.011,164.02849999999998,164.05987636028425,163.91066869219458,163.2167605449841,0.6939081472104647,0.7255708217746945,47.38461538461543,48.4592653571334,48.46144537326742
20241018,19757660,163.19,164.71,163.08,163.42,164.386,163.647,164.02,163.84658424018951,163.83518120108772,163.23181531942973,0.603365881657993,0.7011298337513542,43.283582089552205,47.75537925572108,48.22609000075197
20241021,20946460,162.95,164.5,162.62,164.07,164.208,163.756,164.13100000000003,163.92105616012634,163.87130717015114,163.29390307354606,0.5774040966050791,0.6763846863220992,41.70454545454539,50.01492118307512,48.82236706152634
20241022,16568120,162.98,165.77,162.98,165.14,164.144,163.83200000000002,164.27349999999998,164.32737077341756,164.06649068243559,163.43065099402415,0.635839688411437,0.6682756867399668,47.94754846066127,55.05455967226732,50.89976459844
20241023,18280520,164.76,165.82,161.925,162.78,163.668,163.924,164.33800000000002,163.81158051561172,163.86856903898394,163.38245462409643,0.48611441488750984,0.6318434323694755,42.26130653266327,44.693730239230646,48.83108647870355
20241024,22412530,162.83,163.33,161.01,162.72,163.62599999999998,163.988,164.3375,163.44772034374114,163.69186610990948,163.3333839112004,0.3584821987090834,0.5771711856373971,38.4328358208955,38.3415472959189,45.334573417775324
20241025,19828880,163.67,165.59,163.42,165.27,163.996,164.191,164.4035,164.05514689582745,163.93465593915417,163.47683695481518,0.45781898433898505,0.5533007453777147,56.645385954730195,46.85038685295147,45.83984456283404
20241028,32138640,168.75,168.75,163.95,166.72,164.526,164.36700000000002,164.44700000000003,164.94343126388497,164.36317041005353,163.7170712544585,0.6460991555950386,0.5718604274211795,56.770833333333364,55.82446117500813,49.1680501002254
20241029,42169030,167.73,170.38,167.0896,169.68,165.434,164.789,164.5815,166.52228750925667,165.1811441931222,164.15876968005415,1.0223745130680584,0.6619632445505552,72.06546275395036,68.05942377871409,55.465174659721626
20241030,68890790,180.68,182.02,174.0599,174.46,167.77,165.719,165.0115,169.1681916728378,166.6086604711034,164.9218237778279,1.6868366932754952,0.8669379342955432,77.78276481149015,66.71199408506371,59.21411446816898
20241031,44768980,173.13,176.82,171.0,171.11,169.44800000000004,166.537,165.274,169.81546111522522,167.30117424477982,165.3802072016925,1.9209670430873018,1.077743756053895,66.08091540662039,60.49877822393111,59.64233572008969
20241101,31796480,170.07,172.32,168.88,171.29,170.652,167.324,165.4855,170.30697407681683,167.91483974558292,165.81796963119677,2.0968701143861495,1.2815690277203458,63.802878325337986,56.64221261255885,58.642294684246075
20241104,21492740,169.93,170.73,168.011,169.24,171.156,167.841,165.7985,169.95131605121122,168.11871055395477,166.07145336221922,2.0472571917355538,1.4347066605233876,57.720588235294144,50.818749388858066,56.03444625245007
20241105,18242050,169.43,170.53,168.84,169.74,171.168,168.301,166.06650000000002,169.88087736747417,168.3681396995002,166.34319755761038,2.0249421418898237,1.552753756796675,59.27876823338741,47.72971361763948,53.26620204084654
20241106,33695540,173.8,176.94,173.5,176.51,171.578,169.674,166.799,172.09058491164944,169.62073359188477,167.0962940348244,2.5244395570603615,1.7470909168494124,73.23750855578375,55.27859044043346,53.936998174042174
20241107,25352940,177.41,181.08,177.19,180.75,173.506,171.477,167.73250000000002,174.97705660776631,171.3329284239025,168.10767966187444,3.225248762028059,2.042722485885142,76.28146800121328,67.8429857686269,58.57232737223708
20241108,22006180,180.645,180.9,178.08,178.35,174.918,172.785,168.488,176.10137107184423,172.41247789714828,168.86637005729114,3.546107839857143,2.3433995566795423,70.5645161290323,70.36841677471944,62.50435717306453
20241111,17450350,178.58,180.545,178.47,180.35,177.14000000000001,174.148,169.2575,177.51758071456283,173.63363514374086,169.7170093123066,3.91662583143426,2.658044811630486,71.3323983169706,76.27197518723885,67.09356317778929
20241112,25134910,179.82,182.49,179.39,181.62,179.516,175.342,170.0655,178.88505380970855,174.86230666008842,170.5987123262098,4.263594333878615,2.979154716080112,77.25694444444447,82.17841603867814,72.12184746475224
20241113,23184000,180.46,180.96,178.54,178.88,179.99,175.78400000000002,170.7515,178.88336920647237,175.48041332776714,171.21214104278687,4.26827228498027,3.2369782298601435,71.69709989258862,79.80805699399222,74.68391730783222
20241114,31007460,178.28,178.82,174.3218,175.58,178.956,176.231,171.38400000000001,177.78224613764826,175.4957343542645,171.5356861507286,3.960048203535905,3.3815922245952956,63.56936035798896,70.63060787881363,73.33281416482602
20241115,32504650,173.73,174.14,171.22,172.49,177.784,176.351,171.8375,176.01816409176553,175.03331368437765,171.60637606548946,3.4269376188881893,3.390661303453874,57.2798385061822,56.00038083251801,67.55533638739001
20241118,20206610,173.42,175.438,172.9,175.3,176.774,176.957,172.399,175.77877606117704,175.07434234831953,171.87997783841615,3.19436450990338,3.3514019447437757,57.117527862208725,49.401022891598835,61.503898555459614
20241119,23434930,173.72,178.87,173.56,178.12,176.074,177.79500000000002,173.048,176.55918404078471,175.54290506396268,172.3422017022372,3.2007033617254876,3.3212622281401183,54.8773987206823,53.34217852637201,58.78332521243041
20241120,18997110,177.34,177.675,173.78,175.98,175.494,177.74200000000002,173.708,176.36612269385648,175.61015043873763,172.61166824281221,2.998482195925419,3.2567062216971783,56.706141558799196,49.6401272991548,55.73559257467187
20241121,59734380,173.9,174.13,163.7,167.63,173.904,176.43,173.95350000000002,173.45408179590433,174.38243498662416,172.24265578038168,2.13977920624248,3.033320818606239,45.885791366906474,40.065211706621206,50.51213228532165
20241122,38604590,165.85,166.46,163.9,164.76,172.358,175.071,173.928,170.5560545306029,172.90206037329736,171.6883849818349,1.2136753914624592,2.6693917331774832,45.05518763796908,28.590573992102627,43.20494618758197
20241125,33135260,166.09,168.63,165.6072,167.65,170.828,173.801,173.9745,169.58736968706862,172.09405108509776,171.38924535355082,0.7048057315469407,2.276474532851375,47.808764940239044,26.688810625866818,37.69956766701025
20241126,20486720,167.63,169.82,167.58,169.12,169.028,172.551,173.9465,169.43157979137908,171.6365047643135,171.22115310513965,0.41535165917383665,1.9042499581158674,41.28332153809863,29.70201086330038,35.03371539910696
20241127,19266510,169.0,169.4832,168.02,169.23,167.67800000000003,171.58599999999998,173.685,169.36438652758608,171.26627326211138,171.0736602825367,0.19261297957467605,1.5619225624076292,34.94511238891792,31.95251614134329,34.0066489798524
20241129,14257240,168.5,169.43,167.16,168.95,167.94199999999998,170.923,173.577,169.2262576850574,170.90992352947885,170.91635211345994,-0.006428583981090696,1.2482523331298854,36.99501936912008,32.83760359763468,33.61696718577983
20241202,23789080,168.765,172.075,168.57,171.49,169.288,170.823,173.587,169.98083845670493,170.99916606340517,170.95884454949996,0.040321513905212214,1.0066661692849508,37.92257360959654,39.0088528488736,35.41426240681108
20241203,22248710,171.49,172.68,170.85,171.34,170.026,170.427,173.692,170.43389230446996,171.05160205365053,170.98707828657405,0.06452376707648,0.8182376888432566,35.54555680539934,44.22891919203381,38.352481335218656
20241204,31615140,171.145,174.91,171.06,174.37,171.076,170.052,173.9235,171.74592820298,171.56212481462737,171.23766508016115,0.3244597344662168,0.7194820979678488,43.70990237099026,61.2135702731311,45.9728443145228
20241205,21356240,175.36,176.06,172.33,172.64,171.758,169.718,173.73,172.04395213532,171.72795176622316,171.34154174088994,0.38641002533321966,0.652867683440923,45.711785297549554,64.76738018208735,52.23768960371098
20241206,21462390,172.03,175.08,171.86,174.71,172.91,170.426,173.428,172.93263475688002,172.18672841757345,171.59105716749067,0.5956712500827734,0.6414283967692931,53.33734215273601,72.20652020302839,58.89396647015011
20241209,25389630,173.96,176.26,173.65,175.37,173.686,171.48700000000002,173.279,173.74508983792003,172.67646250717752,171.87097885878765,0.8054836483898669,0.6742394470934079,50.112504018000635,78.21094020861237,65.3329577163042
20241210,54813020,182.845,186.36,181.05,185.17,176.452,173.23899999999998,173.51999999999998,177.55339322528005,174.59854519838098,172.8560915359145,1.7424536624664881,0.887882290168024,59.25439747965341,83.40798791685265,71.35796778315367
20241211,67894070,185.31,195.61,184.85,195.4,180.658,175.86700000000002,174.209,183.5022621501867,177.79876901401468,174.5260106814023,3.2727583326123693,1.364857498656893,71.02641836292767,88.69261291703472,77.13618282778069
20241212,34817490,195.0,195.18,191.71,191.96,184.522,178.14000000000001,174.863,186.3215081001245,179.97741993493548,175.81741729759472,4.160002637340767,1.923886526393668,79.47661739762536,87.96223504133675,80.74486689896604
20241213,25143500,191.01,192.73,189.64,189.82,187.544,180.227,175.575,187.48767206674967,181.4916630218685,176.854645645921,4.637017375947494,2.4665126963044335,80.90774543660577,84.17999298932409,81.88990892908538
20241216,44934900,192.87,199.0,192.62,196.66,191.802,182.744,176.7835,190.54511471116643,183.82525332619645,178.32170893140835,5.5035443947880935,3.0739190360011657,82.60283209710042,86.66163216706549,83.48048334174541
20241217,43504030,197.25,201.42,194.98,195.42,193.852,185.152,177.7895,192.17007647411094,185.60906050678162,179.5882490105633,6.020811496218329,3.6632975280445983,79.71079981924981,84.34185491336166,83.76760719895083
20241218,34166070,195.22,197.0,187.74,188.4,192.452,186.555,178.3035,190.91338431607397,186.0384358134306,180.2409713060771,5.797464507353482,4.090130923906375,68.73167871799882,74.87923390254782,80.80481610014982
20241219,32265240,191.625,193.03,188.38,188.51,191.762,188.142,178.93,190.112256210716,186.41867645751822,180.8534919500714,5.565184507446816,4.385141640614463,69.17647058823528,67.75648362678555,76.45537194236172
20241220,63462930,185.78,192.89,185.22,191.41,192.07999999999998,189.812,180.11899999999997,190.54483747381067,187.1865723871308,181.6354555093254,5.551116877805413,4.618336688052652,69.39252336448595,62.124024594260234,71.67825615966123
20241223,25675010,192.62,195.1,190.15,194.63,191.674,191.738,181.6125,191.90655831587378,188.33171509680298,182.59801436048647,5.733700736316507,4.841409497705424,71.39445158919712,61.09012623322842,68.14887951751696
20241224,10403260,194.84,196.11,193.78,196.11,191.81199999999998,192.83200000000002,183.0355,193.30770554391586,189.52837431267943,183.59890218563564,5.929472127043795,5.059022023573099,70.55597579425113,63.13415822955973,66.47730575486455
20241226,12057210,195.15,196.748,194.375,195.6,193.252,192.852,184.3595,194.0718036959439,190.4624705722672,184.48787239410706,5.974598178160136,5.2421372544905065,72.2222222222222,63.44746351106451,65.46735834026452
20241227,18891360,194.95,195.32,190.65,192.76,194.102,192.932,185.536,193.63453579729597,190.81593663807223,185.10062258713617,5.715314050936058,5.336772613779617,67.21342742704556,57.812712299557404,62.91580966002881
20241230,14264660,189.8,192.55,189.12,191.24,194.068,193.074,186.6505,192.83635719819733,190.88117715529188,185.55539128438537,5.325785870906515,5.334575265204998,64.89022330643648,50.92863947542513,58.92008626516091
20241231,17466920,191.075,191.96,188.51,189.3,193.002,192.338,187.541,191.6575714654649,190.63791913140082,185.83276970776421,4.805149423636607,5.22869009689132,54.54545454545457,45.49741782798577,54.44586345276919
20250102,20370830,190.65,192.0,187.5,189.43,191.666,191.739,188.44549999999998,190.91504764364328,190.45208541887763,186.09923121089278,4.352854207984848,5.053522919110026,41.55108972544581,42.50487119598777,50.46553270050872
20250103,18596160,191.37,193.21,189.975,191.79,190.904,192.078,189.3165,191.20669842909552,190.65791843135798,186.52076963971555,4.137148791642431,4.870248093616508,49.75182481751823,47.333804947221076,49.421623449412834
20250106,29563640,193.98,198.2222,193.85,196.87,191.726,192.91400000000002,190.528,193.09446561939703,191.61362328807215,187.28737929603292,4.326243992039224,4.761447273301051,59.47835439634312,60.68546401578622,53.17623697153729
20250107,26487240,197.11,201.0,194.6,195.49,192.576,193.322,191.567,193.89297707959804,192.20998893606105,187.8949808296601,4.3150081064009385,4.672159439921028,48.15631894106526,60.185371072252565,55.51261500510905
20250108,24864770,192.57,196.29,192.38,193.95,193.506,193.254,192.496,193.91198471973206,192.4776829458978,188.34350076820382,4.134182177693987,4.56456398747562,47.705276303465496,56.04950664076094,55.69157888365967
20250110,26665210,194.295,196.52,190.31,192.04,194.028,192.84699999999998,192.8395,193.28798981315472,192.41034710806738,188.61731552611465,3.7930315819527323,4.4102575063710425,56.7607726597325,48.57621430371715,53.3197906903455
20250113,21823700,190.07,191.18,187.36,191.01,193.872,192.388,192.62,192.5286598754365,192.19490909144162,188.79455141306912,3.400357678372501,4.208277540771334,54.48994252873563,41.30398646640767,49.31452261569955
20250114,17174850,191.24,191.98,188.3082,189.66,192.43,192.078,192.505,191.57243991695768,191.80492307737367,188.85865871580472,2.94626436156895,3.955874904930858,46.67173830353747,33.156714340263925,43.928586523887674
20250115,21775970,193.09,196.36,191.86,195.55,192.442,192.509,192.79149999999998,192.8982932779718,192.38108875777772,189.3543136257451,3.0267751320326113,3.770054950351209,51.58839779005526,42.11913898344087,43.32543734373874
20250116,17815430,194.14,195.48,192.81,192.91,192.23399999999998,192.87,192.60399999999998,192.9021955186479,192.4624597181196,189.61769780161583,2.8447619165037565,3.584996343581719,44.68791500664008,41.642475842332985,42.76445017660349
20250117,27735090,196.53,197.23,193.75,196.0,193.026,193.527,192.63299999999998,193.93479701243194,193.00669668456274,190.09046092742204,2.916235757140697,3.4512442262935146,50.611620795107044,48.876020063021585,44.801640138742854
