Date,Volume,Open,High,Low,Close
20150212,4589899,110.81,112.20,110.21,112.16
20150213,5099168,112.01,112.39,111.30,111.89
20150217,6029620,111.69,112.225,110.62,112.00
20150218,3731011,111.60,112.17,111.00,111.99
20150219,5910566,112.01,112.447,110.635,110.94
20150220,7266499,110.81,112.25,110.05,112.24
20150223,5620773,112.99,113.16,111.80,112.28
20150224,12768260,117.50,117.92,115.13,116.75
20150225,7327196,117.35,117.35,115.85,116.31
20150226,5649527,116.00,116.42,115.20,115.38
20150227,5729326,115.19,115.67,114.555,114.75
20150302,5971673,114.86,117.06,114.86,116.12
20150303,3781749,116.11,116.12,114.80,116.07
20150304,3798585,115.39,115.47,114.25,114.76
20150305,4088931,115.23,116.098,115.06,115.91
20150306,5168453,115.96,115.96,114.00,114.45
20150309,5350753,114.38,115.48,114.37,115.25
20150310,5684508,113.85,114.34,112.56,112.56
20150311,4356487,112.68,113.80,112.41,113.07
20150312,5741665,113.85,116.46,113.77,116.10
20150313,4626684,115.99,116.31,114.00,114.82
20150316,4818109,115.33,116.61,115.32,116.50
20150317,3715820,115.45,116.0799,115.14,115.58
20150318,4773212,115.41,116.42,113.3101,116.08
20150319,3538400,116.21,116.43,115.07,115.16
20150320,8442616,115.55,117.99,115.33,117.49
20150323,4094326,117.04,117.75,116.07,116.07
20150324,4018886,116.20,117.83,116.04,116.15
20150325,4724133,115.96,116.61,113.64,113.68
20150326,5406583,113.36,113.43,111.58,112.37
20150327,3878710,112.08,114.23,112.00,113.86
20150330,3965423,114.96,116.05,114.53,114.63
20150331,4126894,113.70,115.37,113.55,113.61
20150401,4737287,113.88,114.00,112.43,113.13
20150402,4064897,112.61,114.92,112.52,114.54
20150406,3249993,113.45,115.55,113.41,114.95
20150407,3189099,114.83,115.79,114.23,114.30
20150408,3750565,113.97,115.81,113.83,115.59
20150409,4673830,115.46,116.2446,114.14,114.57
20150410,3658058,114.47,115.65,114.42,115.24
20150413,2981806,114.96,115.43,114.35,114.44
20150414,4072426,114.20,114.98,113.11,114.05
20150415,4210840,114.58,115.21,113.38,113.45
20150416,4012490,113.34,113.99,113.02,113.37
20150417,6243558,112.91,113.11,111.7701,112.10
20150420,4396662,113.00,113.69,112.68,112.86
20150421,3899593,113.50,113.98,112.50,113.17
20150422,4065277,113.20,113.31,112.19,112.99
20150423,3945180,112.74,114.51,112.56,113.96
20150424,2879114,113.88,114.04,112.90,113.70
20150427,5617188,114.05,114.11,111.28,111.39
20150428,5743170,110.90,111.77,110.05,110.58
20150429,7230859,110.17,110.31,108.07,108.71
20150430,9036894,108.56,109.21,106.62,106.98
20150501,6696297,106.98,109.79,106.85,109.55
20150504,3366614,109.94,110.4497,109.32,110.06
20150505,4164181,109.20,109.88,107.98,108.06
20150506,3996633,108.20,108.91,107.2401,108.31
20150507,5399920,108.40,110.7199,108.25,110.04
20150508,6435206,112.40,113.4825,112.11,112.47
20150511,3724195,112.24,112.91,111.81,111.90
20150512,4051081,111.12,112.82,110.83,112.52
20150513,4340551,112.92,112.95,111.10,111.19
20150514,3815483,112.05,112.22,110.83,111.94
20150515,4565344,111.92,113.40,111.82,113.35
20150518,6849372,113.87,114.60,113.16,114.33
20150519,11129240,116.12,116.48,112.34,112.34
20150520,7003181,112.19,112.89,111.22,112.10
20150521,4237562,111.98,112.3299,111.62,112.01
20150522,3693382,111.87,112.53,111.46,112.16
20150526,4609606,112.00,112.18,110.69,110.93
20150527,4147590,111.04,112.53,110.81,112.16
20150528,2805141,111.91,112.70,111.86,112.19
20150529,5308473,111.84,112.59,111.37,111.42
20150601,5114792,111.97,112.34,111.25,111.67
20150602,6088000,110.75,112.18,110.64,111.59
20150603,6337495,111.72,113.48,111.45,113.16
20150604,4328286,112.52,113.16,111.1745,111.46
20150605,4504835,111.34,111.36,110.27,110.37
20150608,3449460,110.14,110.81,109.83,109.93
20150609,3658009,109.79,110.25,109.03,109.53
20150610,3967821,109.90,111.19,109.39,110.98
20150611,3642764,111.00,112.33,111.00,111.29
20150612,4301814,110.89,111.59,110.415,110.60
20150615,3965003,110.23,110.455,109.55,110.01
20150616,3466508,109.90,110.45,109.75,110.23
20150617,5722044,110.73,111.29,109.96,110.47
20150618,7222290,111.06,112.30,110.76,111.85
20150619,9198689,111.64,113.30,111.44,112.43
20150622,3190171,112.93,113.62,112.78,113.07
20150623,3075714,113.24,113.59,112.93,113.18
20150624,3716056,112.94,113.68,112.35,112.35
20150625,4466982,113.24,113.71,112.24,112.24
20150626,4169908,112.77,113.34,112.23,112.60
20150629,5185549,111.56,112.32,110.46,110.54
20150630,5938639,111.15,111.76,110.59,111.13
20150701,4213677,112.45,112.81,111.47,112.07
20150702,3845043,112.58,112.75,111.10,111.49
20150706,3864564,110.27,111.93,110.17,111.32
20150707,5515747,111.72,112.6399,110.70,112.40
20150708,3793965,111.72,112.46,110.80,111.00
20150709,3642461,112.32,112.59,111.20,111.38
20150710,4631403,112.67,113.48,112.09,113.10
20150713,4168032,114.21,115.02,114.0655,114.90
20150714,3688831,114.50,115.53,114.39,115.36
20150715,3365021,115.42,116.15,115.07,115.58
20150716,5234624,115.87,115.91,113.83,114.73
20150717,5497466,114.49,115.00,114.00,114.47
20150720,6107437,112.25,114.1095,112.17,113.41
20150721,4658165,113.41,113.97,112.678,113.86
20150722,5483043,113.96,115.08,113.80,114.90
20150723,4308850,115.21,116.11,114.43,114.59
20150724,4427420,114.74,115.23,113.43,113.59
20150727,4465267,113.37,113.89,112.71,113.07
20150728,4176783,113.76,115.03,113.18,114.84
20150729,5100276,115.16,116.76,115.11,116.37
20150730,3290936,115.94,116.74,115.345,116.46
20150731,4301048,116.98,118.13,116.37,117.03
20150803,3645105,117.62,117.70,116.16,116.89
20150804,3005356,116.63,117.82,116.25,117.53
20150805,4299026,118.38,118.53,117.1001,118.00
20150806,4768769,118.39,118.50,116.07,116.56
20150807,3985469,116.70,117.16,115.78,116.93
20150810,3408870,117.53,118.34,117.36,117.60
20150811,4080003,117.02,118.14,116.76,117.69
20150812,4619961,117.13,117.88,115.70,117.69
20150813,6255309,118.00,120.14,117.79,119.02
20150814,5133922,119.30,119.89,118.46,119.75
20150817,7236355,119.10,120.75,118.73,119.70
20150818,11020570,121.83,123.80,121.15,122.80
20150819,6487106,122.67,123.79,122.13,122.76
20150820,5554262,121.98,122.53,120.54,120.54
20150821,10180150,119.54,120.36,116.15,116.16
20150824,13981320,110.05,115.88,92.1685,112.54
20150825,10211810,117.00,117.00,110.89,110.97
20150826,9309031,114.06,116.03,112.08,115.93
20150827,7569258,117.50,118.09,115.33,117.66
20150828,5015891,117.43,118.46,116.92,117.52
20150831,5443965,117.01,117.49,115.93,116.46
20150901,7388487,113.99,114.75,112.56,113.07
20150902,6486188,114.83,116.48,114.32,116.48
20150903,5290782,117.03,118.08,116.18,116.60
20150904,5748848,114.68,115.69,113.49,114.42
20150908,5775492,115.69,116.64,114.73,116.43
20150909,5286652,117.11,117.47,113.70,113.97
20150910,5253580,114.00,115.41,113.69,114.49
20150911,4472436,113.97,115.46,113.70,115.44
20150914,4247741,115.50,115.68,114.415,114.73
20150915,4991266,114.78,116.63,113.90,116.18
20150916,5282176,116.08,118.025,115.97,117.82
20150917,6547673,118.33,119.82,117.271,117.91
20150918,11364370,116.51,117.20,114.98,115.12
20150921,5201539,115.96,117.11,115.27,116.58
20150922,4629943,115.40,116.39,114.89,115.80
20150923,4084807,115.85,116.55,115.66,116.17
20150924,5169510,115.34,116.65,114.8401,116.34
20150925,5477767,117.23,118.165,116.04,116.74
20150928,5990974,116.53,117.38,113.85,114.10
20150929,7904719,114.21,114.93,111.80,112.91
20150930,5389841,114.37,115.63,114.00,115.49
20151001,5208609,116.23,117.13,114.74,117.03
20151002,4359213,115.56,117.90,114.71,117.81
20151005,4528383,118.75,119.29,117.91,119.20
20151006,5272348,119.10,119.20,117.97,118.68
20151007,4810650,119.20,119.84,118.49,119.65
20151008,4954066,119.31,121.23,119.15,121.06
20151009,3893261,121.27,121.50,120.47,121.33
20151012,2861888,121.49,122.45,121.00,121.90
20151013,2968903,121.77,122.29,121.14,121.61
20151014,5200401,121.33,121.88,119.56,120.27
20151015,3444075,120.62,122.03,120.40,121.81
20151016,4064197,121.63,122.82,121.63,122.74
20151019,3096601,122.61,123.20,122.20,123.10
20151020,3318157,122.89,123.17,122.35,122.85
20151021,3491996,123.29,124.02,122.75,123.30
20151022,5854207,123.90,124.48,122.88,124.36
20151023,5278729,125.01,125.75,122.97,124.61
20151026,4550013,124.55,125.66,124.02,125.01
20151027,3674795,124.51,125.09,123.82,124.47
20151028,6821538,124.38,124.59,122.22,123.82
20151029,4635293,123.42,124.07,122.75,123.63
20151030,4991511,123.27,124.75,123.27,123.64
20151102,3715524,124.24,124.64,123.38,124.41
20151103,4313696,124.23,126.04,123.81,125.66
20151104,4101588,125.48,125.87,124.62,125.38
20151105,3080925,125.46,126.008,124.95,125.72
20151106,3751456,125.27,126.1092,124.82,125.98
20151109,4988613,125.80,126.12,123.71,124.50
20151110,3872569,124.49,125.41,124.04,125.26
20151111,3247436,125.43,125.43,124.52,124.71
20151112,4282942,124.18,124.97,123.06,123.81
20151113,8718716,123.10,123.25,119.90,120.00
20151116,7769342,120.05,121.03,118.61,120.84
20151117,10508290,124.86,126.34,123.10,126.18
20151118,6489105,126.44,126.73,124.66,126.54
20151119,4658096,126.53,127.62,125.95,126.86
20151120,8187484,127.36,130.21,127.09,130.21
20151123,6328626,130.21,132.64,130.21,132.50
20151124,6670001,131.93,133.93,131.74,133.60
20151125,5299413,133.69,135.24,133.55,134.65
20151127,3337790,134.81,135.47,134.53,134.74
20151130,7922742,135.20,135.32,133.01,133.88
20151201,5267125,133.52,134.63,133.26,134.43
20151202,5021711,134.56,134.65,133.57,133.81
20151203,6687458,133.52,134.12,130.80,130.93
20151204,5386788,131.55,134.8299,131.35,134.53
20151207,5443157,134.00,134.79,133.1896,133.93
20151208,4731195,132.71,134.56,132.41,133.84
20151209,5054959,133.21,134.78,131.51,131.90
20151210,4186201,131.96,133.59,131.80,132.54
20151211,5300539,131.09,132.19,130.31,130.44
20151214,5954492,131.09,132.1255,130.71,132.01
20151215,4921673,132.62,133.49,131.19,131.29
20151216,4707901,132.17,133.28,130.36,132.90
20151217,4342642,133.06,133.54,130.995,131.35
20151218,9807483,130.73,131.31,130.015,130.29
20151221,3409668,131.00,131.61,130.18,131.31
20151222,3398101,131.37,132.2815,130.46,131.88
20151223,3240828,132.49,133.34,131.88,133.11
20151224,1517075,132.80,133.48,132.66,132.90
20151228,2607218,132.25,132.90,131.89,132.68
20151229,3037199,133.37,134.3299,133.276,133.70
20151230,2484809,133.58,134.06,133.28,133.35
20151231,3178722,133.08,133.5684,132.24,132.25
20160104,8046245,130.11,131.07,129.45,131.07
20160105,5316011,131.15,131.94,130.05,130.43
20160106,8198704,129.00,129.90,128.56,129.08
20160107,12542370,126.93,127.88,124.70,125.40
20160108,7094629,126.44,126.53,123.50,123.90
20160111,6784380,124.87,126.08,124.09,125.78
20160112,5686249,126.78,128.80,125.83,127.49
20160113,8915501,127.47,127.47,120.97,121.40
20160114,13380210,121.29,121.515,118.20,119.62
20160115,10514790,117.12,121.15,116.10,119.23
20160119,6343204,120.54,121.89,118.80,119.76
20160120,11329730,117.89,118.66,113.5865,116.46
20160121,8992723,117.38,121.94,117.14,120.22
20160122,6553875,121.64,124.67,121.58,122.76
20160125,4848860,123.38,123.85,121.56,121.71
20160126,4469344,121.73,122.45,120.64,122.20
20160127,5407642,122.46,124.32,120.86,121.57
20160128,4868943,121.97,122.69,120.31,122.28
20160129,7616144,123.17,125.76,122.75,125.76
20160201,4616858,124.92,127.09,123.99,126.51
20160202,5830704,125.41,126.43,124.71,125.27
20160203,7482854,126.02,126.16,121.54,123.79
20160204,9171639,123.65,123.90,119.45,121.11
20160205,8115192,120.89,121.00,115.69,116.43
20160208,11284990,114.93,115.965,109.62,111.85
20160209,7572410,110.94,115.29,110.68,113.86
20160210,5304582,114.50,116.16,114.0526,114.33
20160211,6443496,113.08,114.19,112.22,113.27
20160212,5358787,114.88,116.43,113.52,116.32
20160216,6958112,118.12,120.00,117.70,119.43
20160217,5970653,120.45,121.68,119.87,121.21
20160218,4457648,120.93,121.11,119.56,119.97
20160219,5413687,119.82,121.70,118.75,121.69
20160222,7788629,123.00,124.47,122.13,122.85
20160223,11163390,127.00,127.19,123.35,124.53
20160224,7930050,124.05,125.78,122.92,125.61
20160225,4736776,125.76,126.86,124.891,126.86
20160226,4607040,127.59,127.75,125.93,126.26
20160229,5567652,126.26,126.99,124.05,124.12
20160301,4900217,124.78,125.97,123.98,125.70
20160302,3956576,125.48,125.87,124.46,125.59
20160303,5008867,125.20,127.26,124.78,126.80
20160304,6447969,127.37,127.498,125.16,125.56
20160307,4161141,125.01,126.54,125.01,126.17
20160308,5280716,125.22,128.20,125.00,126.72
20160309,4046826,127.03,127.52,125.33,126.03
20160310,4502357,126.20,127.00,124.31,125.89
20160311,4625828,126.97,128.76,126.73,128.46
20160314,3622438,128.43,129.66,128.10,128.84
20160315,4034069,128.78,130.48,128.62,129.71
20160316,3606859,129.63,131.11,128.81,130.45
20160317,4130995,130.10,131.19,129.32,130.88
20160318,7965521,131.14,132.09,130.83,131.35
20160321,3816754,131.53,132.13,130.27,131.01
20160322,3946425,130.61,131.22,129.92,130.59
20160323,3625009,130.59,131.18,129.95,130.22
20160324,3449191,129.54,130.76,129.46,130.46
20160328,2621141,130.60,131.81,130.49,131.08
20160329,3404933,131.00,132.90,130.71,132.47
20160330,3138015,133.11,133.929,132.84,133.42
20160331,3685242,133.56,134.29,133.00,133.43
20160401,4257861,133.10,135.20,133.10,134.85
20160404,3547634,136.07,136.23,134.35,134.85
20160405,4068495,134.20,135.70,133.90,134.58
20160406,3365521,134.25,135.7401,133.82,135.44
20160407,3950135,134.73,135.24,133.12,133.87
20160408,2924397,134.62,134.62,133.06,133.62
20160411,3472649,133.58,135.08,132.96,133.01
20160412,4230752,133.30,134.72,133.11,134.38
20160413,4321897,134.86,134.86,133.22,133.84
20160414,4183198,133.50,134.7125,132.88,134.37
20160415,3508644,134.41,135.275,133.97,135.01
20160418,3964553,134.81,136.80,134.74,136.80
20160419,4649461,136.80,137.00,134.85,135.44
20160420,4755103,135.75,136.08,134.48,135.19
20160421,3541740,135.23,135.49,134.39,134.60
20160422,4180110,134.85,135.68,133.41,135.66
20160425,2831398,135.18,135.7299,134.28,135.65
20160426,3498972,135.09,136.24,134.88,135.34
20160427,3487448,135.37,136.28,134.765,135.75
20160428,5551465,134.81,135.44,132.49,132.73
20160429,4605351,132.71,134.30,131.75,133.89
20160502,4281203,134.37,136.25,134.31,136.05
20160503,3408398,135.45,135.8399,134.04,134.54
20160504,3191787,133.59,135.40,133.13,135.16
20160505,3473997,134.87,135.37,133.75,134.67
20160506,3356811,134.48,135.81,134.311,135.70
20160509,3551818,135.59,136.47,135.24,136.24
20160510,3657542,136.32,137.82,136.30,137.51
20160511,6054211,136.80,137.05,134.04,134.30
20160512,5354803,135.00,135.00,133.10,134.19
20160513,5292527,133.81,135.33,133.03,133.13
20160516,8362497,133.84,136.55,133.08,135.34
20160517,15976960,133.15,134.49,131.10,132.00
20160518,8257902,131.03,132.7701,130.02,131.77
20160519,4573626,131.45,132.13,130.78,131.73
20160520,5086326,131.89,133.06,131.748,131.85
20160523,3850053,131.84,132.48,131.30,131.42
20160524,5175604,132.18,133.8701,132.05,133.36
20160525,5017466,133.46,134.52,133.05,133.20
20160526,3996603,133.13,134.36,132.86,134.05
20160527,4025265,134.07,134.90,133.38,133.94
20160531,6363334,133.57,133.80,131.72,132.12
20160601,4734846,131.58,132.12,131.15,131.83
20160602,3855912,131.85,132.70,131.33,132.41
20160603,4155850,132.53,132.73,130.92,131.74
20160606,8050434,130.82,130.87,128.47,129.19
20160607,4433801,129.38,130.80,129.32,129.92
20160608,3742198,130.01,130.295,129.25,129.59
20160609,3450618,129.27,129.84,129.04,129.30
20160610,3925608,128.45,129.227,128.21,128.83
20160613,4822812,128.94,129.45,127.785,127.83
20160614,7295156,127.31,127.44,124.71,125.24
20160615,5130672,125.74,127.75,125.49,126.53
20160616,4431982,126.05,127.54,125.66,127.36
20160617,7536503,127.52,127.78,126.73,127.14
20160620,3880277,128.13,128.85,127.42,127.62
20160621,3450827,127.96,128.3114,127.285,127.74
20160622,3696351,127.69,128.97,127.40,127.60
20160623,4776172,128.98,129.10,127.45,128.29
20160624,8973798,126.10,127.80,125.50,126.40
20160627,5666524,125.34,125.75,123.62,124.67
20160628,5376423,125.89,127.53,125.60,127.53
20160629,5779461,127.90,128.47,126.90,127.37
20160630,6641690,127.27,127.86,126.10,127.69
20160701,5644825,128.29,130.23,128.12,129.62
20160705,4096529,129.60,130.48,128.503,129.35
20160706,4928617,129.20,131.61,129.03,131.57
20160707,3970509,131.25,132.18,130.56,131.16
20160708,4804926,132.33,134.36,132.25,134.34
20160711,4573713,134.83,135.88,134.45,135.15
20160712,3611575,135.24,135.99,134.30,134.84
20160713,4231548,134.84,135.20,133.10,133.56
20160714,3122408,134.40,134.79,133.83,134.54
20160715,5322753,135.12,135.59,134.65,134.78
20160718,3725067,135.46,136.48,134.81,136.34
20160719,3831522,136.07,137.05,135.56,136.98
20160720,3091800,137.40,137.45,136.77,137.41
20160721,4975106,136.76,137.14,135.47,136.07
20160722,2623831,136.41,136.64,135.96,136.52
20160725,3350046,136.55,136.85,136.15,136.50
20160726,2573470,136.50,137.51,136.06,136.75
20160727,3029514,137.01,137.69,135.96,136.31
20160728,3229764,136.19,138.12,136.105,137.96
20160729,3654720,137.46,138.72,137.44,138.24
20160801,3152357,138.06,138.94,137.85,138.77
20160802,3894119,138.91,139.00,136.82,137.22
20160803,3642633,137.13,137.22,135.70,137.06
20160804,3802914,135.79,137.20,135.46,136.05
20160805,3022069,137.00,137.74,136.60,136.91
20160808,3182731,136.91,137.401,136.16,136.21
20160809,3178123,136.27,137.09,135.34,136.11
20160810,3430829,136.30,136.89,135.06,135.60
20160811,4178521,136.31,137.50,135.17,137.04
20160812,4084766,136.00,137.39,135.6321,136.57
20160815,6314314,137.11,137.97,136.93,137.06
20160816,7279583,137.65,138.65,135.66,136.23
20160817,5222093,135.50,136.47,134.75,136.15
20160818,4427493,136.03,136.15,134.44,134.80
20160819,3781586,134.42,135.76,134.32,135.46
20160822,2752422,135.60,135.85,135.02,135.34
20160823,2957238,135.93,136.55,135.93,136.22
20160824,3440053,135.77,136.25,134.81,135.06
20160825,3166189,134.73,136.16,134.37,135.43
20160826,4193274,135.43,136.18,133.92,134.36
20160829,3224867,134.86,135.30,134.58,135.24
20160830,3440420,134.80,135.05,133.63,134.10
20160831,4650514,133.89,134.68,133.60,134.12
20160901,3850786,134.48,135.06,133.66,134.23
20160902,3398298,134.77,135.88,134.55,135.15
20160906,4212692,134.96,135.72,133.8814,134.10
20160907,4672325,133.30,133.87,132.16,132.79
20160908,5010447,131.55,132.94,131.12,131.26
20160909,6206859,130.64,130.89,127.73,127.74
20160912,7873960,126.50,128.855,126.00,128.59
20160913,6367837,127.74,128.00,125.43,125.72
20160914,4310707,125.61,126.945,125.565,126.26
20160915,5101532,125.97,127.635,125.71,126.96
20160916,6940052,127.02,127.02,125.70,126.11
20160919,4471088,126.68,127.37,126.17,126.29
20160920,3617675,126.86,127.33,126.33,126.83
20160921,5355120,127.52,128.59,126.55,128.11
20160922,4087011,128.82,129.65,128.72,128.75
20160923,4460674,128.63,129.20,127.79,127.79
20160926,5336764,127.10,127.23,125.35,125.45
20160927,4425322,125.80,126.99,125.36,126.82
20160928,5740245,127.21,128.53,127.06,128.27
20160929,5983384,128.50,130.74,127.91,127.93
20160930,5613636,127.87,129.24,127.63,128.68
20161003,3652558,128.20,128.82,127.97,128.50
20161004,4847942,128.53,129.92,127.95,128.20
20161005,4107731,128.32,129.03,127.52,127.58
20161006,7459861,126.87,130.45,126.43,130.19
20161007,5496050,129.83,130.41,127.88,128.31
20161010,4345486,128.45,128.94,127.25,127.25
20161011,5106792,126.85,127.08,125.46,125.85
20161012,3543326,125.85,127.16,125.71,126.69
20161013,3655714,126.25,126.66,125.173,126.29
20161014,4462032,126.90,127.56,126.42,126.42
20161017,3746397,126.18,126.80,124.88,125.14
20161018,3558670,126.15,126.25,125.15,125.74
20161019,4095509,125.76,126.09,124.51,125.89
20161020,3543223,125.95,127.08,125.57,126.25
20161021,3217777,125.31,126.80,125.25,126.60
20161024,3821029,127.23,128.14,127.23,127.78
20161025,8722838,126.27,126.27,123.29,123.34
20161026,5454156,122.83,123.75,122.40,122.71
20161027,4259349,122.71,123.46,121.85,122.26
20161028,4494671,122.70,124.09,122.2065,123.58
20161031,5671523,123.35,123.50,121.62,122.01
20161101,7470169,121.69,122.25,119.20,119.89
20161102,4841690,119.93,121.29,119.82,120.29
20161103,5113481,120.34,120.93,120.08,120.18
20161104,4605646,120.54,121.90,120.06,120.91
20161107,5497371,122.50,123.98,122.31,123.75
20161108,6095418,123.95,125.42,123.60,124.25
20161109,8040724,120.95,126.26,120.32,126.02
20161110,8722531,126.72,130.10,126.51,129.03
20161111,5491391,129.06,130.13,128.72,129.85
20161114,11424460,130.50,130.64,126.94,127.67
20161115,13426200,127.07,127.67,122.92,124.40
20161116,9771110,123.60,125.70,123.28,125.33
20161117,6746358,125.87,129.14,125.70,128.93
20161118,4426357,128.93,129.36,127.72,128.33
20161121,4064958,128.28,128.90,127.41,128.22
20161122,5521684,128.38,131.30,128.38,130.98
20161123,3606202,131.36,131.99,130.86,131.21
20161125,2545977,131.86,132.135,131.07,131.57
20161128,4743742,131.25,131.65,130.17,130.64
20161129,4122995,130.35,130.78,129.25,129.62
20161130,6972768,129.34,130.32,128.81,129.40
20161201,5398638,129.34,130.35,129.00,129.47
20161202,3735762,129.04,130.615,128.91,129.87
20161205,4064655,130.32,130.46,129.56,129.68
20161206,4292431,130.13,130.14,128.6775,128.74
20161207,6985607,128.75,133.06,128.75,132.46
20161208,4975117,132.21,133.13,131.58,132.53
20161209,5168987,132.51,133.40,131.10,133.39
20161212,6272158,133.13,134.66,133.13,134.58
20161213,6789804,134.55,136.89,134.55,136.54
20161214,7029182,136.05,136.88,135.75,135.98
20161215,5836283,136.51,137.325,135.77,135.84
20161216,9429092,136.11,136.61,135.05,135.11
20161219,3460703,135.06,136.50,134.79,135.44
20161220,4300362,135.65,137.24,135.43,137.11
20161221,2705503,136.93,137.24,136.56,136.83
20161222,4094479,136.25,137.00,135.18,135.43
20161223,2337535,135.65,135.99,134.79,135.05
20161227,2254679,134.76,135.72,134.71,135.26
20161228,3321745,135.57,135.86,134.66,135.07
20161229,2777884,135.02,135.8499,134.63,135.10
20161230,4149055,135.64,135.82,133.83,134.08
20170103,5300408,135.10,135.51,133.589,134.31
20170104,4050888,134.34,135.94,134.21,135.50
20170105,3713445,134.98,135.46,133.7801,133.90
20170106,3824085,133.97,134.33,133.05,133.53
20170109,4307454,133.22,134.76,133.14,134.31
20170110,5927979,134.00,136.38,133.77,136.10
20170111,4641181,136.10,136.385,134.74,135.70
20170112,3600179,135.51,135.53,133.94,135.07
20170113,3117699,134.92,135.75,134.76,135.04
20170117,3976936,135.09,136.48,134.76,135.93
20170118,3869676,135.90,136.295,134.92,136.16
20170119,5078525,136.00,136.78,134.93,135.39
20170120,4853602,135.26,136.00,134.60,135.60
20170123,7037949,135.31,138.27,135.00,138.07
20170124,4050949,137.88,138.38,137.30,138.06
20170125,3630775,138.45,139.37,137.43,137.48
20170126,2931349,138.01,139.18,137.71,138.46
20170127,3145823,138.80,138.83,137.70,138.33
20170130,2704897,137.99,138.49,136.86,138.47
20170131,3225224,137.63,138.615,136.85,137.58
20170201,2959601,137.66,137.96,136.53,137.44
20170202,2195067,137.47,137.55,136.56,136.95
20170203,2653721,137.26,138.47,136.97,137.98
20170206,3863055,137.43,137.90,136.45,136.49
20170207,3239015,137.16,137.70,136.33,136.65
20170208,2879047,136.89,137.91,136.82,137.88
20170209,2931853,137.78,139.15,137.41,138.71
20170210,3296663,138.60,140.57,138.245,139.85
20170213,2753063,140.48,140.65,139.05,139.87
20170214,4775120,139.95,141.365,139.34,141.36
20170215,4343492,141.27,142.66,140.95,142.19
20170216,4295367,142.39,142.985,140.90,141.54
20170217,5079322,141.36,143.12,141.00,143.00
20170221,9274546,145.60,145.65,143.25,145.02
20170222,5037239,145.05,145.47,143.97,145.25
20170223,4182642,146.11,146.33,144.51,144.71
20170224,3511799,144.65,146.0799,144.65,145.95
20170227,4381787,145.87,146.01,144.80,145.30
20170228,4211164,144.98,145.63,144.465,144.91
20170301,6213340,146.72,147.6999,145.891,146.68
20170302,4046550,147.08,148.23,146.3886,147.95
20170303,3413198,148.12,148.26,146.82,147.81
20170306,3994425,147.13,147.51,146.58,147.13
20170307,3995889,146.33,146.95,145.83,146.02
20170308,3611512,146.22,147.12,145.92,146.92
20170309,3594664,147.08,147.16,146.53,146.62
20170310,3122443,147.24,147.46,146.45,146.85
20170313,2814961,147.33,147.67,146.50,147.43
20170314,3272674,147.27,147.59,146.46,147.16
20170315,3669998,147.35,148.38,146.76,147.95
20170316,3542308,148.40,149.19,148.01,148.73
20170317,8994811,149.40,149.99,148.13,149.60
20170320,5905859,149.38,149.59,147.70,147.80
20170321,4523257,148.33,148.70,146.26,146.61
20170322,3166437,146.73,147.93,146.06,147.36
20170323,3219051,147.28,148.41,147.03,147.99
20170324,4735350,147.85,150.15,147.01,147.71
20170327,2943004,147.07,147.68,146.26,146.87
20170328,4635498,147.29,147.35,145.94,147.20
20170329,3729969,146.37,147.42,145.96,147.04
20170330,2450779,146.72,147.38,146.43,146.95
20170331,3248666,146.87,147.18,146.65,146.83
20170403,3775271,146.94,147.2005,146.09,146.62
20170404,3124198,146.50,146.90,146.05,146.34
20170405,3388961,146.63,148.44,146.58,146.64
20170406,2699646,147.04,147.96,147.00,147.24
20170407,2869103,147.10,147.80,146.90,147.13
20170410,5043053,146.96,148.995,146.75,148.21
20170411,2844788,147.91,148.65,147.10,148.20
20170412,4444996,147.42,147.57,146.367,146.54
20170413,2329537,146.42,147.01,145.87,145.91
20170417,3467600,145.90,147.31,145.76,147.31
20170418,2969308,147.06,148.18,146.77,147.76
20170419,3460973,147.93,148.40,147.02,147.22
20170420,3700070,147.66,149.05,147.44,148.72
20170421,5019344,148.49,150.146,148.40,150.00
20170424,5076437,151.08,152.0601,150.85,151.89
20170425,5495937,152.79,154.65,152.79,153.03
20170426,5114867,153.11,154.8076,152.40,154.22
20170427,5881207,154.69,156.27,153.89,156.12
20170428,4982778,156.01,156.25,154.102,156.10
20170501,3151165,156.22,156.27,154.21,154.21
20170502,3178579,154.49,155.16,153.76,154.95
20170503,2445354,155.16,155.39,154.59,155.00
20170504,3788653,155.46,155.64,154.26,154.86
20170505,2500236,155.34,155.75,154.09,155.73
20170508,3184532,155.85,157.16,155.49,156.89
20170509,3001521,157.04,157.74,156.29,157.68
20170510,2616863,157.52,158.15,157.30,158.13
20170511,3924715,157.35,157.70,155.33,156.20
20170512,2921187,156.39,157.20,155.75,156.92
20170515,5832878,157.28,157.84,156.66,157.33
20170516,10116830,160.11,160.86,158.05,158.26
20170517,5931589,157.08,157.30,155.89,156.09
20170518,4606463,155.48,156.665,155.24,155.70
20170519,4765200,156.04,156.74,155.32,156.30
20170522,3800638,156.49,157.00,155.80,155.96
20170523,4640232,155.91,156.43,154.68,154.83
20170524,4591646,154.70,155.43,153.29,155.00
20170525,3107260,156.20,156.69,155.35,156.46
20170526,4284054,156.10,156.42,154.64,154.90
20170530,3499883,154.00,154.56,153.52,153.88
20170531,7156354,154.36,154.38,153.28,153.51
20170601,3383273,153.52,155.16,152.74,155.15
20170602,3481327,154.79,155.86,154.42,155.35
20170605,2651771,155.53,155.62,154.23,154.79
20170606,3257777,154.44,154.66,153.65,154.20
20170607,3158039,154.69,155.30,154.35,154.96
20170608,4021411,155.16,155.2335,153.3801,153.50
20170609,4705272,154.00,154.00,152.78,152.96
20170612,4471076,152.80,153.30,151.73,152.18
20170613,3749009,152.31,154.04,152.06,153.99
20170614,5996462,154.50,157.28,153.96,156.76
20170615,3972080,156.13,157.27,154.92,156.77
20170616,9104773,156.25,156.69,155.41,156.64
20170619,5102382,156.91,159.03,156.39,158.81
20170620,4201221,158.73,159.2242,157.60,157.67
20170621,4070968,157.91,158.53,156.43,156.59
20170622,3347363,156.44,157.07,155.47,155.48
20170623,11418870,155.16,155.23,150.91,151.31
20170626,4126987,151.67,151.97,151.13,151.42
20170627,4566725,151.06,153.25,150.75,152.24
20170628,5079113,152.75,153.45,152.36,153.23
20170629,2852426,152.77,153.00,151.52,152.16
20170630,3637683,152.51,154.00,152.27,153.40
20170703,1658535,154.39,154.79,153.71,154.01
20170705,4432527,154.01,154.295,151.46,152.69
20170706,3404693,151.77,152.48,151.22,152.05
20170707,3668746,152.04,152.87,151.90,152.23
20170710,5034213,152.22,152.26,151.00,151.18
20170711,5639742,151.45,151.81,150.50,150.60
20170712,4275810,151.46,153.14,151.09,152.59
20170713,3251358,152.82,154.13,152.60,153.29
20170714,3567490,153.22,153.67,151.82,152.88
20170717,4160950,152.90,154.50,152.72,153.89
20170718,3775897,153.75,153.86,151.98,152.17
20170719,2805581,152.55,154.00,152.55,153.30
20170720,18242890,152.56,152.57,145.61,147.03
20170721,9114891,147.03,147.46,146.13,146.65
20170724,7294263,146.61,146.69,144.25,144.58
20170725,5001538,145.74,147.40,145.28,146.97
20170726,2835360,146.86,147.245,145.96,146.69
20170727,5393567,146.18,147.86,145.89,147.73
20170728,3421024,147.90,148.27,147.32,148.08
20170731,5251923,148.00,149.98,147.54,149.60
20170801,4097532,150.24,150.39,148.95,149.85
20170802,3753303,149.94,150.86,149.92,150.50
20170803,5146465,150.70,152.03,150.50,150.79
20170804,3256147,151.01,152.75,150.80,152.75
20170807,3832995,152.83,154.47,152.47,153.35
20170808,3196695,153.32,154.20,153.08,153.35
20170809,3842218,153.35,155.57,153.32,155.26
20170810,4423448,155.19,155.98,153.88,153.88
20170811,3645144,154.11,155.72,153.98,154.88
20170814,6642327,156.04,156.05,153.56,154.26
20170815,13508910,154.275,154.80,148.26,150.17
20170816,6040785,151.45,152.95,151.16,152.25
20170817,4368875,151.81,152.15,149.61,149.67
20170818,6845373,149.61,149.61,146.96,147.49
20170821,4210017,147.10,149.88,146.89,149.20
20170822,3267334,149.29,150.58,149.29,149.91
20170823,5203150,148.58,149.48,147.4271,149.10
20170824,3735054,149.73,150.60,147.98,148.25
20170825,3026011,148.51,150.53,148.40,149.65
20170828,6836305,151.94,152.39,150.43,151.39
20170829,5360757,150.07,150.90,149.03,149.84
20170830,3637619,150.00,150.25,149.28,150.00
20170831,6082108,150.61,150.925,149.85,149.87
20170901,3382461,150.26,150.94,149.76,150.78
20170905,7503747,151.71,153.92,151.70,152.93
20170906,8114018,154.86,157.03,154.145,156.56
20170907,8258520,158.17,159.28,156.79,157.93
20170908,10066800,159.09,160.69,157.52,159.66
20170911,8844733,158.42,158.74,156.22,158.37
20170912,5779997,159.06,160.93,158.71,159.91
20170913,4704553,160.39,161.38,159.55,160.02
20170914,5280860,160.35,160.85,159.33,159.38
20170915,9101430,159.98,159.99,158.29,158.40
20170918,4003948,159.00,159.00,157.69,157.81
20170919,3703710,157.80,158.32,157.16,157.66
20170920,4596396,157.57,159.39,157.36,158.68
20170921,2892233,158.87,159.556,158.72,159.19
20170922,3576063,159.14,160.09,159.01,159.97
20170925,4861448,160.05,161.43,159.75,161.10
20170926,3075068,161.55,162.00,160.79,161.26
20170927,3922540,161.38,161.69,160.14,160.92
20170928,4610947,160.72,162.45,160.66,162.36
20170929,3446121,162.50,163.61,162.15,163.56
20171002,2635440,164.20,164.25,163.22,164.02
20171003,3046204,164.06,165.28,164.00,165.17
20171004,2738444,165.49,166.08,164.91,165.29
20171005,3493807,165.07,166.25,164.26,166.12
20171006,2897309,166.18,166.63,165.74,165.85
20171009,2131437,166.14,166.63,165.42,165.71
20171010,2755375,165.70,165.80,164.64,165.16
20171011,2319111,165.19,165.865,164.45,165.25
20171012,3458664,165.41,165.41,164.47,164.59
20171013,3252715,164.92,166.0699,164.35,164.47
20171016,2585938,164.47,164.67,163.26,164.22
20171017,4160953,164.22,164.92,161.5111,163.35
20171018,2758010,163.42,164.24,163.35,163.45
20171019,2672517,163.50,164.11,162.77,163.24
20171020,4094945,163.97,164.15,162.74,163.43
20171023,3991776,164.04,166.265,163.75,164.74
20171024,3663003,164.67,166.46,164.65,166.03
20171025,4189075,166.11,166.95,165.3803,166.07
20171026,3748052,166.39,167.94,166.1068,167.65
20171027,3718103,166.80,167.75,166.46,167.34
20171030,3900110,166.99,166.99,164.88,165.31
20171031,2917745,165.40,166.34,165.10,165.78
20171101,3564119,166.42,166.74,165.12,165.38
20171102,6509043,165.01,165.01,160.53,162.71
20171103,3078360,163.01,164.99,162.68,164.39
20171106,3275119,164.80,164.88,163.01,164.22
20171107,3196618,164.09,164.40,162.83,163.66
20171108,2912855,163.34,164.68,163.27,164.05
20171109,3400652,164.10,164.135,162.28,163.27
20171110,3553230,163.34,164.58,162.93,164.11
20171113,7164810,164.64,166.64,164.25,165.35
20171114,10228430,163.62,168.14,163.15,168.06
20171115,5463931,167.44,167.44,165.35,165.47
20171116,4585029,166.68,167.76,166.06,167.50
20171117,4529905,167.00,168.43,166.06,167.74
20171120,4695428,168.14,170.69,167.80,170.45
20171121,6224148,170.53,172.86,170.15,172.86
20171122,4132396,172.89,172.94,172.04,172.06
20171124,1853587,172.11,173.10,171.7425,172.33
20171127,4539303,172.87,174.91,172.38,174.16
20171128,6047956,174.89,176.77,172.9911,176.57
20171129,4888706,176.57,178.43,175.68,177.25
20171130,9122675,178.07,180.67,177.41,179.82
20171201,4603856,180.32,180.60,176.70,180.42
20171204,6190213,183.19,186.31,183.19,184.90
20171205,6341919,184.79,184.91,182.2589,182.85
20171206,6887377,180.25,182.15,178.68,180.80
20171207,5484303,180.05,182.58,179.77,182.00
20171208,5091436,182.50,183.90,182.16,183.41
20171211,5537858,182.90,182.96,181.1201,182.25
20171212,5274612,182.75,183.21,181.66,181.80
20171213,5176163,182.01,183.67,182.00,183.03
20171214,3542577,183.59,184.00,182.06,182.13
20171215,8199590,182.99,183.21,182.13,182.58
20171218,5011569,183.50,185.47,183.50,184.73
20171219,4492044,185.24,186.72,184.60,185.98
20171220,5382622,187.00,187.9024,186.035,187.31
20171221,5855241,187.89,188.84,187.44,188.08
20171222,3256509,188.46,188.46,187.27,188.13
20171226,2963155,188.53,190.42,188.34,190.36
20171227,5910599,190.60,191.49,190.01,190.19
20171228,3175601,190.91,190.98,189.64,189.78
20171229,4637060,190.74,190.74,189.53,189.53
20180102,4684064,190.21,190.72,188.0103,188.03
20180103,4530010,188.00,189.36,187.819,189.01
20180104,4046966,189.87,190.87,188.47,190.51
20180105,4223343,190.93,192.54,190.51,192.50
20180108,3503481,191.72,193.72,191.60,192.04
20180109,3007972,192.70,193.47,191.64,193.10
20180110,3116355,192.76,193.216,191.65,191.80
20180111,3895340,191.68,194.73,191.40,194.68
20180112,6746001,195.50,199.42,194.82,196.42
20180116,5661794,197.86,198.9496,195.70,196.31
20180117,3995270,197.50,199.82,196.8401,199.82
20180118,4460343,199.78,200.24,197.66,198.33
20180119,5790981,199.81,201.33,199.13,201.33
20180122,4849101,201.60,204.47,201.51,204.46
20180123,3597942,204.89,206.35,204.151,204.90
20180124,4098027,205.20,207.10,204.551,206.22
20180125,3534053,206.80,206.83,203.84,205.37
20180126,3766504,205.60,207.3098,204.44,207.23
20180129,3605990,207.23,207.605,204.71,204.92
20180130,5979158,201.47,203.15,191.57,201.81
20180131,4534826,203.22,205.083,200.23,200.90
20180201,3552434,199.34,202.25,198.28,199.90
20180202,6040731,199.25,199.30,193.44,193.97
20180205,10516010,190.07,194.295,180.38,183.11
20180206,11679930,178.62,191.96,175.42,191.04
20180207,6013497,190.73,194.515,189.72,191.29
20180208,7227848,191.14,191.14,180.93,181.22
20180209,9055892,183.25,186.00,175.79,184.12
20180212,6780372,186.55,187.01,183.41,184.06
20180213,4261882,183.23,183.99,180.89,183.72
20180214,6761797,181.88,185.06,181.05,184.69
20180215,5108420,186.74,187.19,183.255,185.27
20180216,7588389,185.06,187.99,184.86,186.97
20180220,8915845,189.90,191.44,186.31,186.71
20180221,7520276,187.21,187.98,182.86,183.06
20180222,5650523,183.72,186.2199,182.91,185.47
20180223,4293461,186.20,188.41,185.62,188.35
20180226,4406204,189.17,189.79,187.8601,188.46
20180227,4614807,188.87,189.25,184.96,184.98
20180228,6416187,184.41,186.6495,182.27,182.27
20180301,6122289,182.75,184.40,178.25,179.64
20180302,5670372,177.72,179.185,176.34,178.46
20180305,5745649,177.86,182.26,177.70,181.74
20180306,5289074,182.75,183.00,179.51,181.64
20180307,4797945,178.82,180.00,176.82,178.58
20180308,4952915,179.44,179.98,176.73,177.94
20180309,4474927,179.00,182.24,177.92,182.16
20180312,4957243,182.43,183.06,179.55,179.71
20180313,6119792,179.59,180.95,177.86,178.35
20180314,4526128,179.10,179.66,175.89,177.41
20180315,3749254,177.69,179.86,176.72,178.07
20180316,8410459,178.43,180.40,177.97,178.96
20180319,4665280,178.65,179.32,176.00,177.10
20180320,4144531,177.64,178.8883,177.16,178.16
20180321,3479619,178.35,180.14,177.68,178.02
20180322,5083166,177.42,178.56,175.08,175.29
20180323,6008817,176.24,177.56,171.56,171.80
20180326,7183239,174.11,176.80,173.515,176.38
20180327,4711802,177.38,178.73,173.60,174.68
20180328,4314701,175.24,177.53,173.92,174.76
20180329,4422570,175.70,178.64,175.50,178.24
20180402,7209677,177.15,177.69,170.42,172.90
20180403,5281340,172.78,174.9385,172.43,173.76
20180404,4756278,170.80,177.84,170.4204,177.44
20180405,3673563,178.00,180.04,177.31,179.13
20180406,5233303,177.98,178.52,173.35,174.45
20180409,5074886,175.06,175.35,172.37,172.51
20180410,4804158,174.03,174.1851,172.2352,173.49
20180411,3916058,172.00,175.06,171.80,172.86
20180412,3384810,173.31,174.24,172.90,173.36
20180413,4148456,174.49,175.51,172.225,172.80
20180416,3533586,174.23,175.60,173.32,174.43
20180417,3106283,175.76,176.24,174.10,174.91
20180418,5852692,175.00,180.25,174.99,179.85
20180419,5392535,179.50,179.70,175.77,177.08
20180420,5007988,177.85,178.89,176.32,177.01
20180423,2973410,177.62,178.38,176.13,177.66
20180424,4434418,179.30,180.00,175.05,176.26
20180425,5586795,176.08,178.07,174.55,177.39
20180426,8650092,178.46,185.93,178.08,185.72
20180427,4380591,185.49,187.0432,183.87,186.46
20180430,4172755,186.99,187.80,184.80,184.80
20180501,3423474,184.73,184.73,181.40,184.63
20180502,3863135,184.49,187.12,183.75,185.91
20180503,4113775,184.87,184.90,181.201,183.19
20180504,3895820,182.75,186.35,181.84,185.03
20180507,3579194,185.40,185.50,182.67,183.56
20180508,4127936,183.45,185.30,182.50,185.04
20180509,3384699,185.03,186.50,183.57,186.36
20180510,3847967,185.97,187.97,185.88,187.16
20180511,5341257,187.63,190.80,187.35,190.31
20180514,7003494,191.50,191.65,189.86,191.08
20180515,10137510,189.50,189.69,186.101,187.98
20180516,5042990,189.28,189.28,185.90,186.38
20180517,4226408,186.25,187.18,184.87,185.33
20180518,4695953,185.75,188.21,185.55,187.42
20180521,4134950,188.20,190.67,188.00,189.79
20180522,4584822,190.06,190.78,186.5175,186.87
20180523,7382983,187.10,187.315,184.98,186.67
20180524,3929410,186.79,187.41,184.67,187.15
20180525,2730401,186.71,187.8302,186.05,186.85
20180529,4720738,185.55,186.83,184.25,185.00
20180530,3969996,184.83,187.80,184.01,187.09
20180531,4837366,187.16,187.36,185.25,186.55
20180601,3705976,187.21,188.83,186.52,187.35
20180604,4100004,188.22,191.54,187.97,191.36
20180605,4230923,190.44,192.38,189.70,191.94
20180606,4133990,193.07,193.59,191.21,193.59
20180607,4378716,193.83,197.20,193.83,196.17
20180608,3999685,195.87,198.50,195.01,198.33
20180611,3999712,198.91,200.52,198.34,199.64
20180612,4596692,199.84,201.34,199.51,201.31
20180613,5072867,201.30,201.58,199.6588,200.31
20180614,4298004,200.26,201.00,198.16,199.67
20180615,7819390,198.95,201.60,198.50,200.54
20180618,3405145,198.94,200.91,198.11,200.69
20180619,5498375,198.21,199.90,198.10,199.21
20180620,3389246,200.00,200.13,198.12,199.08
20180621,4587762,199.21,200.94,198.61,200.31
20180622,7037559,200.79,201.20,197.17,197.41
20180625,5053701,197.41,197.84,195.06,196.38
20180626,3266183,196.58,197.33,195.60,196.36
20180627,3764252,196.66,197.99,195.01,195.02
20180628,2993911,195.00,196.01,193.51,195.21
20180629,4100997,195.86,198.83,194.99,195.10
20180702,3761065,193.82,194.18,192.12,194.02
20180703,1608418,194.44,195.71,193.41,193.62
20180705,2340441,194.49,194.74,193.13,194.41
20180706,2552053,194.58,195.35,192.95,194.48
20180709,2566101,195.70,196.71,195.03,196.08
20180710,2833707,196.56,197.76,196.38,197.61
20180711,3086175,197.22,197.76,195.9506,196.95
20180712,2709167,198.20,198.48,197.00,197.95
20180713,2308074,198.46,199.93,198.46,198.69
20180716,2525645,199.14,199.22,197.89,198.88
20180717,4166834,198.63,201.43,198.63,201.10
20180718,3782377,201.02,201.92,200.19,200.97
20180719,3653070,200.89,203.23,200.5463,202.63
20180720,3564126,202.08,203.76,201.82,202.45
20180723,2077206,202.46,203.39,201.90,202.23
20180724,5058009,203.53,204.25,201.35,201.99
20180725,4380946,201.40,202.29,199.07,201.00
20180726,4280009,201.53,202.12,198.91,199.40
20180727,3871247,200.21,200.49,196.68,197.14
20180730,2328320,196.53,197.57,196.40,197.28
20180731,2793208,197.69,198.03,196.87,197.52
20180801,3086798,196.86,197.74,195.60,196.30
20180802,3530472,195.10,195.8444,193.55,195.66
20180803,2309031,196.03,196.40,195.25,195.64
20180806,2510966,195.62,196.06,195.11,195.69
20180807,3028645,196.35,197.20,195.64,197.05
20180808,2176111,197.44,198.91,197.30,198.02
20180809,2453087,199.00,199.74,198.04,198.08
20180810,2864056,197.34,197.93,195.6438,196.30
20180813,5239667,196.30,197.59,194.00,194.14
20180814,11481050,195.17,195.98,191.27,193.10
20180815,6042632,191.75,194.18,191.09,193.99
20180816,5689516,194.02,196.09,193.72,195.39
20180817,3856087,195.60,195.98,194.82,195.56
20180820,2885272,195.84,198.44,195.40,197.93
20180821,4118826,198.83,200.74,198.41,200.23
20180822,4985937,200.80,203.55,198.6505,198.97
20180823,3594221,199.39,201.41,199.14,200.16
20180824,3053497,200.35,202.50,200.00,201.30
20180827,2521269,202.83,202.95,201.19,201.98
20180828,3516285,202.30,202.4196,200.63,201.97
20180829,2488008,201.11,201.99,200.7125,201.68
20180830,2823872,201.00,201.44,199.10,199.26
20180831,4023276,199.38,200.91,199.29,200.77
20180904,4611685,200.69,205.92,200.50,205.08
20180905,3666498,204.83,206.67,203.15,204.15
20180906,3490345,204.59,207.09,203.80,205.89
20180907,3672128,205.45,207.2299,205.43,206.23
20180910,5581023,208.13,211.62,208.13,210.69
20180911,5962720,213.00,214.66,211.50,213.85
20180912,5665717,214.03,215.43,210.91,211.98
20180913,4663121,211.44,211.44,208.70,209.45
20180914,3584444,210.19,210.53,207.55,209.07
20180917,3074051,209.08,210.035,208.26,208.40
20180918,4337697,208.63,211.73,208.16,211.02
20180919,2572720,212.00,212.67,210.66,211.68
20180920,3955579,211.66,212.61,211.005,211.06
20180921,9738588,211.30,212.66,210.51,212.39
20180924,4620776,211.52,211.84,207.96,207.99
20180925,4347875,208.84,209.30,206.80,207.46
20180926,2849472,208.58,209.14,207.23,207.52
20180927,3217974,207.50,207.83,205.6713,206.84
20180928,3481008,206.44,208.85,206.35,207.15
20181001,3665565,208.52,209.79,207.37,207.60
20181002,4305045,207.49,208.04,204.67,204.75
20181003,4113706,206.162,206.46,203.65,203.74
20181004,5908539,203.65,203.76,198.27,198.85
20181005,5015682,199.07,199.70,194.57,196.38
20181008,3662701,196.24,198.66,195.06,198.41
20181009,4465054,197.95,199.18,195.58,195.75
20181010,6057291,199.11,199.24,193.35,193.70
20181011,5827722,193.71,196.67,188.47,189.74
20181012,5353959,192.75,193.59,190.16,192.47
20181015,3506669,192.36,193.29,190.7021,191.17
20181016,4038661,191.83,194.08,190.61,193.58
20181017,8963665,189.64,190.67,183.98,185.17
20181018,9184320,184.26,185.40,179.53,180.44
20181019,6951669,180.34,180.99,178.57,179.85
20181022,4801715,180.82,181.40,177.56,178.75
20181023,6978237,175.77,179.49,175.44,178.53
20181024,6778345,178.58,182.3693,176.31,176.97
20181025,5219353,177.52,180.50,176.8262,179.07
20181026,9466646,176.88,177.34,170.91,172.23
20181029,5911333,173.74,175.99,170.95,173.20
20181030,5633796,173.16,176.43,172.64,176.24
20181031,6328791,177.98,178.85,175.59,175.88
20181101,5181923,176.84,180.86,175.90,180.46
20181102,4714994,182.47,183.01,177.39,179.93
20181105,3844401,181.02,182.41,179.30,182.19
20181106,3338832,181.93,182.65,180.05,182.01
20181107,4673211,183.79,187.68,182.06,187.23
20181108,4038373,187.13,188.69,185.72,188.00
20181109,4760428,188.32,188.48,184.96,185.99
20181112,7583608,185.23,186.95,179.02,179.43
20181113,14266880,177.30,181.62,172.85,179.00
20181114,7544502,182.61,182.90,179.15,179.90
20181115,8657699,179.01,179.67,173.61,177.36
20181116,6833875,173.99,177.605,173.51,177.02
20181119,6072009,176.71,178.88,172.30,173.59
20181120,8658985,169.25,172.00,167.00,169.05
20181121,5751746,170.00,170.93,169.145,169.30
20181123,2710983,169.39,170.33,168.47,168.85
20181126,6139285,170.20,172.39,168.87,169.82
20181127,7082333,169.11,173.38,168.82,173.22
20181128,7128498,172.91,177.65,170.62,177.43
20181129,4327576,176.80,177.27,174.92,175.66
20181130,8940189,175.75,180.37,175.11,180.32
20181203,7311068,183.29,183.50,179.35,181.74
20181204,6980750,181.06,182.23,174.55,175.30
20181206,7511271,173.50,176.04,170.4551,175.96
20181207,6096865,175.35,178.36,172.24,172.79
20181210,5371655,173.39,173.985,167.73,171.69
20181211,4747621,174.30,175.60,171.24,172.21
20181212,5912530,173.75,176.87,172.81,174.21
20181213,5500165,174.31,174.91,172.07,173.87
20181214,4257258,172.98,175.14,171.95,172.29
20181217,5610638,171.51,171.99,166.93,167.97
20181218,4457191,168.90,171.95,168.50,170.04
20181219,6990865,170.92,174.95,166.77,167.56
20181220,7667930,166.28,167.31,162.23,164.16
20181221,13027230,162.81,167.96,160.17,160.48
20181224,4547363,160.16,161.40,158.09,158.14
20181226,6115016,159.46,168.28,159.44,168.28
20181227,5062077,166.44,170.46,163.3627,170.32
20181228,4551969,171.22,173.12,168.60,170.22
20181231,4205015,171.47,173.24,170.65,171.82
20190102,4234508,169.71,173.18,169.05,172.41
20190103,4822096,171.84,171.84,168.21,168.61
20190104,4731759,170.18,174.74,169.5203,173.62
20190107,4910699,173.83,178.18,173.83,177.04
20190108,4657743,178.57,179.59,175.61,177.89
20190109,4915706,177.87,181.27,177.0999,179.73
20190110,3562920,178.03,179.24,176.34,179.06
20190111,3248681,177.93,180.26,177.12,179.41
20190114,3823363,177.59,179.23,176.9007,178.81
20190115,4999427,176.08,177.8212,175.20,176.47
20190116,4023265,177.09,177.93,175.86,177.04
20190117,6459540,174.01,175.46,172.00,174.87
20190118,6370944,176.98,180.04,176.18,179.58
20190122,6249265,177.49,178.6048,175.3626,177.11
20190123,4851502,176.59,178.06,174.53,176.89
20190124,3860067,177.00,177.53,175.30,177.29
20190125,4501801,179.78,180.87,178.61,180.40
20190128,4061114,178.97,179.99,177.41,179.83
20190129,3685377,178.96,180.15,178.09,179.69
20190130,5183764,180.47,184.20,179.78,182.18
20190131,5134718,181.50,184.67,181.06,183.53
20190201,4512703,184.03,185.15,182.83,184.37
20190204,3037407,184.30,186.43,183.84,186.43
20190205,3995226,186.89,186.99,184.69,186.39
20190206,3071868,186.69,186.69,184.06,184.72
20190207,2787944,183.74,184.9231,182.45,184.07
20190208,2792250,183.05,184.58,182.72,184.54
20190211,3652190,185.00,185.42,182.75,182.92
20190212,3748228,183.84,186.40,183.52,185.52
20190213,4146910,186.30,188.68,185.92,188.41
20190214,2600623,187.50,188.93,186.0025,187.71
20190215,4995489,189.87,192.62,189.05,192.39
20190219,3828349,191.71,193.19,191.28,192.33
20190220,3928676,192.39,192.40,191.11,191.85
20190221,3088660,191.85,192.37,190.61,191.82
20190222,3320000,191.69,192.54,191.62,192.39
20190225,6182872,192.75,193.4199,189.96,189.98
20190226,13513560,185.59,188.47,182.80,188.30
20190227,8762089,187.90,188.50,183.21,183.67
20190228,7555017,183.60,185.19,183.11,185.14
20190301,5479764,185.82,186.56,182.861,185.17
20190304,5004463,186.20,186.24,182.1025,183.81
20190305,3432989,184.24,185.12,183.25,184.00
20190306,4425147,184.53,184.97,183.84,184.45
20190307,4096370,184.39,184.62,181.58,182.51
20190308,3866389,181.49,181.91,179.52,181.23
20190311,3865092,182.00,183.1966,181.20,182.44
20190312,3774562,183.43,184.27,182.33,184.00
20190313,4525597,183.24,183.78,181.0801,181.14
20190314,4390157,181.28,181.74,180.50,181.61
20190315,8059123,182.30,182.49,179.57,182.23
20190318,4294272,182.53,183.48,182.33,183.42
20190319,4366912,184.19,185.82,183.48,184.13
20190320,4643574,184.30,187.12,183.43,186.10
20190321,4755544,185.50,190.00,185.50,189.97
20190322,5119013,189.31,192.05,188.67,188.75
20190325,3798408,188.75,191.71,188.51,189.68
20190326,4027875,190.69,192.19,188.74,189.34
20190327,4120034,189.65,191.61,188.39,189.25
20190328,3134180,189.91,191.3999,189.16,190.06
20190329,4385233,190.85,192.04,190.14,191.89
20190401,5057427,192.99,195.90,192.85,195.64
20190402,2507615,195.50,195.50,194.015,194.31
20190403,4432684,194.98,198.785,194.11,198.61
20190404,3138345,199.00,200.49,198.02,200.45
20190405,3614446,200.86,203.13,200.61,202.06
20190408,3040820,201.37,203.79,201.24,203.55
20190409,3670010,202.26,202.71,200.46,200.90
20190410,3579816,201.26,201.60,198.02,199.43
20190411,2465132,199.90,201.50,199.03,201.48
20190412,3097402,202.13,204.26,202.13,203.85
20190415,2834196,204.16,205.14,203.404,204.86
20190416,3271432,205.25,205.99,204.29,204.47
20190417,3030171,205.34,206.84,205.32,206.55
20190418,3108823,206.02,207.775,205.10,205.66
20190422,2593871,204.11,206.25,204.00,204.78
20190423,3700890,205.14,207.33,203.43,206.05
20190424,2690010,206.16,208.295,205.54,206.72
20190425,3288166,206.01,207.72,205.06,206.50
20190426,3487875,205.88,206.14,203.34,203.61
20190429,3647581,203.31,203.80,200.34,202.16
20190430,3414662,201.55,203.75,200.79,203.70
20190501,4644666,203.20,203.52,198.66,198.80
20190502,2810109,199.30,201.06,198.80,201.01
20190503,3583835,202.00,202.31,200.32,200.56
20190506,2619675,198.74,199.93,198.31,199.63
20190507,4622108,196.75,197.65,192.96,194.77
20190508,3122569,194.49,196.61,193.68,195.17
20190509,2917943,193.31,195.077,191.59,194.58
20190510,3863576,193.21,195.49,190.01,194.58
20190513,3326028,191.00,191.66,189.14,190.34
20190514,3663632,190.50,192.76,190.01,191.62
20190515,3355797,190.81,192.81,190.27,191.76
20190516,3853985,192.47,194.96,192.20,192.38
20190517,5223777,190.86,194.495,190.75,192.58
20190520,4782752,191.13,192.86,190.61,190.95
20190521,8555840,187.13,192.52,186.34,191.45
20190522,5706339,190.49,192.22,188.05,188.91
20190523,7754163,188.45,192.54,186.27,192.00
20190524,3799486,192.54,193.86,190.41,193.59
20190528,5165764,194.38,196.47,191.35,191.55
20190529,4569945,190.28,191.88,188.03,189.99
20190530,3029849,190.13,192.50,190.09,191.08
20190531,3681598,189.64,190.29,188.66,189.85
20190603,4620379,189.52,191.87,188.75,189.57
20190604,5118128,191.58,195.50,191.42,195.25
20190605,3704587,194.01,196.72,193.08,196.69
20190606,3732940,196.65,197.65,194.96,197.17
20190607,3522396,197.20,199.02,196.21,197.30
20190610,3154460,198.56,199.85,197.32,198.05
20190611,3708474,199.02,200.84,195.84,198.01
20190612,2551590,198.81,200.185,197.98,198.94
20190613,3631270,199.95,202.68,199.45,202.35
20190614,4898440,201.31,206.50,201.31,205.77
20190617,4620500,207.00,208.79,206.00,206.98
20190618,3891295,208.10,210.17,207.11,207.48
20190619,3648435,207.90,208.48,205.90,207.94
20190620,5171454,209.57,211.66,209.31,211.25
20190621,9854979,211.26,211.99,209.08,209.39
20190624,4943452,208.15,209.26,205.12,205.50
20190625,3588178,206.30,207.10,204.20,204.74
20190626,3071224,205.34,207.32,204.65,206.42
20190627,2286764,207.61,208.00,206.01,207.02
20190628,11068970,207.77,209.00,207.39,207.97
20190701,4100105,209.70,212.31,208.17,210.28
20190702,3160610,210.24,210.26,208.46,210.14
20190703,2183742,209.82,212.75,209.70,212.10
20190705,2547864,209.97,212.17,209.7261,211.46
20190708,2705327,210.98,213.44,210.59,212.91
20190709,2397527,211.93,213.33,211.20,212.00
20190710,3457376,210.72,211.32,208.8268,210.75
20190711,3450056,212.25,214.08,211.02,214.04
20190712,4429826,215.00,218.25,214.61,218.23
20190715,3141289,218.95,219.2951,216.81,218.70
20190716,2657421,217.30,218.35,216.73,217.26
20190717,3037577,216.73,217.58,215.61,215.61
20190718,3069619,215.50,216.23,213.01,214.44
20190719,3255033,214.67,215.23,212.93,213.04
20190722,2765719,213.00,213.26,210.38,211.27
20190723,2590137,212.57,214.13,211.726,213.08
20190724,2207164,213.19,214.79,213.07,214.71
20190725,2335396,214.28,215.92,213.63,215.55
20190726,2675559,215.53,217.21,214.10,216.91
20190729,2407248,216.79,218.27,216.35,218.04
20190730,2172571,217.52,218.59,216.86,217.36
20190731,3426412,216.35,217.80,212.165,213.69
20190801,3431473,214.14,217.61,212.02,212.83
20190802,2884886,211.86,213.14,211.0812,212.15
20190805,4553198,209.53,209.99,204.08,204.94
20190806,3646800,205.01,209.09,204.50,208.80
20190807,3901105,206.04,208.50,203.13,207.91
20190808,2968173,209.70,211.69,208.7201,211.57
20190809,2912078,211.45,212.4123,207.95,210.02
20190812,2004627,208.10,209.64,206.15,207.01
20190813,3906289,206.31,211.62,204.78,208.33
20190814,4582123,204.46,205.36,201.51,201.59
20190815,4199748,203.00,203.76,199.05,201.79
20190816,4093594,203.75,204.43,201.6701,203.65
20190819,6413591,206.98,208.82,205.30,207.95
20190820,12455060,213.50,217.85,212.17,217.09
20190821,7940577,218.73,220.88,216.76,220.40
20190822,4545216,220.05,222.655,219.88,221.02
20190823,5770379,219.90,220.87,216.01,217.47
20190826,3680273,218.46,219.50,216.18,218.65
20190827,4313269,219.55,220.41,217.91,218.21
20190828,3072754,217.88,222.09,217.11,221.95
20190829,4184912,223.90,227.70,223.76,227.32
20190830,3769326,228.43,229.27,226.69,227.91
20190903,4139414,226.45,227.63,223.38,224.07
20190904,3146989,223.95,224.15,220.67,224.15
20190905,3373539,226.30,228.78,226.25,228.15
20190906,3237893,228.70,231.37,227.88,231.13
20190909,4449066,231.50,233.87,230.075,232.87
20190910,4210672,232.25,233.02,229.7117,233.00
20190911,2978346,232.93,233.68,231.02,232.66
20190912,3366138,233.42,235.49,233.11,233.80
20190913,3805519,234.33,234.97,232.33,233.98
20190916,3120219,232.73,233.61,230.61,230.99
20190917,3806137,226.79,230.33,226.47,230.21
20190918,3423131,230.37,231.53,229.01,230.83
20190919,3254884,231.15,231.40,227.95,228.12
20190920,7797035,227.99,230.05,224.23,224.67
20190923,2955323,224.16,227.14,223.95,226.25
20190924,4518353,228.14,230.2383,224.78,225.41
20190925,3969380,226.59,228.45,224.50,228.10
20190926,4383280,229.68,231.12,229.00,229.79
20190927,3152242,231.61,231.75,229.13,229.86
20190930,3258468,230.19,232.59,230.12,232.02
20191001,3530209,233.01,234.51,230.72,231.08
20191002,4371896,230.60,230.60,224.34,225.55
20191003,2972928,225.00,226.81,222.12,226.81
20191004,3188709,227.17,229.21,227.02,227.93
20191007,2967658,227.51,228.13,226.05,226.74
20191008,3567904,225.36,228.78,225.10,226.67
20191009,2675389,228.50,229.56,226.61,228.94
20191010,3052401,229.34,232.24,229.08,231.61
20191011,3479059,234.32,236.70,233.76,234.66
20191014,2538129,234.22,235.485,234.06,234.18
20191015,2667156,234.69,236.86,234.60,235.62
20191016,2389282,235.42,236.17,233.84,235.90
20191017,2296853,236.36,238.1736,235.51,236.77
20191018,3663925,236.99,238.73,235.64,237.93
20191021,2079644,238.26,238.99,235.61,236.70
20191022,2022890,237.30,238.30,236.516,237.20
20191023,2138451,236.66,237.41,234.36,234.67
20191024,2184113,234.81,236.37,233.07,233.89
20191025,2210872,233.49,235.42,232.55,234.38
20191028,2705001,234.95,236.96,234.56,236.80
20191029,2558004,236.84,237.50,233.92,234.14
20191030,1956669,233.51,236.60,232.88,236.24
20191031,2824072,236.86,237.39,233.22,234.58
20191101,2197403,236.07,237.445,235.061,237.34
20191104,2542426,238.27,238.39,233.88,234.92
20191105,3624629,234.74,234.92,230.27,232.20
20191106,2631943,232.83,234.04,231.89,234.01
20191107,2832865,234.00,235.79,231.76,232.94
20191108,2088455,232.80,233.26,231.6313,232.84
20191111,2310669,230.50,232.28,230.18,231.80
20191112,2991171,232.15,234.63,232.00,233.12
20191113,2625015,232.09,234.90,230.85,234.80
20191114,2283848,235.00,236.94,234.04,236.55
20191115,3526672,237.69,238.05,236.36,237.29
20191118,5766962,238.44,239.3091,236.76,238.85
20191119,14984830,230.60,233.12,225.40,225.86
20191120,10228810,224.55,225.00,220.57,220.90
20191121,7823720,221.94,222.31,218.50,218.54
20191122,5786478,218.50,219.13,217.81,218.03
20191125,8869811,218.00,218.53,216.88,218.40
20191126,9988417,218.76,220.96,218.39,220.76
20191127,6691487,221.68,223.4496,220.664,223.00
20191129,2952948,223.30,223.33,220.29,220.51
20191202,4428499,220.90,221.19,217.46,217.62
20191203,6734092,216.45,216.45,212.9305,214.00
20191204,4256397,213.50,214.96,213.19,214.10
20191205,4581409,214.36,214.50,211.7701,213.00
20191206,4194211,214.21,215.3595,213.90,214.28
20191209,5149564,214.29,217.88,214.18,216.53
20191210,4664413,216.52,216.69,215.10,215.90
20191211,8286340,211.03,213.65,210.61,212.00
20191212,9916525,212.50,214.13,210.73,212.04
20191213,6870348,212.12,214.23,210.67,214.08
20191216,5851489,214.43,216.715,214.30,215.53
20191217,7578895,216.02,219.45,215.87,217.72
20191218,6678292,218.21,219.59,217.64,218.00
20191219,5765685,218.48,220.77,218.28,220.22
20191220,7778259,220.59,221.569,219.80,221.19
20191223,3945353,222.00,222.00,219.14,219.21
20191224,2260656,219.50,221.04,219.22,220.67
20191226,2650339,220.74,221.1532,219.59,220.82
20191227,3082875,221.20,221.79,219.78,219.97
20191230,3952771,220.37,220.49,216.5479,217.31
20191231,3790250,217.10,218.51,216.44,218.38
20200102,3936097,219.08,219.76,217.8401,219.66
20200103,3425706,217.14,219.68,216.75,218.93
20200106,5683576,216.49,220.00,216.40,219.96
20200107,5696660,219.50,220.56,216.90,218.52
20200108,4916829,218.80,222.97,218.665,221.79
20200109,4844154,222.64,225.55,221.85,225.19
20200110,4226760,224.75,225.49,223.03,224.22
20200113,6061943,224.50,224.51,222.68,223.34
20200114,3916025,222.48,224.9458,222.31,222.81
20200115,3444310,222.28,224.98,222.13,224.59
20200116,5390755,225.93,228.86,225.40,228.82
20200117,7979597,229.61,232.60,228.91,231.91
20200121,4873853,231.53,233.66,231.06,232.95
20200122,4030827,233.79,236.53,232.8759,232.90
20200123,4617883,232.13,234.8167,230.64,233.65
20200124,4467501,234.46,235.43,230.56,232.00
20200127,3595928,228.20,232.47,228.20,231.19
20200128,3622093,231.82,235.25,231.35,233.86
20200129,2564540,234.90,235.88,233.40,234.02
20200130,4685674,232.00,233.295,231.57,232.79
20200131,5304743,232.96,233.233,227.89,228.10
20200203,5101207,230.30,233.53,229.35,231.54
20200204,3505081,234.03,236.36,234.03,235.00
20200205,3868791,237.10,238.32,235.86,238.11
20200206,3930383,238.00,239.405,237.48,238.84
20200207,2456067,238.84,239.5299,236.52,237.30
20200210,2568037,236.60,240.61,236.18,240.61
20200211,2692405,240.61,242.45,240.2035,241.64
20200212,3592140,242.13,242.3003,238.84,241.59
20200213,2468189,240.97,243.60,240.40,242.36
20200214,2841585,243.44,245.20,242.63,245.03
20200218,2893400,244.84,246.11,243.16,243.94
20200219,2713341,244.91,245.50,243.01,243.64
20200220,3701834,243.69,247.12,242.15,247.02
20200221,3881083,246.50,247.36,244.00,245.34
20200224,5350146,238.48,243.11,237.70,239.70
20200225,8061529,246.10,246.97,236.48,237.38
20200226,6965709,239.10,241.0407,234.32,235.28
20200227,7612793,231.07,234.82,224.57,224.73
20200228,11814660,218.63,221.0599,212.33,217.84
20200302,7150821,219.98,230.00,218.49,229.94
20200303,8432488,230.03,235.82,225.5705,227.94
20200304,6769978,233.01,241.32,231.80,241.08
20200305,6473854,236.60,239.6099,233.15,234.81
20200306,7400162,227.57,230.29,222.25,228.51
20200309,10120510,213.87,216.18,207.25,210.46
20200310,7206600,217.21,225.83,211.00,225.70
20200311,7261975,217.30,219.15,210.50,212.89
20200312,10928670,195.41,206.58,184.84,190.59
20200313,10292300,200.45,205.82,190.00,205.67
20200316,12536630,181.97,186.10,163.11,164.96
20200317,16234410,168.21,174.78,155.30,173.64
20200318,14681870,159.80,162.33,140.63,155.63
20200319,13499060,153.16,162.91,142.00,161.13
20200320,12602420,162.78,170.22,151.81,152.15
20200323,12241620,150.06,164.93,146.34,162.39
20200324,14676620,173.39,185.67,172.01,184.72
20200325,11497380,184.42,191.545,180.00,181.76
20200326,10174080,183.49,198.20,182.50,195.21
20200327,7121658,188.49,196.3827,186.50,190.55
20200330,6936746,190.57,198.20,187.61,196.10
20200331,7341134,194.80,195.49,185.45,186.71
20200401,7858183,175.91,182.76,175.00,178.63
20200402,6353948,174.95,182.72,174.00,181.31
20200403,7299814,179.56,181.35,174.94,178.70
20200406,7454001,188.00,192.41,185.1273,191.33
20200407,6438763,202.92,204.11,191.85,192.29
20200408,6094736,194.21,196.77,191.54,194.82
20200409,7125726,199.80,205.99,196.50,201.53
20200413,4415560,200.45,200.45,195.37,198.79
20200414,5655443,201.88,209.725,200.13,207.17
20200415,5693945,198.67,202.2351,196.6141,198.48
20200416,7262770,199.12,202.21,196.82,199.85
20200417,6717580,207.17,210.25,206.1631,209.42
20200420,4753058,206.13,211.03,205.36,206.05
20200421,4844962,200.75,204.34,199.51,200.61
20200422,4071352,201.89,205.71,201.14,204.17
20200423,3565518,203.32,206.97,202.19,202.32
20200424,5026219,204.73,212.93,203.85,212.18
20200427,5472779,215.04,220.94,214.01,217.76
20200428,5080746,223.99,224.22,216.91,217.63
20200429,4381069,221.34,224.17,219.82,221.81
20200430,5152681,216.79,222.11,216.52,219.83
20200501,3819299,216.77,219.70,215.77,218.57
20200504,4090943,216.68,222.66,215.21,221.84
20200505,4655164,224.94,228.85,223.61,225.61
20200506,3321131,227.37,228.44,223.80,223.92
20200507,4503029,226.51,231.6315,226.4201,229.45
20200508,4367213,232.70,235.55,231.15,234.43
20200511,4378313,231.77,238.77,231.25,236.56
20200512,4399618,238.57,239.25,232.90,232.90
20200513,6237154,233.04,236.30,228.544,230.10
20200514,6434481,226.37,234.66,226.20,234.48
20200515,16176260,232.79,243.23,232.70,239.33
20200518,8341251,245.84,248.3199,244.04,245.35
20200519,9386987,240.45,242.46,237.80,238.10
20200520,7534153,242.00,242.27,234.95,238.19
20200521,4772695,237.62,241.18,235.79,240.88
20200522,3041768,240.70,242.34,238.655,241.88
20200526,4535235,248.15,248.22,242.07,242.48
20200527,4664800,242.69,247.39,240.78,247.36
20200528,5261750,249.52,252.23,244.43,245.14
20200529,5342824,245.06,249.71,244.73,248.48
20200601,3409936,249.41,249.78,245.87,247.29
20200602,5301049,248.63,252.72,247.00,252.71
20200603,4638114,251.80,252.825,250.3913,251.00
20200604,4759381,249.77,252.173,247.47,248.95
20200605,5054333,252.34,255.85,250.38,254.90
20200608,3811872,252.49,256.81,252.26,256.77
20200609,3716430,255.33,258.29,253.86,256.76
20200610,3589810,257.45,259.2867,254.22,254.45
20200611,6563710,248.86,250.62,238.74,239.47
20200612,5238493,243.07,246.39,237.05,242.45
20200615,6253342,237.62,242.2199,234.31,241.36
20200616,5296424,249.40,251.65,242.87,249.95
20200617,4234003,252.77,254.62,250.08,250.85
20200618,3347826,249.36,251.75,247.13,249.21
20200619,11114630,253.10,254.30,246.38,246.65
20200622,3815172,245.70,250.06,245.51,249.16
20200623,3105348,253.00,253.44,250.13,250.31
20200624,3873027,247.81,250.2873,242.73,246.13
20200625,2938448,244.80,246.35,242.20,245.38
20200626,5002690,245.35,246.10,240.25,241.01
20200629,3468293,242.66,246.50,240.3401,246.12
20200630,4524580,247.00,251.65,246.09,250.51
20200701,3677252,249.65,250.3295,246.93,248.15
20200702,3369796,251.94,252.30,247.92,248.50
20200706,3133849,250.27,251.50,247.04,249.55
20200707,2927762,247.37,250.78,247.07,247.35
20200708,2293978,247.87,249.785,246.22,249.17
20200709,2994695,249.66,250.51,246.35,247.96
20200710,2745258,248.29,250.33,246.635,250.11
20200713,4437469,251.92,257.86,249.09,249.62
20200714,4614212,249.00,258.18,248.46,257.79
20200715,4343650,260.14,261.2878,255.15,257.80
20200716,2511224,256.76,260.50,256.00,258.08
20200717,3094992,260.03,260.65,257.72,260.38
20200720,2451072,259.04,261.20,258.02,260.17
20200721,2440478,261.62,263.87,260.72,262.42
20200722,2749966,262.59,265.59,262.00,265.17
20200723,2680102,267.80,267.80,261.80,263.81
20200724,2984507,265.04,266.89,262.99,265.31
20200727,2412476,265.09,268.68,265.09,267.42
20200728,2226974,268.56,269.07,264.6694,265.28
20200729,2874097,264.80,267.105,264.17,264.66
20200730,2347799,263.34,267.345,261.55,266.31
20200731,3640388,265.00,267.17,260.61,265.49
20200803,2364447,266.73,268.58,265.67,266.18
20200804,2223957,266.63,267.89,263.84,267.87
20200805,1963860,268.39,268.39,265.89,267.48
20200806,2203428,266.60,270.44,266.53,269.37
20200807,2846290,270.61,274.9199,269.81,271.64
20200810,2393112,272.42,275.00,271.795,274.73
20200811,3321260,277.69,279.37,274.41,274.92
20200812,3869967,279.75,282.9673,276.96,281.58
20200813,2202427,281.16,282.655,279.74,281.66
20200814,2490422,281.14,282.00,279.19,280.55
20200817,5584428,284.40,289.2172,283.57,288.24
20200818,6934290,288.90,290.58,283.04,285.00
20200819,4986759,287.46,287.97,281.93,282.86
20200820,3529991,280.535,281.91,279.4351,280.68
20200821,5504045,279.97,283.55,278.42,283.23
20200824,4430864,284.99,286.85,281.9223,286.75
20200825,2854466,287.27,287.48,283.885,286.13
20200826,4001938,287.73,292.12,286.275,291.93
20200827,3430926,292.22,292.95,286.56,288.63
20200828,3100102,288.31,288.83,284.77,286.29
20200831,4105437,285.00,286.69,282.87,285.04
20200901,3238088,284.03,286.68,283.50,285.94
20200902,3464637,284.85,288.04,283.60,287.20
20200903,5380082,287.30,287.70,272.17,274.63
20200904,5253456,275.55,276.77,264.6727,269.66
20200908,5241197,267.11,271.04,262.81,269.26
20200909,4754651,272.46,279.74,271.75,277.04
20200910,3156250,278.01,280.98,271.17,272.70
20200911,3729223,273.98,277.98,273.46,276.33
20200914,3055846,278.55,282.46,278.015,280.65
20200915,4174935,283.04,286.70,282.38,285.58
20200916,3380045,285.61,286.58,280.6801,281.63
20200917,3166910,277.91,282.72,276.96,279.96
20200918,6072932,278.41,279.835,270.81,275.19
20200921,3547977,271.87,272.8999,266.53,272.35
20200922,2972025,271.68,273.52,270.63,273.31
20200923,4467612,275.42,276.62,264.685,266.55
20200924,3095558,265.71,269.70,263.8801,265.70
20200925,2457922,264.19,270.15,263.9194,268.55
20200928,3061079,271.93,274.22,270.30,272.33
20200929,2049239,273.40,273.8415,271.1138,272.11
20200930,4779076,273.48,279.915,272.52,277.71
20201001,2696923,279.44,280.00,275.85,277.62
20201002,2943577,274.94,281.08,274.1032,279.31
20201005,2330743,280.92,282.42,279.70,282.10
20201006,2992517,282.50,283.00,275.77,276.47
20201007,3423651,280.85,284.00,280.00,282.79
20201008,2256215,283.84,284.95,281.1707,284.52
20201009,2240096,285.47,287.28,284.09,285.92
20201012,2411899,287.39,288.33,286.06,286.91
20201013,2699882,285.70,290.77,285.70,290.36
20201014,2221184,289.51,290.30,285.15,287.09
20201015,2700137,284.12,290.25,283.12,287.54
20201016,3109401,288.25,292.655,287.25,287.66
20201019,2428441,289.76,290.11,283.38,283.73
20201020,2281770,285.14,289.79,284.13,286.04
20201021,2304473,285.39,288.0187,283.28,284.51
20201022,2787332,283.93,285.68,280.65,281.16
20201023,1750747,282.38,283.19,279.55,283.00
20201026,2911876,279.64,281.5299,272.00,276.04
20201027,3014280,276.99,279.73,276.1157,276.84
20201028,3255851,270.25,273.6696,268.6901,269.72
20201029,2872501,269.69,273.70,267.3119,269.63
20201030,3874571,268.82,269.62,262.03,266.71
20201102,2956798,270.15,274.78,268.52,270.74
20201103,3037485,274.85,279.53,273.72,277.37
20201104,3525318,276.76,287.04,276.01,282.72
20201105,2516570,288.35,288.998,284.08,285.85
20201106,2839134,286.73,286.7799,282.85,284.24
20201109,7856419,287.98,288.42,269.47,269.97
20201110,4828522,272.785,275.79,269.25,275.57
20201111,2987878,277.32,281.69,276.1701,277.75
20201112,3820310,283.00,283.6943,273.84,276.24
20201113,3941687,276.42,279.73,275.26,277.17
20201116,5360160,279.18,281.29,276.40,279.57
20201117,8532219,272.10,273.529,269.4001,272.47
20201118,5122219,270.50,275.38,269.00,269.83
20201119,3929422,270.42,272.38,268.70,270.93
20201120,4112543,271.45,272.37,268.87,269.81
20201123,3294219,270.01,273.689,269.55,271.40
20201124,4775318,274.00,275.545,272.57,273.31
20201125,3001748,273.48,274.74,271.212,273.96
20201127,1625328,275.24,276.58,274.36,275.99
20201130,4624131,275.22,277.76,271.92,277.41
20201201,3944872,278.73,278.95,275.55,276.60
20201202,4168645,273.97,274.11,269.57,271.10
20201203,4168929,270.63,271.93,267.14,268.14
20201204,7732829,267.47,268.73,262.82,263.99
20201207,6378989,263.50,264.50,261.00,262.64
20201208,5338142,261.72,262.50,258.73,261.72
20201209,4550125,264.61,265.7708,262.25,265.58
20201210,4234320,264.08,266.07,262.11,264.81
20201211,3454512,263.36,265.3618,262.646,264.55
20201214,4576775,266.14,268.5999,265.27,265.58
20201215,3756037,267.51,268.7628,266.20,267.98
20201216,4669578,268.53,270.75,267.51,269.59
20201217,4247048,272.16,274.33,271.30,273.97
20201218,9817032,274.59,275.74,270.30,270.45
20201221,4339037,268.56,271.95,265.88,270.99
20201222,3143451,270.06,271.36,268.51,270.04
20201223,2337149,270.06,271.00,268.20,269.81
20201224,1093947,269.44,271.36,269.40,270.92
20201228,2633841,272.17,272.25,269.24,269.25
20201229,2572074,269.98,270.46,265.07,266.19
20201230,2511385,266.11,267.30,264.92,265.26
20201231,2608139,265.57,265.95,263.58,265.62
20210104,5001983,266.01,266.4446,261.06,263.92
20210105,3822639,262.66,266.53,262.26,266.05
20210106,3949198,264.06,269.77,261.87,267.57
20210107,3833249,266.95,268.783,266.17,266.26
20210108,3757709,267.35,270.7325,267.00,269.09
20210111,3765227,267.47,273.37,267.26,271.23
20210112,4030946,271.11,277.939,270.655,276.33
20210113,3921418,278.31,280.48,273.94,274.05
20210114,4641421,274.50,274.895,267.67,268.34
20210115,5131741,268.63,276.39,268.00,275.59
20210119,3615794,278.00,278.00,273.02,273.19
20210120,3498412,273.25,277.21,271.50,274.30
20210121,4401230,276.22,280.70,275.67,279.05
20210122,4501941,279.26,285.08,277.87,284.00
20210125,4025905,283.85,285.77,281.42,285.08
20210126,2472211,285.42,285.65,281.695,282.60
20210127,4336987,279.99,280.8099,273.08,274.05
20210128,3462967,276.17,282.96,274.93,278.05
20210129,4079485,275.81,277.06,270.03,270.82
20210201,3707825,271.23,272.65,267.2533,270.07
20210202,4111756,270.00,275.69,269.99,272.16
20210203,2802674,271.89,275.72,270.715,274.17
20210204,2975976,274.25,279.44,274.25,278.82
20210205,2389915,280.29,281.7599,277.81,278.86
20210208,3475827,279.69,280.4194,276.8895,280.03
20210209,2507751,279.66,280.20,276.62,276.77
20210210,2410575,278.03,278.93,276.25,278.69
20210211,2595287,277.93,280.25,276.01,277.06
20210212,2392184,277.12,278.71,276.58,277.51
20210216,2873454,277.01,278.63,274.88,275.39
20210217,3537815,275.54,281.79,275.40,280.92
20210218,3531964,280.80,284.68,279.83,283.05
20210219,4079946,282.87,283.91,279.44,279.64
20210222,3995469,278.21,278.49,273.63,275.85
20210223,12111050,269.38,269.67,257.58,267.24
20210224,14512740,263.23,266.99,254.03,259.97
20210225,6545422,259.75,260.90,254.71,255.25
20210226,7871183,257.77,260.24,256.1105,258.34
20210301,4530280,258.81,262.48,258.4739,261.62
20210302,3740283,261.68,263.1099,259.7701,260.29
20210303,4257543,259.28,260.50,256.01,257.36
20210304,7154940,256.00,256.86,247.10,250.93
20210305,6351823,252.26,254.20,246.59,253.52
20210308,5037359,254.23,263.23,252.52,259.03
20210309,6625292,262.73,267.5685,261.79,264.96
20210310,3798409,265.92,268.75,264.08,266.24
20210311,4371269,268.60,270.78,267.20,268.85
20210312,4190460,267.45,273.81,266.76,273.10
20210315,4356177,274.50,279.6527,274.34,278.54
20210316,4458875,278.54,282.52,277.65,282.08
20210317,5908380,281.14,283.88,279.25,280.03
20210318,4808075,279.03,285.47,277.7601,283.16
20210319,13729250,283.64,289.10,282.43,289.10
20210322,5564677,286.50,290.33,284.20,288.94
20210323,4801240,289.61,293.427,288.94,289.98
20210324,4841970,289.26,296.779,288.99,292.75
20210325,5373520,293.03,297.8787,292.455,297.18
20210326,5865920,297.34,304.00,296.03,303.81
20210329,4642897,303.30,305.55,299.93,302.20
20210330,5045414,301.65,305.68,300.035,304.82
20210331,4744061,305.50,308.02,304.14,305.25
20210401,3923902,306.88,308.55,303.89,307.75
20210405,4697182,309.84,315.85,309.74,315.40
20210406,3988628,313.61,315.94,313.13,313.78
20210407,3799321,312.84,315.14,310.93,312.47
20210408,4035628,312.70,315.2499,310.59,314.43
20210409,4607758,315.37,319.32,314.75,319.23
20210412,3556832,317.72,321.31,317.31,320.79
20210413,3635055,320.53,320.90,317.00,320.40
20210414,3440628,319.71,322.70,319.29,320.02
20210415,3508216,320.21,323.40,320.05,322.74
20210416,6213121,324.84,328.67,323.935,328.08
20210419,4494282,326.49,328.83,325.44,326.85
20210420,4462880,326.00,327.69,322.16,323.96
20210421,3740101,324.96,327.91,323.885,325.95
20210422,4874998,326.20,326.43,318.84,321.46
20210423,3407497,322.19,325.53,319.5754,323.89
20210426,2848501,323.68,324.00,319.315,319.99
20210427,3335793,320.50,322.4688,320.38,320.59
20210428,2713438,321.95,322.96,319.30,319.71
20210429,3261852,321.71,325.79,321.08,325.34
20210430,3118747,325.05,325.835,321.61,323.67
20210503,3683678,326.28,331.62,325.68,330.27
20210504,3954400,329.12,333.23,328.88,332.77
20210505,2014958,334.25,335.71,331.08,332.05
20210506,3539581,333.67,337.81,333.23,337.58
20210507,2998274,336.68,339.81,335.53,339.25
20210510,4840551,340.45,345.69,339.54,341.12
20210511,5500874,337.55,338.00,328.21,330.66
20210512,5821980,326.52,328.80,316.27,317.00
20210513,5161694,319.00,327.415,318.69,325.42
20210514,3997955,326.29,327.32,321.86,323.63
20210517,4381533,321.00,322.83,315.31,320.01
20210518,7010318,320.00,324.555,314.7783,316.75
20210519,5242148,312.00,314.75,309.066,314.45
20210520,3854700,314.89,319.71,314.89,315.90
20210521,3920594,317.00,319.2837,314.45,315.77
20210524,2930620,316.84,318.74,314.59,314.84
20210525,3523348,315.53,317.10,314.2474,316.75
20210526,2881591,317.81,321.375,316.68,317.33
20210527,3734767,317.30,320.41,317.30,318.77
20210528,3197218,320.37,321.51,318.85,318.91
20210601,3549754,320.66,321.255,315.17,316.31
20210602,3380075,315.48,316.98,312.41,313.23
20210603,2652535,311.00,312.925,309.69,311.43
20210604,2638681,312.11,313.45,309.35,311.01
20210607,3974785,311.12,312.33,307.88,309.96
20210608,2913774,311.27,312.29,308.98,310.90
20210609,3603743,311.45,312.98,306.90,307.34
20210610,3286333,307.65,309.65,306.14,308.31
20210611,2785057,309.27,311.24,308.35,310.77
20210614,3393468,308.93,310.06,306.22,309.32
20210615,5270587,308.75,308.95,303.485,306.45
20210616,4492520,306.69,307.35,301.17,302.78
20210617,4481070,303.05,305.2101,300.03,303.12
20210618,8792671,299.25,303.83,298.40,302.61
20210621,3774182,305.25,308.7194,304.87,307.60
20210622,4418668,309.13,314.91,308.295,312.71
20210623,2564520,312.02,313.6599,310.632,311.67
20210624,2649191,313.12,314.8355,311.67,311.84
20210625,11733470,312.24,315.46,311.5501,313.63
20210628,2635733,313.66,315.27,311.3694,314.28
20210629,3150142,315.788,320.299,315.56,318.24
20210630,3061522,317.94,320.285,317.69,318.89
20210701,2578049,319.91,321.69,318.5001,321.54
20210702,2201785,322.53,323.12,321.35,322.70
20210706,3109525,322.83,323.83,316.80,319.26
20210707,2939948,318.49,324.4199,318.25,323.48
20210708,3663159,319.07,320.33,314.80,318.54
20210709,2587371,320.54,323.31,320.18,322.09
20210712,2521771,321.07,324.00,320.53,321.74
20210713,3213818,322.44,323.29,316.83,317.05
20210714,3381563,318.75,320.06,318.0101,319.22
20210715,2603905,317.38,322.96,317.3635,322.71
20210716,3623944,324.00,326.28,321.40,321.54
20210719,3752924,317.99,319.00,314.91,318.87
20210720,4251678,318.50,326.13,318.27,325.35
20210721,2832573,327.60,328.47,324.97,326.36
20210722,2208229,327.94,327.97,325.33,326.66
20210723,2786373,329.47,333.45,327.94,332.84
20210726,2752275,330.07,331.56,326.88,331.18
20210727,2910260,331.79,331.88,326.06,327.26
20210728,2376160,326.42,329.33,324.71,325.52
20210729,2172425,326.49,328.56,325.44,327.43
20210730,2381388,326.85,330.11,326.34,328.19
20210802,2016388,330.00,330.00,326.42,327.22
20210803,2405883,328.35,333.0145,328.03,331.94
20210804,1783670,330.69,331.92,329.39,330.31
20210805,2284098,331.96,336.00,331.09,333.11
20210806,2656872,334.69,335.71,329.1231,329.84
20210809,1995337,329.23,331.07,327.3201,328.76
20210810,1868143,328.67,333.24,327.146,331.48
20210811,3258579,333.80,338.55,333.40,337.00
20210812,2554783,337.35,338.17,332.28,334.02
20210813,2217001,333.86,335.80,330.98,331.32
20210816,3501342,330.71,335.63,327.97,335.05
20210817,9322822,321.00,323.59,316.61,320.75
20210818,4880638,319.34,327.86,319.00,321.55
20210819,2974734,318.79,325.19,317.80,322.90
20210820,2929948,322.64,329.68,322.47,329.24
20210823,2792663,330.00,330.53,327.38,327.74
20210824,2359831,328.76,328.84,324.51,324.90
20210825,2587070,324.15,326.56,323.11,323.88
20210826,2952338,323.208,324.99,321.00,321.48
20210827,2985438,320.88,324.05,319.647,323.38
20210830,2926865,325.91,329.5012,325.21,327.10
20210831,4183144,327.00,328.2721,323.62,326.18
20210901,3339053,325.56,325.78,320.28,323.64
20210902,3111117,325.03,328.18,323.70,327.74
20210903,2775245,325.33,330.90,325.16,330.34
20210907,2555840,331.03,332.56,326.90,328.95
20210908,2219483,328.95,331.93,327.63,331.58
20210909,3012064,332.45,333.7286,330.87,331.77
20210910,3178640,334.00,335.23,331.45,331.95
20210913,3908660,334.95,337.15,332.75,335.45
20210914,2857182,336.03,337.4899,332.4183,333.12
20210915,2875484,333.36,334.67,330.10,333.37
20210916,3043946,334.72,337.84,334.17,336.39
20210917,7103090,334.95,339.645,334.95,335.67
20210920,4036622,331.83,335.39,328.4301,331.21
20210921,3171072,333.03,336.9676,332.0001,334.22
20210922,2873107,335.85,339.00,333.4596,335.93
20210923,2426771,337.84,339.52,335.60,335.91
20210924,2005153,336.78,337.84,335.55,337.49
20210927,2966325,336.87,343.74,336.87,341.41
20210928,3304063,341.37,341.37,332.46,333.80
20210929,2424024,333.36,338.88,333.36,336.93
20210930,4255516,338.24,338.71,327.628,328.26
20211001,2814197,328.15,332.73,324.575,329.86
20211004,2919900,328.50,330.61,324.16,326.47
20211005,2514633,326.90,332.19,326.3269,329.48
20211006,2226755,328.16,330.65,325.40,330.36
20211007,2789455,333.50,339.22,332.86,337.48
20211008,2912407,333.00,335.405,330.88,334.34
20211011,2589300,335.60,340.855,334.60,336.97
20211012,2960592,339.14,341.05,337.40,337.80
20211013,2477742,337.32,340.24,336.55,338.28
20211014,2825549,340.53,344.37,340.10,344.05
20211015,3473488,346.54,350.9527,345.75,350.41
20211018,3487794,349.00,355.95,349.00,355.01
20211019,2375643,356.94,358.09,354.42,357.99
20211020,2574822,357.74,359.57,356.21,358.23
20211021,2885381,358.20,364.85,358.12,364.62
20211022,2734712,365.00,367.03,362.15,365.99
20211025,2923355,367.20,371.66,365.99,371.26
20211026,2989456,373.39,374.05,369.08,369.20
20211027,2840530,369.87,375.15,369.3082,372.32
20211028,2553451,373.00,373.94,370.89,371.57
20211029,3820193,370.33,375.15,370.03,371.74
20211101,3380513,373.00,373.57,364.70,366.48
20211102,2367422,366.20,368.89,364.94,367.29
20211103,2378916,366.63,369.36,365.25,368.97
20211104,3210297,370.78,373.23,369.41,372.18
20211105,3090203,373.81,374.41,367.57,368.40
20211108,2357162,370.22,372.91,367.85,368.59
20211109,2183287,369.67,373.88,368.705,370.65
20211110,2161363,368.25,371.21,367.72,368.58
20211111,2387327,371.00,372.00,365.83,367.63
20211112,2793301,369.12,373.50,366.70,372.63
20211115,3650647,374.39,374.87,369.29,371.08
20211116,8648192,382.00,394.38,379.00,392.33
20211117,4647042,392.83,399.43,390.81,394.85
20211118,4504774,398.00,406.5378,396.09,405.85
20211119,3541964,407.63,410.10,404.1101,408.69
20211122,4008859,409.80,416.56,408.70,408.79
20211123,3557468,405.67,409.68,403.01,408.37
20211124,2676339,403.66,412.75,402.88,412.11
20211126,3007785,407.26,414.14,402.25,402.70
20211129,3725493,406.90,410.805,406.04,406.82
20211130,7773528,403.59,408.425,400.25,400.61
20211201,3519344,402.08,410.25,400.22,400.42
20211202,3705017,401.81,410.70,401.00,407.77
20211203,5237476,409.85,415.93,404.45,407.81
20211206,4624477,413.52,420.61,411.22,415.70
20211207,4204474,417.00,418.56,413.02,416.18
20211208,4079365,416.18,419.85,408.28,411.25
20211209,3822865,410.80,415.25,408.285,411.34
20211210,2625183,412.19,415.61,410.255,415.40
20211213,3766397,415.40,416.50,404.51,405.24
20211214,4663013,403.45,405.68,398.08,402.20
20211215,4421435,400.62,407.93,399.39,407.81
20211216,4632837,408.40,408.87,398.12,399.53
20211217,11106730,396.97,397.975,387.42,387.98
20211220,4294757,384.29,390.17,380.90,389.40
20211221,3038158,391.63,393.76,383.24,390.47
20211222,3267847,391.00,395.77,388.8567,395.64
20211223,2743898,398.29,399.84,394.6201,397.07
20211227,2230555,399.04,404.45,398.21,404.09
20211228,2522529,404.99,407.02,403.00,406.22
20211229,2209598,406.38,412.37,406.31,410.84
20211230,1804380,411.85,413.44,408.40,409.94
20211231,2386069,409.99,416.53,409.885,415.01
20220103,3721342,416.57,417.8446,403.26,408.64
20220104,3266516,408.64,413.61,408.19,412.84
20220105,4443198,414.00,414.22,406.81,407.24
20220106,3315099,408.56,409.07,403.02,405.76
20220107,4520671,403.36,404.09,392.88,393.61
20220110,6439979,387.40,387.59,380.91,387.46
20220111,4385404,388.07,391.84,384.32,386.67
20220112,3623271,388.29,393.45,386.38,389.40
20220113,3466279,392.51,394.31,385.86,386.98
20220114,6336236,381.33,382.0077,371.50,372.00
20220118,6437444,366.10,368.0894,360.03,366.72
20220119,5175114,367.18,368.70,359.41,359.69
20220120,5440597,361.33,361.85,349.02,349.58
20220121,7718435,351.72,360.09,347.18,349.10
20220124,8595587,343.78,364.38,343.61,363.81
20220125,5536718,358.14,361.52,352.19,358.98
20220126,6103290,360.00,365.8972,354.45,357.28
20220127,3944004,360.43,364.12,353.9061,356.43
20220128,4551332,360.17,366.72,352.84,366.54
20220131,4084565,364.81,367.41,362.205,366.98
20220201,3406831,369.47,370.6875,362.37,368.70
20220202,3839251,368.38,374.67,367.763,373.73
20220203,4009701,370.19,372.12,363.20,364.81
20220204,3728123,363.50,364.67,354.25,359.67
20220207,2809304,360.26,361.80,355.44,357.35
20220208,3225146,357.35,362.98,354.7998,361.44
20220209,2777544,365.31,367.4574,363.0001,364.37
20220210,4291847,358.84,363.00,352.87,355.09
20220211,3308671,354.69,357.34,348.5636,350.29
20220214,3654274,348.00,352.91,346.83,351.56
20220215,3552864,355.56,357.42,351.38,353.26
20220216,3594853,351.50,352.86,345.72,350.09
20220217,3926974,348.99,352.31,347.39,347.94
20220218,5526133,348.39,350.60,344.10,346.87
20220222,19752820,335.09,336.69,312.35,316.17
20220223,11026040,319.32,320.40,307.10,308.45
20220224,8416724,300.00,313.4393,299.29,313.24
20220225,6510600,313.18,317.4445,307.565,316.65
20220228,5735147,312.97,316.0799,310.475,315.83
20220301,5640906,314.59,322.43,313.755,320.25
20220302,5645611,321.06,331.19,319.68,327.37
20220303,3858439,329.19,330.68,322.835,324.36
20220304,3631653,322.21,326.66,319.51,324.26
20220307,4669950,324.26,329.60,320.11,322.77
20220308,5092527,319.75,328.49,315.95,316.74
20220309,4443609,320.00,322.46,316.92,317.20
20220310,3895211,314.36,318.26,308.7507,317.94
20220311,2973298,319.28,321.794,316.23,316.79
20220314,3604268,322.91,324.00,316.21,318.36
20220315,3775297,320.35,330.18,320.33,328.54
20220316,3942427,331.58,333.95,324.23,330.91
20220317,3123210,329.14,336.36,327.84,336.36
20220318,9409577,333.63,340.74,332.305,340.74
20220321,4521212,338.04,340.69,327.08,329.37
20220322,4852801,329.32,331.30,324.01,329.73
20220323,5207746,326.90,328.19,315.85,317.05
20220324,4599930,317.15,319.40,314.30,315.78
20220325,5177998,318.48,318.80,308.30,310.68
20220328,3936640,311.00,314.35,309.23,314.28
20220329,5306131,316.91,321.00,312.915,317.71
20220330,7223830,313.11,315.24,306.10,308.46
20220331,11044640,306.21,307.96,298.89,299.33
20220401,5554611,300.50,303.37,298.90,301.89
20220404,4665847,301.49,306.48,299.57,305.58
20220405,4376138,306.26,309.10,302.21,304.86
20220406,6499947,298.09,300.66,294.99,298.54
20220407,5241024,296.79,304.59,293.5901,302.75
20220408,5741921,301.46,312.29,301.28,311.11
20220411,4100561,307.81,314.17,305.93,306.72
20220412,4122551,309.44,313.285,305.10,306.29
20220413,3185296,306.11,311.70,305.72,310.42
20220414,4569196,310.83,312.25,304.33,304.52
20220418,3192413,303.00,306.29,298.72,300.21
20220419,3389701,300.61,308.13,299.81,307.80
20220420,4720754,311.00,316.10,309.75,315.14
20220421,3014188,317.00,318.40,309.74,310.36
20220422,4043169,309.82,309.82,299.78,300.11
20220425,4396905,300.00,305.16,296.27,304.94
20220426,3415244,302.25,307.56,299.72,299.96
20220427,3446242,301.30,306.42,299.12,301.60
20220428,4151717,304.75,314.535,303.01,311.76
20220429,4878169,308.15,311.72,299.71,300.40
20220502,4233870,301.99,308.79,299.91,306.97
20220503,3336636,305.69,309.00,303.02,304.96
20220504,4021309,304.08,315.75,302.93,315.31
20220505,4959610,311.00,311.36,293.71,299.11
20220506,4325343,296.30,296.75,289.41,294.31
20220509,5243628,290.28,300.74,288.50,297.03
20220510,4392900,298.46,301.07,287.664,291.16
20220511,3880469,291.45,293.33,282.57,282.96
20220512,4447676,281.57,293.1806,280.63,289.69
20220513,3949134,289.95,299.415,288.45,296.03
20220516,4267850,294.08,299.57,289.79,295.99
20220517,12425880,306.50,310.94,290.90,300.95
20220518,7799541,293.00,295.44,281.1801,285.18
20220519,5211530,285.50,292.50,284.96,287.76
20220520,5621770,289.82,290.50,279.59,287.19
20220523,4305632,289.09,290.34,280.32,286.03
20220524,4241931,284.00,289.32,280.65,287.92
20220525,4612940,285.81,295.49,285.66,293.57
20220526,4170801,297.32,305.63,297.00,302.81
20220527,3899284,303.54,308.50,301.6032,308.46
20220531,5966574,306.60,307.8659,300.83,302.75
20220601,3080760,301.74,302.98,297.03,297.19
20220602,4086408,298.81,306.03,295.8933,305.87
20220603,2956559,303.33,308.46,301.90,305.08
20220606,2562003,305.56,307.613,303.25,303.89
20220607,3547797,295.06,302.38,292.60,301.77
20220608,3003115,299.78,300.58,295.6823,297.53
20220609,4170367,297.76,306.88,297.35,299.86
20220610,4625619,291.50,296.50,288.64,289.24
20220613,4704607,284.36,286.82,281.2801,283.16
20220614,3986997,283.21,286.3803,276.59,278.67
20220615,4050378,281.00,283.59,275.47,279.73
20220616,6181025,274.92,276.1084,269.73,273.46
20220617,10775630,271.00,276.62,270.39,270.73
20220621,5498444,273.69,273.92,267.42,269.20
20220622,4679513,266.39,271.77,264.51,268.98
20220623,3747525,270.00,275.59,269.89,275.42
20220624,10310740,277.47,283.46,273.92,283.00
20220627,2538618,284.46,285.00,281.49,282.69
20220628,4068691,283.78,285.60,269.82,270.15
20220629,2460462,271.58,276.16,268.805,273.87
20220630,4057969,270.73,277.04,268.04,274.27
20220701,2818310,275.73,280.75,274.55,279.08
20220705,3241987,275.50,283.73,275.03,283.73
20220706,2206112,284.99,285.9212,280.52,283.58
20220707,3133933,282.84,286.97,281.45,286.69
20220708,1890962,285.99,287.99,283.91,286.47
20220711,2453278,285.18,289.59,285.14,286.39
20220712,2696086,288.97,293.6423,283.4101,285.12
20220713,2941558,281.63,289.79,279.76,287.18
20220714,2822219,281.85,290.29,281.65,289.48
20220715,2647191,294.81,295.4522,290.95,292.41
20220718,2664016,297.25,298.49,292.00,293.05
20220719,2614945,295.44,300.01,293.3101,299.83
20220720,2533412,300.93,303.69,298.28,302.30
20220721,1965036,302.85,305.25,298.87,305.00
20220722,2391540,307.66,310.67,304.3609,306.59
20220725,1910480,306.80,307.4299,303.83,306.15
20220726,2690206,297.00,300.635,295.91,298.18
20220727,3219621,298.21,300.31,291.79,298.91
20220728,3992053,295.00,301.24,293.165,299.63
20220729,3236036,300.00,301.435,297.43,300.94
20220801,3303894,300.64,308.45,300.01,305.82
20220802,3091035,305.40,305.61,300.01,300.71
20220803,3329353,303.35,308.07,300.34,306.37
20220804,2718383,304.54,309.97,304.44,307.17
20220805,2029298,305.38,309.78,304.495,309.69
20220808,2505344,311.86,315.80,310.44,311.97
20220809,2607007,308.89,309.959,303.31,305.21
20220810,3863371,309.50,312.98,309.05,311.58
20220811,2444200,313.84,314.62,309.58,310.69
20220812,2273796,312.61,314.93,310.18,314.89
20220815,3917318,312.04,315.76,310.15,314.61
20220816,10089760,312.98,332.98,312.88,327.38
20220817,3162612,328.09,329.50,324.07,325.76
20220818,2899614,324.96,327.9399,322.22,325.21
20220819,3489092,324.97,326.32,319.775,321.32
20220822,3144240,318.09,319.74,311.71,312.21
20220823,3317535,311.21,311.515,305.64,306.90
20220824,2495587,305.05,309.98,303.55,308.11
20220825,2529669,308.64,309.96,305.83,309.78
20220826,3315542,310.30,311.505,298.02,298.10
20220829,2711751,296.57,299.71,294.29,296.32
20220830,2892427,298.56,299.90,291.67,293.10
20220831,4376169,292.01,292.468,288.28,288.42
20220901,3742451,288.40,293.58,286.72,293.37
20220902,2753601,296.11,296.80,290.1217,291.90
20220906,4109969,293.22,294.50,287.26,289.54
20220907,3016015,290.44,297.70,290.30,297.47
20220908,2703239,296.00,300.1899,294.54,299.90
20220909,2769929,299.48,302.49,298.33,299.77
20220912,3632935,300.80,302.83,296.35,297.54
20220913,4797246,292.01,294.08,277.32,277.93
20220914,4194435,279.40,279.54,273.17,276.34
20220915,3896084,277.89,278.01,270.54,271.54
20220916,9535105,269.05,276.56,268.90,275.97
20220919,3047191,273.58,281.23,273.51,280.42
20220920,2940742,276.88,278.78,271.37,274.17
20220921,3173521,276.00,280.13,271.51,271.57
20220922,3515833,271.22,271.22,267.85,269.14
20220923,3527874,267.89,271.30,266.32,270.94
20220926,4181825,271.43,273.555,265.61,266.58
20220927,3701021,269.36,273.69,266.98,268.69
20220928,5816583,275.22,283.4998,272.71,282.19
20220929,4518628,278.51,278.76,274.7342,278.33
20220930,4789087,277.82,281.785,274.76,275.94
20221003,3579971,281.00,286.06,279.55,283.70
20221004,3641251,287.50,291.31,286.56,289.56
20221005,2728022,286.25,292.11,285.37,289.85
20221006,2641641,289.56,292.97,287.775,290.39
20221007,2405956,287.53,288.63,282.42,284.32
20221010,2115429,283.56,284.86,280.22,282.46
20221011,2771941,281.10,286.20,280.90,282.89
20221012,2258401,284.42,284.6425,280.49,280.52
20221013,3881627,274.66,284.83,268.7321,282.83
20221014,2783361,286.64,286.64,275.95,276.43
20221017,3426680,279.60,283.87,279.34,281.26
20221018,3166524,287.95,289.86,283.23,285.06
20221019,4322993,282.47,282.765,273.02,275.49
20221020,3959531,274.94,278.00,267.865,269.46
20221021,3429101,268.34,275.71,268.00,275.53
20221024,2937117,276.97,284.47,276.97,283.26
20221025,2791642,285.51,292.1339,285.51,290.26
20221026,2615341,290.60,291.8699,286.168,290.15
20221027,3041731,291.85,294.27,289.45,291.06
20221028,3243147,290.00,299.16,290.00,298.65
20221031,4211031,294.41,299.28,292.55,296.13
20221101,3309326,300.37,302.21,293.35,296.06
20221102,4427211,295.20,300.165,288.52,288.73
20221103,4823867,283.57,285.95,280.5115,281.50
20221104,4399410,285.89,288.838,277.50,284.03
20221107,3260152,286.50,291.6999,282.84,290.27
20221108,3371826,292.43,293.34,287.6332,291.14
20221109,3071380,289.00,292.50,286.26,286.75
20221110,7793983,297.74,314.74,297.08,311.70
20221111,4945385,312.00,317.68,310.24,314.94
20221114,6394785,314.36,315.98,306.34,306.92
20221115,9290361,304.06,316.63,303.25,311.93
20221116,5249549,305.86,316.41,304.51,314.91
20221117,3643182,312.00,313.68,306.15,311.44
20221118,3559301,314.14,316.00,310.26,313.18
20221121,4068957,316.96,318.84,314.20,316.78
20221122,6054740,320.00,326.82,319.38,324.88
20221123,4243427,326.76,327.82,320.44,321.51
20221125,3393533,322.89,329.075,321.90,326.38
20221128,4735507,325.06,328.80,317.846,318.92
20221129,3505644,316.00,320.00,315.62,315.96
20221130,15106520,312.93,324.19,311.495,323.99
20221201,3830118,326.31,329.67,324.44,327.07
20221202,3644116,321.08,328.48,320.33,327.99
20221205,5057347,325.15,325.52,319.54,320.08
20221206,3341458,319.64,321.65,314.54,317.45
20221207,4038175,315.96,322.877,314.44,320.15
20221208,3483561,318.55,324.525,318.55,324.09
20221209,3738832,321.48,324.44,319.93,320.48
20221212,4900164,323.00,328.34,321.29,327.98
20221213,5787668,344.35,347.25,329.96,332.89
20221214,4546024,330.53,339.055,329.0075,333.43
20221215,5057631,329.44,330.02,323.3705,327.60
20221216,9614983,323.43,327.94,319.2422,323.34
20221219,3000613,319.50,321.91,316.02,317.33
20221220,2632300,313.32,316.887,310.83,314.84
20221221,2610365,318.05,319.59,314.74,319.36
20221222,3064779,316.40,316.40,310.725,316.12
20221223,2064872,314.15,319.10,313.06,318.73
20221227,1610418,318.41,321.547,317.51,319.55
20221228,1568353,320.55,321.4328,315.50,315.73
20221229,1559184,318.65,321.83,317.59,320.41
20221230,2581645,317.49,318.17,313.0218,315.86
20230103,2822390,317.42,319.22,311.78,315.91
20230104,3560934,321.07,322.51,316.3753,319.73
20230105,2935083,317.83,318.075,313.23,315.47
20230106,4022511,316.29,318.85,309.00,317.53
20230109,3466267,320.00,322.5499,317.06,317.81
20230110,2111276,316.30,320.73,313.96,320.63
20230111,2864834,322.55,329.04,322.12,329.00
20230112,2481803,332.21,332.21,326.71,329.87
20230113,2798591,326.49,332.3899,326.00,331.21
20230117,3988949,330.33,335.1631,327.10,327.53
20230118,2952202,330.00,334.52,322.93,323.69
20230119,5359280,320.34,321.3399,310.63,310.88
20230120,3725066,310.01,315.24,307.3901,315.00
20230123,3237915,313.54,317.53,311.09,315.48
20230124,2127866,314.49,318.0999,312.63,317.69
20230125,2060388,315.33,318.12,311.55,317.26
20230126,3555265,314.15,319.26,312.53,313.81
20230127,2761169,312.02,318.24,311.33,316.69
20230130,2643141,315.83,318.14,313.69,314.24
20230131,3526837,315.99,324.35,315.095,324.17
20230201,3076471,322.39,330.545,317.6382,328.09
20230202,4776634,333.45,341.4691,332.69,339.79
20230203,3389884,332.53,334.7099,330.33,331.50
20230206,2229679,328.99,331.01,327.46,329.27
20230207,3865481,324.00,327.00,320.72,325.20
20230208,2777196,322.94,323.99,319.5667,320.79
20230209,3063322,323.10,323.89,314.83,315.55
20230210,2768995,313.85,317.20,312.7501,316.54
20230213,2432487,317.34,323.69,315.61,323.53
20230214,3380793,320.61,322.962,315.67,318.43
20230215,2585889,315.88,321.5309,315.79,320.69
20230216,3169211,315.00,323.74,314.93,321.24
20230217,4985543,318.68,320.60,312.95,317.95
20230221,10891770,305.55,308.01,295.026,295.50
20230222,5922119,297.55,300.40,295.09,296.30
20230223,4354477,296.79,299.88,294.62,299.31
20230224,3713328,292.40,298.3282,292.001,296.66
20230227,3238332,299.36,300.49,295.04,296.01
20230228,3949457,295.00,298.6999,294.3135,296.54
20230301,5905093,291.92,293.72,288.66,290.79
20230302,4103817,288.46,294.11,287.27,293.02
20230303,4036700,294.64,298.605,293.76,298.45
20230306,3763206,298.00,300.11,296.98,298.21
20230307,4512372,299.06,299.06,290.42,290.70
20230308,4680277,289.44,292.46,288.27,291.49
20230309,3247953,293.05,294.37,287.75,288.00
20230310,4730932,288.56,293.16,284.10,286.31
20230313,3892100,283.99,292.34,282.60,286.52
20230314,5115963,289.30,289.80,281.39,285.57
20230315,4835545,283.95,289.1599,282.67,287.97
20230316,4400647,287.00,288.03,285.00,286.73
20230317,8341992,287.82,291.95,286.2623,288.39
20230320,3678030,287.43,289.825,286.61,289.26
20230321,4788155,291.43,292.89,287.60,289.43
20230322,3723368,290.09,291.205,282.45,282.61
20230323,6005846,285.26,286.11,280.22,283.91
20230324,3851349,282.56,284.93,280.83,283.02
20230327,4269715,283.75,284.94,280.91,281.27
20230328,3633317,280.80,283.29,279.93,280.82
20230329,3607467,281.25,283.99,281.25,283.36
20230330,3432765,285.36,286.095,283.8511,285.36
20230331,5800560,286.99,295.55,286.76,295.12
20230403,4007558,294.87,297.97,294.735,297.73
20230404,2965903,297.50,299.80,294.395,294.96
20230405,4002411,295.00,295.71,288.48,288.67
20230406,3193441,287.25,289.79,284.24,288.61
20230410,2799984,286.13,292.635,285.66,291.17
20230411,2497125,292.69,295.10,291.76,293.77
20230412,3341591,296.20,298.44,289.58,290.44
20230413,3506009,290.89,292.47,286.37,292.15
20230414,2653419,292.15,296.20,291.38,292.19
20230417,2621939,291.70,295.50,291.55,295.40
20230418,2847773,296.32,299.24,295.92,298.95
20230419,2889329,296.45,298.29,295.05,296.91
20230420,3371950,295.97,301.31,295.50,298.57
20230421,3506816,301.62,303.20,299.35,300.04
20230424,2515471,300.00,301.90,299.22,301.64
20230425,4529517,301.50,302.69,296.13,296.33
20230426,4037371,295.43,295.9699,287.08,288.07
20230427,3133553,288.00,294.71,287.80,293.93
20230428,4063418,293.77,300.82,293.375,300.54
20230501,2969999,298.98,299.56,297.37,297.70
20230502,3413376,298.44,298.67,291.045,294.28
20230503,2743399,294.56,298.76,292.50,293.08
20230504,4422521,292.72,294.5893,285.33,285.75
20230505,3806598,287.17,290.87,286.1025,289.62
20230508,3736546,289.00,289.8399,284.44,287.93
20230509,2569969,286.17,291.06,285.76,290.58
20230510,3571029,291.71,293.57,285.92,289.03
20230511,3859744,288.74,289.45,285.02,287.69
20230512,3438271,288.00,290.97,287.45,290.47
20230515,5353632,289.92,290.92,286.94,288.54
20230516,12365690,281.75,286.09,277.09,282.33
20230517,7956888,282.15,294.05,281.21,292.39
20230518,4546983,292.65,295.93,291.60,295.16
20230519,4470591,295.76,295.76,289.95,290.88
20230522,3736199,290.73,292.99,288.08,290.66
20230523,5352185,289.28,297.774,289.28,294.94
20230524,4978212,297.37,297.525,290.18,291.10
20230525,5355858,291.79,291.79,286.06,286.75
20230526,4626113,287.00,293.30,285.69,292.83
20230530,5193255,293.28,294.45,288.95,292.40
20230531,18288780,289.59,290.00,281.96,283.45
20230601,4305103,284.05,289.22,279.98,288.39
20230602,4515554,290.65,296.21,289.72,295.94
20230605,3028785,295.62,295.72,291.365,293.10
20230606,2855434,291.82,296.92,291.65,296.00
20230607,4842660,297.31,302.20,297.105,301.70
20230608,3758904,302.16,305.45,300.79,301.09
20230609,3486443,300.98,301.43,296.1001,297.35
20230612,4457363,298.40,302.61,297.65,300.86
20230613,4043383,302.40,304.12,298.67,300.08
20230614,4175958,300.99,302.5502,295.625,299.71
20230615,4109746,300.84,303.43,299.5801,302.02
20230616,10809350,304.34,305.98,300.14,300.38
20230620,3371247,299.77,302.75,298.23,301.41
20230621,2713378,302.87,303.5663,300.1764,300.70
20230622,3052180,301.50,302.835,299.60,301.18
20230623,8525877,300.32,302.315,299.10,300.81
20230626,4440078,302.67,309.21,301.98,307.89
20230627,5342491,308.15,315.4627,307.89,313.74
20230628,4025557,312.00,312.9363,306.06,306.51
20230629,3279710,306.78,308.1291,304.03,307.82
20230630,3230714,309.58,311.43,308.30,310.64
20230703,1483269,309.78,311.3999,308.90,310.02
20230705,2496625,310.50,312.30,309.99,310.80
20230706,4831220,306.84,307.98,301.54,302.02
20230707,2951873,301.99,305.63,300.89,302.81
20230710,3246705,303.20,310.53,303.20,310.28
20230711,2913954,312.91,314.57,310.74,313.66
20230712,5300724,316.31,321.26,316.01,317.52
20230713,3235603,318.10,318.42,313.47,314.60
20230714,2942129,314.84,316.90,314.22,316.50
20230717,2003340,315.72,317.82,314.15,316.05
20230718,2316991,314.53,318.32,312.1315,316.76
20230719,2361436,317.00,319.9399,316.685,319.48
20230720,2101940,320.34,321.45,317.88,319.09
20230721,3673354,321.07,321.89,319.49,320.47
20230724,2621982,320.97,325.66,320.945,325.11
20230725,2890828,325.07,326.90,323.8324,325.13
20230726,3448123,324.69,330.96,324.24,329.59
20230727,2608561,331.71,333.435,328.93,329.71
20230728,2268947,332.00,333.00,329.50,331.37
20230731,2690587,331.65,334.07,331.48,333.84
20230801,2547410,331.76,334.97,330.88,332.07
20230802,2753888,330.03,332.53,327.92,328.50
20230803,2452330,327.68,332.10,327.64,329.85
20230804,3591635,328.16,329.5199,325.33,326.43
20230807,2111166,327.21,329.405,326.5883,329.17
20230808,3272766,326.58,328.525,323.39,327.81
20230809,2698894,327.35,330.92,326.7601,328.21
20230810,3075122,330.66,332.895,328.94,329.40
20230811,3108422,328.52,331.59,328.35,331.11
20230814,3974759,331.46,333.79,328.4301,329.95
20230815,5860938,331.76,338.17,328.52,332.14
20230816,3753910,332.62,337.81,331.68,333.03
20230817,3885098,333.77,335.65,327.06,327.28
20230818,3471953,325.06,328.89,324.425,327.37
20230821,3109678,326.61,327.87,323.50,324.06
20230822,2582234,325.27,326.31,322.03,324.48
20230823,2728024,324.52,326.929,324.08,326.09
20230824,2490159,325.12,329.00,322.305,322.59
20230825,2418103,323.43,326.34,321.20,322.86
20230828,2100114,323.20,327.44,322.87,325.91
20230829,2628221,326.79,329.84,326.7671,329.38
20230830,2256151,328.00,331.62,327.87,330.63
20230831,2914712,331.20,332.5999,329.675,330.30
20230901,2317413,332.00,333.45,331.14,333.08
20230905,3141630,331.84,332.30,327.3674,327.78
20230906,3199736,327.53,328.6072,325.555,326.00
20230907,2453979,325.03,329.92,324.30,328.42
20230908,2211132,327.50,329.49,326.68,328.71
20230911,2087856,329.29,329.88,327.57,328.37
20230912,2190597,326.83,328.77,325.89,326.28
20230913,2564520,326.04,327.96,325.00,325.88
20230914,2707576,327.39,330.30,325.27,329.63
20230915,7117755,327.32,329.17,320.33,321.40
20230918,2740425,320.16,321.65,316.91,317.26
20230919,2776594,315.95,316.9325,312.34,314.61
20230920,2320403,315.00,316.35,310.80,310.86
20230921,2767805,309.40,310.225,306.355,306.76
20230922,2289219,306.16,307.65,305.46,305.73
20230925,1882366,304.51,307.29,304.51,306.49
20230926,2655576,304.52,305.81,301.63,302.54
20230927,2513914,303.00,304.22,299.90,301.82
20230928,2369593,301.67,304.8722,300.75,303.49
20230929,3502578,304.95,305.67,299.82,302.16
20231002,2807021,300.52,303.45,298.46,299.83
20231003,3609222,297.91,298.2952,290.0717,291.94
20231004,2956313,293.36,294.21,290.36,292.39
20231005,2469265,292.00,292.67,290.235,291.70
20231006,2922456,290.76,294.535,287.39,292.82
20231009,1930103,290.30,295.53,289.68,295.36
20231010,3116433,296.69,300.67,295.1701,299.22
20231011,2292761,299.74,300.85,295.90,298.05
20231012,2546429,297.70,297.70,290.77,293.02
20231013,2092894,292.94,294.7263,290.89,291.92
20231016,2567037,294.43,298.37,293.5801,297.33
20231017,2139844,296.69,298.36,294.50,295.94
20231018,2720098,293.00,293.3299,289.585,290.24
20231019,3028600,291.00,291.34,286.42,286.77
20231020,2885301,285.86,287.177,283.61,286.41
20231023,2591071,285.82,288.2463,284.33,285.07
20231024,2705199,286.74,287.9067,282.0301,283.31
20231025,2962761,281.75,283.23,279.20,280.93
20231026,3108175,280.53,283.24,277.75,278.00
20231027,2907338,278.98,279.67,274.26,276.46
20231030,3074607,277.47,282.32,276.96,281.48
20231031,3035976,282.59,285.40,281.615,284.69
20231101,2747346,285.59,286.83,282.0201,286.63
20231102,3627985,290.25,294.66,290.00,294.53
20231103,3071885,294.18,297.81,294.17,295.61
20231106,2890444,294.75,296.44,293.2225,294.57
20231107,2628960,294.61,296.00,293.56,294.77
20231108,2455045,295.03,298.01,294.11,295.92
20231109,4059121,291.95,292.7389,287.68,287.87
20231110,3653772,289.23,291.59,286.79,291.59
20231113,4586705,287.79,289.9307,287.24,288.07
20231114,7952845,300.89,308.2399,300.1401,303.63
20231115,3985937,304.10,308.93,304.01,308.19
20231116,3114150,305.88,307.9499,304.33,306.44
20231117,2770460,308.50,308.715,305.45,307.27
20231120,3459474,307.19,309.67,305.74,308.19
20231121,2977410,305.57,306.07,302.34,305.34
20231122,2873635,307.39,309.86,306.475,309.20
20231124,1259937,309.18,311.38,308.31,310.70
20231127,2992573,310.69,312.89,309.75,310.92
20231128,3116918,310.71,314.58,309.39,313.34
20231129,3084028,314.06,314.06,310.91,311.02
20231130,4493669,312.54,313.76,308.5939,313.49
20231201,3613808,313.83,320.10,313.00,319.62
20231204,3827910,319.62,325.08,318.96,324.02
20231205,3269803,322.00,323.919,320.01,323.50
20231206,3030897,325.00,328.31,324.21,326.11
20231207,2742269,326.11,327.41,324.68,326.17
20231208,2889470,326.00,327.28,325.06,326.47
20231211,3520718,329.81,332.09,328.81,331.33
20231212,2893574,330.44,334.52,330.32,333.20
20231213,5822699,334.90,343.835,331.91,343.40
20231214,7594781,349.74,353.07,348.00,351.81
20231215,11212930,348.22,354.38,346.75,354.00
20231218,4420534,353.71,354.92,350.32,350.81
20231219,4654836,351.46,352.96,350.40,352.07
20231220,3259495,351.00,354.77,348.31,348.66
20231221,2794221,351.87,352.25,347.00,348.97
20231222,2030139,349.04,351.34,346.69,348.59
20231226,1585615,348.43,350.09,348.16,349.31
20231227,2764484,349.91,350.00,347.1801,348.53
20231228,2859487,348.50,349.04,345.80,347.36
20231229,10325910,345.83,347.55,343.02,346.55
20240102,2833794,344.21,347.3013,343.22,345.08
20240103,3309589,342.48,342.70,336.59,338.26
20240104,3652356,339.93,342.9217,338.54,338.59
20240105,2664279,337.87,343.8299,337.82,342.94
20240108,2736244,343.43,348.4559,343.25,347.93
20240109,2338058,345.81,349.11,345.25,346.19
20240110,4109255,350.62,356.86,350.31,356.80
20240111,3530570,357.09,361.00,353.26,356.53
20240112,1956284,358.53,358.53,353.43,355.71
20240116,3669405,358.06,359.645,356.21,358.43
20240117,2646225,356.63,359.7551,354.05,355.70
20240118,2510660,356.12,358.71,354.03,357.90
20240119,3234572,358.81,362.96,356.2801,362.41
20240122,4003659,359.36,361.46,355.6861,356.69
20240123,3878445,355.85,355.88,349.06,350.78
20240124,3474405,351.94,352.87,347.07,347.27
20240125,3064197,352.59,352.875,348.26,350.97
20240126,3177883,351.47,357.05,351.02,355.30
20240129,2731986,355.15,356.37,353.0101,355.70
20240130,2336454,354.50,358.93,354.04,357.10
20240131,3377866,357.92,358.982,352.35,352.96
20240201,2439201,353.40,360.14,352.32,360.07
20240202,3697782,354.18,359.55,350.02,357.23
20240205,2654040,353.66,356.07,350.76,355.14
20240206,2045343,354.85,358.00,354.3001,356.25
20240207,3272379,358.48,363.7266,357.72,362.69
20240208,2521954,362.86,365.65,361.6485,363.72
20240209,2389992,364.13,364.43,360.80,363.15
20240212,3119737,364.22,368.72,364.05,365.45
20240213,3106506,358.47,359.43,353.88,357.59
20240214,2998873,357.17,358.98,353.98,358.23
20240215,2662754,358.90,361.64,356.85,361.08
20240216,3899647,360.68,363.99,359.15,362.35
20240220,4830046,355.31,365.25,354.5561,362.57
20240221,3278896,360.59,365.11,358.95,364.13
20240222,3387455,367.44,372.96,367.15,371.34
20240223,3398308,372.08,374.245,370.25,371.96
20240226,2460960,373.51,374.88,370.72,371.60
20240227,2802853,372.66,375.80,370.6101,375.56
20240228,2282512,375.56,379.84,375.06,377.61
20240229,4382836,378.79,381.78,378.15,380.61
20240301,2750902,380.36,385.095,379.83,384.45
20240304,2619007,382.90,384.5299,380.11,380.37
20240305,3011731,380.10,380.98,377.02,378.45
20240306,2496251,378.53,379.815,375.89,377.44
20240307,2368480,377.87,380.30,375.575,376.55
20240308,2162906,375.00,376.62,372.10,373.35
20240311,2833804,371.56,372.98,368.87,371.52
20240312,2843841,372.51,375.90,372.405,374.54
20240313,3761407,376.03,382.71,375.78,378.99
20240314,3877542,378.00,380.20,372.17,375.27
20240315,9234905,374.12,378.42,372.54,373.23
20240318,3455722,376.49,377.60,371.14,371.91
20240319,3493781,374.89,379.46,373.13,379.41
20240320,2750405,379.42,384.88,376.23,384.41
20240321,4212248,388.41,396.8729,388.29,395.20
20240322,2911046,394.69,396.42,390.09,390.28
20240325,2683928,389.10,389.86,382.89,383.51
20240326,2720409,382.41,384.26,379.40,379.93
20240327,2536661,380.85,386.3199,380.74,385.89
20240328,4108328,387.13,387.607,379.7236,383.60
20240401,4333231,381.47,383.139,367.84,368.03
20240402,4650544,364.50,366.86,362.96,363.00
20240403,4723245,362.00,362.40,359.00,359.90
20240404,4381563,362.61,365.00,356.91,357.68
20240405,3243488,357.68,359.33,356.0157,357.87
20240408,4339821,358.07,362.57,357.26,362.05
20240409,3022807,363.63,364.45,358.73,361.42
20240410,4805246,351.87,353.99,348.745,350.56
20240411,4104715,351.04,351.91,345.79,347.37
20240412,3550338,346.12,346.12,341.51,342.87
20240415,4209165,345.92,346.08,337.19,337.93
20240416,4525522,336.82,338.105,332.96,334.83
20240417,4273837,336.78,337.25,331.9401,332.83
20240418,3717526,335.65,336.95,331.325,332.89
20240419,3076576,334.71,335.87,332.58,335.36
20240422,3112789,338.22,339.45,333.71,336.11
20240423,3697424,338.00,340.19,336.2949,339.00
20240424,4029153,337.07,337.55,331.82,333.01
20240425,3787752,329.72,332.9099,326.90,331.98
20240426,2465262,331.00,335.83,330.99,335.09
20240429,2603866,335.00,337.335,334.145,336.80
20240430,3089890,335.72,337.44,332.8601,334.22
20240501,3267852,333.01,335.394,329.43,331.97
20240502,3213554,335.50,336.00,330.975,335.53
20240503,4165054,341.28,346.88,340.37,342.85
20240506,3366254,346.00,346.38,340.4402,342.29
20240507,2930715,343.60,345.54,340.38,340.69
20240508,3123197,338.78,340.44,337.63,338.83
20240509,3801438,339.25,348.005,338.88,347.44
20240510,3413895,347.46,349.81,344.695,346.43
20240513,4055584,348.06,348.79,340.40,340.96
20240514,5854302,335.05,344.2549,333.00,340.50
20240515,4151111,345.18,350.44,344.69,348.67
20240516,3101626,348.00,348.25,342.67,342.73
20240517,2739006,344.76,344.93,340.59,344.21
20240520,3237361,341.13,342.5491,337.54,337.82
20240521,4275120,339.00,339.00,332.325,336.15
20240522,4024444,334.66,335.25,328.93,330.59
20240523,4021123,330.98,331.00,325.995,326.89
20240524,2736871,326.39,327.54,324.42,325.10
20240528,3807491,325.39,330.99,324.48,328.70
20240529,3506227,326.53,326.79,323.77,325.91
20240530,2922152,326.26,330.22,325.705,329.18
20240531,5557767,330.05,335.17,328.01,334.87
20240603,3712785,333.65,333.65,326.8374,328.01
20240604,4296831,326.87,329.79,325.10,328.26
20240605,2422380,328.50,330.46,325.92,330.26
20240606,2979372,329.80,331.84,328.06,331.10
20240607,2583813,325.73,328.8156,323.93,327.03
20240610,2691369,327.00,332.80,326.50,332.56
20240611,3250889,333.00,336.31,330.32,335.72
20240612,4793021,347.03,350.49,343.06,344.14
20240613,3380799,345.90,348.6899,343.07,347.88
20240614,2588960,344.81,347.495,341.69,346.84
20240617,2680442,344.89,350.694,344.40,349.50
20240618,3654970,352.95,356.4111,352.1146,353.87
20240620,3661185,352.00,354.9213,349.59,353.44
20240621,6596539,354.84,356.25,352.05,355.80
20240624,4278905,356.90,357.685,350.72,350.88
20240625,4980465,346.31,346.99,334.5337,338.32
20240626,3365303,339.46,342.59,337.53,341.82
20240627,2912566,342.83,344.76,338.45,341.49
20240628,6344192,341.35,345.28,340.71,344.24
20240701,2643576,343.92,344.645,335.39,336.19
20240702,2995943,335.00,336.83,332.53,334.97
20240703,1732991,337.00,339.6395,333.5401,333.64
20240705,3437489,332.71,335.92,331.64,334.58
20240708,3534519,335.88,340.76,335.00,339.60
20240709,2255131,338.95,339.26,335.57,337.09
20240710,3263135,338.64,344.29,337.62,344.18
20240711,4147603,350.78,354.13,345.00,353.79
20240712,4019875,355.00,363.95,354.09,359.77
20240715,2884198,359.14,361.18,355.03,358.46
20240716,3210362,360.06,369.415,359.50,369.12
20240717,3991105,366.64,375.19,365.42,371.89
20240718,2394996,369.90,375.74,365.775,366.08
20240719,2474497,366.43,367.60,361.945,363.36
20240722,4049300,364.50,367.28,361.08,363.25
20240723,2535667,365.43,365.43,359.38,359.62
20240724,3508062,358.93,361.4536,350.00,350.31
20240725,3297550,350.20,358.8332,349.33,353.29
20240726,2439246,355.01,361.67,355.01,359.51
20240729,2142243,359.21,362.89,358.945,361.67
20240730,2788755,362.82,364.685,359.26,363.69
20240731,3526126,365.00,372.49,363.043,368.16
20240801,3759024,369.99,371.48,353.7501,358.58
20240802,3764790,354.93,355.57,346.74,355.43
20240805,3828080,350.88,353.94,345.24,350.01
20240806,2831088,348.75,358.6599,347.28,353.91
20240807,3429059,355.18,356.27,342.28,342.40
20240808,3591145,342.24,348.74,341.34,348.34
20240809,2314771,347.89,351.5299,345.395,348.64
20240812,3830237,350.77,351.50,342.13,345.81
20240813,6388596,341.87,353.39,339.37,350.07
20240814,4814780,349.55,359.6899,349.40,355.66
20240815,3575809,362.46,365.41,358.14,360.07
20240816,3308320,359.97,363.70,359.97,362.06
20240819,3634851,362.50,364.69,362.10,363.07
20240820,3459401,360.65,367.64,360.50,367.27
20240821,4587568,369.45,372.87,368.5218,370.46
20240822,4097321,371.50,372.46,364.61,365.36
20240823,3426154,366.66,376.32,365.19,375.59
20240826,2452134,377.08,378.5821,373.37,374.11
20240827,1780282,373.49,374.28,371.00,373.18
20240828,2218430,373.00,375.41,370.20,372.69
20240829,2698518,372.61,373.316,366.93,367.06
20240830,3216660,369.24,370.41,364.8772,368.50
20240903,3598082,367.90,369.38,362.90,364.74
20240904,3221318,364.17,365.93,360.0124,364.67
20240905,2789359,364.90,365.15,357.58,361.85
20240906,2228832,362.92,365.44,359.42,360.05
20240909,2747588,362.76,366.16,360.03,365.52
20240910,2787401,365.70,371.56,362.48,370.87
20240911,2937689,369.55,371.21,362.14,370.49
20240912,2368302,371.94,374.99,370.56,374.43
20240913,2514699,375.56,382.00,375.51,379.99
20240916,2877932,382.00,384.00,379.53,382.01
20240917,2947574,383.43,387.94,381.68,383.24
20240918,3549367,384.09,392.67,381.07,384.01
20240919,3753549,390.84,391.87,387.01,390.34
20240920,6584408,388.33,391.83,387.00,389.86
20240923,2502469,390.83,392.6499,387.26,391.96
20240924,4057692,394.70,401.11,393.63,400.66
20240925,2787489,400.66,400.66,395.62,396.93
20240926,2849536,399.50,400.00,395.49,396.70
20240927,2452254,399.65,403.5437,398.31,399.53
20240930,3444362,400.20,405.31,399.02,405.20
20241001,3476191,404.02,410.56,401.41,409.05
20241002,3431264,407.70,411.46,404.96,411.26
20241003,3320682,409.00,412.97,406.80,411.58
20241004,3989606,410.07,411.82,399.4501,408.36
20241007,3267812,404.89,409.8099,401.24,408.06
20241008,3693887,409.80,415.29,408.44,414.18
20241009,3627800,420.00,420.03,410.75,416.07
20241010,3040794,409.72,414.48,407.63,409.96
20241011,2717431,410.56,413.14,408.84,411.90
20241014,2088681,411.48,416.42,411.304,415.42
20241015,3693034,417.95,421.56,415.02,415.58
20241016,2429037,413.87,418.74,413.87,418.61
20241017,2013819,418.61,419.00,414.5607,415.60
20241018,2436725,416.65,416.66,413.24,415.00
20241021,3699527,416.07,416.555,404.371,406.40
20241022,4486654,398.50,402.95,396.21,401.85
20241023,3159207,400.56,404.2799,396.69,399.64
20241024,2550281,402.29,404.20,398.088,402.68
20241025,1941426,403.52,403.52,397.83,398.91
20241028,2586529,403.45,405.8399,401.95,402.89
20241029,3822679,393.94,399.105,389.05,395.07
20241030,2795609,395.00,397.69,391.94,392.52
20241031,2518637,390.50,395.67,390.50,393.75
20241101,3277974,394.80,398.71,392.01,392.59
20241104,2690877,391.95,400.48,391.07,395.57
20241105,2496489,394.97,400.23,393.8601,400.09
20241106,7133367,394.04,394.04,381.72,388.37
20241107,4323070,391.00,399.76,390.80,399.44
20241108,3448699,404.00,406.40,402.3001,405.90
20241111,4071533,407.77,411.60,405.825,408.29
20241112,5647107,414.25,416.02,402.19,403.08
20241113,3083105,409.13,412.7399,406.7201,410.19
20241114,3348056,408.00,411.50,404.39,405.72
20241115,3239545,402.90,408.91,402.90,408.18
20241118,3394375,405.50,412.54,403.95,410.44
20241119,3239356,408.38,409.16,399.36,406.80
20241120,4732195,406.00,406.70,399.92,400.00
20241121,3722586,401.33,411.39,400.38,410.45
20241122,4932501,412.09,420.14,410.95,420.00
20241125,4544233,425.00,430.25,424.46,428.67
20241126,2758597,428.60,439.37,424.695,429.52
20241127,2293453,428.60,430.10,425.96,427.19
20241129,2028714,428.56,431.00,427.54,429.13
20241202,2617198,429.00,430.40,423.155,426.96
20241203,2713985,429.73,430.68,423.32,429.35
20241204,1969019,426.41,428.83,425.50,427.92
20241205,2523528,426.60,429.7594,425.88,426.54
20241206,3161705,428.70,435.75,427.01,431.37
20241209,3425988,432.35,436.36,428.03,429.18
20241210,3354873,426.90,427.31,421.41,422.59
20241211,4211198,425.23,428.00,421.26,421.38
20241212,3673612,421.43,422.75,413.18,414.42
20241213,2649853,415.77,418.14,414.18,416.98
20241216,2879619,417.85,418.48,410.69,410.71
20241217,3726820,410.00,410.40,406.23,408.47
20241218,4225524,407.00,410.71,393.38,393.82
20241219,4576147,394.74,395.14,384.89,385.02
20241220,8046363,383.37,393.2872,383.05,392.60
20241223,2434007,391.10,393.24,387.03,392.45
20241224,1392629,392.13,396.14,390.50,396.14
20241226,1321218,392.52,395.78,391.62,395.14
20241227,1942681,392.14,395.47,391.37,392.86
20241230,2444858,390.53,391.21,385.68,389.43
20241231,2179671,390.01,391.46,387.30,388.99
20250102,2418343,392.13,392.67,386.38,388.46
20250103,2232389,389.82,391.01,385.81,389.18
20250106,3274669,390.50,393.99,388.03,389.37
20250107,2274312,390.90,391.90,383.10,384.23
20250108,2848462,383.00,387.69,380.10,387.20
20250110,5323431,388.91,392.91,384.615,389.89
20250113,3512936,389.99,395.86,387.70,389.18
20250114,3405174,390.59,394.20,389.63,392.78
20250115,4584769,406.65,408.00,401.76,406.09
20250116,2305938,406.27,410.105,403.916,409.33
20250117,3228960,413.49,414.45,408.53,409.38
20250121,3568089,413.00,420.22,413.00,418.43
20250122,3581351,417.55,417.55,409.33,410.10
20250123,3840275,411.57,414.69,408.75,414.39
20250124,2370116,414.09,415.01,410.755,414.50
20250127,3699202,414.90,426.1859,414.00,424.87
20250128,2818648,423.24,423.24,416.70,418.83
20250129,2385201,420.22,421.37,411.79,413.42
20250130,3081304,416.41,417.3236,411.5192,414.50
20250131,2761798,413.17,416.38,410.32,411.98
20250203,2896444,406.12,411.90,401.01,408.76
20250204,2150773,409.51,412.58,406.085,411.49
20250205,2212115,415.15,415.15,408.14,413.82
20250206,2023667,414.91,417.79,413.00,414.16
20250207,2530505,413.20,414.2899,406.50,407.37
20250210,2617582,410.64,414.95,408.7902,413.99
20250211,1442188,414.00,416.57,412.74,416.36
