Date,Volume,Open,High,Low,Close
20150219,1961666,102.9014,103.612,102.6547,103.3258
20150220,3374900,103.2172,104.0067,102.2205,103.9771
20150223,3075954,103.9179,103.9179,102.7435,103.01
20150224,2339608,102.4672,103.1679,102.2205,102.931
20150225,2125127,102.7336,103.4442,102.704,103.0198
20150226,1904700,102.8323,102.9902,102.0724,102.2797
20150227,2994967,101.9935,102.5067,101.3816,101.431
20150302,3190161,101.2138,103.2567,101.1842,103.2073
20150303,2485233,102.5165,103.0297,102.2402,102.6744
20150304,2483303,102.9902,102.9902,101.0727,101.6974
20150305,2242872,102.3586,102.4788,101.6579,101.7764
20150306,2467411,100.9671,101.4211,100.2664,100.5329
20150309,2482700,100.8092,102.1415,100.6612,101.7862
20150310,2998967,100.7994,101.0559,99.8421,99.8421
20150311,2468878,99.9408,100.1382,99.2599,99.3289
20150312,2604688,99.6645,101.2188,99.6645,101.1152
20150313,2587469,101.0263,101.1053,98.9835,99.8421
20150316,2236508,100.1678,101.50,100.0592,101.431
20150317,1849938,100.6908,101.1645,100.5033,100.8684
20150318,2958465,100.6415,102.8915,99.8618,102.477
20150319,2234214,101.9145,102.2303,101.125,101.6678
20150320,9955653,102.3488,104.7567,102.2402,104.0166
20150323,4021247,104.0067,104.0067,102.556,102.931
20150324,2394488,102.7336,103.4541,102.3587,102.6942
20150325,2468946,103.0396,103.0396,100.5822,100.5921
20150326,2777239,100.0493,101.2632,99.5529,100.829
20150327,3189277,100.7698,101.6974,100.6711,101.6086
20150330,2585564,102.3488,103.7205,102.2205,103.533
20150331,2750984,102.8817,103.4393,102.4277,102.9409
20150401,2650989,102.6843,102.7336,101.2731,101.8849
20150402,2037184,102.0132,102.6448,101.4606,102.1514
20150406,2198044,101.4704,103.681,101.3915,103.1185
20150407,1829911,102.9902,103.4738,102.7632,102.7632
20150408,2086157,102.6251,103.3652,102.1316,102.4869
20150409,1956376,102.4968,103.2567,102.0922,103.0198
20150410,2107757,103.3948,103.5231,102.6053,103.3258
20150413,2801858,102.9409,103.2764,101.9244,101.9244
20150414,2186910,101.6185,102.1878,101.1349,101.8948
20150415,2222764,102.3882,102.8669,102.1316,102.4277
20150416,3347109,101.8751,102.8002,101.6974,102.556
20150417,6716111,101.6579,101.9836,99.5362,100.3651
20150420,3044257,100.8092,101.4902,100.75,101.2336
20150421,3158557,101.3421,101.6185,99.6891,100.00
20150422,3325289,99.9013,101.0066,99.6941,100.8487
20150423,3230534,100.6415,102.0823,100.381,101.6579
20150424,2699491,101.6185,101.6974,101.0165,101.1546
20150427,1862979,101.5296,101.9096,101.0559,101.1941
20150428,2105935,101.5987,101.9639,100.604,101.579
20150429,2715924,100.9079,101.4902,100.2072,100.4046
20150430,3127467,100.227,100.6217,99.3684,99.5954
20150501,2099304,100.227,101.1744,100.0888,101.1546
20150504,2382633,101.1349,101.9836,100.9869,101.2336
20150505,2214769,101.1744,101.5296,99.9506,100.2072
20150506,3834613,100.8092,100.9079,98.9934,99.6645
20150507,4485070,99.3289,99.8273,98.8355,99.6842
20150508,3955189,100.8783,101.125,100.5921,100.7796
20150511,3379280,101.6283,102.033,101.2138,101.3421
20150512,2481610,100.5428,101.1004,100.1184,100.9671
20150513,4612028,101.7468,103.8488,101.6777,103.0692
20150514,4946086,103.4837,105.1811,103.1235,105.0429
20150515,5467990,105.2699,105.5166,104.6876,105.4475
20150518,3039502,105.2502,105.6943,105.1934,105.3686
20150519,2502058,105.0133,105.2304,104.2436,104.4212
20150520,3377246,104.5297,105.1811,104.2136,104.8357
20150521,2659720,104.885,105.3982,104.6876,104.964
20150522,1457980,104.8752,105.1021,104.4508,104.5297
20150526,2182205,104.1251,104.2786,103.0988,103.4639
20150527,2091700,103.7699,104.1942,103.4047,103.9968
20150528,2407204,103.9672,104.3817,103.4442,104.3028
20150529,2375751,104.0758,104.1646,102.6349,102.8323
20150601,2152072,102.8619,103.3356,102.1612,102.6942
20150602,1954600,102.6053,103.7501,101.806,103.1876
20150603,1517008,103.6218,104.0067,102.931,103.6021
20150604,2468981,102.931,103.4837,102.0724,102.3586
20150605,1593901,102.3191,102.6942,102.0132,102.3784
20150608,1472882,102.408,102.556,101.8948,101.9047
20150609,1523979,101.9737,102.6251,101.8751,102.2007
20150610,2103098,102.931,103.6317,102.2994,103.3948
20150611,1631752,103.8488,103.8488,103.1679,103.5231
20150612,1249695,103.0692,103.4244,102.329,102.6843
20150615,2869411,101.8257,102.2994,100.9869,102.0823
20150616,1816189,101.8257,102.9606,101.7369,102.7336
20150617,2669161,103.01,103.3258,101.8652,102.8323
20150618,2224230,102.9409,104.5297,102.9409,104.1449
20150619,2782296,103.8389,104.5001,103.7205,103.9574
20150622,2188870,104.51,104.8159,103.1777,103.987
20150623,1809210,103.8981,103.9671,103.1481,103.385
20150624,2295473,103.3751,103.8784,102.7336,102.7336
20150625,1449591,103.6909,103.6909,101.8652,102.0033
20150626,1958797,102.3685,102.3907,101.8257,102.181
20150629,2138359,101.579,101.7961,100.4737,100.5132
20150630,2195484,101.3224,101.7665,100.2368,100.6316
20150701,2171453,101.6283,102.1218,101.1349,101.4902
20150702,1792716,101.7862,101.954,100.8487,101.1645
20150706,2262346,100.1678,101.6086,100.0296,101.0362
20150707,2365298,101.0757,101.6283,99.7237,101.4902
20150708,2345123,100.6612,101.0461,99.4276,99.6447
20150709,2719826,100.977,101.3717,99.8125,99.852
20150710,2574253,100.6513,101.3224,100.2467,101.0658
20150713,1608582,101.9836,102.5067,101.7666,102.408
20150714,1443184,102.3586,103.0396,102.0428,102.7139
20150715,2735062,102.7139,103.0889,102.2007,102.477
20150716,4618697,103.5133,103.5133,101.6777,102.2106
20150717,5182418,103.5429,105.2206,102.9014,104.1547
20150720,4522601,104.3126,105.3883,104.1449,104.9738
20150721,3717092,104.6284,105.0034,103.8093,104.0166
20150722,3121391,103.9771,104.135,103.1383,103.3652
20150723,2366020,103.4047,104.0807,102.8422,102.9507
20150724,2787997,102.8027,103.1481,100.9573,101.4211
20150727,3286694,100.6612,100.7105,100.0247,100.3059
20150728,3928774,101.352,103.1501,100.9573,102.8323
20150729,2558528,102.8323,104.4508,102.5856,104.1547
20150730,2212355,103.6416,104.3817,103.2419,103.9968
20150731,1969928,104.3718,104.5297,103.5527,103.6712
20150803,2343565,103.6416,103.6416,102.5363,103.3258
20150804,2874673,103.3455,104.0166,102.7238,103.2468
20150805,1951440,104.1153,104.8752,103.8685,104.3422
20150806,2125112,104.4113,104.9018,104.0166,104.4015
20150807,1821847,104.2732,104.5495,103.612,104.0758
20150810,2212247,105.0528,106.0002,104.9344,105.8916
20150811,3234406,104.7173,105.0627,103.1383,103.987
20150812,3677381,103.908,104.3916,102.2698,104.1547
20150813,2072322,103.6021,104.51,103.2468,104.135
20150814,1573463,104.2732,104.8159,104.056,104.6876
20150817,2282090,104.1745,104.9541,103.3356,104.885
20150818,3427834,104.3817,105.2699,104.1843,104.8159
20150819,2488520,104.1153,104.5988,103.4244,103.6613
20150820,3987710,102.7238,102.9409,101.2533,101.2928
20150821,7349334,100.5329,100.7105,97.5525,97.5822
20150824,7689635,91.1181,97.1973,85.8581,94.0294
20150825,6080358,97.0591,97.2466,92.5787,92.6971
20150826,5259485,95.0064,96.5953,93.8518,96.5459
20150827,5034615,97.8387,99.1809,97.0788,98.5789
20150828,3456302,98.2138,98.9342,97.8091,98.7072
20150831,4241766,98.3026,99.0625,97.7943,97.967
20150901,4274708,95.7071,96.1611,94.1676,94.7005
20150902,3815506,95.7564,96.7236,95.2433,96.7236
20150903,3124310,97.2269,98.3519,97.0788,97.2762
20150904,3653721,96.0328,96.4176,94.7992,95.3222
20150908,3714953,97.5131,98.5098,97.0986,98.4999
20150909,3293440,99.1217,99.6941,97.3453,97.5624
20150910,3523906,97.4243,98.8305,96.9703,98.2434
20150911,2556996,98.1644,98.3322,97.1381,98.3124
20150914,2504383,98.6973,98.6973,97.6315,97.9177
20150915,2997930,98.3322,99.4177,97.9769,99.0032
20150916,3244243,99.3684,99.8026,99.0625,99.6348
20150917,2665887,99.6052,100.9474,98.9934,99.2105
20150918,4899899,97.9868,98.0559,96.467,96.7532
20150921,2683029,96.8913,97.296,95.9242,96.4571
20150922,4581479,95.0163,95.1347,93.9672,94.7794
20150923,5715795,94.9571,95.184,92.8945,93.3485
20150924,5575359,92.4208,92.7169,90.5359,92.3912
20150925,3898497,93.5162,93.5458,91.8188,92.2925
20150928,4362443,91.6116,92.1642,90.3681,90.3878
20150929,3452374,90.7628,91.878,90.5064,91.3056
20150930,4397466,92.4208,93.5902,92.253,93.4471
20151001,3315389,93.4965,94.8189,92.3715,93.4669
20151002,3817534,92.1445,95.3419,91.7892,95.2729
20151005,3703253,95.8058,97.6315,95.6281,97.0887
20151006,2605829,97.0887,97.7795,96.8617,96.9209
20151007,2982974,97.7302,99.0329,97.4637,98.1841
20151008,3084548,97.7697,100.0691,97.7302,99.7434
20151009,3311419,99.7927,100.7698,99.6842,99.8322
20151012,1762118,99.9605,100.3454,99.5164,100.1678
20151013,3660208,99.3585,99.763,98.4111,98.5098
20151014,3551091,98.5493,98.6874,96.9506,96.9703
20151015,6012775,97.5328,97.5328,96.1314,97.2071
20151016,12646040,98.6874,99.5263,94.0787,95.7564
20151019,5948137,95.5196,96.2499,95.2334,95.9045
20151020,4649258,95.9242,97.5377,95.9242,96.99
20151021,3640999,97.5723,98.5986,96.9407,97.4736
20151022,4416131,97.967,101.5494,97.967,101.2336
20151023,4108784,101.954,102.4376,100.75,101.7764
20151026,1901753,102.0626,102.0626,101.204,101.431
20151027,2452424,101.2336,101.6382,100.6908,101.1053
20151028,2516035,101.1645,102.2895,100.8684,102.2205
20151029,3129146,101.8849,102.477,100.9869,101.5889
20151030,2923259,101.9343,102.63,101.5889,101.9244
20151102,2448775,101.9145,102.9804,101.6481,102.8126
20151103,2466438,102.6053,102.8422,102.033,102.2895
20151104,1940602,102.329,102.8511,101.8553,102.0132
20151105,2224436,102.0231,102.556,101.5099,102.2402
20151106,2456134,101.5198,102.6349,101.2632,102.6349
20151109,3274264,101.9935,102.2599,100.6809,101.3619
20151110,2757440,100.9277,101.5099,99.9803,101.0559
20151111,2306258,101.5296,102.7632,101.1053,101.9047
20151112,3478172,101.1152,101.2928,100.2961,100.6316
20151113,2446173,100.4145,101.1645,99.4671,99.7533
20151116,2297949,99.7533,101.6382,99.6348,101.6086
20151117,2423980,101.8257,101.8257,100.602,100.9474
20151118,2562642,101.2731,102.783,101.0741,102.6942
20151119,3408742,102.8915,103.7995,102.704,103.6613
20151120,2561981,104.0067,104.7469,103.9672,104.2436
20151123,3134552,104.1745,104.5418,102.477,103.2172
20151124,5749398,101.9441,102.4376,100.75,101.8158
20151125,3725060,102.1218,102.5461,101.5593,102.2698
20151127,1144656,102.2994,103.0297,102.0724,102.6942
20151130,2848517,102.931,103.1679,102.4573,102.5856
20151201,3264538,102.5363,103.8883,102.4081,102.783
20151202,2479791,102.5461,102.9211,101.5691,101.7468
20151203,2702815,102.0527,102.3191,100.523,101.0559
20151204,3552293,101.431,103.3356,101.0658,103.1777
20151207,2298449,103.1777,103.4738,102.2501,102.8126
20151208,2711874,101.6777,102.2007,101.0411,101.3125
20151209,2464636,100.7599,102.1909,100.0789,100.5526
20151210,2812330,100.8191,100.9967,99.9704,100.4243
20151211,5553674,98.9539,99.6645,96.6249,96.9407
20151214,5756805,97.0492,97.7598,96.3782,97.6808
20151215,5086055,98.1249,98.6381,97.0887,97.1775
20151216,7360232,100.3947,103.0343,99.9704,102.7139
20151217,3743224,102.8323,103.158,100.9178,100.9671
20151218,5473669,100.75,101.6382,100.1184,100.4934
20151221,3062604,101.3717,102.3882,100.5921,101.2533
20151222,2551826,101.579,103.0988,101.1645,102.7928
20151223,3650299,103.3159,103.9376,102.8619,103.5823
20151224,793858,103.4935,103.612,103.1086,103.2764
20151228,1435086,102.8619,103.2468,102.4672,102.9606
20151229,2013709,103.8192,104.3324,102.8718,103.9574
20151230,2225209,104.0166,104.056,102.8225,103.0889
20151231,2079409,102.704,103.2073,102.1218,102.2106
20160104,3335938,100.2862,101.2928,99.6645,101.2237
20160105,2551317,101.2928,102.2303,100.9277,102.0527
20160106,2321637,100.7994,101.1546,100.148,100.898
20160107,3415974,99.2204,99.7829,97.4144,97.9276
20160108,4027172,98.6085,99.023,96.8913,97.1381
20160111,3130669,97.5229,98.1132,96.1611,97.1282
20160112,3139393,97.9374,98.2828,96.543,97.8683
20160113,2971806,98.4407,98.5888,95.4505,95.8255
20160114,5446969,96.0624,98.1743,95.2531,97.444
20160115,4802964,95.0459,96.3091,94.6413,95.9834
20160119,3718285,97.1282,97.2565,94.9472,96.0525
20160120,4965120,94.2366,95.6183,92.4794,94.9768
20160121,3042195,95.5492,96.3584,94.6314,95.3123
20160122,3189215,96.8519,97.2367,95.4998,96.5361
20160125,2351855,96.2992,96.4374,95.1051,95.2137
20160126,3257783,95.4801,97.3453,95.1248,97.217
20160127,5059649,96.4867,97.4835,95.0558,95.6874
20160128,4497796,96.6348,97.2565,95.8255,96.6841
20160129,6638389,99.6645,102.0724,98.569,101.8454
20160201,5394062,100.8586,101.8454,99.3585,101.5296
20160202,3816291,100.4638,100.4638,98.7763,99.3388
20160203,3758733,100.1184,100.9375,98.1151,100.8191
20160204,5039900,100.3553,102.3586,100.2862,101.204
20160205,3669710,101.3125,101.4112,99.8914,100.7895
20160208,3449826,99.6743,100.3059,98.57,100.1974
20160209,3707456,98.9243,102.1909,98.9243,101.3717
20160210,4040774,101.7862,103.1975,101.1201,101.2533
20160211,5051314,99.0921,100.9671,98.6184,100.2072
20160212,4443747,101.3323,102.4178,100.5625,102.1218
20160216,5216232,103.0988,104.6087,102.7904,103.5725
20160217,6038303,104.0067,105.2008,103.8883,104.737
20160218,4095222,104.5396,105.6548,104.3422,105.0725
20160219,4420577,104.7469,106.1087,104.0166,105.862
20160222,15115900,106.5824,110.3918,103.2764,103.7896
20160223,7837248,102.9409,104.4113,101.8158,102.2797
20160224,6761692,100.9869,102.3685,99.921,101.9441
20160225,4840650,102.2599,102.8915,101.6875,102.8225
20160226,7908217,102.7238,103.158,101.3619,101.6777
20160229,5567722,101.2435,102.1316,99.9506,100.0197
20160301,8219389,102.2501,104.4804,101.9441,104.4804
20160302,4200865,104.4113,106.2469,103.9968,105.0923
20160303,5306299,105.2008,106.7897,104.8061,106.5627
20160304,2946767,106.4344,107.5101,106.2469,106.7305
20160307,3882845,106.4048,106.8193,105.2107,106.0594
20160308,3109426,105.1021,106.3555,104.6975,106.168
20160309,3562156,106.3653,107.52,106.3456,107.5002
20160310,3139296,107.6187,107.895,105.862,106.9377
20160311,2798153,108.1713,108.4476,107.214,107.5989
20160314,2784737,107.2831,108.0529,107.0759,107.0858
20160315,2021386,106.3653,107.3522,106.168,107.2535
20160316,2653029,107.1647,108.2207,106.6811,107.7963
20160317,4204982,108.2305,109.8885,107.1548,109.5628
20160318,5400421,110.1253,110.6681,109.5233,110.6286
20160321,2890172,110.2734,111.2997,110.0957,111.201
20160322,3119215,110.5102,111.9806,110.3622,111.4971
20160323,2201179,110.9938,111.2504,110.4609,110.7372
20160324,2367009,109.9477,110.5102,109.5431,109.8589
20160328,2134100,110.0562,110.4017,109.622,110.1352
20160329,2469584,109.7404,110.7175,108.9312,110.4313
20160330,2220061,111.5366,111.5366,110.451,110.6977
20160331,2498848,110.6385,111.0431,109.6812,110.5793
20160401,2363174,110.0365,111.9609,109.3753,111.7438
20160404,2324981,111.9313,111.9313,110.7372,111.0727
20160405,3321659,110.4905,110.9938,109.8687,110.3128
20160406,2509973,110.3424,111.7142,109.8095,111.576
20160407,2751117,111.0925,111.1319,109.9082,110.2043
20160408,2072344,110.6089,111.5069,110.224,110.6484
20160411,2154608,110.9346,111.3885,110.4313,110.4707
20160412,2099050,110.6188,111.8622,110.5299,111.5464
20160413,3457805,112.4346,113.4412,111.951,113.234
20160414,1766510,113.4807,113.4807,112.6912,113.0169
20160415,2093438,112.9182,113.3919,112.553,113.1254
20160418,2586423,113.0958,114.0037,112.6221,113.9445
20160419,2206968,114.3689,115.0301,113.8162,114.2801
20160420,2562695,114.4182,114.4676,113.3919,113.6682
20160421,2863149,113.7965,114.6606,113.2044,113.4116
20160422,4900197,112.5037,114.0728,110.8655,112.6715
20160425,3662366,112.5037,113.4906,111.1319,111.7635
20160426,2965711,112.1287,113.4412,112.1287,113.2932
20160427,3265174,113.3524,114.4281,112.9182,113.9248
20160428,2988776,113.609,114.9906,112.7159,113.1156
20160429,2719444,112.9083,113.5004,112.1978,112.7701
20160502,3054128,112.9577,113.3623,112.3359,113.1649
20160503,2628762,112.3063,113.4264,112.1879,113.007
20160504,3238737,112.1583,112.484,111.1724,111.4477
20160505,2999394,111.7931,112.553,111.5662,112.1287
20160506,3352023,112.0892,112.5037,111.428,112.2866
20160509,2672818,112.178,112.5037,111.4971,111.6747
20160510,2870636,112.4445,113.984,111.7635,113.4314
20160511,1718540,113.4906,113.7965,112.4642,112.6122
20160512,2365190,113.0366,113.2784,112.0201,112.6912
20160513,2512985,112.6221,112.9971,111.3787,111.7142
20160516,2397580,112.1287,113.6189,111.5069,113.3327
20160517,2495370,112.6024,112.9873,111.5563,112.1385
20160518,2475968,111.6747,112.3063,110.6385,111.2109
20160519,3025616,110.5398,111.0851,109.267,110.8457
20160520,3985634,111.2405,112.5925,111.2405,111.7339
20160523,1699775,111.6056,111.9017,111.1122,111.3194
20160524,2082967,111.6155,113.2044,111.5267,112.8688
20160525,1590293,113.0859,113.7373,112.928,113.2142
20160526,2022650,113.2142,113.7669,112.3063,112.6912
20160527,1762568,112.9675,113.0958,112.405,112.8294
20160531,2980326,112.78,113.0859,111.8918,112.3359
20160601,2228660,112.3951,112.6419,110.9839,112.4445
20160602,2141404,112.553,113.0267,112.0497,113.0267
20160603,2149355,113.2438,113.4708,112.2368,113.2833
20160606,1872017,113.4708,114.2505,113.2537,114.0235
20160607,2002451,114.0235,114.359,113.8113,113.836
20160608,2450057,113.9939,114.8623,113.7866,114.5465
20160609,2657637,114.0531,115.7604,113.9248,115.6716
20160610,3245212,115.9676,115.9676,114.6946,115.1485
20160613,2414286,115.0794,115.109,113.5498,113.6189
20160614,2053930,113.5498,114.0728,113.0563,113.9939
20160615,2884900,114.4478,114.9906,113.9248,114.0037
20160616,2144361,113.461,114.4873,112.5037,114.2702
20160617,3258031,114.3985,114.6353,113.6583,114.3985
20160620,2897290,115.7604,116.9742,115.0992,115.5235
20160621,2319367,115.938,116.0762,115.4248,115.7604
20160622,2195565,115.9084,116.2637,114.9117,115.04
20160623,2003857,115.9676,116.1551,115.1041,115.7801
20160624,3656256,112.0103,113.8261,111.1615,111.4971
20160627,3893112,110.599,110.599,108.7536,109.997
20160628,3640846,111.8326,112.6024,110.905,112.5629
20160629,4016713,112.859,113.4511,111.6945,112.9577
20160630,3377603,113.4906,114.813,113.1057,114.7932
20160701,2233049,115.1189,116.0762,114.734,114.9709
20160705,2416737,114.3491,114.9314,113.1649,113.7175
20160706,3098065,113.9643,115.3262,112.9083,115.2867
20160707,2140176,115.2472,115.6222,114.0333,114.586
20160708,2524888,115.5334,117.4282,115.3952,117.2802
20160711,2968178,117.3986,117.4775,116.5696,117.0137
20160712,2298274,117.4479,118.1387,117.221,117.4578
20160713,1901394,118.0401,118.2276,117.2012,117.4874
20160714,2415665,118.0993,118.4447,117.3394,117.5269
20160715,2254642,118.0993,118.1585,117.3789,117.665
20160718,1246107,117.665,117.6848,117.1223,117.3295
20160719,2182742,117.0334,117.8624,116.7877,117.7835
20160720,2174323,117.8723,118.4249,117.6256,118.3065
20160721,4127229,118.2374,118.4249,116.7473,117.1025
20160722,9164663,112.1583,114.4774,111.2208,114.0926
20160725,5400749,113.5596,114.9215,113.5596,113.9741
20160726,3049691,113.7768,114.433,113.0958,114.4281
20160727,3446519,114.5564,114.8821,113.0988,113.4511
20160728,2977406,113.4906,114.3985,112.7405,114.2406
20160729,2939758,114.0827,114.9709,113.5399,114.8031
20160801,2270467,114.4281,114.813,113.7965,114.359
20160802,2092348,113.984,114.2209,113.53,113.9347
20160803,1989588,113.9445,114.5959,113.6189,114.4873
20160804,1290269,114.5169,115.0597,114.3788,114.4281
20160805,2937690,114.7735,115.3617,114.3788,114.8426
20160808,2009210,115.0696,115.2373,114.1912,114.5169
20160809,1663711,114.7044,115.0498,114.3985,114.734
20160810,1764098,114.7932,114.9709,114.0531,114.507
20160811,1566321,114.9215,115.0992,114.5564,114.8426
20160812,1364120,114.6255,114.7932,114.3097,114.5761
20160815,1848043,114.9709,115.4841,114.507,115.3064
20160816,1931746,114.9018,115.9084,114.6353,114.7044
20160817,1692112,114.0827,114.3491,113.5695,114.2603
20160818,1776687,114.0926,114.4577,113.9199,114.3393
20160819,1590855,113.9544,114.7192,113.9544,114.586
20160822,2219156,114.3886,115.4051,114.2209,115.0498
20160823,1811484,115.3854,115.8097,115.3163,115.4742
20160824,1724771,115.2669,115.5433,115.0104,115.2275
20160825,1823607,115.109,115.6913,114.8377,115.2373
20160826,1703739,115.5926,116.2045,114.8426,115.2176
20160829,2403078,115.2176,115.8393,114.9807,115.6321
20160830,1944453,115.6617,115.8689,115.3163,115.4841
20160831,2052672,115.4248,115.5926,114.8821,115.1781
20160901,2860198,114.8722,115.2472,113.6287,114.6057
20160902,2474340,114.734,115.4051,114.2899,114.8623
20160906,2194169,114.9215,115.0597,113.5004,114.1912
20160907,3416196,114.0037,114.211,112.2372,112.7405
20160908,2700083,112.5037,113.0267,112.0399,112.3261
20160909,4522013,111.3787,111.8622,110.2931,110.5398
20160912,3798901,109.8095,112.5136,109.5431,112.0004
20160913,3862743,111.349,111.4872,109.8293,110.1352
20160914,4365077,110.2931,112.78,110.2931,112.5333
20160915,3284460,112.2866,113.9741,112.1682,113.7669
20160916,3903457,113.2636,113.3524,112.0004,112.7603
20160919,2955798,113.3623,114.1616,112.9577,113.0366
20160920,2859186,113.836,114.2702,113.2241,113.3623
20160921,2438066,113.4511,114.4281,112.9873,114.4084
20160922,2892895,114.8722,115.7308,114.6748,115.2965
20160923,2342703,113.7965,114.8722,113.757,114.4577
20160926,2606458,114.2209,115.3114,113.8774,114.4182
20160927,3688511,114.1518,114.9215,113.7077,114.6847
20160928,3326543,114.9413,115.7209,114.3393,115.6222
20160929,1873068,116.1749,116.1749,114.6156,114.6649
20160930,3835929,115.109,115.4643,114.5268,115.0597
20161003,2196991,115.0597,115.5366,114.6822,115.2981
20161004,2522176,115.2187,115.2286,113.8377,114.1357
20161005,2122923,114.3543,115.0696,114.3543,114.5133
20161006,3246746,114.5729,115.1392,114.2549,114.861
20161007,20427370,106.3266,106.8631,104.5656,106.2472
20161010,8418034,106.575,107.2605,105.5219,106.1081
20161011,8342428,105.7405,105.7405,104.578,105.0947
20161012,7234347,105.1443,107.0519,105.045,106.734
20161013,5079181,106.1379,107.9759,105.8597,107.5586
20161014,5303078,109.2774,109.3569,107.8467,108.2938
20161017,3621550,108.1547,108.6912,107.2605,107.34
20161018,3258791,108.4528,108.4627,107.0122,107.1711
20161019,3123752,107.3102,107.956,106.7141,107.5685
20161020,4079169,107.3798,107.8765,107.0221,107.4394
20161021,3363303,107.2605,108.8899,106.8135,108.2541
20161024,3449950,108.721,109.4066,108.105,108.5521
20161025,3532851,108.7906,108.8005,107.9062,108.3634
20161026,2133682,108.1547,109.039,107.8368,108.721
20161027,2910834,109.0489,109.178,107.7176,108.1249
20161028,2878656,108.6912,110.1567,108.2243,109.1184
20161031,2542359,109.2476,109.4562,108.8154,108.9694
20161101,2931213,109.1582,109.4761,108.1249,108.4428
20161102,4632523,108.6813,108.6813,107.3102,107.7573
20161103,3728476,108.0454,108.11,107.3102,107.648
20161104,3140285,107.7772,108.4925,107.3102,107.5487
20161107,4669469,109.1184,110.6187,108.7409,110.5292
20161108,3281629,110.2809,110.7875,109.794,109.9033
20161109,4567463,110.3305,112.407,109.0191,111.632
20161110,6550657,112.3772,113.7582,112.0891,112.4567
20161111,3292738,112.3772,112.7746,112.0096,112.5163
20161114,2676918,112.8839,113.6191,112.1089,112.3076
20161115,2788644,112.3275,112.705,111.3638,112.3871
20161116,2472363,111.7413,112.099,111.1452,111.5426
20161117,2195016,111.8606,112.6554,111.7073,112.3672
20161118,2879091,112.248,112.2679,111.1651,111.3638
20161121,2523254,111.5128,111.7508,111.0558,111.483
20161122,2152446,111.8009,112.0295,111.3737,111.791
20161123,2630292,112.0394,113.2217,112.0394,113.0925
20161125,831276,113.1819,113.6191,112.7845,113.4303
20161128,2615120,113.4204,113.4502,112.6057,113.1124
20161129,3334451,112.7249,113.7482,112.556,112.6057
20161130,5896813,112.9932,113.9966,112.5461,113.2018
20161201,3807541,112.5063,113.3111,112.0791,112.9336
20161202,3536995,113.2217,113.2614,111.4433,111.7215
20161205,3026269,112.1685,113.0627,111.9798,112.1487
20161206,2545556,112.6057,112.9236,111.9301,112.3374
20161207,7456713,112.6355,116.0532,112.0791,115.7552
20161208,5211971,115.5863,116.3811,114.086,114.9007
20161209,2915337,114.4139,115.6757,114.2847,115.477
20161212,5698084,115.6459,116.6493,114.9305,116.6493
20161213,4200954,116.8679,117.6329,116.54,117.3249
20161214,4154482,117.0765,117.8515,115.5266,115.7552
20161215,3984413,115.5565,116.7288,115.3975,115.5863
20161216,7633899,112.9037,116.8182,112.864,115.626
20161219,3596034,116.242,117.2951,116.0433,116.5301
20161220,2720036,116.6891,117.32,116.54,116.9474
20161221,2750960,116.8182,117.1361,116.1724,116.4407
20161222,3241353,116.5798,116.7387,115.8545,116.1625
20161223,1426219,116.55,116.6891,115.9663,116.232
20161227,1146939,116.2519,116.7884,116.0433,116.2718
20161228,2569594,116.4208,116.6046,114.9504,115.0001
20161229,1667306,115.3677,115.8247,115.0498,115.2485
20161230,2285551,115.4472,115.4472,114.6722,115.0994
20170103,3025410,115.8744,116.1426,114.8113,115.4273
20170104,2941622,115.8843,116.2122,115.2783,115.7452
20170105,2651057,115.775,116.699,115.467,116.0035
20170106,3611304,116.1824,117.9359,115.7552,117.7621
20170109,3863128,117.5038,117.623,116.7884,116.7884
20170110,3752487,116.5698,117.6727,116.1228,117.0865
20170111,2887068,116.7785,117.3547,116.3711,117.2454
20170112,3161529,117.2454,117.2454,115.9043,116.8679
20170113,2988377,116.9076,117.5435,116.848,117.305
20170117,3360915,116.6593,117.3125,116.2519,116.4705
20170118,2305900,116.7586,117.5336,116.4506,117.2951
20170119,2413152,117.5634,117.9806,116.55,117.1461
20170120,2943146,117.6727,117.6727,116.3612,117.0567
20170123,2273136,117.1262,117.4839,116.2221,116.6493
20170124,2550113,116.8778,117.315,116.5102,117.1958
20170125,4291412,117.5038,117.8902,116.9523,117.1163
20170126,6178692,117.2156,117.3398,116.5202,117.2057
20170127,3873847,117.8813,118.3383,116.3612,117.6528
20170130,3159974,117.3249,118.3482,116.9971,118.3383
20170131,4243785,118.2092,118.4575,116.6096,117.5534
20170201,2399581,117.9409,118.1595,116.6791,117.2355
20170202,2213822,116.8182,117.3647,116.3711,117.2256
20170203,2860315,117.7521,118.5867,117.1461,118.4178
20170206,3006008,118.2588,118.8152,118.0899,118.5668
20170207,2548850,118.9046,119.3815,118.6463,118.9444
20170208,1824112,118.845,119.2225,118.537,118.9543
20170209,2184755,118.9146,120.1863,118.8649,119.8783
20170210,3590330,120.0025,121.2096,119.9577,121.0606
20170213,4425370,121.4381,123.0079,121.3089,122.8191
20170214,3111347,122.6999,123.1569,122.3422,122.8191
20170215,3220467,122.5608,123.6636,122.372,123.4748
20170216,4308855,123.4947,123.6338,122.5012,123.3556
20170217,2718703,123.1171,123.753,122.521,123.753
20170221,2369106,123.9914,124.1902,123.3953,123.902
20170222,3201035,123.2066,124.2622,122.7197,124.2299
20170223,2992204,124.1902,124.6074,123.2413,124.0113
20170224,2524108,123.4351,124.22,122.8191,124.22
20170227,4086602,123.7927,124.2895,123.4351,124.0809
20170228,2902819,124.1902,124.9055,123.445,123.6934
20170301,3969848,124.5478,126.5845,124.5478,126.4256
20170302,3013531,125.9387,126.5249,125.0048,125.5115
20170303,1953413,125.4718,125.8096,124.8956,125.3923
20170306,3022958,124.2994,125.74,124.21,125.2632
20170307,2052846,125.1539,125.5885,124.7664,125.442
20170308,3120125,125.591,126.3858,125.2035,125.7698
20170309,2479484,125.7202,126.4057,124.9254,125.3724
20170310,2686511,126.2964,126.5349,125.6705,126.2169
20170313,2643322,126.2964,126.5249,125.6705,125.9089
20170314,1975123,124.2299,125.7698,123.3159,124.8956
20170315,3598280,125.5115,126.6938,125.1837,126.1474
20170316,2742746,126.6541,126.6541,125.4022,125.5413
20170317,3835833,126.0282,126.4951,125.4817,126.3362
20170320,2030784,126.1772,126.3461,125.4917,125.6804
20170321,2360687,126.2368,126.4752,124.5975,124.8459
20170322,2100386,125.0545,125.1241,123.7232,124.6869
20170323,1767532,124.7962,125.1638,124.3193,124.7068
20170324,2222343,124.7763,125.2135,123.4776,123.9616
20170327,3328322,122.9681,124.0213,122.2528,123.6934
20170328,1973794,123.4053,124.985,122.7396,124.4683
20170329,1541348,124.1504,124.667,123.9616,124.4882
20170330,1780485,124.3193,124.9085,124.1802,124.5975
20170331,2668599,124.2994,124.7366,123.8921,124.061
20170403,2904192,123.9219,124.4187,122.4912,123.5245
20170404,1777676,123.6636,123.9318,123.0476,123.3755
20170405,2581478,123.7232,124.3093,122.6999,122.7694
20170406,2072889,122.9383,123.5245,122.5409,123.0277
20170407,1863698,123.1668,123.6636,122.7893,123.4649
20170410,2262102,123.4549,124.359,123.4251,123.6536
20170411,1907241,123.6238,123.9815,122.8092,123.7331
20170412,2720524,123.8524,123.9517,122.1733,122.3521
20170413,1677600,122.1336,122.68,121.6964,121.7063
20170417,1857408,122.2031,122.6303,121.609,122.6303
20170418,1666135,122.4018,122.8886,121.8951,122.2826
20170419,1839833,122.9979,122.9979,121.8454,121.9448
20170420,3974864,122.6502,123.7927,122.2329,122.9681
20170421,6281568,126.2567,127.4688,125.283,126.2567
20170424,5640533,127.5184,129.893,127.5184,128.9491
20170425,6466817,129.118,130.4891,127.8562,128.4623
20170426,4690873,128.512,129.9824,128.3033,129.2571
20170427,3335562,129.4956,129.6645,128.5914,129.0385
20170428,5979471,133.877,134.1254,130.0917,130.2904
20170501,3164306,130.1811,131.0355,129.6545,130.0519
20170502,3933703,129.883,130.7176,129.8632,130.34
20170503,4496921,129.6645,130.6778,129.2869,130.2208
20170504,2827321,130.4394,130.5683,129.8035,130.35
20170505,4433586,130.4295,130.8964,129.9029,130.5586
20170508,2340169,130.6182,130.6182,129.9724,130.2804
20170509,2916874,130.3599,131.2541,130.1413,131.0554
20170510,2426337,130.8666,131.2044,130.3599,130.8865
20170511,2079203,131.0256,131.6416,129.9327,131.0454
20170512,2167407,130.8567,130.9262,130.4195,130.6381
20170515,2159175,130.7275,131.2143,130.5089,131.1249
20170516,1881383,131.1249,131.3932,130.5487,131.1547
20170517,3132736,129.883,130.201,129.0187,129.0981
20170518,2393797,128.9591,130.3301,128.1642,129.575
20170519,2481210,130.5189,131.1547,129.8532,130.5487
20170522,2183691,131.4429,131.5223,130.6212,130.9858
20170523,2291033,130.8765,131.5223,130.499,130.9958
20170524,2170075,131.4031,131.8105,130.8815,131.2839
20170525,2502253,132.029,133.0623,131.3038,132.8835
20170526,2692322,132.8338,133.2511,131.9794,132.3867
20170530,2698630,131.8403,132.3569,131.7707,132.0688
20170531,2177947,132.6053,132.6152,132.0986,132.1284
20170601,2296931,132.6947,132.9903,131.9595,132.5854
20170602,2632519,132.7642,133.728,132.5208,133.1616
20170605,2484641,133.0623,133.2809,132.6053,132.6251
20170606,1979682,132.5755,132.804,131.8303,131.88
20170607,2075674,131.9992,132.4761,131.6778,131.8601
20170608,2566303,131.4727,132.7245,131.2938,132.6848
20170609,2322259,132.7146,133.2113,132.0886,132.9232
20170612,2230807,132.4662,133.3703,131.7419,132.3966
20170613,2694277,132.8934,133.5491,132.496,133.5193
20170614,2089548,133.5889,133.9763,132.9629,133.3703
20170615,2818082,132.4861,133.7379,132.4861,133.5988
20170616,3447426,133.7876,134.4532,133.3703,133.7578
20170619,2825551,134.3737,135.0195,134.1353,134.9599
20170620,1930099,134.3638,134.5625,133.867,134.0359
20170621,2435090,134.1651,134.3042,133.0424,133.3802
20170622,1689630,133.7379,133.7379,132.8338,133.2014
20170623,6316465,133.1716,133.3902,132.7841,133.1219
20170626,1255694,133.5292,134.1353,133.1915,133.3902
20170627,1944347,133.5094,133.6286,131.9993,132.0688
20170628,2410574,133.3405,133.5094,132.6351,133.102
20170629,1833461,133.102,133.2809,130.5686,131.4627
20170630,1767939,132.5556,133.0027,131.8303,132.4264
20170703,904012,133.0623,133.569,132.6649,132.8437
20170705,1871238,132.7344,133.1418,132.3867,132.9331
20170706,1430570,132.4562,133.2411,132.337,132.5059
20170707,1662691,132.8338,133.7677,132.645,133.2511
20170710,2051322,133.2113,134.6519,132.953,133.8174
20170711,1942201,134.026,134.026,132.6251,133.3504
20170712,1692427,134.0459,134.3638,133.6286,133.8969
20170713,2445544,133.9664,134.6619,133.7776,134.4532
20170714,1769745,134.6321,135.0493,134.2545,134.95
20170717,1428453,135.0394,135.0394,134.1254,134.3837
20170718,1686426,134.2247,134.4632,133.8869,134.3141
20170719,2048852,134.6221,135.2878,134.4234,135.2679
20170720,2924297,135.2977,135.5262,133.9863,134.0757
20170721,3547972,132.8338,136.5297,132.8338,135.4666
20170724,3868696,135.9137,137.0364,135.8541,136.8178
20170725,3073646,137.1059,137.1059,135.6355,136.3608
20170726,2680240,136.4303,137.7915,135.9733,137.5928
20170727,3670336,137.4537,137.8014,135.4666,136.0925
20170728,1846767,136.0925,136.3906,135.3077,135.9038
20170731,3857557,136.5297,137.2053,135.1388,135.2381
20170801,2869294,135.4666,136.167,134.94,136.1223
20170802,4802879,136.4701,137.9902,135.9733,137.8213
20170803,2555286,137.6822,138.6558,137.1208,138.6558
20170804,3494708,138.6558,139.1625,138.2187,139.1327
20170807,3542137,139.3016,139.3016,137.0463,138.0597
20170808,2067717,137.9405,138.7353,137.6027,137.7716
20170809,1957607,137.9902,138.4074,137.3046,138.0994
20170810,3060203,137.4338,137.5878,136.1521,136.3508
20170811,2347107,135.9435,136.6787,135.6852,135.7051
20170814,2318065,136.2614,137.7815,136.1124,137.3742
20170815,1731489,137.5232,137.7418,136.3807,136.5297
20170816,2001842,136.4204,137.6524,136.2912,137.1854
20170817,3020576,136.7483,136.9867,134.9699,134.9699
20170818,2977551,134.8506,135.0195,133.9664,134.0757
20170821,1493755,134.0658,134.8904,133.6286,134.6917
20170822,1675855,135.1288,136.2714,135.0096,136.0131
20170823,1249151,135.566,136.1323,135.2778,135.5262
20170824,1920444,135.7448,136.1621,135.3027,135.6554
20170825,1994431,136.4303,136.7731,135.9137,135.9336
20170828,1515963,136.2515,136.5794,135.6951,135.9832
20170829,1699449,135.3474,136.8277,135.1388,136.7383
20170830,1779900,136.7383,137.2351,136.1919,137.1457
20170831,2985305,137.5133,137.6623,136.6986,137.3742
20170901,1759137,137.394,137.6325,136.7383,136.7383
20170905,2850861,136.4999,136.7185,135.2878,135.6256
20170906,2439743,136.3409,136.3409,135.2878,135.6653
20170907,2460377,135.5362,136.5297,135.4368,136.1919
20170908,2929927,135.9435,137.1953,135.7845,136.6787
20170911,2333290,137.5232,138.8843,137.5232,138.0994
20170912,1603319,138.0398,138.169,137.4551,137.7815
20170913,2043564,137.6623,137.8809,136.8724,137.0066
20170914,3422346,136.8675,136.8675,135.9733,136.321
20170915,4581466,136.9768,138.5901,136.7284,138.0498
20170918,2879276,138.3975,138.4372,136.4005,136.7781
20170919,3421414,136.9867,137.1854,136.2912,136.8575
20170920,3067219,137.1655,137.9206,136.9271,137.7915
20170921,3904204,137.9802,140.4193,137.9107,139.9474
20170922,2916716,139.699,141.1396,139.5997,140.8316
20170925,2943608,140.8316,140.9906,139.5699,139.8977
20170926,2361467,140.1461,140.4938,139.242,139.3314
20170927,3027610,139.6394,139.6722,138.5763,138.6658
20170928,2082523,138.6161,139.6692,138.3876,139.6692
20170929,3662171,138.8645,140.8515,138.2982,140.8217
20171002,2518312,140.8912,141.7454,140.8217,141.7357
20171003,2240867,141.7755,142.2226,141.3085,141.7457
20171004,1786744,141.9444,142.1331,141.1694,141.6264
20171005,2245541,142.0239,142.8187,141.4973,142.1431
20171006,2163113,141.8848,142.7293,141.7258,142.6895
20171009,2423064,144.2295,144.3586,142.4394,142.6696
20171010,4096727,143.077,143.2658,139.2917,142.3815
20171011,3228607,142.1828,142.8087,141.4476,141.7953
20171012,3043651,141.7655,142.4908,141.7655,142.2623
20171013,2154103,143.4049,143.6135,142.3418,142.4411
20171016,2001538,142.4411,142.9478,142.0835,142.8187
20171017,2036544,142.5703,142.9578,141.5867,142.5007
20171018,1733663,142.461,142.7789,142.1729,142.5107
20171019,2618151,142.4809,142.8982,141.696,142.6895
20171020,3271963,144.1997,145.0134,142.4511,144.4083
20171023,2891866,145.074,145.5409,144.3984,144.9746
20171024,3304451,145.6403,146.0476,144.9349,145.1733
20171025,2777918,145.5111,145.5509,144.4083,145.0442
20171026,2145970,145.5509,145.5509,144.2493,144.8951
20171027,1869458,144.915,145.4515,144.5871,145.2528
20171030,1805559,144.7362,144.8057,143.5936,143.7029
20171031,2438050,143.4148,144.1301,143.1565,143.226
20171101,2161263,143.6532,144.2493,143.2956,143.991
20171102,1941513,143.7824,144.4679,142.928,144.4679
20171103,1423834,144.458,144.5275,143.842,144.0308
20171106,2038885,144.5474,145.1137,144.2046,144.6567
20171107,2613930,144.8653,146.0923,144.766,146.0178
20171108,2514718,145.8588,146.5543,145.5906,145.9085
20171109,2354032,145.3223,145.5012,143.683,144.4977
20171110,2905365,143.9016,145.68,143.4645,144.8057
20171113,2014172,144.7262,146.0367,144.309,145.7694
20171114,2311421,145.1534,146.6437,144.8057,146.3655
20171115,2521088,145.7297,146.4748,145.2627,145.4217
20171116,2209085,145.372,146.2364,145.064,145.9284
20171117,1637359,145.4316,146.0466,145.2528,145.5409
20171120,3554257,145.4714,147.3392,145.4714,146.9815
20171121,3028249,147.2895,148.7103,147.2895,148.3824
20171122,1815445,148.5215,148.8394,147.8161,148.0247
20171124,1196256,148.4023,149.4554,148.3178,148.6904
20171127,2284468,148.9388,150.1211,148.7401,149.4554
20171128,3656146,150.0912,152.1379,150.0416,151.7703
20171129,3346174,152.0584,152.5651,151.4027,152.2472
20171130,5680225,152.9327,155.6848,152.436,154.9496
20171201,3013473,154.6913,155.2675,151.8895,153.3997
20171204,3250379,154.8105,155.1781,152.7738,152.7738
20171205,2581059,152.8234,153.817,152.0286,152.0684
20171206,2896420,152.2969,152.7439,151.82,152.0087
20171207,2044845,152.0087,152.7936,151.8398,152.2869
20171208,1482434,152.9128,153.1116,152.0783,152.6645
20171211,3622293,152.6545,152.9228,151.9491,152.2174
20171212,2957465,152.4161,153.6182,152.0087,152.7439
20171213,5063915,152.4558,155.5159,152.128,154.7906
20171214,3141662,154.89,155.4165,152.175,152.2373
20171215,4293832,153.1712,153.6381,152.585,153.2506
20171218,3575113,153.9958,154.3034,153.0023,153.5884
20171219,4251014,154.1448,154.4131,153.0221,153.1116
20171220,3472410,153.9362,154.1846,153.1016,153.7275
20171221,4858269,154.1349,154.264,152.5055,152.7241
20171222,2151870,153.2109,153.2904,152.1379,152.4956
20171226,1407985,152.4558,153.4322,152.4558,152.7638
20171227,1764067,153.0321,153.0966,152.3267,152.9526
20171228,1654091,153.0122,153.3897,152.6347,153.1314
20171229,1669311,153.3699,153.7173,152.3664,152.3664
20180102,2863477,152.8234,153.0023,151.7216,152.7141
20180103,6337146,151.9094,152.6049,150.8165,151.4524
20180104,4496442,151.82,153.499,151.7206,153.499
20180105,2478959,153.9759,155.2377,153.509,154.572
20180108,2739748,154.9893,155.1281,153.2308,153.7375
20180109,3390386,154.0057,155.7558,153.807,154.9992
20180110,2562568,155.1582,156.1021,154.0157,156.0722
20180111,2327052,156.1021,156.9763,155.9928,156.8969
20180112,2343709,157.5526,158.4567,156.7776,158.0394
20180116,3311715,158.109,158.8144,156.261,156.8671
20180117,3156590,156.6684,157.9202,156.4309,157.3837
20180118,2655788,157.8705,158.6157,156.7478,156.7578
20180119,3752730,157.3837,157.6718,156.5789,157.6619
20180122,3182060,157.6718,157.9401,156.9863,157.5129
20180123,3813635,157.9599,159.3012,157.7314,158.556
20180124,2652419,159.1919,159.5794,158.099,158.9336
20180125,4074578,159.5595,160.8411,158.6355,160.7915
20180126,5019569,161.6558,164.0304,159.9569,163.9211
20180129,3656481,163.782,164.0602,160.3543,160.4239
20180130,3881622,159.3111,159.9569,156.9863,157.9401
20180131,3284505,158.9535,159.49,158.2679,158.6355
20180201,2739386,157.9699,159.7681,157.3951,158.6157
20180202,4181098,157.6619,158.478,155.3768,155.6351
20180205,5682309,154.4429,156.4947,146.0377,149.1971
20180206,5307559,146.7232,151.4474,146.2364,150.4191
20180207,3165124,150.4092,153.5288,150.0316,150.2105
20180208,3344976,150.5085,150.5085,144.7759,145.074
20180209,5401890,146.0675,148.3427,142.918,146.9418
20180212,3455477,148.0744,149.6541,146.1271,148.5016
20180213,2812652,147.8956,148.4817,147.1405,147.5379
20180214,2959947,146.8524,149.7932,146.0932,149.4057
20180215,3631949,150.5979,152.8657,149.8131,152.426
20180216,2798563,152.0982,154.0256,151.8001,153.0321
20180220,3713430,151.9193,154.3137,151.5726,153.3401
20180221,4054504,153.9759,155.8437,153.0321,153.0519
20180222,2224436,153.0122,153.7971,151.8001,152.3167
20180223,3165528,152.8433,154.264,152.6247,154.115
20180226,2902871,154.572,155.7046,154.1051,155.4861
20180227,3092003,155.6152,155.9232,152.8433,152.9228
20180228,3524586,153.3997,153.9759,150.0018,150.131
20180301,4626293,150.3496,150.4688,145.675,146.2563
20180302,3403608,145.372,147.826,145.1833,147.1802
20180305,3399818,146.6139,148.0148,145.5707,147.5478
20180306,2779986,148.3923,148.9487,147.3591,148.3625
20180307,3977484,146.6139,150.3595,146.2861,149.4355
20180308,2137475,150.3794,150.9258,149.1971,150.2502
20180309,2884342,151.0252,153.4692,150.6228,153.2109
20180312,2415208,153.4195,153.4593,150.9457,151.2437
20180313,1885739,151.6511,152.6247,150.1012,150.5185
20180314,2028377,151.6113,151.6511,149.1176,149.4455
20180315,1841418,149.7038,150.6576,149.1474,150.0912
20180316,4329200,150.3098,151.4524,150.3098,150.7966
20180319,2149812,150.0912,150.4688,148.3128,149.2269
20180320,2721086,149.8627,150.9159,149.1871,149.5051
20180321,2589568,149.7932,151.7802,149.0878,150.3794
20180322,2552602,148.6308,149.3064,145.4515,145.9284
20180323,3613964,146.0377,147.1703,142.1729,142.3517
20180326,2243909,144.5176,146.3705,143.3949,145.988
20180327,3080671,146.6239,147.1902,142.6398,143.4049
20180328,5021863,142.9677,144.1103,141.5668,142.3318
20180329,2573144,143.077,144.915,142.6607,143.5737
20180402,4049487,142.9081,143.7029,139.2619,141.5072
20180403,3205520,142.0735,143.4049,140.7124,143.3254
20180404,2764841,140.9012,144.1351,140.6329,143.9016
20180405,2204440,144.8753,145.988,144.3388,145.4515
20180406,2867636,144.2295,144.9746,140.5634,141.8152
20180409,1950873,142.3915,144.3686,141.7159,141.9046
20180410,2882060,144.0804,146.1172,143.6632,144.6865
20180411,1950798,143.5539,144.7759,143.0178,143.3452
20180412,2327599,144.1599,146.2066,144.1599,145.5211
20180413,1588523,146.2463,146.4152,144.4381,145.1733
20180416,2565472,146.4351,147.1703,145.4912,145.7992
20180417,1842710,146.9319,148.0744,146.7331,147.7366
20180418,2751055,148.3923,149.2666,147.6074,148.4023
20180419,3164335,147.826,148.9785,146.5642,147.1703
20180420,5269362,149.7932,150.588,146.9815,149.5945
20180423,4460022,149.7336,150.6476,146.604,147.6571
20180424,4189327,147.9154,149.1077,143.9115,146.2662
20180425,2876128,146.5046,147.2398,144.1103,146.1072
20180426,2394911,146.3655,147.0511,145.1236,145.8489
20180427,2130670,145.5906,146.2364,144.9249,145.9781
20180430,3235061,146.0774,146.753,143.6632,143.7426
20180501,2431357,143.4347,143.7824,141.2588,143.5737
20180502,2342359,143.5936,144.4282,141.7755,142.0537
20180503,4356192,141.3185,143.1366,138.6071,142.4312
20180504,2639854,141.1496,143.6731,140.6329,142.9578
20180507,1827340,143.2757,144.001,142.7392,143.226
20180508,2826011,142.62,143.4049,141.8748,143.2956
20180509,2472686,143.7625,144.7858,143.2459,144.7461
20180510,1973571,145.0541,146.445,144.756,146.3457
20180511,1543365,146.0277,147.3193,145.8887,146.4053
20180514,1817894,146.8921,147.4783,145.829,146.3457
20180515,2676711,146.1271,146.7232,145.9185,146.3953
20180516,1947320,146.1867,146.9418,145.7694,146.5941
20180517,1968173,146.0774,146.6537,145.4515,146.1668
20180518,2946414,146.3953,147.7863,145.8092,147.3789
20180521,2447149,148.4519,150.1509,148.0545,149.515
20180522,3348080,150.1409,151.4722,149.5249,149.8925
20180523,2829376,149.0282,150.429,148.8394,150.3396
20180524,2639145,150.4489,151.3331,148.8295,150.1012
20180525,1934388,149.8329,150.5483,148.8295,149.6839
20180529,2349002,148.6208,149.207,146.5245,147.2398
20180530,2182758,147.8061,149.7932,147.8061,149.4653
20180531,5037707,149.7932,149.7932,146.7997,146.9517
20180601,1733471,147.8856,149.3441,147.8161,149.1176
20180604,2096402,149.0282,149.5299,148.2433,149.1673
20180605,1686097,149.4951,149.6715,148.6109,148.899
20180606,2603956,149.1275,150.0217,147.7565,150.0217
20180607,1983992,150.0614,151.4226,150.0217,151.1046
20180608,1941563,150.7966,151.4027,150.6973,150.8761
20180611,1724933,150.9357,151.4524,150.5284,150.8861
20180612,2231916,150.9556,151.502,150.5781,151.2735
20180613,1869260,150.9556,151.512,150.3943,150.8463
20180614,2532100,151.363,151.502,149.3262,150.2204
20180615,3922059,149.4852,149.4852,147.8161,149.2567
20180618,1586013,148.0744,149.1375,147.5876,148.9785
20180619,2477409,147.4882,147.975,145.9681,146.3258
20180620,1935158,146.2364,146.8325,145.2528,145.5906
20180621,3099688,145.0243,145.2329,142.6498,143.0372
20180622,3173660,144.458,144.458,142.9478,143.0671
20180625,3574818,142.4908,143.6234,141.0292,143.1068
20180626,3180700,143.5638,144.1997,142.9776,143.077
20180627,3111221,144.2692,144.8653,142.1928,142.2126
20180628,2857768,142.918,143.1167,141.4079,142.2027
20180629,2828589,142.4113,144.7163,142.2623,143.1167
20180702,2250910,142.4312,144.0208,142.0835,143.8718
20180703,1247120,144.15,145.6701,143.7526,144.001
20180705,1967635,144.9647,145.1534,143.3353,143.9811
20180706,1890384,143.5936,145.4018,143.4843,144.7759
20180709,1996059,145.0144,147.061,144.8057,146.4649
20180710,1724244,146.8226,147.2696,146.4351,147.0809
20180711,2322216,145.9979,145.9979,143.4645,143.5837
20180712,3114660,144.9945,147.061,144.4381,146.9319
20180713,2567520,146.8822,147.5727,146.1122,146.5444
20180716,1775929,146.5245,146.6686,145.074,145.4515
20180717,2493278,145.4416,147.6969,144.8653,147.528
20180718,3040909,147.6869,148.5389,147.4286,148.1837
20180719,3020891,146.9517,148.0148,146.3457,146.5841
20180720,6448899,148.2234,152.9923,148.1539,152.1379
20180723,4368424,152.128,152.7936,150.1509,152.7042
20180724,3817314,153.0221,154.88,152.1975,154.1547
20180725,3939826,152.5154,157.1949,152.5154,156.9962
20180726,4787246,157.1949,158.6753,157.0757,158.0891
20180727,2838412,158.2183,158.6882,157.334,158.3077
20180730,3119069,158.1686,158.6653,155.6252,155.9033
20180731,2723810,156.5193,158.8144,156.5193,158.6157
20180801,3374741,158.8839,158.9535,155.4463,155.8735
20180802,2135605,154.6714,155.2278,153.8269,154.89
20180803,2965360,154.731,155.1582,153.2258,154.0355
20180806,3072611,153.7772,154.1945,152.8036,153.966
20180807,1628928,154.3535,155.4662,153.9163,155.347
20180808,1697264,155.3072,155.4463,154.0753,154.1945
20180809,2484059,153.8468,154.399,152.585,152.9625
20180810,1540745,152.426,152.6347,151.5418,152.0982
20180813,2035504,152.2174,152.5055,150.8165,151.363
20180814,2584995,151.7107,153.8766,151.4275,153.1314
20180815,2268481,151.9551,152.5055,150.2303,152.1876
20180816,2100632,152.2174,153.4944,152.0684,153.1016
20180817,2032040,153.042,154.4528,152.5005,154.1647
20180820,2138359,154.3535,154.8105,153.817,154.4627
20180821,2465807,154.9496,156.3206,154.9396,155.963
20180822,2038282,155.7643,155.7643,153.8964,155.1185
20180823,3493111,156.8373,157.8109,155.9928,156.8869
20180824,2480237,156.7677,157.4334,156.0921,156.4895
20180827,1855576,156.9167,158.5362,156.9167,158.3176
20180828,3005893,158.9733,159.2714,158.1487,159.0627
20180829,2162785,159.1224,159.9569,158.7995,159.2614
20180830,1521877,158.864,159.3111,157.9798,158.417
20180831,2409837,157.8904,158.4865,157.4433,158.0295
20180904,2335996,158.0394,158.6455,157.185,158.6057
20180905,3200458,158.715,161.0597,158.6653,160.7418
20180906,4086011,161.4075,163.6498,161.4075,162.9474
20180907,2766943,162.3116,163.0269,161.1889,161.7552
20180910,2326104,162.5301,163.1859,162.0583,162.3116
20180911,2546734,161.9042,162.5301,161.0399,162.0036
20180912,2221223,161.6062,163.5435,161.5465,162.8282
20180913,2079356,163.5634,164.7854,163.5634,164.6364
20180914,1939128,164.4774,164.9345,163.7025,164.0403
20180917,2823075,163.931,165.3815,163.3846,164.6761
20180918,2604740,164.845,165.2027,163.5435,165.0636
20180919,1474696,165.1828,165.61,164.6165,164.7258
20180920,2043635,165.5206,165.8088,163.8615,165.461
20180921,3140717,165.8088,166.544,165.2226,166.2558
20180924,1947115,165.5405,165.8386,164.1794,164.388
20180925,2287636,164.7457,165.1034,163.8913,164.4874
20180926,2777867,164.845,165.6697,163.6429,164.6861
20180927,1745211,165.0537,165.2126,164.0105,164.2887
20180928,2194494,164.3085,165.62,164.0999,165.3219
20181001,2189897,165.3219,166.6634,164.4674,165.3915
20181002,2694451,164.8648,165.5902,164.5468,164.9841
20181003,2296743,165.6399,165.7095,163.8413,164.3382
20181004,2979051,163.9606,164.8251,161.8241,163.6724
20181005,2438168,163.9506,164.6462,162.5323,163.0364
20181008,1867518,162.9867,163.9606,162.162,163.8214
20181009,3669618,163.2054,163.2054,159.787,159.9261
20181010,4535139,159.7274,159.7274,155.524,155.6334
20181011,4850003,155.5737,157.1736,152.4535,152.6523
20181012,4403298,154.1527,156.2793,153.3081,155.216
20181015,3321596,154.749,156.7562,154.4409,155.2259
20181016,2837755,156.0706,158.7038,155.8222,158.5548
20181017,3467462,158.4952,159.4889,156.1401,157.0543
20181018,3624523,156.1898,156.3888,153.0636,154.2124
20181019,6789522,155.1166,156.7463,151.4399,152.5032
20181022,4501916,152.8013,153.2584,150.1481,151.6486
20181023,5370578,148.439,151.3505,145.9249,149.6513
20181024,4621031,149.7208,149.8798,144.0915,144.4244
20181025,2803358,146.2528,147.5728,145.2989,146.5509
20181026,3480389,144.8219,147.1472,143.858,145.12
20181029,4741248,145.12,145.989,139.30,141.06
20181030,4204636,141.46,143.09,140.67,142.96
20181031,4655985,144.90,146.59,144.09,144.82
20181101,3791708,145.44,145.54,143.50,144.45
20181102,4785906,145.61,146.5391,143.70,145.48
20181105,4181484,145.59,148.16,145.49,147.18
20181106,3178392,147.69,149.43,147.60,148.45
20181107,2184966,150.05,151.60,148.75,150.20
20181108,2801029,150.04,151.49,149.906,150.55
20181109,2378427,150.09,150.71,148.83,150.32
20181112,2261168,150.17,150.63,147.91,148.13
20181113,2472918,147.95,150.79,147.16,147.68
20181114,2826192,148.65,149.19,147.21,147.53
20181115,3029036,145.65,148.45,145.21,147.77
20181116,3157214,147.48,148.99,146.81,148.55
20181119,2251165,148.43,149.78,146.9571,147.47
20181120,3578517,145.70,146.95,143.30,144.05
20181121,2866523,144.95,145.73,144.03,144.10
20181123,1513270,142.64,144.12,142.01,143.26
20181126,4029087,143.87,144.59,142.02,143.22
20181127,3659126,142.38,143.68,142.14,142.89
20181128,4287400,143.68,144.42,142.10,144.30
20181129,2623575,144.30,146.85,143.81,145.74
20181130,5393162,145.90,147.095,145.33,146.75
20181203,4082059,150.00,151.51,148.81,148.98
20181204,4026991,148.30,149.25,142.51,142.68
20181206,5650447,140.25,141.72,137.14,141.56
20181207,3163283,140.83,143.18,138.11,138.71
20181210,3118789,138.70,139.24,135.653,137.95
20181211,3241760,139.79,140.19,136.12,136.81
20181212,4188865,138.77,140.84,138.23,138.29
20181213,2347868,139.11,140.20,137.90,138.82
20181214,2597800,137.43,138.38,136.06,136.44
20181217,3128471,135.83,137.18,133.58,134.38
20181218,2590209,135.95,136.76,134.38,135.18
20181219,3814739,135.55,137.76,132.15,133.26
20181220,4518834,132.73,133.62,129.37,130.67
20181221,6882893,130.01,132.45,129.33,129.44
20181224,2838791,128.60,128.99,124.63,124.83
20181226,3427925,125.02,129.60,123.48,129.57
20181227,3178734,127.62,131.63,126.8438,131.57
20181228,2759080,132.12,133.07,130.25,130.76
20181231,2199898,131.56,132.16,130.47,132.12
20190102,2755685,130.19,132.09,129.50,131.83
20190103,3144415,132.10,132.98,129.07,130.07
20190104,3568667,132.62,135.04,132.0475,134.62
20190107,2899364,134.34,136.00,133.15,135.37
20190108,2636149,136.06,136.88,134.32,135.09
20190109,1992942,136.20,136.74,135.0664,135.72
20190110,2149684,135.22,137.94,134.67,137.75
20190111,1890355,136.75,137.75,136.41,137.36
20190114,3046943,136.34,138.0397,135.98,137.61
20190115,1841879,137.43,138.15,136.54,137.77
20190116,2237903,137.52,138.70,137.25,138.02
20190117,2577361,137.31,140.63,137.19,139.88
20190118,5417580,141.78,142.515,140.36,141.85
20190122,3090615,140.96,141.15,138.70,139.82
20190123,2966263,140.82,141.295,139.23,140.74
20190124,2706688,140.89,142.00,140.46,141.18
20190125,3206349,142.50,142.70,141.42,141.71
20190128,3478329,140.33,140.79,138.87,140.48
20190129,2424532,140.85,142.205,140.50,141.74
20190130,3105712,142.46,143.75,140.94,143.28
20190131,3470483,142.80,144.06,142.25,143.63
20190201,5524293,148.70,149.00,144.34,144.71
20190204,4684486,144.48,148.01,144.44,147.93
20190205,2962711,148.40,148.69,147.41,148.69
20190206,3147210,148.99,149.49,148.2886,148.90
20190207,2961708,147.67,148.90,147.25,148.15
20190208,3951803,147.98,148.64,147.19,148.61
20190211,2977702,148.99,149.32,148.05,148.48
20190212,2654868,149.20,150.51,148.96,150.36
20190213,2758448,150.99,152.68,150.68,151.48
20190214,2110746,150.93,151.64,149.9602,150.52
20190215,3034333,152.00,153.32,151.59,153.32
20190219,2479586,152.61,153.75,152.39,153.28
20190220,2622435,153.33,154.835,153.01,154.58
20190221,2598065,153.54,153.75,152.08,152.61
20190222,2868463,153.25,153.60,152.38,153.20
20190225,2312500,154.20,154.68,153.73,154.06
20190226,1986326,153.89,154.81,153.62,153.92
20190227,1751422,153.86,154.74,153.11,154.60
20190228,2763104,154.09,154.57,153.41,154.07
20190301,3337080,154.99,155.855,154.64,155.72
20190304,4068287,156.79,156.98,153.98,154.50
20190305,3327497,154.51,155.19,153.61,154.15
20190306,3928805,154.10,155.02,153.73,153.74
20190307,3579552,153.57,153.835,151.64,152.48
20190308,2920740,151.27,151.81,150.38,151.59
20190311,2792821,151.00,153.23,150.55,153.19
20190312,1821925,153.57,154.3652,152.80,153.50
20190313,2531755,154.30,155.44,153.85,155.04
20190314,2657548,155.35,155.63,154.37,155.25
20190315,5287296,155.15,156.01,155.03,155.35
20190318,2369164,155.55,157.09,154.90,156.93
20190319,2644529,157.62,158.16,156.66,157.24
20190320,2370314,157.19,157.68,155.65,156.29
20190321,1951860,156.37,158.91,156.10,158.45
20190322,2430870,157.60,157.83,155.62,155.83
20190325,2030728,155.93,157.23,155.61,155.93
20190326,2214385,156.87,157.8699,156.58,157.48
20190327,2759567,157.33,158.29,156.20,157.11
20190328,2054257,157.62,158.67,157.01,158.54
20190329,2541847,159.19,159.49,157.98,158.92
20190401,2214582,160.00,161.77,159.76,161.47
20190402,3111616,161.32,161.55,159.86,161.04
20190403,3815227,161.63,161.95,160.16,160.29
20190404,1891627,160.26,161.35,159.79,161.07
20190405,1744963,161.62,162.18,161.18,161.70
20190408,1853995,161.20,162.10,160.55,162.06
20190409,1887069,161.18,161.53,160.5501,160.85
20190410,2380841,160.80,160.80,159.21,159.97
20190411,1756140,160.18,161.05,159.68,160.90
20190412,2118840,161.91,162.63,161.40,162.47
20190415,2392804,162.75,162.87,161.79,162.00
20190416,3007077,162.58,162.92,162.13,162.86
20190417,3204784,163.31,164.65,162.66,162.89
20190418,6348747,167.52,169.86,165.89,169.06
20190422,3264741,168.25,169.42,167.501,168.24
20190423,4160027,168.25,172.00,168.01,171.81
20190424,3822383,171.77,172.11,171.05,171.29
20190425,3340327,170.70,170.95,168.62,170.42
20190426,2703263,170.16,172.29,170.00,172.25
20190429,2942863,171.90,173.12,171.77,172.55
20190430,3651051,173.01,174.01,172.48,173.63
20190501,3762255,173.76,174.34,170.83,170.94
20190502,4421720,170.41,171.54,169.56,171.38
20190503,4128754,171.58,173.64,171.395,173.54
20190506,3002038,170.49,173.495,170.26,172.61
20190507,4683910,170.69,171.77,168.875,169.85
20190508,2899684,169.75,171.44,169.50,170.36
20190509,2959786,169.22,170.50,168.18,170.39
20190510,2342267,169.76,172.10,168.02,171.63
20190513,3705165,168.48,168.90,165.31,166.82
20190514,2620656,166.93,169.28,166.80,168.16
20190515,1869389,167.00,170.0024,166.531,169.38
20190516,3032822,169.86,172.05,169.775,170.79
20190517,2095370,169.27,171.21,168.85,169.95
20190520,2061740,169.39,169.96,168.01,168.62
20190521,2536433,169.85,170.57,169.06,169.60
20190522,2251462,169.47,170.485,169.00,169.31
20190523,2716316,166.96,167.28,165.33,166.44
20190524,2035506,167.75,167.86,166.54,166.68
20190528,3877408,166.86,167.62,164.94,165.26
20190529,2527944,163.72,165.13,162.68,164.37
20190530,1951760,164.66,165.74,164.59,165.45
20190531,1895549,163.74,165.22,163.645,164.31
20190603,2384786,164.48,166.97,164.32,166.47
20190604,2700203,168.05,168.80,166.94,168.15
20190605,2707507,169.17,169.68,168.22,169.41
20190606,2229228,169.47,170.68,168.92,170.26
20190607,2028005,171.06,173.24,170.93,172.26
20190610,3015768,173.491,173.97,171.20,171.28
20190611,1726691,172.49,173.41,170.39,171.65
20190612,1570768,171.86,173.17,171.44,172.90
20190613,1400703,173.57,173.59,172.33,173.19
20190614,1627587,172.94,173.51,171.1012,172.81
20190617,1646464,173.38,173.50,172.02,172.36
20190618,2883709,173.56,176.43,173.14,175.75
20190619,2187377,175.64,176.15,174.25,175.41
20190620,4234383,176.42,177.36,175.13,176.29
20190621,3813763,176.88,176.89,173.56,174.31
20190624,1795632,174.29,175.51,174.21,174.61
20190625,1843769,175.02,175.41,173.63,173.94
20190626,1815762,174.55,174.79,173.54,173.59
20190627,1811606,174.08,174.62,173.2062,173.84
20190628,3551260,174.19,175.38,174.00,174.59
20190701,1614492,176.63,176.99,175.66,176.81
20190702,1407031,176.99,177.48,176.15,176.62
20190703,1239991,176.77,178.47,176.21,178.40
20190705,1208857,177.21,177.4501,174.67,176.59
20190708,1573880,176.30,176.31,174.80,175.67
20190709,1595943,175.00,175.76,174.59,175.52
20190710,1865615,176.12,176.94,174.37,174.46
20190711,2426431,174.83,175.03,173.2417,174.54
20190712,2197269,174.75,177.19,174.75,177.14
20190715,1668036,177.36,177.36,174.53,175.01
20190716,1988957,175.00,175.89,174.30,174.78
20190717,5475537,174.57,174.65,168.52,168.62
20190718,4128122,170.60,173.88,169.695,173.88
20190719,3038060,174.04,175.00,172.92,172.99
20190722,1764201,173.02,174.49,172.43,173.58
20190723,2081259,175.21,175.589,173.47,174.86
20190724,1751356,174.25,175.31,173.8013,173.96
20190725,1759220,174.55,174.66,173.01,173.77
20190726,1759020,173.52,173.73,172.66,173.61
20190729,1519766,173.86,174.86,173.38,174.53
20190730,1433511,174.22,174.95,173.34,173.91
20190731,2896926,173.48,173.98,170.17,172.46
20190801,2751843,171.89,173.81,169.2456,169.55
20190802,2154660,168.89,169.05,166.64,168.01
20190805,3295414,165.18,165.99,160.8903,162.01
20190806,3604812,163.37,165.53,163.22,164.52
20190807,3079246,162.96,163.84,161.075,163.39
20190808,2428762,164.59,167.44,164.20,167.01
20190809,1802123,166.89,167.67,165.25,166.67
20190812,1490149,165.42,166.8704,164.42,164.69
20190813,3232463,164.91,170.03,164.50,167.98
20190814,2457343,166.03,166.79,163.98,164.04
20190815,2220423,163.32,163.89,161.10,162.27
20190816,1748198,163.81,165.56,163.22,165.03
20190819,1647185,167.21,167.33,165.50,165.86
20190820,1726226,165.61,165.85,163.39,163.47
20190821,1732207,165.00,165.00,162.78,163.79
20190822,1940022,164.68,164.90,161.58,162.90
20190823,4343003,161.48,162.28,155.49,156.49
20190826,3094037,157.87,158.03,154.91,156.91
20190827,2530262,158.11,158.20,156.24,157.48
20190828,2363438,157.17,160.00,156.46,159.55
20190829,3919314,161.48,164.00,160.94,163.60
20190830,3156602,165.00,165.64,164.10,164.62
20190903,2799483,163.51,164.46,162.65,163.53
20190904,3974670,165.18,167.73,165.18,167.14
20190905,4511561,168.61,170.96,168.51,170.37
20190906,3327798,170.95,171.79,170.52,171.16
20190909,4991815,171.89,172.73,169.06,169.66
20190910,4221597,168.63,169.64,166.90,169.61
20190911,4047464,169.79,171.36,169.20,171.28
20190912,2777459,171.53,172.00,168.40,168.63
20190913,2739557,168.93,169.18,167.48,167.71
20190916,2427721,167.04,167.41,165.76,166.21
20190917,2293128,166.49,166.79,165.26,166.46
20190918,1844065,165.89,167.99,165.51,167.97
20190919,1953051,168.08,168.76,166.53,166.77
20190920,5079513,167.60,168.71,166.69,168.31
20190923,2650396,166.74,167.81,166.21,167.14
20190924,2649744,167.79,168.45,164.93,165.76
20190925,1663593,165.93,167.28,165.26,166.93
20190926,1998255,166.87,168.00,166.47,167.03
20190927,2514777,167.86,168.48,166.3097,168.04
20190930,2089426,168.83,169.535,168.0575,169.20
20191001,2815172,169.55,170.1583,164.02,164.19
20191002,4563415,162.14,162.83,159.44,161.08
20191003,3111091,160.61,161.53,158.84,161.52
20191004,2761489,162.00,163.77,161.83,163.63
20191007,2250229,163.28,164.57,162.54,163.18
20191008,3438415,161.32,161.37,158.59,158.62
20191009,1698483,160.63,160.67,158.75,159.84
20191010,1813542,159.86,162.25,159.848,160.97
20191011,2271293,163.01,165.35,162.74,163.53
20191014,1142819,163.62,164.2178,162.51,162.98
20191015,2817642,163.52,164.82,163.12,163.64
20191016,3462805,163.61,164.34,162.68,163.63
20191017,3593919,166.30,168.99,165.59,167.52
20191018,4421898,167.15,167.47,162.43,165.57
20191021,2700646,166.97,169.24,166.5737,168.94
20191022,3354927,168.70,170.11,167.89,168.94
20191023,2443587,169.94,170.00,168.995,169.85
20191024,2288673,169.96,171.72,168.96,171.46
20191025,1950184,171.24,172.10,170.65,171.63
20191028,2367178,171.97,173.72,171.97,172.68
20191029,2714045,172.10,173.31,171.64,173.16
20191030,1956378,173.24,175.00,173.05,174.60
20191031,2143246,174.17,174.60,171.63,172.73
20191101,2835247,174.29,176.285,173.93,176.12
20191104,4383265,176.60,180.00,176.60,180.00
20191105,5156230,179.77,181.83,179.23,180.68
20191106,2742409,180.68,180.98,179.72,180.81
20191107,2548911,181.80,181.99,179.38,179.66
20191108,1636957,179.66,181.23,179.55,181.21
20191111,1594573,180.69,181.44,179.79,180.83
20191112,1816952,181.17,183.115,181.10,182.01
20191113,1859264,180.79,182.7854,180.505,181.95
20191114,2208536,180.67,181.374,179.11,179.65
20191115,3242951,180.91,181.95,180.66,181.75
20191118,2405887,181.44,181.44,179.38,179.80
20191119,2673238,180.495,180.70,179.01,180.12
20191120,4190901,180.93,181.695,176.54,177.22
20191121,3135128,176.93,177.69,175.40,176.53
20191122,1852180,176.88,177.52,175.66,176.79
20191125,2657600,177.86,177.95,175.97,176.51
20191126,4579316,177.50,179.69,177.06,178.52
20191127,1044751,178.59,179.65,178.125,179.42
20191129,1633110,178.78,179.17,177.68,178.55
20191202,3054339,178.55,178.75,174.30,174.32
20191203,3969074,172.58,173.31,171.26,172.55
20191204,2933362,173.97,175.99,173.15,173.21
20191205,2342080,173.67,174.30,172.628,174.01
20191206,2118004,174.91,176.23,174.74,175.46
20191209,1614017,175.18,175.7579,174.25,174.49
20191210,2027786,174.49,174.80,173.659,174.04
20191211,2174131,174.59,176.19,174.19,176.01
20191212,2277640,176.34,178.155,175.20,177.39
20191213,2050206,177.39,178.79,176.83,176.98
20191216,3207692,177.27,177.995,176.14,176.40
20191217,3039797,176.25,177.24,175.81,176.70
20191218,3614707,176.56,177.03,174.41,174.64
20191219,2680623,175.01,176.62,174.49,176.50
20191220,4351970,177.15,177.69,176.15,176.41
20191223,2577740,177.38,177.38,175.81,176.43
20191224,625477,176.44,176.85,175.73,176.31
20191226,1270050,176.56,176.90,175.72,176.88
20191227,1303946,177.08,177.24,176.29,176.48
20191230,1670057,176.56,177.00,175.76,176.42
20191231,1728875,176.46,177.08,175.46,177.00
20200102,2857534,177.50,180.80,177.14,180.79
20200103,2805282,178.34,179.83,177.41,178.86
20200106,3278035,177.84,178.38,176.93,177.51
20200107,3003313,177.37,178.07,175.59,177.61
20200108,2545596,177.67,179.10,176.73,177.76
20200109,1789478,178.70,179.425,178.06,179.07
20200110,1671686,179.90,179.90,178.14,178.68
20200113,2261879,179.25,181.34,178.69,181.27
20200114,2191156,180.49,181.215,179.51,180.45
20200115,2600804,181.29,182.44,179.85,180.73
20200116,2215388,181.50,182.49,180.79,182.26
20200117,2608185,182.86,184.06,182.53,183.23
20200121,2188596,183.04,183.2999,180.47,180.93
20200122,1881658,181.56,181.8794,179.81,180.05
20200123,2434051,179.81,180.54,179.03,179.58
20200124,2736973,179.92,180.2619,176.49,177.13
20200127,2491530,174.27,175.34,173.47,173.54
20200128,2178600,174.12,176.75,173.24,175.46
20200129,2199419,177.00,177.74,175.63,175.67
20200130,3076114,173.80,178.77,173.80,178.34
20200131,5500076,177.91,177.91,171.3354,173.22
20200203,3542932,174.46,175.62,170.67,171.32
20200204,2992496,174.08,176.06,174.00,175.21
20200205,2818117,176.91,177.63,175.40,176.90
20200206,2427522,178.00,178.00,176.16,176.35
20200207,3254641,175.85,176.715,174.70,175.28
20200210,2399768,174.92,177.12,174.11,176.95
20200211,2948548,178.25,179.94,177.20,179.15
20200212,2950847,179.48,181.64,179.05,181.18
20200213,1985746,180.33,180.9538,178.69,180.12
20200214,2489020,180.51,181.86,179.975,180.81
20200218,1818587,180.10,180.4894,178.95,179.42
20200219,2464654,179.83,181.675,179.50,180.86
20200220,2337143,180.93,182.21,179.01,180.70
20200221,1940507,179.61,180.99,178.754,179.88
20200224,3204282,174.44,177.37,173.46,175.27
20200225,4092333,175.64,176.55,166.83,167.80
20200226,3412306,168.59,172.0799,166.77,167.18
20200227,3951276,163.01,166.83,159.52,159.55
20200228,9558366,153.75,162.17,150.62,162.17
20200302,6744876,163.09,165.48,157.585,164.24
20200303,6108463,164.28,168.1771,160.56,161.89
20200304,4532596,164.90,171.93,164.2614,171.19
20200305,5394709,166.50,167.91,163.22,164.92
20200306,5021640,158.81,165.12,157.58,164.03
20200309,5849172,152.50,157.2599,149.74,152.86
20200310,5477672,155.85,161.94,153.355,161.69
20200311,4827816,156.83,157.48,151.56,153.39
20200312,7170455,143.39,145.4819,134.44,134.85
20200313,6324766,142.15,149.68,138.02,149.41
20200316,5891059,128.00,143.2344,124.01,135.27
20200317,8524753,136.23,141.97,130.19,131.80
20200318,7633945,121.92,124.13,101.10,119.61
20200319,6814084,117.75,122.42,112.02,118.96
20200320,6801189,120.89,121.16,110.78,112.50
20200323,8200419,107.49,111.08,101.08,103.86
20200324,5799126,110.00,119.53,109.25,119.51
20200325,7159221,120.29,135.34,119.80,129.65
20200326,5594931,131.83,139.39,131.16,137.40
20200327,3924962,131.42,135.21,128.14,131.27
20200330,5035721,130.75,133.76,130.1282,131.75
20200331,5296240,131.84,136.11,130.00,133.79
20200401,4246432,128.28,131.28,125.50,129.71
20200402,3504272,128.60,133.15,127.135,132.81
20200403,4031583,132.50,132.84,126.53,127.45
20200406,4874332,133.52,135.37,132.51,134.00
20200407,4051696,140.64,142.22,135.00,135.24
20200408,3890679,136.67,140.38,135.21,139.25
20200409,4365272,140.00,146.30,139.695,143.43
20200413,3016339,142.76,143.21,136.5112,137.94
20200414,3486646,140.71,143.73,138.55,140.59
20200415,3252800,137.57,137.97,132.51,134.84
20200416,4016729,134.58,135.304,129.5792,132.33
20200417,4750813,135.87,140.20,135.67,138.32
20200420,2529045,135.79,138.1891,134.89,135.70
20200421,2418381,133.07,134.02,130.72,132.00
20200422,2629750,134.22,134.712,131.749,133.03
20200423,2786493,134.75,138.59,134.1601,134.68
20200424,2838091,135.70,136.24,132.36,135.52
20200427,3137902,136.53,141.08,135.775,139.88
20200428,3377927,143.32,146.59,142.12,142.76
20200429,2651169,145.50,147.87,144.015,146.16
20200430,4492640,143.49,143.99,140.56,141.90
20200501,3681089,139.33,139.50,134.17,137.25
20200504,4122981,133.90,136.36,132.81,135.20
20200505,3122341,137.09,137.09,134.53,134.87
20200506,2349534,136.11,136.11,132.98,133.04
20200507,3096581,134.62,135.65,132.01,132.79
20200508,2740689,134.67,137.32,134.40,136.91
20200511,2356608,135.76,135.92,134.15,134.28
20200512,4870394,135.32,136.03,127.50,127.59
20200513,5786234,127.13,127.14,121.88,122.97
20200514,5226246,120.27,127.26,117.11,127.05
20200515,4660374,125.37,126.655,123.73,125.41
20200518,6405777,130.50,137.59,129.68,136.04
20200519,4427962,135.25,135.42,131.935,131.95
20200520,2950112,134.55,136.68,134.26,136.03
20200521,2374722,137.53,138.7929,136.29,137.69
20200522,2958107,137.47,139.34,136.45,139.18
20200526,4370192,143.77,146.255,143.41,144.94
20200527,4291816,148.36,150.941,146.865,148.59
20200528,3482059,150.00,151.21,144.68,147.56
20200529,4135505,145.72,149.90,144.33,145.85
20200601,2071314,145.49,147.79,144.905,146.18
20200602,3625945,147.79,148.73,146.4506,148.35
20200603,2992681,150.24,154.38,150.05,153.35
20200604,3768304,152.01,156.18,151.13,155.91
20200605,4525058,162.91,165.72,160.5375,161.37
20200608,3573701,161.57,164.30,161.07,162.92
20200609,3679119,160.36,161.00,157.54,158.10
20200610,3309841,157.72,157.85,153.43,154.12
20200611,4184897,148.66,148.8218,143.09,143.44
20200612,3612553,148.21,149.00,141.15,144.51
20200615,3314137,140.12,148.10,139.7031,146.63
20200616,3804542,152.11,152.41,146.17,149.11
20200617,3507610,149.69,150.07,147.81,148.34
20200618,2581586,146.85,149.00,146.32,148.23
20200619,5262473,150.46,150.84,144.73,145.37
20200622,2529933,144.61,146.50,143.34,144.94
20200623,2309765,146.89,147.241,144.72,144.86
20200624,3371215,142.82,143.328,138.08,138.35
20200625,4018969,138.03,142.80,137.79,142.46
20200626,10255730,142.31,142.31,137.53,138.21
20200629,2971245,140.11,143.30,139.28,143.24
20200630,3688010,142.26,145.52,142.02,144.59
20200701,2609510,145.22,146.48,142.97,144.11
20200702,2758693,145.58,147.15,144.5502,145.02
20200706,2337022,147.25,148.30,146.131,147.22
20200707,2622255,146.00,146.10,144.26,144.97
20200708,3587884,144.43,145.93,143.91,145.59
20200709,3167289,144.74,145.52,141.33,141.37
20200710,2325245,141.63,143.12,140.90,142.45
20200713,2585695,143.58,145.88,142.25,143.49
20200714,2649756,143.49,148.31,142.29,148.10
20200715,2984976,151.20,152.69,150.87,151.93
20200716,3697646,151.01,153.5071,150.25,153.08
20200717,4888931,153.50,155.38,152.46,155.00
20200720,4876393,154.12,154.88,152.52,153.39
20200721,2394274,153.88,157.02,153.88,154.76
20200722,1798752,154.11,155.61,153.91,154.61
20200723,2625565,154.36,155.49,152.8675,153.73
20200724,4368458,154.00,154.25,149.04,149.43
20200727,3378500,148.80,150.96,147.92,150.76
20200728,3904219,150.50,152.08,149.42,152.01
20200729,3311499,151.57,155.43,151.1722,154.58
20200730,2749145,152.93,153.07,149.03,149.16
20200731,4061644,148.92,149.48,147.00,149.37
20200803,2105414,150.13,150.25,147.31,148.53
20200804,3047403,147.26,148.16,146.21,147.33
20200805,4181000,148.79,151.00,148.55,150.82
20200806,2502703,150.92,152.8998,150.34,152.58
20200807,2520220,152.44,155.26,151.86,155.11
20200810,2859020,155.16,159.875,155.16,159.43
20200811,3773736,160.72,163.25,160.10,160.28
20200812,2670107,162.52,162.815,158.99,160.07
20200813,2575155,157.68,159.65,157.5695,158.98
20200814,2845057,158.00,160.87,157.96,160.28
20200817,2817232,160.03,160.88,158.05,158.76
20200818,1869295,158.99,159.76,157.22,157.38
20200819,2098217,157.57,158.13,156.16,156.85
20200820,1600585,155.50,157.02,155.21,156.17
20200821,2507892,155.96,157.76,155.96,157.50
20200824,2087009,158.10,159.45,156.51,159.37
20200825,7400493,164.34,166.9994,163.52,164.53
20200826,3466570,164.80,166.4258,163.34,165.31
20200827,4281073,166.19,168.69,165.09,165.99
20200828,13012090,166.32,168.70,165.46,168.38
20200831,4561896,168.58,168.59,164.69,165.55
20200901,3975061,163.79,168.155,163.50,167.97
20200902,4111867,168.73,172.93,167.915,172.47
20200903,3527698,173.37,173.8203,165.0624,166.30
20200904,3326851,168.72,169.66,164.58,166.69
20200908,2796785,165.19,166.435,163.2971,164.27
20200909,2807776,165.25,167.55,164.86,165.75
20200910,2815199,167.30,167.30,163.82,164.27
20200911,2116896,164.51,167.45,164.27,166.45
20200914,2134219,168.01,169.54,167.37,168.47
20200915,1851506,169.27,169.99,168.0687,168.30
20200916,3153636,169.29,171.36,168.476,170.00
20200917,2661506,168.04,171.45,166.71,170.34
20200918,4908245,169.48,170.47,167.70,168.70
20200921,4459569,164.82,165.18,158.5941,161.37
20200922,2501159,160.855,163.00,160.12,162.68
20200923,2508022,162.32,163.90,157.83,158.79
20200924,2238312,158.32,160.915,156.851,158.76
20200925,2594305,157.65,162.06,157.17,161.49
20200928,2512994,164.44,166.15,163.23,164.64
20200929,2192777,164.56,166.23,163.47,164.51
20200930,2883408,165.77,167.92,163.02,164.61
20201001,2409481,166.20,167.14,162.1167,163.68
20201002,2340126,161.62,167.00,161.35,165.61
20201005,1750113,166.99,169.25,166.74,168.72
20201006,2345881,169.11,171.42,166.62,166.89
20201007,2030602,168.99,172.195,168.52,171.55
20201008,1977935,172.38,173.87,171.48,173.78
20201009,2637024,174.40,176.06,173.265,174.38
20201012,3396282,175.06,176.98,174.12,175.36
20201013,2315273,173.93,174.935,170.52,171.55
20201014,2386365,173.09,174.96,172.80,173.47
20201015,2437453,171.06,173.535,170.33,172.61
20201016,3628934,173.30,176.40,172.80,174.86
20201019,2103613,174.59,175.16,171.05,171.59
20201020,1580298,172.47,175.72,172.47,173.26
20201021,1826974,172.59,175.2199,172.545,172.87
20201022,1882797,173.61,177.25,173.04,176.85
20201023,1988142,178.00,178.6395,173.66,175.54
20201026,2323734,173.20,173.20,167.5971,170.17
20201027,2009584,169.04,169.85,166.66,166.75
20201028,3233699,162.52,165.51,160.97,161.16
20201029,3113639,160.41,165.74,159.42,164.60
20201030,4390007,161.54,165.76,161.05,164.95
20201102,4198347,169.20,174.50,168.11,173.61
20201103,3719819,175.525,180.39,174.25,179.21
20201104,4318632,176.44,182.43,173.28,178.91
20201105,4585133,180.39,184.38,180.22,183.28
20201106,3080416,183.53,186.00,182.875,184.27
20201109,7735225,204.90,210.00,193.42,196.99
20201110,5882183,199.41,203.02,198.13,201.98
20201111,3238480,202.30,202.95,198.34,199.29
20201112,2660771,197.55,199.305,195.68,197.24
20201113,2355376,198.84,201.895,198.84,201.54
20201116,4898808,205.99,209.61,203.395,208.59
20201117,3447826,206.91,206.91,203.36,205.33
20201118,4422376,204.50,204.97,200.96,201.11
20201119,3263013,201.28,203.09,199.8901,202.72
20201120,2359051,201.77,203.33,200.50,202.00
20201123,2807994,203.65,205.30,203.42,204.58
20201124,4054512,208.30,208.79,206.74,207.89
20201125,2434530,208.00,208.6382,206.55,207.68
20201127,1434163,207.67,209.42,207.60,209.41
20201130,6465704,207.17,208.25,203.92,203.92
20201201,3795491,207.09,209.8326,205.93,206.20
20201202,2460059,205.99,209.04,205.97,208.00
20201203,2779431,206.61,209.44,206.41,208.22
20201204,3198838,209.39,212.89,209.39,212.68
20201207,2595130,211.51,211.79,209.35,211.10
20201208,2302325,210.32,213.06,209.90,212.07
20201209,2946483,212.84,213.82,210.715,212.24
20201210,2987477,210.25,212.80,210.22,211.97
20201211,3119537,209.55,215.26,209.5487,214.63
20201214,3345475,216.00,216.70,211.70,211.85
20201215,2502484,214.00,214.90,211.88,214.17
20201216,2930114,213.39,214.33,209.23,210.31
20201217,2148593,210.95,211.94,210.00,211.94
20201218,6686160,212.29,212.51,208.62,210.04
20201221,2467462,205.63,211.16,204.85,210.66
20201222,2020057,210.57,211.205,207.85,207.94
20201223,2047049,209.61,212.14,209.24,209.99
20201224,754913,210.53,210.70,208.60,209.53
20201228,1715733,211.00,211.23,209.38,209.94
20201229,1527643,211.40,211.40,207.88,209.13
20201230,1602159,210.00,211.59,209.56,210.95
20201231,1406395,211.00,213.00,209.67,212.70
20210104,2329179,212.84,213.01,206.36,207.95
20210105,2172258,206.98,210.19,206.98,208.46
20210106,2748168,209.45,213.98,209.23,212.26
20210107,2057350,212.89,214.01,210.80,212.61
20210108,3278932,212.80,213.4075,207.67,210.03
20210111,2938913,208.11,209.615,207.83,208.36
20210112,2498791,207.86,209.48,205.2614,208.88
20210113,2145218,208.28,208.62,206.40,207.02
20210114,3661497,208.04,209.78,207.18,208.61
20210115,3887549,207.53,207.8617,205.20,205.97
20210119,2656589,208.24,208.76,206.45,206.76
20210120,2452446,207.92,208.67,206.67,208.08
20210121,2705893,206.86,207.81,205.10,205.23
20210122,3502973,204.26,204.46,201.39,202.25
20210125,4737692,201.34,202.56,200.10,201.87
20210126,2201906,203.84,204.77,200.98,201.06
20210127,4108568,198.11,200.76,196.53,199.38
20210128,3731737,200.62,205.35,199.63,202.84
20210129,4635405,196.51,200.94,194.55,195.37
20210201,2889125,197.55,197.765,195.28,195.56
20210202,2768040,197.83,200.87,197.51,200.12
20210203,1910258,199.63,199.90,197.41,199.14
20210204,2273295,199.83,201.46,198.83,200.59
20210205,1868217,202.23,203.87,201.2773,202.92
20210208,2076009,203.82,204.90,202.56,203.86
20210209,1794231,203.60,203.80,201.08,202.02
20210210,1894589,203.00,203.35,201.18,202.16
20210211,1708967,202.18,203.10,200.88,202.18
20210212,1990352,202.37,203.79,201.6501,203.57
20210216,2283499,204.86,205.57,201.88,203.44
20210217,2941163,201.36,202.19,199.86,201.90
20210218,1764985,201.50,204.82,200.65,203.52
20210219,2434559,204.12,206.8299,203.32,203.56
20210222,2205390,203.04,204.30,202.42,203.62
20210223,2459300,205.01,205.84,202.97,205.04
20210224,3341520,204.89,212.14,203.50,211.03
20210225,2735008,209.95,210.455,204.26,204.79
20210226,3665903,205.63,205.80,202.07,202.35
20210301,2535954,204.33,208.15,203.69,206.22
20210302,2500200,206.77,207.99,205.18,206.58
20210303,2706390,206.12,209.45,206.12,207.01
20210304,2798790,207.35,208.04,200.51,202.94
20210305,2857983,204.53,207.46,201.78,206.58
20210308,3216015,207.54,212.45,207.195,207.70
20210309,2643482,208.99,209.94,206.49,207.61
20210310,4332488,207.68,213.27,207.65,212.91
20210311,2959704,211.79,214.76,211.20,212.50
20210312,1839244,213.29,215.39,213.20,214.38
20210315,2561209,213.71,217.00,212.70,216.20
20210316,2577708,216.36,216.47,211.41,211.81
20210317,2730196,213.50,214.43,211.94,213.03
20210318,4293949,213.50,219.00,213.18,215.02
20210319,10110790,215.37,215.59,212.17,212.91
20210322,3306583,211.11,212.68,209.53,212.13
20210323,1913754,210.42,212.35,207.87,208.59
20210324,2562197,209.96,215.05,209.89,212.22
20210325,2217646,212.21,214.05,208.25,213.88
20210326,2540014,215.12,218.69,214.135,218.53
20210329,3064038,217.65,219.67,217.14,218.88
20210330,2448206,219.00,219.3099,217.05,218.09
20210331,2450022,218.19,219.17,216.75,217.07
20210401,2109749,217.96,217.97,215.4912,216.80
20210405,2258883,218.71,220.11,218.37,219.27
20210406,1795959,219.57,221.05,218.51,219.19
20210407,1717225,218.22,219.88,217.2775,218.50
20210408,2072017,218.18,219.96,216.64,219.86
20210409,3861931,227.50,227.63,223.31,226.98
20210412,2660068,225.64,229.23,225.56,228.60
20210413,2750231,229.21,229.949,227.60,229.00
20210414,2186537,228.00,230.99,228.00,229.38
20210415,2009592,230.23,230.71,228.565,229.84
20210416,4098296,231.68,232.35,230.05,232.11
20210419,2904437,231.71,232.105,230.50,230.97
20210420,2050665,230.00,230.19,225.78,227.33
20210421,1722536,227.13,230.67,226.93,230.50
20210422,2516155,230.40,232.03,228.80,229.26
20210423,5312728,225.20,226.95,222.22,224.50
20210426,3611352,225.59,225.74,221.26,221.52
20210427,2786525,222.02,223.75,221.11,222.93
20210428,2168054,222.74,224.14,222.50,222.87
20210429,1789938,223.71,224.16,221.6818,223.90
20210430,2216986,223.02,223.58,221.04,223.04
20210503,2218729,224.24,224.78,222.2613,223.20
20210504,2826960,222.14,225.60,220.75,225.43
20210505,1580762,226.29,227.2687,224.555,226.19
20210506,2053225,227.25,228.82,225.45,228.66
20210507,1957122,228.13,229.70,226.37,228.79
20210510,2393698,229.00,232.65,229.00,230.94
20210511,3380290,228.06,229.26,224.25,229.16
20210512,4197103,226.64,227.26,219.89,220.04
20210513,2905724,218.83,224.87,218.74,223.68
20210514,2081307,225.74,228.23,224.85,227.36
20210517,2058010,227.86,227.86,224.735,226.47
20210518,2400421,225.37,225.985,222.23,222.32
20210519,3050216,220.67,221.47,216.78,221.32
20210520,2207835,220.487,222.89,220.47,222.13
20210521,2274600,223.00,225.625,222.66,223.20
20210524,1813542,224.50,225.515,223.17,225.00
20210525,1804635,225.00,225.7099,223.39,224.04
20210526,1748116,224.96,224.99,223.31,224.27
20210527,6647173,226.69,231.74,226.59,231.27
20210528,2529345,232.00,232.24,230.31,230.91
20210601,2234146,232.89,233.69,231.51,232.95
20210602,2225389,234.02,234.02,230.50,230.74
20210603,2321294,230.71,231.64,228.47,229.20
20210604,1299971,229.76,230.75,229.1864,230.05
20210607,2032479,229.51,230.36,227.53,228.19
20210608,1720583,228.31,230.82,227.44,229.81
20210609,1973581,229.82,230.40,227.60,227.81
20210610,2223555,229.12,230.06,226.15,226.25
20210611,1998905,227.75,228.33,223.96,225.18
20210614,2586062,224.92,224.95,222.73,223.17
20210615,2063234,223.02,223.86,221.67,222.50
20210616,3052341,222.50,222.90,218.60,218.99
20210617,2425675,219.20,220.20,214.725,216.29
20210618,5426523,213.60,215.29,211.96,212.50
20210621,2872355,214.74,217.43,214.34,216.00
20210622,2111039,215.68,216.80,214.88,215.49
20210623,2234542,215.67,216.37,214.56,214.66
20210624,3364493,215.79,218.04,214.65,217.69
20210625,5219111,217.87,220.17,217.33,218.74
20210628,2360334,219.12,220.11,216.30,216.79
20210629,3001976,217.03,218.36,215.42,215.95
20210630,2866404,215.53,219.86,215.53,219.35
20210701,1630291,220.58,221.26,219.66,220.62
20210702,1543562,220.99,222.05,219.7138,221.32
20210706,1935849,220.09,220.95,215.93,218.56
20210707,1563360,218.03,221.59,218.01,220.74
20210708,2404704,218.56,220.7125,217.1315,219.32
20210709,2161837,221.03,224.60,220.74,224.34
20210712,2066264,222.88,225.70,222.13,225.02
20210713,1417408,225.85,225.85,223.71,224.08
20210714,2631846,224.1676,228.76,224.1676,227.77
20210715,5546799,230.00,233.43,229.04,232.81
20210716,3592832,232.19,233.86,229.62,230.33
20210719,6107148,225.67,226.61,220.01,220.66
20210720,28237090,221.64,231.27,221.50,229.66
20210721,4554650,229.20,232.074,228.73,231.85
20210722,3680233,232.71,234.25,230.13,232.74
20210723,3908545,229.00,231.12,226.181,229.32
20210726,2776861,228.484,229.76,225.22,229.25
20210727,2167071,228.68,232.27,228.09,230.36
20210728,1713878,230.07,232.28,229.37,230.49
20210729,1501860,232.89,233.25,231.335,232.88
20210730,2237334,232.79,233.94,232.08,233.79
20210802,2025488,235.14,236.86,232.22,232.42
20210803,1782979,233.17,233.8538,230.58,232.65
20210804,2324080,231.80,232.98,228.9055,229.59
20210805,1467161,229.53,231.55,228.95,229.88
20210806,1327491,230.00,230.89,229.01,229.68
20210809,1369877,228.77,229.32,227.55,228.23
20210810,2389094,228.41,232.07,228.12,231.88
20210811,2098537,232.60,234.6775,231.865,234.18
20210812,1917371,233.52,233.745,230.70,231.94
20210813,1404791,231.85,232.66,231.15,231.76
20210816,1794620,231.86,233.80,230.17,233.74
20210817,2679136,233.19,233.70,228.34,231.45
20210818,2555304,229.96,231.49,228.24,228.42
20210819,1945127,227.58,229.238,226.04,227.73
20210820,2081067,228.13,228.73,226.51,227.70
20210823,2143468,227.25,231.61,227.25,229.11
20210824,1265726,228.85,230.915,228.31,230.44
20210825,1804246,230.86,232.3409,228.80,230.66
20210826,1303319,230.08,231.18,229.43,230.88
20210827,1663624,231.58,233.555,230.66,231.14
20210830,1318283,231.22,232.78,230.56,231.87
20210831,1956313,231.43,232.65,230.57,231.91
20210901,2484573,232.95,233.19,229.30,229.80
20210902,1594550,230.92,231.44,229.77,230.97
20210903,1622429,231.00,231.00,227.77,228.36
20210907,3222871,227.70,227.70,222.77,222.93
20210908,2428562,222.75,224.90,221.82,224.40
20210909,1937886,223.91,224.98,222.33,222.93
20210910,2357909,222.97,225.19,222.21,222.37
20210913,2771647,224.315,225.71,222.21,223.60
20210914,2699929,224.05,224.12,219.71,220.19
20210915,2021753,220.63,222.91,220.14,221.69
20210916,2393535,221.27,221.41,218.52,219.65
20210917,4391758,219.86,219.86,217.5002,218.49
20210920,4008647,216.09,217.84,214.19,215.73
20210921,2568859,216.79,216.94,214.35,214.90
20210922,2281095,216.44,218.4286,216.32,217.02
20210923,2180071,217.30,221.3708,217.30,219.70
20210924,1949073,219.74,220.81,218.47,219.19
20210927,2199324,218.94,219.83,217.73,217.90
20210928,2654294,216.62,218.35,214.47,214.97
20210929,2109054,215.83,216.41,214.55,214.92
20210930,2934371,216.17,216.245,212.10,212.28
20211001,2276496,212.98,216.4213,211.635,215.65
20211004,2632280,215.25,216.62,213.19,214.21
20211005,1560184,213.61,217.0499,213.61,215.72
20211006,1736021,213.77,216.99,213.12,216.86
20211007,1852850,218.00,219.86,217.71,218.37
20211008,1344880,218.68,219.55,216.74,217.70
20211011,1355214,217.38,218.22,215.26,215.29
20211012,1383809,215.70,216.24,213.93,214.33
20211013,1600202,215.29,216.68,212.94,215.58
20211014,1425556,217.16,218.78,216.529,218.59
20211015,2180601,220.30,221.45,219.2601,220.72
20211018,1883500,218.58,221.47,217.84,220.63
20211019,1599630,221.36,221.84,219.46,221.78
20211020,1657049,222.23,223.69,220.83,223.64
20211021,2649235,223.62,224.86,221.24,224.52
20211022,3498592,222.969,223.90,217.24,217.40
20211025,2710431,216.81,219.00,215.645,217.54
20211026,2443872,218.20,220.47,216.77,218.32
20211027,1647056,218.10,218.163,215.2186,215.72
20211028,1947870,214.38,218.7794,214.38,218.48
20211029,2615366,218.00,220.30,217.06,218.62
20211101,1697845,218.70,220.05,218.0747,219.76
20211102,2297369,220.54,221.97,219.2524,221.19
20211103,2057280,220.91,223.05,219.58,222.80
20211104,2320165,222.67,224.84,222.08,222.49
20211105,2329234,224.24,227.61,223.82,226.06
20211108,1715363,227.805,228.24,224.38,225.73
20211109,2368989,225.70,228.26,225.35,227.75
20211110,1324945,227.27,227.91,225.18,225.41
20211111,1595894,225.50,225.50,220.595,221.01
20211112,2184650,221.94,222.54,219.50,222.39
20211115,1207918,222.63,224.0408,221.64,222.47
20211116,1648547,222.62,223.28,221.06,221.37
20211117,1896561,220.99,221.285,219.6039,220.49
20211118,1688332,219.495,220.95,219.02,220.70
20211119,2096134,221.01,221.20,217.17,218.49
20211122,2453069,218.33,221.05,218.03,218.14
20211123,4021450,217.36,218.46,215.145,216.00
20211124,3266034,215.14,215.91,211.84,212.21
20211126,3857777,204.95,209.00,202.57,208.21
20211129,2598424,210.21,210.21,207.00,207.66
20211130,5680329,206.229,206.47,201.11,202.24
20211201,3123566,205.65,205.88,199.18,199.42
20211202,6004852,200.955,205.45,199.50,204.00
20211203,3545862,204.01,204.48,201.00,203.50
20211206,4376615,205.23,208.09,204.87,206.25
20211207,4786706,207.33,209.60,205.76,207.15
20211208,4997401,204.84,205.33,202.5201,204.65
20211209,4992004,204.58,207.16,202.95,206.00
20211210,3410195,206.84,210.04,205.82,209.81
20211213,2892303,209.80,210.75,208.60,209.23
20211214,3790608,208.83,211.54,205.91,206.68
20211215,2951968,207.546,210.40,205.24,209.76
20211216,2993212,211.25,211.28,209.30,209.61
20211217,5586775,209.46,210.11,204.71,205.17
20211220,3387351,202.12,202.6548,198.10,199.85
20211221,2628177,201.15,202.78,200.31,201.67
20211222,3111103,201.22,202.00,200.08,201.84
20211223,2376110,203.20,206.31,203.00,205.22
20211227,2486485,205.69,206.6399,204.9109,206.43
20211228,1971693,206.47,208.11,206.2204,207.05
20211229,1714622,207.91,208.04,206.46,207.53
20211230,1273142,208.10,208.90,206.91,207.11
20211231,1536608,206.86,209.19,206.38,208.51
20220103,2580319,207.86,209.3499,205.56,206.80
20220104,3256352,206.707,209.55,205.65,209.00
20220105,4088544,209.535,215.58,209.12,211.06
20220106,3270381,211.80,214.35,210.62,210.82
20220107,3056849,212.15,217.31,211.57,215.75
20220110,3453916,215.67,216.46,211.86,213.46
20220111,3529470,214.42,216.99,211.52,216.31
20220112,3104952,217.49,219.19,217.35,218.25
20220113,3082748,218.40,221.89,218.07,219.43
20220114,3343058,217.61,217.97,215.36,217.65
20220118,3055230,214.88,215.94,212.055,213.59
20220119,2614766,214.41,214.77,210.60,210.73
20220120,2568693,211.68,214.45,208.725,208.92
20220121,4440824,209.26,209.60,204.96,205.10
20220124,5464828,204.20,204.78,198.98,204.45
20220125,5237794,200.71,203.79,197.91,202.30
20220126,3387572,203.153,205.885,198.72,200.65
20220127,2755006,203.07,204.8284,199.26,200.65
20220128,3392298,200.38,202.05,196.05,201.99
20220131,3297761,200.56,204.98,199.31,204.48
20220201,3053276,203.93,205.82,201.51,205.34
20220202,2835943,205.42,207.84,204.64,207.55
20220203,8679876,200.16,201.00,191.58,191.74
20220204,5479941,191.87,192.79,188.03,191.50
20220207,3457837,192.15,194.59,190.81,192.48
20220208,2735815,192.48,195.06,191.05,194.56
20220209,3210659,196.12,197.015,194.69,196.62
20220210,3659592,194.11,196.9684,191.02,191.75
20220211,5323489,191.81,192.89,186.5479,186.99
20220214,3156940,187.38,188.42,184.54,186.69
20220215,2873460,188.18,189.93,186.53,189.53
20220216,3085564,189.54,189.80,186.80,189.06
20220217,3075953,187.48,187.8799,184.30,184.59
20220218,5038397,183.93,185.06,181.39,182.13
20220222,4008122,183.12,185.28,180.94,182.56
20220223,3582435,183.57,183.88,178.80,178.96
20220224,5899657,174.95,182.69,174.42,182.34
20220225,5001199,182.10,189.52,182.07,188.56
20220228,4111058,186.05,189.94,186.05,189.75
20220301,5463161,186.65,189.85,182.93,183.60
20220302,5340717,185.34,188.25,184.16,186.44
20220303,5022911,189.47,191.845,187.12,187.52
20220304,5085722,185.65,187.67,184.52,187.43
20220307,3533784,187.04,187.30,182.02,182.16
20220308,4575023,182.19,187.02,182.12,183.24
20220309,2899407,186.36,187.23,184.89,185.40
20220310,2455436,182.54,185.11,182.22,184.36
20220311,2725571,186.38,186.93,182.03,182.24
20220314,3002074,183.47,185.21,182.72,183.20
20220315,3922915,185.13,188.165,184.792,187.79
20220316,4132940,189.60,191.25,186.52,191.03
20220317,3153510,189.65,192.61,189.20,191.93
20220318,8748601,191.77,194.92,189.80,194.72
20220321,3500793,193.57,194.41,191.52,193.02
20220322,2369457,193.14,195.92,193.14,195.03
20220323,1816058,194.44,194.96,192.01,192.34
20220324,2197837,193.18,194.72,192.05,194.69
20220325,2543341,195.35,198.36,195.32,197.79
20220328,3270571,197.09,197.34,194.25,197.11
20220329,3350349,199.08,199.39,194.83,197.54
20220330,2427649,197.12,198.18,195.69,196.54
20220331,3276021,196.67,198.21,194.55,194.58
20220401,2286690,195.90,196.11,193.50,196.03
20220404,2051246,195.33,196.63,193.44,196.07
20220405,2293764,194.64,196.47,193.09,193.63
20220406,2942568,191.92,195.07,191.13,193.62
20220407,2201507,192.50,193.5995,188.44,192.70
20220408,2877835,193.00,193.3859,189.81,190.16
20220411,2700765,190.27,191.25,188.73,189.27
20220412,3098751,190.90,192.89,190.00,190.99
20220413,2391299,191.83,195.01,191.32,194.85
20220414,4275787,195.17,196.70,194.91,195.19
20220418,1957966,194.29,195.88,191.135,192.07
20220419,3340660,193.07,197.36,192.57,197.20
20220420,2622963,198.18,199.50,196.01,196.34
20220421,2418313,197.96,200.59,195.46,195.94
20220422,3040800,194.60,194.62,190.35,190.63
20220425,2397533,190.33,191.90,187.33,191.82
20220426,2848994,189.51,190.855,187.57,187.67
20220427,3053472,186.44,188.78,185.76,186.35
20220428,3429085,187.78,190.67,185.25,189.92
20220429,7248712,200.19,201.99,192.87,193.51
20220502,7099626,194.49,200.9209,191.93,196.87
20220503,5359761,196.32,198.35,195.25,197.04
20220504,5483655,197.49,206.395,197.35,205.85
20220505,5759026,203.70,204.67,196.47,197.87
20220506,3624831,197.28,197.42,193.16,195.43
20220509,3781393,195.11,195.80,192.36,193.96
20220510,4767477,196.28,197.24,192.22,194.77
20220511,3283946,194.83,196.86,191.42,192.02
20220512,3990482,190.98,194.75,188.69,192.92
20220513,3237414,193.41,194.95,190.93,193.53
20220516,2624245,193.60,195.29,192.33,193.96
20220517,2723983,195.97,200.05,195.80,199.06
20220518,3185867,197.761,198.69,193.25,193.87
20220519,3126270,192.03,195.21,188.12,192.65
20220520,3884143,193.53,194.205,185.78,189.75
20220523,3726022,191.91,192.18,188.50,189.58
20220524,2842360,189.31,190.76,184.89,189.96
20220525,2512134,189.12,191.1699,186.70,190.44
20220526,2238663,191.28,194.18,191.19,193.10
20220527,2246473,194.99,196.39,194.04,196.35
20220531,3503484,193.56,195.39,191.57,193.62
20220601,2361281,194.50,194.72,190.39,191.91
20220602,2510823,193.79,197.20,192.06,197.04
20220603,2254927,195.35,196.1709,193.6101,194.82
20220606,1586153,196.59,196.97,194.49,195.19
20220607,2130094,193.63,197.99,192.15,197.62
20220608,1688848,196.64,196.88,193.6199,194.52
20220609,1674875,193.24,195.579,191.85,192.01
20220610,2878722,188.315,188.69,186.21,186.28
20220613,4764371,182.36,186.115,182.33,184.42
20220614,3452469,185.14,187.02,182.44,183.28
20220615,2979292,184.42,187.28,182.78,184.97
20220616,4428300,181.85,182.40,179.04,179.88
20220617,5633629,179.40,182.37,178.19,179.70
20220621,2935559,181.75,181.91,179.41,180.51
20220622,2907187,178.46,179.77,176.17,177.73
20220623,3333352,177.23,178.61,172.92,174.57
20220624,4155299,176.49,180.14,175.70,180.02
20220627,2600743,180.99,181.14,177.40,178.29
20220628,3181187,179.47,181.46,175.75,175.95
20220629,2428327,176.05,176.48,171.41,173.20
20220630,2872210,171.26,174.42,170.18,173.81
20220701,1973132,173.65,175.37,171.57,175.11
20220705,3346030,173.73,173.73,168.96,172.09
20220706,2201924,172.77,174.245,171.075,173.21
20220707,2756659,174.21,174.21,171.26,173.79
20220708,1614764,173.89,174.33,171.52,173.34
20220711,3224685,175.01,175.05,172.09,172.84
20220712,2757656,171.72,176.82,171.72,173.61
20220713,1997128,170.78,172.33,169.87,170.87
20220714,1824205,168.72,169.78,167.35,169.51
20220715,2188681,171.03,172.95,170.13,172.80
20220718,1657002,173.14,174.23,170.53,170.95
20220719,2455374,172.92,177.69,172.785,177.23
20220720,1648766,176.81,178.64,176.18,178.26
20220721,1853782,178.26,180.23,177.105,180.03
20220722,2327308,180.50,182.89,180.20,181.47
20220725,1941207,181.77,182.4399,180.36,181.26
20220726,2324131,181.65,183.53,180.41,181.42
20220727,3492445,180.35,185.02,179.5533,183.66
20220728,3653912,189.11,191.48,186.8751,190.44
20220729,2907441,190.48,193.13,188.86,192.46
20220801,2333338,191.41,193.16,190.90,191.99
20220802,3335549,191.13,191.345,188.66,189.12
20220803,2535107,189.36,191.91,187.80,191.50
20220804,1701205,191.13,192.82,190.4401,192.44
20220805,1848911,191.57,192.85,190.28,192.27
20220808,2077750,194.19,195.46,193.09,193.97
20220809,2281653,194.57,194.905,193.40,194.09
20220810,2639617,196.94,198.315,196.3738,197.23
20220811,2392759,197.00,199.62,197.00,198.51
20220812,2257876,199.33,200.98,198.24,200.87
20220815,2307868,200.63,202.70,199.44,202.25
20220816,1661186,200.42,204.26,200.06,203.67
20220817,1661265,201.81,203.97,201.2501,202.78
20220818,1509229,202.51,204.00,202.38,203.72
20220819,2040688,202.62,202.815,200.855,201.56
20220822,2587992,199.575,199.67,197.3339,197.84
20220823,1607694,198.36,198.83,197.14,197.55
20220824,1351784,196.74,198.53,196.32,197.79
20220825,1631498,199.22,200.50,197.915,200.43
20220826,2837122,199.24,200.4445,192.94,193.06
20220829,2095736,192.78,193.90,191.20,192.42
20220830,2224095,191.96,193.035,189.29,190.70
20220831,2629320,192.57,192.66,189.01,189.35
20220901,2242620,189.15,191.135,188.54,190.73
20220902,2748450,193.09,193.43,186.23,186.89
20220906,2548887,187.11,188.43,184.36,185.60
20220907,2344335,185.90,189.76,185.83,189.09
20220908,3506521,188.34,188.34,184.44,187.82
20220909,2909913,189.11,192.01,188.81,191.69
20220912,2766777,193.20,193.6698,191.38,192.03
20220913,4858466,188.51,190.04,184.62,184.98
20220914,4949872,185.25,185.25,178.19,179.97
20220915,3452101,179.14,179.99,176.20,176.86
20220916,6417901,173.56,177.64,172.52,177.35
20220919,2416251,176.00,179.07,175.74,178.63
20220920,2478881,177.04,177.55,175.07,177.01
20220921,2505538,177.91,179.63,174.29,174.30
20220922,2229980,173.54,174.75,172.02,173.25
20220923,3202433,172.78,174.30,169.92,171.38
20220926,3271638,171.53,172.33,168.86,170.07
20220927,2692445,170.86,172.46,168.38,170.07
20220928,3077877,171.86,174.76,170.43,173.83
20220929,3116986,173.36,173.36,168.11,170.07
20220930,3810273,170.10,171.20,166.63,166.97
20221003,3379168,170.07,174.375,169.08,173.04
20221004,3691385,174.90,178.41,174.83,178.19
20221005,2940249,176.62,179.7725,175.01,177.81
20221006,2599393,176.29,177.69,173.855,175.04
20221007,2961648,173.59,174.16,170.37,171.41
20221010,1932124,172.81,173.80,170.12,171.89
20221011,2908319,171.40,175.755,170.78,173.62
20221012,2727972,174.055,175.00,172.20,172.79
20221013,3223443,169.40,178.39,169.22,177.55
20221014,2970553,178.15,178.52,173.83,174.16
20221017,3437934,177.66,179.00,176.13,177.04
20221018,1978578,180.18,181.16,177.64,179.88
20221019,1688112,179.50,180.83,177.94,179.28
20221020,2687496,179.36,180.82,177.11,177.64
20221021,2959827,176.99,183.31,176.52,182.81
20221024,3271208,184.505,188.08,183.84,186.90
20221025,2907118,186.66,189.86,186.195,189.65
20221026,4203806,191.63,192.9532,189.76,190.27
20221027,4754020,193.36,199.58,192.80,196.49
20221028,4892755,199.00,205.16,196.69,204.93
20221031,4433470,202.405,204.99,202.2881,204.02
20221101,4376652,204.45,205.08,201.52,203.10
20221102,4692929,203.34,206.89,200.05,200.47
20221103,4653836,200.37,206.05,199.1675,204.39
20221104,4125109,206.30,208.03,204.21,207.85
20221107,2671829,207.70,210.24,207.14,209.77
20221108,2631318,209.33,212.38,208.8846,211.36
20221109,3040359,210.00,211.54,208.44,208.63
20221110,4354703,214.85,215.07,211.15,214.80
20221111,4226792,214.59,214.96,211.45,212.73
20221114,3074048,212.78,216.08,211.83,213.00
20221115,2367383,215.36,216.19,213.09,215.43
20221116,2447056,215.76,216.23,213.31,214.00
20221117,2689734,212.25,215.38,212.024,214.51
20221118,2974732,216.39,217.35,213.16,214.53
20221121,2346620,215.00,217.22,213.85,216.56
20221122,2516386,217.13,219.01,217.00,218.76
20221123,2686758,218.79,220.675,218.3001,218.91
20221125,1119900,217.74,220.96,217.74,220.05
20221128,2642826,219.70,220.205,215.47,215.77
20221129,2101760,215.92,217.42,215.18,216.72
20221130,4675120,216.32,220.65,213.69,219.55
20221201,3990378,220.28,220.62,216.3548,217.39
20221202,2194258,214.83,219.86,214.72,219.08
20221205,3078017,217.75,218.585,215.20,215.60
20221206,2518614,216.27,216.74,211.36,213.19
20221207,2983537,213.97,214.09,212.01,213.45
20221208,2169500,213.85,214.585,212.2101,213.35
20221209,2260246,213.35,214.49,211.40,211.63
20221212,3347031,212.16,214.59,211.06,214.50
20221213,3449789,219.55,219.96,213.14,214.96
20221214,2545896,216.22,217.87,213.05,214.72
20221215,3221605,212.89,213.72,208.03,208.97
20221216,7128473,207.35,210.29,206.23,209.74
20221219,3089824,209.26,212.33,208.37,209.41
20221220,1876122,209.57,212.76,209.22,211.49
20221221,2625236,212.96,215.30,212.75,215.10
20221222,2220111,214.335,214.61,208.99,212.31
20221223,1300657,212.00,214.705,211.46,213.87
20221227,1461037,213.90,215.78,213.71,214.89
20221228,1607307,215.93,216.51,212.01,212.19
20221229,1879921,213.09,215.2499,212.77,214.75
20221230,1599974,213.98,214.50,211.93,214.30
20230103,2219496,215.15,215.15,212.22,214.30
20230104,3860313,208.50,211.24,207.32,210.04
20230105,4057482,208.48,208.81,204.06,204.47
20230106,4056383,206.47,211.06,205.8738,210.27
20230109,2627479,210.27,213.63,209.54,210.67
20230110,1775736,209.50,211.45,209.50,211.34
20230111,2919491,211.98,212.91,210.01,212.30
20230112,2964267,212.85,217.22,212.38,215.98
20230113,1997090,214.49,216.83,212.895,216.61
20230117,3281499,217.02,217.02,211.9301,212.24
20230118,5101401,210.89,210.89,203.98,204.24
20230119,4549156,204.30,204.38,200.22,200.66
20230120,3977496,199.565,202.66,198.81,202.03
20230123,2799719,202.55,205.845,201.3801,204.46
20230124,3217250,203.96,207.68,202.225,206.93
20230125,2154853,204.54,207.1523,203.76,206.67
20230126,1927499,207.80,209.42,205.89,209.35
20230127,2122529,207.89,209.83,207.635,208.13
20230130,2545705,206.53,209.39,205.61,205.78
20230131,2298778,206.57,208.57,205.51,208.48
20230201,5392235,207.41,208.45,203.81,206.72
20230202,7183495,198.95,208.2219,197.69,207.38
20230203,4457814,207.20,207.20,201.62,202.69
20230206,2854188,202.25,204.13,200.76,204.04
20230207,2947917,203.00,206.02,201.78,205.47
20230208,3562421,203.90,204.81,201.21,202.22
20230209,3013535,203.36,203.925,198.64,199.22
20230210,2890779,198.81,200.83,198.37,200.47
20230213,2973187,200.19,203.74,199.75,203.37
20230214,2999565,203.09,203.10,198.67,201.00
20230215,2532393,199.80,201.74,198.86,201.71
20230216,2754941,198.77,201.54,197.98,199.36
20230217,2850383,199.26,201.98,198.66,201.42
20230221,2831026,201.57,201.65,196.45,196.76
20230222,2963294,197.08,197.49,194.62,195.49
20230223,2446679,196.04,196.04,192.58,195.02
20230224,3305720,193.89,193.89,190.86,192.04
20230227,3363256,194.42,195.00,191.74,192.45
20230228,3110131,191.51,192.36,189.63,191.48
20230301,3231729,190.63,194.35,190.57,192.88
20230302,4254284,191.59,195.12,191.50,194.45
20230303,3116629,195.44,197.54,194.22,196.82
20230306,2721778,197.19,199.31,196.65,197.04
20230307,2781131,197.42,198.20,194.75,195.62
20230308,2065035,196.28,196.65,194.13,195.57
20230309,3188590,196.88,196.95,192.35,192.88
20230310,3667341,192.88,196.68,191.89,193.33
20230313,3223590,193.00,195.23,192.17,193.10
20230314,4853203,196.06,196.1739,190.17,192.97
20230315,3926282,190.07,191.01,184.76,188.12
20230316,3897012,187.37,189.77,186.30,189.14
20230317,7383864,187.81,188.005,184.23,184.64
20230320,2840845,185.96,190.24,185.51,189.88
20230321,3133912,191.07,192.14,189.15,191.16
20230322,2348725,191.72,192.00,187.08,187.16
20230323,2360130,186.86,189.4161,185.55,186.92
20230324,2332277,186.39,188.22,184.60,188.16
20230327,2133141,188.63,189.5949,187.43,187.99
20230328,2069760,187.75,189.61,187.40,187.92
20230329,2684187,189.66,189.71,187.765,189.07
20230330,1999467,189.61,190.44,187.98,189.12
20230331,2702570,190.12,191.38,189.33,191.12
20230403,2873741,190.57,193.90,189.96,193.28
20230404,2499133,193.12,193.23,189.68,190.94
20230405,3030036,190.29,191.01,189.28,189.43
20230406,2782289,189.61,192.11,189.01,190.46
20230410,2540349,190.74,192.60,190.32,191.68
20230411,2435597,192.88,193.16,191.82,192.19
20230412,3656911,193.46,194.87,192.33,193.23
20230413,3360733,193.25,196.42,192.60,195.90
20230414,1964058,195.63,197.73,195.25,196.55
20230417,1682747,197.18,198.07,196.74,197.86
20230418,2399951,198.72,199.47,196.22,196.93
20230419,1864129,198.25,198.66,197.22,197.81
20230420,1947074,197.50,197.76,196.00,196.75
20230421,1970694,197.09,197.35,195.40,196.08
20230424,1605640,197.21,198.08,196.27,196.78
20230425,2244307,198.52,198.91,195.86,195.96
20230426,3579352,193.88,194.47,190.18,190.90
20230427,3862369,195.94,198.85,193.57,198.61
20230428,2851573,199.00,200.81,198.49,199.84
20230501,2224861,200.00,202.155,199.96,200.48
20230502,2588338,199.66,199.66,196.3701,198.26
20230503,2775285,199.85,200.61,197.71,197.96
20230504,2304847,198.215,199.00,194.93,196.22
20230505,2088101,197.34,198.59,196.78,198.42
20230508,1494474,199.75,199.98,195.967,196.95
20230509,2237665,195.96,198.285,194.96,197.13
20230510,2158477,197.49,198.74,194.32,197.34
20230511,2870794,195.93,196.29,193.20,193.98
20230512,2102037,194.94,195.35,192.70,193.62
20230515,1565880,193.50,195.475,192.65,194.31
20230516,2050805,193.96,193.96,191.30,191.61
20230517,2420950,193.03,196.4257,192.535,196.02
20230518,2438035,195.45,198.39,194.89,198.25
20230519,2669524,199.50,200.26,197.06,197.35
20230522,1763744,197.05,198.41,195.22,196.93
20230523,2159034,197.20,197.57,194.89,194.97
20230524,1744508,194.93,195.20,190.89,191.86
20230525,2421623,191.87,192.55,189.99,192.27
20230526,1972053,192.78,194.315,192.145,193.75
20230530,2256597,193.60,194.78,190.42,194.55
20230531,3655780,193.85,194.04,190.36,191.60
20230601,1908989,191.85,194.30,190.47,193.86
20230602,2740769,196.45,199.56,195.89,198.85
20230605,1662658,198.72,199.12,196.049,197.18
20230606,2294495,197.56,198.10,195.36,196.34
20230607,2555467,196.96,198.70,194.23,198.39
20230608,1626605,197.87,198.75,197.0575,198.15
20230609,1760237,197.63,198.76,196.09,197.89
20230612,1680776,198.21,198.953,196.625,198.50
20230613,1987889,198.50,201.28,197.755,201.11
20230614,2656842,202.00,202.81,198.66,200.52
20230615,2467702,201.25,204.10,200.425,203.73
20230616,5005821,205.00,206.015,202.46,202.97
20230620,2085168,202.65,202.97,199.03,200.40
20230621,2553482,199.29,202.78,198.11,201.80
20230622,1616945,201.96,202.275,199.63,200.65
20230623,3322857,199.13,200.66,198.645,200.09
20230626,2131606,200.30,203.06,199.45,202.58
20230627,2358820,202.56,204.07,202.45,203.34
20230628,1972042,203.42,203.92,202.00,202.50
20230629,2544081,202.42,206.63,201.74,206.47
20230630,3009911,207.67,208.49,206.81,207.50
20230703,1214925,206.79,208.64,205.04,208.30
20230705,2336660,207.40,208.335,205.95,206.43
20230706,2102512,204.97,205.05,202.08,204.01
20230707,2253783,202.88,205.72,202.16,203.26
20230710,3102208,204.21,207.98,203.615,207.74
20230711,2801495,208.44,209.5299,207.44,208.73
20230712,2967190,210.386,210.87,208.35,208.52
20230713,2324260,207.67,209.21,207.19,208.71
20230714,2161287,207.91,207.91,205.50,206.14
20230717,2150723,205.57,208.83,205.26,208.17
20230718,3668886,206.70,207.1599,203.95,205.25
20230719,2505953,203.85,206.06,203.83,205.17
20230720,2532700,206.15,209.24,205.584,207.96
20230721,7529639,208.31,210.39,207.78,208.60
20230724,1846799,208.67,210.16,208.21,209.32
20230725,1968377,208.15,210.135,207.27,209.68
20230726,3293054,208.78,209.40,207.19,208.26
20230727,6595540,203.71,204.12,195.65,196.41
20230728,3936174,197.66,198.21,195.01,195.19
20230731,3447783,195.12,195.505,193.42,194.13
20230801,3976944,193.35,194.80,192.96,193.48
20230802,2997973,193.90,195.30,192.40,192.90
20230803,2509410,192.78,192.90,190.46,190.51
20230804,2408676,191.26,191.82,188.81,189.21
20230807,2842650,190.11,190.665,188.60,189.60
20230808,3261703,188.60,188.60,186.57,187.65
20230809,3224678,187.05,190.27,187.00,189.24
20230810,2811662,188.22,190.6187,188.06,188.74
20230811,2700032,188.20,191.435,188.20,190.67
20230814,2444190,190.95,191.81,189.16,189.51
20230815,2251989,187.98,188.4204,186.56,187.80
20230816,2241316,187.65,188.50,186.41,186.49
20230817,2481131,187.46,188.215,185.98,185.98
20230818,2053767,185.19,187.555,185.07,186.58
20230821,1930803,186.01,187.30,185.42,186.95
20230822,1713108,187.35,187.495,185.55,186.01
20230823,1899304,186.50,187.57,186.15,187.08
20230824,2391471,186.94,188.79,185.11,185.16
20230825,1943869,185.62,187.1712,184.575,186.30
20230828,1941139,188.44,189.635,187.12,187.88
20230829,2180494,187.88,189.82,187.35,189.52
20230830,2206947,189.52,190.70,187.7101,188.56
20230831,2598517,188.45,189.40,187.92,187.94
20230901,1595824,189.02,189.49,187.54,188.39
20230905,2229187,188.58,188.80,185.62,185.70
20230906,2228925,185.04,185.83,183.63,184.51
20230907,2086214,184.75,185.83,183.23,184.12
20230908,1769739,183.80,184.99,183.42,184.52
20230911,2115478,185.93,186.641,184.75,186.21
20230912,3667566,186.19,189.94,185.97,189.21
20230913,5057296,189.82,193.66,189.785,191.59
20230914,3682184,192.40,195.31,191.94,193.56
20230915,6014023,194.52,194.9235,192.39,193.04
20230918,2296961,192.75,195.345,192.44,194.46
20230919,2872400,193.14,195.62,193.14,195.35
20230920,2374326,196.14,197.09,194.39,194.44
20230921,2917718,194.67,194.67,191.40,191.43
20230922,2824497,190.93,191.835,189.59,189.78
20230925,2723193,189.04,192.03,188.555,191.86
20230926,3399534,191.01,191.343,187.76,187.89
20230927,2235298,188.94,188.94,186.35,187.88
20230928,2912309,187.73,188.98,186.68,187.11
20230929,3330883,188.22,188.23,184.34,184.74
20231002,2700935,184.00,184.82,181.07,182.61
20231003,2490471,181.86,182.72,180.2396,181.14
20231004,2298684,181.43,182.955,180.415,182.50
20231005,2288328,182.15,182.42,179.13,180.02
20231006,3770890,180.47,185.30,179.70,184.66
20231009,2278984,185.31,186.98,184.76,186.52
20231010,3262668,188.00,188.09,184.38,186.34
20231011,2210345,186.56,188.29,185.81,187.40
20231012,2414023,187.36,187.39,182.82,183.94
20231013,2245641,184.85,184.85,182.36,183.56
20231016,2433101,185.61,187.50,185.13,186.23
20231017,1848913,185.34,187.29,184.965,186.32
20231018,2262036,185.63,186.04,183.04,183.47
20231019,2565722,183.17,185.8569,181.86,182.27
20231020,3043455,182.65,183.78,181.06,181.32
20231023,2073580,181.59,183.08,180.39,180.52
20231024,2552306,181.57,183.02,180.26,181.46
20231025,4147428,181.45,181.78,177.98,178.09
20231026,4817578,178.58,182.993,174.88,176.06
20231027,3400371,175.65,179.12,175.35,177.00
20231030,2633837,177.54,180.30,176.60,179.75
20231031,3770344,179.50,183.92,179.18,183.26
20231101,3358688,184.19,184.2688,181.42,183.99
20231102,3059557,185.60,187.135,184.15,186.43
20231103,2960084,188.14,190.21,187.9789,188.99
20231106,2339892,188.67,188.90,187.02,187.50
20231107,2482252,186.77,187.2542,185.56,186.61
20231108,3193524,186.88,186.88,183.78,184.62
20231109,2718322,183.87,185.42,183.20,183.68
20231110,2178647,184.61,186.92,183.66,186.71
20231113,1675859,186.80,187.51,185.71,186.51
20231114,2951656,188.77,190.67,188.65,190.24
20231115,4076819,190.48,191.76,188.78,189.55
20231116,2133472,191.22,192.36,190.41,190.71
20231117,2207822,191.79,192.00,189.93,191.21
20231120,2000174,190.67,192.375,190.07,191.80
20231121,1877572,191.09,191.61,190.07,191.24
20231122,1881988,191.10,192.87,190.13,192.31
20231124,1074506,193.12,193.71,192.41,193.41
20231127,2480483,192.61,193.68,192.35,192.97
20231128,3329148,192.99,195.07,192.41,194.27
20231129,2243034,195.53,196.32,193.93,194.26
20231130,3114043,194.27,196.12,194.03,195.92
20231201,3112060,196.50,198.085,195.3201,197.78
20231204,2717466,196.52,198.46,196.46,198.36
20231205,2584262,197.52,197.84,195.331,196.95
20231206,2230902,198.15,199.125,197.28,197.79
20231207,2436954,198.99,199.05,197.46,197.79
20231208,4545331,196.04,197.23,193.01,194.61
20231211,3706188,196.45,200.51,196.05,200.39
20231212,3094085,202.00,202.30,200.864,201.51
20231213,3063397,202.60,203.16,200.25,203.08
20231214,3785666,204.00,204.644,202.46,203.41
20231215,7523488,203.85,205.045,202.44,203.40
20231218,2970685,204.01,205.45,203.48,205.10
20231219,2596931,204.53,205.07,203.49,204.60
20231220,3349631,203.71,205.37,202.84,202.90
20231221,2158664,203.79,205.205,203.43,205.05
20231222,1889800,205.05,207.16,204.96,205.64
20231226,1860306,206.14,208.55,205.79,208.04
20231227,2340215,207.16,209.66,207.16,209.02
20231228,1647683,209.32,209.97,208.83,209.17
20231229,2256443,209.22,210.17,208.91,209.71
20240102,3132684,208.86,210.605,208.32,209.00
20240103,3814053,208.42,208.42,204.26,204.53
20240104,2542018,204.12,206.22,204.03,204.90
20240105,2682727,204.39,204.565,202.26,203.53
20240108,4019954,203.12,203.545,201.25,202.66
20240109,3082280,200.48,201.73,198.90,201.63
20240110,2372259,201.00,202.47,200.42,202.40
20240111,1940910,202.29,202.59,199.55,201.67
20240112,2429309,203.39,203.99,200.16,201.10
20240116,3500369,200.68,201.125,197.51,197.77
20240117,2510468,196.75,198.09,196.00,197.95
20240118,2604627,197.72,200.54,197.2635,200.13
20240119,3089602,200.28,201.24,198.64,200.78
20240122,3589302,201.34,203.92,200.43,201.04
20240123,2033826,201.23,203.16,200.63,202.94
20240124,3483914,202.94,203.78,199.68,199.87
20240125,2653230,201.74,203.17,200.671,202.56
20240126,1924770,203.03,203.89,201.39,201.80
20240129,2196849,201.43,203.06,200.815,203.05
20240130,5646047,201.16,206.37,201.16,205.90
20240131,5624518,207.20,207.71,201.76,202.26
20240201,7819099,195.87,197.57,189.66,197.31
20240202,4317910,197.035,200.05,195.54,196.11
20240205,4632180,193.96,194.85,192.82,193.01
20240206,3741587,192.54,194.065,192.04,193.64
20240207,3029888,195.47,195.82,193.59,194.10
20240208,2516150,193.59,194.0155,192.25,193.46
20240209,3686297,193.00,195.225,192.83,194.84
20240212,2827875,193.98,197.63,193.77,197.35
20240213,4432118,196.74,196.96,192.72,194.01
20240214,2115287,194.44,195.59,193.88,194.87
20240215,1996523,196.00,198.195,195.615,197.95
20240216,2331020,197.52,198.90,196.45,197.17
20240220,2761051,197.95,199.65,196.91,198.94
20240221,1969621,199.60,200.3799,198.205,199.53
20240222,3635080,199.43,201.56,198.61,200.81
20240223,2450243,200.81,202.625,200.53,200.63
20240226,2028604,200.03,200.2001,198.21,199.19
20240227,2451977,199.59,199.70,196.95,198.18
20240228,2664144,198.11,198.93,197.25,197.57
20240229,3437346,198.29,200.21,196.63,198.73
20240301,2785462,197.59,198.94,196.07,198.67
20240304,2148909,198.43,199.79,198.16,199.24
20240305,2532241,199.13,199.53,196.63,197.35
20240306,2713389,199.50,202.41,198.6712,200.50
20240307,2447565,202.21,203.26,201.73,202.61
20240308,2139383,203.13,203.915,200.45,200.75
20240311,2443183,201.58,202.565,199.12,200.29
20240312,2938803,199.73,200.25,197.67,199.13
20240313,2537637,199.95,201.13,198.84,199.73
20240314,3838212,199.25,199.73,194.96,196.35
20240315,6310153,196.39,198.55,195.90,197.69
20240318,2481716,199.01,199.01,196.38,196.76
20240319,4524803,196.76,199.24,196.12,199.04
20240320,2714424,198.59,201.71,198.33,201.18
20240321,2811767,202.00,203.0899,201.29,201.38
20240322,2061324,201.52,201.97,200.09,200.73
20240325,1961385,200.38,200.71,198.43,198.48
20240326,2697318,198.05,201.47,197.75,201.00
20240327,2760101,202.94,205.26,202.21,205.13
20240328,3594210,205.40,206.82,205.18,205.25
20240401,2221894,205.39,205.89,201.89,202.01
20240402,2615337,202.08,202.30,200.02,200.23
20240403,2496129,199.42,200.94,197.92,197.97
20240404,3414771,200.68,200.68,195.52,196.05
20240405,2212855,195.90,198.40,195.1528,197.15
20240408,2384717,197.59,199.1908,197.33,197.76
20240409,2041975,198.35,199.52,196.02,198.41
20240410,2907266,195.57,196.45,194.40,195.65
20240411,3026335,196.01,197.195,194.265,196.87
20240412,3499520,195.91,196.45,194.61,196.16
20240415,3179898,198.11,198.49,193.18,194.04
20240416,2801925,193.14,193.69,190.53,190.72
20240417,2424388,192.41,192.52,189.75,190.36
20240418,2143197,191.00,192.295,189.99,191.08
20240419,3570010,192.61,194.53,191.63,194.26
20240422,2366958,194.28,196.30,194.14,195.58
20240423,2557257,196.03,197.61,195.675,196.16
20240424,3578298,193.56,195.72,193.26,194.79
20240425,3894330,199.46,200.135,190.49,193.02
20240426,3041537,190.30,193.65,190.11,193.45
20240429,2593584,193.26,194.26,192.22,193.77
20240430,3128075,193.99,195.84,192.32,192.73
20240501,5084843,191.97,197.18,191.901,195.30
20240502,3418699,196.38,196.48,192.685,193.64
20240503,2251381,194.77,196.24,193.54,195.81
20240506,2257722,196.37,197.20,193.95,195.00
20240507,2052177,195.03,197.1942,195.03,196.85
20240508,1788289,196.69,198.36,195.9212,198.05
20240509,2692175,198.85,200.79,197.87,200.63
20240510,2318408,201.00,203.23,200.72,202.92
20240513,3505342,204.44,206.72,203.74,203.80
20240514,2378589,205.00,205.38,202.91,203.21
20240515,2675812,204.37,205.35,202.77,205.06
20240516,2566941,204.97,207.27,204.58,206.62
20240517,2267215,206.89,207.00,205.18,205.97
20240520,2008300,205.75,206.19,203.25,204.62
20240521,1742860,205.22,205.24,203.14,203.51
20240522,2013302,203.12,203.94,201.88,202.80
20240523,2616403,201.53,201.55,199.22,199.39
20240524,2360667,200.35,200.81,199.19,199.69
20240528,2417316,198.16,200.84,198.10,199.18
20240529,2846213,197.83,198.405,196.89,197.07
20240530,2314211,197.80,201.28,197.4001,200.91
20240531,3163480,200.33,202.28,199.13,202.19
20240603,2443667,203.82,203.82,200.99,202.46
20240604,3360804,201.06,208.1499,201.06,207.23
20240605,2722837,207.93,209.449,205.87,209.27
20240606,3270848,209.17,210.21,207.62,208.45
20240607,2563323,208.52,210.97,207.66,208.78
20240610,2648314,209.77,211.059,209.13,210.74
20240611,2304900,209.78,209.855,207.15,209.48
20240612,2471388,210.75,211.63,207.74,208.50
20240613,1959739,207.09,208.97,206.25,208.63
20240614,2239211,207.20,208.68,206.01,208.53
20240617,3100728,208.00,212.17,207.54,211.95
20240618,2443359,211.04,213.225,210.43,212.87
20240620,4042227,213.40,215.19,212.87,214.14
20240621,7929048,215.785,216.08,213.5201,215.09
20240624,2933238,215.21,218.36,214.91,215.89
20240625,2970633,216.83,216.83,213.72,214.45
20240626,2173863,213.55,214.07,211.60,213.43
20240627,1913218,214.30,215.35,213.01,214.38
20240628,4804816,214.14,216.15,211.14,213.54
20240701,2148470,213.14,215.53,210.87,210.95
20240702,1908531,211.77,213.28,210.96,213.23
20240703,1086724,213.00,213.27,212.0709,212.46
20240705,1355280,212.57,212.91,210.74,212.24
20240708,1838096,211.89,213.23,211.02,211.63
20240709,1375377,211.69,212.10,210.56,210.60
20240710,1791777,211.20,214.94,210.765,214.49
20240711,2701551,215.00,216.67,213.65,214.85
20240712,2089379,215.53,216.85,212.3281,215.11
20240715,1732209,214.40,216.33,213.41,215.72
20240716,2978471,215.85,219.01,215.65,218.47
20240717,2688142,219.00,220.71,217.845,220.21
20240718,2165441,219.98,220.79,217.52,217.67
20240719,2660590,217.73,218.14,214.241,214.61
20240722,2784618,215.27,217.11,213.63,216.97
20240723,1791248,216.98,218.86,216.205,217.38
20240724,3524717,217.38,217.765,213.13,213.65
20240725,6683690,202.79,205.2269,199.00,202.45
20240726,7452531,203.03,207.80,198.24,202.74
20240729,2874004,203.53,203.76,199.13,201.40
20240730,2608471,201.95,203.95,201.465,202.64
20240731,3323861,203.76,206.76,202.14,204.75
20240801,3742962,204.33,206.76,201.50,204.58
20240802,3377778,208.25,208.96,201.3042,203.69
20240805,3915475,202.53,202.53,196.90,199.71
20240806,3629081,199.70,202.18,198.49,198.80
20240807,3292176,200.55,203.9538,197.70,197.92
20240808,2461136,197.92,200.54,197.92,199.82
20240809,1888151,199.025,199.16,197.52,198.23
20240812,3073966,198.46,198.50,196.53,196.79
20240813,3739387,197.26,197.4117,195.61,196.73
20240814,3471298,196.00,197.79,195.57,197.60
20240815,2900232,198.952,200.23,198.10,198.46
20240816,2811121,197.59,199.61,196.83,198.50
20240819,2044386,198.46,199.425,197.8401,199.04
20240820,3060420,199.00,200.51,197.93,200.07
20240821,1784934,200.84,201.78,199.89,201.42
20240822,1947583,200.75,201.37,199.321,200.14
20240823,2948370,201.69,202.78,200.84,202.48
20240826,1834868,203.59,204.82,202.91,203.85
20240827,2362143,203.97,206.30,203.755,206.11
20240828,2338802,206.61,207.10,203.79,204.995
20240829,2369363,206.32,208.405,204.44,207.51
20240830,1923464,207.98,208.75,205.30,207.91
20240903,2056901,207.65,207.91,204.105,204.86
20240904,1739592,205.27,207.13,205.18,205.54
20240905,1512221,205.19,205.43,201.69,202.98
20240906,2540656,203.00,203.10,197.85,198.13
20240909,2300381,199.98,201.70,199.15,201.16
20240910,1395465,200.30,201.18,198.57,200.95
20240911,2737800,200.84,204.36,197.3601,204.04
20240912,1945783,203.94,204.99,201.87,204.67
20240913,1973329,204.47,205.62,203.56,204.15
20240916,1562228,206.00,206.95,203.73,204.68
20240917,1441683,205.00,205.74,203.55,204.24
20240918,2391512,204.24,204.7199,200.59,201.64
20240919,2695351,204.162,205.5399,202.18,203.70
20240920,3829991,203.79,203.79,201.96,203.35
20240923,2263834,204.01,204.05,202.6124,203.77
20240924,2581852,203.77,206.00,202.69,205.27
20240925,2858263,206.20,207.76,205.26,206.78
20240926,1597994,207.72,208.50,206.5589,207.03
20240927,2454314,207.50,210.8508,207.13,207.63
20240930,2624435,208.10,208.795,204.23,206.71
20241001,2300363,206.43,208.00,204.83,206.07
20241002,1841857,205.57,206.05,203.66,203.88
20241003,2047574,202.50,203.57,201.60,202.88
20241004,1643484,204.57,205.08,201.64,203.78
20241007,1801376,202.208,204.33,201.72,203.33
20241008,4132402,208.69,209.68,203.79,207.00
20241009,5082641,207.02,214.03,206.90,213.70
20241010,4957712,211.50,213.67,211.1205,213.60
20241011,3809522,215.18,216.57,213.73,215.99
20241014,1849911,216.24,217.72,215.2601,217.60
20241015,3948448,218.00,219.22,216.48,217.27
20241016,2596527,217.07,219.61,216.56,218.96
20241017,3135029,219.00,220.08,218.3529,219.55
20241018,4033830,217.72,222.07,217.72,222.02
20241021,3690081,221.97,222.98,220.09,221.50
20241022,4011812,220.55,222.84,219.755,222.35
20241023,6183773,221.54,222.62,219.1688,220.34
20241024,8700221,214.37,216.20,208.90,209.10
20241025,6088157,209.10,210.36,206.64,208.00
20241028,6094811,208.06,208.7145,204.91,206.10
20241029,6070779,205.03,207.60,203.03,205.98
20241030,5354151,204.45,206.63,203.09,204.20
20241031,4654890,204.65,206.15,203.385,205.68
20241101,4484366,206.29,209.53,205.78,209.19
20241104,4030035,208.83,208.83,206.42,207.54
20241105,7377556,208.20,211.84,206.62,208.78
20241106,6152479,212.06,216.89,209.09,216.40
20241107,5373275,216.95,218.35,215.42,217.50
20241108,5694771,217.45,219.71,216.5101,219.49
20241111,7298570,219.20,225.32,219.20,225.24
20241112,11088660,239.36,242.77,229.58,233.91
20241113,5531218,235.00,236.53,232.18,233.07
20241114,3837299,232.99,234.57,230.285,230.67
20241115,3707893,229.00,231.20,228.39,228.99
20241118,3446209,229.48,230.07,228.27,228.85
20241119,3696895,227.33,228.91,226.27,228.20
20241120,4633042,227.24,228.89,225.41,226.67
20241121,5630844,228.00,228.87,224.82,226.09
20241122,3834380,227.75,230.12,227.1201,229.11
20241125,3837698,231.12,231.99,229.70,230.60
20241126,4203200,231.80,232.50,229.85,230.40
20241127,2870048,232.18,232.96,229.47,229.64
20241129,1917465,229.41,233.27,229.41,232.93
20241202,3225380,233.19,233.7128,229.81,229.95
20241203,4023330,228.14,229.20,223.16,226.96
20241204,2654773,227.395,230.14,226.79,229.79
20241205,5183727,229.95,230.14,225.5101,226.29
20241206,3180066,227.29,227.96,225.71,226.38
20241209,2542823,226.64,227.735,224.94,225.09
20241210,3547932,225.16,229.54,224.58,229.08
20241211,4382520,231.89,234.00,227.86,229.06
20241212,2715885,227.75,229.94,227.34,227.69
20241213,2432344,225.94,229.09,225.87,227.62
20241216,8197292,232.46,237.9432,230.15,236.00
20241217,5382412,238.16,238.31,231.64,233.13
20241218,6428865,233.70,234.70,226.41,226.86
20241219,4871103,228.62,233.50,226.30,226.88
20241220,6833319,225.16,229.75,224.62,228.32
20241223,3467872,227.77,228.25,225.95,227.14
20241224,1873589,226.65,229.28,225.65,228.90
20241226,3072184,228.78,232.01,228.42,231.86
20241227,3053908,231.00,231.56,228.80,229.51
20241230,2371579,227.15,227.43,225.40,226.60
20241231,1936889,227.15,227.545,225.60,225.89
20250102,2089908,227.07,227.99,224.65,225.52
20250103,2637525,225.98,227.42,225.86,226.52
20250106,3829308,224.68,226.92,221.36,221.74
20250107,3016422,221.50,223.08,219.9065,220.63
20250108,3120530,220.09,221.38,219.20,220.17
20250110,3585164,219.97,220.00,216.28,218.19
20250113,5392319,217.67,228.97,217.42,219.10
20250114,4021811,220.34,220.51,214.60,218.50
20250115,4647771,219.78,220.53,216.19,219.54
20250116,4611744,220.00,224.53,219.9238,222.69
20250117,3349234,226.84,226.87,222.29,222.58
20250121,4656600,223.37,227.73,223.1901,225.07
20250122,2972518,224.00,224.54,222.64,223.09
20250123,3036822,223.45,226.07,222.75,225.66
20250124,6332908,225.00,227.15,221.28,221.51
20250127,3111027,220.25,225.87,220.10,225.71
20250128,3599491,224.72,224.72,220.17,220.70
20250129,1916268,220.95,222.80,220.65,221.05
20250130,1813433,222.05,224.70,221.58,224.06
20250131,2481816,222.85,225.95,222.545,223.72
20250203,3220569,222.50,223.30,219.6633,222.41
20250204,3442900,224.57,225.70,223.11,223.55
20250205,4596931,223.55,224.205,219.25,222.35
20250206,12185280,215.00,215.24,206.18,209.82
20250207,6696581,212.00,213.40,205.375,205.52
20250210,6628210,206.55,209.155,205.08,208.52
20250211,3077514,206.57,209.34,205.78,206.94
20250212,3413222,205.585,206.29,204.25,205.01
20250213,3382403,206.51,207.30,204.61,205.27
20250214,5351415,204.82,205.14,201.54,202.75
20250218,4897883,204.415,208.39,202.78,208.04
