Date,Volume,Open,High,Low,Close,MA5,MA10,MA20,EMA5,EMA12,EMA26,DIF,MACD,RSI,K,D
20200121,8474247,137.19,138.07,136.69,136.84,,,,136.84,136.84,136.84,0.0,0.0,,50.0,50.0
20200122,7549111,137.24,137.4,136.38,136.68,,,,136.7866666666667,136.81538461538463,136.82814814814816,-0.012763532763528929,-0.0025527065527057857,,39.25049309664717,46.41683103221572
20200123,9345683,135.71,136.7447,134.72,136.54,,,,136.70444444444448,136.7730177514793,136.80680384087793,-0.0337860893986317,-0.008799383121890969,,44.27644813408315,45.70337006617153
20200124,15166390,136.37,136.43,132.32,133.15,,,,135.51962962962966,136.21563040509787,136.5359294822944,-0.3202990771965233,-0.07109932193681742,,34.32922629228739,41.91198880821015
20200127,12860460,130.27,132.94,129.71,132.03,135.048,,,134.35641975308644,135.57168726585203,136.20215692805036,-0.6304696621983226,-0.18297338998911847,,32.13654958560785,38.65350906734271
20200128,13062790,132.84,134.97,132.4784,134.43,134.56599999999997,,,134.38094650205764,135.39604307110557,136.0708860444911,-0.6748429733855232,-0.28134730666839947,,40.24414310491882,39.183720413201414
20200129,9326173,134.81,135.54,133.69,134.23,134.076,,,134.33063100137176,135.21665182939702,135.9345241152695,-0.7178722858724882,-0.3686523025092172,,44.85175728525684,41.07306603721989
20200130,9048887,132.69,136.13,132.69,135.89,133.94599999999997,,,134.85042066758118,135.32024385564364,135.93122603265695,-0.6109821770133124,-0.41711827741003626,,54.542319848863364,45.562817307767716
20200131,12785240,134.49,134.83,131.47,132.36,133.78799999999998,,,134.02028044505414,134.86482172400616,135.66669077097868,-0.8018690469725129,-0.49406843132253164,,46.9277347636761,46.017789793070506
20200203,10021370,132.66,134.24,132.66,133.37,134.05599999999998,134.552,,133.80352029670277,134.63484915108214,135.49656552868396,-0.8617163776018231,-0.5675980205783899,,47.14991593694573,46.39516517436225
20200204,9157126,135.55,136.6,135.08,135.29,134.22799999999998,134.397,,134.2990135311352,134.7356415893772,135.48126437841108,-0.745622789033888,-0.6032029742694895,,57.87363722135811,50.22132252336087
20200205,10150710,136.57,137.73,136.01,137.59,134.9,134.488,,135.3960090207568,135.17477365254993,135.6374670170473,-0.462693364497369,-0.5751010523150655,,71.33387951083064,57.258841519184124
20200206,8992592,138.24,138.29,137.11,137.61,135.244,134.595,,136.13400601383788,135.54942385984995,135.78358057134008,-0.2341567114901295,-0.5069121841500783,,78.24745036541785,64.2550444679287
20200207,6379784,136.73,137.67,136.3,137.17,136.206,134.997,,136.4793373425586,135.7987432660269,135.88627830679638,-0.08753504076949525,-0.42303675547396175,50.90213231273916,80.02420444693543,69.5114311275976
20200210,5960700,136.95,137.851,136.75,137.74,137.08,135.568,,136.89955822837243,136.09739814817658,136.02359102481148,0.07380712336509987,-0.3236679797061494,52.38600212089079,83.99463092161295,74.33916439226938
20200211,6578649,138.26,138.82,137.78,138.0,137.622,135.925,,137.2663721522483,136.39010612538019,136.16999168964026,0.22011443573993006,-0.21491149661693354,53.481012658227826,85.610933086064,78.09642062353424
20200212,7957984,138.6,139.285,137.8,138.0,137.704,136.302,,137.51091476816555,136.63778210609092,136.305547860778,0.3322342453129181,-0.10548234823096321,53.878852284803415,84.92637594946387,80.37307239884412
20200213,7447535,137.75,138.34,136.4,137.88,137.75799999999998,136.501,,137.63394317877703,136.82889255130772,136.42217394516481,0.40671860614290267,-0.0030421573561900395,65.20900321543401,82.88173490970547,81.2092932357979
20200214,6627891,137.84,138.19,136.94,137.46,137.81599999999997,137.011,,137.5759621191847,136.92598600495268,136.49904994922667,0.4269360557260029,0.08295348526024857,68.28282828282828,74.12091879434193,78.84650175531257
20200218,8997247,137.34,137.705,135.05,135.64,137.396,137.238,135.895,136.9306414127898,136.72814200419072,136.43541661965432,0.2927253845363964,0.12490786511547813,54.239663629992904,54.057786870371814,70.58359679366565
20200219,7071399,136.91,138.39,136.34,137.49,137.294,137.45800000000003,135.92749999999998,137.1170942751932,136.84535092662293,136.51353390708732,0.33181701953560605,0.16628969599950372,60.23869346733672,55.24356196710349,65.47025185147825
20200220,7422800,137.17,138.36,136.53,137.49,137.192,137.448,135.96800000000002,137.24139618346214,136.94452770714247,136.58586472878457,0.3586629783578985,0.2047643524711827,55.610098176718154,56.034078698257936,62.32486080040481
20200221,9772770,136.55,136.92,134.9225,135.81,136.778,137.268,135.9315,136.7642641223081,136.76998498296672,136.5283932673931,0.24159171557360537,0.21212982509166725,63.90008058017714,44.13733231268765,56.262351304499084
20200224,13618430,131.44,133.2,130.7988,132.16,135.71800000000002,136.767,135.882,135.22950941487207,136.06075652404877,136.20480858091955,-0.14405205687077682,0.14089344869917847,45.98006644518272,34.7716079809518,49.09877019664999
20200225,20797190,131.0,132.23,125.59,126.26,133.842,135.619,135.5935,132.23967294324805,134.55294782804125,135.46815609344404,-0.9152082654027822,-0.07032689412121367,26.27430373095129,24.811837473488374,41.00312595559612
20200226,24836160,126.93,128.95,126.34,126.64,131.672,134.483,135.204,130.3731152954987,133.33557123911183,134.81421860504076,-1.4786473659289356,-0.35199098848275806,18.001168907072042,19.275599982325577,33.76061729783927
20200227,23005470,122.91,125.62,121.3,121.37,128.448,132.82,134.56099999999998,127.37207686366581,131.4947141254023,133.8183505602229,-2.3236364348205996,-0.7463200777503264,13.685152057245176,12.98693207325705,26.836055556311862
20200228,45942580,117.52,118.49,112.66,116.11,124.508,130.643,133.572,123.61805124244388,129.12783502918657,132.50662088909527,-3.378785859908703,-1.2728132341820018,11.258278145695456,13.127445582197282,22.266518898273667
20200302,27355450,116.63,121.58,114.46,121.52,122.38,129.049,133.03,122.91870082829593,127.95739887085017,131.69279711953266,-3.735398248682486,-1.7653302370820987,24.67207995003122,20.22980113563768,21.587612977395004
20200303,32547740,120.97,122.9469,116.24,116.96,120.52000000000001,127.181,132.2095,120.93246721886396,126.26549135225783,130.6014788143821,-4.335987462124265,-2.279461682090532,21.035242290748926,19.063706593667654,20.746310849485887
20200304,25795870,118.33,120.19,114.695,119.85,119.162,125.41699999999999,131.4375,120.57164481257598,125.2784926826797,129.80507297627972,-4.52658029360002,-2.7288854043924298,26.855394032134683,22.58822539055722,21.36028236317633
20200305,25025630,115.67,116.43,112.58,113.97,117.68199999999999,123.06499999999998,130.25650000000002,118.37109654171732,123.53872457765205,128.6321046076664,-5.093380030014359,-3.2017843295168156,23.415610406937986,17.305826303048494,20.008797009800386
20200306,38159410,106.26,110.3232,105.02,108.08,116.076,120.292,128.78,114.94073102781155,121.16045925801328,127.10972648858001,-5.949267230566733,-3.751280909726799,20.876288659793815,15.285839365575148,18.43447779505864
20200309,40352030,96.57,99.2302,93.0,93.44,110.46,116.42,126.59350000000002,107.77382068520771,116.89577321831892,124.61567267461112,-7.719899456292197,-4.545004619039879,16.64558963009803,10.59853361506586,15.822496401727713
20200310,31102650,99.0,101.28,94.58,100.7,107.208,113.86399999999999,124.7415,105.41588045680514,114.404115800116,122.84414136538066,-8.440025565264662,-5.3240088082848365,23.21246541430027,14.934072481574665,15.526355095010029
20200311,38157810,97.7,100.05,94.55,95.96,102.42999999999999,110.796,122.6395,102.26392030453677,111.56655952317507,120.85272348646357,-9.286163963288502,-6.11643983928557,21.713662988693628,13.250768865301985,14.767826351774014
20200312,49725230,89.59,96.96,86.32,88.05,97.246,107.46400000000001,120.14200000000001,97.52594686969118,107.94862728884044,118.42289211709591,-10.474264828255471,-6.988004837079551,20.015067805123053,10.408280729054864,13.314644477534298
20200313,38543330,95.99,103.99,92.0,103.91,96.412,106.244,118.4435,99.65396457979412,107.32730001363421,117.3478630713851,-10.020563057750891,-7.5945164812138195,34.62166575939031,22.9471246075975,16.525471187555365
20200316,38589650,85.2,93.982,84.55,88.36,95.396,102.928,115.9885,95.88930971986275,104.40925385769049,115.20061395498621,-10.791360097295723,-8.233885204430202,31.330049261083744,18.8614949684769,17.304145781195878
20200317,35239840,90.89,97.44,87.5,93.76,94.00800000000001,100.60799999999999,113.8945,95.17953981324185,102.77090711035348,113.61242032869093,-10.841513218337454,-8.755410807211653,34.56627863312055,22.204191961418733,18.93749450793683
20200318,41525570,87.67,90.79,80.36,83.89,91.59400000000001,97.01199999999999,111.2145,91.41635987549458,99.86615217029909,111.41075956360271,-11.544607393303622,-9.313250124430049,33.13534917206624,18.72983403148711,18.868274349120256
20200319,32175060,81.56,88.11,76.91,85.3,91.04400000000001,94.14500000000001,108.60499999999999,89.37757325032973,97.62520568256076,109.47662922555806,-11.851423542997296,-9.820884808143498,35.63904167055094,22.813980934826954,20.183509877689154
20200320,30150820,86.3,89.46,82.48,83.5,86.962,91.687,105.98949999999999,87.41838216688649,95.45209711601296,107.55243446810931,-12.100337352096346,-10.276775316934067,31.66120007717538,23.321088225384393,21.2293693269209
20200323,32536580,82.68,83.75,78.09,79.03,85.096,90.24600000000001,103.33300000000001,84.62225477792433,92.92562063662635,105.43966154454566,-12.51404090791931,-10.724228435131117,31.6887129477648,18.15694409511102,20.20522758298427
20200324,34363160,84.9,90.1,82.9,88.43,84.03,89.019,101.44149999999999,85.89150318528289,92.23398669252998,104.17968661532005,-11.94569992279007,-10.968522732662908,35.72856104651163,26.284836191423114,22.231763785797217
20200325,38111700,89.24,95.15,84.54,91.73,85.598,88.596,99.696,87.8376687901886,92.1564502782946,103.25748760677783,-11.10103732848323,-10.995025651826973,39.655813953488384,35.765469327024576,26.742998966206336
20200326,29840430,94.08,98.57,93.5375,98.12,88.162,89.603,98.53349999999999,91.26511252679241,93.07391946624928,102.87693296923872,-9.803013502989444,-10.756623222059467,45.38888888888889,56.48445877572646,36.65681890271304
20200327,30041460,93.19,94.84,90.55,91.13,89.688,88.325,97.28450000000001,91.2200750178616,92.77485493298015,102.00678978633215,-9.231934853352001,-10.451685548317974,48.84902840059791,59.539962360179594,44.28453338853522
20200330,21656930,90.65,94.09,89.3,93.5,92.58200000000001,88.83900000000001,95.8835,91.98005001190774,92.88641571252167,101.3766572095668,-8.490241497045133,-10.059396738063407,46.228786926461346,65.22424083476425,51.264435870611564
20200331,23379300,92.05,94.17,89.34,90.03,92.902,88.46600000000001,94.537,91.33003334127183,92.44696714136448,100.53616408293222,-8.089196941567735,-9.665356778764274,46.85210744240366,63.6736551702368,55.40084230381997
20200401,28029570,85.1,86.56,83.25,84.36,91.428,88.513,92.7625,89.00668889418122,91.20281835038534,99.33792970641872,-8.135111356033377,-9.359307694218094,47.99347471451876,52.65418157182452,54.48528872648815
20200402,24017960,83.51,87.91,82.96,87.51,89.306,88.73400000000001,91.4395,88.50779259612082,90.63469245032606,98.46178676520252,-7.827094314876462,-9.052865018349767,39.651691065118634,50.43481896454969,53.135132139175326
20200403,21199450,86.0,87.48,82.77,84.05,87.89,88.789,90.23800000000001,87.02186173074722,89.62166284258359,97.39424700481715,-7.7725841622335565,-8.796808847126526,46.79076693968727,36.3236345839614,47.53129962077068
20200406,26820850,88.99,90.99,87.7,89.46,87.082,89.83200000000001,90.039,87.83457448716482,89.59679163603226,96.80652500446033,-7.209733368428061,-8.479393751386834,46.79868969624776,38.3296804399405,44.46409322716062
20200407,22563810,94.45,94.5,90.38,90.64,87.20400000000001,90.053,89.536,88.76971632477654,89.75728523048885,96.3497453745003,-6.592460144011454,-8.102007029911759,55.772190867111334,42.15649582071984,43.694894091680354
20200408,22903260,92.1,94.86,90.55,94.3,89.19200000000001,90.30999999999999,89.453,90.6131442165177,90.45616442579825,96.19791238379658,-5.741747957998328,-7.6299552155290735,57.41106719367589,59.89368814295576,49.09449210877216
20200409,42084670,96.92,104.39,96.89,102.76,92.242,90.774,90.1885,94.66209614434513,92.34906220644467,96.6839929479598,-4.334930741515123,-6.970950320726284,64.29207479964381,70.74935361241762,56.31277927665398
20200413,26911950,103.11,103.11,97.3,98.19,95.07000000000001,91.47999999999999,89.9025,95.83806409623008,93.24766802083779,96.79554902588869,-3.547881005050897,-6.286336457591207,64.19679905157082,70.94051881284207,61.18869245538333
20200414,46151260,101.02,102.0,93.64,95.5,96.27799999999999,91.67999999999999,90.2595,95.7253760641534,93.59418063301659,96.69958243137842,-3.105401798361825,-5.650149525745331,55.817014974493986,66.9205678918793,63.09931760088199
20200415,30118620,91.15,92.03,90.13,90.79,96.30799999999999,91.756,90.111,94.0802507094356,93.16276822793711,96.26183558460964,-3.099067356672535,-5.1399330919307715,49.24412994532005,56.97880597663986,61.05914705946794
20200416,32449620,90.23,90.57,87.05,87.33,94.91400000000002,92.053,90.28299999999999,91.83016713962374,92.26541926979294,95.60021813389781,-3.3347988641048687,-4.778906246365591,40.8945147679325,45.016397940639955,55.711564019858606
20200417,30191900,92.0,95.7,90.96,95.18,93.398,92.82,90.777,92.9467780930825,92.7138163052094,95.5690908647202,-2.8552745595107893,-4.394179908994631,53.36882382299118,45.6395363433563,52.3542214610245
20200420,23679430,92.47,94.71,90.46,91.71,92.102,93.586,91.1875,92.53451872872166,92.55938302748487,95.28323228214833,-2.723849254663463,-4.060113778128398,48.537820617546146,39.38445060337555,48.030964508474845
20200421,23035020,88.62,91.3839,88.33,89.05,90.812,93.54499999999999,91.6885,91.37301248581446,92.01947794633335,94.82151137235958,-2.8020334260262274,-3.808497707707964,49.1887417218543,30.100975527202305,42.05430151471733
20200422,16706030,90.69,91.87,89.18,89.34,90.52199999999999,93.41499999999999,91.73400000000001,90.69534165720964,91.60725056997438,94.41547349292553,-2.8082229229511455,-3.6084427507566,54.525627044711015,24.469470036204854,36.19269102187984
20200423,16638770,89.74,91.28,89.26,89.39,90.934,92.924,91.61699999999999,90.2602277714731,91.26613509767063,94.04321619715327,-2.7770810994826434,-3.442170420501809,51.81047765793528,21.169767072704445,31.185049705488037
20200424,15815290,90.64,91.1,88.49,90.71,90.03999999999999,91.71900000000001,91.2465,90.41015184764873,91.18057585187515,93.79631129366044,-2.61573544178529,-3.276883424758505,56.689433507432696,22.273713165526473,28.214604192167513
20200427,22870210,91.94,95.63,91.5449,94.62,90.622,91.362,91.42099999999999,91.81343456509916,91.70971802850974,93.85732527190781,-2.1476072433980704,-3.0510281884864185,55.34382767191384,44.02062573270166,33.48327803901223
20200428,20238900,97.81,98.3599,95.03,95.29,91.87,91.341,91.51050000000001,92.97228971006612,92.26053063950823,93.96344932584057,-1.702918686332339,-2.781406288055603,54.86707138371363,53.632591798588436,40.19971595887096
20200429,20462560,99.08,99.45,97.27,97.86,93.574,92.048,91.902,94.60152647337742,93.12198746419926,94.25208270911163,-1.1300952449123685,-2.451144079426956,53.81319622964867,64.32220748203257,48.240546466591496
20200430,19127630,95.6,96.84,94.55,95.76,94.848,92.89099999999999,92.47200000000001,94.98768431558496,93.52783554663016,94.36378028621448,-0.8359447395843205,-2.128104211458429,41.31944444444446,65.15365390888502,53.878248947356
20200501,18547740,93.5,93.74,91.835,93.25,95.356,92.69800000000001,92.759,94.40845621038997,93.48509161637935,94.28127804279119,-0.7961864264118361,-1.8617206544491105,43.54417145844225,58.18397071143893,55.31348953538364
20200504,15725880,92.02,92.67,90.8,92.14,94.86,92.741,93.1635,93.65230414025999,93.27815444462868,94.1226648544363,-0.8445104098076115,-1.6582786055208107,45.41984732824428,49.890287043635695,53.50575537146766
20200505,18064120,93.65,94.21,91.9,92.0,94.202,93.036,93.29050000000001,93.10153609350667,93.0815152993012,93.96543042077434,-0.8839151214731373,-1.5034059087112763,51.88414824042353,43.93537384417563,50.31562819570364
20200506,20978040,92.16,92.76,89.9306,90.27,92.684,93.12899999999999,93.272,92.15769072900446,92.6489744840241,93.69169483405031,-1.0427203500262152,-1.411268796974264,54.838709677419345,34.70387453358667,45.11171030833131
20200507,16771940,91.34,92.91,90.58,91.21,91.77399999999999,93.311,93.1175,91.84179381933632,92.42759379417424,93.50786558708363,-1.080271792909386,-1.3450693961612885,41.5423945462292,27.615890583792023,39.27977040015155
20200508,20494920,92.8,94.08,92.11,92.7,91.66400000000002,93.51,92.61449999999999,92.12786254622421,92.46950244122436,93.4480236917441,-0.9785212505197336,-1.2717597670329777,52.30339692880412,28.107983614047797,35.55584147145029
20200511,31907590,91.11,91.11,89.33,89.97,91.22999999999999,93.045,92.20349999999999,91.40857503081614,92.08496360411293,93.19039230717046,-1.1054287030575267,-1.2384935542378877,52.13358070500928,20.846692633344116,30.65279185874823
20200512,27962920,90.15,90.79,86.9,87.03,90.23599999999999,92.21900000000001,91.78,89.94905002054409,91.30727689578785,92.73406695108376,-1.4267900552959105,-1.2761528544494922,45.229244114002476,14.333744116394385,25.213109277963614
20200513,35451600,86.38,86.86,83.4,84.03,88.988,90.836,91.44200000000001,87.9760333470294,90.18769583489741,92.08932125100348,-1.9016254161060715,-1.4012473667808083,40.132547864506634,11.49847510935696,20.641564555094728
20200514,35152450,82.72,88.11,82.4,87.52,88.25,90.012,91.45150000000001,87.82402223135294,89.77728109106704,91.75085301018841,-1.973571919121369,-1.5157122772489204,44.5618820320491,22.11668027329977,21.133269794496407
20200515,26099040,86.85,87.28,85.3,85.9,86.89,89.277,90.9875,87.18268148756863,89.18077630782597,91.31745649091519,-2.1366801830892257,-1.6399058584169817,33.87573964497041,24.62308744158456,22.29654234352579
20200518,30528730,88.69,91.15,87.88,90.45,86.986,89.108,90.9245,88.27178765837908,89.37604149123734,91.2532004545511,-1.8771589633137609,-1.6873564793963376,42.173350582147464,39.38913591996049,27.994073535670687
20200519,19597290,90.05,91.1987,88.59,88.67,87.314,88.775,90.9055,88.40452510558606,89.26741972335468,91.06185227273251,-1.7944325493778308,-1.7087716933926365,34.749419183537995,44.15325956307868,33.380468878140015
20200520,20552360,90.71,92.385,90.37,91.33,88.774,88.881,91.005,89.37968340372404,89.5847397659155,91.08171506734492,-1.4969753014294156,-1.6664124149999924,42.782665363310514,54.92066619273737,40.56053464967246
20200521,14621410,90.27,91.76,89.67,90.17,89.304,88.777,91.04400000000001,89.64312226914936,89.67477980192851,91.01418061791196,-1.3394008159834527,-1.6010100951966846,44.751192910702116,62.55268582436871,47.891251707904544
20200522,13557920,90.01,90.36,88.72,89.47,90.018,88.454,90.982,89.58541484609958,89.64327521701642,90.899796868437,-1.2565216514205702,-1.5321124064414617,45.38541306602143,65.30386032090277,53.69545457890395
20200526,41233950,92.89,97.5,92.61,95.82,91.092,89.039,91.042,91.66360989739972,90.59354056824466,91.26425635966389,-0.6707157914192265,-1.3598330834370147,55.43540125213431,73.16063094241198,60.18384670007329
20200527,39402040,102.07,102.58,98.8,101.37,93.63199999999999,90.473,91.34599999999999,94.89907326493315,92.25145740389934,92.01282996265175,0.23862744124758706,-1.0401409785000943,64.24537987679673,80.10840873531133,66.82536737848596
20200528,24738540,102.94,102.95,99.4,99.86,95.338,92.056,91.446,96.55271550995543,93.42200241868406,92.59410181727014,0.8279006014139156,-0.6665326625172924,60.941057424740706,80.9032451058827,71.51799328761821
20200529,26538150,98.66,99.18,96.775,97.31,96.76599999999999,93.035,91.5235,96.80514367330363,94.02015589273267,92.94342760858348,1.0767282841491976,-0.31788047318399437,55.67873860556787,74.79371394583731,72.60990017369124
20200601,15207500,97.75,99.5115,97.38,98.6,98.59200000000001,94.305,91.791,97.40342911553576,94.72474729385073,93.36243297091063,1.3623143229400938,0.018158486040823263,61.02171136653896,73.09831626101315,72.77270553613188
20200602,21194960,100.28,100.42,97.9276,98.93,99.21400000000001,95.15299999999999,92.1305,97.91228607702385,95.37170924864292,93.77484534343577,1.5968639052071438,0.3338995698740874,66.28352490421457,72.64881894561805,72.7314100059606
20200603,25941090,101.58,104.92,101.06,104.27,99.79400000000001,96.713,92.744,100.03152405134924,96.740677056544,94.55226420688497,2.1884128496590307,0.7048022258310761,76.02880658436214,80.42843073740791,75.2970835831097
20200604,26784720,103.82,106.61,102.79,106.44,101.11,98.224,93.5525,102.16768270089949,98.23288058630646,95.4328372285972,2.8000433577092707,1.1238504522067152,75.18636847710331,86.63553664588139,79.07656793736692
20200605,42230990,114.93,115.77,109.53,111.23,103.894,100.33000000000001,94.5535,105.188455133933,100.23243741918239,96.60299743388629,3.629439985296102,1.6249683588245927,81.09501595875275,84.55610330220533,80.90307972564638
20200608,24881790,113.41,114.19,111.94,113.45,106.86399999999999,102.728,95.59100000000001,107.942303422622,102.26590858546203,97.8509235498947,4.414985035567327,2.1829716941731396,79.94791666666667,85.63282204879847,82.4796605000304
20200609,17031140,110.65,111.63,109.01,110.54,109.186,104.2,96.6195,108.80820228174801,103.53884572616018,98.79085513879139,4.74799058736879,2.69597547281227,77.66253478370858,81.24402754468466,82.06778284824848
20200610,24913330,110.46,110.505,105.85,106.06,109.54400000000001,104.66900000000001,97.571,107.89213485449869,103.92671561444322,99.32931031369573,4.597405300747496,3.0762614383993157,67.81136638452237,70.45644654597824,78.1973374141584
20200611,36259220,100.03,101.58,96.54,97.21,107.69800000000001,104.404,98.22999999999999,104.33142323633245,102.89337475068272,99.17232436453308,3.721050386149642,3.205219227949381,57.177814029363766,48.13234415251034,68.17567299360904
20200612,24856760,100.71,101.13,97.33,99.87,105.426,104.66,98.8475,102.84428215755497,102.42824017365461,99.22400404123434,3.2042361324202773,3.2050226088435605,60.19607843137255,37.86046032424247,58.07060210382018
20200615,22153640,96.42,101.43,95.87,101.25,102.98599999999999,104.925,99.615,102.31285477170333,102.24697245463084,99.37407781595772,2.8728946386731167,3.1385970148094717,55.89832717792744,34.252032175960636,50.131078794533664
20200616,22193580,105.37,105.68,99.31,102.06,101.29,105.23800000000001,100.19550000000001,102.22856984780222,102.2182074616107,99.57303501477567,2.6451724468350335,3.0399121012145844,50.83555340276096,33.203197330037405,44.48845163970158
20200617,15639830,102.53,102.54,99.21,99.48,99.974,104.75900000000001,100.736,101.31237989853481,101.79694477520906,99.56614353219969,2.230801243009367,2.878089929573541,49.55146364494807,28.182366059220914,39.05308977954135
20200618,16591910,98.67,100.52,98.13,98.94,100.32000000000001,104.00899999999999,101.1165,100.52158659902321,101.35741480979227,99.51976252981453,1.8376522799777462,2.6700023996543822,52.01982651796777,24.37412467994639,34.1601014130097
20200619,40371170,100.53,100.6,96.73,97.81,99.90799999999999,102.667,101.4985,99.61772439934882,100.81165868520884,99.39311345353197,1.4185452316768732,2.4197109660588807,49.01716844986316,20.35263134331451,29.557611389777968
20200622,16216900,97.25,97.95,96.54,96.75,99.008,100.997,101.8625,98.66181626623255,100.18678811825363,99.19732727178886,0.9894608464647661,2.133660942140058,47.336265884652974,15.572748420881798,24.89599040014591
20200623,15381380,98.97,99.97,97.85,97.93,98.18199999999999,99.736,101.96799999999999,98.41787751082171,99.83958994621462,99.10345117758227,0.736138768632344,1.8541565074385151,41.376496191512544,17.381492491257255,22.39115776384969
20200624,22919780,96.75,96.84,94.31,94.66,97.21799999999999,98.596,101.63250000000001,97.16525167388114,99.04272995448929,98.77430664590952,0.26842330857977004,1.5370098676667663,34.44268357105126,12.613753715953953,19.132023081217778
20200625,25743640,94.35,98.21,94.2622,97.96,97.02199999999999,98.671,101.5375,97.43016778258743,98.87615611533708,98.7139876351014,0.1621684802356782,1.2620415901805488,31.756942535056368,19.204593831737483,19.15621333139101
20200626,41896320,95.11,95.37,92.0,92.59,95.978,97.943,101.3015,95.81677852172496,97.909055174516,98.26035892139019,-0.3513037468741942,0.9393725227696004,23.608299595141716,14.240684386850337,17.517703683210787
20200629,18499740,93.4,94.49,92.18,93.0,95.228,97.118,101.0215,94.87785234781664,97.15381591689815,97.87070270499092,-0.716886788092765,0.6081206605971273,26.310102647217732,12.656344935952088,15.897250767457885
20200630,19137010,92.83,94.6598,92.57,94.06,94.45400000000001,96.31800000000001,100.77799999999999,94.60523489854444,96.67784423737537,97.58842843054715,-0.9105841931717862,0.3043796898433446,32.14285714285715,16.422059414665746,16.072186983193838
20200701,18755730,94.89,95.705,93.0301,93.26,94.174,95.696,100.2275,94.15682326569629,96.15202204700994,97.26780410235847,-1.1157820553485323,0.02034734080496925,42.2700587084149,15.831760540009745,15.992044835465805
20200702,27845620,94.74,94.96,91.931,92.66,93.114,95.068,99.5385,93.65788217713086,95.61478788593148,96.92648527996155,-1.3116973940300767,-0.24606160616203993,34.653043848446146,13.577271052049449,15.187120240993686
20200706,18625270,94.43,95.2,93.48,95.0,93.596,94.787,98.727,94.10525478475391,95.52020513424971,96.78378266663107,-1.2635775323813618,-0.44956479140590433,37.21881390593048,21.776977400789953,17.383739294259108
20200707,25757200,93.82,94.1,92.0,92.32,93.46,94.34400000000001,97.67049999999999,93.51016985650261,95.02786588282667,96.45313209873247,-1.4252662159057934,-0.6447050763058821,31.496960486322195,16.583069607640272,17.116849398719495
20200708,18762210,92.29,93.34,91.8,93.3,93.30799999999999,93.881,96.80850000000001,93.44011323766841,94.7620403623918,96.21956675808562,-1.4575263956938187,-0.8072693401834694,37.5,18.85569175090735,17.696463516115447
20200709,25600760,93.52,94.12,90.7764,91.28,92.912,93.54299999999999,96.0695,92.72007549177894,94.22634184510075,95.85367292415336,-1.6273310790526097,-0.9712816879572975,35.38167938931299,15.976431760678793,17.12311959763656
20200710,28954230,92.0,96.84,91.8706,96.27,93.63399999999999,93.374,96.02250000000001,93.90338366118596,94.54075079200834,95.88451196680866,-1.3437611748003206,-1.0457775853259021,47.43845642049234,40.850835765777376,25.032358320350163
20200713,32079210,98.7303,99.2663,96.225,97.65,94.16399999999999,93.88000000000001,95.9115,95.15225577412397,95.01909682400706,96.01528885815617,-0.9961920341491037,-1.0358604750905425,51.48123765635287,54.22125196353892,34.76198953474641
20200714,42731670,98.37,99.95,96.64,98.21,95.34200000000001,94.401,95.7595,96.17150384941598,95.51000500492904,96.1778600538483,-0.6678550489192645,-0.962259389856287,50.47043010752685,63.158344017086726,44.22744102885984
20200715,22508410,100.89,101.29,98.65,99.73,96.628,94.96799999999999,95.643,97.357669232944,96.15923500417072,96.44098153134102,-0.2817465271702986,-0.8261568173190893,59.050339164584095,70.49292127390827,52.982601110542646
20200716,16886890,98.78,101.22,98.55,100.01,98.374,95.643,95.6695,98.24177948862933,96.75166038814446,96.70535326976021,0.046307118384248724,-0.6516640301784217,54.10164065626253,76.27037850056827,60.74519357388452
20200717,16161550,100.0,100.08,98.14,98.16,98.752,96.19300000000001,95.63050000000001,98.21451965908624,96.96832802073763,96.8131048794076,0.15522314133002624,-0.4902865958767321,62.9715882626921,74.25659789248049,65.2489950134165
20200720,14458140,97.43,98.39,97.26,97.3,98.682,96.423,95.60499999999999,97.90967977272416,97.01935447908568,96.84917118463666,0.1701832944490178,-0.3581926178115822,59.808394160583916,70.18745038821986,66.89514680501762
20200721,17812300,97.71,100.05,97.64,99.41,98.922,97.13199999999999,95.738,98.40978651514945,97.38714609768789,97.03886220799691,0.34828388969097546,-0.21689731631107068,61.64562472790594,74.16443326748768,69.31824229250763
20200722,14271150,99.65,100.13,97.53,98.69,98.71399999999998,97.671,95.776,98.50319101009964,97.58758515958206,97.16116871110825,0.426416448473816,-0.08823456335409335,61.86107470511137,73.57541971673874,70.73730143391799
20200723,12870180,98.5,99.35,97.97,98.98,98.508,98.441,95.99199999999999,98.66212734006643,97.80180282733866,97.29589695472986,0.5059058726088068,0.03059352383848668,63.994685562444644,67.18124394409764,69.55194893731121
20200724,12744150,99.6,99.8,97.94,98.28,98.53200000000001,98.64200000000001,96.008,98.5347515600443,97.87537162313272,97.36879347660172,0.5065781465309982,0.125790448376989,57.83190066857688,56.543768364165444,65.21588874626262
20200727,11959060,97.51,97.63,96.17,96.9,98.452,98.567,96.2235,97.98983437336287,97.72531445034308,97.33406803389049,0.3912464164525886,0.17888164199210893,61.65987780040736,42.44844974277698,57.62674241176741
20200728,11754270,96.5,97.8854,96.5,97.32,98.034,98.47800000000001,96.4395,97.76655624890859,97.66295838105952,97.333025957306,0.32993242375351883,0.2090917983443909,60.53459119496855,35.889725571092185,50.38107013154233
20200729,12743520,97.07,99.71,97.0,99.68,98.232,98.473,96.7205,98.40437083260574,97.97327247628114,97.50687588639445,0.46639658988668486,0.2605527566528497,71.62718846549949,53.47193825951609,51.411359507533575
20200730,14834790,97.54,97.74,96.05,97.02,97.84,98.174,96.9085,97.94291388840384,97.8266151722379,97.4708110059208,0.35580416631709966,0.2796030385856997,52.19426565242832,43.57279544098457,48.7985048186839
20200731,14539500,96.48,96.93,95.25,96.64,97.512,98.02199999999999,97.1075,97.5086092589359,97.6440589918936,97.40926944992667,0.2347895419669328,0.2706403392619463,46.86140459912988,38.54306581311541,45.38002515016107
20200803,12972560,97.02,97.57,95.85,96.1,97.352,97.902,97.1625,97.03907283929061,97.40651145467919,97.31228652770987,0.09422492696931783,0.23535725680342062,43.4349719975109,31.501388137705323,40.75381281267582
20200804,13366150,95.91,95.95,95.03,95.55,96.998,97.516,97.324,96.54271522619375,97.12089430780547,97.18174678491656,-0.06085247711108366,0.17611531002051978,36.158940397350996,24.634747926883886,35.380791184078504
20200805,15349690,95.87,98.47,95.72,97.21,96.50399999999999,97.368,97.5195,96.76514348412917,97.1346028758354,97.18383961566347,-0.04923673982807486,0.13104490005080086,41.504854368932016,31.657267311144075,34.13961655976703
20200806,10482060,97.58,98.1,96.54,97.24,96.548,97.19399999999999,97.8175,96.92342898941945,97.15081781801456,97.18799964413284,-0.037181826118285244,0.09739955481698363,46.86221009549796,36.84558561483677,35.04160624479027
20200807,14743680,96.93,99.49,96.56,99.38,97.09599999999999,97.304,97.973,97.74228599294631,97.4937689229354,97.35037004086374,0.14339888207166496,0.1065994202679199,56.524466750313664,55.546629726130504,41.87661407190368
20200810,14989850,100.11,102.04,100.0343,100.64,98.00399999999999,97.678,98.1225,98.70819066196421,97.97780447325303,97.59404633413308,0.3837581391199478,0.16203116403832551,54.07554671968191,63.707263374243894,49.15349717268375
20200811,31518610,103.86,106.16,103.51,103.82,99.65799999999999,98.328,98.40299999999999,100.41212710797615,98.87660378506025,98.05522808716026,0.8213756978999953,0.2939000708106595,64.61538461538458,68.79675599612663,55.70125011383138
20200812,19250160,106.16,106.43,101.71,102.94,100.804,98.654,98.5635,101.25475140531744,99.50174166428175,98.41706304366691,1.084678620614838,0.4520557807714952,60.915104740904056,68.99315896817797,60.131886398613574
20200813,13598650,102.0,103.36,101.635,102.37,101.83,99.189,98.6815,101.6265009368783,99.94301217746917,98.70987318858047,1.2331389888886974,0.6082724223949357,61.354802887284855,67.45742761621221,62.573733471146454
20200814,12134360,101.5,103.31,101.42,102.41,102.43599999999999,99.76599999999999,98.89399999999999,101.8876672912522,100.32254876555083,98.98395665609303,1.3385921094578066,0.7543363598075099,66.52669466106776,66.55056577922917,63.89934424050736
20200817,14987990,101.5,102.0,99.53,99.71,102.25,100.127,99.0145,101.16177819416814,100.22831049392764,99.03773764453058,1.190572849397057,0.8415836577254194,56.306068601583114,56.78534450641419,61.52801099580963
20200818,13246510,99.91,99.91,98.12,98.32,101.15,100.404,98.96,100.21451879611209,99.93472426409261,98.98457189308388,0.950152371008727,0.863297400382081,46.218020022246904,43.85622225604554,55.6374147492216
20200819,13533020,98.92,100.59,98.34,98.55,100.272,100.538,98.953,99.65967919740807,99.72168976192452,98.95238138248507,0.7693083794394511,0.8444995961935551,54.919614147909975,35.95818396941365,49.07767115595228
20200820,13672580,97.26,98.03,96.8,97.37,99.272,100.551,98.8725,98.89645279827205,99.35989133701307,98.83516794674543,0.5247233902676385,0.7805443550083718,52.23241590214069,25.94512368469739,41.366821998867316
20200821,12228300,97.27,98.565,96.94,97.32,98.25399999999999,100.345,98.8245,98.37096853218138,99.04606190054952,98.72293328402355,0.32312861652596325,0.6890612073118901,53.846153846153854,19.096679895024963,33.94344129758653
20200824,17898270,98.45,100.21,97.42,100.06,98.324,100.287,98.98249999999999,98.93397902145426,99.20205237738806,98.82197526298476,0.38007711440329217,0.6272643887301705,62.49307479224378,24.015301307655967,30.634061300943007
20200825,13648930,101.27,101.98,99.8,100.5,98.76,99.955,99.1415,99.45598601430285,99.40173662702067,98.94627339165255,0.4554632353681143,0.5929041580577593,59.77421271538921,34.81101387990073,32.02637882726225
20200826,12052440,99.94,100.27,99.05,99.09,98.868,99.57000000000001,99.112,99.3339906762019,99.35377714594057,98.9569198070857,0.39685733885487195,0.5536947942171818,55.07962657880288,34.93289302182836,32.99521689211762
20200827,22163860,99.0,102.65,99.0,102.35,99.864,99.568,99.3785,100.33932711746795,99.81473450810356,99.2082590806349,0.6064754274686521,0.564250920867476,57.68235902741853,54.91252697181714,40.30098691868412
20200828,13756730,103.14,103.25,101.81,102.77,100.954,99.604,99.68499999999999,101.1495514116453,100.26939073762608,99.47209174132861,0.7972989962974708,0.6108605359534749,55.75987020010816,67.46106449283931,49.35434611006918
20200831,14219440,102.12,102.18,100.02,100.19,100.97999999999999,99.652,99.8895,100.82970094109687,100.25717677799129,99.52527013085982,0.731906647131467,0.6350697581890734,39.85466741196199,62.49342284018744,53.73403835344193
20200901,11602050,99.55,100.8712,99.04,100.14,100.90799999999999,99.834,100.119,100.59980062739793,100.23914958137723,99.57080567672206,0.668343904655174,0.6417245874822936,41.793669402110204,58.923263805603,55.463780170828954
20200902,14475670,99.95,101.94,99.56,101.65,101.42,100.14399999999999,100.341,100.94986708493195,100.45620349193459,99.72482007103893,0.7313834208956536,0.6596563541649656,48.00000000000001,64.16331691636083,58.36362575267291
20200903,23281240,103.32,104.99,100.64,101.33,101.216,100.53999999999999,100.54549999999999,101.07657805662132,100.59063372394465,99.84372228799901,0.7469114359456341,0.6771073705210994,47.04595185995625,59.9926295954955,58.906627033613766
20200904,26325470,104.05,105.21,101.37,103.52,101.366,101.16,100.7525,101.89105203774754,101.0413054587224,100.11603915555465,0.9252663031677599,0.7267391570504315,60.72031513787282,64.2570294995198,60.69009452224911
20200908,22108610,102.98,103.57,99.48,99.92,101.312,101.146,100.7165,101.23403469183171,100.86879692661125,100.10151773662467,0.7672791899865814,0.7348471636376616,54.004004004004024,47.77629127128482,56.385493438594345
20200909,13434020,100.8,101.69,99.56,100.87,101.458,101.18299999999999,100.569,101.11268979455448,100.86898201482491,100.15844234872655,0.7105396660983558,0.7299856641298005,55.603864734299535,41.888434653213,51.55314051013389
20200910,15922790,101.4,102.42,99.64,99.83,101.094,101.25699999999999,100.4135,100.68512652970298,100.70913862792877,100.13411328585791,0.5750253420708589,0.6989935997180122,55.982490272373525,32.19358636524299,45.09995579517026
20200911,13784340,99.97,101.36,99.59,101.07,101.042,101.129,100.34849999999999,100.81341768646867,100.76465576209358,100.2034382276462,0.5612175344473798,0.6714383866638858,58.62068965517241,32.42943575078863,40.87644911370971
20200914,19017370,101.51,103.46,101.37,102.47,100.83200000000001,101.09899999999999,100.3515,101.36561179097912,101.02701641407918,100.371331692265,0.6556847218141826,0.6682876536939452,55.90396864282213,40.15014787491797,40.63434870077913
20200915,23682970,102.73,102.85,99.14,99.28,100.704,101.00800000000001,100.33,100.67040786065276,100.758244658067,100.29049230765278,0.4677523504142158,0.6281805930379993,47.366148531951644,27.53557359700737,36.26809033285521
20200916,19284240,99.43,101.13,98.76,99.7,100.47,100.964,100.399,100.34693857376851,100.59543778759516,100.24675213671553,0.34868565087963077,0.5722816046063257,51.37573297248534,23.21493020162248,31.917036955777633
20200917,18290100,98.7,99.3433,97.71,98.56,100.21600000000001,100.655,100.3995,99.75129238251236,100.28229351258052,100.12180753399585,0.16048597858467417,0.4899224794019954,40.548628428927714,19.2543979121928,27.69615727458269
20200918,20121580,97.89,99.49,97.44,98.35,99.672,100.357,100.4485,99.28419492167491,99.98501758756814,99.99056253147764,-0.005544943909498556,0.3908289947396967,38.860887096774206,17.78460676473537,24.39230710463358
20200921,28378770,95.2,96.05,93.82,95.31,98.24,99.536,100.348,97.95946328111661,99.26578411255765,99.64385419581262,-0.3780700832549684,0.2370491791407637,37.98029556650248,17.00854835491351,21.931054188060223
20200922,19257000,94.96,95.66,93.67,94.27,97.238,98.971,100.05850000000001,96.72964218741109,98.49720194139493,99.24579092204873,-0.7485889806537926,0.03992154718185245,36.21418506341006,13.381933155914403,19.08134717734495
20200923,19952670,94.78,95.35,92.6617,92.74,95.846,98.15799999999999,99.6705,95.39976145827406,97.61147856579572,98.76388048337844,-1.152401917582722,-0.19854314577106247,29.094321914594076,9.162993483388462,15.77522927935945
20200924,18366520,92.32,94.3,91.38,92.66,94.66599999999998,97.441,99.349,94.48650763884937,96.84971263259638,98.31174118831338,-1.4620285557169979,-0.4512402277602496,29.42572377788325,9.640671152281053,13.730376570333316
20200925,13293080,92.05,93.715,91.87,93.47,93.69,96.681,98.905,94.14767175923292,96.32975684296616,97.95309369288276,-1.6233368499165977,-0.6856595521915192,24.479431183341816,12.500929852755817,13.320560997807481
20200928,20894110,95.06,96.93,94.35,96.16,93.85999999999999,96.05,98.5745,94.81844783948861,96.30364040558675,97.8202719378544,-1.5166315322676525,-0.8518539482067459,39.98935037273695,24.675833577050888,17.105651857555284
20200929,12854670,96.03,96.03,94.332,95.35,94.076,95.657,98.33250000000001,94.9956318929924,96.15692649703493,97.63728883134667,-1.4803623343117351,-0.9775556254277438,35.19313304721028,32.76785945827231,22.326387724460957
20200930,16400590,95.35,97.1975,95.26,96.27,94.782,95.314,98.139,95.42042126199493,96.17432242056802,97.53600817717283,-1.361685756604814,-1.054381651663158,40.388768898488124,41.94388328866325,28.865552912528386
20201001,15778670,97.12,97.77,96.03,96.97,95.644,95.155,97.905,95.93694750799662,96.29673435586525,97.4940816455304,-1.1973472896651458,-1.0829747792635556,38.59844271412683,57.12273492066336,38.28461358190671
20201002,15149570,95.25,98.59,95.09,97.89,96.52799999999999,95.10900000000001,97.733,96.58796500533109,96.5418521472706,97.52340893104667,-0.981556783776071,-1.0626911801660588,36.91428571428573,68.178910659083,48.2493792742988
20201005,13871880,98.32,99.25,97.53,99.04,97.10400000000001,95.482,97.50899999999999,97.40531000355406,96.92618258615205,97.63574901022841,-0.7095664240763568,-0.9920662289481184,49.22380336351878,77.89648681804181,58.13174845554647
20201006,19220440,100.07,100.86,97.5101,98.02,97.638,95.857,97.414,97.61020666903605,97.0944621882825,97.66421204650779,-0.5697498582252791,-0.9076029548035506,44.769613947696136,75.27838924297019,63.847295384687705
20201007,16358530,98.96,100.35,98.6658,99.73,98.33000000000001,96.556,97.357,98.31680444602404,97.49992954393134,97.8172333763961,-0.31730383246475924,-0.7895431303357924,53.51773902585688,79.32908559839096,69.00789212258879
20201008,15659020,100.51,101.92,99.895,101.78,99.292,97.468,97.4545,99.47120296401603,98.15840192178806,98.11077164481121,0.04763027697684663,-0.6221084488732647,59.285327558202496,85.6043842488658,74.54005616468112
20201009,13689120,102.0,102.105,100.11,101.2,99.954,98.241,97.461,100.04746864267736,98.62634008766682,98.33960337482519,0.2867367128416305,-0.44033941653028563,68.39475327920046,86.5219673885187,78.53402657262697
20201012,16057980,101.1,103.0,100.85,102.44,100.63399999999999,98.869,97.4595,100.84497909511825,99.21305699725654,98.64333645817148,0.5697205390850684,-0.23832742540721485,75.20049352251694,88.65476291977942,81.90760535501111
20201013,21697310,103.0,103.22,100.26,100.78,101.186,99.412,97.53450000000001,100.8233193967455,99.45412515152478,98.80160783164027,0.6525173198845096,-0.06015847634886998,74.60220318237454,82.43240857218586,82.08253976073603
20201014,15214910,101.03,101.925,100.1,100.22,101.28399999999999,99.807,97.5605,100.62221293116367,99.5719520512902,98.90667391818543,0.6652781331047635,0.0849288455418567,72.4732461355529,75.98814938022721,80.05107630056642
20201015,17171200,99.1,101.78,99.04,101.72,101.272,100.282,97.7185,100.98814195410912,99.90242096647631,99.11506844276428,0.7873525237120305,0.22541358117589144,73.5579668760708,75.23537880361704,78.4458438015833
20201016,13276400,101.41,102.33,100.723,101.51,101.33399999999999,100.644,97.8765,101.16209463607277,100.14974081778766,99.2924707803373,0.8572700374503626,0.3517848724307857,67.7977378576181,73.50759084289547,76.79975948202068
20201019,11725670,101.6,101.87,99.56,99.8,100.80600000000001,100.72,98.101,100.70806309071519,100.09593453812802,99.33006553734936,0.7658690007786646,0.43460169810036153,63.967357187696166,57.30655515300371,70.30202470568167
20201020,11257070,100.31,101.77,100.12,100.37,100.724,100.95500000000001,98.40599999999999,100.59537539381013,100.1380984553391,99.40709771976792,0.731000735571186,0.4938815055945265,63.15789473684211,48.81043070806308,63.13816003980881
20201021,10730520,100.36,100.99,99.33,99.37,100.554,100.91900000000001,98.7375,100.18691692920676,100.01992946221002,99.40434974052584,0.6155797216841705,0.5182211488124553,57.556675062972296,35.17186608607713,53.81606205523158
20201022,14837200,99.32,103.24,99.31,102.88,100.786,101.029,99.24849999999999,101.08461128613786,100.4599403141777,99.6618053153017,0.7981349988759945,0.5742039188251631,63.50839198700593,53.92410120024189,53.852075103568346
20201023,15087610,103.5,104.45,102.93,103.81,101.24600000000001,101.29,99.7655,101.99307419075859,100.97533411199652,99.96907899564974,1.0062551163467788,0.6606141583294862,63.06849315068491,65.3394192844496,57.681189830528766
20201026,12410740,102.65,102.7,100.25,101.24,101.534,101.16999999999999,100.01950000000001,101.74204946050574,101.01605194092014,100.06322129226828,0.9528306486518545,0.7190574563939599,58.13131313131312,57.114757649891786,57.49237910364977
20201027,10391660,100.51,100.92,99.16,99.33,101.326,101.025,100.21849999999999,100.9380329736705,100.75665933462473,100.00890860395211,0.747750730672621,0.7247961112496921,48.99999999999999,39.86331964090132,51.61602594940028
20201028,16389460,97.5,98.3,96.07,96.54,100.76,100.657,100.232,99.47202198244702,100.10794251391323,99.75195241106677,0.35599010284646226,0.6510349095690462,37.367405978784966,28.4450770557481,43.89237631818288
20201029,14208820,96.12,97.98,95.2397,97.17,99.61800000000001,100.202,100.242,98.70468132163136,99.65595135792657,99.56069667691366,0.09525468101290357,0.5398788638578177,40.307840307840294,25.94940397935332,37.91138553857303
20201030,15200690,97.91,98.42,96.23,98.04,98.464,99.85499999999999,100.2495,98.48312088108759,99.4073434567071,99.44805247862377,-0.04070902191666903,0.4237612867029204,39.22624877571011,27.43427072379388,34.41901393364664
20201102,15011600,99.39,100.88,97.86,100.25,98.26599999999999,99.9,100.31,99.07208058739172,99.536982924906,99.5074559987257,0.02952692618029573,0.3449144145983955,48.73628993800667,36.42247365430432,35.086833840532535
20201103,17482590,103.02,104.74,102.69,103.41,99.08200000000001,100.204,100.57950000000001,100.51805372492782,100.1328317056897,99.79653333215343,0.3362983735362661,0.34319120638596967,56.767076792532876,52.948463133303676,41.04071027145625
20201104,18886520,101.0,102.07,98.93,100.25,99.824,100.292,100.6055,100.42870248328524,100.15085759712204,99.83012345569762,0.320734141424424,0.3386997933936606,47.086801426872775,52.878420281838466,44.98661360825032
20201105,17837370,101.06,105.095,101.0,104.35,101.26,100.439,100.73400000000001,101.7358016555235,100.79687950525711,100.16492912564594,0.631950379611169,0.3973499106371623,54.876373626373606,66.06581875766355,52.013015324721394
20201106,12552790,105.03,105.1,102.39,102.96,102.244,100.354,100.822,102.143867770349,101.12966727367909,100.37197141263513,0.7576958610439561,0.4694191007185211,55.48611111111111,70.14281463350945,58.05628176098407
20201109,47792410,113.16,118.9,110.35,116.9,105.574,101.92,101.545,107.06257851356601,103.5558723084977,101.59626982651402,1.95960248198368,0.7674557769715529,69.5992411667062,77.2775503571587,64.46337129304229
20201110,20539340,117.35,117.45,114.69,116.52,108.196,103.63900000000001,102.33200000000001,110.21505234237733,105.55035349180574,102.7017313208463,2.8486221709594304,1.1836890557691284,70.63778580024066,81.49868555387383,70.14180937998613
20201111,14443410,116.89,116.96,113.96,114.78,111.102,105.46300000000001,103.05999999999999,111.73670156158491,106.970299108451,103.5964178896725,3.373881218778507,1.6217274883710042,64.95726495726497,81.607857712287,73.96382549075308
20201112,22066460,112.53,113.955,112.055,113.37,112.90599999999999,107.083,103.6425,112.28113437438995,107.95486847638162,104.32038693488194,3.6344815414996816,2.0242782989967396,61.87282662692499,78.97748182086559,75.63504426745725
20201113,11856870,114.7,114.86,113.5701,114.08,115.13,108.68699999999998,104.271,112.8807562495933,108.89719640309214,105.04332123600179,3.853875167090351,2.390197672615462,66.71875000000001,77.93958644509047,76.40322499333499
20201116,19858560,117.79,118.61,115.7318,117.3,115.21,110.39200000000001,105.146,114.35383749972887,110.18993541800104,105.95122336666832,4.238712051332726,2.759900548358915,72.62654243263663,82.62238495438011,78.47627831368335
20201117,14553250,115.39,116.44,114.58,116.11,115.128,111.662,105.93300000000002,114.93922499981926,111.10071458446242,106.70372533950771,4.39698924495471,3.087318287678074,75.67567567567568,83.21939257666308,80.05731640134326
20201118,12571220,117.34,118.61,115.2,115.25,115.22200000000001,113.162,106.727,115.04281666654617,111.73906618685282,107.3367827217664,4.402283465086427,3.350311323159745,73.57850808555034,81.44365723564333,80.51943001277661
20201119,10202540,114.18,115.82,113.56,115.56,115.66,114.28299999999999,107.36099999999999,115.21521111103078,112.32690215810624,107.94590992756149,4.380992230544749,3.5564475046367456,73.1868713605082,74.60766232863551,78.54884078472958
20201120,12720820,114.43,115.65,114.09,114.57,115.758,115.444,107.899,115.0001407406872,112.67199413378219,108.43658326626064,4.235410867521551,3.6922401772137072,69.58424507658643,62.52766097779865,73.2084475157526
20201123,13209210,116.05,118.17,115.57,117.87,115.872,115.54100000000001,108.7305,115.95676049379148,113.47168734396956,109.13535487616727,4.336332467802293,3.8210586353314246,69.70027247956403,71.25540988654669,72.55743497268395
20201124,20121560,120.07,123.5,119.71,123.32,117.314,116.221,109.92999999999999,118.41117366252766,114.98681236797425,110.18606932978452,4.8007430381897365,4.016995515903087,79.58450884842266,80.31269352855841,75.14252115797544
20201125,11715630,121.37,122.38,120.465,122.03,118.66999999999999,116.946,111.20449999999998,119.61744910835178,116.0703796959782,111.06339752757825,5.006982168399958,4.2149928464024615,74.4333886124931,81.94555155425022,77.4101979567337
20201127,5983627,122.0,122.35,121.08,121.22,119.80199999999999,117.731,112.40700000000001,120.1516327389012,116.86262897352002,111.81573845146133,5.046890522058689,4.381372381533707,75.64606741573034,80.31782578465774,78.37940723270837
20201130,14411850,120.0,120.7199,117.77,117.88,120.46399999999998,118.11099999999999,113.39899999999997,119.39442182593413,117.01914759297847,112.26494301061234,4.754204582366128,4.455938821700191,51.95999999999998,68.03213871894685,74.9303177281212
20201201,12678220,120.34,121.58,119.6276,119.74,120.838,118.35499999999999,114.37349999999999,119.50961455062276,117.43774027098178,112.81865093575217,4.619089335229603,4.488568924406074,56.08006042296072,66.0791052224233,71.97991355955523
20201202,10811260,119.7,122.31,119.27,122.04,120.58200000000002,118.94800000000001,115.30499999999999,120.35307636708185,118.14578022929228,113.50171382940016,4.644066399892125,4.519668419503285,63.42455621301775,72.49002722407027,72.1499514477269
20201203,12904410,121.85,121.885,120.36,121.24,120.424,119.54699999999998,116.35449999999999,120.64871757805457,118.62181404017039,114.07492021240756,4.54689382776283,4.525113501155194,64.88838441165339,73.65435042001424,72.65141777182268
20201204,13583650,122.48,123.29,121.6901,122.34,120.648,120.225,117.25399999999999,121.21247838536972,119.19384264937496,114.68714834482181,4.50669430455315,4.521429661834786,65.39895600298283,77.56023529472156,74.28769027945563
20201207,9724307,121.15,122.17,120.21,121.88,121.44800000000001,120.95599999999999,118.2,121.43498559024648,119.6070976263942,115.2199521711313,4.387145455262896,4.494572820520408,59.5178719866999,75.61607309351417,74.73048455080847
20201208,9592124,121.04,122.33,120.76,122.0,121.9,121.36899999999999,118.455,121.62332372683099,119.97523645310278,115.72217793623268,4.253058516870098,4.446269959790346,62.80991735537188,75.95419365654566,75.1383875860542
20201209,13073930,123.17,123.3,120.44,121.05,121.702,121.14200000000001,118.6815,121.43221581788733,120.14058469108697,116.11683142243767,4.023753268649301,4.361766621562137,62.5649913344887,70.4070754575886,73.56128354323232
20201210,13668420,119.99,120.7781,119.56,120.27,121.508,120.96600000000001,118.95600000000002,121.04481054525823,120.16049473861204,116.42447353929413,3.7360211993179178,4.236617537113293,59.99999999999996,62.00736917184628,69.7099787527703
20201211,9981643,118.94,120.02,118.37,119.56,120.952,120.8,119.2655,120.54987369683883,120.06811093267173,116.65673475860567,3.4113761740660635,4.0715692645038475,60.72195960464117,49.38422312605843,62.934726877199665
20201214,12112350,121.335,121.42,118.105,118.3,120.23600000000002,120.84200000000001,119.47649999999999,119.79991579789257,119.79609386610684,116.77845810982005,3.0176357562867935,3.860782562860437,51.012717852096074,34.174018497256746,53.34782408388536
20201215,12591420,119.29,120.9,118.62,120.32,119.9,120.9,119.62750000000001,119.97327719859504,119.8766948097827,117.04079454612967,2.8359002636530306,3.6558061030189557,41.573033707865186,36.99506270044894,47.896903622739885
20201216,11169360,120.3,121.08,119.86,120.67,119.824,120.763,119.8555,120.2055181323967,119.99874176212384,117.3096245797497,2.6891171823741473,3.4624683188899943,45.96678529062872,41.121507953651886,45.63843839971055
20201217,11618000,121.26,121.45,119.58,119.67,119.704,120.60600000000002,120.07650000000001,120.02701208826448,119.94816610641249,117.48446720347194,2.46369890294055,3.2627144357001057,45.454545454545475,37.456045405097406,42.910974068172834
20201218,28954760,119.14,119.8837,118.27,119.08,119.60799999999999,120.28,120.25250000000001,119.71134139217632,119.81460209004135,117.60265481802958,2.21194727201177,3.0525610029624386,54.195804195804186,31.226712336154094,39.016220157499916
20201221,28323640,123.17,125.0,121.09,123.55,120.65799999999999,120.447,120.70149999999998,120.99089426145088,120.38927869157345,118.04319890558295,2.346079785990497,2.9112647595680508,61.265523358959165,47.14123099422599,41.72455710307527
20201222,11808880,123.39,123.52,121.61,121.67,120.928,120.41400000000002,120.8915,121.21726284096727,120.5863127390237,118.31185083850274,2.2744619005209614,2.783904187758633,48.878107944208594,48.66219847282458,44.03710422632504
20201223,14973230,122.78,126.52,122.35,125.07,121.80799999999999,120.816,120.979,122.50150856064485,121.2761107791739,118.81245448009511,2.4636562990787922,2.719854610022665,60.031430068098466,60.031087355818464,49.36843193615618
20201224,4164948,125.09,125.55,123.57,124.52,122.77799999999999,121.24099999999999,121.10350000000001,123.1743390404299,121.775170659301,119.23523562971769,2.5399350295833045,2.683870693934793,55.87918015102479,65.43169737367496,54.72285374866244
20201228,8072641,125.82,126.65,124.7886,125.34,124.03,121.819,121.30949999999999,123.89622602695327,122.32360594248547,119.68744039788676,2.636165544598711,2.6743296640675767,59.153439153439166,71.74364550448657,60.396451000603804
20201229,8389199,126.2,126.2799,124.89,125.01,124.322,122.49000000000001,121.66600000000001,124.26748401796885,122.73689733594924,120.08170407211738,2.655193263831862,2.670502384020434,57.87545787545789,74.63896176034984,65.14395458718582
20201230,7397964,125.49,125.845,124.9,125.36,125.05999999999999,122.994,121.947,124.63165601197925,123.14045159195705,120.47268895566424,2.6677626362928066,2.6699544344749087,61.64235548352243,77.96137625709876,69.4164284771568
20201231,8580214,125.09,127.33,124.82,127.07,125.46,123.63399999999999,122.1985,125.44443734131951,123.74499750088674,120.96137866265207,2.7836188382346734,2.6926873152268618,67.48971193415639,84.35099844660151,74.39461846697169
20210104,16819920,127.5,127.8579,124.78,125.87,125.73000000000002,124.25399999999999,122.43000000000002,125.58629156087969,124.07192096228879,121.32498024319635,2.7469407190924358,2.703537995999977,65.83040642247869,79.77650599513926,76.18858097636088
20210105,13731210,124.99,126.2995,123.77,125.65,125.792,124.91099999999999,122.59549999999999,125.60752770725313,124.3147023527059,121.64535207703366,2.6693502756722296,2.6967004519344275,69.45473795659083,74.73824611010961,75.7051360209438
20210106,24909060,129.88,132.77,127.88,131.55,127.1,125.71100000000001,123.079,127.58835180483544,125.42782506767423,122.37902970095709,3.048795366717144,2.7671194348909713,74.65963987703124,79.25607962043136,76.88878388743964
20210107,21940390,135.69,138.19,134.92,135.87,129.202,127.131,123.7725,130.34890120322365,127.03431351880127,123.37836083421954,3.6559526845817345,2.9448860848291245,78.42183994016459,80.88116206341573,78.219576612765
20210108,12035130,135.97,136.35,134.12,136.02,130.99200000000002,128.226,124.52099999999999,132.2392674688158,128.41672682360107,124.31477855020327,4.101948273397795,3.176298522542859,81.57589803012752,82.23792681250372,79.55902667934457
20210111,15949050,134.58,138.2,134.11,138.05,133.428,129.579,125.41,134.17617831254387,129.89876885073937,125.33220236129932,4.566566489440049,3.454352115922297,84.7054518843762,87.81211752850217,82.3100569623971
20210112,18033460,139.44,141.6599,138.8301,140.22,136.342,131.06699999999998,126.44299999999998,136.1907855416959,131.48665056601024,126.43500218638826,5.05164837962198,3.773811368662234,83.30003995205759,89.19185318245309,84.6039890357491
20210113,14816760,138.59,140.79,138.1,140.35,138.102,132.601,127.54550000000002,137.5771903611306,132.85024278662405,127.46574276517431,5.384500021449739,4.095949099219736,90.1202749140894,90.35389928577084,86.52062578575634
20210114,18565600,140.49,142.75,140.0,141.17,139.162,134.182,128.588,138.77479357408706,134.13020543483572,128.48087293071694,5.6493325041187745,4.406625780199543,88.88888888888894,90.79441547045766,87.94522234732344
20210115,27881020,137.43,141.65,137.01,138.64,139.68599999999998,135.339,129.4865,138.72986238272472,134.82401998332253,129.23340086177495,5.590619121547576,4.64342444846915,81.12874779541448,86.64481930555974,87.51175466673553
20210119,19843780,139.86,140.7,137.82,138.04,139.684,136.55599999999998,130.405,138.49990825514982,135.31878613973444,129.88574153868052,5.433044601053922,4.801348478986105,78.27248441674091,80.53837538998758,85.18729490781953
20210120,16028850,137.82,138.17,135.435,135.97,138.834,137.58800000000002,131.24949999999998,137.6566055034332,135.4189728874676,130.33642735063012,5.082545536837472,4.8575878905563785,72.64462809917359,60.8681761859176,77.08092200051888
20210121,13415020,135.69,136.16,134.325,134.83,137.72999999999996,137.916,131.8135,136.7144036689555,135.32836167401103,130.66928458391678,4.659077090094257,4.817885730463955,68.94757903161272,43.35656190172284,65.83946863425354
20210122,12933230,132.69,134.4,132.2,133.79,136.254,137.708,132.4195,135.73960244597032,135.0916906472401,130.90044868881182,4.191241958428293,4.692556976056823,63.81578947368423,33.92807128361302,55.20233618404003
20210125,14212760,132.14,133.17,130.06,132.12,134.95,137.318,132.772,134.53306829731355,134.63450747074162,130.99078582297392,3.6437216477677055,4.482789910398999,62.60588947156113,28.02979903278431,46.14482380028812
20210126,11307820,132.75,133.17,131.34,131.58,133.658,136.671,133.125,133.54871219820905,134.1645832444737,131.03443131756845,3.1301519269052562,4.212262313700251,61.80804460374357,22.6791778159198,38.32294180549868
20210127,17603850,129.59,129.85,127.35,127.86,132.036,135.435,133.251,131.65247479880603,133.19464736070853,130.79928825700782,2.395359103700713,3.8488816717003433,41.95377235063232,16.22334798117598,30.956410530724447
20210128,13761760,129.9,132.17,128.99,130.11,131.092,134.411,133.506,131.13831653253737,132.72008622829185,130.74822986759983,1.9718563606920156,3.473476609498678,36.19367209971238,17.249131754350458,26.38731760526645
20210129,14808110,131.19,131.72,128.19,128.67,130.068,133.161,133.67149999999998,130.3155443550249,132.09699603932387,130.5942869144443,1.5027091248795728,3.079323112574857,33.4085778781038,14.79530131937969,22.523312176637525
20210201,11080660,129.4,130.0697,128.475,129.62,129.568,132.259,133.799,130.0836962366833,131.71591972558173,130.52211751337435,1.1938022122073733,2.7022189325013604,29.995253915519697,16.85675664052303,20.634460331266027
20210202,12253570,131.94,134.39,131.22,133.61,129.974,131.816,134.18599999999998,131.25913082445555,132.00731669087685,130.7508495494207,1.2564671414561417,2.413068574292317,35.561380515509015,34.92304396541875,25.397321542650268
20210203,10600780,133.65,135.755,133.51,135.14,131.43,131.733,134.6605,132.55275388297036,132.48926796920347,131.07597180501918,1.4132961641842883,2.213114092270711,39.275421984355695,54.176338253368556,34.990327112889695
20210204,12419530,135.47,138.66,135.47,138.25,133.058,132.075,134.9955,134.45183592198026,133.37553443547986,131.60738130094367,1.7681531345361918,2.1241219007238072,44.50714823175323,68.24252199502496,46.074392073601445
20210205,10051270,139.39,139.49,137.38,137.98,134.92,132.494,135.101,135.6278906146535,134.08391375309833,132.0794271305034,2.004486622594925,2.100194845098031,48.643092105263165,74.68227441074146,55.61035285264811
20210208,10136380,138.2,140.3,138.18,140.14,137.02399999999997,133.296,135.30700000000002,137.13192707643566,135.01561932954473,132.67650660231797,2.3391127272267624,2.1479784215237774,54.057187017001525,82.70967586198717,64.6434605224278
20210209,8614807,139.43,139.98,138.54,139.58,138.218,134.096,135.3835,137.94795138429043,135.717831740384,133.18787648362775,2.529955256756267,2.2243737885702752,57.406647517439495,86.49128404561876,71.92606836349145
20210210,10323200,140.0,140.87,139.04,139.66,139.12199999999999,135.276,135.3555,138.51863425619362,136.3243191649403,133.66729304039606,2.6570261245442452,2.3109042557650694,60.36036036036032,87.81332711348293,77.22182128015527
20210211,9200955,139.66,140.55,138.22,139.27,139.326,136.192,135.30149999999998,138.76908950412908,136.77750083187257,134.08230837073708,2.695192461135491,2.387761896839154,62.09179170344223,87.57274113602911,80.67212789877988
20210212,8324562,139.05,141.61,139.0,141.25,139.98000000000002,137.45,135.3055,139.5960596694194,137.4655776269691,134.61324849142324,2.852329135545858,2.480675344580495,69.87374836743578,90.56020406822853,83.96815328859608
20210216,12130620,143.55,145.32,142.4,144.65,140.882,138.95300000000003,135.606,141.28070644627962,138.57087337666616,135.35671156613262,3.2141618105335397,2.627372637771104,75.30003871467284,91.81574993202256,86.58401883640491
20210217,10834190,143.95,145.38,143.12,145.1,141.98600000000002,140.102,135.959,142.55380429751975,139.5753543956406,136.07843663530798,3.4969177603326216,2.801281662283408,88.20921985815603,93.60202366810248,88.9233537803041
20210218,10590270,144.0,145.79,143.4,145.59,143.17199999999997,141.147,136.44,143.56586953167982,140.50068448861896,136.78299688454442,3.7176876040745412,2.984562850641635,87.21153846153847,94.94197535067319,90.92956097042713
20210219,11969780,145.86,148.84,145.86,148.02,144.922,142.124,137.0995,145.05057968778658,141.65750225960068,137.6153674856893,4.0421347739113855,3.196077235295585,94.40110142267108,94.06388100301291,91.97433431462238
20210222,11488420,146.87,150.19,146.79,149.41,146.554,143.267,137.8805,146.50371979185772,142.85019421966211,138.48904396823082,4.361150251431297,3.429091838522728,94.51192082771041,93.87049042640292,92.60638635188256
20210223,16234410,151.51,152.31,149.59,150.61,147.746,144.314,138.805,147.8724798612385,144.04401049356025,139.38689256317667,4.657117930383578,3.6746970568948982,93.72427983539107,91.89189543922487,92.36822271432999
20210224,15061430,150.11,153.76,150.11,153.26,149.378,145.68200000000002,139.88899999999998,149.66831990749233,145.4618550330125,140.4145301510895,5.047324881923004,3.9492226219005193,94.06614785992231,93.52209588698217,92.75284710521404
20210225,18127710,154.27,154.9,150.59,151.18,150.496,146.834,141.055,150.17221327166158,146.34156964331828,141.21197236211992,5.1295972811983575,4.185297553760087,83.10291858678971,87.88265511962334,91.1294497766838
20210226,19829180,150.3,150.8741,146.51,147.17,150.326,147.624,141.90800000000002,149.17147551444106,146.46902046742315,141.65330774270365,4.8157127247195035,4.31138058795197,69.74645466265585,71.30843674641551,84.52244543326103
20210301,14845480,149.52,151.3799,148.48,150.5,150.544,148.549,142.9995,149.61431700962737,147.08917116474265,142.30861828028117,4.7805528844614855,4.405215047253874,71.19476268412447,68.42181012296403,79.15556699649537
20210302,14221720,150.08,151.78,149.84,150.01,150.424,149.085,144.019,149.7462113397516,147.53852944708996,142.87909100026033,4.6594384468296255,4.456059727169024,71.39926138695115,64.77396037183104,74.36169812160725
20210303,14324100,151.23,154.98,150.825,152.91,150.35399999999998,149.86599999999999,144.984,150.80080755983442,148.36490953215304,143.62212129653733,4.742788235615706,4.513405428858361,74.36557557925708,68.95018410753649,72.55786011691698
20210304,20093910,152.61,154.3786,148.6201,150.56,150.22999999999996,150.363,145.75500000000002,150.72053837322295,148.70261575797565,144.13603823753456,4.566577520441086,4.524039847174906,69.36535162950256,61.90539625272213,69.00703882885203
20210305,18465110,153.215,153.49,147.97,150.91,150.978,150.652,146.388,150.7836922488153,149.0422133336717,144.6378131829024,4.404400150769305,4.500111907893786,67.55087209302323,58.586281484498755,65.53345304740094
20210308,17133270,152.47,155.46,150.75,152.91,151.45999999999998,151.002,147.1345,151.4924614992102,149.63725743618375,145.25056776194666,4.38668967423709,4.477427461162447,65.8116385911179,62.893647619088526,64.65351790463012
20210309,16238760,151.5,154.25,149.82,151.83,151.824,151.12399999999997,147.719,151.60497433280682,149.97460244600163,145.73793311291357,4.236669333088059,4.42927583554757,62.579439252336485,61.74287867343335,63.68330482756453
20210310,14342240,151.91,156.16,151.51,155.13,152.268,151.311,148.4965,152.7799828885379,150.76774053123214,146.43364177121626,4.334098760015877,4.410240420441232,66.13667117726658,70.93739407244433,66.10133457585779
20210311,11771480,154.11,156.15,153.36,154.32,153.01999999999998,151.625,149.2295,153.29332192569194,151.31424198796566,147.01781645482987,4.296425533135789,4.387477442980144,61.27415891195417,73.13612189282205,68.44626368151253
20210312,12849530,156.86,157.63,155.0701,156.15,154.06799999999998,152.523,150.07350000000002,154.2455479504613,152.05820475904787,147.69427449521285,4.363930263835016,4.382768007151118,61.874559548978176,76.98377760418643,71.29210165573716
20210315,12103260,156.35,156.92,153.96,155.37,154.56,153.01,150.7795,154.62036530030753,152.56771171919434,148.2628467548267,4.304864964367624,4.36718739859442,58.51216022889841,76.85737002459912,73.14719111202447
20210316,12805570,154.09,154.6,152.19,153.51,154.89600000000002,153.35999999999999,151.2225,154.25024353353837,152.7126791470106,148.6515247729877,4.061154374022891,4.305980793680114,50.460066249539935,70.35487884317648,72.2164203557418
20210317,13952380,155.34,156.88,153.05,155.09,154.88799999999998,153.57800000000003,151.722,154.53016235569226,153.07842081670128,149.1284488638775,3.9499719528237733,4.234779025508846,57.33033370828645,71.47192060904659,71.96825377351006
20210318,21898470,157.6,161.69,157.11,157.65,155.554,154.28699999999998,152.325,155.57010823712818,153.78174069105492,149.75967487396065,4.022065817094273,4.192236383825931,70.77716098334656,69.63615263293364,71.19088672665124
20210319,54418830,155.51,155.94,151.19,155.14,155.352,154.71,152.68099999999998,155.42673882475214,153.99070366166185,150.1582174758895,3.8324861857723533,4.120286344215216,59.50819672131143,61.363725456496596,67.91516630326636
20210322,19944850,152.8,153.97,150.61,150.97,154.472,154.51600000000002,152.75900000000001,153.94115921650143,153.52598002140618,150.2183495147125,3.307630506693698,3.9577551767109123,51.709401709401725,41.99218279530575,59.27417180061282
20210323,17076300,150.33,152.12,148.96,149.46,153.66199999999998,154.279,152.70149999999998,152.44743947766764,152.90044463349756,150.16217547658565,2.7382691569119118,3.7138579727511125,43.53690520794308,29.30403178760106,49.284125129608896
20210324,13079790,150.0,153.18,149.86,150.62,152.768,153.828,152.5695,151.83829298511176,152.54960699757487,150.19608840424598,2.353518593328886,3.4417900968666677,50.117647058823536,23.88270880629282,40.8169863551702
20210325,15608340,150.0,152.97,149.33,152.55,151.748,153.651,152.63799999999998,152.0755286567412,152.54966745948641,150.3704522261537,2.1792152333327124,3.189275124159877,53.0280649926145,25.322172458973967,35.65204838977145
20210326,16754400,154.3,155.45,152.55,155.09,151.738,153.54500000000002,153.034,153.0803524378275,152.94048785033468,150.72004835754973,2.220439492784948,2.995507997884891,53.94641564083998,32.93277064167262,34.74562247373851
20210329,17570340,152.1201,153.7276,151.04,152.68,152.08,153.276,153.14299999999997,152.94690162521835,152.90041279643702,150.8652299606942,2.0351828357428303,2.803442965456479,51.46804835924006,31.6959502628171,33.72906507009804
20210330,13184310,154.46,155.87,153.88,154.48,153.084,153.373,153.3665,153.45793441681224,153.1434262123698,151.13299070434647,2.0104355080233347,2.6448414739698505,48.816029143897985,35.58467907021006,34.34760307013538
20210331,16736680,153.28,154.49,152.12,152.23,153.406,153.087,153.3325,153.04862294454148,153.00289910277442,151.21425065217267,1.7886484506017553,2.4736028692962315,46.3828314295604,39.33916522541218,36.01145712189431
20210401,16561510,151.9,153.79,151.55,153.71,153.638,152.693,153.48999999999998,153.26908196302765,153.11168385619374,151.39912097423397,1.7125628819597694,2.3213948718289394,45.725297827610376,49.139761862768765,40.38755870218579
20210405,13507980,154.4,154.94,152.6,153.62,153.344,152.541,153.62550000000002,153.38605464201845,153.18988633985623,151.56363053169812,1.6262558081581062,2.182367059094773,46.858168761220824,55.239339553471495,45.33815231928102
20210406,13071550,152.79,154.28,151.86,152.54,153.31599999999997,152.698,153.60700000000003,153.1040364280123,153.0899038260322,151.63595419601677,1.453949630015444,2.036683573278907,48.20834872552641,53.18708263809406,47.95446242555204
20210407,16903520,153.1,155.23,152.65,154.93,153.406,153.24499999999998,153.762,153.71269095200822,153.37299554510417,151.8799575889044,1.493037956199771,1.9279544498630798,49.71305595408896,64.00035886372427,53.30309457160945
20210408,12335510,154.0,155.505,152.31,155.12,153.984,153.695,153.7615,154.18179396800548,153.641765461242,152.11996073046703,1.52180473077496,1.846724506045456,45.04116032928263,70.82425580562986,59.14348164961625
20210409,12122400,155.81,157.042,154.97,156.28,154.498,154.068,153.8595,154.88119597867035,154.047647697974,152.42811178746948,1.6195359105045384,1.8012867869372726,52.35927152317884,76.31758117798404,64.86818149240551
20210412,12273360,155.58,157.25,155.57,155.95,154.964,154.154,153.84949999999998,155.23746398578024,154.34031728290108,152.6889923958051,1.6513248870959956,1.7712944069690173,62.25393700787398,76.60938160403606,68.78191486294902
20210413,16113560,154.75,155.2,152.43,154.09,155.274,154.29500000000002,153.7855,154.85497599052016,154.30180693168555,152.79277073685657,1.5090361948289797,1.7188427645410098,61.19980648282533,65.926722238948,67.83018398828202
20210414,19939590,151.47,153.83,150.93,151.21,154.53,153.96800000000002,153.6705,153.63998399368012,153.82614432681086,152.6755284600524,1.1506158667584714,1.605197384984502,51.317552478785174,45.427941408243825,60.36276979493595
20210415,17694130,151.25,152.2,149.32,152.17,153.94,153.96200000000002,153.52450000000002,153.1499893291201,153.5713528919169,152.63808190745593,0.933270984460961,1.470812104879794,49.11297852474317,42.265117727395804,54.3302191057559
20210416,13773410,153.87,154.51,152.69,153.3,153.344,153.921,153.307,153.19999288608008,153.52960629316044,152.68711287727402,0.8424934158864232,1.3451483670811197,45.52723638180912,44.9064635206599,51.188967244057224
20210419,11900220,153.42,153.88,152.22,152.65,152.684,153.824,153.1825,153.0166619240534,153.39428224805883,152.6843637752537,0.7099184728051284,1.2181023882259217,49.91780821917808,43.935120279010796,48.77101825570841
20210420,13716680,151.74,151.75,148.65,149.27,151.72,153.497,153.0975,151.7677746160356,152.75977728681903,152.43144794004974,0.32832934676929426,1.0401477799345962,36.86333837619775,31.693180961201012,43.078405824205944
20210421,12236670,147.79,150.61,146.79,150.54,151.586,153.05800000000002,153.1515,151.3585164106904,152.41827308884686,152.29134068523123,0.1269324036156263,0.8575047046708022,45.517241379310356,33.079074114350696,39.745295254254195
20210422,15256120,150.23,150.3,147.26,147.37,150.62600000000003,152.283,152.98899999999998,150.0290109404603,151.64161569056273,151.92679693076968,-0.2851812402069527,0.6289675156952513,34.56669912366114,23.901027102365127,34.46387253695784
20210423,14043090,147.18,151.13,146.685,150.19,150.004,151.674,152.871,150.08267396030686,151.41829019970695,151.79814530626822,-0.37985510656127985,0.4272029912439451,42.62999570262138,29.65490278149455,32.86088261847007
20210426,10799070,150.78,152.46,150.38,150.56,149.586,151.135,152.6445,150.24178264020458,151.28624555359818,151.70643083913723,-0.42018528553904844,0.2577253358873464,45.61170212765959,36.27685744538403,33.99954089410806
20210427,12821180,150.5,151.57,150.11,151.25,149.98200000000003,150.851,152.573,150.57785509346974,151.28066931458306,151.67262114734928,-0.3919518327662104,0.12778990215663508,41.179290508149535,43.63079101257766,37.20995760026459
20210428,8943653,152.43,152.89,151.4,152.23,150.32,150.953,152.4605,151.12857006231314,151.42672018926257,151.71390846976786,-0.28718828050529055,0.04479426562424996,43.32563510392605,52.70806727782065,42.37599415944994
20210429,12976870,153.54,155.28,153.2,155.19,151.88400000000001,151.255,152.6085,152.48238004154211,152.0056863139914,151.9713967312665,0.03428958272488103,0.04269332904437618,47.67590618336886,68.12300471226436,50.95833101038808
20210430,11705070,154.1,154.49,153.01,153.81,152.608,151.30599999999998,152.6135,152.92492002769475,152.2832730349158,152.10758956598752,0.1756834689282698,0.06929135702115491,45.63265306122451,73.04768086111399,58.321447627296706
20210503,11801110,154.85,155.48,153.13,153.36,153.168,151.377,152.60049999999998,153.06994668512985,152.44892333723644,152.20036070924772,0.24856262798871853,0.10514561121466764,48.41922910350804,73.99691894436222,63.54660473298521
20210504,12977670,152.87,155.64,152.14,155.48,154.01399999999998,151.998,152.7475,153.87329779008658,152.91524282381542,152.44329695300715,0.4719458708082698,0.1785056631333881,59.56112852664576,82.06904218475813,69.72075055024285
20210505,6938197,156.0,158.28,154.63,157.52,155.072,152.696,152.877,155.08886519339106,153.62366700476687,152.8193490305622,0.8043179742046789,0.30366812534764626,61.426740709098745,85.86117833159528,75.100893144027
20210506,13542410,158.07,160.825,157.16,160.69,156.172,154.028,153.15550000000002,156.95591012892737,154.71079515787966,153.40236021348352,1.30843494439614,0.5046214891573451,64.51866404715129,90.15414688586367,80.11864439130588
20210507,14257830,157.22,161.5,157.02,161.24,157.65800000000002,155.13299999999998,153.40349999999998,158.3839400859516,155.71528821051356,153.98292612359586,1.7323620869177034,0.7501696087094167,66.94280078895468,92.67519654843358,84.30416177701511
20210510,14014330,161.5,163.73,161.12,161.22,159.23000000000002,156.199,153.667,159.3292933906344,156.56216694735764,154.51900566999618,2.043161277361463,1.008767942439826,77.17144156434746,88.33117996443289,85.64650117282103
20210511,15451670,161.08,162.39,158.04,158.54,159.842,156.928,153.8895,159.06619559375628,156.86644895545646,154.8168571018483,2.049591853608149,1.2169327246734907,67.09401709401712,77.29412572837373,82.86237602467193
20210512,14381730,159.61,160.78,157.03,157.45,159.828,157.45,154.20149999999998,158.52746372917085,156.95622603923238,155.0119047239336,1.9443213152987653,1.3624104427985455,73.63977485928703,66.80120317468229,77.50865174134205
20210513,15397360,158.18,162.445,157.68,161.5,159.98999999999998,158.081,154.66799999999998,159.51830915278057,157.65526818704276,155.4925043740126,2.1627638130301534,1.522481116844867,75.07760532150775,71.45389386221272,75.4903991149656
20210514,10583980,162.39,164.45,161.99,164.01,160.54399999999998,159.101,155.20350000000002,161.01553943518707,158.63291923519003,156.1234299759376,2.509489259252433,1.7198827453263803,77.23774807614417,79.77781930375514,76.91953917789544
20210517,9883458,163.37,164.85,163.03,164.67,161.234,160.232,155.80450000000002,162.23369295679137,159.56170089131462,156.75650923697927,2.8051916543353457,1.9369445271281736,77.21005677210054,85.9314620537754,79.92351346985544
20210518,11098120,164.68,165.5,162.24,162.35,161.99599999999998,160.919,156.45850000000002,162.27246197119428,159.99066998495852,157.17084188609192,2.8198280988665942,2.113521241475858,69.46153846153848,78.23889923081879,79.36197539017655
20210519,13278900,161.0,161.18,158.64,161.11,162.728,161.278,156.98700000000002,161.88497464746285,160.16287460265718,157.46263137601102,2.7002432266461653,2.2308656385099197,62.1911037891269,68.23631017903645,75.65342031979651
20210520,10426010,160.83,161.86,159.52,160.83,162.594,161.292,157.66000000000003,161.53331643164194,160.26550927917145,157.7120660888991,2.553443190272361,2.295381148862408,65.14236410698882,60.44561568016051,70.5841521065845
20210521,10248990,161.34,163.223,160.94,162.66,162.324,161.43400000000003,158.2835,161.90887762109463,160.63389246699123,158.0785797119436,2.5553127550476233,2.347367470099451,68.93322475570031,62.45370836764732,67.87400419360543
20210524,9440290,163.36,164.225,162.1189,163.54,162.098,161.666,158.9325,162.45258508072976,161.08098593360796,158.48312936291074,2.5978565706972176,2.397465290219005,67.28130360205833,67.25564028917532,67.66788289212872
20210525,12609080,163.85,165.7,161.56,161.85,161.998,161.997,159.4625,162.2517233871532,161.19929578997596,158.73252718788032,2.466768602095641,2.411325952594332,59.42533739660424,62.1687643490595,65.8348433777723
20210526,13058340,163.57,163.74,161.305,161.83,162.142,162.435,159.94250000000002,162.1111489247688,161.29632720690276,158.9619696184077,2.3343575884950667,2.395932279774479,52.875882946518715,56.50722155848548,62.725636104676695
20210527,15707510,163.95,164.75,162.57,164.35,162.846,162.72,160.40050000000002,162.85743261651254,161.7661230212254,159.36108298000713,2.4050400412182853,2.3977538320632403,57.136301055530055,64.63087669526986,63.36071630154108
20210528,10294700,164.68,164.94,163.26,164.24,163.162,162.743,160.922,163.31828841100838,162.14671947949842,159.72248424074735,2.4242352387510664,2.4030501134008055,56.901279707495476,69.52728890166253,65.41624050158157
20210601,9445366,165.87,166.91,165.48,166.05,163.664,162.881,161.5565,164.22885894067227,162.7472241749602,160.1911891118031,2.5560350631570827,2.433647103352061,67.87244169443134,76.21851505173316,69.01699868496543
20210602,10498570,167.26,167.44,165.53,166.06,164.50600000000003,163.252,162.0855,164.83923929378153,163.25688199419707,160.62591584426212,2.630966149934949,2.4731109126686386,71.60060210737596,78.33759589307465,72.12386442100183
20210603,13354650,165.41,167.245,164.661,166.17,165.374,163.75799999999998,162.518,165.28282619585437,163.70505399508983,161.03658874468715,2.668465250402676,2.512181780215446,64.60287679799883,79.0455767492292,74.43110186374427
20210604,8510831,166.21,166.67,165.03,166.44,165.792,164.31900000000002,162.8055,165.66855079723626,164.12581491892217,161.43684143026587,2.688973488656302,2.5475401219036176,58.836363636363735,80.59707833268362,76.48642735339072
20210607,7267196,167.0,167.1,165.14,165.66,166.076,164.61899999999997,163.0265,165.66570053149087,164.36184339293416,161.74966799098692,2.6121754019472405,2.5604671779123422,53.56885364095176,77.39343391154728,76.78876287277623
20210608,10370720,164.49,165.76,163.1618,165.0,165.866,164.765,163.2155,165.44380035432727,164.46002133248274,161.9904333249879,2.469588007494849,2.5422913438288437,60.851760851760964,71.67168889403341,75.08307154652861
20210609,12377370,164.14,164.22,162.28,162.94,165.242,164.874,163.4355,164.6092002362182,164.22617189671615,162.060771597211,2.1654002995051655,2.4669131349641082,57.02225633154258,52.044691820828454,67.40361163796189
20210610,12119420,164.36,165.24,160.31,160.4,164.08800000000002,164.731,163.58300000000003,163.20613349081214,163.63753006645214,161.93775147889906,1.6997785875530838,2.3134862254819035,48.59385219097446,35.117218577139504,56.64148061768776
20210611,13683770,160.43,161.199,159.06,160.29,162.858,164.325,163.5225,162.23408899387476,163.12252544084413,161.81569581379543,1.3068296270486996,2.1121549057952627,41.26750184229913,28.3040804834072,47.19568057292757
20210614,19917860,160.15,160.33,156.655,157.57,161.23999999999998,163.658,163.20049999999998,160.67939266258318,162.26829075763732,161.50119982758835,0.7670909300489654,1.8431421106460033,30.62946138870855,21.69738884336555,38.6962499964069
20210615,24485480,156.7,156.92,154.13,155.18,159.276,162.571,162.726,158.84626177505547,161.17778448723158,161.03296280332256,0.14482168390901506,1.5034780252986057,29.298572315332038,17.133625857452778,31.50870861675552
20210616,25321230,154.73,157.62,153.11,156.27,157.942,161.592,162.422,157.987507850037,160.4227407199652,160.6801507438172,-0.2574100238520032,1.151300415468484,33.81839348079157,18.951604753193443,27.323007328901493
20210617,29722420,157.1,157.46,151.25,151.76,156.214,160.151,161.9545,155.91167190002466,159.09001137843208,160.01939883686777,-0.9293874584356843,0.7351628406876505,17.162232655190365,13.706958373842928,22.78432434388197
20210618,43595660,149.3,149.7,147.56,147.92,153.73999999999998,158.299,161.309,153.2477812666831,157.3715480894425,159.12314707117383,-1.7515989817313198,0.23781047620385642,14.366812227074206,9.79731290856925,18.455320532111063
20210621,18664800,149.08,151.202,149.0201,150.43,152.312,156.776,160.6975,152.30852084445542,156.30361761414366,158.4792102510869,-2.175592636943236,-0.24487014642556204,16.90677966101697,11.942552497115553,16.284397853779225
20210622,14251160,150.6,150.97,148.66,150.21,151.31799999999998,155.297,160.031,151.60901389630362,155.36613798119848,157.86667615841378,-2.5005381772153044,-0.6960037525835105,16.71566568668632,12.957930925678854,15.175575544412435
20210623,12733330,150.2,152.04,150.09,151.12,150.288,154.115,159.49450000000002,151.44600926420242,154.712885984091,157.36692236890167,-2.6540363848106665,-1.087610279028942,19.42299878098342,17.339160734918682,15.896770607914515
20210624,13733190,151.92,153.12,151.22,152.51,150.43800000000002,153.326,159.0285,151.80067284280162,154.373980448077,157.00715034157562,-2.633169893498632,-1.39672220192288,22.930431403031477,24.48034886895906,18.757963361596026
20210625,15484920,152.59,154.495,151.6686,154.05,151.66400000000002,152.702,158.5135,152.55044856186777,154.32413730221901,156.7881021681256,-2.4639648659065756,-1.6101707347196192,28.086070215175596,37.82454006770897,25.113488930300342
20210628,14125840,153.7,154.48,152.1203,154.33,152.44400000000002,152.378,158.018,153.14363237457852,154.3250392557238,156.60602052604222,-2.2809812703184207,-1.7443328418393795,29.567215626196912,47.64843426647798,32.62513737569289
20210629,14528710,155.0,156.31,153.61,154.14,153.23,152.274,157.42249999999999,153.47575491638568,154.29657167792013,156.423352338928,-2.1267806610078708,-1.820822405673078,31.848184818481883,53.92050499920074,39.723593250195506
20210630,12530990,153.75,156.08,153.7097,155.54,154.11399999999998,152.201,156.8965,154.1638366109238,154.48786834285548,156.35791883234074,-1.8700504894852656,-1.8306680224355156,39.48051948051949,66.34700333280045,48.59806327773049
20210701,10479390,156.26,157.14,155.415,157.08,155.028,152.733,156.44199999999998,155.1358910739492,154.88665782857004,156.41140632624143,-1.5247484976713963,-1.7694841174826919,43.456991439054285,77.32881983192996,58.17498212913031
20210702,11431350,155.95,156.32,155.12,156.03,155.424,153.544,155.92149999999998,155.43392738263282,155.06255662417465,156.3831540057791,-1.3205973816044434,-1.6797067703070423,46.631671041119894,80.52267234078354,65.62421219968138
20210706,15083360,155.78,155.78,152.345,153.41,155.23999999999998,153.842,155.309,154.7592849217552,154.8083171435324,156.16292037572137,-1.354603232188964,-1.6146860626834267,46.167171935902985,69.37918108770913,66.87586849569063
20210707,12271790,152.01,154.2829,151.55,153.59,155.13,154.18,154.7385,154.36952328117016,154.6208837368351,155.9723336812235,-1.3514499443883778,-1.562038839024417,43.958521190261514,59.59738198640073,64.44970632592732
20210708,17834570,151.61,152.53,150.04,150.94,154.20999999999998,154.16199999999998,154.1385,153.22634885411344,154.05459393116817,155.59956822335508,-1.5449742921869074,-1.5586259296569152,47.98228346456696,43.9569401036099,57.61878425182151
20210709,13694520,153.05,156.15,152.58,155.77,153.948,154.488,153.90699999999998,154.07423256940896,154.31850255714232,155.61219279940283,-1.29369024226051,-1.5056387921776342,68.41858282496476,56.20603518644427,57.14786789669576
20210712,19940360,154.35,159.1612,153.94,158.0,154.342,154.88299999999998,153.7925,155.38282171293932,154.88488677912045,155.78906740685446,-0.9041806277340072,-1.3853471592889088,67.99809795530186,66.56042977843524,60.285388523942245
20210713,22671740,156.05,157.39,153.5001,155.65,154.79000000000002,155.01500000000001,153.69650000000001,155.47188114195956,155.0025965054096,155.77876611745782,-0.7761696120482213,-1.2635116498407712,61.744386873920504,64.87530822662688,61.815361758170454
20210714,14622830,155.95,157.28,152.95,155.12,155.096,155.113,153.6935,155.35458742797306,155.0206585815004,155.72996862727575,-0.7093100457753394,-1.152671329027685,58.77963125548724,61.81501420841623,61.81524590825238
20210715,11539260,153.9,156.53,153.7,155.46,156.0,155.105,153.653,155.38972495198206,155.08824956896188,155.70997095118125,-0.6217213822193628,-1.0464813396660206,56.7878508973769,61.01734476441743,61.549278860307396
20210716,14002740,155.96,156.28,151.02,151.91,155.228,154.58800000000002,153.6605,154.22981663465472,154.59928809681392,155.4284916214641,-0.8292035246501825,-1.003025776662853,45.49283909014321,47.51212596772386,56.87022789611288
20210719,22172870,148.55,149.823,145.71,146.97,153.022,153.682,153.613,151.8098777564365,153.42555146653484,154.80193668654084,-1.376385220006,-1.0776976653314825,37.04225352112678,34.79714864681449,49.51253481301341
20210720,15385160,146.52,151.12,146.3278,149.71,151.834,153.312,153.57700000000003,151.109918504291,152.85392816399101,154.42475619124153,-1.5708280272505135,-1.1763237377152889,42.84329563812606,33.11047370633753,44.045181110788114
20210721,12356690,152.05,153.65,151.36,152.86,151.382,153.239,153.7095,151.69327900286066,152.8548622926078,154.30884832522366,-1.453986032615859,-1.231856196695403,45.90214067278293,39.79201875018276,42.627460323919664
20210722,9913322,152.88,153.44,149.97,150.93,150.476,153.238,153.7,151.4388526685738,152.5587296322066,154.058563264096,-1.4998336318894019,-1.2854516837342027,40.707162284678155,39.463661364163706,41.57286067066768
20210723,9666101,151.48,152.84,150.25,150.64,150.222,152.725,153.6065,151.17256844571585,152.26354045802097,153.80533635564444,-1.541795897623473,-1.3367205265120568,41.66408908134859,40.37874227930544,41.17482120688027
20210726,8207990,150.19,151.96,150.17,151.65,151.158,152.09,153.4865,151.3317122971439,152.16914961832543,153.64568181078187,-1.4765321924564319,-1.364682859700932,47.135416666666686,44.032385374333856,42.12734259603146
20210727,11218730,150.4,152.49,149.8,151.45,151.506,151.67000000000002,153.3425,151.37114153142926,152.05851121550614,153.4830387136869,-1.4245274981807654,-1.3766517873968986,46.51919323357188,47.03822610907526,43.76430376704606
20210728,9217294,152.29,152.77,150.88,151.7,151.274,151.328,153.22050000000002,151.48076102095285,152.0033556438898,153.3509617719323,-1.3476061280425142,-1.3708426555260218,51.340860973888475,50.24875748804318,45.92578834071176
20210729,9063531,153.14,153.87,151.91,153.0,151.688,151.08200000000002,153.0935,151.98717401396857,152.15668554482983,153.32496460364104,-1.1682790588112084,-1.3303299361830594,44.41757355904877,63.278583423401315,51.71005336827494
20210730,9805241,152.58,153.67,151.2,151.78,151.916,151.06900000000002,152.82850000000002,151.91811600931237,152.09873392254832,153.2105227811491,-1.1117888586007894,-1.2866217206666055,36.93277310924375,66.2821397731853,56.56741550324506
20210802,10203160,152.03,154.45,151.07,151.17,151.82,151.48899999999998,152.5855,151.66874400620824,151.9558517806178,153.05937294550844,-1.103521164890651,-1.2500016095114148,39.845874886672725,54.008881712589364,55.714570906359825
20210803,10394800,151.95,153.32,149.52,152.89,152.108,151.807,152.5595,152.07582933747216,152.09956689129197,153.0468268013967,-0.9472599101047194,-1.189453269630076,45.204301075268795,58.791587132260325,56.74024298165999
20210804,10154970,151.25,153.37,150.91,151.24,152.01600000000002,151.645,152.442,151.7972195583148,151.9673258310932,152.91298777907102,-0.9456619479778112,-1.140695005299623,41.40879478827365,50.823870799465,54.76811892092832
20210805,9151499,152.28,153.69,152.01,153.15,152.046,151.86700000000002,152.5525,152.24814637220987,152.14927570323272,152.93054423988056,-0.7812685366478433,-1.068809711569267,52.70506108202444,58.426191080644074,55.98747630750023
20210806,13328750,155.19,157.82,155.11,157.5,153.19,152.55300000000003,152.63899999999998,153.99876424813993,152.97246405658152,153.26902244433384,-0.29655838775232723,-0.914359446805879,73.57814599193902,70.99898682484707,60.99131314661584
20210809,9516867,157.52,158.55,155.9,157.33,154.422,153.121,152.6055,155.10917616542665,153.64285420172283,153.5698355966054,0.07301860511742575,-0.7168838364212181,69.2813765182186,76.1624843874765,66.04837022690272
20210810,8666998,156.74,159.975,156.31,159.26,155.696,153.902,152.786,156.49278411028445,154.50703047838087,153.9913292561161,0.5157012222647666,-0.47036682468402113,67.25997842502689,81.82871189357988,71.3084841157951
20210811,9156458,160.0,161.5,159.08,161.16,157.68,154.848,153.08800000000002,158.04852274018964,155.53056425093766,154.5223419038112,1.0082223471264626,-0.1746489903219244,77.6337115072933,86.9397867826982,76.51891833809613
20210812,8849610,161.88,162.37,160.5539,161.79,159.408,155.727,153.4045,159.2956818267931,156.49355436617802,155.06068694797332,1.4328674182046939,0.14685429138339923,79.57559681697614,89.78865162945117,80.9421627685478
20210813,8980903,161.79,162.16,159.57,159.98,159.904,156.54699999999997,153.808,159.52378788452873,157.02993061753526,155.42508050738272,1.6048501101525403,0.43845345513722744,71.19592875318065,86.9926938230063,82.9590064533673
20210816,8759767,158.94,159.03,156.78,158.93,160.224,157.323,154.406,159.32585858968582,157.3222489840683,155.68470417350252,1.637544810565771,0.6782717262229362,68.24390243902448,81.32264521301062,82.41355270658173
20210817,9347213,157.57,158.86,155.27,157.01,159.77399999999997,157.73499999999999,154.771,158.55390572645723,157.27421067882702,155.78287423472457,1.4913364441024441,0.8408846697988379,61.975642760487176,70.3026128961898,78.37657276978442
20210818,8065493,156.31,158.01,155.34,155.58,158.658,158.169,154.907,157.56260381763815,157.0135628820844,155.76784651363386,1.2457163684505304,0.9218510095291765,55.784753363228745,49.02635166449384,68.59316573468755
20210819,9517737,153.16,155.56,153.01,154.28,157.156,158.28199999999998,155.0745,156.4684025450921,156.59301474637908,155.6576356607721,0.9353790856069963,0.9245566247447405,55.58534405719394,37.20702646578794,58.13111931172101
20210820,6974102,154.35,154.9,153.16,154.72,156.10399999999998,158.00400000000002,155.2785,155.88560169672806,156.30485863155153,155.58818116738155,0.716677464169976,0.8829807926297877,57.991895542548455,30.8944279002689,49.0522221745703
20210823,7934587,155.33,157.09,155.24,156.7,155.658,157.94099999999997,155.531,156.1570677978187,156.36564961131282,155.67053811794588,0.6951114933669373,0.8454069327772177,58.47797062750338,33.737310907871546,43.94725175233738
20210824,7670925,157.0,158.55,156.87,157.67,155.79,157.78199999999998,155.842,156.66137853187914,156.56631890188007,155.81864640550543,0.7476724963746335,0.8258600454967009,64.75447452960073,39.08698220068925,42.327161901788
20210825,11335040,158.51,161.78,157.8,160.92,156.858,157.75799999999998,156.303,158.08091902125275,157.23611599389852,156.19652444954207,1.0395915443564547,0.8686063452686517,66.79636835278859,54.8740172776908,46.50944702708893
20210826,11027450,162.26,163.83,161.15,161.75,158.352,157.754,156.7405,159.3039460141685,157.9305596871449,156.60789300883528,1.3226666783096164,0.9594184118768446,60.83630800611935,63.50812488876241,52.17567298098009
20210827,8780185,161.75,163.16,161.26,163.05,160.018,158.06099999999998,157.304,160.55263067611236,158.7181658891226,157.08508611929193,1.6330797698306583,1.0941506834676074,63.789778206364524,73.26912577303816,59.206823911666106
20210830,7937561,163.21,163.49,159.8801,160.44,160.766,158.21200000000002,157.76749999999998,160.51508711740826,158.9830634446422,157.33359825860364,1.6494651860385545,1.2052135839817968,52.7544351073763,71.73579426150785,63.383147361613354
20210831,12340840,160.44,161.37,159.35,159.95,161.222,158.506,158.1205,160.32672474493884,159.13182291469724,157.52740579500338,1.6044171196938635,1.2850542911242102,46.976511744127926,69.20402303817092,65.32343925379921
20210901,8729920,160.22,160.76,158.97,159.72,160.98200000000003,158.92,158.5445,160.12448316329255,159.2223116970515,157.68982018055868,1.5324915164928257,1.3345417361979333,44.72208057113719,66.6296111101083,65.7588298725689
20210902,8815634,160.02,161.61,159.43,160.46,160.724,159.53799999999998,158.91,160.2363221088617,159.4127252821205,157.8950186857025,1.5177065964180088,1.3711747082419485,51.29449838187708,64.67585249793015,65.39783741435598
20210903,7961223,160.39,160.89,159.145,159.49,160.012,160.015,159.00949999999997,159.9875480725745,159.4246137002558,158.01316544972454,1.411448250531265,1.379229416699812,51.51679306608885,55.66512771892662,62.15360084921285
20210907,9290968,159.99,161.3814,158.96,159.21,159.76600000000002,160.26600000000002,159.1035,159.72836538171634,159.39159620790878,158.10181986085604,1.2897763470527366,1.361338802770397,56.53983353151015,44.90444667165586,56.40388279002718
20210908,7852678,158.89,159.58,158.04,158.5,159.476,160.349,159.0655,159.31891025447757,159.2544275605382,158.1313146859778,1.1231128745604053,1.3136936171283988,59.06832298136639,32.58454188012524,48.46410248672653
20210909,7904256,158.27,160.8325,158.08,159.19,159.37000000000003,160.176,158.96699999999998,159.27594016965173,159.24451562814772,158.2097358203498,1.0347798077979178,1.2579108552623026,65.84893479664294,28.756667063814394,41.89495734575582
20210910,8311551,160.56,160.7193,157.22,157.36,158.75,159.737,158.7455,158.6372934464345,158.95459014689422,158.14679242624982,0.8077977206444018,1.1678882283387226,57.819905213270175,19.91539633068761,34.56843700739975
20210913,10052810,158.53,160.05,158.07,159.86,158.824,159.418,158.73950000000002,159.044862297623,159.09388397044896,158.27369669097206,0.8201872794768974,1.0983480385663575,59.080459770115,33.32248897368548,34.15312099616166
20210914,11685610,160.45,161.34,156.26,157.07,158.39600000000002,159.081,158.6465,158.38657486508203,158.7825172057645,158.18453397312226,0.5979832326422354,0.9982750773815332,48.4391259105099,27.26172162108626,31.855987871136524
20210915,11691490,156.72,158.69,156.47,158.16,158.328,158.90200000000002,158.704,158.3110499100547,158.68674532795458,158.18271664177988,0.5040286861747063,0.8994257991401678,41.91090269636582,30.01248731125375,31.241487684508932
20210916,10880900,159.41,160.855,157.22,158.09,158.108,158.739,158.8295,158.23736660670315,158.5949383544231,158.17584874238878,0.4190896120343268,0.8033585617189997,38.773006134969364,31.919130513252256,31.46736862742337
20210917,25608020,157.38,159.01,157.0,157.68,158.17200000000003,158.461,158.9995,158.05157773780212,158.4541786075888,158.13911920591553,0.31505940167326685,0.7056987297098531,32.57624918883843,30.52168482713979,31.152140693995506
20210920,15819910,153.89,154.56,150.49,152.96,156.79199999999997,157.80800000000002,158.9115,156.35438515853474,157.60892036026743,157.75548074621807,-0.14656038595063592,0.5352469065777553,28.652968036529728,27.93611553760164,30.080132308530885
20210921,8999860,153.53,154.55,152.5774,152.98,155.974,157.185,158.7255,155.22959010568982,156.89677876638012,157.40174143168338,-0.5049626653032533,0.32720499220155363,29.560117302052774,26.273846610321158,28.81137040912764
20210922,11236150,155.2,157.25,155.1,155.91,155.524,156.926,158.6375,155.45639340379324,156.7449666484755,157.29124206637348,-0.5462754178979878,0.15250891018164536,40.35443037974683,34.16720342377782,30.5966480806777
20210923,12336140,158.0,161.71,157.67,161.18,156.142,157.125,158.6505,157.3642622691955,157.42727947178696,157.5792982096051,-0.15201873781813902,0.09160338058168849,51.48270181219111,54.53689972755716,38.576731962970854
20210924,10102430,161.44,163.59,160.82,163.04,157.214,157.693,158.71499999999997,159.25617484613036,158.2907749376659,157.98379463852322,0.30698029914267977,0.13467876429388675,57.05204608661101,68.29177539089049,48.481746438944064
20210927,13220870,165.0,167.4,164.61,166.98,160.018,158.405,158.9115,161.83078323075358,159.6275787934096,158.65018022085482,0.9773985725547902,0.3032227259460675,63.475546305931296,78.03327111610318,58.332254664663765
20210928,13387890,167.7,169.3,165.66,166.08,162.638,159.30599999999998,159.1935,163.2471888205024,160.6202589790389,159.20053724153223,1.419721737506677,0.5265225282581893,63.05995864920749,79.64932942384905,65.43794625105886
20210929,7777078,166.21,166.9,165.04,165.95,164.64600000000002,160.08499999999998,159.4935,164.14812588033493,161.44021913610985,159.7004974458632,1.739721690246654,0.7691623606558823,61.876317638791285,80.49632771442847,70.45740673884873
20210930,13168020,166.92,166.99,162.79,163.69,165.148,160.645,159.692,163.99541725355664,161.78633926901603,159.99601615357705,1.79032311543898,0.9733945116125018,60.9553478712357,77.0560313417827,72.65694827316005
20211001,11284980,164.0,168.3,163.6,167.13,165.96599999999998,161.58999999999997,160.0255,165.04027816903778,162.60844091993664,160.52445940146023,2.0839815184764063,1.1955119129852827,62.18571907475693,80.37853721774104,75.23081125468704
20211004,14120040,166.97,170.437,165.73,166.95,165.95999999999998,162.98899999999998,160.3985,165.67685211269185,163.27637308610025,161.00042537172246,2.275947714377793,1.4115990732637846,68.14842027920648,79.34040230851289,76.60067493929566
20211005,12292880,167.21,170.14,166.67,168.66,166.476,164.557,160.871,166.6712347417946,164.10462338054637,161.5678012701134,2.536822110432979,1.6366436806976237,68.85775862068968,81.58736932575042,78.26290640144724
20211006,8692607,167.99,169.1,166.0,169.02,167.09,165.868,161.397,167.45415649452974,164.8608351681546,162.11981599084575,2.741019177308857,1.8575187800198703,69.42765730536794,82.81347133934642,79.77976138074696
20211007,10195440,171.2,171.51,169.54,170.09,168.36999999999998,166.759,161.942,168.33277099635316,165.66532206536158,162.71019999152387,2.955122073837714,2.077039438783439,71.55262243834665,83.11417966965607,80.89123414371666
20211008,8190144,170.02,171.34,169.295,170.22,168.988,167.477,162.58499999999998,168.96184733090212,166.36604174761365,163.2664814736332,3.099560273980444,2.28154360582284,85.66115702479338,83.81159378588694,81.86468735777342
20211011,12154740,170.8,171.29,166.46,166.64,168.926,167.44299999999998,162.92399999999998,168.18789822060143,166.4081891710577,163.51637173484556,2.8918174362121363,2.4035983719006992,74.6037463976945,70.59152123952093,78.10696531835592
20211012,13032630,165.75,166.6898,164.77,165.36,168.26600000000002,167.371,163.3385,167.24526548040097,166.24692929858728,163.65293679152367,2.5939925070636036,2.44167719893328,68.09651474530835,56.88517318108743,71.0330346059331
20211013,22753490,164.07,165.41,160.6,161.0,166.66199999999998,166.876,163.48049999999998,165.16351032026733,165.43970940649692,163.4564229551145,1.983286451382412,2.3499990494231064,49.642857142857125,39.145569166248954,60.403879459371716
20211014,15180730,161.75,164.01,160.06,163.47,165.33800000000002,166.85399999999998,163.7495,164.59900688017825,165.13667719011278,163.45742866214306,1.679248527969719,2.215848945132429,50.83301046106162,36.02426590704806,52.277341608597155
20211015,14267440,165.35,167.17,164.14,166.61,164.616,166.802,164.19599999999997,165.26933792011886,165.36334223778775,163.6909524649473,1.6723897728404609,2.1071571106740357,49.26029588164739,43.08459066292292,49.2130912933724
20211018,12672910,166.48,168.6084,165.91,166.55,164.598,166.762,164.8755,165.69622528007926,165.54590497043577,163.9027337638401,1.6431712065956674,2.014359929858362,50.97227968556061,47.61680134442318,48.680994643722656
20211019,8053949,167.4,168.65,166.58,168.57,165.24,166.753,165.655,166.6541501867195,166.0111503595995,164.24845718874082,1.7626931708586824,1.9640265780584263,55.02686108979279,56.51891559788328,51.29363496177619
20211020,8185565,168.3,170.87,167.46,170.84,167.208,166.935,166.4015,168.04943345781302,166.7540503042765,164.73671961920445,2.0173306850720394,1.9746873994611491,63.71308016877638,69.53506902743045,57.37411298366094
20211021,8415166,170.755,171.3293,168.68,169.5,168.414,166.876,166.8175,168.53295563854203,167.17650410361856,165.08955520296706,2.0869489006514925,1.997139699699218,54.943679599499376,74.27918051052106,63.00913549261431
20211022,8817895,170.03,172.09,169.7,171.78,169.448,167.03199999999998,167.2545,169.61530375902802,167.88473424152338,165.585143706451,2.299590535072383,2.0576298667738513,59.26352128883776,81.99382330515756,69.33736476346206
20211025,10159200,172.71,172.96,170.48,170.94,170.326,167.462,167.45250000000001,170.05686917268537,168.35477512744285,165.98179972819537,2.37297539924748,2.120698973268577,54.52380952380952,82.77624396054429,73.81699116248947
20211026,8015067,171.0,172.4902,170.54,171.4,170.892,168.066,167.7185,170.50457944845692,168.8232712616824,166.38314789647717,2.4401233652052383,2.1845838516559093,54.70355731225295,84.48648822175821,77.37349018224572
20211027,9846993,170.32,170.7,167.34,167.83,170.29000000000002,168.749,167.8125,169.61305296563796,168.67046029834665,166.49032212636777,2.180138171978882,2.1836947157205038,45.93525179856117,70.26990371246472,75.00562802565204
20211028,7212937,168.3,170.51,167.96,170.36,170.46200000000002,169.43800000000002,168.14600000000002,169.8620353104253,168.9303894832164,166.776964931822,2.1534245513944086,2.177640682855285,50.23178807947023,67.88679160027203,72.63268255052537
20211029,8140070,171.18,172.24,169.39,169.89,170.084,169.76600000000002,168.28400000000002,169.8713568736169,169.07802187041386,167.0075601220574,2.0704617483564505,2.1562048959555185,55.9985234403839,62.551486981163464,69.27228402740474
20211101,7435507,172.04,172.33,169.005,169.8,169.85600000000002,170.09099999999998,168.42649999999998,169.84757124907793,169.18909542881173,167.21440752042355,1.9746879083881765,2.1199014984420503,58.571428571428555,56.29173865173653,64.94543556884867
20211102,7173754,169.8,171.69,168.92,170.47,169.67000000000002,170.281,168.517,170.0550474993853,169.38615767053298,167.4555625189107,1.9305951516222706,2.0820402290780944,71.31922557406573,56.09247582713629,61.99444898827787
20211103,8402685,170.13,171.13,169.15,170.53,170.21,170.25,168.5925,170.21336499959023,169.5621334135279,167.68329862862103,1.8788347849068714,2.04139914024385,67.82828282828282,56.31550583019047,60.101467935582065
20211104,9574152,170.0,170.2,166.4901,168.29,169.796,170.129,168.5025,169.57224333306016,169.36642058067744,167.7282394709454,1.6381811097320451,1.9607555341414893,54.444444444444386,46.81686900578044,55.67326829231486
20211105,7975570,168.9,170.09,167.41,168.05,169.42800000000003,169.75600000000003,168.394,169.06482888870678,169.1638943374963,167.7520735842087,1.4118207532876,1.8509685779707117,53.9308176100629,39.877212682186794,50.407916422272166
20211108,6413707,169.05,170.92,168.74,169.06,169.28,169.568,168.515,169.06321925913787,169.1479105932661,167.84895702241545,1.2989535708506423,1.740565576546698,51.355838406198146,41.25343862539908,47.356423823314465
20211109,7990283,167.35,168.47,166.595,167.78,168.74200000000002,169.206,168.63600000000002,168.63547950609194,168.93746280968668,167.84384909482912,1.093613714857554,1.6111752042088694,41.04215456674471,34.86486141069396,43.192569685774295
20211110,6999214,167.45,168.95,167.09,167.62,168.16,169.185,168.967,168.29698633739463,168.73477622358104,167.82726768039734,0.9075085431836953,1.4704418720038346,44.08805031446541,29.692552287118076,38.69256388622222
20211111,5815267,167.52,168.68,166.9,167.61,168.024,168.91,169.174,168.06799089159642,168.56173372764547,167.8111737781457,0.7505599494997739,1.3264654875030224,34.70286133528981,26.187267601790087,34.524131791411506
20211112,8113441,167.65,167.74,165.72,166.86,167.786,168.60700000000003,169.18650000000002,167.6653272610643,168.29992853877692,167.74071646124602,0.5592120775309013,1.1730148055085983,34.93353028064995,23.8233375301717,30.957200370998237
20211115,6492463,167.21,167.785,166.0,166.56,167.286,168.28300000000002,169.187,167.29688484070954,168.03224722511894,167.65325598263522,0.3789912424837212,1.0142100929036229,31.91330343796706,21.057825759486022,27.657408833827496
20211116,9706145,167.06,167.07,165.12,165.36,166.80200000000002,167.772,169.0265,166.65125656047303,167.6211322674083,167.4833851691067,0.1377470983016167,0.8389174939832217,38.782924613987255,15.417860851151657,23.577559506268884
20211117,9909576,165.21,165.56,163.39,164.47,166.17200000000003,167.166,168.70800000000003,165.92417104031537,167.13634268780703,167.26017145287656,-0.12382876506953266,0.6463682421726709,18.569903948772506,15.05945039479173,20.738189802443166
20211118,8123567,164.39,164.85,162.56,163.05,165.26000000000002,166.642,168.3855,164.96611402687694,166.50767458199056,166.94830690081164,-0.44063231882108767,0.4289681299739192,16.860465116278988,11.993381602907444,17.823253735931257
20211119,12193630,161.3,162.11,159.45,160.92,164.072,165.929,167.8425,163.6174093512513,165.64803233860738,166.50176564889966,-0.8537333102922844,0.1724278419206785,14.07766990291249,13.15348247211373,16.266663314658746
20211122,14551670,164.16,165.98,162.99,164.35,163.63,165.458,167.513,163.86160623416754,165.4483350557447,166.342375600833,-0.894040545088302,-0.04086583548111761,29.761904761904745,25.961970770882857,19.498432466733448
20211123,12362340,165.5,168.555,165.37,168.28,164.214,165.508,167.357,165.3344041561117,165.88397581639938,166.48590333410465,-0.6019275177052634,-0.15307817192594678,44.07582938388626,49.1967490224087,29.397871318625196
20211124,9629790,168.46,169.44,166.44,166.96,164.712,165.442,167.3135,165.8762694374078,166.04951799849178,166.52102160565244,-0.4715036071606562,-0.21676325897288867,46.31986718317658,57.856224406664225,38.8839890146382
20211126,13619280,162.14,162.65,158.82,161.93,164.488,164.874,166.892,164.56084629160523,165.41574599872382,166.18094593115967,-0.7651999324358485,-0.3264505936654807,36.61417322834646,48.332272642735376,42.033416890670594
20211129,12104370,163.31,164.78,159.817,161.23,164.55,164.31099999999998,166.459,163.4505641944035,164.7717850758432,165.8142091955182,-1.0424241196749904,-0.4696452988673826,32.63858093126386,39.785859100178875,41.28423096050668
20211130,18922620,159.155,160.63,158.29,158.83,163.446,163.538,165.9105,161.91037612960235,163.85766429494424,165.29686036622056,-1.4391960712763137,-0.6635554533491689,31.094212082805285,28.13825584257073,36.90223925452803
20211201,12258690,161.0,163.27,157.8,157.89,161.368,162.791,165.2815,160.57025075306825,162.93956209572204,164.74820404279683,-1.8086419470747899,-0.8925727520942931,30.10224948875255,19.0165691871433,30.94034923206645
20211202,12969930,159.83,163.25,158.8,161.21,160.21800000000002,162.465,164.81550000000001,160.7835005020455,162.6734756194571,164.4861148544415,-1.8126392349844025,-1.076586048672315,38.472622478386185,22.44289034011157,28.107862934748155
20211203,12681770,161.5,161.829,157.19,158.29,159.49,161.98899999999998,164.31550000000001,159.95233366803035,161.99909475492524,164.02714338374213,-2.02804862881689,-1.2668785647012302,35.68326094219847,17.955124172319262,24.72361668060519
20211206,11186490,161.01,162.61,159.46,160.16,159.276,161.913,163.921,160.02155577868692,161.71615710032137,163.74068831827975,-2.0245312179583834,-1.418409095352661,39.84126984126986,20.051715434607395,23.16631626527259
20211207,9851554,161.88,163.39,161.16,162.57,160.024,161.735,163.59650000000002,160.8710371857913,161.84751754642576,163.65397066507384,-1.8064531186480792,-1.4960179000117446,45.73524915927849,28.007266072051173,24.779966200865452
20211208,11705670,162.66,163.27,160.17,160.71,160.58800000000002,160.978,163.243,160.81735812386088,161.67251484697564,163.43589876395725,-1.76338391698161,-1.5494911034057177,44.418052256532086,34.130447912768446,27.896793438166448
20211209,11189640,159.65,160.93,158.65,160.46,160.438,160.32800000000003,162.88500000000002,160.6982387492406,161.48597410128707,163.21546181847896,-1.729487717191887,-1.5854904261629517,46.01661027376193,37.11463325936872,30.96940671190054
20211210,10405370,161.32,161.702,159.13,159.82,160.744,160.11700000000002,162.4955,160.40549249949373,161.22967039339676,162.96394612822127,-1.7342757348245073,-1.615247487895263,48.22695035460995,38.882873785815704,33.60722906987226
20211213,12068990,159.5,159.79,157.2846,157.92,160.296,159.786,162.0485,159.5769949996625,160.7204903328742,162.59032048909378,-1.8698301562195923,-1.666164021560129,39.097999321804025,29.84664704000612,32.353701726583544
20211214,12563560,157.45,160.89,157.3,159.13,159.608,159.816,161.677,159.4279966664417,160.47579951243202,162.33400045286461,-1.8582009404325959,-1.7045714053346226,32.90997385132614,30.327872220219138,31.678425224462075
20211215,14014170,159.85,159.85,157.35,157.94,159.054,159.821,161.306,158.9319977776278,160.0856765105194,162.0085189378376,-1.9228424273182156,-1.7482256097313413,33.070570570570595,24.250839544662227,29.202563331195456
20211216,19542760,160.39,161.825,158.7,160.41,159.044,159.74099999999999,161.103,159.4246651850852,160.13557243197795,161.89011012762742,-1.754537695649475,-1.7494880269149682,46.843853820598,33.23080942072926,30.54531202770672
20211217,28138030,159.315,159.38,155.18,156.76,158.432,159.588,160.7885,158.53644345672348,159.61625359628903,161.51010197002537,-1.893848373736347,-1.7783600962792439,41.73140954495008,28.56881407585762,29.886479377090353
20211220,15147980,154.51,154.7,151.84,153.94,157.636,158.96599999999998,160.4395,157.00429563781566,158.74298381224457,160.94935367594942,-2.2063698637048503,-1.8639620497643652,41.092896174863384,25.170110521262888,28.314356425147864
20211221,11291340,155.41,157.18,155.09,156.09,157.028,158.31799999999998,160.0265,156.69953042521047,158.33483245651462,160.58940155180503,-2.2545690952904067,-1.9420834588695737,46.85973482205168,30.968022270392936,29.19891170689622
20211222,7272989,155.75,157.055,155.24,156.7,156.78000000000003,157.91699999999997,159.4475,156.69968695014032,158.083319770897,160.3012977331528,-2.217977962255816,-1.9972623595468222,41.31021194605007,36.86968468501907,31.755836032937168
20211223,8055154,157.61,159.12,157.21,157.26,156.15,157.59699999999998,158.9625,156.88645796676022,157.956655190759,160.07601641958593,-2.119361228826932,-2.021682133402844,47.81687155574396,42.67359716774596,35.395089744540094
20211227,6189234,157.6,158.2,156.34,158.16,156.43,157.43099999999998,158.774,157.31097197784015,157.9879390075653,159.93408927739438,-1.9461502698290758,-2.0065757606880905,45.57913351016799,49.54737891637079,40.112519468483654
20211228,6342743,158.2,160.15,158.08,158.64,157.37,157.503,158.6445,157.7539813185601,158.08825608332447,159.8382308124022,-1.749974729077735,-1.9552555543660195,40.502658289028496,55.732303687528756,45.31911420816535
20211229,6398927,158.85,159.63,158.15,158.56,157.86399999999998,157.446,158.631,158.02265421237342,158.1608320705053,159.74354704852055,-1.5827149780152467,-1.8807474390958652,44.31517715494446,59.588519600732766,50.075582672354486
20211230,6948171,159.11,160.24,158.37,158.48,158.21999999999997,157.5,158.6605,158.17510280824897,158.20993482888912,159.64995097085236,-1.4400161419632411,-1.7926011796693406,44.71718249733186,66.07488608302812,55.408683809245694
20211231,5805902,158.45,159.29,157.96,158.35,158.438,157.294,158.51749999999998,158.23340187216598,158.23148331675233,159.5536583063448,-1.3221749895924688,-1.6985159416539664,45.968184311574326,69.88325738868535,60.23354166905891
20220103,13128120,159.86,162.64,159.51,161.7,159.146,157.788,158.688,159.388934581444,158.7651012680212,159.7126465799489,-0.947545311927712,-1.5483218157087155,59.60365853658538,75.77206121718096,65.4130481850996
20220104,20195800,164.31,168.58,164.23,167.83,160.98399999999998,159.177,159.0715,162.20262305429603,160.159701072941,160.31393201847123,-0.1542309455302302,-1.2695036416730185,67.68292682926833,81.97397784293824,70.9333580710458
20220105,17539410,167.82,168.3589,163.73,163.78,162.028,159.94599999999997,159.132,162.7284153695307,160.71667013864237,160.57067779488077,0.14599234376160553,-0.9864044445860937,60.63364894391843,74.91075647045554,72.2591575375157
20220106,14047500,166.91,167.37,163.87,165.52,163.436,160.828,159.3725,163.65894357968716,161.45564396346663,160.93729425451923,0.5183497089473974,-0.6854536138793954,59.55854844743735,74.94050431363702,73.15293979622281
20220107,13913350,165.665,167.53,165.06,167.16,165.198,161.818,159.70749999999998,164.82596238645812,162.33323719985637,161.39823542085114,0.9350017790052334,-0.36136253530246965,71.03559870550163,78.83667017017102,75.04751658753888
20220110,12922460,169.07,169.31,165.53,167.32,166.322,162.73399999999998,160.0825,165.65730825763876,163.10043147680153,161.83688464893623,1.263546827865298,-0.0363806626689161,80.32638259292837,80.04676689758828,76.71393335755533
20220111,11854120,168.26,168.5246,166.31,167.49,166.254,163.619,160.56099999999998,166.2682055050925,163.77574971113975,162.2556339342002,1.520115776939548,0.2749186252527767,78.38645418326693,81.35276383480924,78.26021018330664
20220112,12568010,168.46,169.59,167.18,168.44,167.186,164.607,161.0265,166.99213700339502,164.4933266786567,162.71373512425944,1.779591554397257,0.5758532110816728,78.74632713026445,84.27243584974669,80.26428540545332
20220113,13623420,168.34,169.81,167.89,168.23,167.728,165.58200000000002,161.541,167.40475800226335,165.0681994973249,163.12234733727726,1.9458521600476502,0.8498530008748683,77.3293472845042,84.40168862475018,81.6434198118856
20220114,40158360,160.76,161.03,156.895,157.89,165.87399999999997,165.536,161.415,164.2331720015089,163.96386111312108,162.7347660530345,1.2290950600865926,0.9257014127172132,49.54252795662486,58.83586571628067,74.0409017800173
20220118,32348430,155.78,155.78,150.54,151.27,162.66400000000002,164.493,161.1405,159.9121146676726,162.01095940341014,161.88552412318006,0.12543528023007866,0.7656481862197863,39.663394109396954,40.486667785944626,62.856157115326404
20220119,22380030,151.57,152.23,148.55,148.93,158.952,162.603,160.89000000000001,156.25140977844842,159.9985041105778,160.92585566961117,-0.9273515590333545,0.4270482371691581,37.298865734634674,27.58690991311328,51.099741381255356
20220120,14860840,148.99,150.61,147.36,147.66,154.796,160.991,160.4685,153.38760651896564,158.10027270895046,159.9431996940844,-1.8429269851339427,-0.026946807291462094,36.16368286445014,18.836707573849807,40.34539677878684
20220121,20705400,147.5,147.51,144.27,145.08,150.166,158.947,159.8875,150.6184043459771,156.09715383065037,158.84222193896704,-2.745068108316673,-0.5705710674965042,34.03128760529485,13.614970280243387,31.43525461260569
20220124,28503120,142.28,145.48,139.57,144.95,147.57800000000003,156.726,159.272,148.7289362306514,154.3822070874734,157.8131684620065,-3.430961374533098,-1.142649128903823,28.150273936864096,15.006981950497348,25.95916372523624
20220125,18915870,143.65,146.85,140.79,146.53,146.63,154.647,158.6905,147.99595748710095,153.17417522786212,156.9773782055616,-3.8032029776994705,-1.6747598986629526,18.472468916518665,17.676612305622577,23.198313252031685
20220126,20709100,148.72,150.57,145.96,147.92,146.428,152.69,158.1545,147.97063832473395,152.36584057742178,156.30646130144592,-3.940620724024143,-2.127932063735191,24.5179948586118,20.98855282455966,22.461726442874344
20220127,17544520,149.42,150.38,144.13,145.31,145.95800000000003,150.377,157.492,147.08375888315598,151.2803266424338,155.49190861244992,-4.211581970016113,-2.5446620449913753,18.412003751172207,22.908180913794677,22.61054459984779
20220128,14116970,144.19,146.76,142.17,146.61,146.264,148.21499999999997,156.89849999999998,146.92583925543732,150.56181485129014,154.83398945597216,-4.2721746046820215,-2.8901645569295047,17.535545023696713,29.74878110683169,24.98995676884242
20220131,13985750,145.64,148.79,144.67,148.6,146.994,147.286,156.411,147.4838928369582,150.25999718186088,154.37221245923348,-4.112215277372599,-3.1345747010181237,22.04301075268816,43.60819214389096,31.19603522719193
20220201,14584940,148.69,151.47,148.3,151.15,147.918,147.274,155.8835,148.70592855797216,150.39692069234383,154.13353005484583,-3.7366093625020085,-3.254981633314901,27.216954824316772,61.509102885843284,41.30039111340905
20220202,12441140,150.5,150.94,148.07,149.94,148.322,147.375,154.989,149.11728570531477,150.326625201214,153.8228981989313,-3.4962729977173126,-3.3032399061953837,24.39091915836103,70.05368763818123,50.88482328833311
20220203,12474880,150.0,151.65,148.285,148.7,149.0,147.47899999999998,154.23499999999999,148.97819047020985,150.07637517025802,153.44342425826974,-3.3670490880117256,-3.3160017425586523,23.71467025572005,71.89561515834595,57.88842057833739
20220204,16654410,149.1,153.5,148.7673,152.56,150.19,148.227,153.587,150.17212698013992,150.45847129791062,153.37798542432384,-2.919514126413219,-3.2367042193295656,41.31072709488102,78.7984929799411,64.85844471220528
20220207,12572280,153.27,153.62,150.85,153.07,151.084,149.039,152.8825,151.13808465342663,150.8602449443859,153.35517168918875,-2.4949267448028536,-3.0883487244242236,53.66449511400648,84.26449750336681,71.32712897592579
20220208,20411390,155.0,158.48,154.8,155.95,152.04399999999998,149.981,152.314,152.74205643561777,151.64328418371116,153.5473811936933,-1.904097009982138,-2.8514983815358064,63.984063745019874,84.3390130504767,75.66442366744275
20220209,9131135,156.59,157.4305,155.82,156.6,153.376,150.849,151.76950000000002,154.02803762374518,152.4058558477556,153.77350110527158,-1.3676452575159885,-2.5547277567318427,68.2598039215686,85.71711844893828,79.01532192794124
20220210,16455640,156.66,159.03,155.22,155.95,154.82599999999996,151.91299999999998,151.145,154.66869174916346,152.95110879425474,153.93472324562185,-0.9836144513671172,-2.2405050956588974,74.1019955654101,83.32858964376754,80.45307783321667
20220211,16830010,155.61,158.19,152.97,153.92,155.098,152.644,150.42950000000002,154.41912783277564,153.10016897975402,153.93363263483505,-0.833463655081033,-1.9590968075433248,68.34355828220858,73.3443638987647,78.08350652173267
20220214,17026490,152.73,153.68,150.3178,152.49,154.982,153.033,150.1595,153.77608522185045,153.00629682902263,153.82669688410652,-0.8204000550838941,-1.7313574570514387,62.26337448559673,62.33906498360472,72.83535934235668
20220215,9500867,154.51,155.94,153.85,154.72,154.73600000000002,153.39000000000001,150.33200000000002,154.09072348123365,153.26994347071147,153.8928674852838,-0.6229240145723338,-1.5096707685556179,63.52426412092286,61.5221500387053,69.06428957447288
20220216,9076526,153.74,156.1,153.74,155.0,154.416,153.89600000000002,150.6355,154.3938156541558,153.53610601367893,153.9748773011887,-0.43877128750978045,-1.2954908723464504,71.24068391056554,61.25862714504764,66.4624020979978
20220217,11367460,153.0,153.73,150.665,151.43,153.512,154.169,150.824,153.40587710277055,153.21208970388216,153.78636787147104,-0.5742781675888864,-1.1512483313949378,59.60925039872408,45.09442019337513,59.339741463123566
20220218,11733320,152.13,154.14,151.13,152.14,153.156,154.127,151.177,152.9839180685137,153.0471528263618,153.66441469580653,-0.6172618694447181,-1.044451039004894,57.43697478991596,37.034779398140685,51.90475410812927
20220222,11333480,150.6,153.24,150.41,151.87,153.03199999999998,154.007,151.523,152.6126120456758,152.8660523915369,153.53149508870973,-0.6654426971728356,-0.9686493706384823,51.67286245353159,30.628651398612003,44.81271987162351
20220223,11799030,153.12,153.3,147.97,148.69,151.82600000000002,153.281,151.631,151.30507469711722,152.2235827928389,153.17286582287937,-0.9492830300404762,-0.9647761025188812,47.339293316304804,22.589082849225356,37.40484086415746
20220224,25655100,142.94,144.99,139.78,144.55,149.73600000000002,152.07600000000002,151.4625,149.0533831314115,151.0430315939406,152.5341350211846,-1.491103427243985,-1.0700415674639019,42.13717317165595,23.695999103901478,32.83522694407213
20220225,18367680,145.25,150.1269,144.91,147.97,149.044,151.278,151.5955,148.692255420941,150.57025750256514,152.1960509455413,-1.6257934429761463,-1.1811919425663508,41.15606936416181,32.52527391240491,32.731909266849726
20220228,31315340,143.55,145.06,140.88,141.8,146.976,150.066,151.355,146.394836947294,149.22098711755513,151.4259730977234,-2.2049859801682885,-1.3859507500867383,32.17336285985445,25.80933293506735,30.424383822922266
20220301,36840450,140.04,140.48,133.58,136.45,143.892,148.462,150.7475,143.079891298196,147.2562198687005,150.3166417571513,-3.0604218884508043,-1.7208449777595516,21.390845070422472,21.454297741199397,27.43435512901464
20220302,19405580,137.29,140.04,136.6076,139.28,142.01,146.91799999999998,150.154,141.813260865464,146.02910911966964,149.49911273810307,-3.4700036184334238,-2.070676705894326,26.116933259790372,23.54411029698636,26.13760685167188
20220303,16640800,139.84,140.98,137.06,138.29,140.75799999999998,145.247,149.5715,140.638840576976,144.83847694741277,148.6688080908362,-3.8303311434234217,-2.422607593400145,25.874316939890676,23.332260301752232,25.202491335031997
20220304,21020680,134.94,135.42,132.4,134.4,138.044,143.54399999999998,148.8565,138.55922705131735,143.2325574170416,147.61185934336683,-4.37930192632524,-2.8139464599851642,24.622984919396742,18.744632864645027,23.049871844903006
20220307,27560050,132.17,132.69,128.9513,129.21,135.526,141.251,147.68900000000002,135.44281803421157,141.0752408913429,146.2487586512656,-5.173517759922703,-3.285860719972672,22.430127901468452,12.85058181700002,19.650108502268676
20220308,19207820,129.64,131.79,127.27,128.3,133.89600000000002,138.89399999999998,146.45049999999998,133.06187868947438,139.10981921575168,144.9192209733941,-5.809401757642405,-3.790568927506619,17.701711491442524,10.069153837805024,16.456456947447457
20220309,17536200,132.9,135.24,132.44,133.44,132.728,137.369,145.325,133.18791912631627,138.23753933640526,144.06890830869824,-5.831368972292978,-4.1987289364638904,26.442307692307665,15.710781495750389,16.207898463548432
20220310,15604250,131.86,133.45,130.325,131.86,131.442,136.1,144.088,132.7452794175442,137.25637943849677,143.16454473027613,-5.908165291779369,-4.540616207526987,27.64450536897415,19.074191598628452,17.163329508575103
20220311,20061790,132.485,134.08,128.4249,128.89,130.33999999999997,134.192,142.73499999999999,131.4601862783628,135.96924414026648,142.10717104655197,-6.137926906285486,-4.860078347278687,24.744731696719512,16.654858585810633,16.993839200986947
20220314,15786900,129.46,132.92,129.23,130.17,130.532,133.029,141.54749999999999,131.0301241855752,135.07705273407163,141.22293615421478,-6.14588342014315,-5.1172393618515795,26.934523809523782,18.154053547846505,17.3805773166068
20220315,15096600,131.8,133.55,131.13,132.48,131.368,132.632,140.547,131.5134161237168,134.67750615959906,140.57531125390258,-5.897805094303521,-5.273352508341969,32.445310807883885,24.76985529496598,19.843669976059857
20220316,20354900,134.87,138.49,134.43,138.4,132.35999999999999,132.54399999999998,139.731,133.8089440824779,135.25019751966076,140.41417708694684,-5.163979567286077,-5.251477920130791,43.58706986444213,49.57919051749959,29.755510156539767
20220317,17050450,136.86,140.19,135.9205,140.15,134.018,132.73,138.9885,135.92262938831863,136.0040132858668,140.39460841383965,-4.390595127972858,-5.079301361699204,41.55142610198791,66.2829278372598,41.93131605011311
20220318,23656520,140.19,140.85,138.46,140.1,136.26,133.3,138.422,137.3150862588791,136.63416508804113,140.37278556837003,-3.7386204803289047,-4.8111651854251445,47.88346613545814,75.68100932891448,53.18121380971357
20220321,12676050,140.35,140.76,138.7301,139.65,138.156,134.344,137.7975,138.09339083925272,137.09813968988095,140.3192458966389,-3.221106206757952,-4.493153389691706,54.53771979580263,80.568049567016,62.310159062147704
20220322,13548590,142.27,143.93,141.7202,142.62,140.18400000000003,135.776,137.33499999999998,139.60226055950181,137.94765666066849,140.4896721265175,-2.542015465849005,-4.102925804923166,54.71751412429379,84.22908872313151,69.6164689491423
20220323,12093220,140.98,141.585,139.1999,139.78,140.45999999999998,136.41,136.8895,139.66150703966787,138.22955563595025,140.43710382084953,-2.207548184899281,-3.7238502809183895,52.000000000000014,80.56426352451885,73.26573380760115
20220324,10017630,140.3,140.71,139.11,140.69,140.56799999999998,137.29299999999998,136.6965,140.00433802644525,138.60808553811174,140.45583687115698,-1.8477513330452382,-3.3486304913437595,59.17712284797197,79.69590357416902,75.40912372979044
20220325,8386416,141.09,143.18,140.8,141.92,140.93200000000002,138.596,136.394,140.64289201763017,139.1176108399407,140.56429339921942,-1.4466825592787131,-2.9682409049307505,70.96667766413722,81.22956071611263,77.34926939189783
20220328,10818080,140.0,140.97,137.895,140.87,141.176,139.666,136.3475,140.71859467842012,139.3872091722575,140.58693833261057,-1.1997291603530584,-2.614538556015212,70.64039408866995,76.74953170547859,77.14935682975808
20220329,11316500,143.35,143.595,140.24,141.18,140.88799999999998,140.536,136.584,140.8723964522801,139.66302314575637,140.63086882649128,-0.9678456807349107,-2.285199980959152,65.10538641686185,73.05494510227695,75.78455292059769
20220330,8771027,141.9,142.12,139.91,140.54,141.04000000000002,140.75,136.647,140.7615976348534,139.79794266179385,140.62413780230673,-0.8261951405128798,-1.9933990128698977,67.5850891410048,63.31252070612985,71.62720884910841
20220331,17353940,139.83,140.345,136.26,136.32,140.166,140.36700000000002,136.54850000000002,139.28106508990226,139.26287455997942,140.30531277991363,-1.042438219934212,-1.8032068542827606,64.3270343231778,42.46910333037949,61.907840342865434
20220401,15721300,137.4,137.41,133.8,135.31,138.844,139.888,136.594,137.95737672660152,138.6547400122903,139.93528961103115,-1.280549598740862,-1.698675403174381,60.01558846453627,33.28147527059847,52.36571865210978
20220404,17422940,134.12,136.94,132.89,135.91,137.852,139.51399999999998,136.929,137.27491781773435,138.2324723180918,139.63712001021403,-1.4046476921222393,-1.6398698609639528,57.16075156576201,31.591355613997006,45.440930972738855
20220405,12110270,134.07,135.4,133.01,133.34,136.28400000000002,138.586,137.181,135.96327854515624,137.4797842691546,139.1706666761241,-1.6908824069695072,-1.6500723701650637,37.71844660194172,22.46211812846575,37.78132669131448
20220406,12914730,131.58,132.56,130.96,131.49,134.47400000000002,137.757,137.08350000000002,134.47218569677085,136.55827899697698,138.60172840381864,-2.0434494068416598,-1.728747777500383,29.08212560386471,16.37297784214034,30.645210408256435
20220407,12994230,130.95,131.92,128.73,131.09,133.428,136.797,137.04500000000002,133.34479046451392,135.71700530513436,138.04530407760984,-2.3282987724754776,-1.848657976495402,28.598574821852708,16.207391663792656,25.83260416010184
20220408,13126940,131.67,133.9,131.49,133.49,133.064,135.954,137.275,133.39319364300928,135.37438910434446,137.70787414593505,-2.333485041590592,-1.9456233895144401,36.60869565217391,21.478770134870665,24.381326151691447
20220411,10466430,133.0,134.9,132.57,133.0,132.482,135.167,137.41649999999998,133.26212909533953,135.00909847290686,137.35914272771765,-2.350044254810797,-2.0265075625737117,26.559454191033097,24.949003341096265,24.57055188149305
20220412,12989860,132.14,134.58,130.7,131.54,132.12199999999999,134.203,137.3695,132.6880860635597,134.47539101553656,136.9280951182571,-2.4527041027205314,-2.1117468706030755,28.47439916405429,24.696953583402674,24.61268578212959
20220413,30838030,126.94,129.25,126.01,127.3,131.284,132.879,136.8145,130.89205737570646,133.371484705454,136.2149028872751,-2.843418181821079,-2.2580811328466766,20.204717400979064,20.23656554682983,23.153979037029668
20220414,18835190,126.5,128.3,125.02,126.12,130.29000000000002,131.85899999999998,136.113,129.30137158380433,132.25587167384572,135.46713230303249,-3.211260629186768,-2.4487170321146947,14.763603925066917,16.567106337707607,20.95835480392231
20220418,11834440,125.67,129.24,125.54,128.46,129.28400000000002,131.174,135.531,129.0209143892029,131.671891416331,134.94808546577082,-3.276194049439823,-2.6142124355797205,23.82960776043865,22.091622593796107,21.336110733880243
20220419,15015450,128.45,131.32,128.23,131.12,128.908,130.695,135.10449999999997,129.72060959280194,131.58698504458775,134.66452357941742,-3.077538534829671,-2.706877655429711,30.69838833461243,35.30804529195044,25.993422253236975
20220420,13430190,132.52,133.51,131.34,131.58,128.916,130.519,134.5525,130.34040639520128,131.5859104223435,134.4360403513124,-2.8501299289689257,-2.7355281101375537,32.689335394126786,45.67095057250141,32.552598359658454
20220421,12174180,132.22,132.81,129.96,130.56,129.568,130.426,134.09150000000002,130.41360426346753,131.42807804967526,134.1489262512152,-2.7208482015399227,-2.7325921284180277,37.30158730158732,49.138258546309984,38.081151755208964
20220422,14318840,130.28,130.52,126.6879,126.81,129.706,129.998,133.3975,129.2124028423117,130.71760450357138,133.60530208445851,-2.887697580887135,-2.763613218911849,33.28088119590875,38.79797533316753,38.320092947861816
20220425,17149030,126.01,127.115,123.11,126.77,129.368,129.326,132.64000000000001,128.39826856154113,130.11028073379117,133.09898341153567,-2.9887026777444987,-2.808631110678379,31.617055510860837,36.50175978328574,37.71398189300312
20220426,17209540,124.64,126.41,122.87,123.02,127.748,128.328,131.7475,126.60551237436076,129.0194683132079,132.3523920477182,-3.3329237345103024,-2.9134896354447637,30.184331797235032,24.804431334220542,33.41079837340893
20220427,17215250,122.33,123.56,121.22,121.42,125.71600000000001,127.316,130.7595,124.87700824957385,127.85031934194515,131.5425852293687,-3.6922658874235594,-3.069244885840523,30.476929042264445,17.078733989561734,27.96677691212653
20220428,13019940,122.81,123.65,121.14,123.34,124.272,126.92,129.8995,124.36467216638258,127.15642405856897,130.93498632348954,-3.7785622649205663,-3.2111083616565317,35.81105822043209,17.314143866929605,24.41589923039422
20220429,14874810,123.05,123.61,118.9,119.36,122.78200000000001,126.244,129.0515,122.69644811092172,125.95697420340451,130.07757992915697,-4.120605725752455,-3.3930078344757164,25.545171339563865,12.592272046353695,20.474690169047378
20220502,18544960,119.88,120.71,118.22,120.45,121.518,125.44300000000001,128.3085,121.94763207394783,125.10974740288074,129.36442586033053,-4.254678457449785,-3.56534195907053,28.721600542556814,13.256413324122443,18.06859788740573
20220503,15720940,121.53,124.17,120.78,123.03,121.52000000000001,124.63400000000001,127.6645,122.3084213826319,124.78978626397601,128.89520912993567,-4.105422865959653,-3.673358140448355,36.09931394968967,19.826870934381837,18.654688903064432
20220504,17128540,122.8,127.4,122.74,127.1,122.65599999999999,124.18599999999999,127.35249999999999,123.90561425508794,125.14520376182585,128.76223067586636,-3.6170269140405082,-3.662091895166786,49.67148488830486,37.28295460666102,24.864110804263294
20220505,15055400,125.25,126.1,122.16,123.92,122.772,123.522,126.974,123.91040950339197,124.95671087539111,128.40354692209849,-3.446836046707375,-3.6190407254749037,46.60912453760789,45.55247082709863,31.76023081187507
20220506,14417940,123.8,124.29,121.18,123.72,123.644,123.21300000000001,126.6055,123.84693966892799,124.76644766379248,128.05661752046157,-3.2901698566690953,-3.5532665517137425,42.17821782178217,50.33926522823276,37.9532422839943
20220509,14312300,122.11,123.33,120.5,121.86,123.926,122.72200000000001,126.024,123.184626445952,124.31930186936286,127.5976088152422,-3.2783069458793364,-3.4982746305468617,34.30508474576271,46.776648859489946,40.89437780915951
20220510,16382440,123.11,123.78,117.56,118.89,123.098,122.30900000000001,125.31850000000001,121.75308429730134,123.48402465869165,126.95260075485389,-3.468576096162238,-3.4923349236699375,30.178069353327075,35.68985262719383,39.159536081837615
20220511,14630300,119.3,122.89,117.94,118.14,121.306,121.981,124.64850000000001,120.54872286486757,122.66186701889293,126.2998155137536,-3.637948494860666,-3.521457637908083,30.434782608695656,25.758004732492356,34.69235896538919
20220512,16318800,117.0,118.32,115.37,118.04,120.13,121.451,124.1855,119.71248190991172,121.95081055444788,125.68797732754963,-3.737166773101748,-3.564599464946816,34.38946244215023,24.570174393565146,31.31829744144784
20220513,10443200,119.41,120.25,117.96,119.09,119.204,121.424,123.83400000000002,119.50498793994115,121.5106858537636,125.19923826624967,-3.688552412486061,-3.589390054454665,36.80412371134021,26.6876806846544,29.77475852251669
20220516,10269030,118.54,119.46,117.23,118.26,118.48400000000001,121.205,123.324,119.08999195996077,121.01058033779996,124.68522061689784,-3.674640279097872,-3.6064400993833066,40.909090909090914,25.79954550492615,28.449687516653178
20220517,11160150,121.04,122.97,120.81,122.18,119.14200000000001,121.12,122.87700000000002,120.11999463997387,121.19049105506151,124.49964871934985,-3.3091576642883354,-3.5469836123643126,51.333333333333336,38.35533540030184,31.751570144536064
20220518,12664910,121.3,121.97,119.53,120.09,119.532,120.41900000000001,122.30249999999998,120.10999642664926,121.0211847388982,124.17300807347209,-3.1518233345738906,-3.4679515568062285,44.332054412277635,43.20848966896055,35.570543319344225
20220519,12765770,118.19,119.65,117.63,118.31,119.58600000000001,119.85799999999999,121.68999999999998,119.50999761776619,120.60407939445233,123.73871117914082,-3.1346317846884943,-3.401287602382682,48.01662259161315,40.45845407181595,37.19984690350147
20220520,13150100,119.46,119.67,115.02,117.34,119.23600000000002,119.22,121.2165,118.7866650785108,120.10191333376736,123.26473257327854,-3.1628192395111796,-3.3535939298083814,44.09867172675522,35.80030880282405,36.73333420327566
20220523,24376730,120.46,126.57,120.45,124.6,120.50399999999999,119.494,121.10799999999999,120.72444338567387,120.79392666703392,123.3636412715542,-2.5697146045202857,-3.1968180647507625,52.52980986142441,51.514780183123676,41.660482863225
20220524,19324920,124.36,127.49,123.11,126.36,121.34,120.24099999999999,121.275,122.6029622571159,121.65024564133638,123.5855937699576,-1.9353481286212144,-2.944524077524853,48.71169916434542,64.65593739019259,49.325634372214196
20220525,12780390,126.28,127.86,125.17,127.24,122.77000000000001,121.151,121.56599999999999,124.14864150474394,122.51020785036155,123.85629052773852,-1.3460826773769696,-2.6248357974952765,56.28311884935653,74.82773811474935,57.82633561972591
20220526,15990940,128.37,130.1939,128.21,129.44,124.99600000000001,122.29100000000001,121.87100000000001,125.9124276698293,123.5763297195367,124.26989863679493,-0.6935689172582329,-2.2385824214478682,60.06333567909923,81.56235884773172,65.73834336239452
20220527,11177760,130.16,131.27,129.14,131.27,127.782,123.50899999999999,122.4665,127.69828511321955,124.75997130114644,124.78842466369902,-0.028453362552582462,-1.7965566096688113,66.57273687918283,87.70823923182114,73.06164198553672
20220531,17015040,130.18,133.15,129.71,132.23,129.308,124.90599999999999,123.05549999999998,129.20885674214637,125.90920648558544,125.33965246638797,0.5695540191974686,-1.3233344838955552,75.28430629264594,90.11400541544094,78.74576312883812
20220601,10768020,132.87,132.87,128.67,129.91,130.01799999999997,125.679,123.39950000000002,129.44257116143092,126.52471318011075,125.67819672813701,0.8465164519737414,-0.8893642967216959,71.05545617173524,87.45235955807847,81.6479619385849
20220602,8374794,129.9,132.01,128.67,132.0,130.96999999999997,126.87,123.64450000000002,130.29504744095397,127.36706499855525,126.14647845197871,1.2205865465765413,-0.4673741280620485,73.31329325317301,89.52054711483589,84.27215699733523
20220603,8596022,131.21,131.77,129.99,130.16,131.11399999999998,128.055,123.9565,130.25003162730266,127.79674730646983,126.44377634442473,1.3529709620450916,-0.10330511004062048,68.01171493654408,85.16592904768585,84.57008101411877
20220606,11323460,131.09,132.39,129.46,129.73,130.80599999999998,129.29399999999998,124.25699999999999,130.0766877515351,128.09417079778217,126.68720031891178,1.4069704788703916,0.1987500077415819,68.9086712825585,78.75603769181708,82.63206657335154
20220607,6722167,128.83,130.32,128.6159,130.07,130.374,129.84099999999998,124.66749999999999,130.0744585010234,128.3981445212003,126.93777807306647,1.4603664481338257,0.4510732958200307,64.74766355140184,72.97186138518794,79.411998177297
20220608,8422110,129.0,129.45,126.9,128.0,129.99200000000002,130.005,125.12299999999998,129.38297233401562,128.3368915179387,127.01646117876525,1.3204303391734555,0.6249447044907157,64.79610924055369,54.514574256791924,71.11285687046197
20220609,13565480,127.37,128.1,125.27,125.31,128.654,129.812,125.48150000000001,128.02531488934375,127.8712158997943,126.89005664700485,0.981159252789439,0.6961876141504604,62.66280752532562,36.51225424226063,59.579322661061525
20220610,12951760,122.59,123.4,119.32,119.55,126.532,128.823,125.55699999999999,125.20020992622916,126.59102883828749,126.34634874722671,0.24468009106077204,0.6058861095325228,53.4073388837496,24.895853274064336,48.018166198729126
20220613,16805560,116.86,117.95,115.06,115.99,123.78400000000002,127.295,125.402,122.13013995081944,124.9601013247048,125.5792118029877,-0.6191104782829058,0.36088679196943707,35.01566306996172,18.337830687294982,38.12472102825108
20220614,13357910,115.55,117.32,113.22,114.06,120.582,125.478,125.19200000000001,119.4400933005463,123.28316265936559,124.72593685461824,-1.4427741952526532,0.00015459452501903614,28.71972318339101,13.685836003319249,29.978426019940468
20220615,14083550,115.62,116.95,113.1683,115.41,118.064,124.02799999999999,124.85349999999998,118.09672886703088,122.07190686561704,124.03586745797985,-1.9639605923628096,-0.3926684428525467,29.86040177051413,13.011337322054462,24.322729787311797
20220616,16724860,113.86,114.2593,111.87,113.43,115.68800000000002,122.17099999999998,124.5205,116.5411525780206,120.74238273244518,123.25024764627764,-2.5078649138324636,-0.8157077370485302,22.538593481989707,11.208337941798497,19.951265838807362
20220617,30919870,113.54,114.63,112.16,113.03,114.38400000000001,120.458,124.2565,115.37076838534708,119.555862312069,122.4931922650719,-2.9373299530029016,-1.2400321802394045,17.09956709956704,9.567979585408569,16.490170421007765
20220621,11680490,115.865,117.03,115.04,115.83,114.352,119.06800000000001,124.181,115.52384559023139,118.98265272559684,121.99962246765917,-3.0169697420623294,-1.5954196926039896,22.259810554803792,13.887185480147231,15.622508774054252
20220622,9848572,114.88,116.1999,114.39,115.18,114.576,117.57900000000002,123.71000000000001,115.4092303934876,118.39762922935117,121.49446524783257,-3.0968360184813974,-1.8957029577794713,23.592685550376487,16.05623414839966,15.767083898836052
20220623,11851540,115.01,115.18,111.48,113.92,114.27800000000002,116.171,123.088,114.91282026232507,117.70876319406638,120.93339374799312,-3.224630553926744,-2.161488477008926,16.592756836659262,17.527422318172473,16.353863371948194
20220624,14841090,113.23,117.82,112.83,117.32,115.056,115.37199999999999,122.59200000000001,115.71521350821672,117.64895347190233,120.6657349518455,-3.0167814799431625,-2.3325470775957733,27.568134171907744,41.77253193184703,24.82675289191447
20220627,11280490,118.06,118.5,115.6417,116.38,115.726,115.05499999999999,121.93900000000001,115.93680900547781,117.45372986084043,120.34827310356064,-2.894543242720218,-2.4449463106206624,27.085478887744586,51.115211221421255,33.589572335083396
20220628,11615520,117.67,119.29,115.6,115.82,115.724,115.03799999999998,121.1665,115.89787267031855,117.20238680532651,120.01284546625986,-2.8104586609333495,-2.5180487806832,25.724020442930126,52.60006825772935,39.92640430929871
20220629,9338432,116.0,116.82,114.73,115.3,115.748,115.16199999999999,120.32000000000001,115.69858178021238,116.90971191219936,119.66374580209246,-2.7540338898931083,-2.565245802525182,27.158273381294933,51.37059608133724,43.74113489997822
20220630,15172610,113.17,114.075,110.93,112.61,115.48599999999999,114.88199999999999,119.455,114.66905452014159,116.248217771861,119.14124611304858,-2.8930283411875877,-2.630802310257663,27.158273381294933,40.94562864752623,42.809299482494225
20220701,10573580,112.65,114.415,111.16,114.05,114.832,114.944,118.55749999999998,114.46270301342773,115.91003042234391,118.76411677134128,-2.8540863489973702,-2.675459118005605,38.287904599659264,39.737277152577256,41.78529203918857
20220705,12515590,110.77,112.71,109.3,112.62,114.08,114.90299999999999,117.68050000000001,113.8484686756185,115.40387189582945,118.30899701050119,-2.9051251146717334,-2.7213923173388306,42.10772833723654,37.56926251279593,40.37994886372435
20220706,10656200,111.73,112.99,110.785,111.89,113.29400000000001,114.50899999999999,116.7885,113.19564578374568,114.863276219548,117.83351575046407,-2.970239530916075,-2.7711617600542793,44.6153846153846,33.6881503171726,38.149349348207096
20220707,10347390,113.5,114.9,113.4,114.72,113.178,114.463,116.021,113.70376385583046,114.84123372423292,117.6028849541334,-2.7616512299004796,-2.7692596540235193,48.40499306518724,40.54351829619981,38.947405664204666
20220708,8807840,115.16,115.65,113.61,114.36,113.52799999999999,114.50699999999999,115.33900000000001,113.92250923722031,114.76719776665863,117.36267125382723,-2.5954734871686043,-2.7345024206525363,52.323838080959504,43.91256241435008,40.60245791425314
20220711,7944573,113.55,114.23,112.215,112.86,113.29,114.061,114.7165,113.5683394914802,114.47378272563421,117.02914004984002,-2.555357324205815,-2.6986734013631923,49.59734722880151,41.15358682144526,40.786167549983844
20220712,11250920,112.58,115.18,112.26,112.97,113.35999999999999,113.72,114.3875,113.36889299432015,114.2424315370751,116.72846300911114,-2.486031472036032,-2.6561450154977604,42.23669923995656,43.70345504408409,41.758596714683925
20220713,12979880,111.75,112.4769,110.38,111.91,113.364,113.329,114.18349999999998,112.88259532954677,113.88359591598663,116.37153982325106,-2.487943907264423,-2.622504793851093,41.31704726500262,42.83642409763084,42.11787250899956
20220714,26204850,107.99,108.23,106.06,108.0,112.02000000000001,112.599,113.88049999999998,111.25506355303119,112.97842731352715,115.75142576226949,-2.7729984487423422,-2.652603524829343,36.21973929236498,35.30075127537571,39.84549876445828
20220715,18863890,109.16,113.88,107.67,112.95,111.73799999999999,112.633,113.75750000000001,111.82004236868747,112.97405388067682,115.54391274284211,-2.5698588621652902,-2.636054592296533,40.512375162831106,47.48239170878366,42.39112974590007
20220718,13977900,114.77,115.8401,111.29,111.79,111.524,112.407,113.67550000000001,111.81002824579166,112.79189174518808,115.26584513226122,-2.473953387073138,-2.603634351251854,40.129032258064534,51.184380469938965,45.3222133205797
20220719,11862270,113.13,114.935,112.67,114.56,111.84200000000001,112.601,113.752,112.72668549719445,113.06390839977453,115.21356030764927,-2.149651907874741,-2.5128378625764314,47.52553024351926,63.09331257240381,51.24591307118773
20220720,11667540,114.1,114.7389,113.48,114.54,112.36800000000001,112.86600000000001,113.6875,113.33112366479631,113.29099941519384,115.1636669515271,-1.8726675363332674,-2.3848037973277987,48.47756410256412,70.96443501186876,57.8187537180814
20220721,11595860,114.44,115.53,113.37,115.32,113.83200000000002,112.926,113.69449999999999,113.99408244319754,113.60315335131787,115.17524717733991,-1.5720938260220407,-2.2222618030666474,55.87852494577005,78.87030949646575,64.83593897754284
20220722,7645542,115.24,116.25,113.67,114.76,114.194,112.96600000000001,113.7365,114.24938829546504,113.78112975880744,115.14448812716658,-1.363358368359144,-2.050481116125147,51.60126296797477,81.0394801288182,70.2371193613013
20220725,9394033,115.84,116.46,114.77,115.22,114.88000000000002,113.202,113.6315,114.57292553031003,114.0024944112986,115.15008159922832,-1.147587187929716,-1.8699023304860607,56.13207547169811,83.38529444485317,74.61984438915192
20220726,10675120,114.58,115.58,113.03,113.42,114.652,113.247,113.4835,114.18861702020669,113.91287988648342,115.02192740669288,-1.109047520209458,-1.7177313684307403,53.43511450381681,79.17993988631238,76.13987622153874
20220727,9274454,114.01,115.74,113.3,115.24,114.792,113.58,113.45450000000001,114.53907801347113,114.11705221163982,115.03808093212304,-0.9210287204832213,-1.5583908388412366,51.222953904045156,81.4934904513224,77.92441429813329
20220728,10384770,115.25,115.98,113.53,114.81,114.69000000000001,114.261,113.42999999999999,114.6293853423141,114.22365956369524,115.02118604826207,-0.7975264845668306,-1.4062179679863556,51.05485232067512,77.02402909520787,77.62428589715815
20220729,12944540,115.59,116.5,114.785,115.36,114.81000000000002,114.502,113.5675,114.87292356154273,114.39848116928059,115.04628337802043,-0.6478022087398472,-1.254534816137054,56.133464180569206,74.76101504519514,76.66986227983713
20220801,14740410,114.5,115.105,113.07,114.21,114.60799999999999,114.744,113.5755,114.65194904102849,114.36948406631434,114.98433646113003,-0.614852394815685,-1.1265983318727801,52.89449112978524,61.175931259716954,71.50521860646373
20220802,14942850,113.92,114.395,112.27,112.43,114.41,114.53099999999999,113.56599999999999,113.91129936068566,114.07110190226598,114.79512635289817,-0.7240244506321858,-1.0460835556246613,51.174345076784135,42.04478947653322,61.68507556315356
20220803,14394500,113.45,114.0976,111.71,113.61,114.08399999999999,114.43800000000002,113.652,113.8108662404571,114.00016314807121,114.70733921564646,-0.7071760675752472,-0.9783020580147785,64.45131375579604,41.251849908503026,54.87400034493672
20220804,18033850,112.85,113.32,111.0214,112.36,113.59400000000001,114.14199999999998,113.53400000000002,113.32724416030474,113.74783035606026,114.53346223670968,-0.7856318806494187,-0.9397680225417067,48.12221514958623,35.64564972909437,48.46455013965593
20220805,14174640,112.53,116.1899,112.05,115.76,113.674,114.24199999999999,113.604,114.1381627735365,114.05739491666637,114.6243168858423,-0.5669219691759366,-0.8651988118685527,61.05849582172706,52.594733034694585,49.84127777133548
20220808,10339580,116.25,116.7,114.18,114.35,113.702,114.155,113.67849999999999,114.20877518235767,114.10241108333307,114.60399711652066,-0.5015860331875928,-0.7924762561323607,49.36708860759491,54.602008829736945,51.42818812413596
20220809,10233750,114.75,115.99,114.37,115.38,114.292,114.351,113.799,114.59918345490512,114.29896322435874,114.6614788115932,-0.362515587234455,-0.7064841223527796,52.38636363636362,61.986283865805405,54.9475533713591
20220810,12847260,117.96,119.37,117.5,118.39,115.248,114.66600000000001,114.123,115.86278896993676,114.92835349753432,114.93766556629001,-0.009312068755690461,-0.5670497116333617,57.740796772566846,70.74469088486396,60.21326587586071
20220811,11684860,119.9,121.2,119.31,120.14,116.804,115.199,114.73000000000002,117.28852597995785,115.73014526714442,115.32302367249075,0.4071215946536739,-0.3722154503759546,62.79733587059943,77.02512530476858,65.81721901883
20220812,9906716,120.67,122.25,119.44,122.13,118.078,115.876,115.189,118.90235065330523,116.71473830296836,115.82724414119514,0.887494161773219,-0.1202735279461199,65.32150776053216,84.32718367959936,71.98720723908644
20220815,8456202,121.14,122.72,120.6,122.46,119.7,116.701,115.7225,120.08823376887015,117.5986247178963,116.3185593899955,1.2800653279008003,0.15979424322326413,71.44212523719165,88.81062639940737,77.59501362586008
20220816,9554966,122.29,124.2389,121.87,123.63,121.35,117.821,116.176,121.2688225125801,118.52652860745071,116.86014758332917,1.6663810241215486,0.46111159940292107,70.5335291238375,91.00482715764034,82.06495146978682
20220817,8149335,122.3,123.16,121.6948,122.59,122.19000000000001,118.71900000000001,116.5785,121.70921500838674,119.1516780524583,117.28458109567515,1.8670969567831435,0.7423086708789656,68.48859315589354,89.49392412997412,84.54127568984924
20220818,9531752,122.24,122.47,120.55,121.64,122.49000000000001,119.647,116.8945,121.6861433389245,119.53449681361855,117.60720471821773,1.9272920954008157,0.9793053557833356,64.6455223880597,84.38367571212203,84.48874236394016
20220819,13464470,120.62,120.99,118.11,118.63,121.79,119.93400000000001,117.08800000000001,120.66742889261633,119.39534345767723,117.68296733168307,1.7123761259941546,1.1259195098254995,59.48497854077254,70.64441881299575,79.87396784695869
20220822,8967607,116.75,117.16,115.5,116.67,120.63199999999999,120.16599999999998,117.1605,119.33495259507757,118.9760598488038,117.60793271452135,1.368127134282446,1.174361034716889,59.02896081771719,51.55908345176079,70.4356730485594
20220823,7607042,116.69,117.29,115.3827,115.52,119.00999999999999,120.17999999999999,117.2655,118.06330173005172,118.44435833360322,117.45327103196422,0.9910873016389985,1.137706288101311,54.07249466950958,34.88949774286065,58.586947946659805
20220824,9771264,115.29,116.41,114.45,115.8,117.652,119.921,117.2935,117.30886782003448,118.03753397458733,117.33080651107798,0.7067274635093526,1.0515105231829194,57.65124555160141,27.856708752095965,48.34353488180519
20220825,10758870,116.16,118.74,115.68,118.55,117.03399999999999,119.76200000000001,117.4805,117.72257854668966,118.11637490157389,117.42111713988702,0.6952577616868751,0.9802599708837105,56.390288593678406,32.53253081234132,43.0732001919839
20220826,11276210,119.46,119.99,114.6,114.67,116.242,119.01599999999999,117.446,116.70505236445977,117.58616337825482,117.21733068508057,0.36883269317425516,0.8579745153418196,50.658436213991784,22.437501719221284,36.19463403439636
20220829,8117296,114.0,114.86,113.46,114.39,115.78599999999999,118.20899999999999,117.455,115.93336824297319,117.09444593544639,117.007898782482,0.08654715296438553,0.7036890428663328,47.89808917197453,18.154210768140672,30.181159612311127
20220830,10745400,115.0,115.58,113.36,114.41,115.56400000000001,117.287,117.554,115.42557882864881,116.68145425307003,116.81546183563148,-0.13400758256145195,0.5361497177807759,40.32101167315173,15.944739121680305,25.435686115434187
20220831,10738300,114.48,115.03,113.339,113.73,115.15,116.40100000000002,117.55999999999999,114.86038588576588,116.22738436798234,116.58690910706619,-0.3595247390838523,0.35701482640785026,33.55566957414058,12.333307107565572,21.06822644614465
20220901,9979823,113.29,114.63,111.91,114.51,114.34200000000001,115.68800000000002,117.66749999999999,114.74359059051059,115.96317138829275,116.43306398802424,-0.46989259973149444,0.19163334117998132,29.157549234135686,18.948277345637813,20.361576745975704
20220902,10666590,115.87,117.45,113.185,113.71,114.15,115.19599999999998,117.56500000000001,114.39906039367372,115.6165296362477,116.23135554446688,-0.6148259082191743,0.03034149130015021,26.66666666666667,20.057927471349288,20.26036032110023
20220906,9751914,114.33,114.745,112.07,113.74,114.02000000000001,114.90299999999999,117.53450000000001,114.17937359578248,115.32783276913267,116.04681068932119,-0.7189779201885216,-0.11952239099758415,21.919363997728567,20.921456598061233,20.480725746753897
20220907,10647870,113.13,116.11,112.76,115.9,114.31800000000001,114.941,117.5605,114.75291573052166,115.41585849695842,116.03593582344554,-0.6200773264871202,-0.21963337809549138,32.14095034703686,30.40803377164482,23.789828421717537
20220908,11434980,115.28,118.79,114.63,118.6,115.292,115.221,117.571,116.03527715368112,115.90572642050327,116.22586650319032,-0.32014008268704686,-0.2397347190138025,42.578124999999986,47.87103241541997,31.816896419618345
20220909,9302228,119.14,120.05,118.67,119.17,116.224,115.28299999999999,117.5225,117.08018476912075,116.40792235581046,116.44395046591696,-0.03602811010649987,-0.198993397232342,51.49667405764968,61.64375134000973,41.75918139308214
20220912,8614630,120.62,121.55,119.79,120.58,117.598,115.874,117.44500000000001,118.2467898460805,117.04978045491654,116.75032450547866,0.2994559494378848,-0.09930352789829663,61.17781589479701,71.07508733870634,51.53115004162353
20220913,12904580,118.07,118.92,115.78,116.39,118.128,116.074,117.1415,117.62785989738701,116.94827576954478,116.72363380136913,0.2246419681756464,-0.03451442868350802,52.11885046273746,62.87440124101862,55.31223377475523
20220914,9345718,116.7,117.84,114.88,116.12,118.172,116.24499999999998,116.766,117.12523993159135,116.82084872807636,116.6789201864529,0.14192854162345725,0.0007741653778850326,50.77972709551659,56.47366721738726,55.69937825563257
20220915,10821440,116.12,119.38,115.755,117.87,118.026,116.65899999999999,116.53,117.37349328772757,116.9822566160646,116.76714832078972,0.21510829527488795,0.04364099135728562,48.2581967213115,58.042923011310236,56.480559840858454
20220916,14844140,117.39,117.4,115.37,117.08,117.60799999999999,116.91599999999998,116.30199999999999,117.27566219181838,116.99729405974696,116.79032251924974,0.20697154049722144,0.07630710118527279,57.33414485696894,56.31131576281443,56.42414514817711
20220919,8201305,116.0,118.73,115.51,118.16,117.124,117.36100000000002,116.27849999999998,117.57044146121225,117.17617189670898,116.89178011041643,0.28439178629254513,0.11792403820672726,60.94022054556005,58.01869287486831,56.95566105707417
20220920,9619026,117.41,117.69,114.64,115.83,117.01200000000001,117.57000000000001,116.2365,116.99029430747484,116.96906852798452,116.81312973186706,0.15593879611745365,0.12552698978887253,53.63357215967247,44.4594754040548,52.790265839401044
20220921,12606280,116.54,116.6,112.42,112.49,116.28600000000002,117.229,116.085,115.49019620498322,116.27998106214075,116.49289789987691,-0.21291683773615944,0.05783822428386614,47.2072072072072,29.895217994817084,45.158583224539726
20220922,11684460,113.38,113.6,111.07,111.21,114.954,116.49000000000001,115.8555,114.06346413665548,115.49998397565756,116.10157212951566,-0.6015881538581027,-0.07404705134452763,42.73127753303962,20.375437950743198,36.897534799940885
20220923,18138570,110.05,110.3399,107.16,109.14,113.36599999999999,115.487,115.38499999999999,112.42230942443699,114.52152490247947,115.5859001199219,-1.0643752174424321,-0.27211268456410853,40.467250730079286,18.984607297222155,30.926558965701307
20220926,15753580,108.0,109.605,106.06,106.79,111.09200000000001,114.10800000000002,114.99099999999999,110.54487294962466,113.33205953286725,114.93435196289066,-1.602292430023411,-0.538148633655969,36.78204640547739,14.483231691641606,25.44544987434807
20220927,12793610,107.75,108.17,104.65,105.85,109.096,113.054,114.564,108.97991529974978,112.18097345088768,114.26143700267654,-2.080463551788867,-0.8466116172825486,29.956122856003162,12.37103429816159,21.087311348952575
20220928,12762600,105.95,108.73,105.64,107.99,108.196,112.24099999999999,114.24300000000001,108.64994353316652,111.53620830459727,113.7968861135894,-2.260677808992128,-1.1294248556244646,28.355773153814766,16.154553168471338,19.443058622125495
20220929,12713930,106.95,107.28,104.398,106.16,107.18599999999999,111.07000000000001,113.86449999999999,107.81996235544435,110.70909933465923,113.2311908459161,-2.5220915112568747,-1.4079581867509465,24.757469926270844,14.86775774539637,17.917958329882453
20220930,15973420,106.06,107.62,104.4,104.5,106.258,109.81200000000001,113.36399999999999,106.7133082369629,109.7538532831732,112.58443596844083,-2.830582685267629,-1.692483086454283,19.100691775557266,10.16763145510125,15.334516038288719
20221003,12248140,105.62,108.36,104.46,107.73,106.446,108.769,113.06499999999998,107.05220549130861,109.4424912396081,112.2248481189267,-2.7823568793185984,-1.910457845027146,32.721468475658426,15.88075392094989,15.516595332509107
20221004,16013590,110.61,112.99,109.86,112.77,107.83,108.46300000000001,113.0165,108.95813699420574,109.95441566428379,112.26522973974696,-2.3108140754631705,-1.9905290911143512,44.384847468990934,40.91390984427885,23.98236683643235
20221005,10943500,109.75,110.95,108.83,110.39,108.30999999999999,108.253,112.74100000000001,109.43542466280384,110.02142863900936,112.12632383309904,-2.1048951940896785,-2.0134023117094166,37.721602101116204,50.52237068451615,32.82903478579361
20221006,11521420,109.46,110.19,107.94,108.14,108.70599999999999,107.946,112.218,109.00361644186924,109.73197807916176,111.8310405862028,-2.0990625070410402,-2.0305343507757416,35.99624060150376,48.19896096534473,37.95234351231065
20221007,11681090,107.52,107.71,105.265,105.98,109.002,107.63,111.55850000000001,107.99574429457951,109.15475068236765,111.39763017241,-2.2428794900423554,-2.0730033786290645,31.545454545454547,38.270132884407374,38.05827330300956
20221010,8931729,106.73,107.31,104.52,104.99,108.454,107.45,110.779,106.99382952971968,108.51401980815723,110.92299090037963,-2.4089710922224015,-2.140196921347732,32.88060644346179,27.810132040877413,34.64222621563218
20221011,12739700,104.37,104.54,101.85,101.96,106.292,107.06099999999999,110.0575,105.31588635314645,107.50570906844072,110.25906564849966,-2.7533565800589344,-2.2628288530899727,33.20574162679425,18.869232252266567,29.384561561176973
20221012,13180960,101.8,104.73,101.28,103.61,104.936,106.623,109.43199999999999,104.74725756876431,106.90636921175754,109.76654226712931,-2.8601730553717744,-2.382297693546333,38.02017654476672,19.211995996244887,25.993706372866278
20221013,22398710,101.98,109.9,101.76,109.37,105.18199999999999,106.944,109.00699999999999,106.28817171250955,107.2853893330256,109.73716876586047,-2.4517794328348685,-2.3961940414040406,50.32476701496753,35.83674768665118,29.274720144127908
20221014,33420140,111.962,115.24,110.724,111.19,106.224,107.61300000000001,108.7125,107.92211447500638,107.88609866640628,109.84478589431527,-1.9586872279089818,-2.308692678705029,56.30733944954127,47.55401135175026,35.36781721333536
20221017,22276270,115.41,117.01,114.32,115.86,108.398,108.426,108.59750000000001,110.56807631667093,109.11285271772839,110.29035730955118,-1.177504591822796,-2.082455061328582,62.96296296296297,62.59905058542196,44.44489500403089
20221018,21539680,119.66,120.14,116.96,118.84,111.774,109.03299999999999,108.74799999999998,113.32538421111396,110.60933691500094,110.92366417551035,-0.3143272605094154,-1.7288295011647488,63.75158428390369,72.76840205164575,53.886064019902506
20221019,17072040,117.99,118.83,115.6701,116.51,114.354,109.64500000000001,108.949,114.38692280740932,111.51713123577002,111.33746682917625,0.1796644065937727,-1.3471307196130446,62.953692115143944,75.42990677603531,61.06734493861343
20221020,12207440,117.16,118.71,115.65,116.13,115.70599999999999,110.444,109.19500000000001,114.96794853827288,112.22680335334387,111.6924692862743,0.5343340670695653,-0.9708377622765227,65.03749676752003,76.53262784715538,66.22243924146075
20221021,20593310,116.46,122.39,116.33,122.23,117.91400000000002,112.069,109.8495,117.38863235884858,113.76575668359867,112.47302711692066,1.2927295666780054,-0.5181242964856172,67.45305729417429,84.10244035539083,72.18243961277076
20221024,12624180,122.07,123.1,121.33,122.38,119.218,113.80799999999999,110.62899999999999,119.05242157256572,115.09102488612194,113.20687696011173,1.8841479260102147,-0.03766985198645084,63.11050477489767,88.3017185626223,77.5555325960546
20221025,11289100,121.85,123.2707,120.89,122.7,119.98999999999998,115.88199999999999,111.47149999999999,120.26828104837716,116.26163644210318,113.91007125936271,2.3515651827404724,0.44017715495893384,67.79416016189649,91.31677963323676,82.14261494178199
20221026,11671490,123.0,125.2,122.88,124.11,121.50999999999999,117.93200000000002,112.2775,121.54885403225146,117.46907698947193,114.66562153644695,2.8034554530249807,0.9128328145721432,73.65925925925924,91.70128497608617,85.32883828655005
20221027,10727610,125.2,126.2,124.21,124.6,123.204,119.455,113.19950000000001,122.56590268816764,118.5661420680147,115.40150142263606,3.1646406453786398,1.3631943807334426,79.02119700748126,89.9781854947196,86.87862068927322
20221028,11859470,125.29,126.28,124.05,126.08,123.974,120.94399999999999,114.27850000000001,123.73726845877843,119.72212021139705,116.19250131725562,3.5296188941414357,1.7964792834150414,82.37642001842184,92.69163448158477,88.81629195337706
20221031,13295170,125.7,127.43,125.59,125.88,124.674,121.946,115.186,124.45151230585229,120.66948633272058,116.91009381227371,3.759392520446866,2.1890619308214063,90.21519838601208,90.74179140877578,89.45812510517663
20221101,13386950,126.87,128.28,126.33,128.15,125.76399999999998,122.877,115.95500000000001,125.68434153723487,121.82033458922511,117.742679455809,4.0776551334161155,2.5667805713403484,90.41501976284583,93.48476249632296,90.80033756889208
20221102,16546090,127.65,130.36,126.64,126.97,126.33599999999998,123.923,116.78399999999999,126.11289435815658,122.6125908062674,118.42618468130463,4.186406124962772,2.8907056820648336,84.1349883630721,87.6023386943887,89.73433794405761
20221103,12474360,126.31,128.18,125.91,127.2,126.856,125.03,117.737,126.47526290543772,123.31834606684166,119.07609692713392,4.242249139707738,3.1610143735934146,83.09218685407188,80.61204839393599,86.69357476068373
20221104,14354350,129.49,130.83,128.46,130.68,127.77600000000002,125.875,118.97200000000001,127.87684193695848,124.45090821040448,119.93564530290178,4.515262907502702,3.4318640803752722,82.21739130434779,86.57168082063873,86.65294344733539
20221107,12011160,131.0,132.29,130.4816,131.37,128.87400000000002,126.77400000000003,120.29100000000001,129.04122795797232,125.51538387034225,120.78263453972386,4.73274933061839,3.6920411304238963,80.25108643167546,87.78884282835361,87.03157657434146
20221108,9884053,131.24,132.06,130.14,131.45,129.534,127.649,121.7655,129.84415197198155,126.42840173644345,121.57280975900358,4.855591977439872,3.9247512998270917,90.4658721560129,88.46117029980854,87.50810781616381
20221109,9493961,131.32,131.43,129.22,129.74,130.08800000000002,128.212,123.072,129.8094346479877,126.93787839237521,122.17778681389221,4.760091578482999,4.091819355558274,84.38605356240531,81.99191288595657,85.66937617276139
20221110,16351590,132.63,135.25,132.53,135.08,131.66400000000002,129.26000000000002,124.3575,131.56628976532517,128.19051248585595,123.13350630915946,5.05700617669649,4.2848567197859175,83.76248029427225,87.40799713446108,86.24891649332795
20221111,10704660,135.19,136.17,133.7805,135.3,132.58800000000002,130.18200000000002,125.56300000000002,132.81085984355013,129.28427979572427,124.03472806403654,5.249551731687731,4.477795722166281,83.82198952879585,88.77882070172656,87.09221789612748
20221114,11085600,134.8,135.73,133.91,133.91,133.096,130.98499999999999,126.46549999999999,133.1772398957001,129.99592905792053,124.76622968892273,5.2296993689977995,4.628176451532585,77.7887952404561,85.17678365170337,86.45373981465278
20221115,14038350,134.68,135.71,131.6,132.94,133.394,131.464,127.17050000000002,133.09815993046675,130.44886304900967,125.37169415640993,5.077168892599744,4.717974939746018,72.37709072478458,79.62402860730845,84.17716941220466
20221116,7893359,133.0,133.56,132.03,133.12,134.07,132.079,128.001,133.10543995364452,130.85980719531588,125.9456427374166,4.914164457899275,4.75721284337667,71.93614830072092,73.22968098247718,80.5280066022955
20221117,8824558,132.0,132.89,131.28,132.54,133.56199999999998,132.613,128.8215,132.91695996909635,131.11829839603652,126.43411364575611,4.684184750280409,4.742607224757418,67.44060475161983,64.74304871253872,75.26635397237658
20221118,9468537,134.57,134.67,132.28,133.84,133.27,132.929,129.402,133.22463997939758,131.5370217197232,126.98269782014455,4.554323899578662,4.7049505597216665,70.2854230377166,65.32030585632083,71.95100460035799
20221121,7800517,133.74,134.56,132.75,133.05,133.098,133.09700000000004,129.9355,133.16642665293173,131.76978760899655,127.43212761124495,4.337659997751601,4.631492447327654,63.50606394707829,61.916175127235554,68.60606144265051
20221122,9185670,134.0,135.27,133.69,135.04,133.518,133.45600000000002,130.5525,133.7909511019545,132.27289720761246,127.9956737141157,4.277223493496763,4.560638656561476,71.2928759894459,66.9079885987978,68.04003716136627
20221123,7316204,134.94,136.5,134.86,136.48,134.19,134.13000000000002,131.171,134.68730073463632,132.9201437910567,128.6241423278849,4.296001463171791,4.507711217883539,73.01587301587301,77.81094514504777,71.2970064892601
20221125,3220496,136.48,137.14,136.055,136.74,135.03000000000003,134.296,131.778,135.37153382309089,133.50781397704796,129.2253169702638,4.282497006784155,4.462668375663663,67.88665879574971,82.93198390784767,75.17533229545595
20221128,9907551,136.07,136.71,134.19,134.35,135.132,134.201,132.1915,135.03102254872726,133.63738105750213,129.60492312061464,4.032457936887482,4.376626287908427,57.99356223175963,72.75101543799627,74.36722667630272
20221129,7925322,134.66,136.64,134.41,136.56,135.834,134.46599999999998,132.72549999999998,135.54068169915152,134.08701474096335,130.12011400056912,3.9669007403942373,4.29468117840559,62.30139624458354,78.53480665149702,75.75642000136747
20221130,14761250,136.09,138.18,133.19,138.18,136.462,134.99,133.227,136.42045446610103,134.71670478081515,130.71714259311955,3.9995621876956022,4.235657380263593,70.40618955512566,85.689871100998,79.06757036791097
20221201,8858472,138.18,138.66,135.43,136.24,136.414,135.302,133.6905,136.3603029774007,134.95105789145896,131.12624314177737,3.824814749681593,4.153488854147193,53.35648148148146,77.81623590641252,78.65045888074482
20221202,8932057,134.49,135.35,133.34,135.16,136.098,135.564,134.0885,135.9602019849338,134.9832028312345,131.42503994609015,3.5581628851443554,4.034423660346626,49.614112458654866,65.47027120213174,74.2570629878738
20221205,10154530,134.24,134.57,130.6,131.37,135.502,135.317,134.123,134.43013465662256,134.42732547258305,131.42096291304645,3.0063625595365977,3.8288114401846203,43.816942551119794,46.831297426731375,65.11514113415966
20221206,13966690,133.39,135.11,129.87,131.59,134.50799999999998,135.171,134.134,133.48342310441504,133.99081386141643,131.4334841787467,2.5573296826697174,3.57451508868164,46.589186457806996,37.7434284703048,55.9912369128747
20221207,11739430,131.31,133.08,130.33,131.5,133.172,134.81699999999998,134.1365,132.82228206961003,133.60761172889082,131.43841127661733,2.1692004522734862,3.293452161400009,45.888324873096444,31.34355223769276,47.77534202114738
20221208,8907257,132.33,132.98,131.43,132.88,132.5,134.45700000000002,134.2935,132.84152137974002,133.4956714629076,131.54519562649753,1.950475836410078,3.0248568964020235,50.82926829268293,32.310187650308606,42.62029056420112
20221209,7957818,132.2,133.76,132.0,132.16,131.9,133.99899999999997,134.14749999999998,132.61434758649335,133.29018354553722,131.5907366912014,1.699446854335804,2.75977488798878,45.78313253012047,30.224235832098014,38.48827232016675
20221212,8841631,132.4,134.65,131.6,134.21,132.46800000000002,133.98499999999999,134.093,133.1462317243289,133.43169376930072,131.78475619555687,1.6469375737438554,2.5372074251397954,52.73843248347496,36.60758687630958,37.86137717221436
20221213,10025380,136.885,137.09,133.08,134.08,132.966,133.73700000000002,134.10150000000002,133.4574878162193,133.5314331894083,131.95477425514525,1.5766589342630368,2.3450977269644437,47.51552795031062,40.37016978708849,38.6976413771724
20221214,9966115,133.78,135.71,132.76,133.41,133.348,133.26,134.125,133.4416585441462,133.51275116026855,132.06256875476413,1.450182405504421,2.166114662672439,41.72506738544479,43.256936829434764,40.21740652792652
20221215,12090290,131.145,132.08,129.05,130.1,132.792,132.64600000000002,133.974,132.32777236276414,132.98771252022723,131.91719329144826,1.070519228778977,1.9469955758937467,34.62962962962962,33.191191717135546,37.87533492432952
20221216,21133710,129.15,129.9,128.425,129.29,132.218,132.05900000000003,133.8115,131.3151815751761,132.4188336709615,131.7225863809706,0.6962472899909073,1.696845918713179,37.362637362637386,25.4550241376402,33.73523132876641
20221219,9017156,129.65,131.33,129.09,130.06,131.388,131.928,133.6225,130.89678771678408,132.05593618312128,131.59943183423204,0.45650434888923996,1.4487776047483911,32.50807319698605,23.259687182354448,30.24338327996242
20221220,8549927,130.97,132.05,130.2,130.69,130.70999999999998,131.83800000000002,133.50449999999998,130.82785847785607,131.84579215494878,131.5320665131778,0.3137256417709864,1.2217672121529102,28.709494030699275,24.219672201200282,28.235479587041706
20221221,8051704,132.18,132.98,131.77,132.16,130.45999999999998,131.904,133.3605,131.27190565190404,131.8941318234182,131.57858010479424,0.3155517186239649,1.0405241134471213,38.08411214953269,30.514595854849,28.995185009644132
20221222,8651131,131.1,131.3,128.41,130.66,130.572,131.682,133.0695,131.06793710126937,131.70426538904618,131.51053713406876,0.19372825497742951,0.8711649417531829,37.17217787913343,28.983616898624362,28.99132897263754
20221223,5091905,130.58,131.44,129.64,131.28,130.97,131.594,132.79649999999998,131.1386247341796,131.63899379073138,131.49346030932293,0.14553348140844946,0.7260386496842364,49.68684759916491,30.343916642093667,29.442191529122915
20221227,5410991,131.57,132.22,130.55,131.74,131.30599999999998,131.347,132.666,131.33908315611973,131.65453320754193,131.51172250863235,0.1428106989095852,0.6093930595293061,50.51334702258729,35.43475721345061,31.439713423898812
20221228,8827738,131.85,133.41,131.01,132.46,131.66000000000003,131.185,132.461,131.71272210407983,131.77845117561242,131.58196528577068,0.19648588984173898,0.5268116255917927,53.149606299212614,50.62317147563381,37.83419944114381
20221229,6585228,132.93,133.27,132.31,133.22,131.872,131.166,132.213,132.21514806938654,132.0002279178259,131.7033011905284,0.2969267272974889,0.480834645932932,51.16279069767444,65.81544765042256,47.16128217757006
20221230,9292519,132.81,134.33,132.44,134.1,132.56,131.56599999999997,132.106,132.8434320462577,132.3232697766219,131.88083443567444,0.44243534094746906,0.47315478493583946,56.56292286874152,75.91525338856988,56.74593924790333
20230103,11054780,135.24,136.74,133.89,135.12,133.328,132.149,132.104,133.60228803083848,132.75353596483393,132.12077262562448,0.6327633392094469,0.5050764957905609,53.3090909090909,77.46090922183168,63.65092923921277
20230104,11687640,135.99,137.68,135.57,136.38,134.256,132.781,132.35449999999997,134.528192020559,133.31145350870565,132.43627094965228,0.8751825590533713,0.579097708443123,57.72849462365584,80.2993619911096,69.20040682317838
20230105,8381265,135.66,135.71,133.7004,135.35,134.834,133.247,132.54250000000002,134.802128013706,133.62507604582785,132.65210273115952,0.9729733146683373,0.657872829688166,56.36482939632545,78.48796013359119,72.2962579266493
20230106,10029080,136.125,138.38,134.49,137.94,135.77800000000002,133.825,132.8645,135.84808534247068,134.28891050031586,133.0437988251477,1.2451116751681752,0.7753205987841678,76.99724517906336,83.98053177479687,76.19101587603183
20230109,8482297,138.6,138.88,136.88,137.37,136.43200000000002,134.496,133.089,136.3553902283138,134.76292426949803,133.36425817143305,1.3986660980649788,0.89998969864033,78.29131652661069,83.27793754974455,78.55332310060274
20230110,9048665,137.79,138.72,137.31,138.6,137.128,135.228,133.411,137.10359348554255,135.35324361265216,133.75209089947504,1.6011527131771288,1.0402223015476897,78.96879240162824,87.66602020470052,81.59088880196866
20230111,8703698,138.9,139.75,138.1,139.63,137.778,136.017,133.68200000000002,137.94572899036172,136.0112061337826,134.187491573588,1.8237145601945883,1.1969207532770694,79.52443857331573,91.2397123945315,84.80716333282294
20230112,11001670,140.0,140.86,139.22,139.49,138.606,136.72,133.9525,138.46048599357448,136.54640519012372,134.58026997554447,1.9661352145792534,1.3507636455375063,76.53874004344688,88.73621364702731,86.11684677089106
20230113,20200050,135.6,143.49,134.8,143.01,139.61999999999998,137.699,134.4325,139.976990662383,137.54080439164315,135.20469442180044,2.3361099698427097,1.547832910398547,89.00821225521172,90.85642158473874,87.69670504217362
20230117,14292880,141.17,141.54,139.225,140.8,140.306,138.369,134.9675,140.25132710825534,138.04221910062114,135.61916150166707,2.423057598954074,1.7228778481096525,77.32491389207821,84.74490103415587,86.71277037283437
20230118,13392600,138.92,140.73,136.41,136.57,139.9,138.51399999999998,135.3315,139.02421807217024,137.81572385437173,135.68959398302505,2.126129871346677,1.8035282527570575,61.396885323265685,66.2675140396592,79.89768492844264
20230119,13303370,135.32,135.9,133.59,134.75,138.924,138.351,135.566,137.59947871478016,137.34407403062224,135.6199944287269,1.7240796018953404,1.7876385225847142,55.136832660385814,48.08406659883002,69.29314548523843
20230120,13092490,135.16,135.49,133.55,135.08,138.042,138.324,135.7855,136.7596524765201,136.99575494898806,135.5799948414138,1.4157601075742718,1.713262839582626,54.25434583714551,37.186829107469514,58.59104002598212
20230123,10487130,135.115,137.96,134.82,137.27,136.894,138.257,136.041,136.92976831768007,137.0379464952976,135.70518040871647,1.332766086581131,1.637163488982327,56.84074233923181,37.266068499547075,51.4827161838371
20230124,6944991,140.29,140.29,135.0,138.45,136.424,138.365,136.4305,137.43651221178672,137.25518549602106,135.90850037844118,1.3466851175798809,1.579067814701838,57.136733819117005,41.27597054899375,48.08046763888931
20230125,8967007,138.05,139.12,137.25,139.12,136.93400000000003,138.417,136.82250000000002,137.99767480785783,137.54208003509473,136.14638923929738,1.39569079579735,1.5423924109209404,56.02462620932281,46.196052800603454,47.45232935946069
20230126,7487631,139.42,140.06,138.36,139.98,137.98000000000002,138.452,137.2345,138.65844987190525,137.91714464508016,136.43036040675682,1.486784238323338,1.5312707764014202,60.25697828976519,52.36007812461417,49.08824561451185
20230127,7489946,140.61,141.255,139.7499,140.32,139.028,138.535,137.6275,139.2122999146035,138.2868146996832,136.71848185810816,1.5683328415750282,1.538683189436142,55.85629921259844,63.150356630426955,53.77561595315021
20230130,6729255,139.23,140.09,138.91,139.13,139.4,138.147,137.923,139.18486660973568,138.41653551511655,136.89711283158164,1.5194226835349127,1.534831088255896,54.202483285577834,66.2404064752273,57.9305461271759
20230131,9188738,139.88,140.07,138.25,139.96,139.702,138.06300000000002,138.216,139.44324440649046,138.653991589714,137.1239933625756,1.5299982271384067,1.5338645160323983,53.31061343719575,71.89118164755585,62.584091300635876
20230201,8841846,138.21,140.875,138.12,139.59,139.796,138.365,138.4395,139.49216293766034,138.79799288360417,137.3066605209033,1.4913323627008594,1.5253580853660904,49.899396378269635,74.05767290455705,66.40861850194293
20230202,11822060,140.0,140.46,138.0,138.94,139.588,138.78400000000002,138.56750000000002,139.3081086251069,138.81984013228043,137.42764863046602,1.392191501814409,1.4987247686557543,48.65129965669443,70.71340327799271,67.84354676062618
20230203,11501230,138.18,142.33,138.13,141.09,139.74200000000002,139.385,138.85449999999997,139.90207241673795,139.16909549654497,137.69893391709817,1.4701615794467955,1.4930121308139628,44.95268138801266,74.8366754004262,70.17458964055952
20230206,8406231,140.23,142.24,140.0313,141.92,140.3,139.85,139.05349999999999,140.57471494449197,139.59231157399958,138.0116054787946,1.580706095204988,1.510550923692168,53.17460317460311,80.53416155303988,73.62778027805297
20230207,10447890,141.38,144.34,141.18,143.65,141.03799999999998,140.36999999999998,139.3675,141.59980996299467,140.2165713318458,138.42926433221723,1.7873069996285835,1.5659021388794512,73.38177014531045,83.39501411632733,76.88352489081109
20230208,6957965,142.65,144.04,142.2763,142.64,141.64799999999997,140.722,139.5695,141.94653997532978,140.58940651156183,138.74117067797891,1.848235833582919,1.6223688778201448,77.52965806001383,79.99204936882381,77.91969971681533
20230209,6443109,143.12,143.34,139.87,140.42,141.94400000000002,140.766,139.60899999999998,141.4376933168865,140.56334397132156,138.86552840553603,1.6978155657855325,1.6374582154132225,66.46115906288523,66.05148191360065,73.96362711574376
20230210,6582853,139.78,141.28,138.59,141.04,141.934,140.83800000000002,139.6865,141.30512887792435,140.6366756680413,139.02660037549632,1.610075292544991,1.6319816308395763,62.86689419795213,60.017496880360426,69.31491703728264
20230213,7134607,141.3,142.73,140.74,142.57,142.064,141.182,139.6645,141.7267525852829,140.93411018065032,139.28907442175583,1.645035758894494,1.6345924564505598,63.73333333333329,64.0390042293885,67.55627943465126
20230214,9249399,142.5,143.81,141.595,143.2,141.974,141.506,139.7845,142.21783505685528,141.28270861439643,139.57877261273688,1.7039360016595424,1.6484611654923564,63.63636363636355,70.03231196785723,68.38162361238658
20230215,6731172,141.61,143.89,141.3,143.8,142.206,141.927,140.14600000000002,142.74522337123688,141.6699842121816,139.89145612290454,1.7785280892770459,1.6744745502492944,62.99319727891157,77.12299058726718,71.29541260401345
20230216,8165306,142.91,143.39,141.676,141.82,142.486,142.21499999999997,140.49949999999998,142.4368155808246,141.69306356415365,140.03431122491162,1.658752339242028,1.671330108047841,54.58996328029374,70.13996473933749,70.91026331578811
20230217,7948829,140.98,142.83,140.07,142.24,142.726,142.32999999999998,140.85750000000002,142.37121038721642,141.77720763120692,140.19769557862185,1.5795120525850734,1.6529664969552877,59.98715478484262,67.91939678274676,69.91330780477432
20230221,9996283,140.69,141.34,138.75,139.63,142.138,142.101,140.9755,141.45747359147762,141.44686799563664,140.1556440542795,1.2912239413571456,1.5806179858356595,49.04899135446683,51.64045412427762,63.82235657794208
20230222,11107500,138.92,139.43,137.435,138.56,141.20999999999998,141.592,140.981,140.49164906098508,141.0027344578464,140.03744819840693,0.9652862594394662,1.4575516405564208,47.14681440443215,40.23641945491475,55.96037753693297
20230223,8068010,138.73,140.17,137.94,139.67,140.38400000000001,141.295,141.0085,140.21776604065673,140.7976983874085,140.01022981333975,0.7874685740687539,1.3235350272588875,51.971907077255494,38.365720380219386,50.095491818028435
20230224,9126888,139.11,141.36,138.93,140.93,140.206,141.34599999999998,141.05599999999998,140.45517736043783,140.81805248165335,140.07836093827757,0.739691543375784,1.206766330482267,49.545970488081736,43.625171707133156,47.938718447730004
20230227,10014650,142.11,143.31,141.7201,142.16,140.19,141.458,141.148,141.02345157362524,141.0245059460144,140.23255642433108,0.791949521683307,1.1238029687224749,50.665926748057736,53.48313796742007,49.786858287626686
20230228,11019760,142.94,143.76,141.9001,143.35,140.934,141.536,141.35899999999998,141.79896771575017,141.38227426201217,140.46347817067692,0.9187960913352526,1.0828015932450303,49.14187643020592,66.2002226263565,55.25797973386996
20230301,7139155,142.1,143.4583,141.8,142.55,141.73200000000003,141.471,141.4885,142.04931181050011,141.56192437554876,140.61803534321936,0.9438890323293947,1.0550190810619031,49.739432541980385,71.09000349003486,60.535320985924926
20230302,11107550,142.24,142.43,139.54,141.07,142.012,141.198,141.5625,141.7228745403334,141.4862437023874,140.6515142066846,0.8347294957028168,1.010961163990086,51.96612220205688,66.55012090376499,62.54025429187161
20230303,9513063,141.51,143.74,141.08,143.66,142.558,141.382,141.7985,142.36858302688896,141.82066774817397,140.87436500618946,0.9463027419845105,0.9980294795889709,57.08108108108106,77.17307137984862,67.41785998786395
20230306,9261255,143.44,144.04,142.66,142.82,142.69,141.44,141.88500000000002,142.5190553512593,141.9744111715318,141.0184861168421,0.9559250546897147,0.9896085946091198,50.70185289163391,78.62509578237699,71.15360525270162
20230307,11747620,142.01,142.31,137.81,138.62,141.744,141.339,141.72,141.21937023417289,141.45834791437306,140.8408204785575,0.6175274358155605,0.915192362850408,39.28905519176807,56.750598900396874,66.3526031352667
20230308,10002550,138.0,138.59,136.885,137.8,140.794,141.26299999999998,141.42749999999998,140.07958015611527,140.89552515831568,140.61557451718286,0.27995064113281387,0.7881440185068892,36.11111111111112,42.09648591962177,58.26723073005172
20230309,25888100,136.76,137.35,129.215,130.34,138.648,140.33,140.8125,136.8330534374102,139.2715982108825,139.85442084924338,-0.5828226383608808,0.5139506871333352,28.803545051698705,30.59383490762868,49.042765455910704
20230310,37599660,128.96,135.26,127.82,133.65,136.64600000000002,139.602,140.474,135.77203562494014,138.40673694766983,139.3948341196698,-0.988097171999982,0.2135411153066718,35.66900233566899,32.37698323887126,43.487504716897554
20230313,42901130,131.21,133.88,129.41,131.25,134.332,138.511,139.9845,134.26469041662676,137.30570049418216,138.79151307376836,-1.4858125795861952,-0.12632962367190156,35.920698924731184,28.633566302280812,38.5361919120253
20230314,29648120,135.28,135.53,131.29,134.62,133.53199999999998,137.638,139.587,134.38312694441785,136.89251580276954,138.48251210534107,-1.5899963025715351,-0.4190629594518283,43.8552713661884,33.063561258651674,36.71198169423409
20230315,34280610,130.98,130.99,126.73,128.26,131.624,136.209,138.84,132.34208462961192,135.5644364484973,137.72528898642693,-2.160852537929628,-0.7674208751473883,34.70919324577862,24.988648002590406,32.804203797019525
20230316,24570590,128.01,131.95,126.02,130.75,131.706,135.177,138.1875,131.81138975307462,134.82375391795927,137.20860091335828,-2.384846995399016,-1.090906099197714,36.79294239750909,25.408636219263016,30.33901460443402
20230317,38395980,128.38,128.48,125.45,125.81,130.138,133.392,137.387,129.81092650204977,133.43702254596553,136.36426010496137,-2.9272375589958415,-1.4581723911573397,30.650887573964525,17.650834585084002,26.109621264650677
20230320,22875510,126.99,129.47,126.01,127.14,129.316,131.824,136.632,128.92061766803317,132.46824984658622,135.68098157866794,-3.2127317320817212,-1.809084259342216,30.879924510497787,16.054386932927635,22.75787648740966
20230321,17807810,130.59,131.73,130.19,130.55,128.502,131.017,136.178,129.46374511202214,132.17313448557294,135.30090886913698,-3.127774383564031,-2.072822284186579,36.666666666666686,24.988638907666076,23.501463960828463
20230322,17250170,130.56,130.655,127.08,127.18,128.286,129.955,135.60899999999998,128.7024967413481,131.40495994933096,134.6993600640157,-3.2944001146847484,-2.317137850286213,35.188739603326965,22.379992076010197,23.127639999222374
20230323,16677640,127.9,129.53,126.02,126.84,127.50400000000002,129.605,134.96750000000003,128.0816644942321,130.70265841866467,134.117185244459,-3.4145268257943258,-2.536615645387836,31.160394265232995,19.51655556390098,21.923945187448574
20230324,22326920,125.63,125.68,123.11,124.91,127.324,128.73100000000002,134.16649999999998,127.02444299615473,129.81148020040857,133.43517152264724,-3.6236913222386704,-2.754030780758003,30.417668926306604,17.841954916996777,20.56328176396464
20230327,18853940,126.79,129.38,126.29,128.49,127.59400000000001,128.455,133.483,127.51296199743649,129.60817555419186,133.06886252096967,-3.460686966777814,-2.8953620179619652,38.77189093327424,32.18121278026035,24.435925436063208
20230328,10820470,128.71,129.3417,127.744,128.88,127.25999999999999,127.881,132.7595,127.96864133162433,129.49614854585465,132.75857640830526,-3.2624278624506076,-2.968775186859694,40.01790510295434,43.21130625773014,30.694385709952183
20230329,14595260,130.1,130.22,127.77,129.14,127.652,127.96900000000001,132.089,128.3590942210829,129.441356461877,132.49053371139377,-3.0491772495167595,-2.984855599391107,48.39914621131268,52.12540293438774,37.838058118097365
20230330,12134680,129.95,130.12,127.65,128.75,128.034,127.769,131.473,128.48939614738862,129.33499392928056,132.2134571401794,-2.8784632108988433,-2.963577121692654,42.91087962962963,56.56001340250755,44.07870987956743
20230331,13105220,129.66,130.34,128.8514,130.31,129.11399999999998,128.219,130.8055,129.0962640982591,129.4849948632374,132.07246031498093,-2.587465451743526,-2.888354787702829,48.6061684460261,65.54890297986199,51.235440912998946
20230403,11775390,129.91,131.44,129.41,130.16,129.448,128.52100000000002,130.17249999999999,129.45084273217273,129.58884180735473,131.9307965879453,-2.3419547805905836,-2.77907478628038,42.68852459016394,71.91055316704684,58.127144997681576
20230404,11579920,130.5,130.59,127.41,128.42,129.356,128.308,129.6625,129.10722848811514,129.40901999083863,131.67073758143084,-2.2617175905922124,-2.6756033471427463,50.30911901081916,69.18886817779108,61.814386057718075
20230405,9614692,126.8,128.15,126.46,127.61,129.05,128.351,129.15300000000002,128.60815232541012,129.13224768455578,131.36994220502856,-2.237694520472786,-2.5880215818087544,43.51239669421488,64.13311499967985,62.58729570503866
20230406,8760220,127.0,128.08,126.8553,127.47,128.794,128.41400000000002,129.0095,128.22876821694007,128.8765172715472,131.08105759724867,-2.204540325701487,-2.511325330587301,54.278350515463906,50.392950452860966,58.52251395431276
20230410,9477292,126.54,128.23,126.22,127.89,128.31,128.712,128.7215,128.11584547796005,128.72474538361683,130.84468296041544,-2.1199375767986055,-2.433047779829562,52.02812330989724,44.25941269015764,53.76814686626105
20230411,10516270,128.3,128.94,127.54,128.52,127.982,128.71499999999997,128.58499999999998,128.25056365197338,128.69324609382963,130.6724842226069,-1.9792381287772685,-2.3422858496191035,43.53914704010185,44.19337602076928,50.576556584430456
20230412,11821000,129.18,130.43,128.0603,128.5,127.998,128.677,128.279,128.3337091013156,128.66351592554815,130.51155946537676,-1.848043539828609,-2.2434373876610048,55.339805825242685,44.021637653692935,48.391583607517944
20230413,12450240,128.46,129.04,126.83,128.99,128.274,128.66199999999998,128.3155,128.55247273421043,128.7137442446946,130.39885135683033,-1.6851071121357393,-2.1317713325559517,58.59312549960033,47.03613646900098,47.93976789467895
20230414,43931330,135.15,139.12,134.9001,138.73,130.526,129.66,128.7145,131.94498182280694,130.25470666858774,131.01597347854658,-0.7612668099588404,-1.8576704280365295,84.00590551181102,63.68300570801611,53.187513832458
20230417,16050490,139.95,140.06,137.66,139.83,132.914,130.612,129.4155,134.57332121520463,131.72782871957423,131.66886433198758,0.058964387586655675,-1.4743434649118927,81.78251121076234,75.23472056834987,60.536582744421956
20230418,13760140,140.27,141.78,139.03,141.4,135.49,131.736,130.1285,136.84888081013642,133.21585507040896,132.3896891962848,0.8261658741241718,-1.0142415971046799,82.91272344900106,82.67576058455545,67.91630869113311
20230419,9158112,141.23,141.5,140.4,141.22,138.03400000000002,133.01600000000002,130.66199999999998,138.30592054009097,134.44726198265374,133.04378629285628,1.4034756897974603,-0.5306981397242518,81.89017951425554,87.25084981558194,74.36115573261606
20230420,10586250,139.91,141.43,139.84,140.81,140.398,134.33599999999998,131.3435,139.140613693394,135.42614475455318,133.61906138227434,1.8070833722788393,-0.06314183732363365,81.80379746835438,89.42258882307006,79.38163342943405
20230421,11842540,139.74,141.11,138.78,140.54,140.76,135.64299999999997,132.02849999999998,139.60707579559602,136.21289171539115,134.13172350210587,2.081168213285281,0.3657201727981493,78.94736842105253,90.18362108828971,82.98229598238592
20230424,7567666,140.455,141.1,140.04,140.73,140.94,136.927,132.8195,139.98138386373068,136.9078314514848,134.6204847241721,2.2873467273127233,0.7500454837010642,79.84189723320151,91.1146102684473,85.69306741107305
20230425,10629330,139.6,139.96,137.625,137.67,140.194,137.842,133.27849999999998,139.21092257582046,137.02508815125637,134.8463747446038,2.1787134066525766,1.0357790682913668,74.30373095112975,84.91252724696929,85.4328873563718
20230426,14416150,137.62,137.8093,134.0,135.23,138.996,138.51500000000001,133.596,137.88394838388032,136.74892074337077,134.8747914301887,1.8741293131820669,1.203449117269507,68.44143272023229,61.878274377156856,77.58134969663348
20230427,9041092,136.0,137.91,135.66,137.05,138.244,139.321,133.9915,137.60596558925357,136.79524062900603,135.03591799091546,1.7593226380905662,1.314623821433719,71.4413607878245,54.319877862406244,69.82752575189106
20230428,9887262,136.56,138.32,135.67,138.24,137.78400000000002,139.272,134.46599999999998,137.81731039283574,137.01751130146664,135.2732573989958,1.744253902470831,1.4005498376411414,72.39290350497616,54.379490125922956,64.67818054323502
20230501,20415760,142.26,143.37,140.83,141.2,137.878,139.409,135.0105,138.94487359522384,137.66097110124102,135.71227536944056,1.9486957318004556,1.5101790164730045,74.92138364779868,61.86665403627871,63.74100504091624
20230502,14113450,141.4,142.41,138.43,138.92,138.128,139.161,135.4485,138.93658239681588,137.85466785489623,135.94988460133385,1.9047832535623854,1.5890998638908806,68.80866425992777,58.74710411383356,62.076371398555345
20230503,12930910,138.44,138.6687,135.76,135.98,138.278,138.637,135.82649999999998,137.9510549312106,137.56625741568143,135.95211537160543,1.6141420440760044,1.5941082999279055,61.59203980099499,46.208492746113116,56.78707851440794
20230504,17089160,134.96,135.72,131.81,134.12,137.69199999999998,137.96800000000002,136.152,136.67403662080707,137.03606396711507,135.81640312185687,1.219660845258204,1.519218808993965,39.64975303098342,37.46656148472132,50.34690617117906
20230505,11261390,136.44,137.88,135.912,136.74,137.392,137.58800000000002,136.6155,136.69602441387138,136.990515664482,135.88481770542302,1.105697959058972,1.4365146390069665,43.50567465321563,39.193393930990695,46.62906875778293
20230508,7484872,137.49,137.97,136.475,137.07,136.56599999999997,137.222,137.0745,136.82068294258093,137.00274402379245,135.9726089865028,1.0301350372896536,1.355238718663504,40.39911308203988,41.29617265526251,44.85143672360945
20230509,7343573,135.93,136.95,135.21,136.41,136.06400000000002,137.096,137.469,136.68378862838728,136.91155263551667,136.0050083208359,0.9065443146807581,1.2654998378669549,39.557099435518865,40.79491095125918,43.49926146615936
20230510,8133416,137.95,138.06,134.87,136.48,136.164,137.221,137.868,136.61585908559152,136.84515992236027,136.04019288966288,0.804967032697391,1.1733932768330422,40.458351696782685,40.66258192598359,42.5537016194341
20230511,7057277,135.0,136.81,134.9,136.05,136.55,137.121,138.221,136.42723939039436,136.72282762661254,136.04091934228043,0.6819082843321098,1.0750962783328557,40.1750547045952,39.33445484800292,41.48061936229037
20230512,9988598,136.82,136.99,133.13,134.1,136.022,136.707,137.9895,135.6514929269296,136.31931568405676,135.89714753914853,0.42216814490822685,0.94451065164793,36.529865908167395,33.42422776030381,38.79515549496151
20230515,7639451,134.27,135.67,133.96,135.23,135.654,136.10999999999999,137.7595,135.51099528461972,136.15172865574033,135.8477292029153,0.3039994528250247,0.816408411883349,44.62081128747795,38.904044103556565,38.83145169782652
20230516,6483267,135.46,135.9382,133.96,134.32,135.236,135.65,137.4055,135.11399685641317,135.86992424716487,135.73456407677344,0.13536017039143644,0.6801987635849666,47.84869976359339,39.32269606903766,38.99519982156357
20230517,12711520,135.9,138.5899,135.46,138.45,135.63000000000002,135.897,137.267,136.22599790427546,136.2668589783703,135.93570747849392,0.3311514998763698,0.6103893108432472,52.98380221653874,58.6943580489677,45.56158589736494
20230518,10999610,138.27,139.73,137.76,139.5,136.32,136.435,137.2015,137.31733193618365,136.76426528939024,136.19972914675364,0.564536142636598,0.6012186772019175,52.70154373927957,71.30128920436235,54.141486999697406
20230519,13492240,139.79,140.49,138.125,139.18,137.33599999999998,136.679,137.1335,137.9382212907891,137.1359167833302,136.42048995069783,0.7154268326323745,0.624060308288009,45.11605415860738,74.93455512174882,61.07250970704787
20230522,11402480,141.0,141.64,137.66,138.03,137.89600000000002,136.775,136.9985,137.9688141938594,137.27346804743325,136.53971291731278,0.7337551301204712,0.6459992726545014,47.72378516624044,69.1494762307938,63.76483188162984
20230523,9514897,137.54,139.03,136.455,136.59,138.35,136.79299999999998,136.9445,137.50920946257293,137.1683191170589,136.54343788640074,0.6248812306581613,0.6417756642552335,51.68975069252082,59.65233393842975,62.39399923389647
20230524,8577997,135.4,136.35,135.08,135.34,137.728,136.679,136.95,136.7861396417153,136.887039252896,136.45429433925995,0.43274491363604284,0.5999695141313953,53.497706422018354,48.42470519514592,57.737567887646286
20230525,8472505,134.82,136.27,134.58,135.67,136.96200000000002,136.641,136.881,136.41409309447687,136.69980244475815,136.39619846227774,0.30360398248041065,0.5406964078011984,46.468646864686384,39.70501179676387,51.72671585735214
20230526,8579941,136.11,137.6,135.63,136.94,136.51399999999998,136.925,136.816,136.5893953963179,136.73675591479534,136.43648005766457,0.3002758571307709,0.49261229766711295,49.59602237414545,39.40403564228701,47.619155785663764
20230530,7399867,136.8,137.72,136.02,137.46,136.4,137.148,136.629,136.87959693087862,136.84802423559606,136.51229634968942,0.3357278859066355,0.46123541531501744,53.29153605015678,39.867090805906194,45.03513412574458
20230531,14219910,136.73,136.84,134.4044,135.71,136.224,137.287,136.4685,136.48973128725243,136.6729435839659,136.45286699045317,0.22007659351271514,0.41300365095455704,47.816222348270045,32.592765606649984,40.88767795271305
20230601,12248090,136.52,138.23,135.445,137.58,136.672,137.2,136.54850000000002,136.85315419150163,136.81249072489422,136.53635832449368,0.27613240040054166,0.38562940084375397,54.011536444677496,36.358027422142115,39.377794442522735
20230602,12922470,139.56,141.48,139.34,140.47,137.632,137.297,136.86599999999999,138.0587694610011,137.37518445952588,136.827739189346,0.5474452701798782,0.41799257471097884,65.91704147926038,52.18200224958556,43.645863711543676
20230605,8511902,140.11,139.31,138.13,139.09,138.06199999999998,137.28799999999998,136.9835,138.40251297400073,137.63900223498345,136.99531406420925,0.6436881707741975,0.46313169392362263,59.5261599210267,56.861983447073314,48.05123695672022
20230606,9329541,138.68,140.1,138.2066,139.34,138.43800000000002,137.419,137.097,138.71500864933384,137.90069419883216,137.16899450389747,0.7316996949346901,0.5168452941258361,62.80612244897962,61.15972733319316,52.420733748877865
20230607,9281389,139.55,141.27,138.83,140.69,139.43400000000003,137.829,137.311,139.3733390995559,138.32981816824258,137.42980972583098,0.9000084424116039,0.5934779237829897,56.65873959571942,70.38477459803096,58.40874736526222
20230608,7370043,140.67,140.89,139.4807,140.73,140.064,138.368,137.52349999999998,139.82555939970393,138.69907691158988,137.6742682646583,1.0248086469315751,0.6797440684127068,53.88994307400377,76.72324713530327,64.51358062194257
20230609,7253946,140.35,141.8,140.21,141.01,140.17199999999997,138.902,137.7715,140.22037293313596,139.05460354057607,137.92135950431324,1.1332440362628233,0.7704440619827302,55.80215599239057,80.92148903977571,69.98288342788695
20230612,7600196,141.07,141.32,139.76,141.0,140.554,139.308,138.1165,140.48024862209064,139.35389530356437,138.14940694843818,1.2044883551261876,0.8572529206114217,60.15037593984964,83.67524513157053,74.54700399578147
20230613,7701567,140.48,142.87,140.14,142.02,141.09,139.76399999999998,138.456,140.9934990813938,139.76406525686218,138.43611754485016,1.327947712012019,0.9513918788915412,69.1062631949332,85.30089293844324,78.13163364333539
20230614,9068729,143.0,143.61,140.7,141.49,141.25,140.342,138.8145,141.15899938759588,140.02959367888337,138.66233106004645,1.367262618836918,1.0345660268806167,72.79466271312089,77.30521816334173,77.85616181667083
20230615,9343096,140.59,143.4,140.03,143.09,141.722,140.893,139.04649999999998,141.80266625839727,140.50042542059361,138.99030653708007,1.5101188835135417,1.1296765982072017,75.13550135501362,81.70712841059759,79.13981734797974
20230616,13813510,143.05,143.965,142.5,143.26,142.172,141.172,139.2345,142.28844417226486,140.92497535588691,139.30658012692598,1.6183952289609351,1.2274203243579485,73.1332357247438,83.72375755297588,80.66779741631179
20230620,8431008,142.61,143.0,141.04,142.53,142.478,141.51600000000002,139.402,142.3689627815099,141.171902224212,139.5453519693759,1.6265502548361042,1.3072463104535796,68.27685652487386,79.83401428556064,80.3898697060614
20230621,9926459,142.9,144.02,141.691,142.32,142.538,141.814,139.6165,142.35264185433994,141.3485326512563,139.75088145312583,1.5976511981304782,1.3653272879889595,76.80454176804545,74.07244010404608,78.28405983872295
20230622,10076330,142.31,142.6,138.95,139.58,142.156,141.703,139.76600000000002,141.4284279028933,141.07645070490918,139.7382235677091,1.3382271372000787,1.3599072578311835,57.57575757575761,53.523638570350386,70.03058608259876
20230623,9919539,138.54,139.18,137.62,138.85,141.308,141.51500000000001,139.9415,140.5689519352622,140.73391982723084,139.6724292293603,1.0614905978705451,1.300223925839056,42.66304347826082,42.088675713566865,60.716615959588125
20230626,8429727,138.87,140.01,137.69,139.19,140.494,141.33300000000003,140.1175,140.1093012901748,140.49639369996456,139.63669373088916,0.8596999690753933,1.2121191344863236,50.49999999999997,36.2362004757112,52.556477464962484
20230627,8154024,139.0,139.84,138.54,139.2,139.82800000000003,141.15300000000002,140.23049999999998,139.80620086011655,140.29694851535461,139.60434604711958,0.6926024682350373,1.1082158012360663,49.28278688524582,32.38663365047404,45.833196193466335
20230628,7558644,139.16,139.21,137.96,138.59,139.082,140.81,140.28699999999998,139.40080057341103,140.0343410514539,139.5292093028885,0.5051317485654181,0.9875989907019368,38.35920177383589,26.643172433649347,39.436521606860666
20230629,15423230,140.07,143.56,139.85,143.43,139.852,141.00400000000002,140.673,140.7438670489407,140.556750120461,139.81815676193378,0.7385933585272255,0.9377978642669946,59.76845151953699,48.02253162243288,42.298524945384735
20230630,14212820,144.6,146.0,143.66,145.44,141.17000000000002,141.23899999999998,141.06599999999997,142.3092446992938,141.30801933269777,140.23458959438312,1.073429738314644,0.9649242390765246,64.24437299035375,63.120828559744425,49.23929281683796
20230703,8021622,146.19,147.48,146.0,146.61,142.654,141.574,141.373,143.7428297995292,142.1237086661289,140.70684221702143,1.4168664491074594,1.0553126810827116,66.78635547576309,72.47270923590813,56.98376495652801
20230705,8935519,144.94,145.43,144.36,144.64,143.742,141.785,141.6505,144.04188653301946,142.51083040980137,140.9981872379828,1.5126431718185813,1.1467787792298856,57.417893544733786,72.04739101190356,62.004973641653194
20230706,9714100,143.02,143.39,141.4401,143.21,144.666,141.874,141.844,143.76459102201298,142.61839496213963,141.16202522035445,1.4563697417851813,1.2086969717409448,54.633620689655174,66.92949799711762,63.64648176014133
20230707,8981456,143.91,145.8436,143.0,144.34,144.848,142.35,142.0265,143.9563940146753,142.8832572756566,141.39743075958745,1.485826516069153,1.2641228806065865,53.45494748479823,67.26181718704679,64.85159356910981
20230710,9100060,144.5,145.99,144.5,145.15,144.79000000000002,142.98,142.2475,144.35426267645022,143.2319869255556,141.67539885146985,1.556588074085738,1.322615919302417,55.04538174052326,70.01628148604243,66.57315620808734
20230711,11265590,146.335,147.82,145.705,147.42,144.952,143.803,142.568,145.3761751176335,143.87629662931627,142.10092486247208,1.775371766844188,1.4131670888107712,62.062160828811024,78.65858928007965,70.60163389875144
20230712,11323230,147.45,149.87,147.0,148.15,145.654,144.698,142.9255,146.30078341175567,144.53378945557532,142.54900450228897,1.9847849532863506,1.5274906617058872,64.02116402116405,80.05050329916156,73.75125703222147
20230713,11234930,148.7,149.37,147.75,148.87,146.786,145.726,143.268,147.15718894117046,145.20089877010219,143.01722639100828,2.183672379093906,1.658727005183491,74.74693660095895,82.74615655872566,76.74955687438953
20230714,27028430,151.55,152.89,148.41,149.77,147.872,146.35999999999999,143.682,148.0281259607803,145.9038374208557,143.5174318435262,2.386405577329498,1.8042627196126926,78.8278775079198,79.41438894556597,77.63783423144834
20230717,17262390,150.35,153.75,150.35,153.38,149.518,147.15400000000002,144.19650000000001,149.81208397385353,147.0540162791856,144.24799244770946,2.806023831476125,2.004614941985379,81.94506978838363,85.27435568017191,80.18334138102286
20230718,13491730,153.38,154.4,152.82,153.66,150.76600000000002,147.85899999999998,144.7165,151.09472264923568,148.0703214670032,144.9451781923236,3.1251432746796013,2.228720608524224,82.16192170818509,88.2795969197015,82.88209322724907
20230719,12510000,152.75,155.205,152.22,154.25,151.98600000000002,148.82,145.3025,152.14648176615714,149.0210412413104,145.6344242521515,3.3866169891589095,2.4602998846511612,84.86197684772928,89.57817727188072,85.11412124212629
20230720,9935907,154.53,156.59,154.41,156.15,153.44199999999998,150.114,145.994,153.48098784410476,150.11780412726264,146.41335578902917,3.704448338233476,2.7091295753676246,82.58196721311474,91.83899438748486,87.35574562391247
20230721,10636380,155.8,156.14,154.69,154.95,154.478,151.175,146.7625,153.9706585627365,150.86121887691453,147.04569980465664,3.8155190722578993,2.93040747474568,75.41421699625862,89.5371277848888,88.08287301090458
20230724,14381430,154.97,158.785,154.73,158.0,155.402,152.46,147.72,155.31377237515767,151.95949289585076,147.85712944875613,4.102363447094632,3.1647986692154704,77.65905779504607,90.80441527053682,88.99005376411532
20230725,9944679,157.3,157.7198,155.96,156.82,156.034,153.4,148.60150000000002,155.81584825010512,152.70726321956602,148.5210457858853,4.186217433680724,3.369082422108521,80.75757575757575,87.93395091438596,88.6380194808722
20230726,8728593,156.71,158.25,156.275,157.76,156.736,154.361,149.52949999999998,156.46389883340342,153.48460733963276,149.2054127647086,4.279194574924162,3.5511048526716493,87.67477990678394,88.66279458549423,88.64627784907954
20230727,10778410,157.77,158.78,155.5538,156.02,156.70999999999998,155.076,150.401,156.3159325556023,153.87466774892002,149.71019700435983,4.164470744560191,3.6737780310493577,79.31726907630522,81.51516872781224,86.26924147532377
20230728,9105974,157.28,157.6,156.4401,156.91,157.102,155.79000000000002,151.075,156.5139550370682,154.34164194139385,150.24351574477762,4.098126196616221,3.7586476641627304,79.39999999999998,78.1565963643653,83.56502643833761
20230731,8894353,157.18,159.38,157.151,157.96,157.094,156.248,151.70100000000002,156.99597002471216,154.89831241194864,150.8151071710904,4.083205240858234,3.8235591795018316,78.06176783812568,78.82693016469796,81.98566101379106
20230801,6855682,157.43,158.0,156.15,157.18,157.166,156.6,152.2295,157.0573133498081,155.24934127164883,151.2865807139726,3.9627605576762335,3.851399455136712,73.97769516728623,71.1294222560093,78.36691476119714
20230802,8303708,155.56,155.69,153.94,155.4,156.69400000000002,156.715,152.7675,156.50487556653874,155.27251953754902,151.59127843886353,3.68124109868549,3.817367783846468,66.41528406234288,56.365693268712135,71.03317426370214
20230803,6087542,155.0,156.92,154.35,156.35,156.76000000000002,156.73499999999999,153.42450000000002,156.45325037769248,155.43828576254148,151.94377633228106,3.494509430260422,3.752796113129259,66.49949849548642,52.34428570855317,64.80354474531914
20230804,6209397,156.4,157.8,155.695,156.02,156.582,156.84199999999998,154.0085,156.30883358512833,155.52778026061202,152.2457188261862,3.2820614344258274,3.6586491773885728,57.923169267707124,47.64128851158455,59.08279266740761
20230807,7251832,156.6,157.7,156.6,156.76,156.342,156.718,154.589,156.45922239008556,155.71735252821017,152.58011002424647,3.137242503963705,3.5543678427035994,59.053738317756995,49.040270772428876,55.73528536908136
20230808,8623379,154.32,155.98,152.59,155.88,156.082,156.624,155.012,156.26614826005704,155.74237521617783,152.8245463187467,2.9178288974311215,3.427060053649104,54.68121769098219,48.84471659742679,53.438429111863165
20230809,6277813,155.32,155.52,153.47,153.79,155.76,156.227,155.294,155.4407655067047,155.44200979830433,152.89606140624696,2.545948392057369,3.250837721330757,43.2954545454545,38.45416059857902,48.443672940768444
20230810,5995076,154.38,155.44,153.09,153.56,155.202,155.981,155.52849999999998,154.81384367113648,155.15246982933445,152.94524204282126,2.2072277865131866,3.042115734367243,45.82080577269996,30.39801182762411,42.42845256972033
20230811,5180690,153.03,154.52,152.63,154.45,154.888,155.73499999999999,155.7625,154.69256244742434,155.04439754789837,153.05670559520487,1.9876919526934955,2.831230978032494,37.7332411886661,31.725599998452957,38.860835045964535
20230814,5044282,153.61,154.9178,152.92,154.77,154.49,155.416,155.832,154.7183749649496,155.0021825405294,153.18361629185637,1.8185662486730223,2.6286980321605995,42.46877296105807,35.097936787196424,37.60653562637516
20230815,10300300,152.85,153.2664,150.2301,150.83,153.48000000000002,154.781,155.6905,153.42224997663305,154.36030830352487,153.00927434431145,1.3510339592134244,2.3731652175711644,29.1390728476821,26.040227011840678,33.75109942153033
20230816,6978235,150.6,150.96,149.68,150.19,152.76000000000002,154.26,155.4875,152.3448333177554,153.7187224106749,152.8004392076958,0.9182832029790973,2.082188814652751,31.20567375886516,19.453747400340376,28.98531541446701
20230817,9953912,150.88,151.2622,148.4,148.63,151.774,153.488,155.1115,151.10655554517027,152.93584203980183,152.49151778490352,0.44432425489830507,1.754615902701862,24.41285537700861,13.793537693416846,23.92138950745029
20230818,8517460,147.65,149.5,147.4437,148.97,150.67800000000003,152.78300000000002,154.8125,150.39437036344685,152.32571249521692,152.2306646156514,0.09504787956552718,1.4227022980745951,20.94376212023262,15.155729126382935,20.99950271376117
20230821,8327018,149.65,150.105,148.02,149.48,149.61999999999998,152.055,154.3865,150.0895802422979,151.88791057287585,152.0269116811587,-0.13900110828285506,1.1103616168031052,24.671052631578817,18.50824553680981,20.16908365477738
20230822,9681972,149.26,149.6394,145.85,146.38,148.73000000000002,151.105,153.8645,148.85305349486526,151.04053971551033,151.6086219269988,-0.5680822114884734,0.7746728511447896,22.699757869249297,14.18102709058089,18.173064800045218
20230823,7858021,146.35,147.585,145.46,147.37,148.166,150.46300000000002,153.345,148.3587023299102,150.47584129773952,151.29464993240632,-0.8188086346667944,0.45597655398247283,22.88647342995168,16.185675175854556,17.51060159198166
20230824,6534026,147.5,149.41,146.9875,147.23,147.886,149.82999999999998,152.90550000000002,147.98246821994013,149.97648109808728,150.99356475222805,-1.0170836541407766,0.16136451235782293,23.152107513744596,17.02868733942329,17.349963507795536
20230825,6695537,147.28,148.6199,145.85,147.05,147.502,149.09,152.4125,147.6716454799601,149.52625323684308,150.7014488446556,-1.175195607812526,-0.10594751167624689,19.29158760278311,18.141759312570382,17.613895442720484
20230828,5094201,147.57,148.61,147.13,147.56,147.118,148.369,151.89249999999998,147.6344303199734,149.22375273886723,150.46874893023667,-1.244996191369438,-0.3337572476148851,23.056994818652868,24.158895577929705,19.79556215445689
20230829,6336962,147.71,148.85,147.18,148.76,147.594,148.162,151.4715,148.0096202133156,149.1524061636569,150.34217493540433,-1.1897687717474241,-0.504959552441393,32.714776632302375,35.064256537435554,24.88512694878311
20230830,6277318,148.62,149.15,147.19,148.16,147.752,147.959,151.10949999999997,148.05974680887707,148.99972829232507,150.1805323475966,-1.1808040552715227,-0.6401284530074189,31.903485254691645,42.75184379137252,30.840699229646244
20230831,10933940,148.26,148.35,145.96,146.33,147.572,147.72899999999998,150.6085,147.4831645392514,148.5890008627366,149.8953077292561,-1.306306866519492,-0.7733641357098335,24.401008827238385,34.744501530093395,32.14196666312863
20230901,7903496,146.09,148.08,145.7,146.82,147.526,147.51399999999998,150.14849999999998,147.26210969283426,148.31684688385405,149.6675071567186,-1.350660272864559,-0.8888233631407787,25.20274485339972,34.00985304028836,32.764595455515206
20230905,7854739,147.16,148.2099,145.01,145.2,147.054,147.08599999999998,149.5705,146.57473979522285,147.83733197864575,149.3365807006654,-1.4992487220196438,-1.0109084349165518,29.467541940189477,24.11262929958616,29.88060673687219
20230906,8629164,144.7,145.54,144.11,144.96,146.294,146.94400000000002,149.02450000000002,146.03649319681526,147.39466552039255,149.01238953765315,-1.6177240172605991,-1.1322715513853614,30.35311795642366,21.42099814940962,27.060737207718
20230907,8373738,144.13,145.2683,143.39,143.72,145.406,146.579,148.52100000000002,145.26432879787683,146.82933236340907,148.62036068301217,-1.7910283196031003,-1.2640229050289093,31.100846805234696,16.190387655162034,23.43728735686601
20230908,7110254,143.37,144.12,142.65,143.83,144.906,146.239,148.0345,144.78621919858458,146.36789661519228,148.26551915093717,-1.8976225357448868,-1.390742831172105,29.85893416927894,16.84487382139011,21.239816178374042
20230911,6854220,144.75,145.05,143.69,144.46,144.434,145.98,147.535,144.67747946572308,146.07437405900885,147.98362884346034,-1.909254784451491,-1.4944452218279825,30.512422360248422,20.51196716297803,20.997199839908703
20230912,8363165,144.5,147.32,144.05,146.34,144.662,145.858,147.1135,145.2316529771487,146.1152395883921,147.86187855875957,-1.746638970367485,-1.5448839715358829,49.82847341337911,32.5977216983956,24.864040459404336
20230913,8325914,147.34,147.7,145.82,146.41,144.952,145.623,146.89249999999998,145.62443531809913,146.16058734402407,147.75433199885146,-1.5937446548273897,-1.5546561081941843,45.530726256983165,43.720118559164305,31.14939982599099
20230914,10034930,147.84,149.895,147.52,149.25,146.058,145.73200000000003,146.8455,146.83295687873277,146.63588159878958,147.86512222115874,-1.2292406223691614,-1.4895730110291798,57.51488095238104,59.51251520231377,40.603771618098584
20230915,19863380,148.92,149.7256,148.31,148.81,147.05400000000003,145.98,146.85449999999997,147.49197125248853,146.97036135282195,147.9351131677396,-0.9647518149176335,-1.3846087718068707,56.42335766423357,68.01639499799981,49.741312744732326
20230918,6512360,148.16,149.14,147.75,149.12,147.98600000000002,146.21,146.86200000000002,148.03464750165904,147.30107499084934,148.02288256272183,-0.721807571872489,-1.2520485318199945,55.77777777777781,75.11191918661223,58.19818155869229
20230919,7945606,149.5,149.72,147.21,148.93,148.504,146.583,146.8345,148.33309833443937,147.551678838411,148.09007644696467,-0.5383976085536801,-1.1093183471667316,50.680544435548505,78.96810255412979,65.12148855717146
20230920,7334257,149.65,150.25,148.135,148.3,148.882,146.917,146.9305,148.32206555629293,147.66680517096316,148.1056263397821,-0.43882116881894717,-0.9752189114971748,50.559105431309966,77.42610345713919,69.2230268571607
20230921,8053410,147.58,148.855,146.63,147.14,148.46,147.259,146.919,147.9280437041953,147.5857582215842,148.0340984627612,-0.448340241176993,-0.8698431774331385,53.417721518987236,69.14789010963744,69.19798127465295
20230922,7071975,147.29,147.51,145.19,145.73,147.844,147.449,146.844,147.19536246946353,147.3002569567251,147.86342450255665,-0.5631675458315613,-0.8085080511128231,45.732184808144076,55.13085147094099,64.50893800674896
20230925,7044672,145.35,146.52,143.7,146.45,147.31,147.648,146.814,146.9469083129757,147.169448194152,147.75872639125615,-0.5892781971041359,-0.7646620803110857,55.2653748946925,50.74881192210312,59.922229311867014
20230926,7468405,144.6,145.84,144.23,144.93,146.51,147.507,146.68249999999998,146.27460554198382,146.82491770274402,147.54919110301495,-0.7242734002709312,-0.7565843443030549,49.885931558935354,40.092083266134985,53.31218062995633
20230927,6717822,145.19,146.09,144.5115,145.78,146.006,147.44400000000002,146.5335,146.10973702798924,146.66416113309108,147.41813991019902,-0.7539787771079318,-0.7560632308640304,58.072100313479645,37.313297241036594,47.97921950031642
20230928,8868063,146.28,148.87,146.01,147.59,146.096,147.278,146.50500000000002,146.6031580186595,146.8065978818463,147.4308702872213,-0.6242724053749953,-0.7297050657662234,63.00138312586444,44.67196915305752,46.87680271789678
20230929,11917830,148.6,148.76,144.86,145.02,145.954,146.899,146.4395,146.07543867910636,146.53173666925457,147.25228730298267,-0.7205506337280951,-0.7278741793585978,51.707317073170735,36.49887002061351,43.417491818802354
20231002,9170644,144.83,145.6223,142.63,143.77,145.418,146.36399999999998,146.287,145.30695911940424,146.10685410475386,146.99434009535432,-0.8874859906004531,-0.759796541606969,41.851616994292975,29.319456654162344,38.71814676392235
20231003,9431118,143.2,143.59,142.355,142.71,144.97400000000002,145.74200000000002,146.1625,144.44130607960284,145.58426116556097,146.67698156977252,-1.0927204042115477,-0.8263813141278848,38.96181384248213,21.36262574590622,32.932973091250304
20231004,8128748,143.19,143.47,141.93,143.35,144.488,145.24699999999999,146.082,144.0775373864019,145.24052867855158,146.43053849053013,-1.1900098119785412,-0.8991070136980162,29.739010989010936,21.062115530892275,28.97602057113096
20231005,8576237,142.04,143.1,140.83,142.9,143.55,144.823,146.041,143.68502492426794,144.88044734338982,146.16901712086124,-1.288569777471423,-0.9769995664526976,29.718599862731594,22.62349990616697,26.85851368280963
20231006,10270620,142.91,145.88,142.14,145.1,143.56599999999997,144.76,146.1045,144.15668328284528,144.914224675176,146.0898306674641,-1.175605992288098,-1.0167208516197777,37.78857837181038,32.785484182884055,28.83417051616777
20231009,6964907,143.66,145.395,143.5005,144.77,143.76600000000002,144.592,146.12,144.36112218856354,144.89203626361046,145.99206543283714,-1.1000291692266728,-1.0333825151411569,37.469879518072254,38.191981163382074,31.95344073190587
20231010,11288770,145.42,146.77,145.28,145.65,144.35399999999998,144.66400000000002,146.0855,144.79074812570903,145.00864606920885,145.96672725262698,-0.9580811834181304,-1.0183222487965515,42.13649851632043,45.444737027661006,36.45053949715758
20231011,8698175,146.51,147.23,145.02,146.15,144.91400000000002,144.701,146.07250000000002,145.243832083806,145.18423898163826,145.98030301169166,-0.796064030053401,-0.9738706050479214,46.94255713403339,52.65882846820951,41.853302487508216
20231012,10484440,146.3,146.96,145.13,145.81,145.496,144.523,145.90050000000002,145.43255472253736,145.28050990754008,145.96768797378857,-0.6871780662484923,-0.9165320972880356,50.2645502645503,61.04338564547304,48.249996873496485
20231013,29487200,148.5,153.11,147.84,148.0,146.07600000000002,144.821,145.86,146.2883698150249,145.69889299868777,146.1182296053598,-0.419336606672033,-0.8170929991648352,54.671488848704094,60.1581311469277,52.219374964640224
20231016,12663460,149.45,149.52,146.72,147.85,146.692,145.22899999999998,145.79649999999998,146.8089132100166,146.02983253735118,146.24650889385165,-0.21667635650047146,-0.6970096706319625,59.592641261498024,59.16079535745229,54.53318176224424
20231017,11482740,147.57,149.31,146.79,147.53,147.068,145.711,145.72650000000002,147.0492754733444,146.26062753160485,146.34158230912192,-0.08095477751706426,-0.5737986920089829,55.956432947583416,57.62728376707456,55.56454909718767
20231018,9620257,146.59,147.48,145.37,145.91,147.02,145.967,145.607,146.66951698222962,146.2066848344349,146.30961324918695,-0.10292841475205705,-0.4796246365575978,44.20689655172409,49.873673833169725,53.66759067584835
20231019,11143630,145.48,147.02,144.88,145.29,146.916,146.206,145.5145,146.2096779881531,146.065656398368,146.23408634183977,-0.16842994347177864,-0.417385697940434,51.07569721115531,39.456514816923836,48.93056538954018
20231020,13332870,144.57,145.14,142.12,142.95,145.906,145.991,145.3755,145.12311865876873,145.5863246447729,145.99082068688867,-0.40449604211576684,-0.4148077667755006,46.99413489736062,28.82178330834044,42.227638029140266
20231023,10133410,142.94,143.68,140.73,141.0,144.536,145.61399999999998,145.103,143.7487457725125,144.88073623788478,145.62113026563767,-0.7403940277528989,-0.4799250189709803,44.11562284927731,19.94150120394481,34.798925754075114
20231024,8881354,141.19,141.73,140.36,141.17,143.26399999999998,145.166,144.91500000000002,142.88916384834167,144.30985373974866,145.29141691262745,-0.9815631728787935,-0.5802526497525429,42.247510668563244,15.411981194786668,28.336610900978965
20231025,8242565,140.57,141.18,139.51,140.4,142.16199999999998,144.59099999999998,144.64600000000002,142.0594425655611,143.70833777978734,144.9290897339143,-1.2207519541269676,-0.7083525106274278,41.30737134909593,12.456026678877418,23.043082826945113
20231026,9109431,139.76,141.665,139.43,140.76,141.256,144.08599999999998,144.3045,141.62629504370742,143.25474735212774,144.62026827214288,-1.3655209200151432,-0.839786192504971,32.69537480063785,12.697807016179208,19.59465755668981
20231027,17434720,138.95,139.1,135.19,135.69,139.804,142.855,143.838,139.6475300291383,142.09094006718502,143.9587669186508,-1.867826851465793,-1.0453943242971353,23.726851851851734,9.645563506536845,16.27829287330549
20231030,9855540,136.44,138.04,136.04,137.42,139.088,141.81199999999998,143.5205,138.90502001942554,141.3723339030027,143.47441381356555,-2.10207991056285,-1.2567314415502782,27.3028130170986,12.478653403598448,15.01174638340314
20231031,9672460,137.71,139.24,137.4728,139.06,138.666,140.96499999999997,143.338,138.95668001295036,141.01659022561768,143.14742019774587,-2.130829972128197,-1.431551147665862,31.603528801245403,19.223582404314996,16.41569172370709
20231101,9432048,139.25,140.53,138.47,138.94,138.374,140.268,143.1175,138.95112000863358,140.69711480629186,142.83575944235727,-2.1386446360654077,-1.5729698453457712,31.96850393700781,25.378535673228434,19.403306373547537
20231102,10186180,140.09,141.48,139.23,141.42,138.506,139.881,143.0435,139.77408000575574,140.8083279130162,142.73088837255304,-1.9225604595368395,-1.642887968183985,32.988624612202614,41.379172977283744,26.728595241459605
20231103,9538719,142.19,143.77,141.85,143.0,139.968,139.886,142.9385,140.84938667050383,141.14550823409064,142.75082256717872,-1.6053143330880744,-1.635373241164803,38.32450649975925,57.92799566006947,37.128395380996224
20231106,7625063,143.17,144.19,142.79,144.08,141.3,140.19400000000002,142.904,141.9262577803359,141.596968505769,142.8492801547951,-1.2523116490260975,-1.558760922737062,41.987923827217855,71.54458969930562,48.60046015376602
20231107,6297915,143.51,144.2612,142.82,144.01,142.29000000000002,140.478,142.822,142.62083852022394,141.96820412026608,142.93525940258806,-0.9670552823219793,-1.4404197946540456,45.24524524524523,80.10665858837791,59.10252629863665
20231108,7618169,144.11,144.84,143.62,144.72,143.446,140.91000000000003,142.7505,143.32055901348264,142.39155733253284,143.06746240980377,-0.6759050772709259,-1.2875168511774218,48.579970104633794,86.32326462023119,68.17610573916815
20231109,7992477,145.44,145.6499,143.7,144.29,144.02,141.263,142.6745,143.64370600898843,142.68362543522008,143.1580207498183,-0.4743953145982118,-1.1248925438615798,53.689427312775344,86.16516583065098,74.17245910299576
20231110,7983935,144.94,146.48,144.0765,146.43,144.706,142.337,142.596,144.57247067265897,143.25999075287854,143.4003895831651,-0.14039883028655709,-0.9279938011465753,64.79564032697547,90.59174006497324,79.64555275698825
20231113,6676364,145.7,146.25,145.16,145.78,145.046,143.173,142.4925,144.97498044843934,143.6476844832049,143.57665702144914,0.07102746175576158,-0.728189548566108,62.24110462028679,90.8148013250467,83.36863561300774
20231114,9927723,146.68,149.25,146.52,148.44,145.932,144.111,142.53799999999998,146.12998696562624,144.38496379348106,143.93690464948992,0.448059143991145,-0.4929398100546574,69.40154440154433,91.18192343825467,85.97306488809005
20231115,8365296,148.46,150.16,148.46,149.74,146.93599999999998,145.19099999999997,142.72949999999997,147.33332464375084,145.2088155175609,144.36676356434253,0.8420519532183732,-0.2259414574000513,70.7294552169898,92.43656508398692,88.127564953389
20231116,8126188,150.09,151.525,150.09,151.45,148.368,146.19400000000002,143.0375,148.70554976250057,146.16899774562847,144.89144774476162,1.277550000866853,0.07475683425332955,93.0601092896173,94.67150513326654,90.3088783466815
20231117,7814064,152.2,152.86,151.54,152.82,149.64600000000002,147.176,143.531,150.0770331750004,147.19222886168563,145.4787479118163,1.7134809498693357,0.4025016573765308,92.92084726867317,96.31486796401029,92.3108748857911
20231120,7020349,152.08,153.75,151.92,153.29,151.148,148.09699999999998,144.1455,151.14802211666694,148.13034749834938,146.05735917760768,2.0729883207417004,0.7365989900495648,92.42695289206897,96.02958950150864,93.5504464243636
20231121,7083506,153.2,153.63,152.57,152.97,152.054,148.993,144.7355,151.75534807777797,148.87490942168023,146.56940664593304,2.305502775747186,1.0503797471890892,91.33765468473764,94.76599499105549,93.95562927992756
20231122,5175135,153.41,153.88,152.9,153.33,152.772,149.85399999999998,145.382,152.28023205185198,149.56030797219097,147.0701913388269,2.4901166333640674,1.3383271244240849,90.10101010100998,94.6405829139126,94.18394715792257
20231124,3496941,153.59,154.438,153.275,153.54,153.19,150.779,146.02100000000002,152.70015470123465,150.17256828416157,147.54943642483974,2.6231318593218305,1.5952880714036342,89.09495548961408,93.20078524648136,93.8562265207755
20231127,6259116,153.43,153.53,152.71,153.19,153.264,151.455,146.89600000000002,152.86343646748978,150.6367885481367,147.9672559489257,2.66953259921101,1.8101369769651097,85.7254901960783,90.21333818149698,92.64193040768265
20231128,6582937,153.22,153.87,152.72,153.54,153.314,152.231,147.702,153.08895764499317,151.08343646380797,148.38005180456082,2.703384659247149,1.988786513421518,86.56945510360705,88.46830998650485,91.25072360062339
20231129,9126053,154.17,155.625,154.0,154.32,153.584,152.81900000000002,148.465,153.4993050966621,151.58136931552983,148.82004796718596,2.76132134834387,2.143293480405988,86.6412213740458,84.45312806688393,88.98485842271023
20231130,9869790,154.91,156.13,154.381,156.08,154.134,153.453,149.322,154.3595367311081,152.27346634390986,149.35782219183884,2.9156441520710246,2.2977636147389955,90.8523908523909,89.27231050501061,89.08067578347702
20231201,8916001,155.82,157.86,155.82,156.84,154.794,153.99200000000002,150.09300000000002,155.18635782073875,152.97600998330833,149.91205758503597,3.063952398272363,2.451001371445669,89.8850574712644,87.12430127943465,88.42855094879621
20231204,9607465,156.02,158.05,155.88,157.99,155.754,154.50900000000001,150.8425,156.12090521382584,153.74739306279935,150.51042368984812,3.236969372951222,2.6081949717467796,95.05535055350562,91.05123734930677,89.3027797489664
20231205,9135597,157.26,158.5,156.97,157.97,156.64000000000001,154.97700000000003,151.537,156.73727014255059,154.39702489929175,151.06298489800753,3.3340400012842224,2.753363977654268,93.6755270394134,90.9829204666075,89.86282665484677
20231206,9366004,158.84,159.22,156.0,156.31,157.038,155.311,152.152,156.5948467617004,154.69132876093917,151.45165268334028,3.2396760775988866,2.850626397643192,79.14818101153506,79.08846003457396,86.27137111475582
20231207,8130874,156.69,157.31,156.15,156.79,157.18,155.65699999999998,152.7555,156.6598978411336,155.0142012592562,151.84708581790767,3.1671154413485283,2.913924206384259,76.59362549800801,73.61657704301852,82.05310642417672
20231208,7369370,157.26,158.78,156.98,158.52,157.51600000000002,156.155,153.467,157.2799318940891,155.5535549116783,152.3413757573219,3.2121791543563916,2.9735751959786856,77.40384615384622,78.82130777226881,80.97584020687407
20231211,8093908,158.52,159.3,158.15,159.1,157.738,156.746,154.10049999999998,157.88662126272607,156.0991618483432,152.84201459011288,3.2571472582303045,3.030289608429009,77.64034253092296,84.62301021295897,82.1915635422357
20231212,10222980,159.23,160.645,158.88,160.52,158.248,157.44400000000002,154.8375,158.76441417515073,156.77929079475194,153.4107542501045,3.3685365446474407,3.0979389956726955,82.51507321274764,89.08349680438218,84.48887462961785
20231213,12379100,160.52,162.03,159.77,161.06,159.198,158.118,155.4685,159.5296094501005,157.43786144171318,153.97736504639306,3.4604963953201207,3.1704504756021805,82.78201865988123,87.51567527162786,85.49780817695452
20231214,13642990,161.83,164.8399,161.705,163.99,160.638,158.90900000000002,156.181,161.01640630006702,158.4458827583727,154.71904170962318,3.7268410487495203,3.2817285902316486,86.00964851826328,88.51525120193,86.50362251861301
20231215,20309350,163.08,165.28,162.39,165.23,161.98,159.748,156.87,162.420937533378,159.48959310323843,155.49763121261407,3.991961890624367,3.4237752503101926,89.09090909090905,92.16390310013719,88.3903827124544
20231218,8469608,165.92,167.13,165.63,166.23,163.406,160.572,157.5405,163.69062502225202,160.52657877966328,156.29262149316116,4.233957286502118,3.585811657548578,89.53271028037379,92.08051761033403,89.62042767841427
20231219,10345690,166.0,168.47,165.55,168.45,164.992,161.61999999999998,158.29850000000002,165.27708334816802,161.74556665971508,157.19316804922332,4.552398610491764,3.7791290481372153,90.3945111492281,94.66623251944344,91.302362625424
20231220,10734710,167.99,169.41,166.45,166.55,166.09,162.644,158.97750000000002,165.7013888987787,162.48471025052814,157.88626671224384,4.5984435382843,3.9429919461666323,79.69370391378338,88.77453849378828,90.45975458154543
20231221,7601678,166.84,168.09,165.675,167.5,166.792,163.715,159.686,166.30092593251914,163.25629328890844,158.5983951039295,4.657898184978933,4.085973193929092,79.91021324354662,86.86212572173216,89.26054496160766
20231222,6576322,167.5,168.23,167.23,167.4,167.226,164.603,160.379,166.66728395501275,163.89378662907637,159.25036583697178,4.6434207921045925,4.197462713564192,78.05605247465719,84.87864411838177,87.79991134719903
20231226,4683605,167.46,168.765,167.18,168.39,167.658,165.53199999999998,161.139,167.24152263667517,164.58551176306463,159.92737577497388,4.6581359880907485,4.289597368469504,79.36865839909817,86.39212512456429,87.33064927298744
20231227,6428643,167.84,169.47,167.58,169.4,167.848,166.42,161.932,167.9610150911168,165.3262022610547,160.62905164349434,4.697150617560368,4.371108018287677,88.29724985371575,90.62758974820707,88.42962943139398
20231228,6320129,169.35,170.66,168.995,170.3,168.598,167.344,162.731,168.7406767274112,166.09140191320012,161.3454181884207,4.745983724779421,4.446083159586026,88.57795545402641,92.30069868743838,89.71998585007543
20231229,6435102,170.0,170.69,169.63,170.1,169.118,167.95499999999998,163.432,169.1937844849408,166.70810931116932,161.99390573001915,4.714203581150173,4.499707243898856,86.23279098873596,91.0409327176956,90.16030147261549
20240102,9977424,169.09,172.17,168.91,172.08,170.054,168.64,164.194,170.1558563232939,167.5345540325279,162.7410238240918,4.793530208436096,4.558471836806304,87.3417721518988,93.5741162730258,91.29823973941892
20240103,9852335,171.86,172.04,170.37,171.33,170.642,169.15,164.86100000000002,170.5472375488626,168.11846879675437,163.37724428156648,4.741224515187895,4.595022372482623,82.3459006582885,91.40506904729828,91.33384950871204
20240104,11972550,170.64,173.35,170.54,171.41,171.044,169.446,165.533,170.83482503257508,168.62485821263832,163.97226322367266,4.65259498896566,4.6065368957792305,81.84615384615388,85.84442171014238,89.50404024252215
20240105,10066030,171.47,173.38,171.47,172.27,171.43800000000002,170.01799999999997,166.331,171.31321668838342,169.1856492568478,164.5869103922895,4.5987388645583,4.604977289535045,79.19605077574053,84.59520587127778,87.86776211877402
20240108,11229920,172.02,172.36,169.485,172.02,171.82200000000003,170.47,167.0925,171.54881112558897,169.62170321733277,165.13750962249026,4.484193594842509,4.580820550596538,75.73919636087953,82.41830929052934,86.05127784269246
20240109,9923630,171.62,171.79,170.095,170.66,171.538,170.796,167.6995,171.25254075039265,169.78144118389696,165.5465829837873,4.23485820010967,4.511628080499165,66.3468634686347,72.64668895230687,81.58308154589726
20240110,9670218,170.0,171.08,168.95,171.02,171.476,171.059,168.2955,171.17502716692846,169.97198869406665,165.95202128128454,4.019967412782108,4.413295946955754,60.99230111206166,64.1656524409862,75.77727184426024
20240111,11919500,170.33,170.36,168.6401,170.3,171.25400000000002,171.14900000000003,168.7845,170.883351444619,170.02245197190257,166.27409377896717,3.748358192935399,4.280308396151683,67.84015223596566,54.45034367884434,68.6682957891216
20240112,19436500,173.8,176.31,168.9,169.05,170.60999999999999,171.024,169.18400000000003,170.27223429641268,169.87284397622525,166.47971646200662,3.3931275142186337,4.102872219765073,57.169287696577264,38.081651736647515,58.47274777163024
20240116,17206420,164.87,168.09,164.3,167.99,169.804,170.81300000000002,169.384,169.5114895309418,169.5831756721906,166.5915893166728,2.9915863555177964,3.880615046915618,52.506372132540356,35.62923326989379,50.85824293771809
20240117,11107470,167.34,169.07,166.49,167.09,169.09,170.31400000000002,169.477,168.7043263539612,169.1996101841613,166.6285086265489,2.571101557612394,3.6187123490549737,44.43493150684943,31.496369224059066,44.40428503316508
20240118,9382255,167.12,167.53,165.24,167.42,168.37,169.923,169.5365,168.27621756930745,168.92582400198262,166.6871376171749,2.238686384807721,3.3427071562055235,40.999999999999964,29.65702994065769,39.488533335662616
20240119,13115660,167.55,170.57,167.08,170.31,168.372,169.81300000000002,169.6295,168.95414504620499,169.13877415552375,166.95549779368045,2.1832763618432978,3.1108209973330787,50.03849114703615,36.45189728489029,38.476321318738506
20240122,12837510,170.46,171.9803,169.71,170.11,168.584,169.59700000000004,169.8075,169.33943003080333,169.2881935162124,167.1891646237782,2.0990288924342053,2.9084625763533043,50.03849114703626,40.42671586963823,39.12645283570508
20240123,8360829,169.67,169.75,168.44,168.99,168.78400000000002,169.294,169.882,169.2229533538689,169.24231759064128,167.32255983683166,1.9197577538096198,2.7107216118445674,37.262984336356155,39.96807424892341,39.40699330677785
20240124,9967060,169.36,171.01,168.8627,170.5,169.466,169.27800000000002,170.037,169.64863556924593,169.43580719208109,167.5579257748441,1.8778814172369778,2.5441535729230496,46.780449961210195,43.85326515290423,40.889083922153304
20240125,8873481,172.31,172.99,170.905,172.94,170.57,169.47,170.2645,170.74575704616396,169.97491377791476,167.95659793967047,2.018315838244291,2.438986025987298,55.01639344262294,53.215526754725474,44.99789819967736
20240126,7442955,172.61,173.06,171.78,172.28,170.964,169.66799999999998,170.4085,171.2571713641093,170.32954242746635,168.27684994413931,2.0526924833270357,2.361727317455246,50.03322259136209,65.8423146401366,51.946037013163775
20240129,6971192,172.24,172.84,171.3,172.73,171.488,170.036,170.53,171.74811424273955,170.69884359247152,168.6067129112401,2.092130681231424,2.3078079902104816,52.32786885245895,75.82156014372272,59.904544723350085
20240130,10822080,172.83,176.7603,172.83,176.27,172.94400000000002,170.86399999999998,170.8385,173.2554094951597,171.55594457824512,169.1743638067038,2.3815807715413086,2.322562546476647,66.09294320137698,82.462384910331,67.42382478567706
20240131,11521820,176.2,178.3,174.34,174.36,173.71599999999998,171.591,170.95250000000001,173.6236063301065,171.98733772005355,169.55848500620723,2.428852713846311,2.34382057995058,58.798735511064294,76.60296843101092,70.48353933412167
20240201,9354798,173.64,174.84,171.43,173.73,173.874,172.222,171.0725,173.65907088673768,172.25543960927607,169.86748611685854,2.387953492417523,2.3526471624439687,59.078877713075634,68.95235082689432,69.97314316504588
20240202,8607839,173.3,175.8162,173.26,174.73,174.36399999999998,172.66400000000002,171.2385,174.0160472578251,172.636141207849,170.22767233042455,2.40846887742444,2.3638115054400632,65.23605150214584,67.23260170068811,69.05962934359329
20240205,7820160,173.86,175.09,172.92,174.5,174.71800000000002,173.103,171.35,174.1773648385501,172.92288871433377,170.5441410466894,2.378747667644376,2.366798737880926,68.27624929814708,64.73314980837766,67.6174694985214
20240206,6765684,174.61,175.87,173.76,175.1,174.48399999999998,173.714,171.504,174.48490989236672,173.25782891212856,170.88161208026796,2.376216831860603,2.3686823566768616,72.87264420331238,62.064606070133166,65.76651502239199
20240207,7225478,175.69,175.87,173.96,175.43,174.69799999999998,174.207,171.7425,174.7999399282445,173.5920090794934,171.21852970395182,2.373479375541592,2.3696417604498077,72.87264420331242,61.04307071342208,64.19203358606867
20240208,6060285,175.0,175.3058,173.57,174.8,174.912,174.393,171.9315,174.79995995216302,173.77785383649442,171.48382379995536,2.2940300365390556,2.3545194156676574,64.72131147540986,57.362047142281384,61.91537143813957
20240209,6296729,175.0,175.1,173.6731,175.01,174.96800000000002,174.666,172.167,174.86997330144203,173.96741478472603,171.74502203699572,2.2223927477303107,2.328094082080188,66.05504587155957,55.611573398105016,59.81410542479472
20240212,8539316,174.78,176.808,173.7,175.79,175.226,174.972,172.504,175.17664886762805,174.24781251015278,172.0446500342553,2.2031624758974715,2.3031077608436448,72.78820375335117,58.22916149878511,59.28579078279151
20240213,8397631,175.32,176.2299,172.615,174.26,175.058,174.771,172.8175,174.87109924508536,174.24968750859082,172.20875003171787,2.040937476872955,2.2506737040495066,62.583668005354724,56.36003849516126,58.31054002024809
20240214,7056664,175.07,176.1,174.42,176.03,175.178,174.938,173.2645,175.25739949672356,174.5235817380384,172.49180558492395,2.0317761531144356,2.2068941938624924,60.82690960056062,64.72178096990403,60.447620336800064
20240215,8723390,176.15,180.21,176.15,179.87,176.19199999999998,175.552,173.887,176.79493299781572,175.346107624494,173.03833850455922,2.3077691199347896,2.227069179076952,71.74785100286532,74.98897752612866,65.29473939990959
20240216,8152647,179.61,179.98,178.16,179.03,176.996,175.982,174.323,177.53995533187714,175.91286029764876,173.48216528199927,2.4306950156494906,2.26779434639146,67.65695067264573,78.14713928557795,69.57887269513238
20240220,9667959,179.19,180.46,178.405,179.73,177.784,176.505,174.804,178.26997022125144,176.50011255954897,173.94496785370302,2.5551447058459473,2.3252644182823574,61.533333333333275,82.32966285917638,73.82913608314703
20240221,7027857,179.95,180.99,178.52,180.9,179.112,177.08499999999998,175.3995,179.14664681416764,177.17701831961836,174.4601554200954,2.7168628995229653,2.4035841145304793,72.93127629733515,87.86156628422702,78.50661281684036
20240222,9296459,181.82,183.42,181.24,183.07,180.52,177.849,176.028,180.4544312094451,178.08363088583093,175.0979216852735,2.9857092005574373,2.520009131735871,79.5569620253165,90.8279638254557,82.61372981971213
20240223,7105833,183.81,185.2,183.19,183.99,181.344,178.768,176.5805,181.63295413963007,178.99230305724154,175.75659415303102,3.235708904210526,2.6631490862308023,79.45292620865146,90.6804356902853,85.30263177656985
20240226,7145391,183.75,184.46,182.48,183.36,182.21,179.603,177.13449999999997,182.20863609308674,179.66425643305053,176.31980940095463,3.3444470320959,2.799408675403822,77.4813895781638,88.91343044164967,86.50623133159645
20240227,5717065,183.31,183.54,182.24,183.45,182.954,180.369,177.6705,182.62242406205783,180.24667852027352,176.84797166755055,3.3987068527229667,2.9192683108676514,76.74567584881487,87.19769821651103,86.73672029323464
20240228,6131608,183.43,185.2,182.96,184.38,183.65,181.381,178.07600000000002,183.20828270803855,180.88257413253913,177.40589969217643,3.4766744403627,3.0307495367666615,77.60641579272054,88.44487431745304,87.30610496797411
20240229,9643012,185.66,186.43,183.85,186.06,184.248,182.38400000000001,178.661,184.1588551386924,181.6791011890716,178.04694415942262,3.6321570296489654,3.1510310353431223,82.61877172653533,90.80524873884211,88.4724862249301
20240301,6311996,185.7,186.44,185.1,185.29,184.50799999999998,182.926,179.239,184.53590342579494,182.23462408306057,178.5834668142802,3.6511572687803664,3.2510562820305715,78.84399551066215,89.09937138490736,88.68144794492251
20240304,7063605,184.71,187.59,184.27,186.68,185.172,183.691,179.8365,185.25060228386332,182.918528070282,179.1832100132224,3.735318057059601,3.3479086370363778,79.54422137818773,89.38855556494744,88.91715048493081
20240305,6617832,186.36,189.3,186.36,188.55,186.192,184.573,180.53900000000002,186.35040152257557,183.7849083671617,179.87704630853926,3.9078620586224417,3.459899321353591,88.06606286627596,89.82396673726024,89.21942256904062
20240306,7572891,189.25,190.07,187.63,189.53,187.22199999999998,185.43599999999998,181.2605,187.41026768171707,184.6687686183676,180.59207991531414,4.076688703053463,3.5832571976935657,87.54171301446047,90.91712725012754,89.78532412940292
20240307,7618277,189.91,190.5,186.63,187.87,187.584,185.916,181.8825,187.5635117878114,185.16126575400335,181.13118510677236,4.030080647230989,3.6726218876010504,75.31645569620251,83.33135359855153,87.63400061911912
20240308,6172199,188.44,190.455,187.92,188.22,188.17000000000002,186.339,182.5535,187.78234119187425,185.63184025338745,181.6562825062707,3.9755577471167385,3.7332090595041882,80.01306335728282,79.68660054269859,84.98486726031227
20240311,5762569,187.28,188.44,186.22,188.29,188.49200000000002,186.83200000000002,183.2175,187.95156079458283,186.04078790671247,182.14766898728772,3.893118919424751,3.765191031488301,79.15531335149863,76.68761875260361,82.21911775774271
20240312,5708384,188.95,190.16,187.91,189.84,188.75,187.471,183.92000000000002,188.58104052972192,186.62528207491056,182.7174712845257,3.907810790384872,3.7937149832676154,79.68127490039839,81.15014182504403,81.86279244684314
20240313,7795535,190.36,191.73,189.84,191.38,189.12,188.171,184.776,189.51402701981462,187.35677714030894,183.35914007826452,3.9976370620444186,3.834499399022976,78.79417879417879,85.8695315473484,83.19837214701155
20240314,10310950,191.03,191.63,187.103,187.97,189.14000000000001,188.362,185.373,188.9993513465431,187.45111911872294,183.7006852576523,3.7504338610706327,3.8176862914325076,61.76122931442078,73.77897277419294,80.058572356072
20240315,17214230,186.48,190.94,186.48,190.3,189.55599999999998,188.863,185.89450000000002,189.43290089769542,187.88940848507326,184.18952338671508,3.6998850983581804,3.794126052817642,68.63587540279269,73.86837749374519,77.99517406862972
20240318,9013843,190.63,192.7,189.89,192.66,190.43,189.46099999999998,186.576,190.50860059846363,188.62334564121585,184.81696609881027,3.8063795424055797,3.79657675073523,72.0440402106271,82.37315701229107,79.45450171651683
20240319,8478717,192.71,193.93,192.38,193.79,191.22,189.98499999999999,187.279,191.60240039897576,189.41821554256725,185.48163527667617,3.936580265891081,3.8245774537664,72.30915125651967,87.6434968062917,82.18416674644178
20240320,9367043,194.19,196.56,193.61,196.33,192.21,190.66500000000002,188.0505,193.1782669326505,190.4815669975569,186.28521784877424,4.196349148782673,3.8989317927696545,73.39407744874715,91.02087407975864,85.12973585754739
20240321,11203800,196.52,199.43,196.33,199.06,194.428,191.78400000000002,188.85,195.13884462176702,191.8013259210097,187.2314980081243,4.569827912885387,4.033111016792802,78.79548306148058,93.08027991893067,87.77991721134181
20240322,8108840,199.01,200.48,196.54,196.62,195.69199999999998,192.624,189.48149999999998,195.63256308117803,192.5426603947005,187.9269426001151,4.615717794585407,4.1496323723513235,69.91185897435898,86.19637708881095,87.25207050383152
20240325,8620015,196.6,196.94,194.36,194.82,196.124,193.277,190.05450000000002,195.36170872078537,192.89302033397735,188.43753944455102,4.455480889426326,4.210802075766324,62.595419847328216,77.3213942496835,83.94184508578218
20240326,5961484,194.59,196.66,194.0554,195.73,196.512,193.86599999999999,190.6685,195.4844724805236,193.3294787441347,188.97772170791762,4.351757036217066,4.238993067856473,62.48992747784044,73.57140569026518,80.48503195394318
20240327,8725757,196.5,199.6,196.38,199.52,197.15,194.68,191.4255,196.8296483203491,194.28186662965243,189.75863121103484,4.523235418617588,4.2958415380086965,71.61410018552876,80.09522284112921,80.35509558300518
20240328,8628313,199.49,200.72,198.54,200.3,197.398,195.913,192.1375,197.9864322135661,195.2077333020136,190.53947334355078,4.668259958462812,4.37032522209952,72.05989773557341,85.43744311292275,82.04921142631103
20240401,7309009,199.99,200.94,198.565,198.94,197.86200000000002,196.777,192.82,198.30428814237743,195.78192817862688,191.16173457736184,4.6201936012650435,4.420298897932625,68.57342169515171,82.50346674817902,82.2006298669337
20240402,7014683,198.39,199.78,198.08,198.86,198.67000000000002,197.397,193.429,198.48952542825162,196.25547768960737,191.73197646052023,4.523501229087145,4.44093936416353,66.58088235294119,78.87679956927265,81.09268643438
20240403,9353426,199.04,199.56,197.7,198.3,199.18400000000003,197.848,193.91649999999998,198.4263502855011,196.57001958351393,192.21849672270392,4.351522860810007,4.423056063492825,63.196033562166306,73.13571491102027,78.44036259326009
20240404,9243793,199.15,199.68,195.55,195.65,198.41,197.78,194.22250000000003,197.50090019033408,196.42847810912716,192.47268215065176,3.9557959584753917,4.329604042489338,65.08248232521602,56.47775642994614,71.11949387215543
20240405,6532278,196.16,198.1224,195.11,197.45,197.84,197.619,194.70149999999998,197.48393346022274,196.5856353231076,192.84137236171458,3.7442629613930194,4.2125358262700745,64.34015242679499,54.08755404987042,65.44218059806042
20240408,8000963,197.62,198.98,197.62,198.48,197.748,197.805,195.2145,197.8159556401485,196.87707604262948,193.25904848306905,3.6180275595604314,4.093634172928146,62.33050847457625,57.48106155881606,62.788474251645624
20240409,7358631,198.07,198.88,194.91,197.15,197.406,198.03799999999998,195.6575,197.59397042676568,196.9190643437634,193.5472671139528,3.3717972298105963,3.9492667843046365,57.05882352941179,50.70323949139427,58.76006266489517
20240410,7681377,195.55,197.07,194.18,195.47,196.84,198.012,195.939,196.88598028451048,196.6961313677998,193.68969177217855,3.0064395956212593,3.7607013465679615,48.12554489973842,40.16310640649161,52.56107724542731
20240411,10137700,196.0,196.57,193.24,195.43,196.796,197.603,196.1415,196.400653523007,196.50134192659982,193.81860349275792,2.682738433841905,3.5451087640227503,41.03703703703705,36.25592375151389,47.1260260807895
20240412,31532310,188.32,188.93,182.54,182.79,193.86399999999998,195.852,195.8825,191.863769015338,194.39190470712293,193.00166990070176,1.3902348064211765,3.1141339725024357,27.29064039408867,24.653987837436173,39.63534666633839
20240415,14766590,184.5,187.46,182.195,182.89,190.746,194.24699999999999,195.512,188.872512676892,192.62238090602708,192.25265731546457,0.3697235905625007,2.565251896114449,29.252173913043464,17.760937082740295,32.343876805139026
20240416,16451800,182.9,183.16,179.65,180.8,187.476,192.441,194.919,186.18167511792802,190.8035530743306,191.40431232913386,-0.6007592548032505,1.932049665930909,25.058469762779836,13.754420694534478,26.147391434937507
20240417,9017093,181.37,182.4199,179.2,180.08,184.398,190.619,194.2335,184.14778341195205,189.15377567827974,190.56547437882764,-1.4116987005479018,1.263299992635147,13.812360387192797,10.65259323686866,20.98245870224789
20240418,9557720,181.1,183.36,179.97,181.25,181.562,189.179,193.4795,183.18185560796803,187.93781018931364,189.87543923965524,-1.9376290503415987,0.6231141840397979,15.045871559632928,10.556396839408919,17.50710474796823
20240419,13402310,182.4,185.88,181.41,185.8,182.164,188.01399999999998,192.8165,184.05457040531203,187.60891631403462,189.57355485153263,-1.9646385374980184,0.10556363973223465,28.416557161629413,18.216459681557197,17.743556392497887
20240422,11529670,185.99,190.125,185.98,189.41,183.46800000000002,187.107,192.45600000000002,185.83971360354136,187.88600611187542,189.56143967734505,-1.675433565469632,-0.2506358013081387,36.09066823667937,31.18926075394245,22.22545784631274
20240423,9144372,191.13,192.225,190.52,192.14,185.73600000000002,186.606,192.322,187.93980906902758,188.54046671004843,189.75244414568988,-1.211977435641444,-0.44290412817479974,41.477587161040354,45.62492647461063,30.025280722412035
20240424,6964905,190.53,193.23,190.17,193.08,188.33599999999998,186.36700000000002,192.1895,189.6532060460184,189.23885644696406,189.99892976452765,-0.760073317563581,-0.506337966052556,46.26778971826896,63.39357179561836,41.148044413480804
20240425,9802265,192.25,193.935,191.18,193.37,190.76,186.161,191.882,190.89213736401229,189.87441699358496,190.24863867085892,-0.37422167727396527,-0.4799147082968379,43.80315917375457,74.31757857294136,52.20455579996765
20240426,6413655,193.57,194.87,193.06,193.49,192.298,187.231,191.54149999999998,191.7580915760082,190.4306605330334,190.48873951005456,-0.05807897702115383,-0.3955475620417011,42.20556076226182,79.94284008670458,61.45065056221329
20240429,5411129,193.48,194.26,192.43,193.28,193.07199999999997,188.27000000000004,191.2585,192.2653943840055,190.86902045102826,190.6954995463468,0.1735209046814532,-0.2817338686970703,43.73583684040141,83.2463009639932,68.71586736280659
20240430,8153681,192.81,194.99,191.64,191.74,192.99200000000002,189.36399999999998,190.9025,192.09026292267035,191.0030173047162,190.77286995032114,0.23014735439505785,-0.17935762407864467,43.934959349593505,81.61826189432658,73.01666553997991
20240501,7446703,192.27,194.46,190.79,191.86,192.748,190.542,190.5805,192.0135086151136,191.13486079629834,190.8533981021492,0.28146269414912695,-0.08719356043309036,44.21018488485243,80.0626409683336,75.3653240160978
20240502,6501657,193.07,193.5,189.52,191.66,192.406,191.58300000000003,190.381,191.89567241007575,191.21565144302167,190.9131463908789,0.30250505214277723,-0.00925383791791684,74.11636759108214,74.38878247315466,75.03981016845009
20240503,8922775,192.0,192.529,188.46,190.51,191.81,192.05400000000003,190.03400000000002,191.43378160671716,191.1070896825568,190.88328369525823,0.2238059872985616,0.03735812712537885,69.59876543209879,60.05704436444095,70.04555490044703
20240506,7911134,191.73,192.2,189.815,192.0,191.554,192.31300000000002,189.71,191.62252107114477,191.244460500625,190.9660034215354,0.2784570790896055,0.08557791751822419,79.72399150743092,58.10847368042869,66.06652782710758
20240507,7688771,191.7,192.93,191.65,191.75,191.55599999999998,192.27400000000003,189.44,191.66501404742985,191.32223580822114,191.02407724216238,0.2981585660587598,0.1280940472263313,81.76374523679904,55.53326525096466,62.555440301726605
20240508,9227561,191.0,196.65,191.0,195.65,192.31400000000002,192.531,189.449,192.9933426982866,191.98804568387942,191.3667381871874,0.621307496692026,0.22673673711947023,84.1232227488151,66.2855060973057,63.79879556691963
20240509,7977291,195.17,197.59,195.1,197.5,193.482,192.94400000000002,189.55249999999998,194.49556179885775,192.83603865559027,191.82105387702535,1.0149847785649229,0.38438634540856076,81.79347826086948,77.1950836559621,68.26422492993377
20240510,7529790,198.54,199.3399,198.27,198.77,195.134,193.472,190.3515,195.92037453257186,193.74895578549948,192.33579062687534,1.413165158624139,0.5901421080516764,79.14072229140716,83.05068923234603,73.1930463640712
20240513,7049241,198.8,199.85,198.04,198.73,196.48,194.017,191.1435,196.85691635504793,194.515270280038,192.80943576562532,1.705834514412686,0.8132805893238784,74.64472700074779,85.42273048618208,77.26960773810815
20240514,8596175,199.0,201.58,198.16,201.51,198.432,194.99399999999997,192.179,198.40794423669863,195.59138254464756,193.45392200520865,2.137460539438905,1.0781165793468839,77.71203155818522,90.10397479566603,81.54773009062744
20240515,8369975,202.01,202.69,199.77,202.11,199.724,196.019,193.28050000000002,199.64196282446576,196.59424676854795,194.09511296778578,2.4991338007621664,1.3623200236299404,78.15721649484522,92.04401786565137,85.04649268230207
20240516,8497927,202.22,204.48,201.9901,202.47,200.71800000000002,197.1,194.3415,200.58464188297717,197.49820880415595,194.715474970172,2.78273383398394,1.6464027857007404,78.48984771573586,90.12731092168553,86.74009876209655
20240517,9260490,203.81,205.05,202.8149,204.79,201.922,198.528,195.291,201.98642792198478,198.6200228342858,195.4617360834926,3.158286750793195,1.9487795787192315,82.20481253497468,92.80136267851393,88.760520067569
20240520,17373250,204.39,205.88,195.4,195.58,201.292,198.886,195.59949999999998,199.85095194798987,198.15232701362643,195.47049637360428,2.681830640022156,2.0953897909798167,57.51761942051684,72.12743174983369,83.21615729499055
20240521,14420800,197.0,199.9,196.6,199.52,200.894,199.66299999999998,195.9685,199.74063463199326,198.3627382422993,195.77045960518913,2.592278637110155,2.1947675602058845,63.04495912806537,61.75223959574569,76.06151806190893
20240522,9425338,199.0,200.935,197.69,198.31,200.13400000000001,199.929,196.23000000000002,199.26375642132885,198.35462466656094,195.95857370850845,2.3960509580524842,2.2350242397752047,60.948304247612775,50.423884921336814,67.51564034838489
20240523,8069445,197.81,198.3,196.07,196.92,199.024,199.871,196.4075,198.4825042808859,198.13391317939772,196.02979047084116,2.1041227085565595,2.208843933531476,60.470434498529876,38.450528878855536,57.82726985854177
20240524,7356233,197.75,200.76,197.56,200.71,198.208,200.065,196.7685,199.22500285392397,198.53023422872116,196.37647265818626,2.153761570534897,2.19782746093216,63.23305986022485,42.52299889633628,52.72584620447327
20240528,6910206,199.86,200.41,198.66,199.5,198.99200000000002,200.142,197.0795,199.31666856928265,198.67942896276406,196.60784505387616,2.0715839088879022,2.1725787505233085,61.4408030705639,41.38937839908423,48.94702360267692
20240529,6120045,198.0,198.99,196.89,198.11,198.70999999999998,199.802,197.398,198.91444571285513,198.59182450695423,196.7191157906261,1.872708716328134,2.1126047436842734,53.92219387755103,36.212511808040915,44.70218633779825
20240530,6829719,198.56,199.85,198.4,199.33,198.91400000000002,199.524,197.7715,199.0529638085701,198.70538996742283,196.91251462095008,1.792875346472755,2.0486588642419696,52.97754637162384,36.64167453869398,42.01534907143016
20240531,14417890,199.3,203.3,198.35,202.63,200.05599999999998,199.54,198.32,200.2453092057134,199.30917612628087,197.33603205643527,1.9731440698456026,2.0335559053626966,55.89133089133087,47.42396623190284,43.818221458254385
20240603,6444309,202.31,202.42,199.19,201.82,200.278,199.243,198.8855,200.77020613714228,199.69545672223768,197.66817783003268,2.027278892205004,2.0323005027311583,54.607813898001794,58.12588988996374,48.58744426882417
20240604,6848338,200.16,201.98,198.28,199.16,200.21,199.601,199.24349999999998,200.23347075809485,199.61307876497034,197.7786831759562,1.8343955890141501,1.9927195199877568,46.48308889554026,52.99678966384855,50.05722606716563
20240605,8351597,199.76,199.82,196.92,197.26,200.04000000000002,199.375,199.51899999999998,199.24231383872993,199.25106664728258,197.74026219995943,1.510804447323153,1.896336505454836,43.01354076634971,40.81759237156521,46.977348168632155
20240606,7640289,197.26,198.02,195.33,196.91,199.55599999999998,199.235,199.58200000000002,198.46487589248662,198.89090254770065,197.67876129625873,1.2121412514419205,1.759497454652253,41.98847262247838,33.81984200764316,42.59151278163582
20240607,6964498,197.43,200.92,197.01,199.95,199.02,199.538,199.7045,198.95991726165778,199.05384061728518,197.84700120023956,1.2068394170456145,1.6489658471309254,43.167701863354026,41.86902056051149,42.35068204126104
20240610,6071201,199.24,200.84,198.44,199.61,198.578,199.428,199.74650000000003,199.17661150777187,199.1394035992413,197.97759370392552,1.1618098953157698,1.5515346567678943,57.58945386064031,45.813140432227236,43.50483483824977
20240611,9235302,197.91,197.94,193.6,194.36,197.618,198.91400000000002,199.52800000000002,197.5710743385146,198.40411073781956,197.70962379993102,0.6944869378885414,1.3801251129920238,40.73941134242642,33.15377747028214,40.05448238226056
20240612,12751330,196.0,196.72,191.31,191.53,196.472,198.25600000000003,199.029,195.55738289234307,197.3465552396935,197.251873888825,0.09468135086848406,1.123036360567316,38.50067842605155,22.71413910862845,34.27436795771652
20240613,8587786,192.32,194.58,190.88,193.66,195.822,197.689,198.60649999999998,194.92492192822874,196.77939289512526,196.98580915631945,-0.20641626119419243,0.8571458362150144,44.60622104566512,23.172799844804878,30.57384525341264
20240614,6874029,191.45,194.86,191.42,193.78,194.58800000000002,196.804,198.172,194.54328128548585,196.31794783433674,196.7483418114069,-0.43039397707016747,0.599637873557978,36.94915254237284,24.15724193857865,28.434977481801305
20240617,8725445,193.48,195.58,192.64,194.98,193.66199999999998,196.11999999999998,197.6815,194.68885419032392,196.11210970597725,196.61735352908045,-0.5052438231031999,0.37866153422574245,41.48455162019589,29.717045754537153,28.862333572713254
20240618,9022971,194.6,197.96,194.13,197.0,194.19,195.904,197.7525,195.45923612688262,196.24870821275,196.6456977121115,-0.39698949936152417,0.22353132750828913,47.95730585204266,40.13008893595972,32.61825202712874
20240620,8731062,196.39,199.45,196.11,198.67,195.618,196.04500000000002,197.71,196.52949075125508,196.62121464155769,196.7956460297329,-0.17443138817520776,0.14393878437158975,48.80521361332363,52.61660643539412,39.2843701632172
20240621,20972500,196.71,197.17,194.22,196.3,196.14600000000002,195.98399999999998,197.6095,196.4529938341701,196.57179700439497,196.75893150901194,-0.1871345046169779,0.07772412657387621,38.14162607718247,53.216961184506424,43.9285671703136
20240624,9785929,197.81,199.23,197.1,198.88,197.166,195.877,197.7075,197.26199588944672,196.92690515756496,196.91604769352958,0.010857464035382236,0.06435079406617743,44.83485593815881,66.59427128364219,51.48380187475646
20240625,6915909,198.09,200.07,197.74,198.07,197.78400000000002,195.723,197.5755,197.53133059296448,197.10276590255495,197.00152564215702,0.10124026039792966,0.07172868733252788,47.95189778278841,70.47525231024096,57.81428535325129
20240626,7758582,197.45,197.94,196.275,197.43,197.87,196.03,197.472,197.497553728643,197.1531096098542,197.03326448347872,0.1198451263754805,0.08135197514111842,50.33530571992113,70.74120919340697,62.12325996663652
20240627,7913453,197.44,199.86,196.9,199.17,197.97,196.79399999999998,197.525,198.05503581909534,197.4634004391074,197.1915411884062,0.27185925070119765,0.11945343025313426,54.225878833208675,77.02593136978574,67.09081710101958
20240628,15307620,200.01,202.6,199.3018,202.26,199.16199999999998,197.654,197.67149999999998,199.45669054606356,198.2013388330909,197.5669825818576,0.6343562512332994,0.22243399444916728,54.311310190369554,83.54606937369917,72.57590119191278
20240701,10205840,202.84,207.09,202.66,205.45,200.476,198.82099999999997,197.8125,201.45446036404238,199.3165174741538,198.1509097980163,1.1656076761375118,0.4110687307868362,59.8515519568151,84.81260591991463,76.6548027679134
20240702,7802936,205.29,208.86,204.77,208.83,202.628,200.206,198.16299999999998,203.91297357602826,200.78013017043784,198.94195351668176,1.8381766537560793,0.696490315380685,76.05329492257836,89.80676460234744,81.03879004605807
20240703,5560925,209.55,210.38,207.65,208.69,204.88000000000002,201.375,198.6395,205.5053157173522,201.9970332211397,199.6640310339646,2.3330021871751114,1.0237926897395702,84.21052631578952,89.71853613753856,83.93203874321823
20240705,8093096,206.99,207.37,204.52,204.79,206.004,201.987,199.01600000000002,205.26687714490149,202.42672041788742,200.04373243885613,2.3829879790312987,1.295631747597916,70.72625698324023,79.93524528984904,82.59977425876183
20240708,8706967,205.04,206.9,203.97,205.17,206.586,202.874,199.429,205.23458476326766,202.84876343052014,200.42345596190384,2.425307468616296,1.521566891801592,71.00700848395427,74.31107809586766,79.8368755377971
20240709,9060258,205.63,209.76,205.45,207.63,207.022,203.74899999999997,199.81300000000002,206.0330565088451,203.58433828736318,200.95727403879985,2.627064248563329,1.7426663631539396,72.29467747620728,76.37517459729236,78.68297522429552
20240710,8328493,206.14,207.97,205.58,207.8,206.81599999999997,204.722,200.2225,206.6220376725634,204.23290162776883,201.46414262851837,2.7687589992504513,1.947884890373242,70.36199095022627,77.87029443973796,78.412081629443
20240711,10666940,206.21,208.1,205.38,207.45,206.56799999999998,205.724,200.877,206.8980251150423,204.72783983888132,201.90753947085037,2.8203003680309564,2.122367985904785,67.42063492063491,76.43074963214872,77.7516376303449
20240712,15443440,204.0,207.45,202.1,204.94,206.598,206.30100000000002,201.54749999999999,206.24535007669488,204.7604798636688,202.1321661767133,2.6283136869554937,2.223557126114927,67.04814522494075,62.38700539083668,72.63009355050883
20240715,10719670,207.19,211.61,206.72,210.05,207.57399999999998,207.08,202.36700000000002,207.5135667177966,205.5742521923351,202.71867238584565,2.855579806489459,2.349961662189833,70.03946896304268,69.45674176423812,71.57230962175191
20240716,11557020,210.0,213.74,208.08,213.62,208.77200000000002,207.89700000000002,203.35899999999998,209.54904447853107,206.81205954736046,203.52617813504227,3.28588141231819,2.5371456122155047,75.38361083904667,79.29418523114154,74.14626815821512
20240717,11572470,213.8,217.56,213.27,216.87,210.586,208.70100000000002,204.4535,211.9893629856874,208.3594350016127,204.51460938429838,3.8448256173143136,2.7986816132352668,79.24187725631762,84.7084132675053,77.66698319464518
20240718,12415130,215.63,216.635,209.235,209.98,211.092,208.83,205.10250000000002,211.31957532379158,208.60875269367227,204.9194531336096,3.689299560062665,2.9768052026007465,64.07918728835631,73.46235744353737,76.26544127760924
20240719,8095898,211.2,212.35,208.92,209.78,212.06,209.329,205.658,210.80638354919438,208.78894458695348,205.27949364223113,3.509450944722346,3.0833343510250666,60.591549295774634,65.53376654062474,72.68821636528108
20240722,7663223,210.46,212.17,209.71,210.28,212.106,209.84,206.35700000000003,210.6309223661296,209.01833772742216,205.6499015205844,3.368436206837771,3.1403547221876074,57.36056080463273,61.326090156018054,68.9008409621934
20240723,5557262,211.02,211.475,209.3527,210.33,211.448,210.10999999999999,206.92950000000002,210.53061491075306,209.22013192320338,205.9965754820226,3.22355644118079,3.1569950659862442,52.54409769335142,58.628777654680455,65.47681985968907
20240724,7118957,209.55,212.03,208.07,208.59,209.792,210.189,207.45549999999997,209.8837432738354,209.12318855040286,206.18868100187277,2.9345075485300924,3.112497562495014,49.83912483912485,53.07895224412937,61.34419732116916
20240725,6403774,208.65,210.19,208.05,208.67,209.53000000000003,210.311,208.0175,209.47916218255693,209.05346723495626,206.37248240914144,2.680984825814818,3.026195015158975,57.11665443873805,41.3822781258525,54.6902242560636
20240726,8027787,209.24,213.16,208.62,212.24,210.02200000000002,211.041,208.671,210.399441455038,209.54370304496297,206.80711334179762,2.7365897031653503,2.96827395276025,61.60919540229886,42.27448054517051,50.55164301909923
20240729,6533636,212.65,213.61,210.545,210.85,210.13600000000002,211.121,209.1005,210.549627636692,209.74467180727635,207.1065864275904,2.638085379685947,2.90223623814539,55.47991831177669,37.99721766453353,46.36683456757733
20240730,8850705,213.23,215.79,212.96,215.19,211.108,211.27800000000002,209.5875,212.09641842446135,210.58241460615693,207.70535780332443,2.8770568028324988,2.8972003510828115,61.01341281669147,53.05425072025009,48.59597328513491
20240731,9071637,214.78,216.39,212.67,212.8,211.95,210.871,209.786,212.3309456163076,210.9235815898251,208.0827387067819,2.8408428830431944,2.8859288574748883,57.516156223658356,54.35431263044655,50.515419733572124
20240801,10918640,213.2,213.83,206.38,207.96,211.808,210.669,209.74949999999998,210.87396374420507,210.46764596062124,208.07364695072397,2.3939990098972714,2.787542887959365,53.98206751054853,41.49761368170301,47.50948438294908
20240802,18041680,203.88,204.67,196.89,199.14,209.18800000000002,209.60499999999996,209.467,206.96264249613674,208.72493119744874,207.4118953247444,1.3130358727043472,2.4926414849083613,36.89646889262549,31.51122963395585,42.17673279995134
20240805,13927000,194.05,196.1699,190.9,194.9,205.998,208.067,208.9535,202.9417616640912,206.59801870553355,206.48508826365222,0.11293044188133194,2.0166992763029556,27.872340425531945,26.238295890402373,36.863920496768344
20240806,10605780,195.4,202.6,194.0,200.34,203.028,207.06799999999998,208.589,202.0745077760608,205.63524659698993,206.02989654041872,-0.3946499434287887,1.5344294323566068,31.422791638570487,29.836907604193975,34.52158286591022
20240807,9204434,203.51,205.75,200.2,200.4,200.548,206.24900000000002,208.219,201.51633851737387,204.8298240436069,205.61286716705436,-0.7830431234474702,1.0709349211957915,37.28093467870422,32.31444422207153,33.78586998463065
20240808,7761199,202.47,204.91,201.79,204.06,199.768,205.788,208.04950000000002,202.36422567824928,204.7113895753597,205.49783996949478,-0.7864503941350733,0.6994578581296185,43.04474708171207,38.75232596366166,35.441355310974316
20240809,5540240,203.47,206.47,202.9,205.8,201.1,205.144,208.09250000000003,203.50948378549953,204.87886810222744,205.52022219397665,-0.6413540917492071,0.43129546815385333,44.71199244570351,45.31964924319959,38.73411995504941
20240812,6935954,206.41,207.14,203.66,206.19,203.358,204.67800000000003,207.8995,204.40298919033302,205.08058070188477,205.5698353647932,-0.48925466290842223,0.24718544194139822,45.152224824355955,50.20786868599863,42.55870286536582
20240813,6387942,207.73,208.09,205.4,207.94,204.87800000000001,203.953,207.61550000000003,205.58199279355537,205.52049136313326,205.74540311554924,-0.22491175241597716,0.15276600306992316,49.23905408569421,58.24295475999267,47.78678683024143
20240814,6999809,207.74,210.755,207.12,210.24,206.846,203.697,207.28400000000002,207.13466186237025,206.24656961495893,206.07833621810113,0.1682333968578007,0.15585948182749867,51.747162252392634,71.2973681443685,55.62364726828379
20240815,7001005,213.0,213.89,211.1,211.55,208.344,204.056,207.3625,208.60644124158017,207.06248198188834,206.48364464638993,0.578837335498406,0.24045505256168015,49.19146941645184,77.4721326269112,62.90647572115959
20240816,7931234,211.69,214.09,211.585,213.97,209.978,205.539,207.57200000000003,210.39429416105347,208.12517706159784,207.03818948739809,1.0869875741997532,0.4097615568892948,53.56979405034326,84.78231771941748,70.19842305391222
20240819,6090818,214.0,215.53,213.82,215.45,211.83,207.594,207.83049999999997,212.07952944070232,209.2520728982751,207.66128656240562,1.590786335869467,0.6459665126853293,50.318315377081284,89.68092762072925,76.69259124285122
20240820,5640223,215.0,216.0,213.68,214.52,213.14600000000002,209.012,208.04000000000002,212.8930196271349,210.06252322161737,208.16933940963483,1.8931838119825386,0.8954099725447713,52.18384966988319,89.64888489282492,81.01135579284245
20240821,5202472,214.43,215.0,212.84,214.6,214.01800000000003,210.43200000000002,208.34050000000002,213.46201308475662,210.76059657213779,208.64568463855076,2.114911933587024,1.139310364753222,59.589832466782205,89.53691562829547,83.85320907132679
20240822,5247098,214.58,216.8,214.335,216.63,215.03400000000002,211.689,208.73850000000002,214.51800872317108,211.66358171488582,209.23711540606553,2.426466308820295,1.3967415535666365,81.42292490118587,92.5933572478844,86.76659179684599
20240823,7213981,217.6,219.19,216.5,218.31,215.902,212.94,209.042,215.7820058154474,212.68610760490338,209.90918093154215,2.7769266733612312,1.6727785775255555,96.31974673525929,92.93509289090288,88.82275882819829
20240826,5105245,219.01,219.68,218.05,219.17,216.64600000000002,214.238,209.458,216.91133721029826,213.68362951184133,210.5951675292057,3.0884619826356356,1.9559152585475714,95.50507491541816,93.93655874255515,90.52735879965057
20240827,5185221,219.51,220.42,219.19,220.18,217.77800000000002,215.462,209.70749999999998,218.0008914735322,214.6830711254042,211.3051551196349,3.377916005769322,2.2403154079919214,95.70240295748623,95.09933672965772,92.05135144298629
20240828,6506402,219.25,222.21,219.19,221.29,219.11599999999999,216.567,210.132,219.0972609823548,215.69952172149587,212.0447732589212,3.6547484625746733,2.523202018908472,95.12833944473556,93.84661664330118,92.64977317642459
20240829,6416149,222.15,222.98,218.94,222.21,220.23200000000003,217.63299999999998,210.8445,220.13484065490323,216.70113376434264,212.79775301751963,3.903380746823018,2.799237764491381,94.90968801313639,93.36651497456113,92.88868710913677
20240830,8574128,222.5,225.48,221.93,224.8,221.53000000000003,218.71600000000004,212.1275,221.6898937699355,217.94711318521303,213.6868083495552,4.26030483565782,3.091451178724669,95.45676599902306,93.78442770455979,93.18726730761111
20240903,8956089,222.3,224.1,219.24,220.3,221.756,219.20100000000002,213.39749999999998,221.2265958466237,218.30909577210332,214.1766743977363,4.132421374367027,3.299645217853141,76.61498708010342,82.19594758363061,89.52349406628427
20240904,7389474,221.04,222.07,217.21,219.33,221.586,219.68200000000002,214.34700000000004,220.5943972310825,218.4661579610105,214.5584022201262,3.907755740884312,3.421267322459375,70.76290543627232,69.73673311317863,82.92790708191572
20240905,8067874,220.15,220.8,216.03,217.63,220.85399999999998,219.98499999999999,215.20850000000002,219.60626482072166,218.3375182747012,214.78592798159832,3.5515902931028904,3.4473319165880785,63.64452423698383,52.13489438585805,72.66356951656316
20240906,7776998,217.6,218.74,211.09,212.46,218.904,219.56800000000004,215.62849999999997,217.22417654714778,217.43328469397795,214.61363701999844,2.8196476739795173,3.3217950680663666,46.98361965641232,37.93009637305988,61.0857451353954
20240909,8935074,215.19,218.15,214.175,216.81,217.30599999999998,219.41800000000003,216.179,217.08611769809852,217.33739474105826,214.77633057407263,2.5610641669856307,3.1696488878502196,52.437275985663106,38.53667300478721,53.569387758526
20240910,28406900,218.6,218.64,200.61,205.56,214.358,218.05700000000002,216.14749999999998,213.244078465399,215.52548785781855,214.09363942043763,1.4318484373809213,2.82208879775636,38.27838827838827,32.32561473338849,46.48813008348016
20240911,13658740,205.25,207.7,201.831,207.23,211.93800000000002,216.762,216.112,211.23938564359935,214.2492589566157,213.5852216855904,0.6640372710253075,2.39047849241015,40.74353177593569,30.42321507624637,41.133158414402224
20240912,9055756,207.65,208.78,204.89,206.6,209.73200000000003,215.29299999999998,215.93,209.69292376239957,213.07244988636714,213.06779785702813,0.004652029339013097,1.9133131997959225,36.943504295756306,28.31055780582352,36.85895821154266
20240913,10226690,206.86,207.8482,203.02,204.32,208.10399999999998,213.504,215.5685,207.90194917493307,211.72591913461835,212.41981283058158,-0.6938936959632258,1.391871820644093,32.06870033324786,24.1383568286872,32.61875775059084
20240916,8634936,205.83,208.21,205.59,207.86,206.314,211.81,215.263,207.88796611662207,211.13116234467708,212.08204891720516,-0.9508865725280771,0.9233201420096591,36.43559606620297,27.353499147052737,30.86367154941147
20240917,7573345,207.73,209.93,207.66,209.25,207.052,210.705,214.95300000000003,208.3419774110814,210.8417527531883,211.8722675159307,-1.0305147627423992,0.5325531610592474,37.0097456619919,32.50015346802027,31.40916552228107
20240918,8259876,209.01,211.3361,206.7,207.53,207.112,209.525,214.60350000000003,208.07131827405425,210.33225232962087,211.5506180703062,-1.2183657406853285,0.18236938071033224,33.88003748828493,34.38969598732146,32.40267567729453
20240919,11635170,209.78,211.91,207.34,210.48,207.888,208.81,214.39749999999998,208.87421218270285,210.35498274044843,211.4713130280613,-1.1163302876128682,-0.07737055295430786,36.88212927756651,41.17382949348883,35.32639361602597
20240920,20884970,209.93,211.415,209.5,211.09,209.24200000000002,208.673,214.1205,209.6128081218019,210.468062318841,211.4430676185753,-0.9750052997343062,-0.2568975023103075,33.95740697402293,46.82433521048637,39.159040814179434
20240923,7223491,211.0,211.8,209.99,211.44,209.958,208.13600000000002,213.777,210.22187208120127,210.61759119286546,211.44284038756973,-0.8252491947042699,-0.3705678407891,38.517366511145646,62.99516979769766,47.10441714201884
20240924,7323239,211.15,212.95,210.37,211.59,210.426,208.73899999999998,213.398,210.67791472080086,210.76719254780923,211.4537410996016,-0.686548551792356,-0.43376398298975116,39.75105932203388,70.76482283257054,54.9912190388694
20240925,8976520,211.68,212.24,208.61,210.19,210.958,209.035,212.8985,210.5152764805339,210.67839369430013,211.36013064777924,-0.6817369534791169,-0.4833585770876243,40.06940736785905,71.24502791053546,60.40915532942475
20240926,7807480,211.13,211.7,209.01,209.78,210.81799999999998,209.35299999999998,212.323,210.27018432035595,210.54017927979243,211.24308393312893,-0.7029046533365033,-0.5272677923374002,45.902140672782856,66.47313454905265,62.430481735967376
20240927,7032450,210.65,212.44,209.33,210.5,210.7,209.971,211.7375,210.34678954690398,210.53399785213205,211.18804067882309,-0.6540428266910396,-0.5526227992081281,39.146886824905394,64.58208969936848,63.14768439043441
20240930,8668314,206.31,210.96,205.26,210.86,210.584,210.27100000000002,211.0405,210.517859697936,210.58415202872712,211.16374136928061,-0.5795893405534969,-0.5580161074772019,64.5764576457646,67.32867531756781,64.54134803281221
20241001,8540064,208.9,209.09,206.19,207.04,209.67399999999998,210.05,210.3775,209.35857313195734,210.03889787046143,210.8582790456302,-0.8193811751687861,-0.6102891210155188,49.53271028037384,52.60143157278687,60.56137587947043
20241002,5810931,207.08,208.95,205.69,207.29,209.094,210.02599999999998,209.77550000000002,208.66904875463825,209.61599050577504,210.59396207928722,-0.9779715735121783,-0.6838256115148508,51.72932330827066,43.866927507128835,54.996559755356564
20241003,7251325,206.17,206.49,204.34,205.23,208.18400000000003,209.50099999999998,209.1555,207.52269916975885,208.9412227356558,210.19663155489556,-1.2554088192397614,-0.798142253059833,52.30613279270145,32.69022422271612,47.56111457780975
20241004,10213420,209.3,211.67,206.91,211.22,208.32800000000003,209.51399999999998,209.0935,208.75513277983924,209.29180385324722,210.2724366249033,-0.9806327716560759,-0.8346403567790817,57.57439134355271,48.42917774352196,47.85046896638048
20241007,6718898,211.03,213.33,209.69,210.93,208.342,209.46300000000002,208.7995,209.48008851989286,209.5438340296707,210.3211450230586,-0.7773109933878857,-0.8231744841008425,53.98481973434536,56.72067541077213,50.80720444784436
20241008,6021772,210.58,211.33,208.38,210.75,209.084,209.379,209.05900000000003,209.90339234659527,209.72939802510598,210.3529120583876,-0.6235140332816229,-0.7832423939369987,58.239508700102334,61.58093229090403,54.39844706219758
20241009,7023998,209.7,214.24,209.38,213.42,210.31,209.702,209.36849999999998,211.07559489773018,210.29718294432047,210.58010375776632,-0.2829208134458554,-0.68317807783877,57.63239875389406,71.62634543299319,60.14107985246278
20241010,7927051,214.81,214.81,211.47,212.84,211.83199999999997,210.00799999999998,209.6805,211.66372993182014,210.68838556827114,210.74750347941327,-0.05911791114212406,-0.5583660444994409,54.550182007280284,74.81234235488307,65.03150068660287
20241011,18320650,215.67,224.6299,215.16,222.29,214.046,211.18699999999998,210.579,215.20581995454677,212.47324932699865,211.60250322167894,0.8707461053197108,-0.2725436145356106,69.14931168372748,79.3641153199816,69.80903889772911
20241014,9048925,223.2,223.7,218.88,221.48,216.156,212.24899999999997,211.26,217.29721330303119,213.85890327669117,212.33416964970272,1.52473362698845,0.08691183376920153,67.05760607105896,81.0679192909081,73.56199902878876
20241015,9235825,223.66,225.45,221.82,222.39,218.484,213.78399999999996,211.917,218.99480886868747,215.17137969566176,213.07904597194695,2.092333723714802,0.48799621175832164,71.40350877192981,82.54677960622357,76.55692588793369
20241016,6382515,222.33,223.68,221.04,223.64,220.52799999999996,215.419,212.7225,220.54320591245832,216.47424435786763,213.86133886291384,2.612905494953793,0.912978068397416,73.61963190184046,85.11029463859707,79.40804880482148
20241017,6470186,224.27,225.85,223.31,224.42,222.844,217.33799999999997,213.41950000000003,221.83547060830557,217.69666830281108,214.64346191010543,3.053206392705647,1.3410237332590622,73.67346938775508,87.3450428290895,82.05371347957748
20241018,7000543,225.0,225.92,223.1,225.37,223.45999999999998,218.75300000000001,214.1335,223.01364707220372,218.87718087160937,215.43802028713466,3.439160584474706,1.760651103502191,74.19139713237743,90.51813193547056,84.8751862982085
20241021,5869959,225.22,225.7,222.9,223.0,223.76399999999998,219.95999999999998,214.71149999999997,223.00909804813585,219.51146073751562,215.99816693253211,3.5132938049835047,2.1111796437984536,77.96075683251578,87.7940307219945,85.8481344394705
20241022,9586793,223.02,225.28,221.1,224.12,224.10999999999999,221.29699999999997,215.33800000000002,223.37939869875726,220.22046677789785,216.599784196789,3.6206825811088663,2.4130802312605364,78.6127167630058,87.71043801304828,86.46890229732975
20241023,6180528,223.66,224.7999,222.53,223.41,224.064,222.296,215.99899999999997,223.38959913250486,220.7111641966828,217.10424462665645,3.606919570026349,2.6518480990136992,82.39486813970065,84.03124615987606,85.65635025151185
20241024,6002202,221.83,225.06,221.66,224.98,224.17600000000002,223.51,216.75899999999996,223.91973275500322,221.36790816642392,217.68763391357078,3.6802742528531383,2.857533329781587,79.10321489001691,84.90340653082647,85.40536901128338
20241025,6369720,225.0,225.62,220.875,222.31,223.564,223.512,217.34949999999998,223.38315517000217,221.51284537158946,218.03003140145444,3.4828139701350267,2.982589457852275,71.86779400461185,66.08360567532472,78.96478123263049
20241028,6842956,223.35,225.64,222.95,225.5,224.064,223.914,218.0815,224.0887701133348,222.12625377596032,218.5833624087541,3.5428913672062095,3.094649839723062,75.40475370306581,74.61404567320962,77.51453604615686
20241029,6580004,225.21,226.75,222.81,222.9,223.82,223.965,218.87449999999998,223.69251340888985,222.24529165658183,218.903113341439,3.3421783151428315,3.1441555348070165,66.36740331491717,61.232058817600766,72.08704363663816
20241030,7110941,222.54,226.31,221.58,224.41,224.01999999999998,224.042,219.73050000000003,223.93167560592656,222.57832370941537,219.31103087170277,3.2672928377126027,3.168782995388134,69.35429909668785,60.87811013371964,68.35073246899864
20241031,7829932,224.7,225.69,221.82,221.92,223.408,223.792,220.56499999999997,223.26111707061773,222.4770431387361,219.50428784416923,2.9727552945668663,3.1295774552238806,49.19319668556476,46.514484769997416,61.07198323599823
20241101,6923452,223.56,226.15,222.7,222.94,223.53400000000002,223.54900000000004,221.151,223.1540780470785,222.54826727123822,219.75878504089744,2.7894822303407807,3.061558410247261,53.154710458081254,42.725968570069185,54.95664501402188
20241104,8229588,222.65,223.76,219.17,219.78,222.39000000000001,223.227,221.5935,222.02938536471902,222.12237999874003,219.76035651934947,2.362023479390558,2.9216514240759204,44.86018117369046,31.166476847944157,47.02658895866264
20241105,5600686,220.03,221.96,220.0,221.49,222.108,222.964,222.13049999999998,221.84959024314605,222.02509076816463,219.88847825865693,2.1366125095076995,2.7646436411622766,45.841392649903334,30.97993795139996,41.67770528957508
20241106,23987750,235.0,248.0,234.77,247.06,226.638,225.329,223.8125,230.25306016209737,225.87661526537005,221.9011835728305,3.9754316925395585,3.006801251437733,72.35387045813587,52.899794453436485,45.41840167752888
20241107,16451070,244.5,244.57,235.22,236.38,229.52999999999997,226.469,224.9895,232.29537344139825,227.49252060915927,222.97368849336158,4.518832115797693,3.3092074243097254,59.11876759980122,55.16478376905015,48.66719570803596
20241108,9502100,239.34,239.34,235.78,236.98,232.33800000000002,227.93599999999998,225.724,233.85691562759882,228.95213282313478,224.01119304940886,4.9409397737259155,3.635553894192964,61.92832764505119,57.368498463677085,51.56762995991633
20241111,9017079,240.0,242.1,239.0,239.29,236.24,229.315,226.6145,235.66794375173257,230.54257392726788,225.1429565272304,5.399617400037471,3.9883665953618657,62.68606790433183,61.508470591000346,54.881243503611
20241112,6860956,240.55,241.46,238.76,239.56,239.85399999999998,230.981,227.473,236.9652958344884,231.92987024614976,226.2108856733615,5.7189845727882584,4.334490190847144,63.605728727885435,64.58062682711389,58.11437127811196
20241113,11472560,240.58,244.09,240.31,241.16,238.67399999999998,232.656,228.349,238.3635305563256,233.34989020828058,227.3182274753347,6.031662732945875,4.673924699266891,63.62411586392726,68.47865583132601,61.56913279584997
20241114,10172200,242.415,244.29,241.05,241.87,239.772,234.65099999999998,229.22149999999996,239.5323537042171,234.66067633008356,228.39613655123583,6.264539778847734,4.99204771518306,67.03239289446185,71.89824598490297,65.0121705255343
20241115,11518840,241.46,246.42,241.46,245.31,241.43800000000002,236.88799999999998,230.2185,241.45823580281143,236.29903381776302,229.64901532521836,6.65001849254466,5.32364187065538,67.17530778567712,78.0631163708877,69.36248580731876
20241118,9052575,247.76,247.93,242.68,245.03,242.586,239.413,231.32,242.64882386854094,237.642259384261,230.78834752335035,6.853911860910642,5.629695868706433,69.99096657633241,77.89241771664621,72.20579644376124
20241119,6792660,242.25,245.1509,241.55,243.09,243.292,241.573,232.2685,242.7958825790273,238.48037332514392,231.6995810401392,6.780792285004708,5.859915151966089,66.7443528146289,72.56819455434426,72.32659581395558
20241120,9015290,244.4,244.61,238.64,240.78,243.21599999999998,240.945,233.137,242.12392171935156,238.83416204435252,232.37220466679554,6.461957377556985,5.980323597084268,66.96043165467626,62.09621749439136,68.91646970743417
20241121,8783516,243.23,245.49,242.105,244.76,243.794,241.783,234.12600000000003,243.00261447956774,239.74582942214442,233.2898191359218,6.456010286222636,6.075460934911942,68.63046448087431,63.356574131531765,67.06317118213337
20241122,7997307,243.61,249.15,243.0347,248.55,244.442,242.94,235.43800000000002,244.8517429863785,241.10031720335297,234.42020290363126,6.6801142997217084,6.196391607873895,74.30309173846933,73.66809984918484,69.26481407115052
20241125,10295350,249.59,254.31,249.06,250.29,245.494,244.03999999999996,236.6775,246.66449532425236,242.5141145566833,235.5957434292882,6.9183711273950905,6.340787511778135,74.31610942249239,73.89402785095623,70.80788533108576
20241126,6212142,250.49,251.0,248.34,249.97,246.86999999999998,245.081,238.03100000000003,247.76633021616826,243.66117385565508,236.66050317526685,7.000670680388225,6.472764145500154,54.28319105092728,73.3639402860874,71.65990364941963
20241127,5472265,249.35,251.19,248.771,249.79,248.67200000000003,245.94400000000002,239.3,248.44088681077884,244.6040701855543,237.63305849561746,6.97101168993683,6.572413654387489,78.56838517256071,72.62765132027182,71.98248620637037
20241129,5494825,249.86,251.77,249.445,249.72,249.664,246.72899999999998,240.68999999999997,248.86725787385257,245.39113631085362,238.5283874959421,6.8627488149115266,6.630480686492297,77.7680906713165,71.9878875213214,71.98428664468737
20241202,8899741,249.55,250.25,245.03,246.25,249.204,246.823,241.85549999999998,247.99483858256838,245.52326918610692,239.10035879253897,6.422910393567946,6.588966627907427,64.43983402489629,64.17997011100219,69.38284780012565
20241203,6657694,248.23,249.04,244.63,244.82,248.10999999999999,246.802,243.10750000000002,246.9365590550456,245.41507392670584,239.52403591901756,5.89103800768828,6.449380903863597,60.41171813143308,55.93278586000444,64.89949382008524
20241204,7346265,244.7,245.345,242.23,243.4,246.796,246.833,244.20300000000003,245.75770603669707,245.1050625533665,239.8111443694607,5.2939181839058165,6.218288359872041,54.46570972886765,40.825325763832026,56.8747711346675
20241205,6572536,245.39,247.18,244.62,245.48,245.93400000000003,247.30300000000003,244.12399999999997,245.66513735779805,245.16274523746398,240.2310596013525,4.931685636111467,5.960967815119927,56.82419659735348,36.1848750125326,49.97813909395586
20241206,5519738,245.7,247.74,244.84,247.36,245.462,247.56299999999996,244.673,246.2300915718654,245.50078443170028,240.7591292605116,4.7416551711886825,5.717105286333679,54.118119726797936,38.27887914742796,46.07838577844656
20241209,7076466,247.13,247.8699,243.76,243.81,244.974,247.08900000000003,245.0145,245.4233943812436,245.24066374990025,240.9851196856589,4.255544064241349,5.424793041915213,47.83380681818183,31.03986771952922,41.06554642547411
20241210,9108339,243.89,247.96,242.22,242.86,244.58200000000002,246.346,245.19300000000004,244.56892958749575,244.87440778837714,241.12399970894344,3.750408079433697,5.08991604941891,49.57673905042328,22.92710203989562,35.01939829694795
20241211,7884442,244.0,244.27,242.18,243.53,244.608,245.702,245.3915,244.22261972499717,244.6675758209345,241.30222195272543,3.36535386820907,4.745003613176943,55.38582060321191,19.97712259733046,30.00530639707545
20241212,6113771,243.0,244.1,241.04,241.53,243.81800000000004,244.87599999999998,245.41,243.32507981666478,244.18487184848306,241.3190944006717,2.865777447811354,4.369158380103825,43.14225053078558,15.091516404011145,25.034043066054014
20241213,10392750,242.07,242.715,239.1437,239.94,242.334,243.898,245.31350000000003,242.19671987777653,243.5318146410241,241.2169392598812,2.3148753811429117,3.958301780311643,29.836065573770426,12.743158135802647,20.937081422636894
20241216,9032044,240.61,240.67,237.52,239.58,241.488,243.23100000000005,245.027,241.32447991851768,242.92384315778963,241.09568449989,1.8281586578996212,3.532273155829239,23.184777165748642,15.07270567929628,18.98228950819002
20241217,8083635,238.65,239.02,236.63,238.36,240.58800000000002,242.58499999999998,244.6935,240.3363199456785,242.22171344120665,240.89304120360185,1.328672237604792,3.0915529721843495,22.184954480114996,15.138202727062527,17.70092724781419
20241218,11322360,239.0,239.07,229.53,230.37,237.956,241.28199999999998,244.05749999999998,237.014213297119,240.39837291179023,240.1135566700017,0.28481624178851916,2.5302056261051837,16.143654114365404,11.611397224082566,15.671083906570313
20241219,11790770,232.27,236.36,232.27,232.96,236.24200000000002,240.02999999999997,243.66649999999998,235.662808864746,239.25400784843788,239.5836635833349,-0.3296557348970168,1.9582333539047436,23.14102564102565,13.944584946277516,15.09558425313938
20241220,32348410,231.92,239.21,231.5877,237.6,235.77399999999997,239.05400000000003,243.3085,236.308539243164,238.99954510252434,239.4367255401249,-0.4371804376005741,1.4791505956036801,36.63886314488722,23.892157734125306,18.02777541346802
20241223,8611528,236.07,238.62,234.88,238.39,235.536,238.512,242.8005,237.0023594954427,238.9057689329052,239.3591903149305,-0.45342138202528304,1.0926362000778875,39.86763315474312,35.964287878833375,24.006612901923138
20241224,3729092,239.43,242.4922,239.07,242.31,236.32599999999996,238.45700000000002,242.4015,238.77157299696182,239.42949678938135,239.57776881012083,-0.14827202073948342,0.8444545559144134,48.40782938942447,53.21435252320305,33.74252610901644
20241226,4452168,241.43,243.26,240.79,243.14,238.88000000000002,238.41799999999998,242.06,240.22771533130788,240.00034343716882,239.84163778714893,0.1587056500198969,0.7073047747355101,46.45239539114614,68.51823550102343,45.334429239685434
20241227,5730607,242.72,243.39,240.04,241.17,240.522,238.382,241.629,240.54181022087192,240.1802906006813,239.94003498810085,0.24025561258045514,0.6138949423044991,40.641064408829706,73.67305166157693,54.780636713649265
20241230,5723765,238.77,240.84,237.11,239.32,240.86599999999999,238.32000000000002,241.109,240.13454014724795,240.04793820057648,239.89410647046375,0.15383173011272788,0.521882299866145,42.84348103283389,72.66034131935817,60.740538248885564
20241231,4870971,240.05,241.4393,239.03,239.71,241.13000000000002,238.333,240.782,239.993026764832,239.9959477081801,239.8804689541331,0.1154787540469897,0.44060159070231397,44.88802336903601,72.9231520291633,64.80140950897814
20250102,9220914,240.92,243.276,239.45,240.0,240.66800000000003,238.497,240.541,239.9953511765547,239.99657113769086,239.88932310567878,0.10724803201208033,0.37393087896426724,44.19980282615839,72.3743630305841,67.32572734951346
20250103,9491053,243.89,244.88,240.26,243.28,240.696,239.788,240.535,241.09023411770315,240.50171403958456,240.14048435710998,0.36122968247457266,0.37139063966632835,52.759381898454755,77.57056068608308,70.74067179503666
20250106,9917836,243.695,245.69,240.58,240.85,240.63199999999998,240.577,240.30350000000004,241.01015607846878,240.55529649503308,240.1930410713981,0.3622554236349629,0.36956359646005527,51.397849462365585,70.12258779010534,70.53464379339289
20250107,8753357,242.14,245.26,240.9,243.17,241.402,241.13399999999996,240.094,241.73010405231253,240.9575585727203,240.41355654759084,0.5440020251294584,0.4044512821939359,55.20139090118803,70.29151540319371,70.45360099665983
20250108,8675284,242.75,244.25,240.5,243.13,242.086,241.608,240.06000000000003,242.19673603487502,241.29178033076334,240.6147745811026,0.6770057496607365,0.458962175687296,57.15571557155713,70.24873365651916,70.3853118832796
20250110,10256830,243.09,243.81,238.74,239.87,242.06,241.36399999999998,239.9105,241.42115735658336,241.0730448952613,240.55960609361352,0.5134388016477658,0.46985750087939004,66.60839160839163,57.55509982695682,66.108574531172
20250113,10005320,239.67,244.54,239.0,244.21,242.246,241.471,239.9445,242.3507715710556,241.55565337291338,240.83000564223474,0.7256477306786451,0.5210155468392411,68.53377265238882,65.95359413483216,66.05691439905871
20250114,12407390,242.66,247.72,242.19,247.47,243.57,242.10100000000003,240.2415,244.05718104737042,242.46555285400365,241.3218570761433,1.1436957778603585,0.6455515930434645,67.03486365205387,76.37440796813607,69.4960789220845
20250115,18448520,250.4,253.6699,243.68,252.35,245.406,243.404,240.862,246.8214540315803,243.9862370303108,242.1387565519845,1.847480478326304,0.8859373701000324,71.11312764670299,81.30272243500062,73.4316267597232
20250116,15292350,254.0,257.035,252.33,254.27,247.63400000000001,244.85999999999999,241.59650000000002,249.3043026877202,245.568354410263,243.03736717776343,2.5309872324995695,1.21494734257994,69.25305859626532,82.4973419676901,76.45353182904549
20250117,17678100,254.14,260.62,252.14,259.16,251.49200000000002,246.77599999999998,242.6365,252.58953512514682,247.65937680868407,244.23163627570688,3.4277405329771966,1.6575059806593915,72.80751708428251,86.10730780783243,79.67145715530779
