Date,Volume,Open,High,Low,Close,MA5,MA10,MA20,EMA5,EMA12,EMA26,DIF,MACD,RSI,K,D
20200121,217917000,6.1951,6.2323,6.1643,6.1985,,,,6.1985,6.1985,6.1985,0.0,0.0,,50.0,50.0
20200122,239238680,6.244,6.3398,6.225,6.2513,,,,6.216100000000001,6.206623076923076,6.202411111111111,0.004211965811965257,0.0008423931623930515,,49.85754985754976,49.95251661918325
20200123,244514440,6.293,6.33,6.2038,6.3215,,,,6.251233333333335,6.224296449704141,6.211232510288066,0.01306393941607542,0.0032867024131295257,,63.09591642924971,54.333649889205404
20200124,373513560,6.4375,6.4875,6.2075,6.262,,,,6.254822222222224,6.230096995903504,6.214993065081543,0.015103930821961598,0.005650148094895941,,52.14026441817964,53.60252139886347
20200127,470534000,5.956,6.0563,5.8057,6.005,6.20766,,,6.171548148148149,6.195466688841426,6.19943802322365,-0.003971334382224079,0.0037258515994719374,,44.503991669419065,50.56967815571534
20200128,310976040,6.0713,6.2318,6.0179,6.1993,6.20782,,,6.1807987654321,6.196056429019668,6.199427799281158,-0.0033713702614894814,0.0023064072272796538,,48.9125075977412,50.01728796972395
20200129,259451160,6.1848,6.221,6.0985,6.1385,6.1852599999999995,,,6.166699176954734,6.187201593785873,6.194914628964034,-0.007713035178161576,0.0003025187461914078,,48.878994504879174,49.63785681477569
20200130,290503600,6.0403,6.1588,5.985,6.1453,6.15002,,,6.159566117969822,6.180755194741893,6.191239471262994,-0.010484276521101066,-0.001854840307267087,,49.18910575283721,49.488273127462854
20200131,370419720,6.0993,6.1113,5.8688,5.9108,6.0797799999999995,,,6.076644078646549,6.139223626320064,6.170466177095365,-0.03124255077530158,-0.007732382400873986,,37.93109641369357,45.635880889539756
20200203,255928200,5.8925,6.0278,5.8863,6.0083,6.08044,6.14405,,6.053862719097699,6.119081529963131,6.158453867680894,-0.03937233771776327,-0.014060373464251845,,35.192550635431985,42.15477080483716
20200204,271543560,6.1508,6.1975,6.1005,6.1783,6.07624,6.14203,,6.0953418127317995,6.128192063814956,6.159923951556383,-0.03173188774142677,-0.01759467631968683,,41.67818619657528,41.99590926874987
20200205,208220080,6.2998,6.31,6.1852,6.269,6.10234,6.1438,,6.153227875154533,6.14985482322804,6.168003658848503,-0.018148835620463544,-0.01770550817984217,,50.43628370863894,44.809367415379555
20200206,218282040,6.3035,6.3563,6.222,6.3561,6.1445,6.14726,,6.220851916769689,6.181584850423726,6.181936721156021,-0.00035187073229536736,-0.01423478069033281,,66.94541446903568,52.18804976659826
20200207,189752120,6.316,6.3383,6.2643,6.2898,6.2203,6.15004,,6.243834611179793,6.198233334973922,6.189926593662983,0.008306741310939003,-0.009726476290078449,53.153713298791,73.41660109901521,59.26423354407058
20200210,529607600,6.3125,6.575,6.3075,6.5743,6.333499999999999,6.20697,,6.353989740786529,6.256089744977934,6.218398697836095,0.037691047141838574,-0.0002429716036950443,60.8487297921478,82.24469337876383,66.92438682230166
20200211,638556800,6.683,6.8125,6.6208,6.6973,6.437299999999999,6.25677,,6.468426493857686,6.323968245750559,6.253872868366755,0.07009537738380445,0.013824698193804854,62.37376539784708,84.09403916607639,72.64760427022657
20200212,374644720,6.7503,6.82,6.7112,6.8135,6.546200000000001,6.32427,,6.583450995905125,6.399280823327396,6.295326729969217,0.10395409335817885,0.03185057722667965,63.31024780867871,89.16824366047929,78.15448406697747
20200213,528015200,6.7553,6.837,6.7278,6.7695,6.62888,6.38669,,6.645467330603417,6.456237619738565,6.330450675897422,0.12578694384114275,0.050637850549572275,63.845692148196655,90.41215192175426,82.24037335190306
20200214,1041923600,7.1815,7.3743,7.15,7.2448,6.81988,6.520089999999999,,6.845244887068945,6.577554909009555,6.398180255460576,0.17937465354897864,0.07638521114945354,80.22428083861529,90.21929089754046,84.90001253378219
20200218,621881200,7.1411,7.4328,7.1215,7.4143,6.98788,6.66069,6.40237,7.03492992471263,6.706284923008084,6.473448384685719,0.23283653832236517,0.10767547658403587,79.98223275096237,92.98524490957115,87.5950899923785
20200219,694331200,7.5373,7.8853,7.5371,7.8675,7.22192,6.82961,6.4858199999999995,7.312453283141753,6.884933396391456,6.576711467301592,0.30822192908986423,0.14778476708520155,85.74381873811295,94.96677603081812,90.05231867185837
20200220,810050400,7.8191,7.908,7.4088,7.7175,7.4027199999999995,6.9744600000000005,6.559130000000001,7.447468855427836,7.013020566177386,6.661214321575548,0.3518062446018382,0.1885890625885289,80.6854555390741,92.78128197029292,90.96197310466988
20200221,769293200,7.6048,7.63,7.2665,7.3518,7.51918,7.0740300000000005,6.610645,7.415579236951891,7.065140479073173,6.7123688162736554,0.3527716627995172,0.2214255826307266,76.75454883030076,83.60364127604032,88.50919582846002
20200224,856914800,6.7548,7.0468,6.7,6.832,7.43662,7.1282499999999995,6.639145000000001,7.221052824634595,7.029272713061916,6.721230385438569,0.3080423276233466,0.2387489316292506,63.220235611337586,61.20499640072462,79.40779601921489
20200225,1055497600,6.9076,6.9698,6.449,6.5513,7.2640199999999995,7.125949999999999,6.666460000000001,6.99780188308973,6.955738449513929,6.708642949480157,0.24709550003377245,0.240418245310155,55.78115313081215,43.1405482059206,67.31871341478345
20200226,749661600,6.5515,6.8863,6.55,6.6913,7.02878,7.12535,6.69106,6.895634588726487,6.915055611127171,6.707358286555701,0.20769732457146972,0.23387406116241793,56.44673770341648,34.29612055400419,56.311182461190356
20200227,906414800,6.3725,6.675,6.2222,6.315,6.748279999999999,7.075500000000001,6.699885,6.702089725817659,6.822739363261452,6.678294709773797,0.14444465348765512,0.21598817962746536,49.423481554215186,24.69901531614675,45.77379341284248
20200228,1134675200,6.0614,6.8115,6.0448,6.7518,6.628280000000001,7.07373,6.73021,6.718659817211773,6.811825615067383,6.68373954608685,0.12808606898053299,0.1984077574980789,55.87039390088946,29.114500263719982,40.22069569646831
20200302,890745600,6.9225,6.9398,6.525,6.9108,6.6440399999999995,7.04033,6.780209999999999,6.78270654480785,6.8270524435185544,6.700558838969305,0.12649360454924974,0.18402492690831307,54.41659010368815,34.9027253797635,38.44803892423337
20200303,652793200,6.9667,7.0267,6.5615,6.6472,6.66322,6.963620000000001,6.8121550000000015,6.737537696538567,6.7993828368233915,6.696606332378986,0.10277650444440578,0.16777524241553163,49.36583883952305,34.0456411648688,36.980573004445176
20200304,597407200,6.755,7.1223,6.68,7.1128,6.74752,6.88815,6.858880000000001,6.862625131025712,6.847600861927485,6.727435492943505,0.12016536898397945,0.15825326772922121,53.480637283405045,45.154828149781316,39.705324719557225
20200305,540327600,6.9125,7.08,6.7875,6.8323,6.85098,6.7996300000000005,6.8870450000000005,6.852516754017142,6.845246883169411,6.735203234206949,0.11004364896246166,0.1486113439758693,50.69223985890653,54.46516772243734,44.62527238718393
20200306,515412400,6.652,6.7097,6.45,6.651,6.83082,6.729550000000001,6.90179,6.785344502678095,6.815362747297193,6.728965957599027,0.08639678969816611,0.13616843312032867,43.000942951438006,55.063398744579246,48.10464783964903
20200309,614158400,5.9975,6.485,5.9545,6.136,6.67586,6.65995,6.894099999999999,6.56889633511873,6.710845401559164,6.6850425533324325,0.02580284822673118,0.11409531614160918,36.0675749318801,41.88961411995184,46.032969933083294
20200310,580648800,6.4135,6.527,6.1498,6.527,6.651820000000001,6.65752,6.891735,6.554930890079153,6.682561493626984,6.67333569753003,0.009225796096954397,0.09312141213267823,35.18882726007115,44.267677895347234,45.44453925383794
20200311,502067600,6.3864,6.415,6.0643,6.1618,6.461620000000001,6.60457,6.864960000000001,6.423887260052769,6.602444340761295,6.635444164379657,-0.03299982361836218,0.06789716498247014,33.591393312941676,35.42889435758777,42.105990955087876
20200312,816541600,5.6365,5.903,5.395,5.4078,6.17672,6.513850000000001,6.794675000000001,6.085191506701847,6.418652903721096,6.544507559610794,-0.12585465588969758,0.029146800808036596,31.04819840898456,23.866276548702743,36.0260861529595
20200313,634837600,5.7625,6.0255,5.4903,6.021,6.05072,6.4407700000000006,6.757250000000001,6.063794337801231,6.35747553391785,6.505729221861846,-0.14825368794399552,-0.006333296942369823,42.23507334073763,27.991362041943788,33.347844782620925
20200316,726972000,5.3102,5.6525,4.85,4.91,5.8055200000000005,6.24069,6.640510000000001,5.679196225200822,6.134786990238181,6.387527057279486,-0.25274006704130514,-0.05561465096215689,36.441140024783145,19.5410734990711,28.745587688104315
20200317,833632000,5.0228,5.5215,4.775,5.4318,5.58648,6.11915,6.541385,5.596730816800548,6.0266351455861535,6.316732460443969,-0.29009731485781565,-0.10251118374128865,40.21261054038512,22.525574668216592,26.672250014808405
20200318,874266400,5.0024,5.2485,4.517,5.0705,5.36822,5.91492,6.401535,5.421320544533699,5.879537430880591,6.224418944855527,-0.3448815139749364,-0.1509852497880182,40.306575483308144,23.431333538559315,25.59194452272537
20200319,765514000,5.049,5.4183,4.8347,5.3243,5.35152,5.76412,6.281874999999999,5.388980363022466,5.794116287668192,6.157743467458822,-0.36362717979062964,-0.19351363578854047,38.554912367910454,29.008948727198742,26.730945924216492
20200320,804634000,5.475,5.758,5.1283,5.1438,5.17608,5.6134,6.171475,5.307253575348311,5.694067628026932,6.082636543943354,-0.38856891591642206,-0.2325246918141168,35.88161973856626,29.733992352129167,27.731961400187384
20200323,643874800,5.1428,5.412,4.963,5.3173,5.2575400000000005,5.53153,6.09574,5.310602383565541,5.636103377561251,6.025944948095699,-0.3898415705344478,-0.26398806755818305,39.21883360085607,33.87780733556065,29.78057671197847
20200324,1101644000,5.725,6.3165,5.7013,6.2295,5.41708,5.501779999999999,6.07965,5.616901589043694,5.727395165628751,6.041023100088609,-0.31362793445985826,-0.2739160409385181,43.32280059870281,54.30697945738312,37.95604429378002
20200325,793430800,6.345,6.5455,6.0915,6.1405,5.63108,5.49965,6.05211,5.7914343926957965,5.79094975553202,6.048391759341305,-0.2574420038092846,-0.2706212335126714,44.61449834962945,62.88282239069975,46.2649703260866
20200326,697587600,6.3485,6.5555,6.25,6.431,5.85242,5.60197,6.05791,6.004622928463864,5.889419023911709,6.076733110501208,-0.18731408658949888,-0.2539598041280369,48.315982853643604,73.21940428205099,55.24978164474139
20200327,638829600,6.25,6.5779,6.217,6.3182,6.087300000000001,5.631690000000001,6.03623,6.10914861897591,5.955385327925292,6.094619546760378,-0.13923421883508613,-0.23101468706944678,51.486182257169894,77.94583928862112,62.815134192701294
20200330,602250000,6.384,6.649,6.3398,6.6397,6.35178,5.80466,6.0226750000000004,6.285999079317274,6.060664508244478,6.134995876629979,-0.07433136838550158,-0.19967802333265774,50.92982195600878,85.15182281530338,70.26069706690198
20200331,949960400,6.68,6.885,6.4438,6.59,6.42388,5.92048,6.0198149999999995,6.387332719544849,6.142100737745327,6.168699885768499,-0.026599148023171537,-0.16506224827076052,53.72684862832473,85.30516910312849,75.27552107897748
20200401,656913200,6.3913,6.5382,6.032,6.0768,6.4111400000000005,6.02111,5.968014999999999,6.2838218130299,6.1320544703998925,6.161892486822684,-0.029838016422791824,-0.1380174019011668,56.077398255813954,76.1867967451311,75.57927963436202
20200402,675764400,6.106,6.4,6.0578,6.3868,6.402299999999999,6.12736,5.94574,6.318147875353267,6.171246090338371,6.178552302613596,-0.007306212275225654,-0.11187516397597856,53.516766651284414,75.48422592582101,75.54759506484834
20200403,663214000,6.349,6.3908,5.9597,6.0978,6.35822,6.22276,5.91808,6.244698583568844,6.159946691824775,6.172570650568145,-0.012623958743369634,-0.09202492292945678,63.56307664200238,61.48837161915708,70.86118724961791
20200406,727882400,6.381,6.747,6.3233,6.71,6.372280000000001,6.36203,5.9467799999999995,6.399799055712563,6.244570277697886,6.212380232007542,0.03219004569034478,-0.06718192920549648,64.30009845162445,68.02131939854178,69.91456463259253
20200407,784522000,6.9325,6.9563,6.4325,6.4757,6.34942,6.3866499999999995,5.944215,6.425099370475042,6.2801286965135965,6.231885400006983,0.0482432965066133,-0.04409688406307453,66.18073787481,62.60622577602966,67.4784516804049
20200408,542444400,6.5853,6.6988,6.515,6.6738,6.468819999999999,6.43998,5.969815,6.507999580316695,6.340693512434582,6.264619814821281,0.07607369761330052,-0.02006276772779952,65.74128076519305,65.62202462264443,66.85964266115141
20200409,526248000,6.8,6.823,6.5105,6.5738,6.506220000000001,6.4542600000000006,6.028115000000001,6.529933053544464,6.376556048983108,6.287522050760446,0.08903399822266245,0.0017565854622928756,66.9995244888255,64.287851855594,66.00237905929893
20200413,398407280,6.5138,6.755,6.425,6.7463,6.6359200000000005,6.497069999999999,6.06438,6.602055369029643,6.433439733754938,6.321505602555968,0.11193413119896967,0.023792094609628233,66.99167657550535,69.16802004099604,67.05759271986463
20200414,530946800,6.875,7.133,6.8472,7.0987,6.71366,6.5429699999999995,6.173815,6.767603579353096,6.535787467023408,6.379075557922192,0.15671190910121613,0.05037605750794582,61.92252825633711,78.47088719230698,70.86202421067874
20200415,366148840,6.93,7.1042,6.8845,7.021,6.8227199999999995,6.586069999999999,6.253275,6.852069052902065,6.610435549019806,6.426625516594623,0.18381003242518368,0.0770628524913934,62.1150829687113,82.46534955125642,74.72979932420463
20200416,745620400,7.177,7.475,7.1638,7.3675,6.96146,6.71514,6.368125,7.023879368601378,6.726907003016759,6.496319922772798,0.23058708024396068,0.10776769804190686,62.6900458006992,85.94546478145972,78.46835447662299
20200417,539122000,7.45,7.4715,7.1735,7.308,7.1083,6.807259999999999,6.4673099999999994,7.118586245734252,6.816305925629566,6.556444372937777,0.2598615526917891,0.1381864689718833,63.60886542374745,85.7968752214449,80.91119472489696
20200420,449388400,7.181,7.3375,7.1318,7.1763,7.1943,6.91511,6.568934999999999,7.1378241638228355,6.871689629378864,6.602359604572015,0.2693300248068482,0.1644151801388763,57.78403156551004,81.04871046509027,80.95703330496139
20200421,735160000,7.0578,7.1193,6.6778,6.7378,7.12212,6.91789,6.63996,7.004482775881891,6.851091224859038,6.612392226455571,0.23869899840346775,0.1792719437917946,51.926686828657836,63.962632373552246,75.29223299449167
20200422,484729200,6.9308,7.1968,6.885,7.1537,7.14866,6.98569,6.68617,7.054221850587927,6.897646421034571,6.652489098569973,0.24515732246459798,0.19244901952635526,64.40360591712809,65.77508824903484,72.11985141267272
20200423,424159600,7.196,7.3284,7.075,7.1003,7.09522,7.02834,6.73416,7.069581233725286,6.92882389472156,6.685660276453678,0.24316361826788224,0.20259193927466068,60.24643134101158,65.28815407078513,69.84261896537686
20200424,352645480,7.09,7.2418,7.015,7.2397,7.0815600000000005,7.09493,6.774595,7.126287489150191,6.976650987841321,6.7267002559756275,0.2499507318656935,0.21206369779286727,67.13483989075958,67.0201676076517,68.90180184613513
20200427,479388000,7.3748,7.5875,7.35,7.427,7.1316999999999995,7.163000000000001,6.830035,7.2265249927667945,7.045935451250349,6.778574311088544,0.267361140161805,0.22312318626665484,62.33145294441387,72.13238538176007,69.97866302467678
20200428,442904000,7.575,7.605,7.2785,7.284,7.24094,7.1815299999999995,6.86225,7.245683328511197,7.082560766442604,6.816013251007911,0.26654751543469235,0.23180805210026234,64.35242728790087,69.88146946071895,69.94626517002416
20200429,379161880,7.4192,7.5145,7.3438,7.4615,7.302499999999999,7.225579999999999,6.905825,7.317622219007465,7.140859110066819,6.8638270842665845,0.2770320258002341,0.2408528468402567,64.08972203341324,74.76207828873927,71.55153620959587
20200430,375917720,7.4073,7.4615,7.293,7.307,7.34384,7.219530000000001,6.967335,7.314081479338311,7.166419246979616,6.896654707654245,0.2697645393253705,0.24663518533727946,62.86406063583411,72.46146030293288,71.8548442407082
20200501,342097800,7.1088,7.2225,7.0211,7.0695,7.3098,7.19568,7.00147,7.232554319558874,7.151508593598136,6.90945806264282,0.24205053095531603,0.24571825446088677,55.544119665157126,62.38946361294171,68.69971736478604
20200504,317555200,7.022,7.296,7.022,7.2821,7.28082,7.20626,7.060684999999999,7.249069546372583,7.171599579198422,6.937061169113722,0.2345384100847001,0.24348228558564944,53.3045045045045,59.97723500122038,65.79222324359748
20200505,368895640,7.3868,7.5068,7.2823,7.3435,7.29272,7.266830000000001,7.092359999999999,7.280546364248389,7.19804579778328,6.967167749179373,0.23087804860390726,0.240961438189301,55.845144452096996,58.54414536804519,63.376197285080046
20200506,323465560,7.4233,7.55,7.3853,7.4448,7.2893799999999995,7.29594,7.140815000000001,7.335297576165592,7.236007982739698,7.002547915906826,0.23346006683287257,0.23946116391801534,51.53769643922817,63.31191612106965,63.35477023040991
20200507,373730520,7.5845,7.6853,7.5331,7.6218,7.35234,7.348090000000001,7.188215,7.430798384110396,7.295360600779745,7.048418440654468,0.24694216012527637,0.24095736315946756,55.96351197263398,72.35448628687593,66.35467558256525
20200508,339907120,7.6938,7.8188,7.6597,7.8125,7.50094,7.4053700000000005,7.25015,7.558032256073599,7.374920508352092,7.105017074680063,0.2699034336720292,0.2467465772619799,61.82527881040891,81.30640066110142,71.3385839420773
20200511,469060000,7.8075,8.1125,7.7787,8.0655,7.65762,7.46922,7.31611,7.727188170715733,7.481163507067155,7.176163958037096,0.3049995490300592,0.2583971716155958,76.50628868037532,86.10213528894145,76.25976772436536
20200512,493059200,8.1235,8.1725,7.7927,7.8025,7.749420000000001,7.52107,7.3513,7.752292113810489,7.530599890595285,7.222559220404718,0.30804067019056713,0.26832587133059005,63.79486307195102,80.02315938375729,77.51423161082933
20200513,625850000,7.9175,8.0785,7.5948,7.78,7.816460000000001,7.55292,7.389250000000001,7.76152807587366,7.56896913819601,7.263851130004368,0.30511800819164225,0.27568429870280053,64.64428836127031,75.31912785273474,76.78253035813113
20200514,602312400,7.8416,8.036,7.6875,8.0305,7.8982,7.62527,7.4224000000000006,7.851185383915773,7.639973886165855,7.320639935189229,0.31933395097662576,0.2844142291575656,66.25956081914632,79.43193196846086,77.66566422824104
20200515,987661600,7.8897,8.5005,7.874,8.4908,8.03386,7.767399999999999,7.481540000000001,8.064390255943849,7.770870211371108,7.407318458508546,0.3635517528625618,0.30024173389856484,69.66503992901508,86.0225357215449,80.45128805934232
20200518,776403600,8.7605,8.9165,8.6805,8.7502,8.1708,7.91421,7.560234999999999,8.292993503962567,7.921536332698629,7.506791165285691,0.41474516741293854,0.3231424206014396,75.98539628526868,87.06143621422395,82.65467077763618
20200519,717322000,8.7903,9.0875,8.7628,8.8055,8.3714,8.060410000000001,7.66362,8.463829002641711,8.057530743052686,7.602991819708973,0.45453892334371293,0.3494217211498943,74.89811041126343,85.32694134988407,83.54542763505214
20200520,587536400,8.991,9.043,8.8887,8.97,8.609399999999999,8.21293,7.754435000000001,8.63255266842781,8.197910628736889,7.704251684915715,0.49365894382117315,0.37826916568415003,80.6939830195644,87.59408023624839,84.89497850211755
20200521,761069600,9.0515,9.0524,8.7375,8.7752,8.75834,8.32827,7.8381799999999995,8.680101778951874,8.286724378161983,7.783581189736774,0.5031431884252093,0.4032439702323619,81.98627311255296,84.75544698360821,84.84846799594777
20200522,1038765200,8.8253,9.093,8.7133,9.0263,8.865440000000001,8.44965,7.927510000000001,8.795501185967916,8.40050524306014,7.875634434941457,0.524870808118683,0.4275693378096262,82.24267968056787,88.35296162988557,86.0166325405937
20200526,770779200,9.1568,9.1817,8.672,8.7178,8.85896,8.51488,7.992050000000001,8.769600790645278,8.449319821050887,7.938017069390238,0.511302751660649,0.4443160205798308,73.27822758223516,82.49094242882998,84.84140250333913
20200527,1175892400,8.625,8.6327,7.9968,8.5252,8.8029,8.58715,8.05411,8.688133860430185,8.460993694735365,7.981512101287257,0.47948159344810737,0.45134913515348607,67.75105152471082,73.6817767265238,81.12152724440068
20200528,736128000,8.4123,8.7605,8.3793,8.487,8.7063,8.65785,8.105385,8.62108924028679,8.464994664776079,8.018955649340052,0.44603901543602653,0.4502871112099942,64.89464261121056,64.7465827663201,75.66321241837382
20200529,745919600,8.5545,8.8755,8.485,8.8755,8.726360000000001,8.74235,8.18381,8.705892826857859,8.528149331733605,8.082403379018567,0.44574595271503803,0.449378879511003,67.1330023854039,67.88377411304062,73.07006631659608
20200601,390511000,8.8332,8.8407,8.6895,8.8063,8.682360000000001,8.773900000000001,8.27065,8.739361884571906,8.570941742236128,8.136025350943118,0.43491639129300985,0.4464863818674044,62.69188596491227,68.02851658173228,71.38954973830815
20200602,391320560,8.7963,8.8373,8.658,8.8253,8.70386,8.78141,8.34781,8.768007923047938,8.610073781892108,8.187082732354739,0.42299104953736943,0.4417873154013975,69.12204606640739,68.6595151757924,70.47953821746955
20200603,365438880,8.8223,8.8662,8.7,8.7695,8.75272,8.77781,8.41911,8.76850528203196,8.634600892370246,8.230224752180314,0.40437614018993173,0.43430508035910437,68.27196513646267,67.51042818341713,69.48983487278541
20200604,424278400,8.728,8.9433,8.6775,8.7665,8.808620000000001,8.75746,8.485195000000001,8.767836854687975,8.654893062774825,8.269948844611402,0.3849442181634224,0.424432907919968,64.9581334850825,66.6599748808794,68.54654820881673
20200605,481746000,8.7945,8.997,8.708,8.92,8.81752,8.77194,8.550105,8.818557903125317,8.695678745424852,8.318100782047596,0.3775779633772558,0.4150619190114256,59.9656357388316,70.41123258579009,69.16810966780784
20200608,387737240,8.8773,8.8896,8.6858,8.805,8.817260000000001,8.74981,8.599730000000001,8.814038602083546,8.712497399974874,8.354167390784811,0.3583300091900625,0.403715537047153,51.36386261821801,73.87543480124457,70.73721804562008
20200609,468488800,8.8,9.1097,8.7513,9.046,8.8614,8.782630000000001,8.648755,8.891359068055698,8.763805492286432,8.405414250726677,0.35839124155975455,0.39465067794967335,55.47910876201755,79.67654032386727,73.71699213836914
20200610,632181600,9.1677,9.5,9.1535,9.3668,8.98086,8.86679,8.72697,9.049839378703798,8.85657387808852,8.476628009932108,0.37994586815641185,0.39170971599102106,58.43896214376858,82.07664264612497,76.50354230762107
20200611,583650400,9.15,9.2613,8.786,8.7963,8.98682,8.89772,8.777785,8.9653262524692,8.84730097376721,8.500307416603803,0.3469935571634064,0.38276648422549814,50.38691458539628,60.19282114650615,71.0666352539161
20200612,570908000,9.1625,9.1873,8.7033,8.9325,8.98932,8.90342,8.822885,8.954384168312801,8.860408516264561,8.532321682040559,0.32808683422400264,0.37183055422519906,48.20430354544755,50.99553080392569,64.3762671039193
20200615,400002000,8.8153,9.1823,8.7438,9.1738,9.06308,8.94017,8.857035,9.027522778875202,8.908622590685399,8.579838594481998,0.32878399620340026,0.3632212426208393,58.96015090780476,54.11049571325541,60.95434330703134
20200616,535715200,9.225,9.2668,8.8388,9.0685,9.06758,8.964490000000001,8.87295,9.041181852583469,8.933219115195337,8.61603573563148,0.31718337956385767,0.354013670009443,61.054816261750716,51.919661782494494,57.942782798852384
20200617,408305600,9.1138,9.299,9.0702,9.236,9.041419999999999,9.011140000000001,8.894475,9.106121235055646,8.97980078978067,8.661959014473592,0.3178417753070786,0.34677929106897015,64.47846593984383,57.13828594391799,57.67461718054092
20200618,254409520,9.227,9.2825,9.1145,9.218,9.12576,9.05629,8.906875,9.143414156703765,9.016446822122106,8.703147235623696,0.3132995864984096,0.340083350154858,57.727539370967,59.88044904244495,58.409894467842264
20200619,524160400,9.2425,9.445,9.2273,9.2613,9.19152,9.09042,8.931180000000001,9.18270943780251,9.054116541795628,8.744491884836755,0.30962465695887254,0.3339916115156609,60.38717925303626,63.2666028635755,60.02879726642001
20200622,398466480,9.3,9.5313,9.2733,9.5267,9.2621,9.16259,8.9562,9.297372958535007,9.126821689211685,8.802433226700698,0.32438846251098674,0.33207098171472615,64.39300664860872,75.3258833905318,65.12782597445727
20200623,375107400,9.551,9.6425,9.4075,9.45,9.3384,9.20299,8.99281,9.348248639023339,9.176541429332964,8.850401135833978,0.32614029349898566,0.3308848440715781,63.84537131230923,76.71853327682243,68.99139507524565
20200624,449370800,9.4763,9.5564,9.1445,9.2355,9.3383,9.18986,9.028324999999999,9.310665759348893,9.185611978666355,8.878926977624054,0.30668500104230034,0.32604487546572253,58.78606219557886,70.03410452412805,69.33896489153977
20200625,376072000,9.3558,9.505,9.1823,9.49,9.3927,9.259229999999999,9.078475000000001,9.37044383956593,9.232440905025378,8.924191645948198,0.30824925907717926,0.3224857521880139,60.28880866425993,74.36641796360215,71.01478258222723
20200626,592085600,9.5,9.5,9.125,9.155,9.37144,9.281479999999998,9.092450000000001,9.298629226377287,9.220526919636857,8.941288561063146,0.2792383585737106,0.31383627346515325,55.85284280936454,62.691958124795306,68.24050776308326
20200629,342248120,9.1698,9.2045,8.9,9.2,9.3061,9.284099999999999,9.112134999999999,9.265752817584858,9.217368932000417,8.960452371354766,0.25691656064565116,0.30245233090125284,52.75590551181102,55.26265221787696,63.91455591468116
20200630,367892000,9.314,9.5263,9.2665,9.4978,9.31566,9.327029999999999,9.14576,9.343101878389906,9.260512173231122,9.00025589940256,0.26025627382856165,0.2940131194867146,52.36376759292675,63.67902964917946,63.836047159513924
20200701,326646800,9.5207,9.5757,9.413,9.53,9.374559999999999,9.35643,9.183785,9.405401252259937,9.301971838887873,9.03949620315052,0.2624756357373528,0.28770562273684225,66.43077887759213,70.73551471561456,66.13586967821414
20200702,364054080,9.639,9.7375,9.5783,9.6123,9.39902,9.39586,9.226074999999998,9.474367501506624,9.349714632905123,9.08192611402826,0.2677885188768627,0.2837222019648464,65.60033045713234,75.50725856662856,69.25966597435227
20200706,315893720,9.7418,9.9088,9.7125,9.8392,9.53586,9.45365,9.272034999999999,9.59597833433775,9.425020073996642,9.138020475952093,0.2869995980445488,0.2843776811807869,65.37146553317315,81.3717436175092,73.2970251887379
20200707,357799720,9.9463,10.07,9.8507,9.8718,9.670219999999999,9.488159999999999,9.325375,9.6879188895585,9.493755447227928,9.192374514770457,0.3013809324574712,0.28777833143612375,69.20208442893338,81.93443876494915,76.17616304747497
20200708,365480520,9.9938,10.225,9.9655,10.216,9.81386,9.56476,9.383875,9.863945926372335,9.604869993808247,9.268198624787459,0.3366713690207881,0.2975569389530566,71.60112854875679,87.72987741562646,80.02740117019212
20200709,494547200,10.3803,10.57,10.2335,10.509,10.00966,9.69211,9.440985,10.07896395091489,9.743966917837747,9.360109837766165,0.38385708007158215,0.3148169671767617,75.37941338365965,90.60235340682482,83.55238524906969
20200710,497674800,10.5888,10.6553,10.3788,10.4793,10.183060000000001,9.791039999999999,9.525134999999999,10.212409300609927,9.857095084324248,9.44301281274645,0.414082271577799,0.33467002805696916,74.07304925290535,90.3926435879905,85.8324713620433
20200713,457074800,10.595,10.7922,10.025,10.0523,10.22568,9.880770000000002,9.581125,10.159039533739953,9.887126609812825,9.488145196987453,0.39898141282537125,0.3475323050106496,59.76443486661218,77.42983824788497,83.03159365732384
20200714,542674400,10.075,10.4028,9.7855,10.377,10.32672,9.998470000000001,9.641285,10.231693022493303,9.962491746764698,9.5539862935069,0.4085054532577974,0.35972693466007916,65.76852418860994,74.91842271436727,80.32720334300498
20200715,403984800,10.4143,10.433,10.0558,10.2273,10.32898,10.07142,9.699225,10.230228681662203,10.003231478031669,9.60386138287676,0.39937009515490907,0.3676555667590452,67.25109580463366,67.76696231593509,76.14045633398169
20200716,344964720,10.015,10.2067,9.8955,10.1348,10.254140000000001,10.1319,9.744164999999999,10.198419121108136,10.023472789103721,9.643190169330333,0.3802826197733875,0.3701809773619137,61.88527611885275,58.21554704239765,70.16548657012034
20200717,266284640,10.2255,10.2485,10.0878,10.2015,10.19858,10.190819999999999,9.79334,10.199446080738758,10.050861590780071,9.684546453083643,0.36631513769642865,0.3694078094288167,71.40694677412756,52.58474302677505,64.30523872233857
20200720,284850840,10.2743,10.5313,10.1568,10.5108,10.290280000000001,10.25798,9.855815,10.303230720492506,10.121621346044675,9.745750419521892,0.37587092652278287,0.3707004328476099,74.19700214132763,59.072256418697684,62.560911287791605
20200721,277666840,10.513,10.5599,10.2868,10.3285,10.28058,10.303650000000001,9.895904999999999,10.311653813661671,10.153448831268571,9.788917055112861,0.36453177615570986,0.3694667015092299,66.01750800200533,57.36104138055227,60.82762131871182
20200722,367290840,10.3675,10.6025,10.2916,10.4388,10.322880000000001,10.325930000000001,9.945345,10.354035875774448,10.197349011073406,9.837056532511909,0.3602924785614974,0.3676318569196834,67.01108116202458,59.87242830224297,60.50922364655553
20200723,411661200,10.45,10.547,10.0313,10.1298,10.32188,10.28801,9.99006,10.279290583849633,10.18695685552365,9.858741233807324,0.32821562171632657,0.359748609879012,58.92887953345525,51.315236960278106,57.444561417796386
20200724,473292000,9.875,10.3648,9.777,10.1945,10.32048,10.25953,10.025285,10.251027055899756,10.188117339289244,9.8836122535253,0.3045050857639442,0.34869990505599846,56.49376759147566,51.06862758789388,55.319250141162215
20200727,292130200,10.2323,10.4418,10.2178,10.4215,10.30262,10.29645,10.08861,10.307851370599838,10.224022364013976,9.923455790301203,0.3005665737127732,0.33907323878735346,59.380225930855595,60.070383261705175,56.902961181343194
20200728,271636040,10.3743,10.382,10.2093,10.2155,10.280019999999999,10.2803,10.139385,10.277067580399892,10.222711231088748,9.945088694723335,0.27762253636541345,0.3267830983029655,49.991045524553186,57.75336271555637,57.18642835941425
20200729,284507680,10.3908,10.5162,10.347,10.4655,10.28536,10.304120000000001,10.187769999999999,10.339878386933263,10.260063349382786,9.983637680299385,0.2764256690834017,0.31671161245905277,49.208774418858454,66.30357433611294,60.22547701831381
20200730,308880160,10.375,10.623,10.2953,10.614,10.382200000000001,10.352039999999999,10.241969999999998,10.43125225795551,10.314515141785435,10.030331185462392,0.2841839563230426,0.3102060812318508,52.3485720263626,77.18110629499733,65.87735344387498
20200731,386286000,10.5633,10.7665,10.433,10.6148,10.46626,10.39337,10.292095,10.492434838637008,10.360712812279983,10.073625171724437,0.28708764055554603,0.30558239309658985,61.51955764898627,79.67707911665815,70.47726200146937
20200803,413018400,10.7325,11.0988,10.7153,11.0103,10.58402,10.44332,10.35065,10.66505655909134,10.460649302698446,10.143008492337442,0.317640810361004,0.3079940765494727,62.603988377184244,84.21958096353394,75.05803498882423
20200804,310335600,11.05,11.2278,10.906,11.2278,10.786480000000001,10.533249999999999,10.41845,10.852637706060895,10.578672486898686,10.223363418830965,0.35530906806772045,0.31745707485312225,69.38878338048914,89.47972064235596,79.86526354000148
20200805,250499720,11.244,11.3717,11.1663,11.2868,10.95074,10.61805,10.47199,10.997358470707264,10.687615181221965,10.30213649891756,0.3854786823044041,0.3310613963433786,72.61839315165317,91.21185197147426,83.64745968382573
20200806,244315680,11.3498,11.358,11.1788,11.3355,11.095040000000001,10.738620000000001,10.513315,11.110072313804842,10.787289768726277,10.378681943442185,0.4086078252840917,0.3465706821315212,72.42347544095547,93.10315251872082,86.79935729545743
20200807,342515960,11.3125,11.5048,11.0375,11.1995,11.21198,10.83912,10.549325,11.139881542536562,10.850706727383773,10.439483280964986,0.41122344641878783,0.3595012349889745,64.62021823122322,87.54670479248827,87.04847312780103
20200810,427796000,11.3343,11.4083,10.8565,11.165,11.24292,10.91347,10.60496,11.148254361691041,10.899059538555502,10.493225260152764,0.4058342784027378,0.36876784367172716,68.94677236693089,82.33305192036079,85.47666605865427
20200811,354510520,11.0738,11.1368,10.7958,10.85,11.167359999999999,10.97692,10.62861,11.048836241127361,10.89151191723927,10.519653018659968,0.371858898579303,0.36938605465324237,58.523339689909605,70.17601008553197,80.37644740094683
20200812,464942800,10.9908,11.467,10.9583,11.4403,11.19806,11.0744,10.68926,11.179324160751575,10.975940853048614,10.587849091351822,0.38809176169679205,0.3731271960619523,74.32708372006684,78.11136879372594,79.62142119853986
20200813,374459560,11.546,11.7218,11.3558,11.443,11.21956,11.157300000000001,10.75467,11.267216107167716,11.04779610642575,10.65119360310354,0.39660250332221025,0.37782225751400395,73.72221166634999,76.17426242151691,78.47236827286554
20200814,366436160,11.53,11.7048,11.4405,11.564,11.29246,11.25222,10.822795,11.366144071445145,11.127212090052558,10.718808891762537,0.4084031982900207,0.3839384456692073,72.6192833102356,78.43582937532372,78.46018864035159
20200817,621300800,11.8513,12.4098,11.8172,12.337,11.526860000000001,11.38489,10.914105000000001,11.689762714296764,11.313333306967548,10.838674899780127,0.47465840718742136,0.40208243797285015,84.30072756669361,84.12037530432566,80.34691752834294
20200818,503446400,12.45,12.496,12.0863,12.2608,11.80902,11.48819,11.010720000000001,11.880108476197844,11.459097413587926,10.944017499796413,0.5150799137915136,0.42468193313658287,80.75513070887723,84.80236132706523,81.83206546125037
20200819,622622400,12.2965,12.315,12.098,12.1385,11.94866,11.57336,11.095704999999999,11.966238984131897,11.563620888420553,11.03249768499668,0.5311232034238742,0.44597018719404113,76.35263612791704,82.85926154894574,82.17446415714882
20200820,921386400,11.975,12.375,11.8788,12.141,12.08826,11.65391,11.196265,12.024492656087933,11.65244844404816,11.114608967589517,0.5378394764586432,0.4643440450469616,76.3665261557598,81.61287553837491,81.98726795089084
20200821,999869600,12.2018,12.8087,12.1952,12.6835,12.31216,11.80231,11.320715,12.24416177072529,11.811071760348442,11.23082311813844,0.5802486422100017,0.4875249644795696,77.50887807444431,85.66862310470626,83.21438633549597
20200824,490564400,12.8838,12.9125,12.5075,12.7203,12.388819999999999,11.957840000000001,11.435655,12.402874513816862,11.950953027987143,11.341154739017075,0.6097982889700688,0.5119796293776695,76.08809648662822,87.16733983939446,84.53203750346213
20200825,289076800,12.6308,12.7613,12.5738,12.75,12.48666,12.14784,11.562380000000001,12.518583009211243,12.073883331373736,11.445513647238032,0.6283696841357038,0.5352576403292764,75.84063294716023,87.96531034795201,85.67646178495875
20200826,321242920,12.7992,12.8685,12.6778,12.773,12.613560000000001,12.28111,11.677755000000001,12.603388672807498,12.181439741931623,11.543845969664845,0.6375937722667775,0.5557248667167766,75.61931919443951,88.81790617399699,86.72360991463816
20200827,317602920,12.7815,12.85,12.5664,12.6283,12.71102,12.39964,11.77847,12.611692448538333,12.250187473942143,11.62417589783782,0.6260115761043235,0.569782208594286,75.38554473740317,83.8961944261109,85.78113808512907
20200828,537158400,12.6749,13.148,12.6425,13.1478,12.803880000000001,12.55802,11.90512,12.790394965692224,12.388281708720275,11.737036942442424,0.6512447662778502,0.5860747201309988,80.0497090203686,89.25887696481772,86.94038437835862
20200831,500841200,13.1828,13.575,13.0378,13.3745,12.934719999999999,12.66177,12.02333,12.985096643794815,12.540007599686387,11.858330502261504,0.6816770974248829,0.6051951955897756,89.311408016444,88.89907129965955,87.59328001879226
20200901,512474000,13.48,13.9938,13.4365,13.821,13.148919999999999,12.817789999999999,12.152989999999999,13.26373109586321,12.73708335358079,12.00371342801991,0.7333699255608792,0.6308301415839964,88.81027680871182,89.87597661112054,88.35417888290168
20200902,874012800,14.7037,14.7267,13.9,14.3465,13.46362,13.03859,12.305975,13.624654063908809,12.98468591456836,12.17725317409251,0.8074327404758499,0.6661506613623671,90.43984512103403,88.24439654777845,88.31758477119394
20200903,945126000,13.8286,13.8845,12.8788,13.0155,13.541059999999998,13.12604,12.389975,13.42160270927254,12.989426543096304,12.239345531567137,0.7500810115291667,0.6829367313957271,65.12010666888892,66.45997501166484,81.0317148513509
20200904,1463682800,12.7838,13.175,11.7048,12.6225,13.435999999999998,13.11994,12.461125,13.155235139515026,12.932976305696872,12.267727344043646,0.6652489616532264,0.679399177447227,53.22971107943619,54.429420450213435,72.16428338430508
20200908,795729600,11.7345,12.55,11.7043,11.913,13.1437,13.03921,12.498525,12.741156759676686,12.776056874051198,12.241451244484857,0.5346056295663413,0.6504404678710499,46.55861632233041,38.587983141151646,60.97218330325393
20200909,736198400,12.4,12.8093,12.2318,12.715,12.9225,13.03571,12.591775,12.732437839784458,12.766663508812552,12.27652893007857,0.4901345787339828,0.6183792900436366,55.02799630204608,36.872092872290615,52.938819826266155
20200910,698684400,12.9893,13.0653,12.167,12.3118,12.51556,12.989590000000002,12.63535,12.592225226522974,12.696684507456775,12.279141601924602,0.4175429055321729,0.5782120131413439,51.39233076822747,31.28136877916251,45.719669477231605
20200911,636926800,12.4855,12.6525,11.8958,12.1645,12.34536,12.943209999999999,12.671425,12.449650151015316,12.61480996784804,12.270649631411668,0.3441603364363708,0.5314016778003493,45.47783354245085,25.92968259179036,39.12300718208452
20200914,1201744800,13.081,13.315,12.6311,12.8723,12.39532,12.915659999999999,12.73684,12.590533434010212,12.654423818948342,12.315216325381174,0.3392074935671676,0.492962840953713,51.18575841732454,30.1680502614759,36.13802154188164
20200915,727556400,13.28,13.2988,12.8278,12.991,12.61092,12.87731,12.76954,12.724022289340141,12.706204769879365,12.36527437535294,0.34093039452642593,0.4625563516682556,51.85430259756247,34.302742877687656,35.52626198715031
20200916,557599600,12.9573,13.0928,12.5138,12.5145,12.570820000000001,12.74666,12.782225,12.654181526226761,12.676711728359463,12.376328125326795,0.3003836030326674,0.430121801941138,48.14079604136999,35.25573801239477,35.436087328898466
20200917,792511600,12.1322,12.5898,12.0348,12.4635,12.601159999999998,12.558359999999999,12.798475,12.590621017484509,12.643909923996468,12.382785301228514,0.26112462276795334,0.3963223661065011,48.798518561721735,39.21542071420883,36.69586512400192
20200918,698462000,12.5938,12.6325,11.9888,12.1893,12.60612,12.475739999999998,12.80089,12.456847344989672,12.573969935689318,12.368453056693069,0.20551687899624937,0.3581612686844508,42.75280134282991,36.180657744821566,36.5241293309418
20200921,721042400,11.925,12.5225,11.9045,12.5173,12.53512,12.465219999999999,12.79258,12.476998229993114,12.565251484044808,12.379478756197285,0.18577272784752275,0.3236835605170652,43.61651425337346,38.71786427632977,37.255374312737786
20200922,646452000,12.575,12.648,12.1556,12.6378,12.46448,12.5377,12.788454999999999,12.530598819995411,12.57641279419176,12.398613663145635,0.17779913104612532,0.2945066746228772,40.739175354559976,43.23956829244985,39.25010563930847
20200923,647012400,12.5755,12.727,12.0793,12.1238,12.38634,12.478580000000001,12.757145,12.394999213330276,12.506780056623796,12.378257095505218,0.12852296111857875,0.2613099319220175,32.5717063684978,34.18150851214055,37.56057326358583
20200924,731240400,12.0723,12.5695,12.014,12.348,12.36324,12.4822,12.735895,12.379332808886852,12.48235235560475,12.376015829171498,0.10633652643325142,0.2303152508242643,43.66686274881877,33.26858927395688,36.12991193370951
20200925,588016400,12.4475,12.8835,12.2458,12.8738,12.50014,12.55313,12.74817,12.544155205924568,12.542575070127095,12.41288873071435,0.12968633941274454,0.21018946854196036,52.32568900734816,45.351977826234446,39.20393389788448
20200928,573809200,13.0403,13.0518,12.75,13.035,12.60368,12.5694,12.74253,12.707770137283045,12.618332751646003,12.458971046957732,0.15936170468827093,0.20002391577122247,61.55652603823335,61.94662136436611,46.784829720045025
20200929,623004800,12.9375,13.4428,12.9333,13.2258,12.72128,12.59288,12.735095,12.880446758188699,12.711789251392771,12.51577319162753,0.19601605976524183,0.19922234457002636,56.01904223227753,69.92892051606941,54.49952665205315
20200930,689184000,13.1575,13.6225,13.1503,13.5305,13.002619999999999,12.69448,12.72057,13.0971311721258,12.837744751178498,12.590938140395862,0.24680661078263633,0.20873919781254838,64.70190846140854,78.16759233473311,62.38888187961314
20201001,525002400,13.758,13.7627,13.4608,13.6145,13.25592,12.80958,12.68397,13.269587448083868,12.957245558689497,12.666757537403576,0.29048802128592044,0.22508896250722282,67.76351252021362,82.78657484892226,69.18811286938283
20201002,552496000,13.225,13.5195,13.051,13.0623,13.293619999999999,12.896880000000001,12.68631,13.200491632055915,12.973407780429575,12.696056979077387,0.27735080135218837,0.23554133027621593,52.419888939833946,75.17351306239316,71.18324626705294
20201005,479818400,13.236,13.6443,13.2228,13.6425,13.415120000000002,13.0094,12.73731,13.347827754703944,13.07634504497887,12.766163869516099,0.31018117546277146,0.250469299313527,57.42483987874091,81.15778284524004,74.5080917931153
20201006,784420000,13.83,14.142,13.665,13.7365,13.517259999999998,13.11927,12.828485,13.47738516980263,13.177907345751352,12.838040619922314,0.33986672582903843,0.2683487846166293,65.25669196963642,81.08670485422017,76.70096281348359
20201007,418085200,13.9998,14.1193,13.8635,13.964,13.60396,13.303289999999999,12.890934999999999,13.639590113201756,13.298844677174221,12.921445018446587,0.3773996587276347,0.2901589594388304,67.9429842393514,84.2620714216406,79.22133234953591
20201008,378900880,14.075,14.0845,13.758,13.8387,13.6488,13.452359999999999,12.967279999999999,13.705960075467837,13.38189934222434,12.989389831894988,0.39250951032935255,0.3106290696169348,70.45184009522863,82.2451165799443,80.2292604263387
20201009,346890920,13.767,13.8243,13.6608,13.7628,13.788900000000002,13.54126,13.047194999999999,13.724906716978559,13.440499443420595,13.04667947397684,0.3938199694437561,0.3272672495822991,66.47356029944713,77.70589471342694,79.38813852203478
20201012,434744000,13.9895,14.347,13.9125,14.226,13.905600000000002,13.66036,13.11488,13.891937811319039,13.56134568289435,13.134036549978555,0.427309132915795,0.34727562624899827,69.26024739267524,82.02512322458918,80.26713342288625
20201013,344603120,14.2965,14.3485,14.0186,14.2482,14.00794,13.7626,13.17774,14.010691874212693,13.66701557783368,13.21656717590607,0.45044840192761093,0.3679101813847208,79.25203789380923,85.43999865582762,81.9914218338667
20201014,276647120,14.2905,14.3428,13.96,14.0953,14.034200000000002,13.81908,13.256780000000001,14.038894582808464,13.732905488936192,13.281658496209323,0.45124699272686897,0.38457754365315044,74.54141970280064,83.7885154815344,82.59045304975592
20201015,267225120,13.8107,14.0058,13.7678,13.97,14.06046,13.85463,13.332104999999999,14.01592972187231,13.769381567561393,13.332646755749373,0.4367348118120198,0.39500899728492433,67.34823067671078,77.9845026073041,81.05513623560532
20201016,242639600,14.0368,14.1215,13.7925,13.8115,14.0702,13.92955,13.413215,13.947786481248208,13.7758613263981,13.368117366434605,0.40774395996349533,0.39755598982063856,62.29923654449268,59.29421011394799,73.80149419505287
20201019,298068560,13.9029,13.9835,13.4068,13.4978,13.92456,13.91508,13.46224,13.797790987498807,13.733082660798392,13.37772348743945,0.3553591733589414,0.38911662652829915,54.14684717648495,42.75059832523082,63.45119557177885
20201020,229212040,13.5835,13.7998,13.507,13.6455,13.80402,13.90598,13.512625,13.747027324999205,13.719608405290948,13.397558784666158,0.3220496206247905,0.3757032253475974,51.841414206110294,36.949657316817,54.61734948679156
20201021,219597320,13.625,13.7915,13.4775,13.5248,13.68992,13.86206,13.582675,13.672951549999471,13.689637881400035,13.406984059876072,0.28265382152396334,0.3570933445828707,48.580381730130114,28.809948175460402,46.01488238301451
20201022,290479440,13.5225,13.6118,13.2318,13.361,13.568119999999999,13.81429,13.633325000000003,13.568967699999648,13.63907820733849,13.403577833218584,0.23550037411990665,0.3327747504902779,55.38994550507056,23.063233412457343,38.36433272616212
20201023,233484280,13.45,13.5933,13.2913,13.5903,13.52388,13.79704,13.669149999999998,13.576078466666432,13.631573867747953,13.417409104832021,0.21416476291593156,0.30905275297540863,48.92148760330576,26.07666204094868,34.26844249775763
20201026,336894320,13.427,13.6928,13.0385,13.1412,13.45256,13.68856,13.674460000000002,13.431118977777622,13.556131734248268,13.396949171140761,0.15918256310750678,0.27907871500182824,39.274260387013086,20.009093153420377,29.51532604964521
20201027,250519680,13.306,13.442,13.1915,13.3968,13.40282,13.60342,13.68301,13.419679318518416,13.531619159748535,13.396938121426631,0.13468103832190437,0.2501991796658435,39.88299086757991,24.367404053649913,27.799352050980108
20201028,376518080,13.198,13.26,12.609,12.627,13.22326,13.45659,13.637835,13.155452879012278,13.392446981325683,13.339905667987622,0.052541313338061,0.210667606400287,32.42741537836821,16.641630250642656,24.080111450867623
20201029,320081840,12.8385,13.1928,12.75,13.024,13.155859999999999,13.36199,13.60831,13.111635252674853,13.335762830352502,13.316505248136687,0.01925758221581475,0.17238560156339255,40.19847166206748,21.15868596071701,23.10630295415075
20201030,417396000,12.85,12.9364,12.3,12.534,12.9446,13.23424,13.581895,12.919090168449902,13.212414702605964,13.258541896422859,-0.04612719381689523,0.128683042487335,27.71103382864368,19.306484066268116,21.83969665818987
20201102,299652640,12.6578,12.8367,12.395,12.5808,12.832519999999999,13.14254,13.528810000000002,12.806326778966602,13.115243209897354,13.208338792984128,-0.09309558308677346,0.08432731737251331,28.176535259934013,19.14655089276517,20.941981403048302
20201103,272901080,12.7085,13.105,12.6028,13.0195,12.757060000000001,13.079939999999999,13.49296,12.877384519311068,13.10051348529776,13.194350734244562,-0.09383724894680157,0.048694404108650335,36.89965903555772,29.983877122077036,23.955946642724548
20201104,410229200,13.3893,13.8275,13.3369,13.7943,12.99052,13.106890000000002,13.484475,13.183023012874045,13.207249872175028,13.238791420596815,-0.031541548421786914,0.03264721360256289,48.1526653348754,52.598089385258106,33.5033275569024
20201105,319028320,14.1625,14.339,13.991,14.16,13.21772,13.186789999999998,13.50054,13.5086820085827,13.353826814917332,13.3070290931452,0.046797721772131595,0.03547731523647663,53.51119350353638,65.47245520893944,44.15970344091474
20201106,383349280,14.1098,14.5887,13.895,14.562,13.623320000000001,13.283959999999999,13.5405,13.8597880057218,13.539699612622357,13.399989901060371,0.13970971156198608,0.056323794501578525,60.534547614333796,76.5927697635338,54.970725548454425
20201109,582978000,14.5525,14.6915,13.6107,13.6308,13.83332,13.332920000000001,13.510740000000002,13.7834586704812,13.553715056834303,13.417086945426268,0.13662811140803477,0.07238465788286977,49.87402519496102,69.61087431583834,59.85077513758239
20201110,644067200,13.6065,13.6065,12.6283,12.77,13.783419999999998,13.270240000000001,13.43683,13.445639113654135,13.433143509629026,13.369154579098396,0.06398893053063048,0.07070551241242191,44.2597268274876,52.95822870620318,57.55325966045598
20201111,404743600,13.0538,13.4349,12.9483,13.418,13.708160000000001,13.349340000000002,13.402965,13.436426075769425,13.430813738916868,13.37277275842444,0.05804098049242867,0.06817260602842326,50.403751345837804,50.888453258313426,55.33165752640846
20201112,366635000,13.4789,13.766,13.316,13.4568,13.567519999999998,13.392619999999999,13.377305000000002,13.443217383846285,13.43481162523735,13.378996998541147,0.055814626696202296,0.06570101016197907,49.028143791039994,49.3374941309868,53.33360306126791
20201113,346762320,13.6273,13.6687,13.0593,13.297,13.314519999999998,13.46892,13.351580000000002,13.394478255897525,13.413609836739296,13.372923146797358,0.04068668994193736,0.06069814611797073,51.18407052743579,43.97032412230642,50.21251008161408
20201116,413774800,13.1725,13.6495,13.156,13.5153,13.291419999999999,13.562369999999998,13.352455,13.434752170598351,13.429254477240942,13.383469580367924,0.0457848968730179,0.05771549626898017,50.905727868902574,43.64403926881951,48.023019810682555
20201117,312027960,13.5525,13.5963,13.3039,13.4223,13.421879999999998,13.60265,13.341294999999999,13.430601447065568,13.428184557665412,13.386345907748078,0.041838649917334436,0.054540126998651024,56.78016675476138,41.92399567643416,45.99001176593309
20201118,510925200,13.4653,13.6058,13.185,13.4288,13.42404,13.5661,13.336495,13.43000096471038,13.428279241101503,13.389490655322295,0.03878858577920852,0.05138981875476253,53.69720882653809,40.88231481181951,44.287446114561895
20201119,565934400,13.2128,13.4875,13.1,13.4403,13.42074,13.494129999999998,13.340459999999998,13.433433976473589,13.430128588624347,13.393254310483606,0.03687427814074162,0.04848671063195835,59.070437758962356,40.37365643005883,42.98284955306087
20201120,341089800,13.454,13.4945,13.065,13.0878,13.378899999999998,13.346709999999998,13.315335,13.318222650982392,13.377462651912909,13.370628065262599,0.006834586650310115,0.040156285835628705,54.78157537347216,40.37860532681604,42.11476814431259
20201123,361354200,13.1711,13.3825,13.0155,13.14,13.303840000000003,13.297630000000002,13.315275,13.258815100654928,13.340929936234,13.353544504872776,-0.012614568638776191,0.02960211494074773,51.22581432727718,34.73367215012638,39.65440281291718
20201124,346499960,13.1425,13.162,12.885,12.9577,13.210919999999998,13.316399999999998,13.29332,13.158443400436619,13.281971484505693,13.324222689697015,-0.04225120519132197,0.015231450914333792,40.32295377781892,25.906443559789174,35.07174972854118
20201125,259916400,13.0325,13.2694,13.02,13.2348,13.172120000000001,13.298080000000002,13.32371,13.18389560029108,13.27471433304328,13.317598786756495,-0.042884453713215365,0.0036082699888239592,39.074161549362294,32.14910451942222,34.09753465883485
20201127,167275200,13.375,13.4075,13.1705,13.2613,13.136320000000001,13.27853,13.335575,13.209697066860722,13.27265058949816,13.313428506256013,-0.040777916757853916,-0.0052689673605116165,33.145004535441245,37.83997419236826,35.345014503345986
20201130,286952000,13.265,13.4125,12.9724,13.4015,13.19906,13.28898,13.37895,13.273631377907147,13.292473575729211,13.31995232060742,-0.027478744878209227,-0.00971092286405114,46.262428687856556,49.11214705684337,39.93405868784511
20201201,297571280,13.4923,13.5288,13.2283,13.39,13.24906,13.27645,13.41941,13.312420918604765,13.30747764100164,13.325141037599463,-0.017663396597823677,-0.011301417610805648,63.975295284464906,56.09511246630847,45.321076613999566
20201202,283361200,13.3505,13.6734,13.2343,13.5445,13.36642,13.28867,13.44566,13.389780612403179,13.343942619309079,13.341389849629133,0.0025527696799461097,-0.008530580152655298,53.66730445874645,65.28021872859591,51.974123985531676
20201203,199520640,13.5875,13.66,13.329,13.396,13.398660000000001,13.285390000000001,13.425745000000001,13.391853741602121,13.351951447107682,13.3454350459529,0.0065164011547818035,-0.005521183891167878,48.342782381160085,65.12508409066889,56.35777735391075
20201204,202243400,13.4485,13.56,13.3887,13.5583,13.45806,13.29719,13.395660000000001,13.447335827734747,13.383697378321884,13.36120282032676,0.0224945579951239,8.196448609047724e-05,57.112526539278115,71.88365998400411,61.53307156394187
20201207,223243240,13.6013,13.7313,13.5,13.6068,13.49912,13.34909,13.347900000000001,13.500490551823166,13.418020858580055,13.37939520400626,0.03862565457379574,0.007790702503631531,52.74428648551377,76.35207487058386,66.47273933282253
20201208,271920880,13.585,13.5988,13.2815,13.35,13.49112,13.37009,13.333860000000001,13.450327034548778,13.407556111106201,13.377217781487278,0.0303383296189228,0.012300227926689784,48.02556119941011,67.48679195263854,66.8107568727612
20201209,401301200,13.3005,13.414,12.8682,12.9308,13.368379999999998,13.3674,13.3419,13.277151356365852,13.334209017089863,13.344149797673404,-0.009940780583541198,0.007852026224643588,38.90176502050272,47.40883646879258,60.343450071438326
20201210,207764720,12.869,13.0687,12.8494,12.9723,13.28364,13.341149999999999,13.319614999999999,13.175534237577235,13.278530706768347,13.316605368216115,-0.03807466144776761,-0.0013333113098386515,39.70795214637579,36.25116444179479,52.31268819489048
20201211,209265640,12.9673,13.02,12.823,13.0132,13.174619999999999,13.31634,13.297435000000002,13.121422825051491,13.237710598034756,13.294130896496402,-0.05642029846164576,-0.012350708740200073,48.09887869520896,31.1475156244135,45.25763067139815
20201214,270157880,13.0879,13.3888,13.0775,13.3088,13.115019999999998,13.30707,13.298025,13.183881883367661,13.248647429106331,13.295217496755926,-0.04657006764959526,-0.019194580522079112,53.82697016414255,38.59318759708964,43.036149646628644
20201215,193485920,13.4398,13.464,13.1868,13.3605,13.11712,13.304120000000001,13.290285,13.242754588911776,13.265855516936128,13.300053237736968,-0.03419772080084016,-0.022195208577831322,59.7069597069597,45.45428624495324,43.842195179403504
20201216,223114680,13.4225,13.4373,13.2125,13.2425,13.17946,13.273919999999999,13.281295,13.242669725941186,13.262262360484415,13.295790034941637,-0.033527674457221934,-0.024461701753709444,50.20097092446624,45.69791786582334,44.46076940821011
20201217,231383880,13.3668,13.3795,13.1785,13.3413,13.253260000000001,13.268449999999998,13.27692,13.275546483960792,13.274421997332967,13.29916114346448,-0.024739146131512513,-0.024517190629270057,52.012072434607646,49.48616007745413,46.13589963129145
20201218,342064640,13.379,13.405,13.0705,13.272,13.305020000000003,13.23982,13.268505,13.274364322640528,13.274049382358665,13.297149206911554,-0.023099824552888393,-0.024233717413993727,46.62250273851129,52.28268710843765,48.18482879034018
20201221,302332160,13.0748,13.37,12.9675,13.3323,13.309719999999999,13.212370000000002,13.28073,13.293676215093686,13.283011015841947,13.299752969362551,-0.01674195352060437,-0.022735364635315856,48.53247876290756,61.339784125333864,52.56981390200474
20201222,186314880,13.3193,13.3372,13.0539,13.2783,13.29328,13.205200000000001,13.287645000000001,13.288550810062459,13.282286244173955,13.29816386052088,-0.015877616346925194,-0.021363814977637723,42.86480111504236,64.56973647877169,56.56978809426039
20201223,179142760,13.256,13.275,13.005,13.0093,13.246640000000003,13.21305,13.290225000000001,13.195467206708308,13.240288360454885,13.276766537519334,-0.03647817706444911,-0.024386687395000002,40.263860214512285,52.734478505348534,55.2913515646231
20201224,97883520,13.0373,13.1325,12.9387,12.9938,13.17714,13.2152,13.278175,13.128244804472207,13.202367074231056,13.255806053258642,-0.05343897902758599,-0.030197145721517202,34.652819313794836,38.65273375069428,49.745145626646824
20201228,212565640,13.0625,13.0625,12.7632,12.9,13.10274,13.203880000000002,13.260110000000001,13.052163202981472,13.155849062810892,13.229450049313558,-0.07360098650266522,-0.038877913877746806,31.246019953300816,32.275338482198045,43.921876578497226
20201229,170372160,12.925,13.0725,12.8423,12.9433,13.02494,13.167329999999998,13.237199999999998,13.015875468654317,13.123149206993833,13.208253749364404,-0.08510454237057097,-0.048123239576311636,37.82991202346045,30.422593750531327,39.42211563584193
20201230,225397160,12.9903,13.2137,12.8968,13.1458,12.998439999999999,13.145859999999999,13.22499,13.059183645769545,13.126633944379398,13.203627545707782,-0.07699360132838429,-0.05389731192672617,57.392380690413965,40.15292476274126,39.6657186781417
20201231,192424400,13.1365,13.1511,12.915,13.055,13.00758,13.127109999999998,13.200515000000001,13.057789097179699,13.115613337551798,13.192618097877578,-0.07700476032577974,-0.058518801606536885,52.75024941802458,41.92390891526681,40.4184487571834
20210104,560642000,13.1043,13.6525,12.9625,13.1135,13.03152,13.10433,13.18639,13.076359398119799,13.115288208697674,13.186757498034796,-0.07146928933712182,-0.06110889915265387,53.29695615015451,41.07944990317988,40.63878247251556
20210105,322759920,13.0998,13.4435,13.087,13.4048,13.132480000000001,13.117610000000003,13.178715,13.185839598746533,13.159828484282649,13.202908794476663,-0.04308031019401426,-0.05750318136092595,53.164556962025316,51.43517732965844,44.23758075822985
20210106,580423200,13.2225,13.245,12.586,12.6145,13.06672,13.04583,13.1291,12.995393065831022,13.07593179439301,13.159322957848762,-0.08339116345575093,-0.06268077777989095,33.461913629511386,35.18088240167569,41.21868130604513
20210107,461481600,12.9675,13.3778,12.8865,13.344,13.10636,13.0524,13.128800000000002,13.11159537722068,13.117173056794087,13.173002738748854,-0.05582968195476745,-0.061310558614866256,51.770204750776095,47.14512335139058,43.194161987826945
20210108,292528600,13.3625,13.421,13.042,13.2768,13.150720000000002,13.079150000000002,13.1461,13.166663584813788,13.141731048056535,13.180691424767458,-0.03896037671092323,-0.05684052223407765,48.86255422706591,53.02095580825631,46.46975992797006
20210111,519028800,13.4188,13.961,13.3625,13.6215,13.252320000000001,13.141919999999999,13.178560000000001,13.318275723209194,13.215541656047836,13.21334391182172,0.002197744226116072,-0.04503286894203891,55.61770662551836,60.45033417520115,51.129951343713756
20210112,291477720,13.7525,13.7545,13.345,13.4848,13.26832,13.200399999999998,13.20214,13.373783815472798,13.256966016655863,13.233451770205296,0.0235142464505671,-0.03132344586351771,52.392457092654766,62.08931369255833,54.78307212666195
20210113,210028440,13.49,13.625,13.385,13.5318,13.45178,13.25925,13.21329,13.426455876981867,13.299248167939577,13.255551639078977,0.04369652886060038,-0.016319450918694092,53.98572371937991,64.32136064352373,57.96250163228254
20210114,283120280,13.575,13.5998,13.1805,13.2003,13.42304,13.2647,13.205279999999998,13.351070584654579,13.28402537287195,13.251458925073127,0.032566447798823006,-0.006542271175190673,52.94516745821256,57.7730283078037,57.89934385745625
20210115,277781280,13.228,13.3253,12.8485,12.8595,13.339580000000002,13.24515,13.18613,13.187213723103055,13.218713777045497,13.222424930623266,-0.0037111535777683002,-0.005976047655706199,48.11794052523894,45.1456552355055,53.648114316806
20210119,226186880,13.0162,13.094,12.844,13.0253,13.220340000000002,13.236329999999999,13.170330000000002,13.133242482068704,13.18895781134619,13.207823083910432,-0.01886527256424131,-0.008553892637413222,51.721201131899214,40.74680046003395,49.34767636454865
20210120,258570880,13.1118,13.4305,13.0568,13.3658,13.196540000000002,13.232429999999999,13.17502,13.21076165471247,13.216164301908316,13.219525077694845,-0.0033607757865290466,-0.007515269267236387,55.365624444388,42.736004842648725,47.143785857248666
20210121,338339600,13.4186,13.9994,13.253,13.8675,13.263679999999999,13.35773,13.20178,13.429674436474983,13.316369793922421,13.26752322008782,0.04884657383460045,0.003757099353130981,58.51804640842245,58.01868328151656,50.76875166533796
20210122,246818560,13.7401,13.8417,13.6273,13.7125,13.36612,13.39458,13.223489999999998,13.523949624316655,13.377312902549741,13.30048446304428,0.07682843950546214,0.018371367383597216,57.644459946517856,63.73537976081258,55.09096103049616
20210125,251111160,13.7818,13.8285,13.2365,13.6533,13.524880000000001,13.43223,13.255689999999998,13.567066416211105,13.419772456003628,13.32661894726322,0.09315350874040718,0.03332779565495921,56.274993025202264,65.838588526711,58.67350352923444
20210126,163980400,13.5804,13.6448,13.3875,13.4353,13.60688,13.41361,13.277764999999999,13.52314427747407,13.422161308926146,13.334669395614094,0.08749191331205175,0.044160619186377724,50.36069916507012,60.95141952787601,59.43280886211496
20210127,371272840,13.23,13.2327,12.7938,12.9178,13.51728,13.35691,13.278655,13.321362851649383,13.344567261399046,13.303790181124162,0.040777080274883915,0.043483911404078965,53.83428990417436,44.06272471953514,54.30944748125502
20210128,228315960,12.9963,13.3398,12.9605,13.051,13.353980000000002,13.30883,13.28404,13.23124190109959,13.299403067337655,13.285064982522373,0.014338084815282315,0.037654746086319635,45.63832321067049,36.486408384136034,48.36843444888203
20210129,271552040,13.075,13.3348,12.9115,12.9898,13.20944,13.287780000000001,13.276239999999998,13.150761267399728,13.251771826208785,13.26319350233553,-0.01142167612674605,0.0278394616437065,45.719995227869255,29.74342731028228,42.16009873601544
20210201,217204320,13.0534,13.2708,12.9028,13.237,13.12618,13.32553,13.28534,13.17950751159982,13.249499237561281,13.261253242903269,-0.011754005341988005,0.019920768246567598,44.09424630602403,32.08287766272747,38.80102504491945
20210202,220438280,13.3988,13.572,13.2855,13.5568,13.150480000000002,13.37868,13.307505,13.305271674399881,13.296776277936468,13.283145595280804,0.013630682655664472,0.018662751128386973,51.04699860400188,42.484581569444984,40.02887721976129
20210203,245409280,13.636,13.9318,13.5165,13.5305,13.273020000000002,13.395150000000001,13.313790000000001,13.380347782933255,13.33273377363855,13.301468143778523,0.03126562986002668,0.021183326874714914,49.98098136173449,49.90184758408223,43.3198673412016
20210204,201338480,13.531,13.6735,13.3379,13.6643,13.395680000000002,13.37483,13.36628,13.474998521955506,13.383743962309541,13.328344577572706,0.0553993847368357,0.028026538447139072,57.204968944099384,58.76584800860316,48.468527563668786
20210205,169153640,13.725,13.7373,13.5458,13.591,13.51592,13.362680000000001,13.378630000000001,13.51366568130367,13.415629506569612,13.347800534789542,0.06782897178007019,0.0359870251137253,62.38780694326839,62.52814003151161,53.15506505294972
20210208,434622800,13.7272,14.4738,13.7272,14.4387,13.756260000000001,13.441220000000001,13.436725000000001,13.822010454202449,13.573024967097364,13.428607902582907,0.14441706451445668,0.05767303299387158,69.44475016508915,74.32233144957917,60.210820518492866
20210209,287560120,14.3406,14.5833,14.2225,14.2632,13.897540000000001,13.524009999999999,13.46881,13.969073636134965,13.679205741390078,13.490429539428618,0.18877620196145983,0.08389366678738924,62.93307200092232,76.5322534963871,65.65129817779095
20210210,485352400,14.4633,14.905,14.3414,14.7643,14.144300000000001,13.70866,13.532785,14.234149090756643,13.846143319637758,13.584790314285758,0.26135300535199946,0.1193855345003113,62.92666051660515,82.01241232992584,71.10500289516924
20210211,450827600,14.9803,15.2723,14.925,15.2508,14.4616,13.928640000000001,13.618735000000001,14.573032727171096,14.062244347385795,13.708198439153481,0.3540459082323135,0.16631760924671174,70.23919164276501,87.70582007899255,76.63860862311033
20210212,374757480,15.05,15.2911,14.775,14.9613,14.735660000000001,14.12579,13.706785,14.7024551514474,14.200560601634134,13.801020776993964,0.39953982464017024,0.21296205232540344,66.22587207859868,86.32256107912093,79.86659277511386
20210216,321959520,15.0643,15.3725,14.95,15.3303,14.913979999999999,14.33512,13.830325000000002,14.9117367676316,14.37436666292119,13.914300719438856,0.4600659434823342,0.2623828305567896,72.65879089343788,90.1903347985122,83.30784011624664
20210217,275698680,15.171,15.2235,14.78,14.906,15.042539999999999,14.470040000000001,13.924360000000002,14.909824511754401,14.45615640708716,13.987759925406348,0.4683964816808128,0.30358556078159427,74.31513550533214,85.81744329140959,84.14437450796763
20210218,234080800,14.729,14.8732,14.575,14.829,15.05548,14.599890000000002,13.99752,14.882883007836268,14.513516959842981,14.050074005005877,0.4634429548371042,0.3355570395926963,72.04751748425176,80.62725996256196,82.9720029928324
20210219,271724120,15.0245,15.177,14.8467,14.9265,14.990620000000002,14.726110000000002,14.05047,14.89742200522418,14.57705281217483,14.114994449079516,0.46205836309531456,0.36085730429321994,73.80115521691037,78.04900051313973,81.33100216626818
20210222,325885560,14.7748,15.1333,14.325,14.3558,14.86952,14.80259,14.082635,14.716881336816122,14.543013917994088,14.132831897295848,0.4101820206982403,0.37072224757422406,62.73679417122038,55.89643512470185,72.85281315241274
20210223,391779320,14.0753,14.2388,13.3895,14.142,14.63186,14.77292,14.107069999999998,14.525254224544081,14.48131946907192,14.133511016014673,0.3478084530572474,0.3661394886708288,56.82687820811943,49.91347482006513,65.20636704163019
20210224,448319200,14.1228,14.5068,13.756,14.499,14.550460000000001,14.7965,14.160255000000001,14.516502816362722,14.484039550753163,14.16058427408766,0.3234552766655039,0.3576026462697638,60.48909394155998,51.92584318984339,60.77952575770125
20210225,824436000,14.0454,14.3748,13.2163,13.3075,14.24616,14.65082,14.17974,14.11350187757515,14.303033466021907,14.097392846377463,0.20564061964444313,0.3272102409446997,46.85605526575496,36.02711655874231,52.5287226913816
20210226,500930400,13.7525,13.8545,13.361,13.7145,14.00376,14.49719,14.212915,13.980501251716767,14.212489855864689,14.069030413312465,0.1434594425522242,0.2904600812662046,51.02777916479419,31.71989881085864,45.59244806454061
20210301,353183000,13.875,13.925,13.5532,13.8417,13.90094,14.385229999999998,14.255510000000001,13.934234167811178,14.155445262654737,14.052191123437469,0.10325413921726856,0.25301889285641743,44.35471669566532,31.532543142405814,40.90581309049568
20210302,264114120,13.9,13.9205,13.396,13.4063,13.753800000000002,14.19283,14.263974999999999,13.758256111874118,14.040192145323239,14.004347336516176,0.03584480880706309,0.20958407604654658,42.27670121676431,24.25183432424306,35.354486835078134
20210303,377590280,13.4263,13.4515,12.7988,12.8048,13.414959999999999,13.98271,14.226374999999999,13.440437407916079,13.850131815273508,13.91549197825572,-0.06536016298221092,0.15459522824079508,32.65284442004993,16.25198676587751,28.98698681201126
20210304,573345200,12.8008,12.975,12.0838,12.3703,13.227519999999998,13.73684,14.168365,13.08372493861072,13.622465382154507,13.80103331319974,-0.17856793104523305,0.08796259638358947,24.26240640468916,13.966318771939328,23.980097465320615
20210305,542838800,12.55,12.55,11.6793,12.4615,12.976919999999998,13.49034,14.108225,12.87631662574048,13.443855323361506,13.701808623333093,-0.25795329997158767,0.01877941711255405,26.843411886764486,18.532217230217135,22.16413738695279
20210308,543111600,12.45,12.4713,11.5665,11.5933,12.52724,13.214089999999999,14.008339999999999,12.44864441716032,13.159154504382812,13.545622799382494,-0.38646829499968227,-0.06227012530989322,18.313322479989154,12.658635359658861,18.995636711188144
20210309,521825600,12.1303,12.6168,12.0593,12.5203,12.35004,13.05192,13.912420000000001,12.472529611440216,13.060869196016226,13.469672962391199,-0.40880376637497307,-0.1315768535229092,31.360262520509423,19.76029286532303,19.250522095899772
20210310,384376560,12.8405,12.98,12.4575,12.4683,12.28274,12.848849999999999,13.822675,12.471119740960145,12.969704704321423,13.395497187399258,-0.425792483077835,-0.19041997943389438,31.483253588516746,25.918917595325937,21.473320595708493
20210311,299914280,12.95,13.0463,12.7345,12.9935,12.40738,12.81745,13.734134999999998,12.645246493973431,12.973365519041204,13.365719617962275,-0.3923540989210714,-0.2308068033313298,35.79136161829996,37.44746439080663,26.798035194074536
20210312,243963960,12.6483,12.8888,12.59,12.856,12.486279999999999,12.7316,13.614394999999998,12.715497662648954,12.955309285342558,13.327962609224329,-0.37265332388177086,-0.25917610744141806,38.22578112733553,43.224676062293625,32.27358215014756
20210315,222520440,12.8648,13.2068,12.7671,13.1913,12.805879999999998,12.66656,13.525895,12.87409844176597,12.99161554913601,13.31783945298549,-0.3262239038494794,-0.27258566672303036,42.67621908943841,57.548546198911936,40.69857016640235
20210316,272129600,13.3565,13.5125,13.1168,13.2913,12.96008,12.655059999999999,13.423945,13.01316562784398,13.037720849268933,13.315873567579157,-0.27815271831022415,-0.27369907704046914,40.31282586027111,67.91006197433458,49.76906743571309
20210317,243864200,13.0398,13.4533,12.9895,13.3413,13.13468,12.70871,13.34571,13.12254375189599,13.084425333996789,13.317757007017738,-0.23333167302094893,-0.2656255962365651,50.33189316575021,75.67419684893976,58.40411057345531
20210318,294188080,13.1365,13.184,12.717,12.7225,13.08048,12.743929999999999,13.240385,12.989195834597327,13.028744513381898,13.273663895386793,-0.24491938200489471,-0.2614843533902311,40.648214487725795,70.25076638165015,62.35299584285359
20210319,299206960,12.75,12.9215,12.6125,12.8458,13.07844,12.78236,13.136349999999998,12.941397223064886,13.000599203630838,13.24197027350629,-0.2413710698754521,-0.2574616966872753,40.60453970829639,64.8744901852528,63.19349395698666
20210322,297803080,12.9128,13.3945,12.9068,13.1863,13.077440000000001,12.941659999999999,13.077875,13.023031482043258,13.029168556918401,13.237846549542862,-0.20867799262446063,-0.24770495587471236,47.88664745437079,66.27651636362825,64.22116809253384
20210323,222046080,13.2542,13.3445,13.0213,13.0708,13.03334,12.996710000000002,13.024314999999998,13.038954321362173,13.03557339431557,13.225472731058206,-0.18989933674263604,-0.23614383204829711,52.81839372748464,61.55742463988949,63.333253608319055
20210324,245838520,13.1512,13.1591,12.6368,12.643,12.89368,13.01418,12.931515,12.906969547574782,12.97517748749779,13.182326602831672,-0.20714911533388225,-0.23034488870541414,52.89349150096556,42.95336891078453,56.539958709140876
20210325,295144560,12.4995,12.7148,12.272,12.5353,12.85624,12.96836,12.892904999999999,12.783079698383188,12.907504027882744,13.134398706325623,-0.22689467844287847,-0.22965484665290703,50.78032481813568,35.71068339853725,49.59686693893967
20210326,363968960,12.5545,12.8563,12.3735,12.8393,12.85494,12.96669,12.849144999999998,12.801819798922125,12.897011100516167,13.112539542894094,-0.21552844237792712,-0.22682956579791108,64.95941987225663,39.050975550657235,46.08156980951219
20210329,273519880,12.8203,13.0625,12.7,12.9483,12.80734,12.94239,12.804475,12.85064653261475,12.904901700436756,13.100373650827866,-0.19547195039110932,-0.22055804271655072,56.394549692224935,45.11747928439931,45.760206301141224
20210330,200202480,12.842,12.9753,12.705,12.8718,12.76754,12.90044,12.777750000000001,12.857697688409834,12.899809131138793,13.083442269285062,-0.18363313814626814,-0.2131730618024942,55.98469342351163,47.88975233659285,46.4700549796251
20210331,314777520,13.0155,13.4705,12.9825,13.3483,12.908599999999998,12.901140000000002,12.804925,13.021231792273223,12.96880772634821,13.10306136044913,-0.1342536341009204,-0.19738917626217944,55.33951360462318,61.861142080604395,51.600417346618194
20210401,308274600,13.5723,13.87,13.5113,13.8118,13.163900000000002,13.010070000000002,12.877,13.284754528182148,13.098498845371562,13.155560518934381,-0.05706167356281888,-0.16932367572230736,63.09889266527793,73.36007719850056,58.85363729724565
20210405,255671400,13.8675,14.014,13.733,13.9875,13.393540000000002,13.12424,12.953299999999999,13.5190030187881,13.235268253775939,13.217185665679983,0.018082588095955643,-0.13184242295865475,61.41080027516626,81.73297148097514,66.48008202515547
20210406,191745960,13.9997,14.0541,13.7736,13.8615,13.576179999999999,13.191759999999999,13.06671,13.633168679192067,13.33161159934887,13.264912653407391,0.06669894594147863,-0.09213414917862808,58.111414589734835,84.21948954463676,72.39321786498256
20210407,251284360,13.8808,14.2435,13.7115,14.1435,13.830519999999998,13.299029999999998,13.147870000000001,13.80327911946138,13.456517507141351,13.329993197599435,0.12652430954191551,-0.04840245743451936,60.70513504857477,87.78889969980602,77.52511180992371
20210408,244414920,14.2528,14.4715,14.2489,14.317,14.024260000000002,13.466429999999999,13.240305000000001,13.974519412974253,13.588899429119605,13.40310481259207,0.18579461652753437,-0.0015630426421086169,74.14811449341208,89.40454768674707,81.48492376886483
20210409,195170880,14.214,14.408,14.175,14.4,14.141899999999998,13.652899999999999,13.31063,14.116346275316168,13.713684132331974,13.476948900548214,0.23673523178375966,0.04609661224306504,73.82865202992762,91.5909892659977,84.85361226790911
20210412,869322000,14.2898,15.3525,14.1393,15.209,14.386199999999999,13.889869999999998,13.42828,14.480564183544113,13.943732727357823,13.605248981989087,0.3384837453687357,0.10457403886819919,77.11612194010242,92.58725692961383,87.43149382181068
20210413,676212000,15.2315,15.7,15.1258,15.6795,14.749799999999999,14.162989999999999,13.552690000000002,14.880209455696075,14.21077384622585,13.758897205545452,0.451876640680398,0.17403455923063899,81.93257766788257,94.8067146780069,89.88990077387608
20210414,385501920,15.625,15.7205,15.2275,15.277,14.976499999999998,14.40351,13.651974999999998,15.012472970464051,14.374808639114182,13.871349264393938,0.5034593747202436,0.2399195223285599,82.44321820958757,89.84609634457505,89.8752992974424
20210415,598480800,15.6625,16.2142,15.6315,16.1373,15.34056,14.682409999999999,13.791774999999998,15.387415313642702,14.645961156173538,14.039197467031425,0.6067636891421131,0.31328835569127056,87.42726517040728,92.20650372839143,90.65236744109207
20210416,335207560,16.0531,16.1657,15.8653,15.9125,15.64306,14.892479999999997,13.951275,15.562443542428468,14.840813285992994,14.17796061762169,0.6628526683713041,0.38320121822727726,82.46703853955373,90.78600894528446,90.6969146091562
20210419,404418000,15.5365,15.8075,15.233,15.3618,15.67362,15.029910000000001,14.077075000000002,15.49556236161898,14.920965088147916,14.265652423723786,0.6553126644241303,0.4376235074666479,73.32109382549038,82.50426728129978,87.96603216653739
20210420,334133040,15.3233,15.497,14.963,15.1713,15.57198,15.16089,14.176325,15.387474907745988,14.959478151509776,14.332737429373875,0.6267407221359012,0.47544695040049856,71.74056915949701,71.58195710057316,82.50467381121598
20210421,216777040,15.1188,15.3625,15.1023,15.3605,15.58868,15.282590000000003,14.290809999999999,15.378483271830659,15.021173820508272,14.408867990160996,0.6123058303472764,0.5028187263898541,70.11717187874909,67.33992089192385,77.44975617145194
20210422,277786280,15.375,15.4386,14.7835,14.8503,15.331280000000001,15.335920000000002,14.401175,15.202422181220442,14.994885540430076,14.441566657556477,0.5533188828735991,0.5129187576866032,60.28645575387785,56.315517810867284,70.40501005125705
20210423,227772200,14.9344,15.3349,14.9003,15.2653,15.201839999999999,15.422450000000001,14.537675000000002,15.223381454146962,15.036487764979295,14.502583942181923,0.533903822797372,0.517115770708757,62.08390074141321,48.76895288180973,63.192990994774604
20210426,197797080,15.1851,15.479,15.125,15.478,15.22508,15.449349999999999,14.66961,15.308254302764642,15.104412724213251,14.57483698350178,0.5295757407114703,0.5196077647092997,65.04028731461322,48.69352572773472,58.35983590576131
20210427,164573000,15.5785,15.6705,15.3545,15.3818,15.267180000000002,15.419580000000002,14.791284999999998,15.332769535176428,15.147087689718905,14.634612021760908,0.5124756679579967,0.5181813453590391,61.934041363890444,46.401913869047796,54.37386189352347
20210428,209416200,15.3645,15.5322,15.2155,15.2768,15.250440000000001,15.419559999999999,14.911535,15.314113023450954,15.167043429762149,14.68218150163047,0.4848619281316786,0.5115174619135671,59.37377920150011,42.831102758789285,50.52627551527873
20210429,173196480,15.4,15.4365,15.0715,15.3248,15.345339999999998,15.338310000000002,15.01036,15.317675348967303,15.191313671337204,14.729782871880065,0.4615307994571385,0.5015201294222813,59.09412736498446,46.17451121419286,49.07568741491677
20210430,201910080,15.1745,15.365,14.997,15.0095,15.29418,15.248010000000003,15.070245,15.21495023264487,15.163342337285325,14.750502659148207,0.41283967813711797,0.48378403916524865,47.8272234202444,39.27605520254718,45.8091433441269
20210503,203911840,15.125,15.2468,14.7875,14.8368,15.16594,15.195509999999999,15.112709999999998,15.088900155096582,15.113105054626045,14.75689505476686,0.35620999985918544,0.4582692313040361,40.18541380354521,28.187043190273844,39.93510995950922
20210504,405324800,14.6373,14.6375,14.0103,14.3513,14.95984,15.11351,15.137200000000002,14.843033436731055,14.995904276991268,14.72685097663598,0.2690533003552886,0.4204260451142866,39.42323073055918,25.637926797772398,35.169382238930275
20210505,292023040,14.709,14.8135,14.3875,14.4585,14.796179999999998,15.023309999999999,15.152949999999999,14.71485562448737,14.91322669591569,14.706973126514796,0.2062535694008929,0.3775915499716079,26.831355230471985,26.09086699179285,32.14321048988447
20210506,193380920,14.4952,14.5713,14.2181,14.523,14.63582,14.99058,15.16325,14.650903749658248,14.853191819620967,14.6933454875137,0.15984633210726784,0.3340425063987399,29.93617697172725,27.687851816959576,30.658090932242835
20210507,229327320,14.8083,14.9708,14.6717,14.8123,14.59638,14.94528,15.183865,14.704702499772166,14.84690077044851,14.702156932883057,0.1447438375654535,0.29618277263208265,41.41754912066972,34.561045491112026,31.959075785199232
20210510,268903800,14.7873,14.806,14.25,14.2658,14.48218,14.82406,15.136705000000001,14.55840166651478,14.75750065191797,14.669834197113941,0.08766645480402957,0.25447950906647204,37.27265060579652,28.63677207566129,30.85164121535325
20210511,285585360,13.825,14.3548,13.75,14.3063,14.47318,14.71651,15.068045000000001,14.47436777767652,14.688085167007515,14.642905738068464,0.04517942893905058,0.21261949304098776,34.536173208942074,30.086339008045364,30.59654047958395
20210512,303409320,14.0095,14.2602,13.7093,13.7585,14.333179999999999,14.564680000000001,14.99212,14.235745185117679,14.545072064390974,14.577394201915244,-0.032322137524269934,0.16363116692793622,34.159363937090106,21.048076944543357,27.413719301237087
20210513,285727480,14.0338,14.0808,13.459,13.6653,14.16164,14.39873,14.86852,14.045596790078454,14.409722516023132,14.509831668440041,-0.1001091524169091,0.11088310305896715,24.39508385610037,17.878491986968953,24.235310196481038
20210514,258615000,13.89,14.3281,13.7485,14.243,14.04778,14.32208,14.785045,14.111397860052303,14.38407289817342,14.490066359666704,-0.10599346149328426,0.06750779014851686,32.30354788788905,29.205231814569682,25.891950735843917
20210517,216488840,14.157,14.1693,13.8535,14.1655,14.027719999999999,14.254950000000003,14.72523,14.129431906701535,14.350446298454433,14.4660244070988,-0.11557810864436746,0.030890610389940003,32.47759817904169,35.04761187867285,28.94383778345356
20210518,186254240,14.267,14.4042,14.004,14.0158,13.96962,14.2214,14.667455,14.091554604467692,14.298962252538367,14.432674451017407,-0.13371219847904037,-0.0020299513838560705,32.06462991409228,35.64183077046243,31.176502112456514
20210519,343999360,13.5665,14.0795,13.5433,14.0658,14.03108,14.18213,14.60272,14.082969736311796,14.263091136763233,14.405498565756858,-0.14240742899362502,-0.03010544690580986,32.103258088360704,37.14041529249242,33.16447317246848
20210520,321591920,14.3025,14.6838,14.2705,14.6125,14.220519999999999,14.19108,14.59083,14.259479824207865,14.316846346491968,14.420832005330423,-0.10398565883845556,-0.044881489292339004,44.70497225778919,53.305191486754445,39.878045943897135
20210521,672992000,15.1638,15.222,14.8694,14.9918,14.37028,14.209029999999998,14.577155,14.503586549471912,14.42068537010859,14.463125930861501,-0.042440560752911693,-0.04439330358445354,51.959346715882084,64.51769808702896,48.091263324941075
20210524,554816400,15.2125,15.745,15.176,15.612,14.65958,14.34365,14.583855000000003,14.87305769964794,14.603964543938037,14.54822771376065,0.05573683017738773,-0.024367276832085286,65.41160362827316,74.40579114230044,56.86277259739419
20210525,435406800,15.766,15.8185,15.4825,15.6478,14.985980000000001,14.477800000000002,14.597154999999997,15.131305133098628,14.764554614101415,14.629677512741342,0.13487710136007358,0.007481598806346485,64.79707368054346,80.52566622879363,64.75040380786066
20210526,370438640,15.7343,15.7938,15.5863,15.7,15.312819999999999,14.67195,14.618314999999999,15.32087008873242,14.908469288855043,14.708960659945687,0.1995086289093564,0.04588700482694847,64.68899760383385,85.28099970808462,71.59393577460199
20210527,581475200,15.6998,15.75,15.46,15.488,15.487919999999999,14.854220000000002,14.626475,15.376580059154948,14.99762785980042,14.766667277727487,0.23096058207293346,0.08290172027614548,58.59866127102899,85.34526797229081,76.17771317383159
20210528,644535600,15.501,16.2775,15.501,16.2445,15.738459999999998,15.05437,14.688225,15.665886706103299,15.18945434290805,14.876136368266192,0.3133179746418584,0.12898497114928809,73.90253919934284,89.82786718597455,80.72776451121257
20210601,472803200,16.27,16.3881,15.9033,16.2645,15.868960000000001,15.26427,14.75961,15.865424470735533,15.35484598246066,14.978978118764992,0.3758678636956674,0.17836154965856396,73.77264118875348,91.77032165604153,84.40861689282221
20210602,594167600,16.2523,16.9189,16.2355,16.7783,16.09506,15.540519999999997,14.880959999999998,16.16971631382369,15.573838908235942,15.112261221078697,0.461577687157245,0.2350047771583002,86.96567595358177,92.74392586061029,87.18705321541823
20210603,580006800,16.7007,17.259,16.583,16.9698,16.34902,15.83092,15.006525000000002,16.436410875882462,15.78860215312272,15.249856686183978,0.5387454669387424,0.29575291511438867,89.50010758086495,91.12846926585043,88.5008585655623
20210604,617120400,17.1125,17.661,17.0955,17.5783,16.76708,16.1275,15.159290000000002,16.817040583921642,16.063940283411533,15.42233396868887,0.6416063147226634,0.36492359503604366,89.57685644445499,92.97632357495323,89.99268023535927
20210607,575754800,17.5711,17.8125,17.1928,17.619,17.041980000000002,16.39022,15.299625,17.084360389281095,16.30318023980976,15.585049971008214,0.718130268801545,0.43556492978914396,91.34046781105607,92.57578496920367,90.85371514664074
20210608,323846760,17.5273,17.6216,17.251,17.457,17.28048,16.57472,15.459185,17.208573592854066,16.480690972146718,15.723712936118718,0.7569780360280003,0.49984755103691525,91.07228110379073,90.01332883883859,90.57358637737335
20210609,381657480,17.5158,17.575,17.2558,17.3583,17.39648,16.74577,15.611784999999998,17.258482395236044,16.615707745662608,15.844793459369184,0.770914286293424,0.554060898088217,88.84589065338966,86.90651253088707,89.35122842854459
20210610,287770440,17.35,17.492,17.176,17.425,17.48752,16.91827,15.79511,17.3139882634907,16.7402142463299,15.961845795712208,0.7783684506176911,0.5989224085941118,87.42116607679822,85.68300633503367,88.1284877307076
20210611,416307600,17.4795,17.9392,17.4438,17.8253,17.536920000000002,17.151999999999997,16.00311,17.4844255089938,16.9071505161253,16.099879440474268,0.8072710756510304,0.6405921420054956,87.49106882955357,88.59047844442097,88.28248463527872
20210614,321374280,17.906,18.0395,17.6628,18.0188,17.616880000000002,17.329430000000002,16.1919,17.6625503393292,17.078173513644483,16.24202170414284,0.8361518095016436,0.6797040755047252,85.89881272000477,92.01116892599237,89.52537939884994
20210615,243030440,17.915,18.0162,17.728,17.7885,17.68318,17.481830000000002,16.37305,17.7045335595528,17.187454511545333,16.356575651984112,0.8308788595612207,0.7099390323160244,80.1787577184425,88.9297482735818,89.32683569042722
20210616,307122600,17.7907,17.9547,17.5844,17.8103,17.77358,17.58503,16.562775,17.73978903970187,17.283276894384514,16.464258937022326,0.8190179573621883,0.7317548173252573,80.0073941358815,84.52661184340485,87.72676107475309
20210617,809654800,17.7746,18.835,17.7563,18.6573,18.02004,17.75378,16.792350000000003,18.045626026467914,17.494665064479204,16.62670642316882,0.8679586413103841,0.7589955821222827,88.1723797364681,86.11398394543242,87.18916869831286
20210618,968854400,18.784,19.375,18.584,18.6387,18.18272,17.85982,16.99366,18.24331735097861,17.67067043917471,16.775742984415576,0.8949274547591344,0.7861819566496531,85.0706040897639,79.5815221149025,84.65328650384274
20210621,672382000,18.4353,18.5365,17.8226,18.4273,18.26442,17.940649999999998,17.165435,18.304644900652406,17.787074986993986,16.898080541125534,0.8889944458684518,0.8067444544934128,79.99889036839767,72.0220606732365,80.44287789364066
20210622,580145600,18.4715,18.9638,18.3859,18.8868,18.48408,18.08363,17.329175,18.49869660043494,17.95626345053337,17.045393093634754,0.9108703568986165,0.8275696349744536,79.69300098577665,73.94770696390695,78.27782091706275
20210623,332357040,19.0077,19.1528,18.9078,19.0573,18.73348,18.25353,17.49965,18.684897733623295,18.125653688912852,17.194423234846994,0.931230454065858,0.8483017987927346,79.57217736223262,77.1481675257861,77.9012697866372
20210624,320922400,19.2278,19.42,19.0882,19.2055,18.84312,18.43158,17.674925,18.858431822415533,18.291783890618568,17.343391884117587,0.9483920065009812,0.8683198403343839,76.50853642643035,80.87026088121338,78.89093348482926
20210625,278365920,19.2805,19.3455,18.8944,19.031,18.92158,18.552149999999997,17.852075000000003,18.91595454827702,18.405509445908017,17.468399892701466,0.9371095532065503,0.8820777829088172,72.04183577895719,80.18284697957259,79.32157131641037
20210628,495436400,19.3613,20.0787,19.319,19.985,19.23312,18.74877,18.039099999999998,19.27230303218468,18.6485079926914,17.65481471546432,0.9936932772270808,0.9044008817724699,81.63954943679595,85.53637633033925,81.39317298771999
20210629,367633840,19.8825,20.0988,19.6569,20.0268,19.46112,18.972600000000003,18.227215,19.523802021456454,18.860552916892722,17.830517329133627,1.0300355877590945,0.9295278229697949,83.88055153500416,89.3330377954663,84.0397945903021
20210630,326566160,19.9991,20.1625,19.8638,20.0025,19.65016,19.19182,18.388425,19.683368014304307,19.03623708352461,17.991404934382988,1.044832149141623,0.9525886882041605,83.08134609954561,90.60939217847246,86.22966045302555
20210701,480134800,20.125,20.456,20.019,20.212,19.85146,19.34729,18.550535,19.859578676202872,19.21712368605929,18.155893457762026,1.061230228297262,0.9743169962227809,82.21004615509187,90.65106538132943,87.7034620957935
20210702,343396680,20.4401,20.5053,20.2878,20.487,20.14266,19.53212,18.69597,20.068719117468582,19.4124892728194,18.328568016446322,1.0839212563730776,0.9962378482528403,82.59296429326005,93.47955961410133,89.62882793522944
20210706,446707600,20.7375,20.842,20.3503,20.6985,20.28536,19.75924,18.849944999999998,20.27864607831239,19.61033707700103,18.504118533746595,1.1062185432544354,1.0182339872531594,88.61874933644755,93.19702550298615,90.81822712448167
20210707,418427200,20.8535,20.875,20.3321,20.3718,20.35436,19.90774,18.995685,20.309697385541597,19.727485219000872,18.642465309024626,1.0850199099762463,1.0315911717977768,81.44874155923877,86.9958695045994,89.54410791785423
20210708,503299600,19.8565,20.133,19.7007,19.9028,20.334419999999998,19.99229,19.12291,20.1740649236944,19.75445672376997,18.73582343428206,1.0186332894879087,1.0289995953358033,66.85613750169168,74.96853449823605,84.68558344464817
20210709,296622680,19.9625,20.0801,19.7542,20.0503,20.30208,20.07677,19.254175,20.1328099491296,19.799971073959206,18.833192068779688,0.966779005179518,1.0165554773045462,68.46000941570327,65.64526121647614,78.33880936859083
20210712,321984760,20.24,20.5328,20.1878,20.5125,20.30718,20.22492,19.388534999999997,20.259373299419735,19.909590908734714,18.957585248870082,0.952005659864632,1.0036455138165634,75.59029993618377,67.17702032552859,74.61821302090341
20210713,290706320,20.4005,20.4613,20.114,20.25,20.217480000000002,20.25142,19.500094999999998,20.256248866279826,19.961961538160143,19.053319674879706,0.9086418632804367,0.9846447837093381,67.57969668833177,60.37694795098821,69.87112466426501
20210714,380099200,20.3577,20.4178,19.7528,19.8415,20.111420000000003,20.232889999999998,19.602745,20.117999244186553,19.943428993827812,19.111703402666393,0.831725591161419,0.9540609451997543,59.52809097978225,44.24800589221686,61.330085073582296
20210715,550564400,19.8118,19.847,18.8585,18.9662,19.924100000000003,20.12926,19.66054,19.734066162791038,19.793086071700458,19.100925372839253,0.6921606988612048,0.9016808959320445,47.52906676579312,31.278983017325515,51.313051054830034
20210716,688222800,19.0305,19.1571,18.073,18.161,19.54624,19.92416,19.635725,19.209710775194026,19.541995906823466,19.031301271147456,0.5106946356760105,0.8234836438808377,42.051891101772355,21.899526627301007,41.50854291232035
20210719,749058800,17.9153,19.042,17.8655,18.7798,19.1997,19.75344,19.642780000000002,19.066407183462687,19.424734998081394,19.012671547358757,0.4120634507226377,0.7411996052491978,38.27124450153764,24.726505041781564,35.91453028880742
20210720,434686500,18.73,18.838,18.164,18.612,18.8721,19.54479,19.652015,18.914938122308456,19.299698844530408,18.98299217348033,0.31670667105007766,0.6563010184093738,36.561039553174474,25.81337104886185,32.54747720882556
20210721,371017400,18.882,19.527,18.742,19.41,18.785800000000002,19.44861,19.678175000000003,19.079958748205637,19.316668253064194,19.01462238285216,0.30204587021203366,0.5854499887699058,45.093167701863344,36.51057988693414,33.86851143486175
20210722,323826000,19.642,19.887,19.276,19.594,18.91136,19.41773,19.70501,19.251305832137092,19.359334675669704,19.05753924338163,0.30179543228807404,0.5287190774735395,44.86027944111778,45.94150632535258,37.89284306502536
20210723,195672000,19.6564,19.7,19.25,19.558,19.19076,19.3685,19.722635,19.35353722142473,19.389898571720515,19.094610410538543,0.295288161181972,0.482032894215226,41.95392343668806,52.36149732114702,42.71572781706591
20210726,203943200,19.311,19.442,18.914,19.294,19.2936,19.24665,19.735785,19.33369148094982,19.375144945301976,19.109380009757913,0.26576493554406255,0.43877930248099334,37.94524075186681,53.5640401762498,46.331831936793876
20210727,248862600,19.265,19.622,18.741,19.208,19.412799999999997,19.142450000000004,19.696935000000003,19.291794320633215,19.349430338332443,19.11668519422029,0.23274514411215463,0.39757247080722563,39.58064747170892,57.84638707767791,50.17001698375522
20210728,202191200,19.3192,19.646,18.995,19.503,19.4314,19.108600000000003,19.670745,19.362196213755478,19.373056440127453,19.145301105759525,0.22775533436792728,0.36360904351936596,46.30553707400017,65.5656596512576,55.30189787292267
20210729,190780900,19.519,19.853,19.328,19.662,19.445,19.17818,19.65372,19.46213080917032,19.41750929549246,19.183575097925484,0.23393419756697753,0.3376740743288883,46.41941611493277,73.3336568505292,61.31248419879151
20210730,183497500,19.418,19.63,19.263,19.499,19.4332,19.31198,19.61807,19.474420539446882,19.43004632695516,19.20693990548656,0.22310642146860005,0.31476054375683066,40.1085280396635,74.71615041728059,65.78037293828787
20210802,217444000,19.7,19.961,19.361,19.75,19.5244,19.409,19.58122,19.566280359631257,19.47926996896206,19.24716657915422,0.23210338980783973,0.2982291129670325,45.109163471320144,77.37907295578272,69.64660627745282
20210803,301810700,19.74,20.222,19.22,19.815,19.6458,19.5293,19.537045,19.649186906420837,19.530920742967897,19.289228314031686,0.24169242893621146,0.2869217761608683,49.72211153289572,75.75890481544641,71.68403912345067
20210804,231309400,19.99,20.318,19.828,20.274,19.8,19.6157,19.532155,19.857457937613894,19.645240628665146,19.362174364844154,0.28306626382099154,0.28615067369289293,65.02596626683209,82.90923394375776,75.4257707302197
20210805,211435400,20.5,20.733,20.342,20.637,19.994999999999997,19.72,19.568865,20.117305291742596,19.79781899348589,19.456605893374217,0.3412131001116734,0.297163158976649,81.66564354409647,86.99973025969392,79.28375724004444
20210806,178496600,20.524,20.57,20.21,20.366,20.1684,19.8008,19.58465,20.2002035278284,19.885231456026524,19.52396841979094,0.3612630362355844,0.3099831344284361,72.26683137739334,85.19192191342378,81.25314546450421
20210809,146443100,20.446,20.508,20.143,20.295,20.2774,19.9009,19.573775,20.2318023518856,19.94827277048398,19.581081870176796,0.36719090030718604,0.3214246876041861,74.28571428571428,81.72748764308807,81.41125952403216
20210810,179237800,20.322,20.43,19.8345,19.936,20.3016,19.9737,19.558075,20.133201567923734,19.946384651947984,19.607372102015553,0.3390125499324306,0.324942260069835,58.69134170522139,70.25939140955816,77.69397015254083
20210811,185924800,20.043,20.049,19.43,19.699,20.186600000000002,19.993299999999998,19.55095,19.98846771194916,19.908325474725217,19.614159353718104,0.2941661210071125,0.31878703225729055,51.70509905813576,57.39257951207826,70.92683993905331
20210812,151861600,19.87,20.029,19.62,19.905,20.040200000000002,20.017599999999998,19.59789,19.96064514129944,19.90781386322903,19.635703105294542,0.27211075793448813,0.30945177739273005,55.34010464758389,53.35314950507798,65.0689431277282
20210813,183062900,19.905,20.2138,19.851,20.188,20.0046,20.0865,19.69924,20.03643009419963,19.95091942273226,19.676613986383835,0.2743054363484241,0.30242250918386887,63.67809057527537,56.89504965903632,62.344311971497575
20210816,211152800,20.135,20.287,19.453,19.95,19.9356,20.1065,19.757749999999998,20.007620062799756,19.950777973081145,19.696864802207255,0.25391317087389,0.2927206415218731,60.847953216374286,51.23266805102291,58.640430664672685
20210817,204584900,19.685,19.77,19.267,19.458,19.839999999999996,20.0708,19.800050000000002,19.82441337519984,19.874965977222505,19.679171113154865,0.1957948640676399,0.2733354860310265,49.377937517279484,38.49799516271011,51.92628549735183
20210818,285913500,19.5,19.6337,19.0,19.04,19.708199999999998,19.9474,19.78155,19.562942250133226,19.746509673034428,19.63182510477302,0.11468456826140638,0.2416053024771025,41.97626418988647,26.5145870086857,43.45571933446311
20210819,766554800,19.494,20.495,18.762,19.798,19.686799999999998,19.8635,19.79175,19.64129483342215,19.75443126179836,19.644134356271316,0.11029690552704352,0.2153436230870907,53.34377096846343,37.45493276714974,41.45545714535865
20210820,675741300,19.991,20.8651,19.933,20.816,19.8124,19.9085,19.85465,20.032863222281435,19.917749529213996,19.730939218769738,0.18681031044425822,0.20963696055852424,60.17563955708285,57.525072227534736,46.81199550608401
20210823,575806600,20.971,21.997,20.95,21.958,20.214,20.0748,19.98785,20.674575481520957,20.231634217027228,19.895906684046054,0.3357275329811742,0.23485507504305425,66.96753760886777,71.28152677095822,54.96850592770875
20210824,297298900,21.753,21.959,21.535,21.793,20.681,20.2605,20.1171,21.047383654347307,20.471844337484576,20.036432114857455,0.43541222262712154,0.2749665045598677,62.61418369041688,78.75234190706848,62.89645125416199
20210825,347701000,21.737,22.47,21.722,22.213,21.315599999999996,20.5119,20.2526,21.43592243623154,20.739714439410026,20.197659365608754,0.5420550738012722,0.32838421840814863,62.96479104968741,83.5245745759457,69.77249236142322
20210826,237940400,22.2,22.34,21.79,22.068,21.769600000000004,20.7282,20.3729,21.646614957487692,20.94406606411618,20.336203116304404,0.6078629478117747,0.38427996428887384,64.29771505376347,85.40257506789047,74.98251993024563
20210827,304722200,22.184,22.722,22.167,22.636,22.1336,20.973,20.52975,21.976409971658462,21.20436359271369,20.506558441022595,0.6978051516910959,0.4469850017693183,68.15010079082029,89.54447765468791,79.83650583839305
20210830,262579900,22.83,23.043,22.551,22.688,22.2796,21.2468,20.676650000000002,22.21360664777231,21.432615347680816,20.66814670465055,0.7644686430302663,0.5104817300215079,72.40312601758387,90.26550009183507,83.31283725620705
20210831,259849700,22.695,22.695,22.12,22.385,22.398,21.5395,20.80515,22.27073776518154,21.579136063422226,20.79532102282458,0.783815040597645,0.5651483921367353,71.63337628865983,88.38691986189302,85.00419812476903
20210901,201767000,22.485,22.697,22.3565,22.441,22.4436,21.8796,20.9135,22.32749184345436,21.71173051520342,20.91722316928202,0.7945073459213994,0.6110201828936681,70.93100033014198,85.80564218016875,85.2713461432356
20210902,188109600,22.518,22.593,22.2945,22.396,22.5092,22.139400000000002,21.00145,22.35032789563624,21.81700274363366,21.02676219377965,0.7902405498540119,0.646864256285737,68.9690721649485,80.23290622172105,83.5918661693974
20210903,280832000,22.325,22.986,22.2,22.843,22.5506,22.3421,21.125300000000003,22.51455193042416,21.97484847538233,21.16129832757375,0.8135501478085807,0.6802014345903058,73.99237021064857,82.40107099131536,83.19493444337006
20210907,198107200,22.833,22.899,22.5224,22.662,22.545399999999997,22.4125,21.24365,22.563701286949442,22.080564094554276,21.272461414420135,0.8081026801341409,0.7057816836990729,78.01678908709344,78.65345181909036,81.6811069019435
20210908,254434200,22.513,22.61,21.977,22.339,22.5362,22.4671,21.3638,22.488800857966297,22.120323464622846,21.35146427261124,0.7688591920116075,0.7183971853615798,79.3348746220879,67.04058267056142,76.80093215814946
20210909,196856000,22.312,22.538,22.131,22.177,22.4834,22.4635,21.4877,22.384867238644198,22.129042931603948,21.41261506723263,0.7164278643713189,0.7180033211635277,73.66222399045162,50.94763047330734,68.18316492986875
20210910,248375700,22.3483,22.626,22.27,22.478,22.4998,22.5045,21.61635,22.415911492429466,22.182728634434113,21.491532469659845,0.6911961647742686,0.7126418898856759,69.28074245939682,49.63112825800232,61.999152705913275
20210913,297499900,22.684,22.964,21.858,22.152,22.3616,22.4561,21.71455,22.32794099495298,22.178001152213483,21.54045599042578,0.6375451617877026,0.6976225442660813,52.77618775042935,41.77536210107957,55.2578891709687
20210914,199754600,22.275,22.41,22.086,22.242,22.2776,22.4115,21.82915,22.29929399663532,22.187847128796022,21.592422213357203,0.5954249154388194,0.6771830185006289,56.566247440772194,39.19775913121617,49.904512491051186
20210915,166538000,22.309,22.367,21.966,22.341,22.278000000000002,22.4071,21.9733,22.313195997756882,22.21140910898125,21.647872419775187,0.5635366892060638,0.6544537526417159,52.06584893479664,40.404889066200866,46.7379713494344
20210916,156033400,22.1835,22.277,21.927,22.242,22.291,22.3872,22.1334,22.289463998504587,22.216115399907213,21.69188187016221,0.524233529745004,0.6284097080623735,52.85058977719528,38.28411044129704,43.92001771338862
20210917,294502800,22.3,22.321,21.83,21.9,22.175400000000003,22.337600000000002,22.2385,22.159642665669725,22.16748226145995,21.707298027927973,0.4601842335319759,0.594764613156294,36.97806086341116,27.58035346292231,38.473462963233175
20210920,349440500,21.146,21.433,20.662,21.113,21.9676,22.1646,22.253349999999998,21.81076177711315,22.005254221235344,21.66327595178516,0.34197826945018406,0.544207344415072,27.885425442291478,24.917455450810074,33.95479379242548
20210921,204688100,21.4165,21.425,20.95,21.246,21.7684,22.023000000000003,22.217750000000002,21.62250785140877,21.88844587950683,21.632366622023298,0.2560792574835311,0.48658172702876384,33.20554408728984,25.068051679051482,30.99254642130081
20210922,268725600,21.3655,21.96,21.196,21.941,21.6884,21.9832,22.22515,21.728671900939183,21.89653112881347,21.655228353725278,0.24130277508819375,0.43752593664064987,43.79652605459057,35.23216187812815,32.40575157357659
20210923,248554900,22.14,22.5345,21.89,22.482,21.7364,22.0137,22.238599999999998,21.97978126729279,21.98660326284217,21.716470697893776,0.2701325649483941,0.40404726230219873,50.9500662836942,49.84200308237794,38.2178354098437
20210924,217655500,22.07,22.149,21.861,22.081,21.7726,21.974,22.23925,22.013520844861862,22.00112583778953,21.743472868420163,0.2576529693693672,0.3747684037156324,41.49553571428572,58.488349184424614,44.97467333470401
20210927,245215100,21.7104,21.799,21.325,21.66,21.881999999999998,21.924799999999998,22.190450000000002,21.895680563241243,21.948644939668064,21.73728969298163,0.21135524668643413,0.34208577230979276,39.385593220339004,56.758142891975105,48.902496520461035
20210928,343069000,21.2135,21.419,20.651,20.699,21.7726,21.7705,22.091,21.496787042160832,21.75639187202682,21.660379345353363,0.09601252667345861,0.2928711231825259,34.69578200821205,38.68824427467841,45.49774577186682
20210929,218393600,20.9395,21.017,20.467,20.517,21.4878,21.5881,21.9976,21.170191361440555,21.56571619940731,21.57568457903089,-0.00996837962358299,0.23230322262130412,34.56675343994051,26.59828941165583,39.19792698512982
20210930,221009100,20.7684,21.066,20.688,20.716,21.1346,21.435499999999998,21.911350000000002,21.01879424096037,21.434990630267723,21.512004239843417,-0.07701360957569392,0.17043985618190452,33.301743745261575,21.746703219217583,33.3808523964924
20211001,240978000,20.75,20.859,20.203,20.742,20.8668,21.3197,21.82865,20.926529493973582,21.328376687149614,21.454966888743904,-0.1265902015942899,0.11103384462666563,35.83199356913184,22.203856903454383,29.655187232146393
20211004,345635000,20.504,20.5418,19.555,19.732,20.4812,21.1816,21.673099999999998,20.528352995982388,21.08278027374198,21.32733971179991,-0.24455943805793012,0.039915188089746485,28.71438263229308,16.78276928877156,25.364381251021445
20211005,279281700,19.95,20.648,19.854,20.451,20.4316,21.1021,21.562549999999998,20.50256866398826,20.985583308550908,21.262425659073994,-0.27684235052308637,-0.023436319632820085,35.497237569060786,21.212566111963948,23.98044287133561
20211006,297201800,20.12,20.72,20.08,20.7,20.468200000000003,20.978,21.480600000000003,20.56837910932551,20.94164741492769,21.22076449914259,-0.27911708421489934,-0.07457247254923594,38.43384338433843,28.855152016045857,25.605345919572358
20211007,256918900,21.092,21.322,20.972,21.075,20.54,20.837300000000003,21.4255,20.73725273955034,20.962163197246504,21.20996712883573,-0.24780393158922465,-0.10921876435723368,43.842364532019715,41.81549647177863,31.00872943697445
20211008,151257900,21.101,21.206,20.775,20.831,20.5578,20.7123,21.34315,20.768501826366894,20.941984243823963,21.181895489662715,-0.23991124583875134,-0.13535726065353723,47.709551656920084,50.69530952195827,37.57092279863572
20211011,163387500,20.575,21.063,20.511,20.695,20.7504,20.6158,21.2703,20.74400121757793,20.903986667851047,21.145829157095104,-0.24184248924405694,-0.15665430637164118,45.526871245332046,55.302249358724886,43.48136498533211
20211012,162133500,20.8275,21.057,20.528,20.671,20.7944,20.613000000000003,21.19175,20.71966747838529,20.868142565104733,21.11065662693991,-0.24251406183517688,-0.17382625746434832,38.4293002915452,57.920797818097284,48.2945092629205
20211013,180651900,20.918,20.99,20.713,20.939,20.8422,20.6552,21.12165,20.792778318923528,20.879043708934773,21.097941321240658,-0.21889761230588434,-0.18284052843265552,35.20613614573348,64.72214666839386,53.77038839807828
20211014,243588800,21.288,21.755,21.122,21.746,20.976399999999998,20.7582,21.09685,21.110518879282353,21.012421599867885,21.145945667815425,-0.13352406794754046,-0.17297723633563253,47.02010318448674,76.34506747589893,61.2952814240185
20211015,226994000,21.81,21.931,21.662,21.862,21.1826,20.8702,21.09495,21.361012586188238,21.143125969118977,21.198986729458728,-0.05586076033975118,-0.1495539411364563,51.89992475545522,83.12267859009532,68.57108047937743
20211018,189493600,21.749,22.291,21.644,22.222,21.488,21.1192,21.1504,21.64800839079216,21.30910658925452,21.274765490239563,0.034341099014955745,-0.11277493310617388,66.15058324496286,87.70819911433765,74.95012002436417
20211019,161473300,22.276,22.379,22.037,22.29,21.811799999999998,21.3031,21.202599999999997,21.86200559386144,21.460013267830746,21.349968046518114,0.11004522131263172,-0.06821090222241277,69.26755053249292,90.2173147557397,80.03918493482267
20211020,146275900,22.3045,22.433,21.982,22.103,22.0446,21.4434,21.2107,21.942337062574296,21.558934303549094,21.405748191220475,0.15318611232861912,-0.023931499312206395,65.11222488559599,87.75500484236274,82.61112490400268
20211021,187590300,22.097,22.711,22.083,22.692,22.2338,21.6051,21.2212,22.192224708382867,21.733252103003082,21.50102610298192,0.23222600002116067,0.02730000055446702,68.92468944099379,91.54879110702973,85.59034697167836
20211022,249383800,22.823,23.13,22.561,22.726,22.4066,21.7946,21.25345,22.37014980558858,21.885982548694916,21.591764910168447,0.29421763852646876,0.08068352814886737,85.84770114942533,89.19035471701034,86.79034955345568
20211025,230234800,22.973,23.355,22.77,23.166,22.5954,22.0417,21.32875,22.635433203725718,22.08290831043416,21.70837491682264,0.3745333936115216,0.13945350124139821,84.83448806774446,90.40901265766877,87.99657058819338
20211026,485898300,23.989,25.259,23.924,24.717,23.0808,22.4463,21.529649999999997,23.329288802483813,22.488153185751983,21.931236034095036,0.5569171516569469,0.22294623132450797,88.63242931332952,89.2389147312506,88.41068530254579
20211027,245989900,24.474,25.09,24.282,24.451,23.5504,22.7975,21.72635,23.70319253498921,22.790129618713216,22.11788521675466,0.6722444019585545,0.3128058654513173,83.16306483300596,85.37550516431,87.39895858980051
20211028,234204300,24.878,24.95,24.523,24.941,24.0002,23.116999999999997,21.937599999999996,24.115795023326143,23.121032754295797,22.327004830328388,0.7940279239674091,0.4090502771545357,88.51199400299856,87.31810994356488,87.37200904105529
20211029,292502800,25.0005,25.709,25.0,25.567,24.5684,23.4875,22.17885,24.599530015550762,23.497335407481057,22.567004472526285,0.930330934954771,0.5133064087145828,91.81256436663239,90.27539500217624,88.33980436142895
20211101,265739800,25.649,25.894,25.227,25.827,25.100599999999996,23.848000000000003,22.4836,25.008686677033843,23.855745344791664,22.808485622709522,1.047259722082142,0.6200970713880947,92.52721873968993,92.9460370225824,89.87521524848009
20211102,294112400,25.822,26.678,25.8,26.401,25.437400000000004,24.259099999999997,22.781100000000002,25.472791118022563,24.247322984054485,23.074597798805115,1.1727251852493694,0.7306226941603496,92.88630653266337,93.28792747461242,91.0127859905242
20211103,239910300,26.67,26.784,26.235,26.598,25.8668,24.7086,23.076,25.847860745348378,24.608965601892255,23.33559055444918,1.273375047443075,0.8391731648168947,92.13268496005564,94.0571343792388,92.02756878676239
20211104,1153631000,27.229,31.365,27.118,29.801,26.8388,25.4195,23.5123,27.165573830232255,25.407740124678064,23.81450977263813,1.5932303520399351,0.9899846022615029,94.87846240814024,89.97254760438685,91.34256172597054
20211105,851260200,30.187,31.4,29.41,29.752,27.6758,26.1221,23.95835,28.027715886821504,26.076087797804515,24.25432386355382,1.8217639342506935,1.156340468659341,94.11764705882358,85.96707382650223,89.55073242614776
20211108,503100900,30.149,31.1,29.907,30.804,28.6712,26.8859,24.4638,28.953143924547668,26.80345890583459,24.739485058846128,2.0639738469884605,1.3378671443251648,94.7257827274638,87.8536697103159,88.9850448542038
20211109,646746200,32.282,32.31,29.964,30.657,29.522399999999998,27.479899999999997,24.9631,29.52109594969845,27.396311381860038,25.177819498931598,2.21849188292844,1.5139920920458199,95.12555391432795,84.82655074990195,87.59888015276985
20211110,636205700,29.356,30.85,28.778,29.459,30.094599999999996,27.980700000000002,25.389100000000003,29.50039729979897,27.71364809234311,25.49494398049222,2.21870411185089,1.654934496006834,83.54317438286907,76.88391117024926,84.02722382526298
20211111,332172100,30.468,30.59,29.777,30.39,30.212400000000002,28.525599999999997,25.821299999999997,29.796931533199313,28.12539453967494,25.85754072267798,2.2678538169969578,1.7775183602048588,84.88710852148583,75.55355478553112,81.2026674786857
20211112,413054300,30.01,30.68,29.63,30.39,30.339999999999996,29.0079,26.247700000000002,29.994621022132876,28.473795379724947,26.193278446924058,2.2805169328008894,1.878118074724065,84.25644916540215,73.87134067115284,78.75889187617474
20211115,384909000,30.552,30.644,29.247,30.025,30.184199999999997,29.427699999999998,26.637849999999997,30.004747348088586,28.71244224438265,26.477109673077834,2.2353325713048164,1.9495609740402153,78.3607608463347,70.04317087267526,75.8536515416749
20211116,264483700,29.759,30.39,29.7059,30.203,30.093399999999995,29.807899999999997,27.033499999999997,30.07083156539239,28.941758822169934,26.753101549146145,2.1886572730237894,1.9973802338369302,81.02481121898597,66.50155921557908,72.7362874329763
20211117,428508000,30.418,30.509,28.8,29.261,30.053800000000003,30.0742,27.391399999999997,29.80088771026159,28.990872849528408,26.938871804764947,2.052001044763461,2.0083043960222366,72.2176506891586,48.89269670619579,64.7884238573828
20211118,781710800,32.367,32.76,31.321,31.675,30.3108,30.261599999999998,27.840549999999997,30.425591806841062,29.4038154880625,27.289696115523096,2.1141193725394025,2.02946739132567,76.53344917463076,56.84592638273426,62.14092469916662
20211119,533866700,32.243,33.088,31.905,32.985,30.8298,30.584900000000005,28.353499999999997,31.278727871227375,29.9547669514375,27.711570477336203,2.243196474101296,2.0722132078807953,78.49522292993629,70.43402052739127,64.9052899752415
20211122,754335200,33.517,34.647,31.9,31.956,31.215999999999998,30.7001,28.793,31.504485247484915,30.262648958908652,28.025972664200186,2.2366762947084666,2.1051058252463295,71.34076066077603,65.00565303291411,64.93874432779904
20211123,532162700,31.535,32.36,30.88,31.746,31.5246,30.809000000000005,29.14445,31.584990164989946,30.490856811384244,28.301530244629802,2.189326566754442,2.121949973547952,69.7574455019957,60.13203959676743,63.33650941745516
20211124,435162300,31.461,32.855,30.928,32.674,32.2072,31.1305,29.5556,31.94799344332663,30.82672499424821,28.625416893175743,2.201308101072467,2.137821599052855,63.35906258718497,62.17342631803194,62.948815050980755
20211126,283068900,32.6,32.71,31.35,31.503,32.172799999999995,31.2418,29.883699999999997,31.799662295551087,30.93076730282541,28.838571197384947,2.092196105440461,2.1286965003303764,57.37263157894737,56.85856264540594,60.91873091578915
20211129,454964000,32.366,33.412,32.036,33.376,32.251,31.540399999999998,30.27415,32.32510819703406,31.306956948544574,29.17467703461569,2.1322799139288833,2.1294131830500778,60.129174543163195,63.993160684988126,61.94354083885547
20211130,622066500,33.169,33.353,31.864,32.676,32.395,31.805500000000002,30.6166,32.44207213135604,31.51757895646079,29.434034291310827,2.083544665149965,2.1202394794700554,57.61944297682844,64.75890890201535,62.88199685990876
20211201,485802000,33.2195,33.2893,31.38,31.435,32.3328,31.928700000000003,30.868299999999998,32.10638142090403,31.50487450162067,29.58225397343595,1.9226205281847193,2.080715689212988,57.433042431537764,48.083675751507265,57.94922315710826
20211202,472890300,31.214,32.478,31.025,32.126,32.2232,32.215199999999996,31.1447,32.11292094726936,31.600432270602106,29.770679605033287,1.8297526655688188,2.0305230844841544,56.650321789764014,43.08135679248346,52.993267702233325
20211203,544325100,32.0,32.129,30.13,30.693,32.0612,32.117,31.189299999999996,31.63961396484624,31.46082730589409,29.838999634290083,1.6218276716040059,1.9487840019081248,51.04590956161547,32.87557946006168,46.28737162150944
20211206,658938500,29.88,30.241,28.038,30.037,31.393399999999996,31.8222,31.20355,31.105409309897496,31.24177695114115,29.853666328046373,1.3881106230947786,1.8366493261454555,50.0406063887385,34.31625902721392,42.29700075674427
20211207,593053500,30.957,32.449,30.651,32.427,31.3436,31.8693,31.284699999999997,31.545939539931666,31.4241189586579,30.044283637079975,1.379835321577925,1.7452865252319496,56.545797033199904,50.10117553805329,44.898392350513944
20211208,475551500,31.999,32.29,31.421,31.826,31.421799999999998,31.8773,31.34315,31.63929302662111,31.48594681117207,30.176262626925904,1.3096841842461657,1.658166057034793,57.70409082717608,56.896627880101526,48.8978041937098
20211209,488507200,31.734,32.205,30.428,30.49,31.094599999999996,31.6589,31.3947,31.25619535108074,31.332724224837904,30.1995024323388,1.1332217924991035,1.5531772041276553,46.19436058834863,53.140116390976985,50.311908259465525
20211210,488825100,31.15,31.305,29.861,30.198,30.995600000000003,31.528399999999998,31.3851,30.903463567387163,31.158151267170535,30.199391141054445,0.9587601261160899,1.4342937885253422,40.42333860215793,48.97331058238227,49.865709033771104
20211213,598343700,30.249,30.294,28.116,28.161,30.6204,31.0069,31.273649999999996,29.989309044924777,30.69705107222122,30.04839920468004,0.6486518675411794,1.2771654043285097,37.80448614949547,33.429632771728144,44.387016946423444
20211214,667035400,27.699,28.678,27.25,28.337,29.8024,30.572999999999997,31.189249999999998,29.438539363283184,30.33396629187949,29.92162889322226,0.4123373986572325,1.1041998031942541,39.02093397745572,29.21705178916025,39.33036189400238
20211215,698296900,28.4,30.5,27.838,30.459,29.529000000000003,30.475399999999997,31.202050000000003,29.778692908855458,30.353202246974956,29.96143416039098,0.3917680865839763,0.9617134598721986,43.37579998803756,40.0525039753599,39.57107592112155
20211216,707366000,31.152,31.16,28.093,28.387,29.1084,30.101499999999998,31.158349999999995,29.314795272570308,30.050709593594192,29.844809407769425,0.20590018582476688,0.8105508050627123,41.15777525539159,33.991532752182614,37.711228198141896
20211217,716622400,27.985,28.922,27.76,27.801,28.629,29.8123,30.96465,28.810196848380208,29.704600425348932,29.693416118305024,0.011184307043908603,0.6506775054589516,32.93332516990142,26.193752488119166,33.87206962813432
20211220,461846800,27.305,28.144,27.145,27.719,28.5406,29.580499999999994,30.70135,28.44646456558681,29.39912343683371,29.547163072504652,-0.14803963567094058,0.4909340772329732,34.228444161629014,21.181322520424125,29.64182059223092
20211221,524384900,28.374,29.12,27.401,29.075,28.688200000000002,29.245300000000004,30.557299999999998,28.655976377057875,29.34925829270545,29.5121880300969,-0.1629297373914511,0.36016131430808834,42.54579911560327,26.83497917698894,28.70620678715026
20211222,395184400,28.891,29.555,28.449,29.4,28.4764,29.002699999999997,30.439999999999998,28.903984251371917,29.357064709212302,29.503877805645278,-0.14681309643297524,0.2587664321598756,41.18598034143818,35.958896374402876,31.12376998290113
20211223,343021700,29.755,30.059,29.431,29.64,28.726999999999997,28.917699999999996,30.2883,29.149322834247947,29.400593215487334,29.513960931153033,-0.11336771566569936,0.18433960259476062,46.310700021021646,44.68658679007515,35.644708918625795
20211227,403685900,29.66,31.0865,29.64,30.945,29.3558,28.992399999999996,30.260399999999997,29.747881889498636,29.638194259258512,29.619963825141696,0.01823043411681624,0.15111776889917175,53.042895442359246,61.339418175533694,44.20961200426176
20211228,420591200,31.312,31.33,30.0118,30.322,29.8764,29.208499999999997,30.1077,29.93925459299909,29.74339514244951,29.671966504760828,0.07142863768868324,0.13517994265707406,41.99802326465444,66.19760494856368,51.538942985695726
20211229,343139300,30.2725,30.548,29.366,30.001,30.0616,29.374900000000004,29.973949999999995,29.95983639533273,29.783026658995738,29.696339356260026,0.08668730273571157,0.12548141467280155,42.911520236153194,66.8796458318979,56.65251060109645
20211230,308864200,29.827,30.457,29.54,29.586,30.0988,29.287600000000005,29.8815,29.835224263555155,29.752714865304085,29.688166070611135,0.06454879469294994,0.11329489067683124,46.21820615796519,64.02888376049266,59.11130165422851
20211231,266529900,29.674,30.03,29.3306,29.411,30.053000000000004,29.390000000000004,29.745750000000005,29.69381617570344,29.700143347564996,29.66763525056587,0.032508096999126934,0.09713753194129038,46.67511618081961,60.73450872762436,59.65237067869379
20220103,392402900,29.815,30.711,29.785,30.121,29.8882,29.622000000000003,29.717150000000004,29.836210783802294,29.76489052486269,29.70121782459803,0.06367270026466088,0.09044456560596448,59.326227636086784,63.56594295254706,60.95689476997821
20220104,527154400,30.277,30.468,28.349,29.29,29.6818,29.779099999999993,29.6798,29.654140522534863,29.691830444114583,29.670757244998175,0.021073199116408148,0.07657029230805322,54.26856579772463,52.89949143275025,58.27109365756889
20220105,498063900,28.949,29.416,27.533,27.604,29.2024,29.631999999999998,29.438650000000003,28.970760348356578,29.370625760404646,29.517664115739052,-0.14703835533440568,0.03184856277956144,36.692458282837684,35.889626717610845,50.81060467758287
20220106,454186400,27.64,28.438,27.065,28.178,28.920800000000003,29.509800000000002,29.25625,28.706506898904387,29.187144874188547,29.418429736795417,-0.23128486260686998,-0.020778122297724848,48.86769964243147,32.62512824550375,44.74877920022316
20220107,409938500,28.141,28.422,27.057,27.247,28.488,29.270500000000006,29.094099999999997,28.220004599269593,28.888661047390308,29.257583089625385,-0.3689220422350772,-0.09040690628519532,47.10674744098601,23.232260393640317,37.57660626469555
20220110,594681000,26.581,27.469,25.6438,27.4,27.9438,28.916000000000004,28.954199999999997,27.9466697328464,28.65963627086872,29.119984342245726,-0.4603480713770054,-0.16439513930355734,48.34629341627785,27.040904887203215,34.06470580553143
20220111,404089300,27.3225,28.065,26.839,27.817,27.6492,28.6655,28.937,27.903446488564267,28.529999921504302,29.023466983560855,-0.49346706205655266,-0.23020952385415644,42.77509763381576,32.32313351810812,33.48418170972366
20220112,383413500,28.0665,28.595,27.608,27.999,27.728199999999998,28.465299999999996,28.9201,27.935297659042845,28.448307625888255,28.947580540334123,-0.49927291444586785,-0.2840222019724987,41.81945579820156,37.041861667582026,34.67007502900978
20220113,538868100,28.379,28.48,26.498,26.575,27.407600000000002,28.1642,28.725900000000003,27.481865106028565,28.160106452674675,28.771833833642706,-0.6117273809680306,-0.34956323777160514,34.277213501590225,30.820245427056584,33.38679849502538
20220114,395832400,26.3,27.1969,26.21,26.942,27.346600000000002,27.9173,28.65365,27.301910070685715,27.972705459955495,28.63629058670621,-0.6635851267507142,-0.41236761556742696,27.278919287092748,29.51688404145854,32.0968270105031
20220118,425306200,26.26,26.638,25.77,25.903,27.047199999999997,27.4955,28.558749999999996,26.835606713790476,27.65428923534696,28.433824617320564,-0.7795353819736057,-0.48580116884866276,26.048780487804876,21.96836328600284,28.720672435669677
20220119,488314500,26.079,26.5432,25.052,25.067,26.4972,27.073199999999996,28.426149999999996,26.246071142526986,27.25624473760127,28.184430201222746,-0.9281854636214746,-0.5742780278032251,24.671457905544145,14.786698865802633,24.076014579047328
20220120,435180700,25.304,25.579,24.078,24.15,25.7274,26.727800000000002,28.179899999999996,25.547380761684657,26.778360931816458,27.88558351965069,-1.107222587834233,-0.6808669398094267,23.4622144112478,10.389125345263146,19.51371816778593
20220121,718957800,23.507,24.823,23.263,23.374,25.087200000000003,26.2474,27.8786,24.822920507789775,26.254613096152386,27.551392147824714,-1.2967790516723277,-0.804049362182007,22.16176334962647,7.620007044378963,15.54914779331694
20220124,915810600,22.33,23.38,20.888,23.372,24.373199999999997,25.8599,27.565200000000004,24.339280338526518,25.811134158282787,27.241807544282146,-1.4306733859993592,-0.9293741669454775,16.70448939319192,15.823484649541856,15.640593412058578
20220125,664616400,22.546,22.943,22.0,22.324,23.657400000000003,25.3523,27.134149999999998,23.667520225684346,25.274651980085437,26.87752550396495,-1.6028735238795129,-1.0640740383322846,16.354327666151477,16.759793797328758,16.01366020714864
20220126,755958700,23.24,24.057,22.3,22.772,23.1984,24.8478,26.75665,23.369013483789566,24.889628598533832,26.57341250367125,-1.6837839051374175,-1.1880160116933114,23.49133201667763,19.445060986066014,17.15746046678776
20220127,573352700,23.568,23.995,21.675,21.944,22.7572,24.2423,26.3538,22.894008989193047,24.436454967990166,26.230493058954863,-1.7940380909646976,-1.3092204275475887,16.727156276686557,18.542793540869962,17.61923815814849
20220128,543774300,22.0122,22.858,21.296,22.84,22.6504,23.8688,26.0165,22.876005992795367,24.190846511376293,25.979345424958208,-1.7884989135819147,-1.405076124754454,26.390228222436505,23.67780438956547,19.638760235287485
20220131,564679700,23.182,24.509,23.052,24.486,22.873199999999997,23.6232,25.770249999999997,23.41267066186358,24.236254740395324,25.868727245331673,-1.6324725049363487,-1.450555400790833,36.54165896914836,36.992823051807264,25.423447840794076
20220201,518925200,25.104,25.145,23.89,24.638,23.336,23.4967,25.496100000000002,23.82111377457572,24.298061703411427,25.777562264195996,-1.4795005607845688,-1.4563444327895803,34.949341918378934,51.30865244596431,34.05184937585082
20220202,543419400,25.794,25.817,24.553,25.242,23.830000000000002,23.5142,25.2937,24.294742516383813,24.443282979809666,25.73789098536666,-1.294608005556995,-1.4239971473430633,37.448784485113364,63.65055087660217,43.9180832094346
20220203,410177800,24.458,25.077,23.78,23.948,24.2308,23.494,25.1109,24.17916167758921,24.367085598300484,25.605306467932095,-1.2382208696316113,-1.3868418918007728,37.89735556988852,63.12755329286158,50.321239903910254
20220204,354828500,23.972,24.635,23.632,24.319,24.5266,23.5885,24.91795,24.225774451726142,24.35968781394656,25.510024507344532,-1.1503366933979713,-1.3395408521202126,37.92023579257621,64.37361475146017,55.00536485309355
20220207,376867500,24.372,25.182,24.202,24.728,24.575,23.7241,24.791999999999998,24.39318296781743,24.41635122718555,25.45209676605975,-1.035745538874199,-1.2787817894710098,44.25540236628534,68.21987942068148,59.410203042289524
20220208,410358600,24.359,25.23,23.98,25.108,24.669,24.0025,24.6774,24.63145531187829,24.522758730695468,25.42660811672199,-0.903849386026522,-1.2037953087821123,50.20980452359022,73.58579589484641,64.13540065980848
20220209,524281700,25.622,26.725,25.353,26.705,24.961599999999997,24.3958,24.6218,25.322636874585527,24.858488156742318,25.52130381177962,-0.6628156550373028,-1.0955993780331506,62.2237106496986,82.2677332735459,70.17951153105429
20220210,513199700,25.995,26.925,25.6,25.824,25.3368,24.783800000000003,24.51305,25.489757916390353,25.007028440320422,25.5437257516478,-0.5366973113273765,-0.9838189646919958,61.60477453580904,78.70263034141377,73.02055113450744
20220211,605472000,25.916,26.152,23.773,23.949,25.262800000000002,24.8947,24.38175,24.976171944260237,24.84425483411728,25.425597918192405,-0.5813430840751259,-0.9033237885686219,52.32118432697723,55.6772470319416,67.23944976698549
20220214,440424400,23.934,24.875,23.755,24.267,25.1706,24.8728,24.247999999999998,24.739781296173494,24.755446398099235,25.339775850178153,-0.5843294520789186,-0.8395249212706813,58.3041285579964,43.54594077865848,59.341613437543145
20220215,701752800,24.949,26.545,24.784,26.495,25.448,25.0585,24.2776,25.324854197449,25.02307002916089,25.425348009424216,-0.4022779802633245,-0.75207553306921,63.81037168929448,58.011293245090066,58.89817337339212
20220216,732676300,26.259,26.582,25.552,26.511,25.4092,25.1854,24.349800000000002,25.720236131632667,25.251982332366907,25.505766675392792,-0.2537843430258846,-0.652417295060545,68.02715718007423,67.81682126856595,61.87105600511673
20220217,810595100,25.63,25.785,24.165,24.507,25.1458,25.241300000000003,24.36765,25.315824087755114,25.137369665848922,25.431783958697032,-0.29441429284810994,-0.580816694618058,56.05081669691471,53.118680004490884,58.95359733824144
20220218,761254900,24.6675,24.986,23.1,23.642,25.0844,25.1736,24.381050000000002,24.757882725170077,24.907312794179855,25.29920736916392,-0.39189457498406455,-0.5430322706912593,46.752347237186385,40.13576488316819,52.68098651988368
20220222,633422400,23.035,24.064,23.0,23.39,24.909,25.0398,24.38195,24.301921816780055,24.673880056613722,25.157784601077704,-0.48390454446398223,-0.5312067254458039,45.23445853062471,30.069278499606824,45.14375051312473
20220223,566510800,23.802,24.155,22.301,22.387,24.0874,24.767699999999998,24.3851,23.66361454452004,24.322052355596227,24.95254129729417,-0.6304889416979442,-0.551063168696232,39.42044022826651,20.666139530303063,36.984546852184174
20220224,735800600,21.015,23.8,20.89,23.748,23.5348,24.472,24.4339,23.69174302968003,24.233736608581424,24.863316016013123,-0.6295794074316987,-0.5667664164433253,49.26253687315634,30.51436708907063,34.827820264479655
20220225,528865500,23.721,24.217,23.381,24.157,23.4648,24.3053,24.54455,23.846828686453357,24.221930976491972,24.81099631112326,-0.5890653346312895,-0.5712262000809182,49.404324165318435,39.47502664218669,36.376889057048665
20220228,477318600,23.992,24.665,23.707,24.385,23.613400000000002,24.348899999999997,24.6218,24.02621912430224,24.24701851857013,24.779441028817836,-0.5324225102477058,-0.5634654621142757,48.72177088767981,46.78400698610057,39.845928366732636
20220301,412056000,24.291,24.377,23.132,23.477,23.6308,24.2699,24.571350000000002,23.843146082868163,24.128554131097804,24.68296391557207,-0.5544097844742666,-0.5616543265862739,44.15202581570455,46.33925600432003,42.0103709125951
20220302,389641900,23.756,24.409,23.415,24.22,23.997400000000003,24.0424,24.55045,23.968764055245444,24.142622726313526,24.648670292196364,-0.5060475658828381,-0.5505329744455867,40.50874646703843,53.56903754050343,45.86325978856454
20220303,365095000,24.2615,24.326,23.469,23.714,23.9906,23.7627,24.474050000000002,23.883842703496963,24.076680768419138,24.579435455737375,-0.5027546873182374,-0.5409773170201169,41.70336583831393,58.69446252700227,50.140327368043785
20220304,432010700,23.384,23.68,22.482,22.936,23.7464,23.605600000000003,24.42345,23.567895135664642,23.90119141943158,24.457699496053124,-0.5565080766215438,-0.5440834689404023,45.64076082279025,57.19586685023109,52.49217386210621
20220307,450820900,22.817,23.033,21.33,21.352,23.1398,23.3766,24.2751,22.829263423776432,23.509008124134414,24.22764768153067,-0.718639557396255,-0.5789946866315728,38.6883973612728,42.21004809882955,49.06479860768066
20220308,557467200,21.309,22.373,20.65,21.514,22.7472,23.189,24.1144,22.390842282517625,23.202083797344507,24.026636742158026,-0.8245529448135187,-0.628106338267962,26.98031241334688,35.31313293761738,44.4809100509929
20220309,492742000,22.387,23.22,22.247,23.014,22.506,23.2517,24.009700000000002,22.59856152167842,23.173147828522275,23.95162661310928,-0.7784787845870049,-0.6581808275317707,35.78801918231325,43.16848962134227,44.04343657444268
20220310,428065700,22.531,22.788,21.882,22.658,22.2948,23.1427,23.80735,22.618374347785615,23.093894316441926,23.85580241954563,-0.7619081031037034,-0.6789262826461572,41.32332238385734,45.44981084760304,44.51222799882947
20220311,367208600,23.022,23.145,22.046,22.1,22.1276,22.937,23.62115,22.445582898523746,22.940987498527782,23.725742981060765,-0.784755482532983,-0.7000921226235224,42.54928488596831,43.15790351620821,44.06078650462238
20220314,385354200,21.869,22.262,21.159,21.33,22.1232,22.6315,23.4902,22.073721932349166,22.693143267985047,23.548280538019224,-0.8551372700341773,-0.7311011521056534,40.520890852199514,34.80190818789157,40.974493732378775
20220315,491995700,21.518,23.038,21.322,22.973,22.415,22.5811,23.4255,22.373481288232778,22.736198149833502,23.505667164832616,-0.7694690149991139,-0.7387747246843456,52.54649747957586,44.26583505598283,42.07160750691346
20220316,671421700,23.5,24.597,23.172,24.496,22.7114,22.608700000000002,23.32555,23.08098752548852,23.006936896012963,23.579025152622794,-0.5720882566098311,-0.7054374310694427,53.205347960233105,61.990921538039714,48.71137885062221
20220317,471941200,24.12,24.842,23.906,24.766,23.133000000000003,22.713900000000002,23.2383,23.642658350325682,23.277561988934046,23.666949215391476,-0.38938722645742985,-0.6422273901470401,52.64116575591984,74.05628865894758,57.159682120064
20220318,730718600,24.799,26.569,24.624,26.453,24.0036,23.0656,23.3356,24.57943890021712,23.766090913713423,23.8733233475847,-0.10723243387127823,-0.5352283988918878,57.961194949183856,82.05092893758075,65.45676439256958
20220321,591727100,26.507,27.152,25.967,26.734,25.0844,23.6038,23.490199999999998,25.29762593347808,24.222692311603666,24.085225321837687,0.13746698976597926,-0.4006893211603144,63.174500444947824,85.70901797907797,72.20751558807237
20220322,547007100,26.727,27.238,26.072,26.524,25.794600000000003,24.1048,23.6469,25.706417288985392,24.576739648280025,24.26587529799786,0.3108643502821664,-0.25837858687181825,59.739600946905654,86.55756103468937,76.99086407027804
20220323,502119900,26.126,26.6115,25.575,25.634,26.022199999999998,24.3668,23.80925,25.68227819265693,24.739395087006177,24.367217868516537,0.37217721848963947,-0.13226742579952672,57.86112020962988,82.24306777758147,78.74159863937918
20220324,877379100,26.166,28.32,25.907,28.15,26.699,24.916,24.02935,26.504852128437957,25.264103535159073,24.647423952330126,0.6166795828289473,0.017521975926168082,68.68817204301074,87.37072181308577,81.6179730306147
20220325,579016200,27.886,28.358,27.271,27.692,26.946799999999996,25.4752,24.2061,26.90056808562531,25.63762606821152,24.872948104009375,0.7646779642021464,0.16695317358136375,74.71927635683093,88.42527938950838,83.88707515024592
20220328,425493900,27.7555,28.25,27.206,28.219,27.2438,26.1641,24.397799999999997,27.340045390416876,26.0347605192559,25.12080380000868,0.9139567192472207,0.31635388271453513,75.41890969747517,91.39008856073923,86.38807962041035
20220329,488984400,28.6945,28.946,27.98,28.656,27.6702,26.732400000000002,24.65675,27.778696926944587,26.43802813167807,25.382670185193223,1.0553579464848468,0.46415469546859744,73.26406069602507,92.34206962250339,88.37274295444136
20220330,463487100,28.304,28.4955,27.503,27.69,28.081400000000002,27.051799999999997,24.83025,27.749131284629726,26.630639188342982,25.55358350480854,1.077055683534443,0.5867348930817666,69.75502512562814,85.20783972057068,87.3177752098178
20220331,523440200,27.782,28.248,27.27,27.286,27.9086,27.303800000000003,25.00885,27.594754189753154,26.731463928597908,25.6819106526005,1.0495532759974076,0.6792985696648949,70.60880623112382,73.72404384416964,82.7865314212684
20220401,517235100,27.375,27.496,26.267,26.712,27.7126,27.329700000000003,25.19765,27.30050279316877,26.72846947804438,25.758213567222683,0.9702559108216988,0.7374900378962558,71.72614241886001,60.39231717565427,75.32179333939703
20220404,397707800,26.728,27.558,26.613,27.36,27.5408,27.3923,25.49805,27.32033519544585,26.82562801988371,25.876864414095078,0.9487636057886313,0.7797447514747309,69.25643051531912,57.912093582345584,69.51856008704655
20220405,436614700,27.254,27.319,25.82,25.931,26.995800000000003,27.333000000000006,25.7189,26.857223463630568,26.6879929399016,25.88087445749544,0.8071184824061604,0.7852194976610168,56.35124369301585,39.79168362943321,59.6096012678421
20220406,703832600,24.934,25.3,24.003,24.407,26.339199999999998,27.2103,25.788549999999997,26.040482309087047,26.33707094914751,25.77169857175504,0.565372377392471,0.7412500736073078,48.56983507290256,29.252180481527862,49.49046100573735
20220407,557992400,24.441,24.722,23.478,24.208,25.723599999999998,26.8161,25.86605,25.4296548727247,26.009521572355585,25.655869047921332,0.35365252443425277,0.6637305637726968,39.85356594052246,23.95158776798271,40.97750325981914
20220408,524780600,23.917,23.923,23.062,23.119,25.005000000000003,26.358799999999995,25.916999999999994,24.65943658181647,25.564825945839342,25.467952822149382,0.09687312368996004,0.5503590757561495,34.7738185494061,16.29063476397124,32.748547094536505
20220411,575206800,22.214,22.3199,21.66,21.917,23.9164,25.7286,25.946350000000002,23.745291054544314,25.00362195417175,25.204919279767946,-0.2012973255961974,0.4000277954856801,32.092046956386525,12.113684337076096,25.870259508716366
20220412,662258100,22.537,22.725,21.282,21.504,23.031,25.013399999999997,25.872900000000005,22.99819403636288,24.465218576606865,24.930777110896248,-0.4655585342893822,0.22691052953066765,33.32795091232036,9.138092170740945,20.292870396057893
20220413,516943400,21.728,22.5,21.455,22.203,22.5902,24.4647,25.758249999999997,22.733129357575255,24.117184949436577,24.728719547126154,-0.6115345976895767,0.05922150408661879,21.865834042955797,10.983712180111551,17.18981765740911
20220414,569096900,22.505,22.777,21.163,21.258,22.0002,23.8619,25.58285,22.241419571716836,23.67731034183095,24.471629210301995,-0.7943188684710449,-0.11148657042491397,20.902677279305337,7.817653311630265,14.065762875482829
20220418,525700600,21.2,22.088,21.079,21.783,21.733,23.369,25.34935,22.088613047811226,23.385877981549267,24.272471491020365,-0.8865935094710977,-0.26650795823415074,20.8883662022797,8.972452635103942,12.367992795356532
20220419,512780600,21.72,22.373,21.314,22.198,21.7892,22.8528,25.12255,22.125075365207486,23.203127522849382,24.118806936129968,-0.9156794132805857,-0.39634224924343775,20.73060188542422,14.818403628330366,13.18479640634781
20220420,468974400,22.5171,22.6704,21.2,21.482,21.7848,22.4079,24.870449999999998,21.910716910138326,22.938338673180247,23.923487903824046,-0.985149230643799,-0.5141036455235101,21.21127805601928,13.5663728461904,13.311988552962006
20220421,656209400,21.7092,22.392,20.0,20.183,21.3808,21.9855,24.597900000000003,21.33481127342555,22.5144404157679,23.646414725763005,-1.1319743099951047,-0.637677778417829,19.585509976877617,10.599181013782808,12.407719373235604
20220422,624713400,20.303,20.486,19.5,19.515,21.0322,21.5162,24.166150000000002,20.728207515617036,22.0529880441113,23.340384005336116,-1.2873959612248171,-0.7676214149792266,19.42910542859569,7.218699253822863,10.678046000098023
20220425,641565600,19.202,19.945,19.096,19.902,20.656,21.194499999999998,23.77665,20.45280501041136,21.722066806555716,23.08568889382974,-1.363622087274024,-0.8868215494381861,17.602085143353605,12.111207453286605,11.155766484494217
20220426,653142500,19.718,19.788,18.67,18.788,19.974,20.8816,23.305100000000003,19.897870006940906,21.270671913239454,22.767341568360873,-1.4966696551214191,-1.008791170574833,18.097364895042432,9.031852773419043,10.447795247469159
20220427,499460200,18.598,19.167,18.29,18.415,19.360599999999998,20.5727,22.79305,19.403580004627273,20.831337772741076,22.44494589663044,-1.6136081238893638,-1.129754561237739,20.171246515332527,6.949843755193707,9.281811416710674
20220428,570326700,18.967,20.037,18.4896,19.782,19.2804,20.3306,22.397650000000002,19.529720003084847,20.66990119231937,22.247690645028186,-1.5777894527088172,-1.2193615395319548,30.26221905101677,15.986834624729935,11.516819152717094
20220429,500434900,19.402,20.1285,18.517,18.547,19.0868,20.0595,21.9607,19.202146668723234,20.34330100888562,21.973565412063138,-1.6302644031775166,-1.3015421122610673,29.873217115689386,12.613571118340346,11.882403141258177
20220502,572048700,18.5405,19.574,18.391,19.533,19.012999999999998,19.8345,21.60175,19.31243111248216,20.21863931521091,21.79278278894735,-1.574143473736438,-1.3560623845561415,39.30174115957638,17.867848739350762,13.877551673955704
20220503,475750800,19.4,19.825,19.133,19.602,19.1758,19.5749,21.21385,19.408954074988106,20.123771728255388,21.63050258235866,-1.506730854103271,-1.3861960784655674,41.19281348397851,22.573365111135523,16.77615615301564
20220504,648854600,19.923,20.4,18.751,20.334,19.5596,19.4601,20.933999999999997,19.71730271665874,20.15611453929302,21.534465354035795,-1.3783508147427739,-1.3846270257210087,41.37198781275967,46.075018149378735,26.542443485136673
20220505,626331400,19.867,19.925,18.5,18.844,19.372000000000003,19.3262,20.65585,19.426201811105827,19.95425076401717,21.33517162410722,-1.3809208600900469,-1.3838857925948165,39.38994374120958,39.46865348979123,30.851180153354857
20220506,633296700,18.736,19.512,17.99,18.675,19.397600000000004,19.2422,20.3792,19.175801207403886,19.757442954168376,21.13812187417335,-1.380678920004975,-1.3832444180768482,35.8983666061706,35.786847831368455,32.49640271269272
20220509,644454500,18.034,18.255,16.827,16.95,18.881,18.947,20.07075,18.433867471602593,19.325528653527087,20.827890624234584,-1.502361970707497,-1.4070679286029781,28.718572587185733,25.005393656400667,29.9993996939287
20220510,761474300,17.689,18.198,17.025,17.595,18.479599999999998,18.8277,19.85465,18.154244981068395,19.05929347606138,20.588417244661652,-1.5291237686002717,-1.431479096602437,34.14634146341464,23.83510990471489,27.94463643085743
20220511,670167000,17.347,17.753,16.568,16.63,17.7388,18.6492,19.61095,17.64616332071226,18.685556018205784,20.295201152464493,-1.6096451342587095,-1.4671123041336915,35.102725366876314,16.42939129347031,24.10622138506172
20220512,708728400,16.2191,16.788,15.567,16.175,17.205,18.2885,19.309549999999998,17.15577554714151,18.29931663078951,19.990001067096756,-1.6906844363072473,-1.5118267305684028,35.74112021857924,15.146320176749022,21.119587648957484
20220513,670436500,16.788,17.9284,16.5925,17.706,17.0112,18.2044,19.13195,17.339183698094338,18.208037149129584,19.820815802867365,-1.6127786537377808,-1.5320171152022786,41.45924082140634,24.850288352883375,22.363154550266113
20220516,521446000,17.509,17.788,17.106,17.264,17.073999999999998,17.9775,18.906,17.314122465396228,18.06280066464811,19.631422039692005,-1.5686213750438966,-1.5393379671706025,43.74589625738674,28.271114367816445,24.332474489449556
20220517,585829700,18.074,18.371,17.634,18.177,17.1904,17.835,18.70495,17.601748310264153,18.080369793163783,19.523687073788892,-1.4433172806251093,-1.520133829861504,49.06475950958818,38.810695489512625,29.158548156137243
20220518,545161100,17.705,18.118,16.864,16.938,17.252,17.4954,18.47775,17.380498873509435,17.90462059421551,19.332154697952678,-1.4275341037371696,-1.5016138846366371,38.710701810098435,37.45808089668394,31.925059069652807
20220519,621309600,16.937,17.687,16.7341,17.124,17.4418,17.3234,18.3248,17.294999249006292,17.78452511818235,19.168587683289516,-1.3840625651071647,-1.4781036207307428,43.838226379146086,43.48132639902561,35.77714817944374
20220520,739105300,17.332,17.41,15.755,16.694,17.239399999999996,17.1253,18.18375,17.094666166004195,17.616752023077375,18.98528489193474,-1.3685328688573648,-1.4561894703560672,37.084887635337985,42.385078274576266,37.97979154448791
20220523,639888700,16.274,16.915,16.179,16.898,17.166199999999996,17.1201,18.033549999999998,17.029110777336133,17.50617478875778,18.83067119623587,-1.3244964074780903,-1.4298508577804718,37.84828330037749,44.07935318162431,40.01297875686671
20220524,588550000,16.51,16.597,15.78,16.154,16.7616,16.976,17.90185,16.737407184890756,17.298147898179657,18.63239925577395,-1.3342513575942938,-1.4107309577432363,31.235410307056924,36.36436194038863,38.79677315137401
20220525,781131900,16.02,17.111,16.0,16.975,16.769,17.0105,17.82985,16.816604789927172,17.248432836921246,18.509628940531435,-1.2611961036101889,-1.380823986916627,41.07364600248353,39.788269835896216,39.12727204621474
20220526,996574500,16.036,18.092,16.022,17.851,16.9144,17.1781,17.7333,17.161403193284784,17.3411354773949,18.460841611603183,-1.1197061342082826,-1.328600416374958,46.31352899069434,53.23295461027128,43.82916623423358
20220527,738379400,18.186,18.881,18.1,18.811,17.3378,17.2886,17.7465,17.71126879552319,17.567268480872606,18.48677927000295,-0.9195107891303422,-1.246782490926035,58.93766208817597,68.07554193041331,51.91129146629349
20220531,664099500,18.98,19.2,18.35,18.672,17.6926,17.429399999999998,17.70345,18.03151253034879,17.737227176122975,18.500499324076806,-0.7632721479538311,-1.1500804223315941,55.43664815749623,73.60817454286868,59.14358582515188
20220601,544513900,18.724,19.0532,18.122,18.32,18.125799999999998,17.4437,17.63935,18.12767502023253,17.826884533642517,18.48712900377482,-0.6602444701323051,-1.0521132318917363,59.09384416702541,73.89069401067879,64.05928855366085
20220602,648655800,18.292,19.619,18.198,19.592,18.6492,17.7091,17.602249999999998,18.615783346821686,18.098440759235977,18.568971299791503,-0.4705305405555258,-0.9357966936244944,66.90078148184784,82.3608767524608,70.15981795326083
20220603,598778700,19.0815,19.3323,18.5216,18.72,18.823,17.868699999999997,17.596049999999998,18.65052223121446,18.19406525781506,18.58015861091806,-0.38609335310299997,-0.8258560255201954,55.36507936507936,80.43473228318085,73.5847893965675
20220606,422406200,19.139,19.337,18.5642,18.786,18.818,18.0779,17.6016,18.695681487476307,18.285132141228125,18.595406121220424,-0.31027397999229933,-0.7227396164146163,58.38659907427817,79.72370187290637,75.63109355534712
20220607,388914100,18.472,19.0,18.188,18.926,18.8688,18.280700000000003,17.7004,18.772454324984203,18.3837271964238,18.61989455668558,-0.2361673602617813,-0.6254251651840493,54.51150463799542,80.09948919186664,77.1205587675203
20220608,363252500,18.799,19.18,18.535,18.648,18.9344,18.5301,17.753049999999998,18.730969549989467,18.424384550820136,18.621976441375537,-0.19759189055540105,-0.5398585102583197,61.64850136239784,77.73475352110913,77.3252903520499
20220609,395573800,18.481,18.933,18.041,18.048,18.6256,18.6374,17.82395,18.50331303332631,18.366479235309345,18.579459667940313,-0.21298043263096744,-0.47448289473284927,55.95821511477946,51.971035511749086,68.87387207194962
20220610,465649700,17.6,17.697,16.869,16.974,18.2764,18.549699999999998,17.8639,17.99354202221754,18.15225166064637,18.46053672957436,-0.3082850689279901,-0.44124332957187745,51.66706358656825,35.920084280560005,57.889276141486405
20220613,604153400,16.0,16.312,15.606,15.647,17.648600000000002,18.2333,17.76095,17.211361348145026,17.766828328239235,18.252126601457743,-0.4852982732185076,-0.4500543183012035,43.430311942022904,24.287282700870055,46.68861166128095
20220614,469679500,15.731,16.066,15.412,15.836,17.0306,17.9497,17.68955,16.752907565430018,17.46977781620243,18.073154260609023,-0.6033764444065923,-0.4807187435222813,48.22663395047959,19.551002031940463,37.64274178483412
20220615,563935700,16.095,16.868,15.926,16.527,16.6064,17.7704,17.60705,16.677605043620012,17.32473507524821,17.958624315378728,-0.6338892401305181,-0.5113528428439287,47.4649162516976,22.503215791994283,32.596233120554174
20220616,545748700,15.86,15.9423,15.401,15.601,16.117,17.371299999999998,17.540200000000002,16.318736695746676,17.05954506367156,17.783985477202528,-0.7244404135309672,-0.5539703569813365,37.33963538149899,16.69591079899891,27.29612568003575
20220617,630334000,15.648,15.995,15.328,15.88,15.8982,17.087300000000003,17.478,16.172491130497782,16.878076592337475,17.642949515928265,-0.7648729235907901,-0.5961508703032272,32.138939670932345,15.907346555511225,23.499865971860906
20220621,483088900,16.4745,17.008,16.407,16.566,16.082,16.8653,17.4716,16.303660753665188,16.830064808900943,17.563175477711358,-0.733110668810415,-0.6235428300046648,37.96846435100547,21.317947201770373,22.77255971516406
20220622,437997400,16.226,16.662,16.18,16.36,16.186799999999998,16.6087,17.4447,16.32244050244346,16.757747145993104,17.474051368251256,-0.7163042222581524,-0.6420951084553623,38.61259586335113,23.754267159016585,23.099795529781566
20220623,463679600,16.5185,16.585,15.853,16.225,16.1264,16.3664,17.44825,16.28996033496231,16.67578604660955,17.38152904467709,-0.7057429980675423,-0.6548246863777983,27.4601686972821,28.457537329312057,24.885709462958395
20220624,472152800,16.5,17.14,16.31,17.126,16.431400000000004,16.2742,17.4558,16.568640223308208,16.74504973174654,17.362600967293602,-0.6175512355470616,-0.647369996211651,39.37049879967992,52.047482575685606,33.93963383386746
20220627,427967900,17.312,17.33,16.6255,16.869,16.6292,16.2637,17.4067,16.66876014887214,16.764119003785535,17.326037932679263,-0.5619189288937285,-0.6302797827480666,37.53413968006241,60.35599737479941,42.74508834751144
20220628,461859400,16.9,17.202,15.945,15.982,16.512400000000003,16.2972,17.26525,16.439840099248094,16.643793003203143,17.226479567295613,-0.5826865640924694,-0.6207611390169472,32.55097202465623,51.1264424723105,45.53887305577779
20220629,482352300,15.814,15.82,15.17,15.542,16.3488,16.2678,17.10875,16.140560066165396,16.474286387325737,17.101703303051494,-0.6274169157257568,-0.6220922943587092,31.937659920911827,39.82503572228107,43.63426061127888
20220630,686070000,15.361,15.567,14.862,15.159,16.1356,16.131,16.9507,15.813373377443597,16.27193463542947,16.95779935467731,-0.6858647192478387,-0.6348467793365351,32.76458656484907,30.561369033654707,39.27663008540416
20220701,577610100,14.899,15.0629,14.392,14.523,15.614999999999998,16.023200000000003,16.69725,15.383248918295731,16.00286776844032,16.777443846923436,-0.7745760784831148,-0.6627926391658512,34.57132065970036,21.860517862690614,33.47125934449964
20220705,652207600,14.175,14.971,14.055,14.964,15.234,15.9316,16.509449999999998,15.24349927886382,15.84304195791104,16.643114673077257,-0.8000727151662161,-0.6902486543659242,45.160833215247266,23.82558697207365,30.256035220357646
20220706,529065900,15.01,15.319,14.789,15.13,15.0636,15.788,16.326649999999997,15.205666185909214,15.733343195155497,16.531032104701165,-0.7976889095456681,-0.711736705401873,44.98151833949389,26.825200475021127,29.112423638578804
20220707,492902800,15.4555,15.945,15.389,15.858,15.1268,15.737800000000002,16.17325,15.423110790606144,15.752521165131574,16.4811778747233,-0.7286567095917267,-0.7151207062398437,45.269410267288926,36.234612021515375,31.48648643289099
20220708,467971800,15.43,16.037,15.389,15.838,15.2626,15.699100000000001,16.03275,15.56140719373743,15.765671755111331,16.433535069188242,-0.6678633140769108,-0.7056692278072572,51.9221411192214,42.3039907115446,35.09232119244219
20220711,438388700,15.526,15.527,15.038,15.152,15.3884,15.5017,15.88795,15.424938129158289,15.671260715863433,16.338606545544668,-0.6673458296812349,-0.6980045481820528,44.46135118685331,39.82219230361843,36.6689448961676
20220712,458483100,15.268,15.431,14.877,15.082,15.412,15.323000000000002,15.793349999999998,15.31062541943886,15.580605221115214,16.245524579208023,-0.6649193580928099,-0.6913875101642042,37.54197447951647,43.820243910451325,39.052711234262176
20220713,521918300,14.59,15.375,14.465,15.164,15.4188,15.241200000000001,15.769199999999998,15.261750279625907,15.51651211017441,16.165411647414835,-0.6488995372404247,-0.6828899155794483,39.74622770919068,47.8646900203547,41.99003749629301
20220714,456234800,15.108,15.473,14.728,15.372,15.321599999999998,15.2242,15.746,15.298500186417272,15.494279477839886,16.106640414272995,-0.6123609364331095,-0.6687841197501806,42.777307366638425,54.059137443774986,46.01307081212033
20220715,385935500,15.659,15.782,15.445,15.762,15.3064,15.2845,15.707749999999999,15.453000124278182,15.535467250479904,16.08111149469722,-0.5456442442173142,-0.6441561446436074,37.35632183908045,64.74780034092232,52.257980655054325
20220718,670517500,16.302,16.897,16.002,16.101,15.496199999999998,15.4423,15.73275,15.669000082852122,15.62247228886761,16.08258471731224,-0.46011242844462963,-0.6073474014038118,42.98758217677136,65.58844584131663,56.70146905047509
20220719,702366100,16.486,17.11,16.172,16.992,15.878200000000001,15.6451,15.78835,16.11000005523475,15.833168859811057,16.149948812326148,-0.31677995251509117,-0.5492339116260677,59.21532846715329,75.57188134852743,62.9916064831592
20220720,760537800,16.947,17.9325,16.801,17.807,16.406799999999997,15.912799999999999,15.850400000000002,16.67566670348983,16.136835189070894,16.272693344746433,-0.13585815567553894,-0.466558760435962,69.34244235695986,82.50814680625209,69.49711992419016
20220721,557049300,17.885,18.144,17.5446,18.05,16.9424,16.131999999999998,15.934899999999999,17.133777802326556,16.431168236906142,16.40434568958003,0.026822547326112556,-0.3678824988835471,75.2930883639545,87.48708382716345,75.49377455851459
20220722,536670900,17.893,17.967,17.1365,17.319,17.253800000000002,16.280099999999997,15.9896,17.19551853488437,16.567757738920584,16.47209786072225,0.0956598781983331,-0.27517402346717107,74.06196213425127,84.18319858659677,78.39024923454198
20220725,480747500,17.019,17.124,16.649,17.024,17.4384,16.4673,15.9845,17.138345689922915,16.637948856009725,16.512979500668752,0.12496935534097275,-0.19514534770554232,68.18502824858757,79.30778066505202,78.696093044712
20220726,397864900,16.889,16.919,16.478,16.533,17.346600000000002,16.6124,15.967699999999999,16.936563793281945,16.621802878162075,16.514462500619214,0.10734037754286163,-0.13464820265586153,61.71314075805644,70.48504659481222,75.95907756141207
20220727,569776200,17.032,17.936,16.913,17.79,17.343200000000003,16.875,16.058100000000003,17.221042528854632,16.801525512290986,16.608946759832605,0.19257875245838108,-0.069202811633013,64.8204970849954,75.95137477075416,75.95650996452609
20220728,474646300,17.975,18.14,17.44,17.984,17.330000000000002,17.136200000000002,16.1802,17.47536168590309,16.98344466424622,16.710802555400562,0.272642108845659,-0.0008338275372786058,66.0340705319785,81.4776983376768,77.79690608890965
20220729,435460400,17.813,18.244,17.692,18.163,17.498800000000003,17.3763,16.3304,17.704574457268727,17.16491471590065,16.818372736482004,0.34654197941864595,0.0686413338539063,74.34114793856105,86.34871008869573,80.64750742217167
20220801,476469000,18.182,18.846,17.99,18.441,17.7822,17.6103,16.5263,17.950049638179152,17.36123552883901,16.93856734859445,0.42266818024456043,0.13944670313203714,76.27092132019396,85.19812654561694,82.1643804633201
20220802,489526900,18.122,18.9375,18.092,18.526,18.1808,17.7637,16.7044,18.142033092119433,17.540430062863777,17.056154952402267,0.4842751104615104,0.2084123845979318,76.28205128205128,84.5550700654455,82.96127699736189
20220803,418145600,18.184,18.968,18.137,18.893,18.401400000000002,17.872300000000003,16.89255,18.39235539474629,17.74851774550012,17.192217548520617,0.5563001969795032,0.27798994707424607,76.85736079328757,88.69936397937332,84.87397265803236
20220804,409652300,18.849,19.274,18.76,19.215,18.6476,17.9888,17.0604,18.666570263164193,17.97413040003856,17.342053285667237,0.6320771143713237,0.3488073805336616,76.61476799753353,91.76285686369283,87.17026739325252
20220805,386068300,18.81,19.2289,18.666,18.989,18.8128,18.155800000000003,17.21795,18.774046842109463,18.130264184648013,17.464049338580775,0.6662148460672377,0.4122888736403768,72.65453404455603,91.11086022672512,88.48379833774338
20220808,983783200,17.502,18.239,17.242,17.793,18.6832,18.2327,17.35,18.447031228072976,18.07837738700986,17.48841605424146,0.5899613327684001,0.44782336546598145,55.99640664770173,73.16468756043992,83.37742807864223
20220809,668262700,17.252,17.4472,16.724,17.086,18.3952,18.288,17.450200000000002,17.993354152048653,17.925703942854494,17.45860745763098,0.46709648522351443,0.45167798941748805,44.513772637345916,53.508484517417436,73.42111355823397
20220810,597422500,17.698,18.118,17.317,18.097,18.235999999999997,18.3187,17.59685,18.027902768032437,17.95205718241534,17.50589579410276,0.4461613883125821,0.4505746691965069,50.32020711268566,53.620035429912285,66.82075418212673
20220811,509326600,18.131,18.707,17.876,17.942,17.9814,18.3145,17.72535,17.999268512021626,17.95050992358221,17.538199809354406,0.41231011422780384,0.4429217582027663,54.60594410764455,51.66825891405916,61.76992242610421
20220812,478094200,18.16,18.718,17.953,18.709,17.925400000000003,18.3691,17.872700000000002,18.235845674681084,18.06720070456956,17.624925749402227,0.44227495516733484,0.44279239759568007,61.644782308223895,60.393218361006745,61.311021071071714
20220815,457665600,18.701,19.164,18.613,19.032,18.1732,18.4282,18.01925,18.50123044978739,18.215631365405013,17.729153471668727,0.4864778937362857,0.4515294968238012,67.68076977501059,70.43208021452736,64.35137411889025
20220816,451239600,18.9195,19.142,18.501,18.879,18.531799999999997,18.4635,18.113599999999998,18.627153633191593,18.317688078419625,17.814327288582152,0.5033607898374726,0.4618957554265355,59.13130974341776,75.12465478354112,67.94246767377388
20220817,446799100,18.523,18.688,18.145,18.335,18.5794,18.4077,18.139999999999997,18.529769088794396,18.320351450970453,17.85289563757607,0.467455813394384,0.4630077670201052,52.77997782353872,71.52108474517738,69.13534003090837
20220818,415446600,18.301,18.865,18.183,18.773,18.7456,18.3635,18.17615,18.610846059196266,18.38998968928269,17.92105151627414,0.46893817300854934,0.464193848217794,54.64090079123553,75.67252644214008,71.3144021679856
20220819,441588300,18.406,18.52,17.77,17.849,18.573600000000003,18.2495,18.20265,18.356897372797512,18.30676050631612,17.9157143669205,0.3910461393956197,0.44956430645335915,45.899141036298154,65.81720342044311,69.48200258547143
20220822,409592700,17.49,17.558,16.966,17.034,18.174,18.1736,18.20315,17.91593158186501,18.110951197652103,17.850402191593055,0.2605490060590476,0.41176124637449685,40.613990941117265,44.909376135315085,61.29112710208598
20220823,369985800,16.9885,17.465,16.97,17.181,17.834400000000002,18.1831,18.23555,17.670954387910008,17.9678817826287,17.800816844067644,0.16706493856105809,0.3628219848118091,38.92339544513458,33.200123974953755,51.9274593930419
20220824,522660700,17.012,17.406,16.895,17.222,17.6118,18.095599999999997,18.207150000000002,17.52130292527334,17.853130739147364,17.757941522284856,0.09518921686250792,0.30929543122194886,36.61877266013162,26.93729434381376,43.59740437663251
20220825,770691300,16.844,17.947,16.833,17.913,17.4398,18.0927,18.2036,17.651868616848894,17.862341394663154,17.769427335448942,0.09291405921421259,0.2660191568204016,43.200202224469166,33.40221167322462,40.19900680882988
20220826,769127400,17.857,17.924,16.237,16.26,17.122,17.8478,18.108449999999998,17.187912411232595,17.615827333945745,17.657617903193465,-0.041790569247719844,0.20445721160677735,40.84119966543197,22.532053909516392,34.31002250905872
20220829,496131900,16.02,16.338,15.767,15.801,16.8754,17.524700000000003,17.97645,16.725608274155064,17.33662312872332,17.52009065110506,-0.1834675223817399,0.1268722648090739,42.08841275704964,15.38719668854784,28.002413902221758
20220830,530180700,15.96,16.039,15.182,15.468,16.5328,17.183600000000002,17.82355,16.30640551610338,17.049142647381274,17.36808393620839,-0.3189412888271157,0.03770955408183599,32.339110573693404,12.84660067045374,22.950476158299082
20220831,573709900,15.384,15.54,14.9585,15.094,16.1072,16.8595,17.6336,15.902270344068919,16.748351470861078,17.199633274267025,-0.4512818034059478,-0.06008871741572078,31.414774210388927,9.832592688066063,18.577848334888074
20220901,1178865000,14.209,14.38,13.2702,13.937,15.312000000000001,16.3759,17.3697,15.247180229379278,16.315835859959375,16.957956735432433,-0.6421208754730579,-0.1764951490271882,20.367610531544955,11.307599139518087,16.15443193643141
20220902,743157500,14.1,14.171,13.591,13.647,14.7894,15.955700000000002,17.102600000000002,14.713786819586186,15.905245727657933,16.712700680955955,-0.8074549532980217,-0.30268710988135494,16.42349420127198,10.223996415739844,14.177620096200886
20220906,535751200,13.731,13.779,13.351,13.465,14.3222,15.5988,16.8862,14.297524546390791,15.52982330801825,16.472130260144404,-0.9423069521261542,-0.4306110783303148,16.364314115308147,8.204411340679105,12.186550511026958
20220907,512657500,13.563,13.838,13.346,13.714,13.9714,15.252100000000002,16.717599999999997,14.10301636426053,15.250465876015442,16.267824314948523,-1.0173584389330816,-0.5479605504508682,20.198632787308142,8.63273904636903,11.001946689474314
20220908,624873100,13.459,14.008,13.369,13.99,13.7506,14.928900000000002,16.51225,14.065344242840354,15.056548048936143,16.0990965879153,-1.0425485389791582,-0.6468781481565262,18.495586879199067,10.910802781095331,10.97156538668132
20220909,487128400,14.157,14.474,14.126,14.387,13.8406,14.5763,16.3345,14.172562828560238,14.953540656792121,15.972274618440094,-1.018733961647973,-0.7212493108548156,25.495469988674998,19.408514412465877,13.783881728609504
20220912,484159200,14.369,14.547,14.198,14.505,14.012200000000002,14.4008,16.124299999999998,14.28337521904016,14.884534401901025,15.863587609666755,-0.9790532077657303,-0.7728100902369985,30.1397832574211,27.80465537542991,18.457472944216306
20220913,714955600,13.802,13.922,13.099,13.131,13.945400000000001,14.133799999999999,15.829250000000002,13.899250146026773,14.614759878531636,15.661173712654403,-1.0464138341227667,-0.8275308390141523,23.334211219383718,18.973416296988777,18.62945406180713
20220914,588506500,13.254,13.29,12.913,13.128,13.8282,13.899799999999999,15.5417,13.64216676401785,14.386027589526769,15.473531215420744,-1.0875036258939748,-0.8795253963901167,22.90894653255691,17.034909110273215,18.097939077962494
20220915,523625200,13.0152,13.233,12.79,12.929,13.616000000000003,13.6833,15.271400000000003,13.404444509345234,14.161869498830342,15.285047421685874,-1.1231779228555325,-0.9282559016831999,14.72253680634202,13.993676838076299,16.729851664667095
20220916,670751400,12.7415,13.212,12.617,13.198,13.378200000000001,13.609399999999999,14.992650000000001,13.335629672896824,14.013581883625674,15.130451316375808,-1.1168694327501338,-0.9659786078965867,23.045774647887328,19.36366020638592,17.607787845240036
20220919,569685300,13.012,13.463,13.01,13.382,13.1536,13.5829,14.769300000000001,13.351086448597883,13.916415439990955,15.000936404051673,-1.0845209640607187,-0.9896870791294132,27.62257169287696,26.121542037417882,20.445705909299317
20220920,524817800,13.2145,13.4828,13.057,13.176,13.162600000000001,13.553999999999998,14.576400000000001,13.292724299065256,13.802505372300038,14.865755929677476,-1.0632505573774385,-1.0043997747790183,28.28723001136794,27.06893821492797,22.653450011175536
20220921,807679400,13.213,14.031,13.11,13.261,13.1892,13.5087,14.3804,13.282149532710172,13.719196853484647,14.746885120071736,-1.0276882665870897,-1.0090574731406328,31.629585087191813,29.16858402584142,24.825161349397497
20220922,759162200,13.07,13.149,12.428,12.561,13.1156,13.365800000000002,14.14735,13.041766355140116,13.541012722179316,14.584967703770126,-1.0439549815908098,-1.0160369748306681,34.81906443071492,21.537904530677338,23.729409076490775
20220923,663309300,12.42,12.611,12.257,12.516,12.9792,13.178700000000001,13.877500000000001,12.866510903426743,13.383318457228652,14.431710836824191,-1.0483923795955388,-1.0225080557836423,36.80895731280616,19.225194527403836,22.22800422679513
20220926,547342700,12.491,12.659,12.214,12.228,12.7484,12.950999999999999,13.675900000000002,12.653673935617828,13.20557715611655,14.268472997059435,-1.0628958409428844,-1.0305856128154909,35.92078306396539,13.073629960114744,19.176546137901667
20220927,553854100,12.507,12.736,12.258,12.413,12.5958,12.8792,13.506499999999999,12.573449290411887,13.083642209021697,14.13103055283281,-1.0473883438111127,-1.0339461590146153,34.973434973434976,12.366459599166568,16.906517291656634
20220928,542413900,12.41,12.823,12.3539,12.736,12.490800000000002,12.84,13.369900000000001,12.627632860274591,13.030158792249129,14.027694956326677,-0.9975361640775482,-1.026664160027202,35.67184643510055,17.82053094539925,17.21118850957084
20220929,532763100,12.448,12.5,11.946,12.22,12.4226,12.769099999999998,13.2262,12.49175524018306,12.905518978056955,13.893791626228404,-0.9882726481714492,-1.0189858576560513,25.89543937708565,16.260849567116697,16.894408862086124
20220930,565638400,12.087,12.633,12.075,12.139,12.347199999999999,12.6632,13.1363,12.374170160122041,12.787592981432809,13.763807061322597,-0.9762140798897878,-1.0104315021027985,23.463436518618195,13.926097952817997,15.904971892330082
20221003,547478500,12.347,12.678,12.105,12.512,12.404,12.5762,13.079550000000001,12.420113440081362,12.745194061212377,13.671080612335738,-0.9258865511233605,-0.993522511906911,41.04715070870698,18.332826293085706,16.714256692581955
20221004,584181700,12.879,13.22,12.879,13.167,12.5548,12.575300000000002,13.06465,12.66907562672091,12.81008728256432,13.633741307718276,-0.8236540251539566,-0.9595488145563201,50.4745680214164,44.16850899915811,25.865674128107337
20221005,507130700,12.9107,13.321,12.621,13.209,12.6494,12.5701,13.0394,12.849050417813942,12.871458469862118,13.602278988628033,-0.7308205187659151,-0.9138031553982392,53.542510121457475,60.06385448428722,37.2650675801673
20221006,644156900,13.22,13.656,13.103,13.13,12.831399999999999,12.627,12.9964,12.94270027854263,12.91123408988333,13.567295359840772,-0.6560612699574424,-0.8622547783100799,49.09622541201489,63.122491683481925,45.88420894793884
20221007,672478200,12.505,12.67,12.022,12.076,12.818800000000001,12.583,12.88085,12.653800185695086,12.782736537593587,13.456829036889603,-0.674092499296016,-0.8246223225072672,35.90241796200347,44.615774182750144,45.4613973595426
20221010,698699300,12.037,12.1243,11.4081,11.67,12.650400000000001,12.5272,12.739099999999999,12.32586679046339,12.611546301040729,13.324471330453337,-0.7129250294126077,-0.8022828638883354,34.41639072847683,33.62747417156874,41.51675629688465
20221011,667481600,11.561,11.846,11.283,11.586,12.3342,12.444500000000001,12.66185,12.079244526975595,12.453769947034463,13.195695676345682,-0.7419257293112196,-0.7902114369729123,32.664044711239924,26.67453187501971,36.569348156263004
20221012,492590200,11.579,11.735,11.345,11.5,11.9924,12.3209,12.58045,11.88616301798373,12.307036109029161,13.070088589208964,-0.7630524801798035,-0.7847796456142906,37.419966801043394,20.831202174300262,31.323299495608754
20221013,850103000,10.971,12.078,10.813,11.96,11.7584,12.294900000000002,12.532,11.910775345322488,12.25364593840929,12.987859804823115,-0.7342138664138247,-0.7746664897741975,43.99827288428326,27.335703548255516,29.99410084649101
20221014,713432000,12.057,12.111,11.204,11.227,11.588600000000001,12.2037,12.43345,11.682850230214992,12.095700409423245,12.857425745206589,-0.7617253357833444,-0.7720782589760269,40.14181603309042,23.07782980131092,27.68867716476431
20221017,580774200,11.518,11.948,11.517,11.888,11.632200000000001,12.1413,12.35875,11.751233486809994,12.063746500281207,12.785616430746842,-0.7218699304656351,-0.7620365932739486,45.27282549972988,27.989276615107727,27.78887698154545
20221018,659362100,12.344,12.492,11.618,11.967,11.708400000000001,12.0213,12.298300000000001,11.823155657873329,12.048862423314867,12.724978176617446,-0.6761157533025788,-0.7448524252796747,42.757581465436054,32.18982610311907,29.255860022069985
20221019,523130600,11.879,12.35,11.834,12.051,11.8186,11.9055,12.237800000000002,11.899103771915552,12.049191281266427,12.675053867238377,-0.6258625859719498,-0.7210544574181297,48.26737748615952,43.682106290968264,34.064608778369404
20221020,652397600,12.113,12.769,12.105,12.194,11.865400000000001,11.8119,12.21945,11.997402514610368,12.071469545686977,12.639420247442942,-0.5679507017559651,-0.6904337062856969,50.55679287305124,52.65582818852555,40.26168191508812
20221021,609494400,12.0982,12.498,11.887,12.466,12.1132,11.8509,12.21695,12.153601676406913,12.132166538658211,12.626574303187908,-0.49440776452969715,-0.651228517934497,49.52459694088465,63.27361961034626,47.9323278135075
20221024,517457400,12.508,12.71,12.064,12.599,12.2554,11.9438,12.2355,12.302067784271276,12.203987071172332,12.624531762211026,-0.4205446910386943,-0.6050917525553365,43.419833178869325,72.61867755890842,56.16111106197447
20221025,505482300,12.6935,13.3,12.664,13.261,12.514199999999999,12.1113,12.277899999999999,12.621711856180852,12.366604444838126,12.671677557602802,-0.30507311276467597,-0.5450880245972044,50.52674230145866,81.2230669049739,64.51509634297427
20221026,535533300,12.869,13.388,12.708,12.896,12.6832,12.2509,12.285900000000002,12.713141237453904,12.448049914863029,12.688294034817408,-0.24024411995437944,-0.48411924366863945,47.759479126771346,79.97288709415844,69.66769326003566
20221027,583113100,13.63,13.838,13.122,13.176,12.8796,12.372499999999999,12.3337,12.867427491635937,12.56004223565333,12.724420402608711,-0.16437816695538032,-0.4201710283259877,62.365107913669064,77.14119515885157,72.15886055964096
20221028,521039900,13.104,13.85,13.061,13.834,13.153200000000002,12.6332,12.41845,13.189618327757291,12.756035737860511,12.806611483896955,-0.05057574603644355,-0.3462519718680789,73.0212765957447,84.5218481465223,76.27985642193474
20221031,486341000,13.778,13.838,13.297,13.497,13.3328,12.7941,12.467699999999999,13.292078885171527,12.870030239728125,12.857751373978662,0.012278865749463463,-0.27454580434457043,69.29133858267717,83.84459188604131,78.80143490997025
20221101,432816900,13.811,13.925,13.519,13.543,13.389199999999999,12.951699999999999,12.4865,13.37571925678102,12.973564049000721,12.908510531461724,0.06505351753899724,-0.20662593996785691,70.79177691837981,82.98177241208771,80.1948807440094
20221102,672627800,13.85,14.21,13.2112,13.219,13.453800000000001,13.0685,12.486999999999998,13.32347950452068,13.011323426077533,12.931509751353449,0.0798136747240843,-0.14933801702946867,63.1777266066569,74.43439727745147,78.27471958849009
20221103,500064900,13.043,13.781,12.956,13.421,13.502799999999999,13.1912,12.50155,13.35598633634712,13.074350591296374,12.96776828829023,0.10658230300614413,-0.09815395302234611,75.83608101742819,70.70090604455135,75.75011507384383
20221104,612575900,13.986,14.229,13.697,14.156,13.5672,13.3602,12.60555,13.622657557564747,13.240758192635393,13.055785452120585,0.18497274051480872,-0.04152861431491515,76.25000000000003,78.9124251159629,76.80421842121686
20221107,410061000,14.228,14.412,13.954,14.301,13.728,13.5304,12.7371,13.848771705043164,13.403872316845332,13.148023566778319,0.25584875006701324,0.017946858561470533,76.6073871409029,83.77025524162784,79.12623069468718
20221108,595292000,14.801,14.891,14.216,14.602,13.9398,13.6645,12.887899999999998,14.09984780336211,13.58819965271528,13.25572552479474,0.3324741279205412,0.08085231243328467,77.71018900716926,84.20170332215326,80.81805490384254
20221109,454413700,14.1615,14.211,13.759,13.776,14.0512,13.752500000000001,13.0017,13.991898535574741,13.617092013836007,13.294264374809945,0.3228276390260625,0.12924737775184025,64.96405599697314,70.2602225420729,77.29877744991931
20221110,700819300,14.8,15.773,14.547,15.75,14.517,14.009899999999998,13.1912,14.577932357049828,13.945231704015084,13.476170717416615,0.4690609865984694,0.19721009952116608,73.4974241556955,79.90132455354853,78.16629315112905
20221111,655487500,15.8075,16.389,15.482,16.327,14.9512,14.259199999999998,13.4462,15.160954904699887,14.311657595705071,13.687343256867237,0.6243143388378343,0.28263094738449973,75.08073196986008,85.99888284150543,80.77715638125451
20221114,527852500,16.218,16.54,15.922,16.295,15.35,14.539000000000001,13.66655,15.538969936466593,14.61678719636583,13.880503015617812,0.7362841807480187,0.37336159405720354,72.30226403998826,88.38727606100363,83.31386294117088
20221115,545875500,16.7215,16.998,16.382,16.666,15.762800000000002,14.8513,13.901499999999999,15.914646624311063,14.932050704617241,14.086836125572049,0.8452145790451926,0.46773219105480135,77.68801410105758,89.52026551848533,85.3826638002757
20221116,649546800,16.1615,16.362,15.873,15.91,16.189600000000002,15.1204,14.09445,15.913097749540709,15.082504442368435,14.221885301455602,0.8606191409128332,0.5463095810264078,68.76716090060405,82.02694061931133,84.26408940662091
20221117,710893600,15.715,16.266,15.535,15.677,16.175,15.345999999999998,14.268600000000001,15.834398499693808,15.173965297388676,14.329671575421854,0.8442937219668227,0.6059064092144908,63.43490304709141,74.42322952885651,80.98380278069943
20221118,492071700,15.966,16.002,15.12,15.409,15.991400000000002,15.471300000000003,14.41575,15.692598999795873,15.210124482405803,14.40962182909431,0.8005026533114936,0.6448256580338914,64.07952871870398,66.59603590490197,76.18788048876695
20221121,404739300,15.147,15.477,15.08,15.317,15.7958,15.5729,14.55165,15.56739933319725,15.226566869727986,14.476835026939176,0.74973184278881,0.6658068949848751,62.97542422469281,60.43111254419624,70.93562450724338
20221122,472866100,15.328,16.0576,15.1216,16.038,15.6702,15.7165,14.6905,15.7242662221315,15.35140273592368,14.592476876795534,0.758925859128146,0.6844306878135293,69.48707313701092,60.56484614329524,67.47869838592732
20221123,427240900,16.098,16.527,16.048,16.519,15.792000000000002,15.990800000000002,14.871649999999999,15.989177481421,15.531033084243113,14.735182293329197,0.7958507909139154,0.7067147084336066,70.62034078807241,65.38525370275985,66.78088349153816
20221125,167934300,16.318,16.487,16.172,16.27,15.910599999999999,16.042800000000003,15.026349999999999,16.082784987614,15.644720302051866,14.84887249382333,0.795847808228535,0.7245413283925923,65.04412183319101,64.27143434198587,65.94440044168739
20221128,304152000,16.026,16.357,15.725,15.827,15.994199999999998,15.992799999999999,15.126,15.997523325076001,15.672763332505426,14.92132638316975,0.751436949335675,0.7299204525812089,60.417804478427094,55.82989609590854,62.57289899309444
20221129,298384500,15.827,15.932,15.52,15.639,16.058600000000002,15.9272,15.233099999999999,15.878015550050668,15.667568973658437,14.974487391823844,0.6930815818345923,0.7225526784318856,57.190403550131734,50.097147961658415,58.414315315949096
20221130,565298200,15.697,16.93,15.597,16.923,16.235599999999998,15.9529,15.402099999999999,16.22634370003378,15.860712208480216,15.118821659096152,0.7418905493840633,0.7264202526223212,70.51766853566306,66.60530584831278,61.14464549340366
20221201,470976600,16.999,17.265,16.635,17.135,16.3588,16.075400000000002,15.5979,16.529229133355855,16.056756484098646,15.268168202866807,0.7885882812318386,0.7388538583442247,61.723379041814816,75.7536516486845,66.0143142118306
20221202,371388600,16.659,16.9326,16.445,16.876,16.48,16.195299999999996,15.77065,16.64481942223724,16.182793948083468,15.387266854506304,0.7955270935771637,0.7501885053908125,54.91143317230273,77.90136654534726,69.97666498966947
20221205,352255200,16.679,16.995,16.472,16.61,16.6366,16.3154,15.893349999999998,16.63321294815816,16.248517956070625,15.477839680098429,0.7706782759721964,0.7542864595070893,52.704791344667676,75.08126933945982,71.67819977293291
20221206,352694300,16.53,16.573,15.819,15.987,16.7062,16.382399999999997,15.97765,16.41780863210544,16.208284424367452,15.515555259350396,0.692729165017056,0.7419750006090826,44.41152263374485,58.974905443116484,67.44376832966077
20221207,372387600,15.772,16.186,15.667,16.12,16.5456,16.3906,16.05355,16.318539088070295,16.194702205233998,15.56032894384296,0.6343732613910387,0.7204546527654738,51.925898752751294,50.77792168032027,61.88848611321393
20221208,515455500,16.273,17.179,15.959,17.169,16.5524,16.4556,16.2232,16.60202605871353,16.344594173659537,15.679489762817555,0.6651044108419821,0.7093846043807756,61.90172303765157,65.35147023196136,63.042814152796396
20221209,465338200,17.16,17.583,16.975,17.001,16.5774,16.528699999999997,16.28575,16.73501737247569,16.445579685404226,15.777379410016255,0.6682002753879708,0.7011477385822146,62.905317769131,67.49719925304133,64.52760918621136
20221212,457327800,17.037,17.538,16.797,17.535,16.7624,16.6995,16.34615,17.001678248317127,16.613182810726652,15.90757352779283,0.705609282933823,0.7020400474525362,66.77760968229956,77.52582669235991,68.86034835492754
20221213,656588800,18.531,18.79,17.711,18.072,17.1794,16.9428,16.435,17.35845216554475,16.837616224461012,16.067901414622987,0.7697148098380246,0.7155749999296339,65.82633053221288,77.35364644257444,71.6914477174765
20221214,496888100,17.987,18.252,17.42,17.674,17.490199999999998,17.0179,16.485400000000002,17.463634777029835,16.96629065146701,16.18687168020647,0.7794189712605402,0.7283437941958152,59.10452467286774,72.99080752271533,72.12456765255611
20221215,478542100,17.146,17.32,16.7,16.952,17.446800000000003,16.999599999999997,16.5375,17.293089851353226,16.964092089702852,16.24354785204303,0.7205442376598228,0.7267838828886168,55.00293427230049,62.37598289965633,68.87503940158952
20221216,478231900,16.8642,17.041,16.41,16.571,17.3608,16.969100000000005,16.5822,17.05239323423549,16.90361638359472,16.267803566706508,0.6358128168882118,0.7085896696885359,55.507847201658294,51.23283052526989,62.99430310948297
20221219,354038800,16.572,16.609,16.145,16.254,17.1046,16.933500000000002,16.624450000000003,16.786262156156994,16.803675401503224,16.266781080283803,0.536894321219421,0.6742505999947129,54.467528693883494,40.42056350313116,55.46972324069903
20221220,403259800,16.064,16.31,15.852,16.085,16.7072,16.9433,16.66285,16.552508104104664,16.69310995511811,16.253315815077595,0.4397941400405152,0.6273593080038734,42.735783633841905,29.590564005491125,46.84333682896306
20221221,325025400,16.114,16.627,16.102,16.501,16.4726,16.9814,16.686,16.535338736069775,16.66355457740763,16.271662791738514,0.39189178566911664,0.5802658035369221,44.69189551239115,27.09032835219718,40.259000670041104
20221222,565045300,16.0935,16.138,14.882,15.339,16.15,16.7984,16.627000000000002,16.13655915737985,16.459776950114147,16.202576659017144,0.2572002910970035,0.5156527010489385,38.82181818181818,21.958205936606383,34.1587357588962
20221223,349325600,15.196,15.339,14.883,15.206,15.877,16.6189,16.5738,15.826372771586566,16.266888188558124,16.128756165756613,0.1381320228015106,0.4401485653994529,39.587659448234945,17.402365881995518,28.573279133262638
20221227,464902300,15.074,15.1,14.056,14.121,15.450399999999998,16.2775,16.488500000000002,15.257915181057712,15.936751544164567,15.980033486811678,-0.04328194264711094,0.34346246379014017,37.04886174347585,12.117942046528956,23.088166771018074
20221228,351066500,13.927,14.262,13.884,14.036,15.040600000000001,15.873900000000003,16.408350000000002,14.850610120705142,15.64432822967771,15.83603100630711,-0.19170277662940016,0.2364294157062321,35.43879262157628,9.553210879292482,18.576514807109543
20221229,354923200,14.402,14.683,14.227,14.603,14.661000000000001,15.5668,16.292350000000003,14.768073413803428,15.48412388665037,15.744695376210288,-0.2605714895599185,0.13702923465300199,30.776146239136935,13.960402649335094,17.03781075451806
20221230,310489800,14.334,14.629,14.233,14.614,14.516,15.333000000000002,16.1663,14.716715609202286,15.350258673319544,15.660940163157674,-0.3106814898381298,0.047487089754775634,31.68635875402792,18.178000842660396,17.41787411723217
20230103,401276600,14.851,14.996,14.096,14.315,14.337799999999998,15.107400000000002,16.038249999999998,14.582810406134858,15.190988108193462,15.56124089181266,-0.37025278361919867,-0.03606088492001923,24.37121935689271,17.356241660327484,17.397329964930606
20230104,431323600,14.567,14.853,14.241,14.749,14.463400000000002,14.9569,15.9452,14.638206937423238,15.12298993770216,15.501074899826538,-0.3780849621243778,-0.10446570036089095,23.11053568538601,22.08243307188682,18.959031000582677
20230105,389168100,14.491,14.564,14.148,14.265,14.509200000000002,14.774899999999999,15.859100000000002,14.513804624948826,14.99099148574798,15.409513796135682,-0.4185223103877025,-0.16727702236625328,22.793296089385507,20.35604973204167,19.424703911069006
20230106,405043600,14.474,15.01,14.034,14.859,14.560400000000001,14.6107,15.79605,14.628869749965885,14.970685103325213,15.368734996421928,-0.3980498930967151,-0.21343159651234567,32.94769431318234,35.907469580811274,24.918959134316427
20230109,504230600,15.284,16.056,15.141,15.628,14.763200000000001,14.639599999999998,15.719000000000003,14.961913166643924,15.071810472044412,15.387939811501786,-0.3161293394573743,-0.23397114510135142,42.77394636015325,50.70319948726889,33.51370591863392
20230110,384101300,15.507,15.962,15.472,15.909,15.081999999999999,14.7099,15.6644,15.277608777762616,15.200608860960656,15.426536862501655,-0.22592800154099812,-0.23236251638928077,47.3416551086454,64.87948105781092,43.96896429835958
20230111,353284900,15.8395,16.028,15.563,16.001,15.332400000000002,14.897899999999998,15.587700000000002,15.518739185175079,15.323745959274403,15.469089687501533,-0.1453437282271306,-0.21495875875685072,49.34497816593887,75.67962766201572,54.53918541957829
20230112,551409100,16.1,16.637,15.492,16.511,15.781600000000001,15.145399999999999,15.509650000000002,15.84949279011672,15.50640042707834,15.546268229168085,-0.03986780208974494,-0.1799405674234296,50.07685213648937,82.1728955831033,63.75042214075329
20230113,447287100,16.278,16.922,16.165,16.899,16.1896,15.375,15.4709,16.19932852674448,15.720646515220135,15.64647058256304,0.07417593265709499,-0.12911726740732468,63.60781577110955,87.84979742474661,71.78354723541773
20230117,511102200,16.899,17.728,16.899,17.702,16.6044,15.683800000000002,15.5084,16.700219017829657,16.02547012826319,15.798732020891704,0.22673810737148692,-0.057946192451562364,69.49390815370197,91.66525025934199,78.41078157672581
20230118,439623600,17.667,17.873,17.282,17.377,16.898000000000003,15.99,15.548700000000002,16.925812678553104,16.233397800838084,15.91564076008491,0.31775704075317357,0.017194454189384825,78.85501595179008,90.13682308684793,82.31946208009984
20230119,452931600,17.036,17.197,16.731,16.765,17.050800000000002,16.1916,15.574250000000001,16.87220845236874,16.315182754555302,15.97855625933788,0.3366264952174216,0.08108086239499218,72.1186578051548,83.80398781460609,82.81430399160192
20230120,564967100,17.011,17.856,16.825,17.839,17.3164,16.549,15.661950000000001,17.19447230157916,16.54961617693141,16.116366906794333,0.43324927013707537,0.15151454394340882,74.23606950269621,88.7878220374582,84.80547667355401
20230123,655162600,18.064,19.245,17.8175,19.193,17.7752,16.9824,15.79655,17.860648201052776,16.956290611249656,16.344265654439198,0.6120249568104583,0.24361662651681873,78.55094151390446,92.0658101506016,87.22558783256987
20230124,496204100,18.827,19.495,18.82,19.265,18.0878,17.3461,15.992849999999999,18.32876546736852,17.311476671057402,16.56061634670296,0.7508603243544414,0.3450653660843433,81.76334702258725,92.79530985641739,89.08216184051903
20230125,449537100,18.9125,19.37,18.58,19.323,18.476999999999997,17.6875,16.198700000000002,18.66017697824568,17.620941798587033,16.765237358058297,0.8557044405287364,0.4471931809732219,80.83872707659114,93.76461409863248,90.64297925989018
20230126,489535400,19.701,20.166,19.278,19.802,19.0844,18.067600000000002,16.48275,19.040784652163786,17.956489214189027,16.990182738942867,0.9663064752461601,0.5510158398278096,87.35663203346375,92.81050087621904,91.36548646533313
20230127,542142000,19.462,20.628,19.405,20.365,19.589599999999997,18.453,16.7992,19.48218976810919,18.327029335083022,17.240169202724875,1.0868601323581473,0.658184698333877,87.30352303523034,92.95740687958694,91.89612660341774
20230130,488611200,19.95,20.14,19.15,19.162,19.5834,18.6793,17.02715,19.375459845406127,18.455486360454863,17.38252703956007,1.0729593208947925,0.7411396228460602,72.61325825441514,82.76537757415964,88.85254359366505
20230131,498016600,19.1695,19.687,18.95,19.537,19.6378,18.8628,17.2733,19.429306563604086,18.621873074231036,17.542117629222286,1.0797554450087503,0.8088627872785983,72.9387961557916,79.17828695688992,85.62779138140667
20230201,660477000,19.691,21.192,19.611,20.943,19.9618,19.2194,17.6047,19.933871042402725,18.97896952434934,17.794034841872485,1.1849346824768539,0.8840771663182494,76.79462155714594,84.21823969784572,85.15794082021968
20230202,564275800,21.0,21.949,20.7,21.709,20.3432,19.7138,17.9527,20.52558069493515,19.39897421291098,18.08403226099304,1.3149419519179375,0.9702501234381871,77.42139691918126,87.54248373256678,85.9527884576687
20230203,429366000,21.0,21.745,20.789,21.1,20.4902,20.0399,18.29445,20.717053796623436,19.66067048784775,18.30743727869726,1.3532332091504884,1.0468467405806474,71.65687184245799,83.29487042545117,85.06681578026286
20230206,452197100,20.806,21.57,20.786,21.089,20.8756,20.2295,18.60595,20.841035864415623,19.880413489717327,18.51347896175672,1.3669345279606055,1.1108642980566392,69.01313573593801,80.35429276013552,83.49597477355374
20230207,664149600,21.382,22.259,21.15,22.173,21.402800000000003,20.5203,18.9332,21.285023909610416,20.23311910668389,18.784554594219184,1.4485645124647064,1.1784043409382527,74.80860749017174,86.0365376736755,84.34282907359432
20230208,559651200,22.387,22.878,22.008,22.205,21.655199999999997,20.808500000000002,19.247999999999998,21.591682606406945,20.536485397963293,19.03792092057332,1.498564477389973,1.2424363682285968,79.93616552938586,84.97989137511834,84.55518317410232
20230209,523875800,22.606,23.02,22.12,22.337,21.7808,21.061999999999998,19.564799999999998,21.840121737604633,20.81348764443048,19.282297148679,1.5311904957514813,1.3001871937331737,77.61542239685657,84.39281865630329,84.50106166816931
20230210,550736800,21.69,22.0776,20.811,21.265,21.813799999999997,21.152,19.8025,21.648414491736425,20.882951083748868,19.429164026554627,1.4537870571942406,1.330907166425387,63.17730857288221,75.22174806407116,81.40795713346992
20230213,474918600,21.538,22.048,20.962,21.788,21.9536,21.4146,20.04695,21.69494299449095,21.022189378556735,19.60389261718021,1.4182967613765243,1.3483850854156145,65.17502706604114,71.43462191266619,78.08351205986867
20230214,675473500,21.578,23.0488,21.366,22.971,22.1132,21.758,20.310399999999998,22.120295329660635,21.32200639724031,19.853307978870564,1.4686984183697476,1.3724477520064413,69.32612841703751,79.8523047083533,78.67310960936354
20230215,421188300,22.549,22.855,22.106,22.764,22.225,21.9401,20.579749999999997,22.33486355310709,21.543851566895647,20.068914795250524,1.4749367716451225,1.3929455559341775,66.15753873008947,82.37281099937005,79.90634340603236
20230216,412026300,22.133,22.55,21.9268,22.002,22.158,21.9694,20.8416,22.22390903540473,21.614335941219394,20.212106291898635,1.402229649320759,1.3948023746114937,58.739989321943405,72.8281175915899,77.54693480121821
20230217,465887600,21.631,21.74,20.975,21.388,22.1826,21.998199999999997,21.01905,21.945272690269825,21.579515027185643,20.299209529535776,1.2803054976498665,1.3719029992191683,62.6823154056518,57.14682919130692,70.74689959791445
20230221,410014600,21.0,21.4938,20.618,20.655,21.956,21.9548,21.09215,21.515181793513218,21.43728194608016,20.325564379199793,1.1117175668803654,1.3198659127514079,56.11999124151524,38.60526367128215,60.03302095570368
20230222,513184300,20.707,21.104,20.421,20.754,21.5126,21.8129,21.1666,21.261454529008812,21.33216164668321,20.35730035111092,0.9748612955722926,1.2508649893155848,48.7926408585665,29.96090820595056,50.00898337245263
20230223,1117995000,23.44,23.888,23.025,23.664,21.692600000000002,21.9588,21.38365,22.06230301933921,21.69090600873195,20.602241065843444,1.0886649428885065,1.2184249800301692,59.80342994684587,51.153633064134326,50.390533269679864
20230224,589715900,23.225,23.474,22.947,23.286,21.9494,22.0537,21.557850000000002,22.47020201289281,21.93630508431165,20.801038023929113,1.1352670603825352,1.2017933961006424,61.2217659137577,61.647850366955815,54.14297230210518
20230227,452993700,23.67,23.8799,23.454,23.501,22.372000000000003,22.2773,21.71465,22.813801341928542,22.177027379032936,21.001035207341772,1.1759921716911634,1.1966331512187467,62.12791633145616,70.71110416733694,59.6656829238491
20230228,455962800,23.372,23.825,23.206,23.216,22.884200000000003,22.4201,21.91735,22.947867561285697,22.33686932072018,21.165106673464603,1.1717626472555764,1.1916590504261126,55.70256971022418,74.01315222539316,64.44817269103045
20230301,460025600,23.192,23.2556,22.508,22.698,23.273000000000003,22.3928,22.0754,22.864578374190465,22.39242788676323,21.27865432728204,1.1137735594811886,1.1760819522371277,52.559443463814766,71.23422724073417,66.71019087426502
20230302,390074700,22.488,23.3804,22.432,23.314,23.203000000000003,22.4478,22.19395,23.014385582793643,22.534208211876578,21.429420673409297,1.1047875384672814,1.1618230694831586,54.8294611962432,75.30411803550146,69.57483326134383
20230303,412393300,23.32,23.9,23.13,23.89,23.3238,22.636599999999998,22.303,23.306257055195765,22.742791563895565,21.611685808712313,1.1311057551832526,1.1556796066231776,63.644869529057075,83.44026571725777,74.19664407998181
20230306,437429200,23.891,24.248,23.487,23.554,23.3344,22.8532,22.4257,23.38883803679718,22.86759286175779,21.755560933992882,1.1120319277649067,1.1469500708515235,59.36174724342662,82.91540752546736,77.10289856181032
20230307,515153900,23.6,24.125,23.241,23.288,23.3488,23.116500000000002,22.535649999999997,23.35522535786479,22.932270883025822,21.8690749388823,1.0631959441435228,1.1301992455099232,51.861421021726365,70.98912630919557,75.0649744776054
20230308,513573400,23.487,24.2,23.4235,24.181,23.645400000000002,23.459200000000003,22.63605,23.63048357190986,23.124383054868,22.040328647113242,1.0840544077547598,1.1209702779588906,57.70024997282905,79.42960843520527,76.51985246347202
20230309,501257000,24.175,24.454,23.3828,23.436,23.669800000000002,23.4364,22.6976,23.565655714606574,23.17232412334985,22.143711710290038,1.028612413059811,1.1024987049790749,57.80705574912892,69.50434166039732,74.18134886244712
20230310,474865700,23.409,23.627,22.726,22.965,23.4848,23.4043,22.729000000000003,23.36543714307105,23.140428104372948,22.204547879898183,0.935880224474765,1.069175008878213,58.72138037827673,55.12290762852734,67.82853511780719
20230313,421890300,22.752,23.298,22.297,22.966,23.367200000000004,23.3508,22.81405,23.232291428714035,23.113593011392496,22.260951740646465,0.8526412707460302,1.0258682612517767,63.90660729329642,47.08703809449342,60.9147027767026
20230314,474910100,23.496,24.219,23.46,24.063,23.522199999999998,23.435499999999998,22.9278,23.509194285809357,23.259655625024422,22.394436796894876,0.8652188281295459,0.9937383746273305,67.77694208660147,58.6823493029894,60.17058495213153
20230315,524485700,23.761,24.286,23.36,24.228,23.5316,23.5885,22.990650000000002,23.748796190539572,23.408631682712972,22.530256293421182,0.87837538929179,0.9706657775602224,54.29747028345017,68.96239451291862,63.101188139060554
20230316,584946300,24.027,25.588,23.894,25.541,23.9526,23.8112,23.1295,24.346197460359715,23.736688346910977,22.753274345760353,0.9834140011506243,0.9732154222783028,65.03934907296251,78.83221722718832,68.3448645017698
20230317,848546600,25.982,26.399,25.668,25.725,24.5046,23.9947,23.315649999999998,24.80579830690648,24.042582447386213,22.973402172000327,1.069180275385886,0.9924083928998195,64.89418698098044,80.41114173020095,72.36695691124686
20230320,432747200,25.615,26.024,25.1298,25.9,25.0914,24.229300000000002,23.54125,25.17053220460432,24.32833899394218,23.1901871962966,1.1381517976455804,1.0215570738489717,68.24361065796626,82.88582860024121,75.87324747424498
20230321,547407800,26.18,26.392,25.381,26.199,25.5186,24.520400000000002,23.81845,25.51335480306955,24.61613299487415,23.413062218793144,1.203070776081006,1.0578598142953786,74.52711223203026,86.96532893193393,79.57060796014129
20230322,797295100,26.425,27.589,26.237,26.468,25.9666,24.7491,24.10415,25.831569868713036,24.901035611047355,23.639353906289948,1.2616817047574074,1.0986241923877844,73.22533136966126,84.24924675079293,81.13015422369183
20230323,564888800,27.1155,27.499,26.69,27.191,26.2966,25.1246,24.2805,26.284713245808693,25.253337824732377,23.902438802120322,1.3508990226120545,1.1490791584326385,73.79270578059678,86.99256913645706,83.0842925279469
20230324,455414100,27.031,27.167,26.355,26.779,26.5074,25.506,24.45515,26.449475497205796,25.48805508246586,24.115517409370668,1.3725376730951915,1.1937708613651492,72.9930129759019,84.94389136566201,83.70415880718527
20230327,361025700,26.837,27.0,26.365,26.531,26.6336,25.8625,24.606650000000002,26.47665033147053,25.64850814670188,24.29444204571358,1.3540661009882982,1.225829909289779,73.180843459614,81.62334934742408,83.01055565393153
20230328,356103800,26.447,26.513,25.85,26.41,26.6758,26.097200000000004,24.76635,26.454433554313688,25.765660739516974,24.45115004232739,1.3145106971895828,1.24356606686974,67.90936847179816,77.11290497766929,81.04467209517745
20230329,393693900,26.825,27.078,26.597,26.984,26.779000000000003,26.3728,24.98065,26.630955702875795,25.953097548822054,24.63876855771055,1.3143289911115055,1.2577186517180932,79.3126239259749,76.54143784457939,79.54359401164476
20230330,364515700,27.229,27.499,27.102,27.383,26.8174,26.557,25.1841,26.881637135250532,26.17308254131097,24.8420449608431,1.3310375804678678,1.2723824374680481,86.9397993311037,81.56872260555997,80.21863687628316
20230331,433932800,27.14,27.8343,27.105,27.777,27.017000000000003,26.762199999999996,25.37845,27.180091423500357,26.419839073416973,25.059449037817686,1.3603900355992877,1.2899839570942961,87.74517495684923,86.93393855031192,82.45707076762608
20230403,398715600,27.509,28.0,27.336,27.965,27.303800000000003,26.968700000000002,25.598999999999997,27.441727615666906,26.65755613904513,25.274675035016376,1.3828811040287547,1.3085633864811879,85.7064421669107,90.74665670795987,85.22026608107068
20230404,368591500,27.966,28.0,27.307,27.453,27.512400000000003,27.094099999999997,25.80725,27.44548507711127,26.77993211765357,25.436032439829976,1.3438996778235932,1.315630644749669,77.74909654104285,85.35048431693447,85.26367215969194
20230405,515014700,26.829,26.998,26.395,26.881,27.4918,27.135399999999997,25.94225,27.25732338474085,26.795481022629943,25.543067073916642,1.2524139487133006,1.3029873055423953,63.214990138067066,72.88481900198731,81.1373877737904
20230406,397654300,26.584,27.08,26.427,27.037,27.4226,27.119999999999997,26.122300000000003,27.183882256493902,26.83263778837918,25.65372877214504,1.1789090162341402,1.2781716476807445,63.010710035700114,66.99298010985197,76.42258521914425
20230410,395278600,26.823,27.621,26.669,27.579,27.383000000000003,27.2,26.352999999999998,27.315588170995937,26.94746274401315,25.796341455689852,1.1511212883232993,1.2527615758092554,65.5204289147717,71.46818829028891,74.77111957619246
20230411,314378200,27.7235,27.79,27.126,27.169,27.2238,27.263799999999996,26.563149999999997,27.26672544733063,26.98154539878036,25.898019866379492,1.0835255324008664,1.2189143671275777,58.78623188405797,63.7202252153328,71.08748812257257
20230412,446259000,27.37,27.468,26.4475,26.495,27.0322,27.2723,26.684749999999998,27.009483631553756,26.906692260506457,25.942240617018047,0.9644516434884096,1.168021822399744,50.227848101265835,44.55699334189375,62.24398986234629
20230413,353615300,26.734,26.8869,26.329,26.463,26.9486,27.2202,26.796499999999998,26.827322421035838,26.838431912736233,25.98081538612782,0.8576165266084139,1.105940763241478,43.04547191440582,32.37771229774765,52.288564007480076
20230414,395660100,26.504,26.883,26.22,26.758,26.8928,27.1577,26.857349999999997,26.804214947357224,26.826057772315274,26.038384616785017,0.787673155530257,1.042287241699234,49.79480164158686,31.660047898872964,45.41239197127771
20230417,321471300,26.5655,27.006,26.4332,27.002,26.7774,27.0802,26.9212,26.870143298238148,26.853125807343694,26.109763534060203,0.7433622732834912,0.9825022480160854,54.605906512810485,35.750893355802944,42.19189243278612
20230418,604811500,27.5335,28.11,27.357,27.667,26.877,27.050400000000003,27.00955,27.135762198825432,26.97833722159851,26.225114383389077,0.7532228382094353,0.9366463660547555,61.11012904366273,49.35421109081752,44.579331985463256
20230419,358660400,27.361,28.0,27.232,27.931,27.1642,27.0982,27.09615,27.400841465883623,27.12490072596797,26.35147628091581,0.7734244450521572,0.9040019818542359,58.855432953057786,63.07917423691188,50.74594606927946
20230420,427713300,27.671,28.03,27.0,27.104,27.292400000000004,27.1205,27.12795,27.301894310589084,27.121685229665204,26.40721877862575,0.7144664510394527,0.8660948756912793,47.58441558441559,57.64361174877018,53.04516796244303
20230421,345102800,26.952,27.183,26.722,27.119,27.364600000000003,27.128700000000002,27.12435,27.240929540392724,27.12127211740902,26.459943313542365,0.661328803866656,0.8251416613263547,43.90289103039287,54.28445368789265,53.458263204259566
20230424,339281900,27.013,27.366,26.671,27.042,27.3726,27.075,27.1375,27.17461969359515,27.1090764070384,26.503058623650336,0.6060177833880651,0.7813168857386968,41.267738883632944,50.686990289282974,52.534505565934026
20230425,378527200,27.078,27.247,26.225,26.241,27.087400000000002,26.9822,27.123,26.863413129063435,26.975526190570957,26.483646873750313,0.49187931682064345,0.7234293719550863,39.12809472551131,34.16169722989236,46.4102361205868
20230426,406336800,27.002,27.33,26.7051,26.956,26.8924,27.0283,27.150299999999998,26.894275419375624,26.97252216125235,26.518635994213252,0.4538861670390979,0.6695207309718887,50.655938429246106,35.75506446719456,42.85851223612272
20230427,377161200,27.363,27.495,26.625,27.226,26.916800000000002,27.104599999999998,27.1624,27.004850279583753,27.011518751828913,26.571033327975233,0.44048542385367995,0.6237136695482469,51.62064825930372,41.537859070083705,42.41829451410971
20230428,292216100,27.225,27.758,27.0715,27.749,27.0428,27.203699999999998,27.1807,27.25290018638917,27.124977405393697,26.658290118495586,0.4666872868981109,0.5923083930182198,51.46249139710942,54.64150816873836,46.49269906565259
20230501,570328500,27.84,29.0584,27.78,28.91,27.4164,27.3945,27.23735,27.805266790926115,27.399596266102357,26.82508344305147,0.5745128230508882,0.5887492790247535,63.263751333231745,68.01516417150262,53.66685410093593
20230502,402729600,28.68,28.836,28.083,28.21,27.8102,27.4488,27.249600000000004,27.94017786061741,27.52427376362507,26.927669854677287,0.5966039089477846,0.5903202050093598,63.01411443314614,68.69583448943214,58.67651423043466
20230503,383387400,27.84,28.367,27.472,27.802,27.9794,27.435899999999997,27.26705,27.894118573744944,27.56700087691352,26.992435050627115,0.5745658262864062,0.5871693292647691,59.61234745154342,64.34972763990423,60.56758536692452
20230504,321850400,27.651,27.859,27.24,27.562,28.0466,27.4817,27.301099999999998,27.78341238249663,27.566231511234516,27.034625046876958,0.5316064643575587,0.576056756283327,55.81765557163532,58.6288600962106,59.921343610019875
20230505,361494100,27.8255,28.755,27.731,28.68,28.232800000000005,27.6378,27.383250000000004,28.08227492166442,27.737580509506127,27.15650467303422,0.5810758364719071,0.577060572321043,60.778520041109964,67.96758010319832,62.60342244107935
20230508,344978900,28.522,29.22,28.35,29.151,28.281,27.8487,27.46185,28.43851661444295,27.9550296618898,27.304245067624276,0.6507845942655237,0.5918053767099392,59.77602108036889,77.7587335562748,67.65519281281117
20230509,314869500,28.899,28.973,28.45,28.571,28.353199999999998,28.0817,27.531950000000002,28.482677742961968,28.04979432929137,27.398078766318772,0.6517155629725977,0.6037874139624709,54.047558816089044,76.83594440039388,70.7154433420054
20230510,369350000,29.005,29.113,28.4613,28.885,28.569800000000004,28.2746,27.65145,28.616785161974647,28.17828750940039,27.508221079924787,0.6700664294756038,0.6170432170650976,62.04517787095904,79.3598717071589,73.59691946372322
20230511,322149000,28.896,28.95,28.246,28.578,28.773000000000003,28.4098,27.7572,28.603856774649767,28.23978173872341,27.58746396289332,0.6523177758300882,0.6240981288180958,59.492517891997394,75.43183366335847,74.20855753026831
20230512,274222300,28.529,28.78,28.046,28.34,28.705000000000002,28.468899999999998,27.8363,28.515904516433178,28.25519993276596,27.64320737304937,0.6119925597165903,0.6216770149977947,58.27173081825133,68.80640762742418,72.40784089598692
20230515,293925900,28.5085,28.969,28.152,28.953,28.665399999999998,28.473200000000002,27.93385,28.661603010955453,28.362553789263508,27.740229049119787,0.6223247401437213,0.6218065600269801,67.70697310002612,74.70932225666664,73.17500134954682
20230516,449404900,28.841,29.87,28.832,29.213,28.793799999999997,28.573499999999996,28.011149999999997,28.845402007303637,28.493391667838353,27.849323193629434,0.6440684742089182,0.6262589428633677,65.66708315979454,74.81255197339246,73.72085155749537
20230517,432535400,29.584,30.199,29.43,30.178,29.0524,28.8111,28.1235,29.289601338202424,28.752562180478606,28.021817771879107,0.7307444085994987,0.6471560360105939,68.68827551278807,82.92473751224541,76.78881354241204
20230518,748725000,30.41,31.828,30.32,31.678,29.6724,29.222700000000003,28.352200000000003,30.085734225468286,29.20262953732805,28.292646085073248,0.9099834522548029,0.6997215192594357,72.13521126760564,87.29443985039876,80.29068897840762
20230519,473907700,31.536,31.58,30.916,31.264,30.2572,29.481099999999998,28.55945,30.478489483645525,29.519763454662197,28.51274637506782,1.0070170795943767,0.7611806313264239,64.48080708661416,86.55871170706999,82.38002988796174
20230522,371999700,30.901,31.52,30.68,31.176,30.7018,29.683600000000002,28.76615,30.71099298909702,29.77456907702186,28.710024421359094,1.0645446556627647,0.8218534361936921,69.7312400212879,85.29262254118431,83.3508941057026
20230523,356253300,31.0,31.288,30.631,30.688,30.9968,29.895300000000002,28.9885,30.703328659398014,29.915096911326188,28.85654113088805,1.0585557804381374,0.8691939050425812,68.99684044233807,80.14748782844333,82.28309201328284
20230524,721418500,30.21,30.607,29.806,30.538,31.0688,30.0606,29.1676,30.648219106265344,30.010928155737545,28.98109363971116,1.029834516026387,0.9013220272393424,69.82414068745004,75.39534619551785,79.98717674069451
20230525,1543911000,38.523,39.48,36.635,37.98,32.3292,31.000799999999998,29.7053,33.09214607084356,31.236939208701003,29.64767929602885,1.5892599126721514,1.0389096043259043,83.62255965292842,79.18305565576895,79.71913637905266
20230526,714396800,37.89,39.17,37.55,38.946,33.8656,32.061400000000006,30.26515,35.04343071389571,32.42294856120854,30.336443792619306,2.0865047685892364,1.2484286371785709,84.18848167539267,84.45036167183996,81.29621147664841
20230530,923401100,40.595,41.938,39.949,40.111,35.65259999999999,33.1772,30.825200000000002,36.732620475930474,33.605725705637994,31.060484993166025,2.545240712471969,1.5077910522372506,88.69885982562037,84.76469053359844,82.45237116229842
20230531,1002580000,39.488,40.295,37.822,37.834,37.0818,34.039300000000004,31.306399999999996,37.09974698395365,34.25622944323215,31.562226845524098,2.694002597708053,1.7450333613314113,76.51869851241631,78.56716263070757,81.15730165176814
20230601,635873000,38.489,40.05,38.34,39.77,38.9282,34.9985,31.9048,37.989831322635766,35.10450183658105,32.17021004215194,2.9342917944291074,1.9828850479509508,80.24537887795917,79.75474321550413,80.68978217301347
20230602,482731200,40.097,40.5,39.058,39.327,39.1976,35.7634,32.49305,38.43555421509051,35.7541169386455,32.70034263162217,3.053774307023332,2.197062899765427,79.36601272251028,79.32929688375073,80.23628707659256
20230605,396093800,38.909,39.565,38.707,39.171,39.242599999999996,36.5541,33.0176,38.68070281006034,36.27979125577696,33.17965058483534,3.10014067094162,2.377678454000666,77.99452054794521,78.6170474664064,79.69654053986383
20230606,388729100,38.83,39.16,38.148,38.654,38.95120000000001,37.3019,33.49275,38.67180187337357,36.645054139503586,33.58515794892161,3.0598961905819735,2.5141220013169274,75.50656508348195,76.72172875384342,78.70493661119036
20230607,511997900,38.915,39.499,37.356,37.475,38.879400000000004,37.980599999999995,33.93795,38.27286791558238,36.772738118041495,33.87329439714964,2.8994437208918526,2.5911863452319124,69.48880935847444,56.427849340829944,71.27924085440355
20230608,417772400,37.724,38.864,37.505,38.51,38.6274,38.7778,34.419200000000004,38.35191194372159,37.04000917680434,34.216754071434856,2.8232551053694834,2.6376000972594267,68.71165644171779,46.0137357310756,62.857405813294235
20230609,427717500,39.037,39.711,38.567,38.77,38.516000000000005,38.85680000000001,34.9288,38.49127462914773,37.30616161114213,34.55403154762487,2.7521300635172636,2.660506090510994,70.73251574411668,40.962452658197066,55.559088094928505
20230612,389673400,39.2,39.53,38.618,39.482,38.5782,38.910399999999996,35.4859,38.82151641943182,37.64090597865872,34.9190662478008,2.7218397308579227,2.6727728185803796,72.1777208159778,49.8485901521144,53.65558878065713
20230613,613208200,40.186,41.101,39.74,41.022,39.0518,39.0015,36.08935,39.55501094628788,38.1610742896343,35.371135414630366,2.7899388750039336,2.6962060298650905,76.1249873596926,65.86256699949593,57.724581520270064
20230614,740465000,40.824,43.0,40.552,42.997,40.1562,39.5178,36.77855,40.702340630858586,38.90506286045979,35.93601427280589,2.9690485876539014,2.750774541422853,78.83627273989725,77.22399340245155,64.22438548099723
20230615,568622000,42.602,43.289,42.147,42.653,40.9848,39.8061,37.402300000000004,41.352560420572395,39.48166857423521,36.43356877111656,3.048099803118646,2.8102395937620117,66.10823853843503,81.24276115026068,69.8971773707517
20230616,655709400,43.45,43.721,42.6605,42.692,41.7692,40.1426,37.952999999999996,41.7990402803816,39.975565716660554,36.89715626955237,3.0784094471081858,2.8638735644312465,63.79437325084697,82.10632885272682,73.96689453141008
20230620,451153100,42.998,43.99,42.674,43.808,42.6344,40.606300000000005,38.580200000000005,42.4686935202544,40.56517099102047,37.4090706199559,3.156100371064575,2.9223189257579127,63.663241924754246,87.1564049451301,78.36339800265009
20230621,551602900,43.501,43.615,42.08,43.045,43.039,41.045399999999994,39.173649999999995,42.6607956801696,40.94668314624809,37.82654687032954,3.1201362759185542,2.9618823957900413,71.68539325842696,86.5802401510325,81.10234538544422
20230622,417737400,42.253,43.4255,42.234,43.025,43.044599999999996,41.6004,39.7905,42.78219712011307,41.26642420067146,38.21161747252735,3.054806728144108,2.980467262260855,66.11545697593819,85.12196721851977,82.44221932980274
20230623,358139800,42.464,42.809,42.015,42.209,42.955799999999996,41.9703,40.37405,42.59113141340872,41.411435862106615,38.50771988196977,2.9037159801368446,2.9651170058360528,63.7605042016807,79.0301821665287,81.30487360871139
20230626,594321900,42.461,42.764,40.1,40.632,42.5438,42.1565,40.50665,41.93808760893915,41.29152265255175,38.66507396478683,2.6264486877649205,2.8973833422218265,56.1422685613386,59.68286654239165,74.09753791993813
20230627,462174700,40.799,41.94,40.448,41.876,42.157399999999996,42.3959,40.65315,41.91739173929277,41.38144224446686,38.90292033776558,2.478521906701282,2.8136110551177174,62.76545166402533,55.007086692357035,67.7340541774111
20230628,582639300,40.66,41.845,40.518,41.117,41.7718,42.4054,40.70345,41.65059449286185,41.34075882224119,39.06692623867183,2.2738325835693587,2.705655360808046,64.9262295081967,45.38604408453618,60.28471747978612
20230629,380514300,41.558,41.6,40.6,40.822,41.3312,42.1879,40.852850000000004,41.37439632857457,41.260949772665626,39.19693170247392,2.0640180701917075,2.577327902684778,60.087260034904034,36.444166493375455,52.33786715098256
20230630,501147800,41.68,42.55,41.501,42.302,41.3498,42.1528,40.97945,41.68359755238305,41.42111134610168,39.426936761549925,1.9941745845517573,2.460697239058174,63.92744479495268,43.165005597126026,49.28024663303037
20230703,197754100,42.517,42.898,42.202,42.413,41.705999999999996,42.124900000000004,41.133750000000006,41.9267317015887,41.57370960054758,39.64812663106475,1.9255829694828321,2.3536743851431057,62.13262687308551,50.711236543176426,49.75724326974572
20230705,323617600,42.135,43.177,42.085,42.317,41.794200000000004,41.9758,41.29105,42.05682113439247,41.688061969694104,39.84582095468958,1.8422410150045252,2.25138771111539,56.08838740009405,56.0297132510065,51.848066596832645
20230706,304138800,41.844,42.179,41.346,42.103,41.9914,41.881600000000006,41.463499999999996,42.07221408959498,41.75189858974117,40.01301940249035,1.7388791872508165,2.1488860063424755,44.96281271129142,59.05176636839932,54.24929985402153
20230707,355881500,42.322,43.214,42.18,42.503,42.3276,41.8294,41.7149,42.215809393063324,41.86745265285791,40.19746240971329,1.6699902431446176,2.053106853702904,49.16013437849944,65.0903875982007,57.862995768747915
20230710,353908100,42.657,42.811,41.649,42.18,42.3032,41.826499999999996,41.898399999999995,42.20387292870889,41.91553686011054,40.344317046030824,1.5712198140797184,1.956729445778267,47.22161927501627,64.26609112957897,59.99736088902493
20230711,298244100,42.481,42.758,42.067,42.405,42.3016,42.0038,42.080149999999996,42.27091528580593,41.990838881632,40.49696022780632,1.493878653825682,1.86415928738775,41.571548720413304,66.1749212871773,62.056547688409054
20230712,481277000,43.033,43.935,42.7773,43.902,42.6186,42.2064,42.30115,42.81461019053729,42.28486366907323,40.749185396116964,1.5356782729562681,1.7984630845014535,54.73114717897759,77.12011244232608,67.07773593971473
20230713,478203700,44.518,46.155,44.492,45.977,43.3934,42.6924,42.548899999999996,43.86874012702486,42.85288464306197,41.13643092233052,1.716453720731451,1.7820612117474532,63.28293736501081,83.5129438878694,72.55613858909962
20230714,772075300,46.5828,48.088,45.06,45.469,43.9866,43.1571,42.6725,44.402160084683246,43.25536392874475,41.45736196512085,1.7980019636238964,1.7852493621227419,65.08700481303222,76.05994934164102,73.72407550661342
20230717,510488200,46.289,46.496,45.2624,46.461,44.8428,43.573,42.8629,45.0884400564555,43.748538708937865,41.82800181955634,1.9205368893815233,1.8123068675744982,78.52040317056472,75.99586457642081,74.48133852988255
20230718,570190400,46.701,47.896,45.734,47.494,45.8606,44.0811,43.102999999999994,45.89029337097033,44.32476352294743,42.24770538847809,2.0770581344693397,1.8652571209534665,78.06754596322949,81.06042904916731,76.67436870297746
20230719,427501800,47.464,47.818,46.742,47.077,46.495599999999996,44.5571,43.26645,46.28586224731356,44.74818451941705,42.605430915257486,2.142753604159566,1.9207564175946865,80.82971239395829,82.13988742015718,78.49620827537069
20230720,537864500,46.507,47.087,45.062,45.52,46.404199999999996,44.8988,43.39020000000001,46.030574831542374,44.86692536258366,42.82132492153471,2.045600441048947,1.9457252222855388,71.4952415812592,74.79926853014362,77.26389502696166
20230721,963768600,45.788,45.866,44.1,44.309,46.1722,45.0794,43.4544,45.456716554361584,44.78109069141694,42.9315230754951,1.849567615921842,1.9264937010127996,59.41457922882071,62.27829217959304,72.26869407783879
20230724,383099700,44.731,45.109,44.04,44.612,45.8024,45.3226,43.57455,45.17514436957439,44.75507673889126,43.056002847680645,1.6990738912106167,1.881009739052363,60.1327066629804,53.03460639566221,65.85733151711327
20230725,348080900,44.941,46.1825,44.923,45.679,45.4394,45.65,43.826899999999995,45.34309624638293,44.89721877906184,43.250298933037634,1.646919846024204,1.8341917604467313,64.21925224158349,48.85278107536902,60.18914803653185
20230726,364237300,46.021,46.053,44.63,45.452,45.1144,45.80499999999999,44.0057,45.37939749758862,44.98256973612924,43.41338790096077,1.5691818351684717,1.7811897753910795,64.14871144909166,44.19566169187973,54.8579859216478
20230727,455975500,46.519,47.395,45.75,45.9,45.1904,45.7973,44.24485,45.552931665059084,45.12371285364782,43.59758138977849,1.5261314638693264,1.730178113086729,64.29352857022636,45.542612635527,51.752861492940866
20230728,331194200,46.668,47.027,46.381,46.75,45.6786,45.9254,44.541250000000005,45.95195444337273,45.373910876163535,43.83109387942453,1.5428169967390062,1.6927058898171845,68.4125705076551,53.788436086201955,52.43138635736122
20230731,251055300,46.754,47.13,46.506,46.729,46.102,45.9522,44.7626,46.21096962891515,45.582386125984534,44.04575359205975,1.536632533924788,1.6614912186387052,67.71260036047843,59.5840323863898,54.81560170037075
20230801,239276000,46.4595,46.9,46.027,46.507,46.2676,45.853500000000004,44.9673,46.309646419276774,45.724634414294606,44.22806814079606,1.4965662734985443,1.6285062296106732,61.91565273076569,64.2333688338475,57.954857411529666
20230802,530141600,45.831,45.84,43.387,44.269,46.031,45.572700000000005,45.0649,45.62943094618452,45.50069065824928,44.23110013036672,1.2695905278825634,1.5567230892650514,42.302145303767816,50.15757523054901,55.355763351202775
20230803,325076600,43.8,45.118,43.8,44.515,45.754,45.4722,45.185500000000005,45.25795396412302,45.34904594159555,44.252129750339556,1.0969161912559926,1.46476170966324,45.596381093057616,42.81962101198276,51.177049238129435
20230804,362666200,44.985,45.642,44.393,44.68,45.339999999999996,45.5093,45.294349999999994,45.065302642748684,45.24611579673469,44.283823842907,0.9622919538276946,1.3642677584961311,41.09945027486259,39.29990702196055,47.2180018327398
20230807,322153500,45.111,45.54,44.5635,45.4165,45.0775,45.589749999999995,45.456175,45.182368428499124,45.2723287510832,44.36772578046944,0.9046029706137588,1.272334800919657,39.300612865015204,43.07868052961041,45.83822806503
20230808,353843400,44.853,45.242,44.056,44.664,44.7089,45.48825,45.569125,45.00957895233275,45.17873971245501,44.38967201895319,0.7890676935018206,1.1756813794360896,37.98785344484273,39.3395461681102,43.67200076605673
20230809,586449100,44.274,44.312,42.134,42.554,44.365899999999996,45.19845,45.501725,44.19105263488851,44.774933602846545,44.25369631384555,0.5212372890009931,1.0447925613490705,36.00547324714544,29.028605905508226,38.7908691458739
20230810,492705300,42.16,43.574,41.835,42.388,43.9405,44.847249999999995,45.322275000000005,43.59003508992568,44.407713048562464,44.11549658689403,0.2922164616684313,0.8942773414129427,39.94451423785596,22.833675576917333,33.47180462288837
20230811,533085300,41.751,42.018,40.639,40.855,43.1755,44.25775,45.091575,42.678356726617125,43.86114181032208,43.87397832119817,-0.012836510876091722,0.7128545709551358,32.57744388796142,16.372426426777313,27.772011890851353
20230814,690285800,40.486,43.8,40.311,43.753,42.8428,43.96015,44.956174999999995,43.036571151078086,43.84450460873407,43.86501696407238,-0.02051235533831175,0.5661811856964463,42.365020217236186,31.666141642690256,29.070055141464316
20230815,676511500,44.56,45.268,43.71,43.94,42.698,43.70345,44.778475,43.33771410071873,43.85919620739036,43.87057126302998,-0.011375055639618381,0.4506699374292334,43.98711524695777,43.801938485234984,33.9806829227212
20230816,527450700,44.52,44.675,43.406,43.486,42.8844,43.62515,44.598925,43.38714273381248,43.80178140625338,43.842084502805534,-0.04030309655215092,0.35247533063295655,40.40464265839892,49.053727763995184,39.00503120314586
20230817,452394800,43.97,44.062,43.001,43.3435,43.0755,43.507999999999996,44.4901,43.37259515587499,43.73127657452209,43.80515231741253,-0.07387574289043641,0.267205115928278,35.65261340184476,52.03377860367575,43.34794700332249
20230818,583767900,42.635,43.578,41.66,43.299,43.5643,43.369899999999994,44.4396,43.34806343725,43.664772486134076,43.767659553159746,-0.10288706702566941,0.19318667933748854,35.58217738545608,54.78198379912859,47.15929260192452
20230821,692573400,44.494,47.065,44.222,46.967,44.2071,43.524950000000004,44.55735,44.554375624833334,44.172807488267296,44.00464773440717,0.16815975386012383,0.1881812942420156,51.4992503748126,69.37099186450642,54.563192356118485
20230822,757206900,48.135,48.187,45.3331,45.668,44.5527,43.625350000000005,44.5568,44.92558374988889,44.40283710545694,44.12785901333997,0.27497809211696733,0.20554065381700598,54.85696431051243,68.91958116851639,59.34865529358445
20230823,779046100,45.866,47.2,45.208,47.116,45.2787,44.08155,44.64,45.65572249992593,44.82024678154048,44.3492027901296,0.4710439914108804,0.2586413213357809,58.33440143552935,74.74696303396269,64.48142454037719
20230824,1156044000,50.216,50.266,47.159,47.163,46.0426,44.55905,44.70315,46.158148333283954,45.18067035361118,44.55763221308296,0.6230381405282159,0.3315206851742679,58.01691850703861,72.77455329001161,67.24580079025533
20230825,925340500,47.012,47.805,45.024,46.018,46.5864,45.07535,44.666549999999994,46.11143222218931,45.30949029920946,44.665807604706444,0.6436826945030134,0.3939530870400171,51.89216395608544,65.39606519589744,66.6292222588027
20230828,685192200,46.482,46.98,44.888,46.835,46.56,45.38355,44.67185,46.35262148145954,45.54418409933108,44.82648852287634,0.7176955764547444,0.45870158492296254,56.8018046243499,63.64153203779483,65.63332551846673
20230829,701397000,46.666,49.081,46.391,48.784,47.1832,45.86795,44.7857,47.1630809876397,46.04261731481861,45.119637521181794,0.9229797936368129,0.5515572266657326,69.71768578301051,70.02084008964772,67.09583037552706
20230830,735206000,49.044,49.927,48.425,49.264,47.61280000000001,46.44575,45.03545,47.86338732509314,46.53821465100036,45.426627334427586,1.1115873165727734,0.6635632446471408,71.33813306852038,76.13288014652633,70.10818029919348
20230831,528569800,49.38,49.744,48.958,49.355,48.0512,47.0469,45.27745,48.3605915500621,46.97156624315415,45.71761790224777,1.2539483409063834,0.7816402638989893,78.97068847989095,79.06432027416777,73.09356029085157
20230901,463830300,49.762,49.8,48.1416,48.509,48.5494,47.567899999999995,45.468900000000005,48.41006103337473,47.20809451343813,45.924386946525715,1.2837075669124118,0.882053724501674,68.84609288318279,75.1528343169052,73.77998496620278
20230905,382652600,48.223,48.8508,47.86,48.548,48.891999999999996,47.726,45.625475,48.45604068891649,47.41423381906303,46.11872865419048,1.2955051648725515,0.9647440125758495,68.476343223737,72.78690256059456,73.4489574976667
20230906,468669600,48.441,48.549,46.58,47.061,48.547399999999996,47.8653,45.745324999999994,47.99102712594433,47.35989015459179,46.18852653165785,1.1713636229339386,1.0060679346474672,63.23779900762796,61.99305342393425,69.63032280642254
20230907,433329900,45.525,46.344,45.152,46.241,47.9428,47.7778,45.929674999999996,47.407684750629556,47.18775320773152,46.19241345523875,0.9953397524927681,1.0039222982165275,60.2164944818589,50.27889081209297,63.179845474979345
20230908,473899900,45.942,46.606,45.271,45.572,47.1862,47.618700000000004,46.088874999999994,46.79578983375304,46.93917579115744,46.14645690299884,0.7927188881585963,0.9616816162049412,57.67646065518407,38.043967824586446,54.80121959151504
20230911,473965600,46.148,46.163,44.312,45.178,46.52,47.5347,46.305025,46.256526555835364,46.66822566944091,46.074719354628556,0.5935063148123518,0.8880465559264235,42.242650247159816,30.50363660849544,46.70202526384184
20230912,349256300,44.738,45.673,44.531,44.87,45.7844,47.33819999999999,46.360875,45.79435103722358,46.39157556645,45.98548088391533,0.40609468253467185,0.7916561812480731,46.214421252371906,23.648313393493844,39.01745464039251
20230913,398355400,44.6,45.93,44.503,45.485,45.4692,47.0083,46.438125,45.69123402481572,46.25210240238077,45.94840822584753,0.3036941765332415,0.6940637803051068,41.598846193468624,22.89017783084236,33.64169570387579
20230914,370097200,45.95,45.987,45.131,45.581,45.3372,46.64,46.542874999999995,45.65448934987715,46.148855878937574,45.921192801710674,0.22766307722690016,0.6007836396894655,41.892168921689255,22.967844501416806,30.083745303056126
20230915,506830500,45.341,45.599,43.808,43.9,45.00279999999999,46.0945,46.5707,45.069659566584775,45.80287805140872,45.77147481639877,0.031403235009946684,0.48690755875356173,39.710454722114264,15.920024093988076,25.362504900033443
20230918,500270800,42.748,44.242,42.0,43.966,44.760400000000004,45.6402,46.60405,44.70177304438985,45.52028142811507,45.63773594110997,-0.11745451299490384,0.36603514440386864,34.964888376480474,20.619966182269856,23.781658660778913
20230919,373064200,43.833,43.966,43.002,43.52,44.4904,45.1374,46.4317,44.30784869625991,45.212545823789675,45.48086661213887,-0.26832078834919315,0.23916395785325628,17.255536203035646,24.74678886025982,24.103368727272546
20230920,367107700,43.6,43.903,42.223,42.239,43.8412,44.6552,46.26025,43.618232464173275,44.755077235514335,45.24072834457303,-0.48565110905869346,0.09420094447086635,10.261341780744445,18.227487261594526,22.144741572046534
20230921,450736000,41.583,42.1,40.98,41.017,42.928399999999996,44.1328,45.9553,42.75115497611552,44.17998843005059,44.92785957830836,-0.7478711482577651,-0.07421347407485995,8.184553660983028,12.389615599311174,18.89303291446808
20230922,479236300,41.572,42.115,41.231,41.61,42.4704,43.736599999999996,45.67765,42.370769984077015,43.784605594658196,44.68209220213737,-0.8974866074791734,-0.23886810075572265,14.500360193475387,12.45387195336544,16.746645927433864
20230925,419091000,41.591,42.536,41.177,42.222,42.1216,43.440999999999995,45.48785,42.32117998938468,43.54420473394155,44.49986315012719,-0.9556584161856421,-0.38222616384170655,19.261418853255634,16.571005508355093,16.688099121074274
20230926,402282100,42.001,42.82,41.655,41.911,41.799800000000005,43.1451,45.24165,42.18445332625646,43.29294246718131,44.308095509377026,-1.0151530421957133,-0.5088115395125079,21.746763221417652,17.245326486962803,16.87384157637045
20230927,444935200,42.33,42.872,41.629,42.468,41.845600000000005,42.8434,44.925850000000004,42.27896888417098,43.16602824146111,44.171792138312064,-1.0057638968509508,-0.6082020109801964,28.68602417805903,22.235139358198964,18.660940836979954
20230928,424662800,42.46,43.4463,42.115,43.089,42.260000000000005,42.5942,44.6171,42.54897925611399,43.154177742774785,44.09158531325191,-0.9374075704771272,-0.6740431228795827,35.89685334545041,36.37462182432967,24.565501166096524
20230929,397829900,43.827,44.144,43.3069,43.499,42.637800000000006,42.554100000000005,44.3243,42.86565283740933,43.20722732080944,44.04769010486288,-0.8404627840534431,-0.7073270551143549,40.48078013380206,50.78788526173183,33.306295864641626
20231002,433298200,44.03,45.175,43.861,44.782,43.1498,42.6357,44.137950000000004,43.504435224939556,43.44950004068491,44.10208343042859,-0.6525833897436826,-0.6963783220402205,49.55074535429854,64.06915831115852,43.56058334681392
20231003,470849500,44.808,45.13,43.246,43.517,43.471,42.6354,43.886399999999995,43.508623483293036,43.459884649810306,44.05874391706351,-0.5988592672532036,-0.6768745110828172,40.578322481807746,62.87169155586973,49.99761941649919
20231004,361820900,43.742,44.143,43.292,44.041,43.7856,42.8156,43.735400000000006,43.68608232219536,43.54928701137795,44.05742955283659,-0.5081425414586391,-0.6431281171579816,42.91758646063278,65.79306700689796,55.262768613298775
20231005,393483100,44.05,44.9,43.888,44.688,44.1054,43.1827,43.65775000000001,44.02005488146358,43.72447362501211,44.104138474848696,-0.3796648498365869,-0.5904354636937026,54.00487904045541,73.1350144895078,61.220183905368444
20231006,434436000,44.193,45.789,44.026,45.762,44.55800000000001,43.597899999999996,43.66725,44.60070325430905,44.037939221164095,44.226943032267314,-0.18900381110321973,-0.5101491331756061,58.27955006453993,81.8736635058257,68.10467710552086
20231009,409674700,44.842,45.605,44.368,45.273,44.6562,43.903000000000006,43.672,44.824802169539375,44.22794857175423,44.30442873358085,-0.07648016182661621,-0.4234153389058081,58.04940765910553,83.7811602859351,73.33017149899227
20231010,368582100,45.31,46.259,45.088,45.798,45.1124,44.291700000000006,43.7184,45.149201446359584,44.46949494533051,44.41506364220449,0.05443130312602307,-0.32784601049944195,67.56143294187316,85.47926773245095,77.37987024347849
20231011,378136900,46.196,46.859,46.05,46.806,45.6654,44.7255,43.78445000000001,45.70146763090639,44.82895726143351,44.592170039078226,0.23678722235528227,-0.21491936392849714,79.18136908962602,89.8305368239404,81.53009243696579
20231012,481325000,46.777,47.609,46.33,46.945,46.1168,45.1111,43.85265,46.115978420604264,45.154502298136045,44.76645373988725,0.3880485582487978,-0.09432577949303815,78.18277865821453,88.1473958534421,83.73586024245789
20231013,475426000,46.96,47.116,45.28,45.461,46.056599999999996,45.3073,43.9307,45.897652280402845,45.2016557907305,44.81790161100671,0.38375417972378756,0.0012902123503269886,65.66702137951052,75.68753733800409,81.05308594097329
20231016,375099200,45.063,46.225,44.912,46.095,46.221,45.438599999999994,44.037150000000004,45.963434853601896,45.33909336138735,44.91250149167288,0.4265918697144713,0.08635054382315585,69.62476547842404,72.10147458700695,78.06921548965117
20231017,812332700,44.0,44.754,42.48,43.938,45.849000000000004,45.4807,44.058049999999994,45.28828990240127,45.12354053655852,44.8403161959934,0.2832243405651198,0.12572530317154865,55.99510603588907,57.54318101732096,71.22720399887443
20231018,627294300,42.591,43.219,41.825,42.196,44.92700000000001,45.2962,44.0559,44.257526601600844,44.673149684780284,44.64444092221611,0.028708762564171764,0.10632199505007327,46.66317913459382,40.500202743681896,60.98487024714358
20231019,501233100,42.811,43.297,41.882,42.101,43.9582,45.0375,44.1101,43.53868440106723,44.277434348660236,44.45603789094084,-0.17860354228060515,0.04933688758393759,44.650237257002885,28.590729906576293,50.186823466954486
20231020,477266100,41.89,42.47,41.078,41.387,43.1434,44.6,44.098949999999995,42.82145626737815,43.83275214117405,44.22870175087115,-0.39594960969710513,-0.03972041187227096,36.41674001760422,20.63758046443624,40.3370757994484
20231023,478530500,41.229,43.248,40.945,42.975,42.519400000000005,44.3702,44.1366,42.87263751158544,43.70079027330112,44.13583495451032,-0.4350446812091988,-0.11878526573965653,47.88611544461778,23.91244860094069,34.862200066612495
20231024,401463400,43.077,43.697,42.691,43.663,42.4644,44.1567,44.2242,43.13609167439029,43.69497638510095,44.10081014306511,-0.4058337579641602,-0.17619496418455727,48.54436229205176,29.53707057589721,33.087156903040736
20231025,398379200,43.398,43.65,41.555,41.779,42.381,43.654,44.18975,42.683727782926866,43.400210787393114,43.92882420654177,-0.5286134191486553,-0.2466786551773769,39.77216792068067,24.196322856788402,30.123545554289958
20231026,541001300,41.853,42.2555,39.8802,40.326,42.025999999999996,42.9921,44.0516,41.89781852195125,42.92725528164033,43.66194833939053,-0.7346930577501993,-0.3442815356919414,31.383561643835606,18.47295730485342,26.24001613781111
20231027,416784400,41.13,41.206,40.015,40.5,41.8486,42.495999999999995,43.901650000000004,41.43187901463417,42.5538313921572,43.42772994388012,-0.8738985517229167,-0.4502049388981365,33.29366468323414,16.55429703207552,23.011443102565913
20231030,388028100,41.087,41.766,40.481,41.161,41.4858,42.0026,43.7206,41.341586009756114,42.33954963951763,43.25982402211122,-0.9202743825935897,-0.5442188276372272,33.92275154288883,22.221833457700306,22.74823988761071
20231031,517968700,40.45,40.879,39.23,40.78,40.909200000000006,41.6868,43.58375,41.154390673170745,42.09961892574569,43.07613335380668,-0.9765144280609945,-0.6306779477219807,28.15716978396405,26.380856660778655,23.959112145333357
20231101,437592900,40.884,42.381,40.869,42.325,41.0184,41.6997,43.497949999999996,41.544593782113836,42.13429293716943,43.0204938461173,-0.8862009089478704,-0.6817825399671588,34.80263157894737,40.68252917001691,29.53358448689454
20231102,409171900,43.328,43.884,42.894,43.506,41.654399999999995,41.8402,43.43885,42.19839585474256,42.345324792989516,43.056457264923424,-0.711132471933908,-0.6876525263605087,43.43827616298584,57.74767092927356,38.93827996768754
20231103,424609600,44.02,45.309,43.723,45.005,42.555400000000006,42.202000000000005,43.401,43.13393056982837,42.75450559406806,43.200793763817984,-0.446288169749927,-0.6393796550383923,46.54231696485218,70.16483978494864,49.34713324010791
20231106,400733400,45.2845,45.935,44.899,45.751,43.473400000000005,42.4796,43.4249,44.00628704655225,43.2155047334422,43.3896979294611,-0.17419319601889782,-0.5463423632344935,56.316632987248255,79.19515294636642,59.296473142194074
20231107,343165500,45.719,46.218,45.1575,45.955,44.5084,42.708800000000004,43.43275,44.65585803103484,43.63696554368186,43.579720305056576,0.057245238625284856,-0.4256248428625379,64.66869585577149,84.87557038630112,67.82283889022975
20231108,346718900,46.1,46.867,45.968,46.574,45.3582,43.1883,43.42115,45.29523868735656,44.088816998500036,43.80151880097831,0.2872981975217286,-0.2830402347856846,66.76913848691612,88.63818524203934,74.76128767416627
20231109,540496000,47.467,48.23,46.75,46.95,46.047000000000004,43.8507,43.4214,45.84682579157104,44.5289989987308,44.03473963053547,0.4942593681953298,-0.12758031418948174,71.39779983075623,87.68471608728551,79.06909714520602
20231110,422441600,47.5,48.472,47.283,48.335,46.713,44.63420000000001,43.5651,46.6762171943807,45.11453761431068,44.35327743568099,0.7612601786296906,0.050187784374352756,70.94404501406692,91.29568968323542,83.14462799121581
20231113,384135700,48.32,49.116,48.099,48.62,47.28680000000001,45.380100000000006,43.69135,47.3241447962538,45.65383951980134,44.669330958963876,0.9845085608374617,0.23705193966697458,69.99919309287503,92.19235704439129,86.16053767560763
20231114,416953900,49.68,49.834,49.04,49.656,48.027,46.2677,43.97725,48.101429864169205,46.269556516754974,45.03871385089248,1.2308426658624967,0.435810084906079,84.11433521004761,93.93995753007448,88.75367762709658
20231115,475497400,49.935,49.96,48.2,48.888,48.489799999999995,46.924,44.31185,48.36361990944614,46.67239397571575,45.32384615823378,1.3485478174819718,0.6183576314212575,89.41988950276242,90.23072151302169,89.24602558907162
20231116,339756200,48.679,49.5247,48.33,49.48,48.995799999999996,47.5214,44.6808,48.73574660629743,47.10433336406717,45.63170940577202,1.4726239582951521,0.7892108967960365,89.81202340840574,90.3257171280251,89.60592276872278
20231117,325896900,49.524,49.717,49.007,49.298,49.188399999999994,47.9507,45.076350000000005,48.92316440419829,47.441820538826065,45.90328648682595,1.5385340520001165,0.9390755278368526,87.67478470228728,88.95564900327477,89.38916484690677
20231120,416142600,49.312,50.548,49.181,50.409,49.5462,48.4165,45.44805,49.418442936132195,47.89830968669898,46.23704304335736,1.6612666433416194,1.083513750937806,91.7599097926967,91.62545450291097,90.1345947322415
20231121,565746900,50.126,50.517,49.222,49.944,49.6038,48.8154,45.7621,49.59362862408814,48.21303127336068,46.51163244755311,1.7013988258075656,1.207090765911758,86.45803426165189,89.11593403581813,89.79504116676704
20231122,900642300,49.852,50.3349,47.69,48.716,49.5694,49.0296,46.10895,49.3010857493921,48.290411077459034,46.674918932919546,1.6154921445394876,1.288771041637304,74.81897865853662,74.04053591157655,84.54353941503688
20231124,294644600,48.47,48.921,47.745,47.776,49.22860000000001,49.1122,46.48145,48.792723832928075,48.211270911696104,46.75648049344402,1.454790418252081,1.3219749169602595,63.94283989131531,50.363389697990684,73.15015617602148
20231127,395661900,47.8,48.53,47.652,48.242,49.0174,49.1029,46.86855,48.60914922195205,48.21599846374286,46.86651897541113,1.349479488331724,1.3274758312345525,62.89738013875947,40.3665691909256,62.22229384765619
20231128,401490900,48.236,48.3229,47.473,47.821,48.4998,49.022999999999996,47.201550000000005,48.34643281463471,48.15522946932088,46.93722127352882,1.2180081957920592,1.305582304146054,59.449058132469126,30.683403850860955,51.70933051539111
20231129,382004700,48.379,48.762,47.86,48.14,48.138999999999996,48.8714,47.56955,48.27762187642315,48.15288647404075,47.026315994008165,1.1265704800325835,1.26977993932336,58.17839983288074,27.68595487076368,43.70153863384863
20231130,526246600,48.024,48.11,46.422,46.77,47.7498,48.6596,47.7918,47.77508125094877,47.94013470880371,47.007329624081635,0.9328050847220766,1.2023849684031034,49.14837244511734,21.26874289816953,36.22394005528893
20231201,369317000,46.525,47.2,46.187,46.765,47.5476,48.3881,47.95475,47.438387500632516,47.759344753603145,46.98937928155707,0.7699654720460742,1.1159010691316977,41.45624727905962,18.597108886175562,30.34832966558447
20231204,437543400,46.077,46.077,45.01,45.51,47.0012,48.0093,47.98,46.795591667088345,47.413291714587274,46.87979563107136,0.5334960835159137,0.999420072008541,34.69186847804684,15.424523774126117,25.373727701765016
20231205,371717600,45.466,46.6,45.271,46.566,46.7502,47.625,48.02075,46.719061111392236,47.28293914311231,46.856551510251265,0.42638763286104364,0.8848135841790417,34.82020043230497,20.023417860096828,23.59029108787562
20231206,380589600,47.2145,47.387,45.412,45.503,46.2228,47.1809,47.99815,46.313707407594826,47.00910235186426,46.75628843541784,0.2528139164464207,0.7584136506325174,33.839396543492796,17.55076915551671,21.57711711042265
20231207,350822600,45.7,46.629,45.604,46.596,46.188,46.968900000000005,47.99925,46.40780493839655,46.94554814388514,46.74441521797948,0.2011329259056609,0.6469575056871462,36.85985055585929,25.79077574120444,22.98166998734991
20231208,359223700,46.595,47.7409,46.55,47.506,46.336200000000005,46.9419,48.02705,46.77386995893104,47.03177150636435,46.80082890553656,0.23094260082778817,0.5637545247152745,42.34318919842761,39.36869057942414,28.444010184707984
20231211,509728100,47.491,47.531,45.83,46.627,46.5596,46.7804,47.941649999999996,46.724913305954026,46.96949896692368,46.787952690311634,0.18154627661204614,0.4873128750946289,33.51351351351353,40.61146536140717,32.49982857694104
20231212,372386900,46.046,47.666,46.046,47.657,46.7778,46.763999999999996,47.8935,47.03560887063602,47.07526835662773,46.85232656510337,0.222941791524363,0.43443865838057577,40.498545907768985,55.53667583233593,40.17877766207267
20231213,447791900,47.629,48.594,47.608,48.088,47.294799999999995,46.7588,47.8151,47.38640591375735,47.23107322483885,46.94385793065127,0.2872152941875825,0.40499398554197713,47.205908524648514,65.65168269774776,48.6697460072977
20231214,391231700,48.39,48.67,47.422,48.35,47.6456,46.9168,47.7882,47.7076039425049,47.403215805632875,47.04801660245488,0.355199203177996,0.3950350290691809,52.71780303030302,74.1867319988628,57.17540800448606
20231215,479947600,48.194,49.404,48.12,48.89,47.922399999999996,47.1293,47.7587,48.10173596166994,47.63195183553551,47.18445981708785,0.4474920184476616,0.40552642694487706,53.046830919691565,78.64565906142427,64.3321583567988
20231218,412587200,49.4,50.433,49.15,50.077,48.612399999999994,47.586,47.79765,48.76015730777996,48.008113091606965,47.398722052859114,0.6093910387478516,0.446299349305472,59.89473684210526,83.40036568378292,70.6882274657935
20231219,464444500,49.424,49.7,48.895,49.604,49.0018,47.889799999999994,47.757400000000004,49.041438205186644,48.25363415443667,47.56207597486955,0.6915581795671173,0.4953511153578011,56.335468236108696,83.21120534092464,74.86255342417054
20231220,397894400,49.655,49.999,48.098,48.111,49.0064,48.1506,47.66575,48.7312921367911,48.23169043836949,47.602737013768106,0.6289534246013844,0.5220715772065178,55.74205703519736,71.99234965374407,73.90581883402838
20231221,300425400,48.811,49.095,48.419,48.99,49.1344,48.39,47.67945,48.81752809119407,48.34835344785111,47.705497234970466,0.6428562128806448,0.5462285043413432,58.86383555095212,70.87852638948281,72.89672135251318
20231222,252506800,49.195,49.383,48.467,48.83,49.1224,48.5224,47.73215,48.82168539412938,48.42245291741248,47.78879373608376,0.6336591813287171,0.563714639738818,64.49022346368714,68.40575872208206,71.39973380903614
20231226,244199500,48.968,49.6,48.96,49.279,48.9628,48.7876,47.784000000000006,48.97412359608626,48.55422939165671,47.89917938526274,0.6550500063939708,0.5819817130698486,62.50345653977324,66.16179331610523,69.65375364472582
20231227,233648000,49.511,49.68,49.085,49.417,48.9254,48.9636,47.8638,49.12174906405751,48.686963331401834,48.011610541909945,0.6753527894918889,0.6006559283542567,69.71987101975009,66.19354802940174,68.50035177295112
20231228,246587500,49.643,49.884,49.412,49.522,49.2076,49.107,47.932900000000004,49.255166042705014,48.815430511186165,48.12349124250921,0.6919392686769541,0.6189125964187963,66.37197851387646,64.45736892181384,67.15269082257203
20231229,389293300,49.813,49.997,48.751,49.522,49.314,49.224199999999996,48.070499999999996,49.34411069513668,48.924133509465214,48.22708448380482,0.697049025660391,0.6345398822671152,62.559182656366794,63.299916183421914,65.86843260952199
20240102,411254200,49.244,49.295,47.595,48.168,49.1816,49.152,48.14065,48.95207379675779,48.8078052772398,48.222707855374836,0.5850974218649654,0.6246513901866853,59.06363957181506,50.14503563642436,60.62730028515611
20240103,320896200,47.485,48.1841,47.32,47.569,48.839600000000004,48.9012,48.2436,48.49104919783853,48.61721984997214,48.174285051272996,0.44293479869914165,0.5883080718891766,49.45477075588603,36.52819471692944,52.59426509574722
20240104,306534900,47.767,48.5,47.508,47.998,48.5558,48.7406,48.3152,48.32669946522569,48.52195525766873,48.16122689932685,0.36072835834188055,0.5427921291797174,49.44224095190875,32.794415952489096,45.994315381327844
20240105,415039300,48.462,49.547,48.306,49.097,48.4708,48.8392,48.494899999999994,48.583466310150456,48.61042367956585,48.230543425302635,0.37988025426321315,0.5102097541964166,54.19427288040427,43.98970277793883,45.32611118019817
20240108,642509900,49.512,52.275,49.479,52.253,49.017,49.1655,48.77775,49.806644206766975,49.17082003655572,48.52850317157652,0.6423168649792004,0.5366311763529733,64.59508723201111,62.51180319740154,51.05467518593262
20240109,773100100,52.401,54.325,51.69,53.14,50.011399999999995,49.596500000000006,49.05945,50.91776280451132,49.78146310785484,48.87009552923752,0.9113675786173232,0.6115784568058433,63.648516175028966,69.36903939070166,57.159463254188964
20240110,533795800,53.616,54.6,53.489,54.35,51.3676,50.10360000000001,49.4456,52.06184186967422,50.48431493741563,49.27601437892363,1.208300558492006,0.7309228771430758,69.84445559458104,78.43467094911246,64.2511991524968
20240111,596758800,54.999,55.346,53.56,54.822,52.732400000000005,50.6441,49.80385,52.98189457978282,51.15165110089015,49.68682812863299,1.46482297225716,0.8777028961658926,80.68025966901345,83.44685347932361,70.6497505947724
20240112,352993600,54.62,54.97,54.3301,54.71,53.855000000000004,51.1629,50.13495,53.55792971985522,51.699089393060895,50.05891493391944,1.6401744591414555,1.0301972087610052,78.12192723697147,86.32315358626559,75.87421825860346
20240116,449579700,55.018,56.835,54.9,56.382,54.6808,51.8489,50.53655,54.49928647990348,52.41953717874384,50.52729160548096,1.8922455732628762,1.2026068816613793,82.32323232323233,89.29513444549426,80.34785698756706
20240117,474394400,56.347,56.4707,54.74,56.053,55.263400000000004,52.6374,50.8947,55.01719098660233,52.9785314589371,50.9366033384083,2.0419281205288016,1.370471129434864,79.29423975090815,90.0686693808745,83.5881277853362
20240118,491650400,57.26,57.6,56.107,57.107,55.81479999999999,53.5912,51.2462,55.71379399106822,53.61368046525447,51.39366975778546,2.220010707469008,1.5403790450416928,80.8142330501683,91.61094707882128,86.26240088316456
20240119,543501500,57.989,59.5,57.225,59.491,56.748599999999996,54.7405,51.74055,56.97286266071215,54.517883470599934,51.9934719979495,2.524411472650435,1.7371855305634414,83.77719048587112,94.37736092052477,88.96738756228463
20240122,452954600,60.049,60.331,59.07,59.654,57.7374,55.7962,52.3177,57.86657510714144,55.30805524435379,52.56091851661991,2.7471367277338814,1.9391757699975294,83.95442359249331,93.63999349722289,90.5249228739307
20240123,294654500,59.57,59.91,58.585,59.873,58.4356,56.5582,52.861850000000004,58.535383404760964,56.010354437530125,53.102554182055464,2.907800255474662,2.1329006670929562,92.45556764599202,93.52867928558888,91.52617501115009
20240124,560270800,60.304,62.849,59.938,61.362,59.497400000000006,57.380399999999995,53.48845,59.47758893650732,56.83368452406395,53.71436498338469,3.119319540679257,2.3301844418102164,96.99488926746166,90.34972561695447,91.13402521308488
20240125,482776800,62.35,62.719,60.85,61.617,60.3994,58.10709999999999,54.10535,60.190725957671546,57.569579212669495,54.299745354985824,3.269833857683672,2.5181143249849076,96.95883042548788,88.7458300608665,90.33796016234541
20240126,390308600,60.96,61.783,60.573,61.031,60.70740000000001,58.727999999999994,54.68605,60.470817305114366,58.10210548764342,54.79835681017206,3.3037486774713614,2.675241195482198,92.65799256505575,85.02404209015221,88.566654138281
20240129,348733000,61.232,62.489,60.907,62.465,61.269600000000004,59.50350000000001,55.3332,61.135544870076245,58.77332002800597,55.36625630571487,3.407063722291099,2.8216057008439783,91.62726235121474,88.43753502766839,88.52361443474345
20240130,410735300,62.9,63.493,62.26,62.774,61.8498,60.142700000000005,55.995799999999996,61.68169658005083,59.388809254466594,55.914978060847105,3.473831193619489,2.9520507993990805,91.21321013004791,89.04681232190258,88.69801373046315
20240131,453794900,61.44,62.269,60.7,61.527,61.882799999999996,60.690099999999994,56.66374999999999,61.63013105336723,59.71776167685635,56.33068338967324,3.387078287183108,3.039056296955886,80.60554371002132,82.24265258813925,86.54622668302184
20240201,369145800,62.1,63.191,61.65,63.027,62.1648,61.2821,57.43665,62.09575403557816,60.2268752650323,56.82670684229004,3.4001684227422615,3.1112787221131617,82.16890143495647,84.99686754993036,86.02977363865801
20240202,476577700,63.974,66.6,63.69,66.16,63.190599999999996,61.949,58.34475,63.45050269038545,61.13966368579656,57.518061891009296,3.621601794787267,3.2133433366479833,86.29390135666287,88.16800943337009,86.74251890356203
20240205,680078000,68.225,69.497,67.205,69.332,64.564,62.9168,59.3565,65.4110017935903,62.40002311875094,58.3931684176012,4.006854701149734,3.3720456095483335,87.48408012041219,91.53663229581785,88.34055670098063
20240206,683111400,69.63,69.754,66.3,68.223,65.6538,63.7518,60.154999999999994,66.3483345290602,63.29586571586618,59.12130409037148,4.174561625494697,3.5325488127376063,83.70444222886897,88.7991737361873,88.49342904604951
20240207,495574600,68.319,70.22,67.6,70.099,67.3682,64.6255,61.00295,67.59855635270681,64.34250175957908,59.934466750343965,4.408035009235114,3.707646052037108,84.41407077770717,92.1146905105559,89.70051620088498
20240208,414422100,70.074,70.794,69.455,69.641,68.691,65.4279,61.7675,68.27937090180455,65.15765533502845,60.65346921328145,4.504186121747004,3.8669540659790873,79.94100294985255,90.93558457258777,90.11220565811924
20240209,436636900,70.533,72.185,70.212,72.133,69.8856,66.5381,62.63304999999999,69.56391393453637,66.23078528348562,61.503804827112454,4.7269804563731626,4.038959344057902,82.36423050988124,93.80613488992427,91.34351540205424
20240212,613710200,72.6,74.611,71.25,72.248,70.4688,67.5164,63.50995,70.45860928969091,67.15651062448782,62.29967113621524,4.856839488272584,4.202535372900838,82.2685788787484,90.20857079307677,90.96520053239507
20240213,602580200,70.4,73.45,69.62,72.128,71.24980000000001,68.4518,64.29724999999999,71.01507285979395,67.92135514379738,63.02769549649559,4.893659647301796,4.34076022778103,80.23138267999552,87.08655638963393,89.67231915147468
20240214,504917400,73.202,74.236,71.938,73.9,72.01,69.68910000000001,65.1896,71.97671523986264,68.84114666013625,63.83305138564406,5.0080952744921845,4.474227237123261,81.7833669720023,89.22090665269921,89.52184831854953
20240215,420121800,73.869,73.975,72.4,72.658,72.6134,70.65220000000001,65.96714999999999,72.20381015990843,69.42835486626913,64.48675128300376,4.941603583265376,4.567702506351685,79.09805295560338,84.98094534878138,88.00821399529347
20240216,495326600,74.1,74.402,72.501,72.613,72.7094,71.2975,66.62325,72.34020677327229,69.91830027145849,65.08869563241089,4.829604639047602,4.620082932890869,77.29424421732112,81.97382078319671,85.99674959126122
20240220,704833100,71.947,71.956,67.734,69.452,72.15020000000001,71.3095,67.11314999999999,71.37747118218152,69.84656176815719,65.41190336334341,4.434658404813774,4.58299802727545,65.57224139539221,63.454424714590616,78.48264129903768
20240221,690298100,68.006,68.888,66.248,67.472,71.21900000000001,71.2344,67.4931,70.07564745478768,69.48124457305607,65.56450311420686,3.9167414588492164,4.449746713590204,63.40473506200674,47.181581879558436,68.04895482587793
20240222,865099700,75.025,78.575,74.22,78.538,72.1466,72.0783,68.3519,72.89643163652514,70.87459156181669,66.52550288352487,4.349088678291821,4.429615106530528,74.43369774109195,64.68766987530442,66.92852650902009
20240223,829388400,80.79,82.394,77.57,78.817,73.37839999999998,72.99589999999999,69.2119,74.86995442435008,72.09650055230642,67.43598415141192,4.660516400894508,4.475795365403324,71.90777858552289,69.07374861912814,67.64360054572276
20240226,503972700,79.7,80.646,78.505,79.092,74.6742,73.6918,70.11495,76.27730294956672,73.17273123656697,68.29939273278882,4.873338503778157,4.555303993078291,68.77645248172374,72.56553718999308,69.28424609381287
20240227,391705200,79.381,79.48,77.162,78.701,76.52399999999999,74.33709999999999,70.92675,77.08520196637781,74.02323412324898,69.06988215998965,4.953351963259337,4.6349135871145,70.73045267489708,74.08617876335222,70.88489031699265
20240228,393110400,77.62,78.933,77.125,77.663,78.56219999999999,74.89059999999999,71.6712,77.27780131091855,74.5831981042876,69.70640940739783,4.876788696889776,4.683288609069555,65.47843169354175,72.95699419105185,71.57559160834572
20240229,507289000,79.094,79.99,78.35,79.112,78.67699999999999,75.4118,72.55045,77.8892008739457,75.27993685747413,70.40311982166465,4.876817035809481,4.721994294417541,68.62536873156338,75.19565746763791,72.78228022810978
20240301,479135100,80.0,82.3,79.435,82.279,79.3694,76.37389999999999,73.51304999999999,79.35246724929713,76.3567158024781,71.2828146496895,5.073901152788608,4.792375666091754,69.43678160919538,83.22635474100835,76.26363839907597
20240304,615616500,84.13,87.695,83.719,85.237,80.5984,77.63629999999999,74.4669,81.3139781661981,77.72291337132764,72.31645800897176,5.406455362355871,4.915191605344578,72.43893169332823,84.99729970408933,79.17485883408042
20240305,520639300,85.27,86.097,83.417,85.964,82.051,79.2875,75.2985,82.86398544413207,78.99077285266185,73.32738704534422,5.663385807317624,5.0648304457391875,73.41116751269033,85.71619609215108,81.35530458677064
20240306,582520300,88.022,89.724,87.03,88.7,84.2584,81.41029999999999,76.32235,84.80932362942139,80.4845001060985,74.46609911605947,6.0184009900390265,5.2555445545991555,74.25116340040634,87.76825433579445,83.49295450311192
20240307,608119200,90.158,92.767,89.602,92.669,86.96979999999999,82.82339999999999,77.45084999999999,87.42921575294758,82.35903855131411,75.8144621444995,6.544576406814613,5.513350925042247,80.09987665834359,91.63666344118386,86.20752414913589
20240308,1142269000,95.1379,97.4,86.506,87.528,88.0196,83.69449999999999,78.3452,87.4621438352984,83.15426338957349,76.68213161527731,6.472131774296173,5.705107094893033,69.45248715340273,78.19427377788747,83.53644069205308
20240311,678364100,86.429,88.797,84.166,85.774,88.127,84.36269999999999,79.02725000000001,86.89942922353228,83.55729979117756,77.35560334747899,6.201696443698566,5.80442496465414,72.09856485242351,66.34899797276344,77.80729311895652
20240312,668075200,88.049,91.96,86.1501,91.913,89.3168,85.6839,80.01050000000001,88.57061948235486,84.84279213099639,78.4339290254435,6.408863105552882,5.925312592833889,79.74153666431405,67.96494877974254,74.52651167255186
20240313,635712900,91.055,91.504,88.435,90.888,89.7544,87.0064,80.9485,89.34307965490325,85.7728241108431,79.35645280133657,6.4163713095065305,6.023524336168418,69.88855964957487,66.56054568431486,71.87118967647285
20240314,602318200,89.577,90.646,86.6,87.944,88.80940000000001,87.8896,81.6507,88.8767197699355,86.1068511707134,79.99256740864497,6.114283762068425,6.041676221348419,63.536321300388586,55.165372728969686,66.30258402730513
20240315,642086200,86.93,89.546,86.257,87.8365,88.8711,88.44534999999999,82.409625,88.52997984662368,86.37295099060364,80.57359945244905,5.799351538154596,5.9932112847096555,63.03378992711392,47.312327200609445,59.972498418406566
20240318,668975900,90.388,92.405,87.085,88.455,89.4073,88.76715,83.201725,88.50498656441579,86.69326622281847,81.1574069004158,5.535859322402672,5.901740892248259,64.44052941698992,42.344533684593486,54.0965101738022
20240319,672171300,86.7,90.544,85.01,89.398,88.9043,89.11055,84.199025,88.80265770961053,87.10937911161562,81.7678212040887,5.341557907526919,5.7897042953039906,67.42235287131066,41.40786654485466,49.86696229748635
20240320,479062800,89.797,90.41,88.223,90.372,88.8011,89.27775,85.344025,89.32577180640702,87.61132078675169,82.40516778156362,5.206153005188071,5.672994037280807,66.95629912959674,43.23669869803066,47.656874431001114
20240321,480372300,92.3,92.648,90.405,91.435,89.4993,89.15435000000001,85.988875,90.02884787093802,88.19957912725143,83.07404424218853,5.125534885062891,5.563502206837224,64.72073057011481,57.390841653438365,50.90153017181353
20240322,586719400,91.141,94.778,90.834,94.289,90.7898,89.83045000000001,86.762475,91.44889858062535,89.13641310767429,83.90478170573013,5.231631401944156,5.497128045858611,64.60235521858365,69.92518026691138,57.24274687017948
20240325,552136100,93.941,96.766,93.51,95.002,92.09920000000001,90.75325000000001,87.557975,92.63326572041692,90.03881109110901,84.72679787567604,5.31201321543297,5.460105079773483,64.58635938155643,74.94841891900928,63.14463755312275
20240326,513647600,95.851,96.375,92.502,92.561,92.73179999999999,90.81805,88.250975,92.60917714694462,90.42684015401531,85.30710914414449,5.119731009870819,5.392030265792951,56.29114254057226,71.37595626697704,65.88841045774085
20240327,586067200,93.112,93.24,89.123,90.25,92.70739999999999,90.75425,88.880325,91.82278476462974,90.39963397647449,85.6732492075412,4.726384768933286,5.258901166421019,45.833333333333336,62.44163218070669,64.73948436539612
20240328,435212300,90.0,91.3,89.193,90.356,92.49159999999999,90.99545,89.442525,91.33385650975316,90.39292105701688,86.02011963661222,4.372801420404656,5.081681217217747,55.89338557079147,56.785971867777434,62.08831353285655
20240401,452441500,90.299,92.225,89.204,90.363,91.7064,91.2481,89.846725,91.01023767316877,90.38831781747582,86.34181447834465,4.046503339131178,4.874645641600433,60.31421379124337,53.035379680026715,59.0706689152466
20240402,433063600,88.448,90.094,87.62,89.452,90.59639999999999,91.34779999999999,90.057475,90.49082511544586,90.24426892247953,86.57219859105984,3.6720703314196896,4.634130579564285,42.76942061346809,42.03379127877571,53.39170970308963
20240403,370066600,88.484,90.374,88.4,88.964,89.877,91.3044,90.207475,89.98188341029724,90.0473044728673,86.74936906579616,3.2979354070711366,4.366891545065656,44.16297554760025,32.92084372298872,46.56808770972266
20240404,434964900,90.406,90.634,85.88,85.905,89.00800000000001,90.8577,90.067725,88.6229222735315,89.41002686165695,86.68682320907051,2.7232036525864345,4.038153966569812,43.856953482766926,22.02378007033226,38.38665182992586
20240405,399678500,86.866,88.481,85.926,88.008,88.5384,90.515,89.834675,88.41794818235434,89.19433042140203,86.78468815654678,2.4096422648552505,3.7124516262269003,50.46123228357043,21.19853449970218,32.65727938651797
20240408,283220000,88.7,88.83,86.732,87.133,87.8924,89.79939999999999,89.814925,87.98963212156956,88.87720266426325,86.8104890338396,2.0667136304236493,3.38330402706625,46.49299660441425,18.112029193226892,27.808862655420945
20240409,503547400,87.442,87.635,83.022,85.354,87.0728,88.8346,89.793925,87.11108808104638,88.33517148514584,86.7026009572589,1.6325705278869407,3.0331573272303882,39.72769762243447,19.682176179056057,25.099967163299315
20240410,431928500,83.926,87.4,83.709,87.039,86.68780000000001,88.2824,89.550225,87.0870587206976,88.1357604874311,86.72751940486934,1.4082410825617586,2.7081740782966626,41.82887962735964,27.671054176236222,25.956996167611617
20240411,431637300,87.42,90.739,86.926,90.616,87.63,88.31899999999999,89.536625,88.26337248046507,88.51733579705709,87.01555500450866,1.5017807925484306,2.4668954211470164,48.21249290671787,45.95289301198175,32.62229511573499
20240412,426804800,89.699,90.175,87.53,88.186,87.6656,88.102,89.548725,88.23758165364339,88.46636105904831,87.1022546338043,1.3641064252440032,2.246337621966414,36.428730264620846,52.940993941813595,39.39519472442786
20240415,443077000,89.098,90.613,85.929,86.001,87.4392,87.6658,89.45694999999999,87.49205443576227,88.08707474227164,87.02068021648547,1.0663945257861656,2.0103490027303645,31.214258880494214,48.16169066122202,42.31736003669258
20240416,370453000,86.4325,88.118,86.0639,87.415,87.8514,87.4621,89.40495,87.46636962384153,87.983678628076,87.0498890893384,0.9337895387376136,1.7950371099318145,38.77889228085478,51.083216002129525,45.23931202517156
20240417,495399500,88.34,88.775,83.95,84.035,87.25059999999999,86.9692,89.13680000000001,86.32257974922769,87.376189608372,86.82656397160963,0.5496256367623715,1.545954815297926,37.05154381432559,38.431098258255204,42.969907436199435
20240418,447260300,84.97,86.19,82.402,84.671,86.0616,86.84580000000001,88.85175000000001,85.7720531661518,86.96000659169938,86.66689256630522,0.29311402539416065,1.2953866573171733,38.41167597537612,34.692740488510964,40.21085178696994
20240419,875198000,83.15,84.324,75.606,76.2,83.6644,85.66499999999999,88.09,82.58136877743453,85.30462096220717,85.89156719102336,-0.5869462288161884,0.9189200800905009,28.53635619676902,24.436892522418415,34.952865365452766
20240422,596340500,78.104,80.073,76.4,79.518,82.3678,84.90350000000001,87.35145,81.56024585162302,84.41437158340607,85.4194511027994,-1.005079519393334,0.534120160193734,35.96892655367233,24.908191569935816,31.604640766947114
20240423,438559400,80.769,82.769,80.264,82.423,81.3694,84.6104,86.7225,81.84783056774869,84.10800672442052,85.1974917618513,-1.0894850374307765,0.20939912066883187,41.35177301213741,31.62121029220198,31.610163942032067
20240424,512207500,83.95,84.082,79.183,79.677,80.49780000000001,83.8742,86.0783,81.12422037849913,83.42631338220197,84.78856644615861,-1.3622530639566435,-0.1049313162562632,41.69688566552902,30.12325371960088,31.11452720122167
20240425,424640700,78.868,83.323,78.223,82.632,80.09,83.0758,85.6974,81.6268135856661,83.30411132340167,84.6288207834802,-1.3247094600785232,-0.34888694502071527,42.99196996558558,35.688219656162715,32.63909135286868
20240426,551010800,83.818,88.3309,83.387,87.735,82.397,83.0307,85.56635,83.6628757237774,83.9857865044168,84.85890813285202,-0.8731216284352286,-0.45373388170361795,50.706838249107655,54.49303488758987,39.923739197775745
20240429,388970800,87.595,87.992,85.266,87.757,84.04480000000001,83.20630000000001,85.43605,85.02758381585161,84.56597319604498,85.07358160449262,-0.5076084084476378,-0.46450878705242193,52.94290543023,67.08526470927536,48.97758103494228
20240430,363708700,87.24,88.819,86.3,86.402,84.84060000000001,83.10499999999999,85.28355,85.48572254390109,84.84843885819191,85.17198296712279,-0.32354410893087504,-0.4363158514281126,49.21352198928316,71.95931292937033,56.63815833308496
20240501,559863200,85.077,86.0,81.2546,83.041,85.5134,83.0056,84.98740000000001,84.6708150292674,84.570371341547,85.01413237696555,-0.4437610354185466,-0.43780488822619945,40.597303939822744,66.7296552251959,60.00199063045527
20240502,377897500,84.449,86.237,83.2,85.817,86.1504,83.1202,84.983,85.05287668617828,84.76216036592439,85.07360405274588,-0.31144368682149093,-0.4125326479452578,47.0844512270165,69.7622239172079,63.25540172603948
20240503,398340700,87.789,89.281,87.04,88.789,86.3612,84.37910000000001,85.02205000000001,86.29825112411886,85.38167415578218,85.3488185673573,0.03285558842488001,-0.3234550006712303,53.366011493697776,78.35839344525742,68.28973229911213
20240506,376202600,89.39,92.22,89.055,92.14,87.2378,85.6413,85.2724,88.24550074941257,86.42141659335415,85.85186904384936,0.5695475495047901,-0.14485449063602618,55.449701275633764,85.38174528128732,73.98706995983719
20240507,437341600,91.098,91.781,89.011,90.554,88.0682,86.45439999999999,85.5324,89.01500049960839,87.05719865591504,86.20017504060125,0.8570236153137927,0.055521130553937606,57.843443944461825,86.286980005343,78.08703997500578
20240508,325721000,89.4825,91.194,89.42,90.412,89.5424,87.5279,85.70105,89.48066699973893,87.57332193962041,86.5121620746308,1.0611598649896195,0.256648877441074,56.99047804592942,85.36191113566846,80.51199702856
20240509,378012700,90.529,91.072,88.231,88.747,90.1284,88.1394,85.6076,89.2361113331593,87.75388779506343,86.67770562465815,1.0761821704052892,0.42055553603391704,68.31304550894707,79.68382368583964,80.23593924765322
20240510,335325400,90.3045,91.401,89.227,89.878,90.3462,88.3537,85.6922,89.45007422210621,88.0806742881306,86.91476446727606,1.1659098208545373,0.5696263929980412,66.1521671343935,79.33651912650738,79.9361325406046
20240513,289680200,90.478,90.998,88.529,90.399,89.998,88.61789999999999,85.91210000000001,89.76638281473748,88.43733978226435,87.17285598821857,1.2644837940457734,0.7085978732075877,63.43394192548676,80.68875230754945,80.18700579625289
20240514,296507100,89.599,91.651,88.934,91.356,90.1584,89.11330000000001,86.10915000000001,90.29625520982499,88.88636443114675,87.48271850760979,1.4036459235369563,0.8476074832734615,70.9323583180987,83.93293021538032,81.43564726929536
20240515,417735500,92.472,94.862,91.599,94.63,91.002,90.2722,86.6389,91.74083680654999,89.77000067250879,88.01214676630536,1.7578539062034224,1.0296567678594537,71.26098667422737,88.29995569289227,83.72375007716099
20240516,323951800,94.91,95.819,94.103,94.359,92.1244,91.12639999999999,87.1233,92.61355787103332,90.4760005690459,88.48228404287534,1.9937165261705587,1.2224687195216748,64.1635306192268,85.78633489700107,84.41127835044101
20240517,359691000,94.369,94.74,91.806,92.479,92.6446,91.49539999999999,87.93724999999999,92.56870524735555,90.7841543276542,88.77833707673642,2.0058172509177865,1.3791384258008972,59.353458521511754,75.85193368462872,81.5581634618369
20240520,318764500,93.75,95.2,93.44,94.78,93.5208,91.7594,88.70034999999999,93.30580349823704,91.3988998157074,89.22290470068187,2.175995115025529,1.5385097636458238,65.99587597372843,79.33706490941509,80.81779727769629
20240521,328946500,93.599,95.4,93.18,95.386,94.3268,92.24260000000001,89.34849999999999,93.99920233215803,92.0122998440601,89.67943027840913,2.3328695656509666,1.6973817240468525,76.34105748303675,84.32258377549124,81.98605944362794
20240522,548648000,95.459,96.02,93.249,94.95,94.3908,92.6964,90.11215,94.31613488810535,92.46425371420469,90.06984285037882,2.3944108638258683,1.8367875520026558,71.64936234769831,84.78712010521116,82.91974633082233
20240523,835065300,102.028,106.32,101.52,103.799,96.2788,94.20160000000001,91.17049999999999,97.47708992540358,94.20806083509628,91.08681745405447,3.1212433810418077,2.0936787178104863,77.82721542454581,85.13471807062794,83.65807024409087
20240524,429493700,104.449,106.475,103.0,106.469,99.0768,95.8607,92.1072,100.4743932836024,96.09435916815838,92.22623838338377,3.8681207847746037,2.44856713120331,77.25284339457569,90.07841018858235,85.79818355892135
20240528,652727900,110.244,114.939,109.883,113.901,102.901,98.2109,93.4144,104.94992885573494,98.83384237305708,93.8317762809109,5.00206609214618,2.9592669233918842,86.32643535086356,91.9031732019855,87.83318010660939
20240529,557441900,113.05,115.492,110.901,114.825,106.7888,100.5578,94.83555,108.24161923715664,101.29402046950983,95.38682988973233,5.907190579777506,3.5488516546690088,87.0826624540511,93.66344564896924,89.77660195406267
20240530,487350300,114.65,115.8191,109.663,110.5,109.89880000000001,102.1448,96.2085,108.9944128247711,102.71032501266217,96.50632397197438,6.2040010406877855,4.079881531872765,80.5717176827726,88.39202176348917,89.3150752238715
20240531,613262500,112.52,112.717,106.94,109.633,111.06559999999999,103.6722,97.3993,109.20727521651408,103.77535193379107,97.47867034442072,6.296681589370351,4.523241543372283,77.97128536233114,83.15306468030404,87.26107170934901
20240603,438391800,113.621,115.0,112.003,115.0,112.77179999999998,105.92429999999999,98.70984999999999,111.13818347767605,105.50222086705398,98.77654661520437,6.725674251849611,4.963728085067748,80.62949774645784,87.56268422342674,87.36160921404158
20240604,403324000,115.716,116.6,114.045,116.437,113.279,108.09,99.9247,112.90445565178403,107.18449457981491,100.08472834741146,7.099766232403454,5.39093571453489,80.85828883584735,91.47577517882854,88.73299786897056
20240605,528401800,118.371,122.4495,117.468,122.44,114.80199999999999,110.7954,101.519,116.0829704345227,109.53149541368953,101.74067439575136,7.790821017938171,5.8709127752155466,82.06281128943,94.30205329336715,90.58934967710275
20240606,664696200,124.048,125.587,118.32,120.998,116.90159999999999,113.4002,103.0483,117.72131362301513,111.29557304235269,103.16714295902904,8.12843008332365,6.322416236837167,79.90525157726938,89.4290366947738,90.20257868299309
20240607,412385800,119.77,121.6917,118.022,120.888,119.1526,115.10910000000001,104.65535,118.77687574867676,112.7713310358369,104.479799036138,8.29153199969889,6.716239389409512,83.21213963384696,84.5527697841457,88.31930905004396
20240610,314162700,120.37,123.1,117.01,121.79,120.5106,116.6412,106.25095000000002,119.78125049911785,114.15881856878507,105.76203614457224,8.39678242421283,7.052347996370176,82.64442832970754,82.91433825512468,86.51765211840419
20240611,222551200,121.77,122.87,118.74,120.91,121.4052,117.34209999999999,107.77649999999998,120.15750033274523,115.19746186589506,106.8841075412706,8.31335432462447,7.304549262021035,80.64547113629814,80.24896463929173,84.4280896253667
20240612,299595000,123.06,126.88,122.57,125.2,121.95720000000001,118.37960000000001,109.46870000000001,121.8383335551635,116.73631388652659,108.24084031599129,8.495473570535296,7.542734123723887,83.24321948217502,84.02421781703367,84.29346568925568
20240613,260704500,129.39,129.8,127.16,129.61,123.67960000000001,120.2906,111.21770000000001,124.42888903677567,118.71688098090712,109.82374103332528,8.893139947581844,7.812815288495479,81.43159843152536,88.99361332395902,85.86018156749012
20240614,309320400,129.96,132.84,128.32,131.88,125.87800000000001,122.5153,113.09375,126.91259269118379,120.74197621461371,111.4575379938197,9.284438220794016,8.107139874955188,81.24892397747115,90.95982840910914,87.56006384802978
20240617,288504400,132.99,133.73,129.58,130.98,127.71600000000001,124.11330000000001,115.01879999999998,128.26839512745585,122.31705679698084,112.90364629057379,9.413410506407047,8.36839400124556,75.02270929176309,88.4907627990552,87.87029683170492
20240618,294335100,131.14,136.33,130.69,135.58,130.65,126.02759999999998,117.05879999999999,130.70559675163724,124.35750959744533,114.58337619497573,9.774133402469602,8.649541881490368,77.45152501124248,91.03317934015689,88.9245910011889
20240620,517768400,139.8,140.76,129.52,130.78,131.76600000000002,126.8616,118.8285,130.73039783442482,125.3455850439922,115.78312610645901,9.562458937533194,8.832125292698933,76.49041224724381,80.01510201624495,85.95476133954091
20240621,655484700,127.12,130.63,124.3,126.57,131.158,127.4188,120.40950000000001,129.3435985562832,125.5339565756857,116.58215380227685,8.951802773408858,8.856060788840919,70.34669998318154,66.76094520381241,79.5568226276314
20240624,476060900,123.24,124.46,118.04,118.11,128.404,127.14099999999999,121.12504999999999,125.5990657041888,124.3918094101956,116.69532759470079,7.6964818154948205,8.624144994171699,53.47765800420449,44.60999633305803,67.90788052944028
20240625,425787500,121.2,126.5,119.32,126.09,127.426,127.571,122.1061,125.76271046945921,124.65306950093475,117.39122925435258,7.261840246582167,8.351684044653794,59.41627485026435,41.55044356476169,59.122068207880744
20240626,362975900,126.13,128.12,122.6,126.4,125.59,128.12,122.73105000000001,125.97514031297283,124.92182803925247,118.05854560588203,6.863282433370443,8.054003722397123,54.34553594943377,39.965553925803576,52.73656344718835
20240627,252571700,124.1,126.41,122.92,123.99,124.23200000000001,127.999,123.1893,125.31342687531523,124.77846987936746,118.49791259803891,6.280557281328555,7.69931443418341,53.214991833576875,35.373162711099084,46.94876320182526
20240628,315516700,124.58,127.71,122.75,123.54,123.626,127.39199999999998,123.8413,124.72228458354348,124.58793605177247,118.87140055373973,5.716535498032741,7.302758646953277,52.82898105478751,31.65135730035714,41.849627901335886
20240701,284885500,123.47,124.84,118.83,124.3,124.864,126.63400000000001,124.57464999999999,124.58152305569567,124.54363819765364,119.27351903124048,5.270119166413153,6.896230750845252,52.68564091589984,30.285177167374236,37.99481099001533
20240702,218374000,121.13,123.41,121.03,122.67,124.17999999999999,125.803,124.95815,123.94434870379712,124.25538616724538,119.52511021411155,4.730275953133827,6.463039791302967,51.853411962931766,26.982958487169675,34.32419348906678
20240703,215749000,121.66,128.28,121.36,128.28,124.556,125.07300000000001,125.5503,125.38956580253142,124.8745575261307,120.1736205686218,4.700936957508901,6.110619224544155,53.155737704918025,45.100103116413365,37.91616336484897
20240705,214176700,127.38,128.85,125.68,125.83,124.924,124.578,125.7198,125.53637720168761,125.02154867595675,120.59261163761278,4.428937038343975,5.774282787304119,45.964987190435515,54.08770365022686,43.30667679330826
20240708,237677300,127.49,130.77,127.04,128.2,125.856,124.74099999999999,126.0799,126.42425146779175,125.51054118734803,121.15612188667849,4.354419300669534,5.490310089977202,46.080102258201954,62.217039731083624,49.61013110590005
20240709,287020800,130.35,133.82,128.65,131.38,127.272,126.06800000000001,126.6045,128.07616764519452,126.41353485083295,121.91344619136896,4.500088659463984,5.2922658038745585,50.40633888663146,69.38552037220117,56.201927528000425
20240710,248978600,134.03,135.1,132.42,134.91,129.71999999999997,126.95,127.26050000000001,130.35411176346304,127.72068333532019,122.87615388089719,4.844529454422997,5.202718533984246,49.304257528556576,79.20108241982024,63.86831249194036
20240711,374782700,135.75,136.15,127.05,127.4,129.544,127.05,127.58500000000001,129.3694078423087,127.67134743757862,123.21125359342332,4.4600938441552955,5.0541935960184565,46.67715296893434,69.29417811821735,65.67693436736602
20240712,252680500,128.26,131.92,127.22,129.24,130.22599999999997,127.575,127.78699999999999,129.3262718948725,127.91267860102806,123.6578274013179,4.25485119971016,4.894325116756797,52.753144978346064,66.2307607778108,65.86154317084761
20240715,208326200,130.56,131.39,127.18,128.44,130.274,128.065,127.72850000000001,129.030847929915,127.99380497010067,124.01206240862768,3.981742561472984,4.711808605700035,62.65001224589763,60.489819354519355,64.07096856540485
20240716,214769500,128.44,129.04,124.58,126.36,129.27,128.271,127.45250000000001,128.14056528661,127.74245035931595,124.1859837116923,3.556466647623651,4.480740214084758,50.38648726023475,51.59542160258468,59.91245291113145
20240717,390086200,121.35,121.85,116.72,117.99,125.88600000000001,127.803,126.803,124.75704352440668,126.24207338095965,123.72702195527064,2.515051425689009,4.087602456405608,40.21865550127935,36.57570910064231,52.133538307635064
20240718,320979500,121.85,122.4,116.56,121.09,124.624,127.08400000000002,126.0785,123.5346956829378,125.44944670696586,123.53168699562096,1.9177597113448996,3.6536339073934663,46.68040293040294,32.09182036010151,45.45296565845721
20240719,217223800,120.35,121.6,117.37,117.93,122.362,126.29400000000001,125.43599999999999,121.66646378862521,124.29260875204804,123.11674721816755,1.175861533880493,3.158079432690872,43.953438241000214,23.72566822713591,38.21053318135011
20240722,258068900,120.35,124.07,119.86,123.54,121.38199999999999,125.82800000000002,125.28449999999998,122.29097585908349,124.17682279019449,123.14809927608106,1.0287235141134374,2.732208248975385,49.25839188134271,27.69392004660856,34.704995469769585
20240723,173911000,122.78,124.69,122.1,122.59,120.628,124.949,125.5085,122.39065057272234,123.93269620708764,123.10675858896394,0.825937618123703,2.3509541228050486,49.92088607594937,28.722950270990694,32.71098040350995
20240724,327776900,119.17,119.95,113.44,114.25,119.88,122.883,124.9165,119.6771003818149,122.44305063676647,122.45070239718883,-0.007651760422362486,1.8792329461595665,36.83617939575905,20.60967247503276,28.67721109401755
20240725,460067000,113.04,116.63,106.3,112.28,118.11800000000001,121.37100000000001,124.2105,117.21140025454326,120.87950438495623,121.6973170344341,-0.8178126494778724,1.3398238270320788,37.17099034273812,21.68451394708575,26.346312045040282
20240726,293399100,116.19,116.2,111.58,113.06,117.144,119.753,123.66400000000002,115.82760016969551,119.67650371034759,121.05751577262417,-1.3810120622765822,0.7956566491703467,35.2206169465053,24.36546019222311,25.686028094101225
20240729,248152100,113.69,116.28,111.3,111.59,114.75399999999999,118.06800000000001,123.06650000000002,114.41506677979703,118.43242621644795,120.35621830798534,-1.9237920915373934,0.25176690102879873,30.014138557867113,25.832184626970573,25.734746938391005
20240730,486833300,111.52,111.99,102.54,103.73,110.98200000000001,115.80500000000002,122.03800000000001,110.85337785319803,116.17051449084057,119.12464658146791,-2.95413209062734,-0.389412897302429,21.043833580980703,19.01227658351838,23.493923486766796
20240731,473174200,112.9,118.34,110.88,117.02,111.53600000000002,115.70800000000001,121.75550000000001,112.90891856879868,116.3012045691728,118.96874683469251,-2.667542265519714,-0.845038770945886,41.294867494129484,34.46567122121691,27.1511727315835
20240801,523462300,117.53,120.16,106.8104,109.21,110.922,114.52000000000001,120.80199999999999,111.67594571253247,115.21025002006928,118.24587669878936,-3.035626678720078,-1.2831563525007246,34.73090410123494,33.01473641986317,29.105693961010054
20240802,482027500,103.76,108.72,101.37,107.27,109.76399999999998,113.454,119.87399999999998,110.20729714168831,113.98867309390477,117.43284879517533,-3.4441757012705665,-1.715360222254693,34.137569309156305,30.443214788770973,29.551534236930358
20240805,552842400,92.06,103.41,90.69,100.45,107.53600000000002,111.14500000000001,118.4865,106.95486476112555,111.90580031022711,116.17485999553271,-4.269059685305606,-2.226100114864876,31.873513362249895,31.33495169833912,30.14600672406661
20240806,409012100,103.84,107.71,100.55,104.25,107.64000000000001,109.311,117.13,106.0532431740837,110.72798487788447,115.29153703290066,-4.563552155016197,-2.6935905228951404,39.730941704035885,36.22759928854324,32.17320424555882
20240807,411440400,107.81,108.8,98.69,98.91,104.018,107.777,115.33,103.67216211605582,108.90983335820994,114.0780898452784,-5.1682564870684615,-3.188523715729805,33.96008099508242,33.44932362930368,32.59857737347377
20240808,391910000,102.0,105.5,97.52,104.97,103.16999999999999,107.046,114.2085,104.10477474403721,108.30370514925455,113.40341652340592,-5.099711374151369,-3.5707612474141177,41.004997223764576,38.451568088577744,34.54957427850843
20240809,290844200,105.64,106.6,103.43,104.75,102.66599999999998,106.215,112.98400000000001,104.31984982935816,107.75698128013846,112.76242270685734,-5.005441426718875,-3.8576972832750696,35.9039759939985,41.53755709920566,36.8789018854075
20240812,325559900,106.32,111.07,106.26,109.02,104.38,105.958,112.013,105.88656655290544,107.95129185242484,112.4852062100531,-4.533914357628248,-3.9929406981457056,40.30298699442618,48.42465349425609,40.72748575502369
20240813,312646700,112.44,116.23,111.58,116.14,106.758,107.199,111.502,109.30437770193697,109.21109310589794,112.75593167597509,-3.5448385700771468,-3.903320272531994,51.374545454545455,61.06943871679057,47.50813674227932
20240814,339246400,118.53,118.6,114.07,118.08,110.59200000000001,107.30499999999999,111.5065,112.22958513462466,110.57554032037518,113.15030710738435,-2.5747667870091675,-3.637609575427429,54.22002328288708,73.42524864649766,56.14717404368543
20240815,318086700,118.76,123.24,117.47,122.86,114.17,108.67,111.595,115.77305675641645,112.46545719416362,113.86954361794847,-1.4040864237848467,-3.190904945098913,56.73817381738174,81.89435419239118,64.72956742658735
20240816,302589900,121.94,125.0,121.18,124.58,118.136,110.401,111.92750000000001,118.70870450427765,114.32923301044615,114.6629107573597,-0.33367774691355123,-2.6194595054618413,58.9009181855557,87.42010803510212,72.29308096275894
20240819,318333600,124.28,130.0,123.42,130.0,122.33200000000002,113.356,112.25050000000002,122.47246966951843,116.74012023960827,115.79899144199972,0.9411287976085561,-1.907341844847762,68.62328087338722,91.61340535673475,78.7331890940842
20240820,300087400,128.4,129.88,125.89,127.25,124.554,115.65599999999999,112.4835,124.06497977967896,118.35702481813009,116.64721429814789,1.7098105199821987,-1.1839113718817698,58.52642107017837,91.58668731499885,83.01768850105574
20240821,257883600,127.315,129.35,126.66,128.5,126.638,118.61499999999998,113.196,125.54331985311931,119.91748253841777,117.52519842421101,2.3922841142067597,-0.4686722746640639,68.05165637282425,92.5093032733539,86.1815600918218
20240822,376189100,130.02,130.75,123.1,123.74,126.814,120.49199999999999,113.76899999999998,124.94221323541288,120.50556214789195,117.98555409649168,2.520008051400268,0.12906379054880246,64.63999999999999,85.46489280425851,85.94267099596736
20240823,323230300,125.86,129.6,125.22,129.37,127.772,122.95400000000002,114.5845,126.41814215694193,121.86932181744703,118.82884638564045,3.040475431806584,0.7113461188003588,76.26225935343261,87.91034585489953,86.59856261561141
20240826,331964700,129.57,131.26,124.37,126.46,127.06400000000001,124.69800000000001,115.328,126.43209477129463,122.57557999937826,119.39411702374116,3.1814629756371033,1.205369490167708,70.50027690603653,82.63249351350487,85.27653958157589
20240827,303134600,125.05,129.2,123.88,128.3,127.274,125.91400000000002,116.55649999999999,127.05472984752976,123.45625999947393,120.05381205901959,3.402447940454337,1.6447851802250337,79.00138148805999,81.26671914678428,83.93993276997868
20240828,448101100,128.12,128.33,122.64,125.61,126.696,126.667,116.98599999999999,126.57315323168652,123.78760461493948,120.46538153612924,3.3222230788102394,1.9802727599420749,71.81818181818178,68.82728366399375,78.90238306798369
20240829,453023300,121.355,124.43,116.71,117.59,125.46600000000001,126.14000000000001,117.40500000000002,123.57876882112436,122.83412698187186,120.25239031123078,2.581736670641078,2.100565542081876,61.651542649727766,47.900892431207765,68.56855285572504
20240830,333751600,119.53,121.75,117.22,119.37,123.46600000000001,125.619,118.01000000000002,122.17584588074959,122.3011843692762,120.18702806595442,2.114156303321778,2.103283694329856,59.83653297852119,38.02785726799879,58.38832099314963
20240903,477155100,116.01,116.21,107.29,108.0,119.774,123.41900000000001,118.3875,117.45056392049973,120.10100215861831,119.2842852462541,0.816716912364214,1.8459703379367276,42.842068237777,26.33925013805954,47.705297374786255
20240904,372470300,105.41,113.27,104.12,106.21,115.356,121.31500000000001,118.4855,113.70370928033316,117.96392490344627,118.31581967245751,-0.3518947690112384,1.4063973165471344,39.53447363780639,20.126436962587455,38.512343904053324
20240905,306850700,104.985,109.65,104.76,107.21,111.676,119.186,118.90050000000001,111.53913952022211,116.30947491830068,117.49316636338658,-1.1836914450858984,0.8883795642205279,35.21632344606084,17.212760971864974,31.412482926657205
20240906,413638100,108.04,108.15,100.95,102.83,108.724,117.095,118.7935,108.6360930134814,114.23570954625441,116.40700589202461,-2.1712963457702017,0.276444382222382,30.437128980032398,13.542698450615356,25.45588810130992
20240909,273912000,104.88,106.55,103.69,106.47,106.144,114.80499999999999,118.87949999999998,107.9140620089876,113.0409850006768,115.67093138150427,-2.6299463808274766,-0.3048337703875897,28.13603419438769,15.541739970026754,22.151172057548862
20240910,268283700,107.81,109.4,104.95,108.1,106.16399999999999,112.96900000000001,118.8335,107.97604133932508,112.28083346211113,115.11012164954099,-2.829288187429853,-0.8097246537960424,31.8276712848738,19.06581057656031,21.122718230552678
20240911,441422400,109.39,117.19,107.42,116.91,108.304,111.83,118.872,110.95402755955006,112.99301292947865,115.2434459717972,-2.250433042318548,-1.0978663315005437,40.38174273858922,35.36812130430538,25.87118592180358
20240912,367100500,116.84,120.79,115.38,119.14,110.68999999999998,111.18299999999999,118.925,113.68268503970003,113.9387032480204,115.53207960351594,-1.5933763554955362,-1.1969683362995422,46.01524601524603,52.729388561844615,34.82392013515059
20240913,238358300,119.08,119.955,117.6,119.1,113.944,111.33399999999999,118.737,115.48845669313337,114.73274890217111,115.7963700032555,-1.0636211010843937,-1.1702988892565127,40.1496259351621,65.64687732079962,45.09823919703359
20240916,248772300,116.79,118.18,114.36,116.78,116.006,111.075,118.34700000000001,115.91897112875559,115.0477106095294,115.86923148449584,-0.8215208749664384,-1.1005432863984979,40.60923554520762,70.36068703107071,53.51905514171263
20240917,231925900,118.17,118.8,114.83,115.59,117.50399999999999,111.83399999999999,117.62650000000001,115.80931408583707,115.1311397465249,115.84854767082948,-0.717407924304581,-1.0239162139797144,37.512281391235994,71.50389888092886,59.5140030547847
20240918,310318900,115.89,117.7,113.22,113.37,116.796,112.55,116.9325,114.99620939055805,114.86019517013645,115.66495154706433,-0.8047563769278838,-0.9800842465693483,37.86195953986513,68.5362014044902,62.52140250468653
20240919,293506400,117.35,119.66,117.25,117.87,116.542,113.61600000000001,116.401,115.95413959370538,115.32324206703854,115.828288469504,-0.5050464024654673,-0.8850766777485721,50.29850746268657,73.33212647238918,66.1249771605874
20240920,382462400,117.06,118.6181,115.3901,116.0,115.922,114.93299999999999,116.01400000000001,115.9694263958036,115.42735867210953,115.84100784213334,-0.4136491700238025,-0.7907911762036183,46.41413066609916,72.14145131829311,68.13046854648931
20240923,206228500,116.55,116.99,114.86,116.26,115.81800000000001,115.912,115.3585,116.06628426386906,115.55545733793883,115.8720442982716,-0.3165869603327707,-0.6959503330294489,61.51059085841695,70.1336925517616,68.79820988158008
20240924,354966800,116.515,121.8,115.38,120.87,116.874,117.189,115.079,117.66752284257939,116.37307928594825,116.24226323914037,0.13081604680787962,-0.5305970570619832,68.94056847545221,76.47607475478748,71.3574981726492
20240925,284692900,122.02,124.94,121.61,123.51,118.902,117.849,114.8395,119.61501522838627,117.47106708811006,116.78061411031516,0.6904529777949051,-0.2863870500906056,70.20327218641549,80.25026144062056,74.32175259530632
20240926,302582900,126.8,127.665,121.8,124.04,120.13600000000001,118.33900000000001,114.761,121.09001015225752,118.48167215147774,117.31834639843996,1.1633257530377819,0.0035555105350718874,79.06275691970404,78.46844474488353,75.70398331183205
20240927,271009200,123.97,124.03,119.26,121.4,121.21600000000001,118.569,114.95149999999998,121.19334010150503,118.930645666635,117.62069110966662,1.3099545569683784,0.2648353198217332,71.0340941110172,71.1884935659325,74.19882006319887
20240930,227053700,118.31,121.5,118.15,121.44,122.252,119.03500000000001,115.05499999999999,121.27556006767003,119.31670017946038,117.90360287932094,1.413097300139441,0.49448771588527474,69.6755162241888,66.42749692211352,71.60837901617042
20241001,302094500,121.765,122.4351,115.79,117.0,121.47800000000002,119.176,115.505,119.85037337844669,118.9602847672357,117.83666933270459,1.1236154345311178,0.6203132596144434,50.152387402641395,49.85573854419698,64.35749885884593
20241002,221845900,116.44,119.38,115.14,118.85,120.546,119.724,116.13699999999999,119.51691558563112,118.94331787996867,117.91173086361536,1.0315870163533134,0.7025680109622174,49.5025728987993,43.62372677643847,57.44624149804344
20241003,277118000,120.92,124.36,120.3401,122.85,120.30799999999999,120.22200000000001,116.91900000000001,120.6279437237541,119.54434589843504,118.27752857742162,1.26681732101342,0.8154178729724579,55.66294170945334,49.88165150968601,54.92471150192429
20241004,244465600,124.94,125.04,121.83,124.92,121.01199999999999,121.11399999999999,118.02349999999998,122.0586291491694,120.3713696063681,118.76956349761261,1.601806108755497,0.9726955201290658,62.38587948874011,59.28237845156711,56.37726715180523
20241007,346250200,124.99,130.64,124.95,127.72,122.268,122.25999999999999,119.08600000000001,123.94575276611295,121.50192812846532,119.43255879408574,2.069369334379587,1.1920302829791702,67.59501015375689,66.57534907523831,59.77662779294958
20241008,285722500,130.26,133.48,129.42,132.89,125.446,123.46200000000002,120.32549999999999,126.92716851074198,123.25393918562449,120.42940629082014,2.8245328948043493,1.5185308053442061,76.08230892570816,76.64456205161287,65.39927254583733
20241009,246191600,134.11,134.52,131.38,132.65,128.206,124.376,121.1125,128.83477900716133,124.69948700322072,121.3346354544631,3.3648515487576276,1.8877949540268906,72.28588661037396,81.21333376540272,70.67062628569246
20241010,242311300,131.91,135.0,131.0,134.81,130.598,125.453,121.896,130.82651933810757,126.25495054118676,122.33281060598435,3.9221399352024093,2.2946639502619943,78.11659192825115,87.15665688421947,76.16596981853479
20241011,170209500,134.01,135.78,133.66,134.8,132.574,126.793,122.68100000000001,132.15101289207172,127.56957353485035,123.25630611665218,4.313267418198166,2.698384643849229,77.921686746988,89.85508391764503,80.72900785157154
20241014,232347700,136.47,139.6,136.3,138.07,134.64399999999998,128.456,123.74549999999999,134.1240085947145,129.185023760258,124.35361677467796,4.831406985580031,3.1249891121953897,76.993094789705,91.15168581699638,84.20323384004648
20241015,377831000,137.87,138.57,128.74,131.6,134.386,129.916,124.54599999999998,133.28267239647633,129.55655856637213,124.8903859024796,4.666172663892539,3.4332258225348196,61.333706920706085,80.2554306674063,82.88729944916642
20241016,264879700,133.98,136.62,131.58,135.72,135.0,131.603,125.6635,134.0951149309842,130.5047803253918,125.69257953933295,4.8122007860588525,3.7090208152396267,64.86761710794299,79.55876957268092,81.77778949033791
20241017,306435900,139.34,140.89,136.87,136.93,135.424,133.011,126.6165,135.04007662065615,131.4932756599469,126.52498105493792,4.968294605008978,3.9608755731934973,70.51519154557468,78.09145909613277,80.54901269226953
20241018,176090200,138.665,138.9,137.28,138.0,136.064,134.31900000000002,127.7165,136.0267177471041,132.49431017380124,127.37498245827587,5.1193277155253725,4.1925660016598725,71.29629629629633,77.46563665393764,79.52122067949222
20241021,264554500,138.13,143.71,138.0,143.71,137.192,135.918,129.089,138.58781183140275,134.21980091629337,128.58498375766285,5.634817158630511,4.481016233054,83.2627646326277,84.97709110262508,81.33984415386983
20241022,226311600,142.91,144.42,141.78,143.59,139.59,136.988,130.225,140.25520788760184,135.6613700060944,129.69646644228044,5.964903563813948,4.77779369920599,82.19677251431551,88.22027161943716,83.63331997572561
20241023,285930000,142.03,142.43,137.46,139.56,140.358,137.67900000000003,131.0275,140.0234719250679,136.26115923592602,130.42709855766708,5.834060678258936,4.989047095016579,71.72951885565672,81.81521509323022,83.0272850148938
20241024,172354900,140.82,141.35,138.46,140.41,141.054,138.23899999999998,131.846,140.15231461671192,136.89944243039892,131.1665727385806,5.732869691818308,5.137811614376925,70.80311576685472,79.35215019820791,81.8022400759985
20241025,205122100,140.93,144.13,140.8,141.54,141.762,138.91299999999998,132.853,140.61487641114127,137.6133743641837,131.934974757945,5.678399606238685,5.245929212749277,69.43194600674917,80.11231781921343,81.23893265707014
20241028,173586700,143.0,143.14,140.05,140.52,141.124,139.158,133.807,140.58325094076088,138.06054753892468,132.5709025536528,5.4896449852718945,5.294672367253801,62.14581343521178,76.61693462090867,79.6982666450163
20241029,157593600,140.285,142.2598,138.9,141.25,140.656,140.123,135.0195,140.80550062717393,138.55123253293627,133.21379866078962,5.337433872146647,5.30322466823237,63.47962382445142,70.41570475830999,76.60407934944753
20241030,179418100,139.54,140.33,136.81,139.335,140.61100000000002,140.4845,136.04375,140.3153337514493,138.67181214325376,133.66722098221263,5.004591161041134,5.2434979667941235,57.147370083715074,58.00381193260968,70.40399021050158
20241031,270039600,137.6,137.61,132.1106,132.76,139.081,140.0675,136.53924999999998,137.79688916763286,137.7623025827532,133.60001942797464,4.1622831547785495,5.027255004391009,47.33124018838301,40.42775562325079,60.41191201475131
20241101,207127800,134.7,137.31,134.57,135.4,137.853,139.8075,137.06325,136.99792611175525,137.39887141617578,133.73335132219876,3.6655200939770225,4.754908022308212,46.44852354349563,35.85939282547449,52.227738951659035
20241104,187528200,137.21,138.96,135.57,136.05,136.959,139.04149999999998,137.47975,136.68195074117017,137.19135273676412,133.90495492796182,3.286397808802292,4.461205979607028,57.003462385898665,34.83137739135667,46.42895176489157
20241105,160537400,137.45,140.3701,137.33,139.91,136.691,138.67350000000002,137.83075000000002,137.7579671607801,137.60960616187734,134.34977308144613,3.259833080431207,4.220931399771864,56.64868295779118,44.850949710061634,45.90295107994825
20241106,242043900,142.96,146.49,141.96,145.61,137.946,139.27849999999998,138.47875,140.37531144052008,138.84043598312698,135.183863964302,3.6565720188249884,4.108059523582488,62.055555555555564,61.19401116694069,50.99997110894573
20241107,207323300,146.39,148.93,146.17,148.88,141.17000000000002,140.12550000000002,139.18225,143.2102076270134,140.38498429341513,136.1983925595389,4.1865917338762415,4.123765965641239,64.24083769633508,74.03024885633025,58.6767303580739
20241108,175665800,148.77,149.77,146.26,147.63,143.616,140.7345,139.82375,144.68347175134227,141.49960209442818,137.04517829586933,4.4544237985588495,4.189897532224761,55.80912863070538,78.64743523386893,65.3336319833389
20241111,182325600,148.68,148.85,143.57,145.26,145.458,141.2085,140.18325,144.87564783422818,142.07812484913154,137.6536836072864,4.42444124184513,4.236806274148836,52.320088913587085,77.25202131325655,69.30642842664479
20241112,198634700,146.78,149.65,146.01,148.29,147.134,141.9125,141.01775,146.0137652228188,143.03379794926514,138.44155889563555,4.592239053629584,4.3078928300449855,62.474992855101455,82.04107897887515,73.5513119440549
20241113,191903300,149.07,149.33,145.9,146.27,147.266,142.60600000000002,141.54524999999998,146.09917681521253,143.53167518783974,139.02144342188478,4.510231765954956,4.34836061722698,58.102876106194714,80.35194738942555,75.8181904258451
20241114,194463300,147.64,149.0,145.55,146.76,146.84199999999998,144.00600000000003,142.03675,146.3194512101417,144.02834054355668,139.5946698350785,4.433670708478189,4.3654226354772225,57.347972972972975,79.83557056008647,77.15731713725889
20241115,250132900,144.87,145.24,140.08,141.98,145.712,144.664,142.23575,144.8729674734278,143.71321122916333,139.771360958406,3.941850270757328,4.280708162533244,51.858452138492844,65.68352078067923,73.33271835173232
20241118,221866000,139.5,141.55,137.15,140.15,144.69,145.074,142.05775,143.29864498228523,143.16502488621512,139.79940829482038,3.3656165913947405,4.097689848305544,48.63793957404657,51.712944123199776,66.12612694222148
20241119,227834900,141.32,147.13,140.99,147.01,144.434,145.784,142.22875,144.5357633215235,143.7565595191051,140.33352619890778,3.4230333201973338,3.9627585426839023,58.46662989520131,60.518613567605925,64.25695581734962
20241120,309871700,147.41,147.56,142.73,145.89,144.358,145.812,142.54524999999998,144.98717554768234,144.08478113155047,140.74511685084053,3.3396642807099397,3.83813969028911,66.46601454727868,63.4307925632956,63.981568065998275
20241121,400946600,149.35,152.89,140.7,146.67,144.34,145.59099999999998,142.85825,145.54811703178822,144.48250711131195,141.1839970841116,3.2985100272003365,3.7302137576713554,64.82504604051566,62.44814379272648,63.470426641574335
20241122,236406200,145.93,147.16,141.1,141.95,144.334,145.023,142.87875000000003,144.3487446878588,144.09289063264856,141.2407380408441,2.852152591804469,3.5546015244979783,57.01045627376424,51.79728010578205,59.57937779631024
20241125,344941900,141.99,142.05,135.82,136.02,143.50799999999998,144.099,142.65375,141.57249645857257,142.85090745839494,140.85401670448528,1.9968907539096676,3.2430593703803163,45.59456398640997,34.92206879147434,51.36027479469827
20241126,190287700,137.7,139.3,135.67,136.92,141.49,142.962,142.43725,140.02166430571506,141.9384601571034,140.5626080597086,1.3758520973948123,2.869617915783216,38.958068614993586,25.701046248129618,42.807198612508714
20241127,226370900,135.01,137.22,131.8,135.34,139.38,141.86899999999997,142.2375,138.4611095371434,140.92331244062595,140.1757482034339,0.7475642371920515,2.445207180064983,32.023366967604844,22.729099585049894,36.1144989366891
20241129,141863200,136.78,139.35,136.05,138.25,137.696,141.01799999999997,142.512,138.39073969142893,140.51203360360657,140.03310018836473,0.4789334152418405,2.0519524271003546,38.07222787385551,25.347137987946958,32.52537862044172
20241202,171682800,138.83,140.45,137.825,138.63,137.03199999999998,140.683,142.6735,138.4704931276193,140.2224899722825,139.92916684107846,0.2933231312040334,1.7002265679210904,41.119742834181594,27.693097523812263,30.914618254898567
20241203,164414000,138.26,140.54,137.95,140.26,137.88,140.69400000000002,142.884,139.0669954184129,140.2282607457775,139.95367300099858,0.2745877447789269,1.4150988032926577,38.82549401614245,31.833331018719775,31.22085584283897
20241204,231224300,141.995,145.79,140.29,145.14,139.524,140.507,143.1455,141.09133027894194,140.98391293873482,140.33784537129497,0.6460675674398431,1.261292556122095,48.54343903067797,42.306462816020215,34.91605816723271
20241205,172621200,145.11,146.54,143.95,145.06,141.46800000000002,140.42399999999998,143.118,142.4142201859613,141.61100325585255,140.68763460305092,0.9233686528016278,1.1937077754580017,47.78530484627411,56.98035021068015,42.27082218171519
20241206,188505600,144.6,145.7,141.31,142.44,142.30599999999998,140.001,142.796,142.42281345730754,141.73854121649063,140.81743944726938,0.9211017692212522,1.1391865742106517,50.635008282716754,62.04841076912824,48.86335171085287
20241209,189308600,138.97,139.95,137.13,138.81,142.342,139.68699999999998,142.355,141.2185423048717,141.2879964139536,140.66874022895314,0.6192561850004665,1.0352004963686148,48.23776959495002,57.21816258421303,51.64828866863959
20241210,210020900,139.01,141.82,133.79,135.07,141.304,139.592,141.8455,139.16902820324782,140.33138158103765,140.25401873051217,0.07736285052547487,0.8436329671999868,32.89398280802288,45.540285684816794,49.61228767403199
20241211,184905200,137.36,140.17,135.21,139.31,140.138,139.831,141.3965,139.21601880216522,140.1742459531857,140.1840914171409,-0.009845463955201694,0.6729372809689492,41.34665965281431,44.791563005564164,48.00537945120938
20241212,159211400,137.08,138.44,135.8,137.34,138.594,140.031,140.95,138.5906792014435,139.73820811423406,139.9734179788342,-0.2352098646001366,0.49130785185513204,38.10252486610558,39.14208775534346,45.05094888592073
20241213,231514900,138.94,139.6,132.54,134.25,136.956,139.631,140.3245,137.14378613429568,138.89386840435188,139.54946109151317,-0.6555926871612883,0.261927744051848,39.75518893028206,30.166153741657563,40.08935050449968
20241216,237951100,134.18,134.4,130.42,132.0,135.594,138.968,139.82549999999998,135.42919075619713,137.8332732652208,138.99024175140107,-1.1569684861802614,-0.02185150199457389,44.07079646017697,23.377932105687364,34.51887770489557
20241217,259410300,129.09,131.59,126.86,130.39,134.658,137.981,139.3375,133.74946050413143,136.6881543013407,138.35318680685285,-1.6650325055121584,-0.3504877026980908,40.566310314937866,21.56428536043112,30.200680256740753
20241218,277444500,133.86,136.7,128.28,128.91,132.578,136.358,138.4325,132.13630700275428,135.4915151780575,137.6536914878267,-2.162176309769194,-0.7128254241123115,40.683859750796856,18.003224918277503,26.134861810586333
20241219,209719200,131.76,134.03,129.55,130.68,131.24599999999998,134.92000000000002,137.672,131.65087133516954,134.75128207374098,137.1371217479877,-2.3858396742467107,-1.0474282741391914,38.65747677554691,20.513736398281274,24.26115333981798
20241220,306528600,129.81,135.28,128.22,134.7,131.336,134.14600000000002,137.07350000000002,132.6672475567797,134.7433925239347,136.9565942110997,-2.213201687165025,-1.2805829567443583,44.69062415563361,31.144629969620656,26.555645549752203
20241223,176053500,136.28,139.79,135.1201,139.67,132.87,134.23200000000003,136.9595,135.00149837118647,135.50133213563703,137.15758723249974,-1.6562550968627079,-1.3557173847680282,49.26889714993804,52.844228644911134,35.318506581471844
20241224,105157000,140.0,141.9,138.65,140.22,134.836,134.74699999999999,137.1695,136.7409989141243,136.22728103784672,137.38443262268493,-1.1571515848382035,-1.3160042247820631,43.17046085508053,64.83941484128826,45.15880933474398
20241226,116519100,139.7,140.85,137.73,139.93,137.04,134.809,137.32,137.8039992760829,136.79693010894724,137.5729931691527,-0.7760630602054732,-1.2080159918667452,42.92023185205632,72.19347514241912,54.17036460396902
20241227,170582600,138.55,139.02,134.71,137.01,138.30599999999998,134.776,137.4035,137.53933285072193,136.82971009218613,137.5312899714377,-0.7015798792515682,-1.10672876934371,42.567752532165336,70.6245508041659,59.65509333736798
20241230,167734700,134.83,140.27,134.02,137.49,138.86399999999998,135.1,137.3655,137.52288856714796,136.93129315492672,137.5282314550349,-0.596938300108178,-1.0047706754966037,48.022768124625536,70.64243103256452,63.317539235766816
20241231,155659200,138.03,138.07,133.83,134.29,137.788,135.329,137.14849999999998,136.44525904476532,136.52494036186107,137.28836245836564,-0.7634220965045699,-0.956500959698197,48.812423873325216,61.88540236478957,62.8401602787744
20250102,198247200,136.0,138.88,134.63,138.31,137.406,136.121,137.051,137.06683936317688,136.79956492157476,137.36403931330153,-0.564474391726776,-0.8780956461039129,48.4671980380135,65.84270489036652,63.841008482638436
20250103,229322500,140.01,144.9,139.73,144.47,138.31400000000002,137.677,137.01749999999998,139.53455957545128,137.9796318567171,137.8904067715755,0.08922508514160654,-0.6846314998548091,59.68486824232543,76.36915737695097,68.01705811407595
20250106,265377400,148.59,152.156,147.8201,149.43,140.798,139.552,137.236,142.83303971696753,139.74122695568371,138.74519145516248,0.9960355005212307,-0.3484980997796011,69.62254395036192,79.28775794281361,71.7739580569885
20250107,351782200,153.03,153.13,140.01,140.14,141.328,140.096,137.12099999999998,141.93535981131168,139.8025766548093,138.84851060663195,0.9540660481773386,-0.08798527018821314,58.90201224846891,63.75660546792061,69.10150719396587
20250108,227349900,142.58,143.95,137.56,140.11,142.492,140.14,137.18599999999998,141.32690654087446,139.8498725540694,138.94195426539994,0.9079182886694639,0.11119544158332227,61.01042138649753,53.350690346489394,63.85123491147371
20250110,207602500,137.45,139.92,134.22,135.91,142.012,139.709,137.228,139.52127102724964,139.2437383149818,138.71736506055552,0.5263732544262893,0.1942310041519157,57.4690567648314,39.15952758850585,55.62066580381775
20250113,204808900,129.99,133.49,129.51,133.23,139.76399999999998,139.03900000000002,136.92399999999998,137.42418068483312,138.3185478049846,138.31089357458845,0.007654230396155981,0.15691564940076377,52.669039145907455,31.356140040657863,47.53249054943112
20250114,195590500,136.05,136.38,130.05,131.76,136.23,138.514,136.645,135.5361204565554,137.30954045037157,137.825642198693,-0.5161017483214323,0.022312169856324574,46.749226006191954,24.079368550955085,39.714783216605774
20250115,185217300,133.65,136.45,131.29,136.24,135.45,138.389,136.7445,135.77074697103694,137.144995765699,137.70818722101203,-0.5631914553130173,-0.09478855517754381,46.16588419405325,25.5505132704928,34.99335990123478
20250116,209235600,138.64,138.75,133.49,133.57,134.142,138.317,136.823,135.03716464735797,136.59499641712992,137.4016548342704,-0.8066584171404827,-0.23716252757013162,42.90288153681964,22.76328319077166,30.91666766441374
20250117,201188800,136.69,138.5,135.4649,137.71,134.502,138.257,137.189,135.92810976490534,136.76653542987916,137.42449521691702,-0.6579597870378677,-0.32132197946367885,47.81065088757398,26.747636154841302,29.52699049455626
