Date,Volume,Open,High,Low,Close,MA5,MA10,MA20,EMA5,EMA12,EMA26,EMA60,EMA120,EMA240,DIF,MACD,RSI,Volatility,K,D
20150212,6073321,86.06,86.146,85.41,86.03,,,,86.03,86.03,86.03,86.03,86.03,86.03,0.0,0.0,,,50.0,50.0
20150213,6271749,86.03,86.15,85.5,85.9,,,,85.98666666666668,86.01,86.02037037037037,86.02573770491803,86.02785123966943,86.02892116182574,-0.010370370370367255,-0.002074074074073451,,,55.40540540540553,51.80180180180184
20150217,10292980,86.06,86.06,85.0,85.49,,,,85.82111111111112,85.93,85.98108367626887,86.00817253426497,86.0189611365344,86.0244487870388,-0.05108367626885979,-0.01187599451303072,,,51.13983548766143,51.58114636375503
20150218,8131866,85.76,86.39,85.52,86.26,,,,85.96740740740742,85.98076923076924,86.00174414469339,86.01642917248579,86.02294524998011,86.02640356888911,-0.02097491392414952,-0.01369577839525448,,,64.30905099657056,55.82378124136021
20150219,7267551,86.11,86.3,85.05,85.21,85.77799999999999,,,85.71493827160495,85.86218934911243,85.94309643027165,85.98998887174854,86.0095081384102,86.01962843553733,-0.08090708115922496,-0.027138038948048577,,,47.90867188740181,53.1854114567074
20150220,9575040,84.95,85.05,84.19,84.87,85.546,,,85.43329218106997,85.70954483386436,85.86360780580709,85.95326792513383,85.99067329314722,86.0100879505951,-0.15406297194273577,-0.05252302554698602,,,42.24214489463159,49.53765593601546
20150223,7915600,84.96,85.5,84.65,85.39,85.444,,,85.41886145404665,85.66038409019292,85.82852574611768,85.93480012430976,85.98074480896298,86.00494199249889,-0.1681416559247566,-0.07564675162254014,,,46.34324811157259,48.47285332786784
20150224,6501292,85.51,85.74,85.01,85.5,85.446,,,85.44590763603111,85.63570961477862,85.80419050566452,85.92054438252912,85.97279861377352,86.00075160251964,-0.16848089088590257,-0.09421357947521262,,,50.743983589533244,49.22989674842297
20150225,5970334,85.7,85.795,85.2399,85.46,85.286,,,85.4506050906874,85.60867736635115,85.77869491265234,85.90544456670848,85.9643226036285,85.99626403735351,-0.17001754630119592,-0.1093743728404093,,,53.07174663544632,50.510513377430755
20150226,7964161,85.42,85.76,84.89,85.17,85.27799999999999,85.52799999999999,,85.35707006045827,85.54118854075867,85.73360640060402,85.88133163009509,85.95119330439498,85.98940707438793,-0.19241785984534943,-0.12598307024139732,,,50.229649272115765,50.41689200899242
20150227,7674051,85.02,85.38,84.57,85.13,85.33,85.438,,85.28138004030552,85.47792876525733,85.68889481537408,85.85669780615754,85.93761986134713,85.98227506547185,-0.2109660501167525,-0.14297966621646838,,,47.728857090501364,49.5208803694954
20150302,7235072,85.02,85.41,84.84,85.41,85.334,85.38900000000001,,85.32425336020368,85.46747818598698,85.66823594016118,85.84205197644745,85.92889887190339,85.97752589480405,-0.20075775417420516,-0.15453528380801573,,,50.304086545182685,49.781949094724496
20150303,6085191,85.35,85.44,84.54,85.16,85.26599999999999,85.35600000000001,,85.2695022401358,85.42017384968129,85.63058883348258,85.81968961656392,85.91618979964052,85.97074144754427,-0.21041498380128587,-0.16571122380666978,,,48.85991235713599,49.47460351552832
20150304,7342451,85.04,85.24,84.21,84.35,85.044,85.16499999999999,,84.96300149342386,85.2555317189611,85.53573040137276,85.77150307175854,85.89030236493572,85.95729131105013,-0.28019868241166535,-0.1886087155276689,33.33333333333333,,35.89622402209889,44.9484770177185
20150305,5904022,84.62,84.76,84.09,84.63,84.93599999999999,85.107,,84.85200099561591,85.15929606989016,85.46863926053034,85.73407674153695,85.8694709208872,85.94627644539827,-0.30934319064017757,-0.21275561055017064,36.8421052631579,,34.488000765465586,41.46165160030086
20150306,11338560,84.34,84.37,82.37,82.66,84.44199999999998,84.886,,84.12133399707727,84.77478898221474,85.26059190789846,85.63328734017509,85.81642181475684,85.91900444170201,-0.4858029256837142,-0.2673650735768794,27.374301675977662,,25.81438493853416,36.245896046378625
20150309,7078677,82.79,83.21,82.68,83.09,83.978,84.65599999999999,,83.77755599805153,84.51559067725863,85.0998073221282,85.54990087000542,85.77135699137243,85.89552722641818,-0.5842166448695707,-0.33073538783541767,33.28690807799454,,24.21688922909576,32.236227107284336
20150310,9680836,82.47,82.88,81.54,81.54,83.254,84.26,,83.03170399870102,84.05780749614192,84.83611789085944,85.4184287103331,85.70141720639107,85.85938177225704,-0.7783103947175221,-0.42025038921183855,20.351758793969893,,16.14459281939717,26.872349011321944
20150311,10066380,81.53,81.78,80.811,81.39,82.662,83.853,,82.48446933246736,83.64737557365855,84.58084989894392,85.28634908048612,85.63015411207056,85.82229146709308,-0.9334743252853741,-0.5228951764265457,22.94617563739382,,14.932428913514688,22.89237564538619
20150312,6951008,81.59,82.115,81.51,82.09,82.154,83.545,84.5365,82.35297955497825,83.40777933155724,84.39634249902215,85.18155074997837,85.5716391680694,85.79131809392219,-0.9885631674649176,-0.6160287746342201,31.266846361186012,,19.165005176158914,21.64991882231043
20150313,7483326,81.98,82.28,81.15,81.83,81.98800000000001,83.215,84.3265,82.17865303665216,83.1650440497792,84.20624305465014,85.07166384014302,85.50979389256412,85.758444084844,-1.041199004870947,-0.7010628206815656,25.139664804469348,,20.114468057959137,21.138101900859997
20150316,15618240,82.08,83.95,81.99,83.56,82.08200000000001,83.03,84.20949999999999,82.63910202443478,83.22580650365933,84.15837319875014,85.02210109128586,85.47756589433992,85.74019973559218,-0.9325666950908129,-0.747363595563415,38.95216400911167,,34.099041021856124,25.45841494119204
20150317,7509223,83.36,83.37,82.43,82.85,82.344,82.799,84.0775,82.70940134962319,83.16799011848097,84.06145666550938,84.95088466206337,85.43413505311116,85.71621467554579,-0.8934665470284102,-0.7765841858564141,36.19047619047624,,39.943802312029916,30.286877398137996
20150318,12602820,82.86,84.05,82.02,83.75,82.816,82.739,83.952,83.05626756641547,83.25753010025313,84.03838580139758,84.91151139445473,85.40629811008453,85.6998975413089,-0.7808557011444464,-0.7774384889140206,42.942345924453306,,54.15566028444586,38.243138360240614
20150319,9239424,83.46,83.75,83.12,83.38,83.074,82.614,83.86049999999999,83.16417837761031,83.27637162329111,83.98961648277553,84.86129790611196,85.37280557933934,85.6806452795553,-0.7132448594844192,-0.7645997630281003,41.57844080846972,,62.541974613835535,46.34275044477225
20150320,22145260,83.99,84.79,83.77,84.74,83.65599999999999,82.822,83.854,83.6894522517402,83.50154521970786,84.04520044701438,84.85732092558369,85.36234598298662,85.67283909466273,-0.543655227306516,-0.7204108558837835,47.07933740191805,,74.60911736423742,55.76487275126064
20150323,9879242,84.37,85.05,84.36,84.86,83.916,82.999,83.8275,84.07963483449348,83.71053826282973,84.10555596945775,84.85740876408914,85.35404274359843,85.66609354200993,-0.3950177066280247,-0.6553322260326317,48.67724867724869,,81.57868184430329,64.36947578227486
20150324,7456443,84.89,85.11,83.87,83.92,84.13,83.237,83.74849999999999,84.02642322299566,83.74276314547132,84.09181108283126,84.82667405051245,85.33033955775383,85.65160313917168,-0.34904793735994133,-0.5940753682980937,48.12554489973849,,77.7022862127005,68.81374592575007
20150325,8481956,84.37,84.37,82.86,83.01,83.982,83.399,83.626,83.68761548199711,83.63003035386035,84.01167692854746,84.76711096688909,85.29198683779096,85.62968112141922,-0.3816465746871103,-0.5515896095758971,43.305785123967,,67.458089798366,68.36186054995538
20150326,7307573,82.58,82.61,81.95,82.15,83.736,83.405,83.475,83.17507698799808,83.40233337634338,83.87377493384024,84.6813040499419,85.24005317105062,85.60080409966471,-0.4714415574968598,-0.5355599991600897,47.67970882620569,,47.08176450692758,61.26849520227944
20150327,6441373,82.08,82.54,81.9901,82.31,83.25,83.453,83.33399999999999,82.88671799199872,83.23428208767517,83.75793975355577,84.60355637617332,85.19162254012417,85.57349452207414,-0.5236576658806058,-0.5331795325041929,46.36194029850746,,35.18531135904876,52.57410058786921
20150330,6410945,82.63,82.95,82.15,82.72,82.822,83.369,83.1995,82.83114532799915,83.15516176649437,83.68105532736645,84.54180042941353,85.15076927499815,85.5498140696088,-0.5258935608720776,-0.5317223381777699,56.158663883089716,,31.579237108564115,45.57581276143418
20150331,8649198,82.76,82.93,81.94,81.94,82.42600000000002,83.27799999999999,83.0385,82.53409688533277,82.96821380241832,83.55208826608005,84.4564954973016,85.09769870846927,85.51985710637554,-0.5838744636617292,-0.5421527632745619,52.69343780607245,,21.05282473904274,37.40148342063703
20150401,7394887,82.44,82.45,81.4503,82.32,82.288,83.13499999999999,82.937,82.46273125688852,82.86848860204627,83.46082246859264,84.38644646460318,85.05178633312268,85.49330227561724,-0.5923338665463689,-0.5521889839289232,51.16279069767436,,21.956630816273545,32.253199219182534
20150402,6169783,82.17,82.59,81.915,82.43,82.34400000000001,83.03999999999999,82.827,82.45182083792568,82.80102881711608,83.38446524869688,84.32230067887849,85.0084510218314,85.46788067996897,-0.5834364315808074,-0.5584384734593001,53.08008213552365,,23.56107181796626,29.355823418777106
20150406,6851886,81.92,83.225,81.51,83.04,82.49000000000001,82.87,82.846,82.64788055861713,82.83779361448283,83.35894930434897,84.28025803366936,84.97591464130527,85.44773229258334,-0.5211556898661343,-0.550981916740667,46.983758700696086,,30.186710118718562,29.632785652090924
20150407,6330108,82.93,83.29,82.33,82.39,82.424,82.623,82.811,82.56192037241142,82.76890228917779,83.2871752818046,84.21828236043429,84.9331722505399,85.42235692086066,-0.5182729926268053,-0.5444401319178946,47.313084112149575,,30.85274458189142,30.039438628691087
20150408,6523054,82.3,83.18,82.27,82.77,82.59,82.508,82.8725,82.63128024827428,82.76907116776582,83.24886600167092,84.17079769287906,84.89741733730784,85.40034566010664,-0.47979483390510325,-0.5315110723153363,43.9054726368159,,44.48000369890208,34.85296031876142
20150409,6184986,82.63,82.95,82.01,82.89,82.704,82.49600000000001,82.94749999999999,82.71752016551619,82.78767560349415,83.22228333488049,84.12880432589942,84.86423688545152,85.37951291603936,-0.4346077313863361,-0.5121304041295364,46.8549422336329,,55.73911065386383,41.81501043046222
20150410,6995586,82.8,83.63,82.715,83.35,82.888,82.616,83.01050000000001,82.9283467770108,82.87418704911043,83.23174382859304,84.10326975783714,84.83920817660109,85.36267048520087,-0.3575567794826071,-0.4812156792001505,39.912917271407835,,66.21080561307424,49.94694215799956
20150413,8286169,83.0,83.95,82.94,83.43,82.966,82.728,83.09049999999999,83.09556451800721,82.95969673386267,83.24642947091948,84.08119533954739,84.8159154794672,85.34663172598758,-0.28673273705680913,-0.44231909077148224,39.562043795620504,,70.5397049755309,56.81119643051
20150414,6779917,83.39,83.88,83.05,83.6,83.208,82.816,83.0925,83.26370967867147,83.05820492865303,83.272619880481,84.06541844316878,84.79581770294708,85.33213685689225,-0.2144149518279761,-0.39673826298278103,47.36842105263152,,75.69257658314575,63.10498981472191
20150415,7004309,83.85,84.2,83.48,83.51,83.356,82.973,83.1255,83.34580645244766,83.1277118627064,83.29020359303797,84.04720800240915,84.77456451777441,85.3170153892002,-0.16249173033156694,-0.34988895645253826,54.75285171102662,,75.24486518182457,67.15161493708946
20150416,7514765,83.56,84.07,83.35,83.5,83.478,83.09100000000001,83.113,83.39720430163177,83.18498696075157,83.30574406762776,84.02926675642851,84.75349733566244,85.30193642331471,-0.12075710687618368,-0.30406258653726737,65.30612244897954,,74.82247517697841,69.70856835038578
20150417,9108958,83.0,83.22,82.03,82.53,83.314,83.101,83.07050000000001,83.10813620108786,83.08421973602056,83.24828154409977,83.98011046933249,84.71674531358538,85.27893280154447,-0.1640618080792109,-0.27606243084565607,52.107279693486575,,57.796414197133196,65.73785029930158
20150420,7415328,83.09,83.98,82.8,82.87,83.202,83.084,82.977,83.02875746739191,83.05126285355585,83.22026068898127,83.94371340476421,84.68622059765835,85.25894165796319,-0.16899783542541513,-0.2546495117616079,51.456310679611704,,51.620744928986824,61.03214850919666
20150421,7685744,83.39,83.8,82.9,83.08,83.098,83.153,82.888,83.04583831159461,83.0556839530088,83.20987100831599,83.91539493247686,84.65967149687062,85.2408591545776,-0.15418705530719023,-0.23455702047072435,62.44541484716158,,50.699979115519284,57.588092044637534
20150422,6742352,83.22,83.34,82.6,83.09,83.01400000000001,83.18499999999999,82.8465,83.0605588743964,83.06096334485359,83.20099167436665,83.8883328035432,84.63372651345126,85.22300970101264,-0.14002832951305777,-0.21565128227919106,59.144893111639064,,50.08262816610657,55.086270751793876
20150423,14553690,81.415,82.1,80.9,80.95,82.504,82.991,82.74350000000001,82.3570392495976,82.73619975333766,83.03425155033949,83.79199402309915,84.57283847190662,85.18754903959345,-0.2980517970018326,-0.23213138522371937,38.1410256410256,,33.89346928245486,48.022003595347535
20150424,8785441,81.04,81.53,80.9,81.0,82.19800000000001,82.756,82.686,81.90469283306507,82.46909209897802,82.88356625031435,83.70045323545655,84.5137832905528,85.15279759528147,-0.4144741513363215,-0.2685999384462398,32.04225352112667,,23.605747198404192,39.88325146303309
20150427,9188488,80.91,81.2,80.47,80.6,81.744,82.473,82.6005,81.46979522204339,82.18153946836603,82.7144131947355,83.59879903101535,84.4490926576511,85.11501504262354,-0.5328737263694734,-0.32145469603088656,33.517495395948345,,16.898916362832423,32.22180642963286
20150428,8395450,80.73,80.82,80.19,80.42,81.212,82.155,82.4855,81.11986348136226,81.91053339630972,82.54445666179213,83.49457611196566,84.38249608479737,85.07605226218683,-0.6339232654824087,-0.383948409921191,27.533460803059285,,13.241889259070447,25.895167372778722
20150429,11837960,80.0,80.31,79.72,79.85,80.564,81.789,82.381,80.69657565424151,81.59352825841592,82.34486727943715,83.37508181321269,84.30757879413956,85.03268253386993,-0.7513390210212378,-0.4574265321412004,23.23943661971822,,9.845140570209683,20.54515843858904
20150430,9388417,79.95,80.15,79.07,79.51,80.276,81.39,82.2405,80.30105043616102,81.27298544942886,82.13487711058995,83.24835781933686,84.22827997109593,84.98685114354736,-0.8618916611610956,-0.5383195579451795,15.467625899280605,,9.550528200913792,16.88028169269729
20150501,8185224,79.76,80.32,79.63,80.29,80.134,81.166,82.1335,80.29736695744069,81.1217569187475,81.99821954684255,83.15136248099795,84.16318443438361,84.94787312575858,-0.8764626280950552,-0.6059481719751547,24.920127795527065,,14.964622747050434,16.241728710815003
20150504,7193074,80.48,80.9651,80.295,80.35,80.084,80.914,81.999,80.31491130496046,81.00302508509404,81.8761292100394,83.0595145308013,84.10015659249298,84.9097165023083,-0.8731041249453568,-0.6593793625691952,23.577235772357625,,19.96860876345125,17.48402206169375
20150505,6589434,80.5,80.65,79.78,80.07,80.014,80.613,81.883,80.23327420330698,80.85948276431034,81.7423418611476,82.96149766093896,84.03354243393937,84.8695528798825,-0.882859096837251,-0.7040753094228064,22.870662460567686,,24.31350595231183,19.760516691899774
20150506,7335056,80.34,80.58,79.52,80.4,80.124,80.34400000000001,81.7645,80.28884946887132,80.7887931082626,81.64290913069222,82.8775141310721,83.97348388131228,84.83246115473825,-0.854116022429622,-0.7340834520241696,26.726726726726753,,34.23068418501016,24.5839058562699
20150507,7216008,80.37,80.55,80.0,80.2,80.262,80.269,81.63000000000001,80.25923297924756,80.69820955314528,81.53602697286317,82.78972678251236,83.91111224691042,84.79401749370308,-0.8378174197178936,-0.7548302455629144,30.220713073005115,,40.50433718750293,29.89071630001424
20150508,6929376,80.89,81.21,80.82,80.96,80.39599999999999,80.265,81.51050000000001,80.49282198616504,80.73848500650755,81.49335830820664,82.72973574046277,83.86233353208546,84.76219992114123,-0.7548733016990923,-0.7548388567901501,34.86529318541986,,56.44214379478388,38.74119213160412
20150511,5227572,80.95,80.99,80.26,80.27,80.38,80.232,81.3525,80.4185479907767,80.66641039012177,81.4027391742654,82.64908866700497,83.80295611833198,84.72492025374586,-0.7363287841436374,-0.7511368422608475,29.307805596465343,,56.31968464823602,44.600689637148086
20150512,6298308,80.03,80.29,79.36,79.95,80.35600000000001,80.185,81.16999999999999,80.26236532718447,80.55619340702611,81.29512886506056,82.56059395661137,83.73927089323558,84.68529435952391,-0.7389354580344474,-0.7486965654155675,27.887323943661897,,51.253621541191755,46.818333605162636
20150513,6459619,80.16,80.59,79.55,79.7,80.216,80.17,80.9795,80.07491021812298,80.42447134440671,81.17697117135238,82.46680399082084,83.67250608508293,84.64392262210048,-0.752499826945666,-0.7494572177215872,38.003838771593045,,40.29520715358737,44.64395812130421
20150514,5634148,80.11,80.69,80.09,80.57,80.28999999999999,80.276,80.833,80.23994014541532,80.44686036834413,81.1320103438448,82.40461369603982,83.62122499276751,84.61011413561002,-0.6851499755006643,-0.7365957692774027,46.43449419568815,,48.66527323752667,45.984396493378355
20150515,7199134,80.83,81.12,80.73,81.05,80.308,80.352,80.759,80.50996009694354,80.53965108090658,81.12593550356,82.36020013223524,83.5787254061102,84.5805696199618,-0.5862844226534207,-0.7065334999526063,53.68248772504096,,62.89396594213495,51.620919642963884
20150518,5580524,80.97,81.13,80.5,80.74,80.402,80.39099999999999,80.6525,80.58664006462904,80.57047399153633,81.09734768848148,82.30707881642424,83.53180432501748,84.54869767290819,-0.5268736969451453,-0.6706015393511141,52.56410256410252,,66.79417549295482,56.67867159296086
20150519,5718135,80.75,80.95,80.33,80.83,80.578,80.467,80.53999999999999,80.66776004308603,80.61040106976151,81.07754415600137,82.25865000277098,83.48714640228992,84.5178371113073,-0.467143086239858,-0.6299098487288629,58.506944444444514,,71.0159368151231,61.45776000034827
20150520,5469358,80.93,81.0,80.45,80.48,80.734,80.475,80.40950000000001,80.60517336205736,80.59033936672128,81.03328162592719,82.2003336092375,83.43744150307852,84.4843280896367,-0.4429422592059069,-0.5925163308242718,58.40554592720972,,67.52413805692905,63.47988601920852
20150521,6055592,80.17,80.58,79.84,80.41,80.702,80.496,80.38250000000001,80.54011557470491,80.56259484876416,80.98711261659925,82.14163414663955,83.38740114765574,84.45051623827042,-0.4245177678350842,-0.5589166182264343,51.18577075098805,,64.7901033373877,63.91662512526825
20150522,5986335,80.24,80.4,79.92,79.95,80.482,80.39500000000001,80.33,80.34341038313661,80.46834948741584,80.91028945981412,82.06977728937267,83.3305845997606,84.41316755579516,-0.44193997239828775,-0.5355212890608051,46.33699633699641,,54.30451333603634,60.712587862190944
20150526,6666214,79.97,80.0651,78.94,79.14,80.16199999999999,80.28200000000001,80.257,79.94227358875774,80.2639880278134,80.7791569072353,81.97371901758996,83.26131873860754,84.36940682919105,-0.5151688794219069,-0.5314508071330255,42.23706176961608,,39.247148921132336,53.55744154850474
20150527,8094509,79.22,79.94,79.09,79.39,79.874,80.226,80.2055,79.75818239250516,80.12952833122672,80.67625639558824,81.88900691865258,83.19732999912642,84.32808395094051,-0.5467280643615169,-0.5345062585787238,41.45516074450077,,33.014081015914755,46.70965470430808
20150528,5799033,79.43,79.45,79.02,79.33,79.64399999999999,80.189,80.1795,79.61545492833677,80.00652397257646,80.57653369961874,81.80510505246725,83.13340718922352,84.28660607582897,-0.5700097270422759,-0.5416069522714343,42.4610051993067,,27.945460403303912,40.45492327064002
20150529,12504320,79.18,79.24,78.19,78.39,79.24,79.971,80.12349999999999,79.20696995222453,79.75782797679547,80.41456824038772,81.69313439500931,83.05500376460826,84.23767158557312,-0.6567402635922548,-0.5646336145355985,28.403361344537828,,20.8978806316811,33.93590905765372
20150601,7577343,78.65,79.07,78.27,78.85,79.02000000000001,79.751,80.0515,79.08797996814968,79.61816213421154,80.29867429665529,81.59991687386146,82.98549957015193,84.192960618058,-0.6805121624437476,-0.5878093241172283,37.58741258741254,,21.761101915782607,29.877640010363343
20150602,7361858,78.46,78.72,78.17,78.54,78.9,79.531,79.961,78.90531997876646,79.45229103664055,80.16840212653268,81.49959173045616,82.91202023841389,84.14604808180856,-0.7161110898921379,-0.6134696772722102,37.653239929947446,,18.865469592853948,26.20691653786021
20150603,5985530,78.91,78.93,78.27,78.56,78.734,79.304,79.88550000000001,78.79021331917764,79.315015492542,80.049261228271,81.4032116737199,82.84008601959714,84.09969083631637,-0.7342457357290044,-0.6376248889635691,39.59854014598535,,17.97117059993861,23.461667891886343
20150604,7714304,78.41,78.84,78.06,78.15,78.498,79.071,79.773,78.57680887945176,79.13578233984323,79.90857521136205,81.296548995893,82.7625639366286,84.0503158086291,-0.772792871518817,-0.6646584854746187,25.896414342629512,,13.262831682010402,20.062055821927697
20150605,9425609,78.04,78.12,77.37,77.43,78.30600000000001,78.773,79.6345,78.19453925296784,78.87335428755966,79.72497704755746,81.169776897667,82.67442238395705,83.9953754284745,-0.8516227599977952,-0.7020513403792541,15.589353612167244,,9.583975280122283,16.56936230799256
20150608,10915900,77.48,77.9834,77.1,77.71,78.078,78.549,79.472,78.03302616864524,78.69437670485817,79.57571948847912,81.05634158954678,82.59236581562719,83.94321463653696,-0.8813427836209513,-0.7379096290275936,21.032504780114493,,13.54894126656038,15.562555294181832
20150609,11513490,77.97,79.33,77.82,78.9,78.15,78.525,79.4035,78.32201744576349,78.72601105795691,79.52566619303623,80.98564186529934,82.53133497569947,83.90136223291425,-0.7996551350793197,-0.7502587302379389,34.755134281200625,,34.564542404657345,21.896550997673668
20150610,9460977,79.23,79.79,79.01,79.54,78.346,78.53999999999999,79.38300000000001,78.728011630509,78.85124012596354,79.52672795651503,80.9382437713551,82.48189142238212,83.86516835546269,-0.6754878305514893,-0.735304550300649,42.90030211480362,,53.27846817063899,32.35719005532877
20150611,7616616,79.93,79.93,79.24,79.41,78.598,78.548,79.36850000000001,78.955341087006,78.9372031835076,79.51808144121762,80.88813741819591,82.43111635754936,83.82819600396508,-0.5808782577100118,-0.7044192917825216,42.51497005988021,,62.72745934579692,42.480613152151484
20150612,6504311,79.17,79.32,78.57,78.87,78.886,78.596,79.2835,78.92689405800401,78.92686423219874,79.47007540853483,80.82196897825506,82.37225493015185,83.7870491491604,-0.5432111763360865,-0.6721776686932346,42.01183431952661,,62.66636276763378,49.20919635731225
20150615,7512404,78.33,78.455,77.93,78.12,78.968,78.523,79.137,78.65792937200268,78.80273127339893,79.37006982271743,80.73337983142702,82.3019697246948,83.7400196956404,-0.5673385493184924,-0.6512098448182861,42.388059701492544,,53.791709454040955,50.736700722888486
20150616,8280135,79.6,79.6,78.535,79.1,79.008,78.579,79.05499999999999,78.80528624800179,78.84846492364525,79.35006465066428,80.67982639433104,82.24904460527836,83.70151330812472,-0.5015997270190269,-0.6212878212584343,48.04845222072674,,59.418265666651465,53.63055570414281
20150617,9305676,79.2,80.19,79.16,80.08,79.11600000000001,78.73100000000001,79.0175,79.2301908320012,79.03793185846907,79.40413393580026,80.66015995517265,82.21319262833161,83.67145925577513,-0.36620207733119514,-0.5702706724729865,54.49101796407188,,71.75888692771372,59.67333277866644
20150618,10707590,80.33,81.22,80.3,80.82,79.398,78.998,79.03450000000001,79.76012722133413,79.31209618793537,79.50901290351875,80.6654006123801,82.19016465100383,83.64779569348654,-0.19691671558338442,-0.4955998810950661,64.90797546012271,,77.93634533044988,65.76100362926093
20150619,15392840,80.71,81.2,80.48,80.54,79.732,79.309,79.04100000000001,80.02008481422276,79.50100446671455,79.58538231807292,80.66128911689222,82.1628892022269,83.62200485785596,-0.08437785135836862,-0.41335547514772664,60.60225846925985,,78.6242302203,70.04874582627394
20150622,6907185,80.92,81.18,80.33,80.45,80.19800000000001,79.583,79.066,80.16338987614851,79.6470037795277,79.64942807228974,80.65436160486297,82.13457698400829,83.59568116608952,-0.0024242927620434784,-0.33116923867059,62.32258064516132,,77.94806837381705,72.68185334212164
20150623,7165265,80.33,80.45,79.62,79.79,80.33599999999998,79.672,79.0985,80.03892658409902,79.6690031980619,79.65984080767568,80.62602188011336,82.09582364542965,83.56409874977342,0.009162390386222796,-0.26310291285922743,57.330154946364765,,70.81036371830969,72.05802346751766
20150624,8842707,79.8,79.85,79.5,79.51,80.22200000000001,79.66900000000001,79.1045,79.86261772273268,79.64454116759084,79.6487414885886,80.58943099879816,82.05308275872834,83.53045477674625,-0.004200320997753693,-0.21132239448693269,58.23244552058113,,63.215014515347306,69.1103538167942
20150625,5855728,79.71,79.9,79.39,79.39,79.936,79.667,79.1075,79.70507848182179,79.60538098796148,79.62957545239685,80.55010539228019,82.00906486188985,83.49609415619234,-0.02419446443536799,-0.17389680847661976,62.793733681462136,,56.93564290891438,65.05211684750093
20150626,7702091,79.54,79.74,79.28,79.34,79.696,79.714,79.155,79.58338565454787,79.56455314365972,79.60812541888598,80.51042980564804,81.96494808731316,83.46160374825713,-0.04357227522625351,-0.1478319018265465,60.969044414535745,,47.95088794796658,59.35170721432281
20150629,7923604,78.95,79.37,78.26,78.32,79.27000000000001,79.734,79.1285,79.16225710303192,79.37308342925053,79.51270872119072,80.43861243497106,81.9047010114898,83.41893483748322,-0.1396252919401917,-0.14619057984927555,46.00550964187318,,32.64293430765326,50.44878291209962
20150630,8444119,78.92,79.01,78.13,78.24,78.96000000000001,79.648,79.1135,78.85483806868795,79.19876290167352,79.41843400110251,80.36652678136545,81.84412744105197,83.37595612513897,-0.219671099428993,-0.16088668376521906,40.298507462686466,,22.94857972182277,41.28204851534067
20150701,8867990,78.39,79.765,78.12,79.72,79.002,79.612,79.17150000000001,79.14322537912531,79.27895322449298,79.44077222324307,80.34532918197641,81.80901789657177,83.34561624028305,-0.16181899875009265,-0.16107314676219378,51.925465838509325,,32.6150704638991,38.39305583152681
20150702,6591981,80.01,80.35,79.77,79.93,79.11,79.523,79.26050000000001,79.40548358608355,79.37911426687867,79.47701131781766,80.33171183174767,81.777959749521,83.31727087729315,-0.09789705093898249,-0.14843792759755153,56.86528497409328,,41.46015590839461,39.415422523816076
20150706,6593739,79.61,80.22,79.5,80.05,79.252,79.474,79.39150000000001,79.62032239072236,79.48232745658964,79.51945492390523,80.32247537824774,81.7493984313471,83.29015659615379,-0.03712746731558525,-0.12617583554115827,63.6107193229901,,55.25097661418001,44.69394055393738
20150707,11589400,80.06,81.83,80.06,81.72,79.93199999999999,79.601,79.59200000000001,80.32021492714824,79.82658477096047,79.68245826287522,80.36829585764946,81.74891250686203,83.2771262509575,0.1441265080852503,-0.07211536681587656,66.8380462724936,,69.17899788654229,52.85562633147235
20150708,6724559,81.21,81.69,80.89,80.99,80.482,79.72099999999999,79.6965,80.54347661809884,80.00557172927424,79.77931320636594,80.3886796000216,81.73636849848414,83.25814595011967,0.22625852290829584,-0.012440588871042083,56.04249667994686,,71.90549544637406,59.20558270310625
20150709,10418950,81.75,82.0,80.52,80.66,80.66999999999999,79.836,79.7525,80.58231774539922,80.10625300169359,79.84454926515365,80.39757535084057,81.71857728363317,83.23658457294026,0.2617037365399426,0.04238827621115486,48.876404494382044,,69.75830280617373,62.723156070795405
20150710,6892363,81.23,81.3599,80.76,80.95,80.874,79.99199999999999,79.8295,80.70487849693282,80.23606023220226,79.92643450477189,80.41568763441957,81.7058735268789,83.2176087673557,0.3096257274303724,0.09583576645499838,52.875175315567986,,70.81824998074813,65.42152070744632
20150713,7332427,81.52,82.04,81.34,81.91,81.24600000000001,80.249,79.98150000000001,81.10658566462189,80.49358942724807,80.07336528219619,80.46468148247138,81.70924751817016,83.2067572423154,0.42022414505187555,0.16071344217437383,59.12499999999994,,79.44005781029459,70.09436640839574
20150714,6112511,82.04,82.46,81.98,82.04,81.31,80.62100000000001,80.1775,81.4177237764146,80.73149874613298,80.21904192795944,80.51633126993133,81.71471450134091,83.1970746095991,0.5124568181735469,0.23106211737420848,65.06024096385536,,83.06756542191691,74.41876607956945
20150715,6673662,81.91,82.32,81.84,82.15,81.542,81.012,80.33000000000001,81.66181585094307,80.94972970826637,80.3620758592217,80.5698941791139,81.72190930297164,83.18838519375181,0.5876538490446706,0.3023804637083009,68.08219178082186,,85.22071929028706,78.01941714980865
20150716,6623398,82.45,82.55,82.1,82.3,81.87,81.27000000000001,80.441,81.87454390062872,81.15746359930232,80.50562579557565,80.62661896012656,81.73146452110434,83.18101270251736,0.6518378037266643,0.3722719317119736,69.84993178717593,,87.41490575636624,81.15124668532783
20150717,5827266,81.89,82.38,81.6,82.24,82.128,81.501,80.512,81.99636260041915,81.32400766094811,80.63409795886635,80.6795166991388,81.73987006621006,83.17320346847158,0.6899097020817635,0.4357994857859316,69.75476839237047,,87.46000410531506,83.25416582532357
20150720,5012781,82.09,82.35,82.0,82.19,82.184,81.715,80.5945,82.06090840027943,81.45723725157148,80.74934996191328,80.72904074178999,81.74731023040493,83.165044103588,0.7078872896582027,0.49021704656038584,80.37676609105182,,85.72867268761564,84.07900144608759
20150721,7502207,82.01,82.13,81.37,81.63,82.102,81.706,80.6535,81.91727226685296,81.4838161359451,80.81458329806786,80.75858038960016,81.74537121833212,83.15230514837151,0.6692328378772459,0.5260202048237579,74.74452554744522,,75.37904944363208,81.17901744526908
20150722,6095841,81.03,81.3,80.67,80.83,81.838,81.69000000000001,80.7055,81.55484817790197,81.3832290381074,80.81572527598875,80.76092201617064,81.73024111554977,83.13303290647632,0.5675037621186476,0.5343169162827359,58.99513776337115,,53.089579061712115,71.81587131741675
20150723,5380845,80.83,80.89,80.14,80.7,81.518,81.69399999999999,80.765,81.26989878526798,81.27811687839856,80.80715303332292,80.7589245730175,81.71321233678036,83.11284176202423,0.47096384507564437,0.5216463020413177,56.321839080459746,,43.13855754874864,62.25676672786071
20150724,5484416,80.51,80.73,80.23,80.29,81.128,81.628,80.80999999999999,80.94326585684533,81.12609889710647,80.76884540122492,80.74354999685299,81.6896881659245,83.08941568931034,0.357253495881551,0.48876774080936436,51.88087774294678,,30.833727162513007,51.78242020607814
20150727,8590457,79.83,80.07,79.425,79.97,80.684,81.434,80.8415,80.61884390456356,80.94823752832086,80.70967166780085,80.7181877018742,81.66126356814063,83.06352842217913,0.23856586052001205,0.43872736475149393,32.60437375745528,,26.369151441675353,43.31133061794388
20150728,8562889,80.14,80.66,79.91,80.23,80.404,81.253,80.937,80.48922926970904,80.83773944704073,80.67414043314893,80.70218154771439,81.63760631908046,83.04001366348885,0.16359901389179754,0.38370169457955466,41.66666666666677,,26.16610096111697,37.59625406566824
20150729,8904631,80.26,80.99,80.16,80.62,80.362,81.1,81.05600000000001,80.53281951313937,80.80424107057293,80.67013003069346,80.69948707074015,81.62078637992211,83.01993056254703,0.13411103987947115,0.333783563639538,49.567099567099646,,30.924044746779707,35.37218429270539
20150730,22056140,79.4,79.48,77.15,77.39,79.7,80.60900000000001,80.9395,79.48521300875959,80.27897321356171,80.42715743582727,80.590979297929,81.55085602653497,82.97320914709022,-0.14818422226555583,0.23739000645851924,26.45502645502644,,22.154491369647978,30.966286651686254
20150731,11876940,77.63,77.74,76.66,76.7,78.982,80.055,80.77799999999999,78.55680867250639,79.72836194993684,80.15107169984006,80.46340620619361,81.47067658807985,82.92114932014341,-0.42270974990321974,0.10537005518617144,14.26611796982175,,15.01341472175195,25.648662675041486
20150803,9487840,76.51,77.09,76.01,76.4,78.268,79.476,80.5955,77.8378724483376,79.21630626533117,79.87321453688894,80.33017977320365,81.38686375191325,82.86703189839949,-0.6569082715577679,-0.04708561016261641,12.198391420911506,,12.466410066549194,21.25457847221072
20150804,13333100,76.03,76.34,75.75,75.91,77.40400000000001,78.904,80.30499999999999,77.19524829889174,78.70764376297252,79.57964308971198,80.18525584621337,81.29633707832791,82.80929719384847,-0.8719993267394557,-0.21206835347798428,10.204081632653015,,9.328751749200714,17.279302897874054
20150805,10887670,76.05,76.54,75.75,75.77,76.434,78.398,80.044,76.72016553259449,78.25569856866906,79.29744730528887,80.04049335945227,81.2049926638101,82.75087978975014,-1.0417487366198088,-0.3780044301063492,8.301404853129043,,6.346394295904776,13.63500003055096
20150806,9352802,76.01,76.01,75.25,75.74,76.104,77.902,79.798,76.39344368839633,77.86866801964305,79.03393269008228,79.89949357717515,81.11466220655704,82.69269821473148,-1.1652646704392282,-0.5354564781729251,8.3333333333334,,7.07645798588771,11.448819348996542
20150807,10045310,75.59,75.72,75.34,75.48,75.85999999999999,77.421,79.5245,76.0889624589309,77.50118063200566,78.77067841674285,79.75459214841531,81.02152729405198,82.63284179801171,-1.2694977847371973,-0.6822647394857796,8.11485642946323,,6.053294870963491,9.650311189652191
20150810,9152101,75.95,76.5,75.8,76.38,75.856,77.062,79.248,76.1859749726206,77.32869130400479,78.59359112661376,79.6439497828935,80.94480783464617,82.58095099470872,-1.2648998226089674,-0.7987917561104172,18.56287425149698,,10.597666963917568,9.96609644774065
20150811,7480270,76.04,76.45,75.81,76.22,75.91799999999999,76.661,78.957,76.19731664841373,77.15812341108098,78.4177695616794,79.53168913427403,80.8667118373793,82.5281630196489,-1.259646150598428,-0.8909626350080194,20.10376134889752,,14.708925336071113,11.54703941051747
20150812,10478920,75.89,76.43,75.34,76.39,76.042,76.238,78.669,76.26154443227583,77.03995057860698,78.26756440896241,79.42868293315028,80.79271660039782,82.47722390745264,-1.2276138303554376,-0.9582928740775031,22.19354838709677,,25.066994400754275,16.053691073929738
20150813,5940531,76.49,76.51,75.63,75.78,76.05,76.077,78.34299999999999,76.10102962151723,76.84611202805206,78.08330037866891,79.30905398452241,80.70986178055654,82.42164528581404,-1.2371883506168473,-1.014071969385372,21.635220125786148,,26.31277887586517,19.473387007908215
20150814,5586111,75.74,75.81,75.38,75.62,76.078,75.969,78.012,75.94068641434482,76.65747940835175,77.9008336839527,79.18810139486594,80.62573183377049,82.36520009672014,-1.2433542756009501,-1.0599284306284877,22.079589216944797,,27.10257609812207,22.0164500379795
20150817,8663445,75.81,75.81,74.75,75.53,75.90799999999999,75.882,77.679,75.80379094289655,76.4840210378361,77.72521637403028,79.0681636442146,80.54150486131148,82.30847644446521,-1.2411953361941812,-1.0961818117416264,19.160104986876576,,32.59352373021915,25.54214126872605
20150818,7425663,75.58,75.8,75.0,75.13,75.69,75.804,77.354,75.57919396193104,76.27571010893824,77.53297812410212,78.93904352473214,80.45205849996749,82.24890402583895,-1.2572680151638735,-1.1283990524260759,14.023591087811184,,28.925985517115684,26.67008935152259
20150819,9861143,74.93,74.93,74.02,74.12,75.236,75.639,77.0185,75.0927959746207,75.94406239987082,77.28016492972418,78.78104209769174,80.34739637600109,82.18144424139216,-1.3361025298533633,-1.1699397479115334,19.77818853974115,,20.622678430419935,24.654285711155037
20150820,10694660,73.75,74.725,73.46,73.91,74.862,75.456,76.679,74.69853064974714,75.63112972296761,77.03052308307794,78.62133579940676,80.24099313011678,82.11280155059222,-1.3993933601103237,-1.2158304703512914,21.703853955375152,,18.666485073831883,22.65835216538065
20150821,15394120,73.55,73.9,71.83,71.84,74.106,75.09200000000001,76.2565,73.74568709983143,75.04787899635721,76.64603989173884,78.39899692073769,80.10213373953634,82.02755008544209,-1.5981608953816249,-1.2922965553573582,15.970149253731265,,12.515548453779695,19.277417594846995
20150824,23690540,68.57,71.07,65.02,69.14,72.828,74.36800000000001,75.715,72.2104580665543,74.13897453537918,76.09003693679522,78.0954232512053,79.92094144632087,81.9205994623264,-1.9510624014160385,-1.4240497245690944,12.008978675645295,,20.29612136547309,19.616985518389026
20150825,21062930,72.18,72.23,68.3,68.42,71.486,73.588,75.1245,70.94697204436953,73.25913229916699,75.52188605258816,77.7781962593625,79.73084324059656,81.80856129251455,-2.2627537534211655,-1.5917905303395088,11.275026343519443,,23.394397127315692,20.87612272136458
20150826,17430110,69.9,71.0,68.95,70.9,70.84200000000001,73.039,74.6385,70.93131469624636,72.89618886852593,75.17952412276681,77.55268162790799,79.58487888951232,81.71803381290863,-2.283335254240882,-1.7300994751197836,29.731993299832524,,33.76123231410173,25.171159252276965
20150827,13016330,71.4,71.75,70.02,71.48,70.356,72.60900000000001,74.343,71.11420979749758,72.67831365798348,74.90548529885815,77.35357731223887,79.45091394918981,81.63307087670192,-2.2271716408746727,-1.8295139082707614,33.686786296900465,,42.46423828663317,30.9355189303957
20150828,10013180,71.17,71.27,70.59,71.21,70.23,72.168,74.0685,71.14613986499839,72.45241924906294,74.63174564709088,77.15214854790317,79.3147004954842,81.54657236320233,-2.179326398027939,-1.8994764062221972,27.77300085984524,,47.44987561718648,36.440304492659294
20150831,9482767,71.0,71.0,70.3,70.67,70.53599999999999,71.68199999999999,73.782,70.9874265766656,72.17820090305325,74.33828300656563,76.93961908731617,79.17181288398861,81.45631035188946,-2.16008210351238,-1.951597545680234,26.894254787676957,,50.63762309897867,41.17274402809909
20150901,15358610,69.37,69.88,68.52,68.9,70.632,71.059,73.4315,70.29161771777707,71.67386230258352,73.93544722830151,76.67602501887957,79.0020308528483,81.35210860623063,-2.2615849257179974,-2.0135950216877867,22.48346803820722,,47.08487942130094,43.14345582583304
20150902,8897312,69.65,69.85,69.2238,69.81,70.414,70.628,73.1335,70.13107847851805,71.3871142560322,73.62985854472362,76.45090944449008,78.85009645858635,81.25632347256897,-2.242744288691412,-2.059424875088512,28.54061826024443,,49.3704000946811,45.219103915449054
20150903,8199320,70.18,70.46,69.7,69.93,70.10400000000001,70.22999999999999,72.843,70.06405231901203,71.16294283202726,73.35579494881817,76.23710913483467,78.70265684770062,81.16232908690449,-2.1928521167909167,-2.086110323428993,29.48810382119683,,55.61355383103569,48.68392055397793
20150904,11480800,69.28,69.28,68.5,68.76,69.614,69.922,72.507,69.62936821267469,70.79325931940768,73.01536569335016,75.99195801565976,78.53831541220144,81.05940519406711,-2.2221063739424807,-2.1133095335316905,27.357859531772604,,40.97731408922317,46.115051732393006
20150908,9182153,70.31,70.44,69.56,69.98,69.476,70.006,72.187,69.74624547511647,70.66814250103727,72.79052379013903,75.79484463809715,78.39685565332208,80.96745992274705,-2.1223812891017673,-2.115123884645706,33.67152821813572,,42.497696572302665,44.90926667902956
20150909,11018430,70.44,70.54,68.37,68.48,69.39200000000001,70.012,71.8,69.32416365007765,70.33150519318538,72.47122573161022,75.55501366635626,78.23294068384568,80.86382954994417,-2.1397205384248394,-2.120043215401533,32.656826568265686,,29.4166103381426,39.7450478987339
20150910,12527070,68.12,68.9465,67.75,68.32,69.09400000000001,69.754,71.3965,68.98944243338511,70.02204285577224,72.16372752926873,75.3178001035249,78.06909042460858,80.75973137940522,-2.141684673496485,-2.1243715070205234,32.757557063541014,,25.008800831488944,34.83296554298558
20150911,10676860,68.06,68.51,67.73,68.42,68.792,69.44800000000001,71.02850000000001,68.79962828892342,69.77557472411497,71.88641437895252,75.09164272308146,77.90960132668117,80.65732696961763,-2.110839654837548,-2.1216651365839283,37.99157303370788,,23.706173031390165,31.12403470578711
20150914,9677088,68.23,68.3,67.33,68.06,68.652,69.13300000000001,70.6505,68.55308552594894,69.5116401511742,71.6029762768079,74.8610970600296,77.74679799896744,80.55278483708969,-2.0913361256336884,-2.1155993343938806,45.462184873949596,,23.38459302819575,28.544220813256654
20150915,11015900,68.02,69.74,67.9,69.45,68.546,69.011,70.3465,68.8520570172993,69.50215705099356,71.4434965525999,74.68368404166797,77.60966084195971,80.46064554383584,-1.9413395016063362,-2.0807473678363717,54.097056483691325,,37.604266587852194,31.564236071455163
20150916,8696807,70.12,70.36,69.7,70.1,68.86999999999999,69.131,70.095,69.26803801153287,69.59413288930224,71.34397828944435,74.53339931899033,77.48553421647277,80.37466508289114,-1.7498454001421067,-2.014566974297519,46.27560521415265,,53.83378935555659,38.98742049948897
20150917,10895940,70.0,71.27,69.86,70.24,69.25399999999999,69.174,69.901,69.59202534102191,69.69349706017883,71.26220211985589,74.39263212820376,77.36577332033274,80.2905599784688,-1.5687050596770575,-1.9253945913734267,43.98058252427181,,60.5084822438059,46.16110774759461
20150918,18193100,69.44,70.78,69.37,69.94,69.558,69.175,69.70250000000001,69.7080168940146,69.73142058938208,71.16426122208878,74.24664418957413,77.2430332654512,80.20466321516201,-1.4328406327067,-1.8268837996400815,43.852855759922576,,62.42020643664894,51.58080731061272
20150921,7736711,70.15,70.88,70.01,70.65,70.076,69.364,69.643,70.02201126267641,69.87274049870791,71.12616779823036,74.12872142926022,77.13405750899747,80.12537140424782,-1.2534272995224427,-1.7121924996165538,49.904761904761926,,69.70145742138702,57.621024014204146
20150922,10195070,70.06,70.6528,69.98,70.19,70.224,69.385,69.69550000000001,70.07800750845095,69.92154965275284,71.05682203539848,73.99958302174349,77.0192796989314,80.04292018927481,-1.1352723826456383,-1.5968084762223709,57.01849836779101,,70.66391577669457,61.96865460170095
20150923,5574443,70.18,70.49,69.96,70.26,70.256,69.563,69.7875,70.13867167230065,69.97361893694472,70.99779818092452,73.87697374234206,76.9075560675441,79.96173412961278,-1.0241792439798019,-1.4822826297738572,52.69461077844313,,71.89777126229728,65.27836015523306
20150924,13396290,69.82,71.58,69.74,71.36,70.47999999999999,69.86699999999999,69.8105,70.5457811148671,70.18690833126091,71.02462794530048,73.79445001308494,76.81586092593182,79.89035044388986,-0.8377196140395711,-1.3533700266270001,57.66345123258301,,79.53969064545309,70.0321369853064
20150925,15069350,72.39,73.38,71.95,72.67,71.026,70.292,69.86999999999999,71.25385407657807,70.56892243414384,71.1465073567597,73.75758279954117,76.74733429905692,79.83043052319368,-0.5775849226158556,-1.1982130058247713,70.64413938753952,,82.04105897044808,74.03511098035361
20150928,9206783,72.31,72.67,71.75,71.77,71.25,70.663,69.898,71.42590271771871,70.75370359812172,71.19269199699973,73.69241615037588,76.66506431064276,79.76353898358212,-0.4389883988780099,-1.046368084435419,59.78142076502724,,74.64416400191132,74.23812865420618
20150929,9023525,71.77,72.41,71.35,72.28,71.66799999999999,70.946,69.97850000000001,71.71060181181248,70.98851842917992,71.2732333305553,73.64610742413404,76.59258390881396,79.70143492562708,-0.2847149013753807,-0.8940374478234114,73.28431372549007,,73.9523021858129,74.14285316474175
20150930,11037500,72.86,73.06,71.55,71.94,72.00399999999999,71.13,70.1305,71.78706787454166,71.13490020930608,71.32262345421788,73.59016947580177,76.51568169544514,79.63702467728163,-0.18772324491179404,-0.752774607241088,71.70263788968819,,70.66479331090767,72.98349988013038
20151001,8541398,71.76,72.18,71.395,71.95,72.12199999999999,71.301,70.2375,71.84137858302778,71.26030017710515,71.36909579094248,73.53639342741482,76.4402158822973,79.57323194137058,-0.10879561383733005,-0.6239788085603365,71.39393939393932,,67.34795744536709,71.10498573520928
20151002,9078922,71.36,72.42,71.29,72.42,72.072,71.549,70.362,72.03425238868519,71.43871553447359,71.44694054716896,73.49979036422089,76.37376603300314,79.51386902069531,-0.008225012695376677,-0.5008280493873446,76.07655502392335,,69.44076283903598,70.55024476981818
20151005,9183371,72.97,73.43,72.5,73.22,72.36200000000001,71.806,70.58500000000001,72.4295015924568,71.71275929840073,71.5782782844157,73.49061690965627,76.32163766882127,79.46163774251526,0.13448101398502388,-0.3737662367128709,74.25997425997416,,77.73015625583422,72.94354859849018
20151006,8830856,73.34,73.775,72.59,73.4,72.586,72.127,70.756,72.75300106163787,71.97233479095446,71.71322063371825,73.48764586343803,76.27334613710522,79.41133369485954,0.2591141572362119,-0.24719015792305435,72.60273972602735,,82.05554407142355,75.9808804228013
20151007,8025562,73.72,73.87,73.323,73.72,72.94200000000001,72.473,71.018,73.07533404109192,72.24120636157686,71.86187095714652,73.4952640318499,76.23114206872332,79.36410270983995,0.37933540443033564,-0.12188504545237636,73.26203208556143,,86.09904488482493,79.35360191014252
20151008,6851171,73.68,74.44,73.49,74.4,73.432,72.777,71.322,73.51688936072796,72.5733284597958,72.04988051587641,73.52492750621548,76.20087525767003,79.32290683672925,0.5234479439193933,0.00718155242197758,78.37150127226452,,90.30941616660294,83.00553999562932
20151009,6875466,74.59,74.91,74.32,74.48,73.84400000000001,72.958,71.625,73.83792624048532,72.86666254290414,72.22988936655223,73.5562413584707,76.172431038535,79.28271673849913,0.6367731763519089,0.13309987720796385,76.48686030428756,,89.58012643151068,85.19706880758977
20151012,6249472,74.69,74.76,73.91,74.33,74.066,73.214,71.9385,74.00195082699021,73.09179138245734,72.38545311717799,73.58161049425854,76.14197763293937,79.24161535477715,0.7063382652793564,0.24774755482224237,79.91329479768774,,87.71271780516918,86.03561847344957
20151013,8376674,74.24,74.28,73.66,74.11,74.208,73.397,72.1715,74.03796721799348,73.2484388620793,72.51319733072036,73.59893474034843,76.10839122578335,79.19902933523544,0.7352415313589376,0.34524635012958144,77.2277227722771,,84.44199603217541,85.50441099302485
20151014,8478970,74.21,74.61,73.9,74.21,74.30600000000001,73.624,72.377,74.09531147866232,73.39637134483633,72.63888641733367,73.61896966689437,76.07701285841503,79.15762660216295,0.7574849275026594,0.42769406560419704,73.476112026359,,83.18232516325502,84.73038238310157
20151015,8600065,74.64,74.84,74.03,74.27,74.28,73.85600000000001,72.57849999999999,74.15354098577488,73.53077575332304,72.75970964567932,73.64031492371751,76.04714487728421,79.11706538554749,0.7710661076437191,0.4963684740121015,66.59751037344384,,79.93621124299986,83.132325336401
20151016,8968190,74.72,75.04,74.34,74.9,74.364,74.10400000000001,72.8265,74.40236065718327,73.74142563742718,72.9182496719253,73.68161607375956,76.02818380493241,79.08206899230643,0.8231759655018891,0.5617299723100591,84.39560439560431,,84.71937892390466,83.66134319890222
20151019,7287288,74.65,75.19,74.53,75.16,74.53,74.298,73.052,74.65490710478885,73.95966784705377,73.08430525178268,73.73008767789858,76.01383365939634,79.04952070191385,0.8753625952710848,0.6244564969022642,83.48837209302312,,89.27730064307443,85.53332901362629
20151020,8529907,74.87,75.05,74.164,74.43,74.594,74.401,73.264,74.57993806985924,74.03202663981473,73.18398634424322,73.7530356228855,75.98765459064599,79.01118443052867,0.8480402955715078,0.6691732566361129,76.54584221748411,,77.9495729777361,83.00541033499621
20151021,8320070,73.75,74.54,73.5,73.59,74.47,74.388,73.43050000000001,74.2499587132395,73.9640225413817,73.21406142985484,73.74769019262696,75.94802393625515,78.96619534811765,0.7499611115268578,0.6853308276142619,64.85507246376812,,53.74152991415155,73.25078352804799
20151022,13985620,73.86,75.61,73.61,74.85,74.586,74.433,73.60499999999999,74.449972475493,74.10032676578452,73.3352420646804,73.78383149778674,75.929874780284,78.9320360506229,0.7650847011041151,0.7012816023122326,69.2551505546751,,57.15470082744376,67.88542262784657
20151023,16443240,76.76,78.45,76.31,77.03,75.012,74.688,73.82300000000001,75.30998165032867,74.55104572489459,73.60892783766704,73.89026325195766,75.94805866821319,78.91625151908246,0.9421178872275533,0.7494488592952968,74.77243172951887,,61.87417765600627,65.8816743038998
20151026,11454270,77.0,77.9,77.0,77.49,75.478,75.00399999999999,74.10900000000001,76.03665443355244,75.00319253644926,73.89641466450652,74.00828740763117,75.97354530179645,78.9044154068909,1.1067778719427395,0.8209146618247853,75.65872020075281,,68.11813863935765,66.62716241571908
20151027,9423215,77.12,77.36,76.805,77.29,76.05,75.322,74.3595,76.45443628903497,75.35500906930322,74.14779135602456,74.11588454180719,75.99530488358494,78.89101776865945,1.2072177132786663,0.8981752721155616,72.73885350318481,,70.93397794812398,68.06276759318737
20151028,10161940,77.39,77.54,75.69,76.51,76.63399999999999,75.55199999999999,74.588,76.47295752602332,75.53269998171811,74.32276977409681,74.1943801306004,76.00381224088106,78.87125828510212,1.2099302076212979,0.9605262592167089,63.27044025157237,,67.55867890144295,67.89473802927256
20151029,8230730,76.75,77.19,76.24,77.02,77.06800000000001,75.827,74.8415,76.65530501734888,75.7615153691461,74.5225646056452,74.28702340500693,76.02060873276733,78.85589514580667,1.2389507635008954,1.0162111600735462,65.15513126491648,,68.74282297133229,68.17743300995913
20151030,9539662,76.98,77.14,76.38,76.38,76.938,75.975,75.0395,76.5635366782326,75.85666685081593,74.66015241263445,74.35564558844932,76.02654908429184,78.83534829812363,1.196514438181481,1.0522718156951332,61.555806087936894,,65.2224880414942,67.19245135380416
20151102,7139186,76.57,76.77,76.05,76.6,76.76,76.119,75.20849999999999,76.57569111882174,75.97102579684424,74.80384482651337,74.42923097899197,76.03602761182421,78.81679768984046,1.1671809703308753,1.0752536466222817,64.03607666290871,,64.35707956975028,66.2473274257862
20151103,8013181,76.3,77.42,75.96,77.05,76.712,76.381,75.391,76.73379407921449,76.13702182809898,74.97022669121608,74.51515783213976,76.05278748600894,78.80213546834801,1.1667951368828966,1.0935619446744047,65.40130151843826,,66.59617976826324,66.3636115399452
20151104,6376014,77.03,77.14,76.509,77.06,76.82199999999999,76.728,75.558,76.842529386143,76.27901846992991,75.12502471408897,74.59859528026632,76.06943562673607,78.78767791259409,1.1539937558409434,1.1056483069077125,65.21264994547445,,60.94334689864894,64.5568566595131
20151105,6854151,77.09,77.26,75.96,76.39,76.696,76.882,75.6575,76.69168625742867,76.29609255147915,75.2187265871194,74.6573298612412,76.07473421141812,78.76778017058086,1.0773659643597426,1.0999918383981186,58.08903365906624,,51.18696731403142,60.10022687768587
20151106,9479152,75.88,76.0,74.695,75.57,76.53399999999999,76.736,75.712,76.31779083828579,76.18438600509774,75.24474683992537,74.68725347234803,76.06639149717981,78.74124257580426,0.9396391651723661,1.0679213037529682,52.09825997952916,,44.37654880103554,54.85900085213576
20151109,8607149,75.19,75.63,74.93,75.4,76.29400000000001,76.527,75.7655,76.0118605588572,76.0637112350827,75.25624707400497,74.71062221095957,76.05537676168923,78.71351442164821,0.807464161077732,1.0158298752179211,55.26601520086864,,37.84447131551179,49.18749100659443
20151110,6550992,75.38,76.24,75.23,75.77,76.038,76.375,75.8485,75.93124037257147,76.01852489122383,75.29430284630091,74.74535590896089,76.05065979042165,78.68908691607437,0.7242220449229251,0.9575083091589219,62.47139588100687,,38.37949463847574,45.58482555055486
20151111,5292707,76.02,76.43,75.92,75.96,75.818,76.32,75.936,75.94082691504765,76.00952106180478,75.34361374657492,74.7851803053884,76.04916128148906,78.66643889187459,0.6659073152298589,0.8991881103731094,57.23598435462845,,41.06033587519174,44.076662325433816
20151112,7668112,75.67,76.01,74.66,74.66,75.47200000000001,76.08399999999999,75.9555,75.51388461003177,75.80190243691173,75.29297569127307,74.78107603308058,76.02619993799338,78.63319043634037,0.5089267456386608,0.8211358374262198,32.54786450662726,,27.373557250127824,38.508960633665154
20151113,8457349,74.64,74.98,73.95,73.96,75.15,75.842,75.9085,74.99592307335452,75.518532831233,75.19423675117876,74.7541555074058,75.99204787290259,78.59440877296825,0.32429608005423916,0.7217678859518237,24.893314366998467,,18.345099646098575,31.787673637809625
20151116,7390411,74.25,75.325,74.01,75.3,75.13,75.71199999999999,75.9155,75.09728204890301,75.4849123956587,75.20207106590627,74.77205204814659,75.98060906508601,78.5670692810764,0.28284132975242926,0.6339825747119449,37.821297429620486,,25.82523259387431,29.800193289831185
20151117,8750800,75.33,76.01,74.87,75.07,74.99,75.514,75.9475,75.088188032602,75.42107971940351,75.19228802398729,74.78182083345325,75.96555767558047,78.53804795924174,0.2287916954162199,0.5529443988527999,40.551181102362115,,28.495774397930198,29.36538699253085
20151118,6429414,74.98,75.96,74.81,75.9,74.978,75.398,76.063,75.35879202173467,75.4947597625722,75.24471113332156,74.81848244547118,75.96447407763699,78.51615544505717,0.2500486292506423,0.4923652449323684,42.94710327455927,,45.20686035130829,34.64587811212333
20151119,7899384,76.14,76.96,76.02,76.22,75.28999999999999,75.381,76.13149999999999,75.64586134782311,75.60633518371495,75.31695475307552,74.86443384070162,75.96869764660167,78.49710021314797,0.28938043063942587,0.4517682820737799,48.950131233595826,,55.27633436488108,41.522696863042576
20151120,9533185,76.55,76.86,75.68,75.82,75.662,75.40599999999999,76.071,75.70390756521542,75.63920669391264,75.35421736395881,74.8957638787114,75.96623983426115,78.47488361386874,0.28498932995383086,0.4184124916497901,45.0,,57.5596381923127,46.86834397279928
20151123,9412828,75.82,76.06,75.4,75.97,75.79599999999999,75.463,75.995,75.79260504347695,75.69009797177223,75.39983089255445,74.93098473514709,75.96630198576096,78.45409619798602,0.2902670792177844,0.392783409163389,42.800000000000026,,60.74297031204016,51.493219419212906
20151124,7075430,75.62,76.69,75.61,76.45,76.072,75.53099999999999,75.953,76.01173669565131,75.80700597611497,75.47762119680968,74.9807885143226,75.97429699426078,78.4374646942683,0.3293847793052862,0.38010368319176846,46.173149309912176,,68.18080634313206,57.055748393852625
20151125,4261583,76.53,76.74,75.88,75.9,76.072,75.525,75.9225,75.97449113043422,75.82131274902035,75.50890851556451,75.01092659582021,75.97306894476887,78.41640689597563,0.3124042334558368,0.36656379324458216,46.87898089171978,,67.04855528080353,60.386684022836256
20151127,2390080,75.89,76.37,75.5,75.7,75.96799999999999,75.629,75.85650000000001,75.88299408695615,75.80264924917107,75.52306344033751,75.03351916644905,75.9685554084917,78.39386410015841,0.2795858088335592,0.3491681963623776,50.89903181189494,,63.79508205160918,61.522816699093894
20151130,8745541,75.58,75.81,74.84,74.84,75.772,75.717,75.7795,75.5353293913041,75.6545493646832,75.47246614846065,75.02717427574581,75.94990160008687,78.36437145202432,0.18208321622255141,0.3157512003344124,46.46464646464646,,42.995170980142575,55.346934792776786
20151201,8383561,74.87,76.22,74.87,75.94,75.766,75.781,75.7465,75.67021959420273,75.69846484703963,75.50709828561172,75.05710298801644,75.94973793727553,78.34425218686229,0.19136656142791253,0.29087427255311243,50.98265895953758,,46.18282716505629,52.292232250203284
20151202,8104035,75.73,76.46,75.65,75.79,75.63399999999999,75.853,75.68350000000001,75.71014639613516,75.7125471782643,75.528053968159,75.0811323982454,75.94709764079164,78.32305507327837,0.18449321010530184,0.2695980600635503,49.012775842044206,,45.72565836160996,50.10337428733884
20151203,11178640,75.83,76.2,75.17,75.74,75.602,75.837,75.61749999999999,75.72009759742345,75.71677068930056,75.54375367422129,75.10273461469637,75.94367453929095,78.3016189315914,0.17301701507926737,0.2502818510666937,57.33695652173909,,45.335257389588044,48.514001988088566
20151204,11959700,75.98,77.9,75.92,77.83,76.02799999999999,75.998,75.6895,76.4233983982823,76.04188289094662,75.71310525390861,75.19215315191944,75.97485347252582,78.2977050815367,0.32877763703801577,0.2659810082609581,72.11428571428567,,62.794311026609805,53.27410500092898
20151207,9454228,77.54,78.5,77.54,78.37,76.734,76.25300000000001,75.8295,77.07226559885487,76.40005475387791,75.9099122721376,75.2963448518565,76.01444267132705,78.29830503936628,0.49014248174030683,0.31081330295682785,69.30817610062891,,74.01223649497123,60.18681549894306
20151208,8312676,77.68,78.5,77.35,77.75,77.096,76.43100000000001,75.947,77.29817706590325,76.60773863789669,76.04621506679408,75.3767925616317,76.04312956932165,78.29375479007695,0.5615235711026116,0.36095535658598465,66.0671462829736,,75.84422323708463,65.40595141165691
20151209,10075970,77.6,78.99,77.44,77.7,77.47800000000001,76.556,76.04350000000001,77.4321180439355,76.77577884745105,76.16871765443896,75.4529632973159,76.07051585743204,78.28882736443316,0.6070611930120862,0.41017652387120496,61.90476190476187,,73.5347030415906,68.11553528830147
20151210,8984147,77.91,78.54,77.57,77.79,77.888,76.745,76.135,77.55141202929035,76.93181287092013,76.28881264299905,75.52958745150227,76.09893708292904,78.2846877182553,0.6430002279210782,0.45674126468117965,60.70941336971351,,72.71791447752634,69.64966168470976
20151211,12280440,77.51,78.33,77.11,77.78,77.878,76.953,76.291,77.6276080195269,77.06230319847087,76.39927096573986,75.6033714694858,76.12672324684758,78.28049943843575,0.6630322327310125,0.4979994582911463,64.12103746397695,,72.0222989720726,70.44054078049737
20151214,12168250,77.63,78.53,77.44,78.29,77.862,77.298,76.50750000000001,77.84840534635127,77.25117962947536,76.53932496827765,75.69145765081413,76.16247988739555,78.28057828127031,0.7118546611977052,0.5407704988724581,65.8904109589041,,75.23999687143417,72.0403594774763
20151215,14113320,78.71,80.0,78.48,79.68,78.24800000000002,77.672,76.7265,78.45893689756753,77.62484430186377,76.77196756322004,75.8222295311153,76.22062071570306,78.29219173951704,0.8528767386437295,0.6031917468267124,69.6711327649208,,81.28491164789888,75.12187686761715
20151216,14094240,79.98,81.23,79.8,80.99,78.90599999999999,78.19200000000001,77.02250000000001,79.30262459837836,78.1425605631155,77.08441441038893,75.99166462845578,76.29945343114599,78.31458018981151,1.0581461527265645,0.6941826280066828,78.37235228539566,,86.01668309483271,78.75347894335566
20151217,9853321,80.98,81.03,80.2,80.29,79.406,78.647,77.24199999999999,79.63174973225225,78.47293586109772,77.32186519480456,76.132593657031,76.36541287856507,78.33097371520726,1.1510706662931653,0.7855602356639794,74.23442449841608,,83.07261073636099,80.1931895410241
20151218,21033300,79.95,80.12,78.13,78.13,79.476,78.67699999999999,77.3375,79.13116648816816,78.42017649785193,77.38172703222644,76.19808238958736,76.39457960784499,78.3293058835458,1.0384494656254901,0.8361380816562816,65.27390900649948,,63.6341676753733,74.67351558580717
20151221,9089798,78.63,78.98,78.15,78.95,79.60799999999999,78.735,77.494,79.07077765877878,78.50168780587471,77.49789540020966,76.28830919648613,76.43681796143433,78.3344568720641,1.0037924056650525,0.8696689464580358,64.34699714013345,,57.30950984183463,68.88551367114965
20151222,9867352,79.16,79.745,78.88,79.6,79.592,78.92,77.6755,79.24718510585252,78.67065891266321,77.65360685204598,76.39688922283084,76.48910196207179,78.34495930466107,1.0170520606172317,0.8991455692898751,67.33393994540484,,58.35197096251752,65.37433276827227
20151223,8253571,79.95,80.43,79.5,79.92,79.37800000000001,79.14200000000001,77.849,79.47145673723502,78.86286523379195,77.8214878259685,76.51240105159047,76.54581102054995,78.35803018180081,1.0413774078234468,0.9275919369965895,68.56127886323269,,61.635941806726876,64.12820244775713
20151224,2498020,79.66,80.15,79.6,79.79,79.27799999999999,79.342,78.04350000000001,79.57763782482336,79.00550135167012,77.96730354256343,76.61986331219406,76.59943397888797,78.36991374875683,1.0381978091066912,0.9497131114186099,60.53763440860218,,61.75905355276958,63.33848614942795
20151228,4149917,79.74,79.9653,79.47,79.92,79.636,79.55600000000001,78.2545,79.69175854988224,79.14619345141318,78.11194772459577,76.72806451507293,76.65431936766669,78.3827775350742,1.0342457268174172,0.9666196344983714,58.71766029246343,,60.42001419647005,62.365662165108645
20151229,4405379,80.22,80.61,79.85,80.36,79.918,79.763,78.5305,79.91450569992149,79.33293292042654,78.27847011536645,76.84714436703774,76.71557028720939,78.3991860202603,1.0544628050600977,0.9841882686107167,64.98277841561423,,64.25850408796926,62.99660947272885
20151230,3786357,80.46,80.5,80.0,80.07,80.012,79.80199999999999,78.737,79.966337133281,79.44632785574554,78.41117603274671,76.95281176483978,76.77101540642907,78.41305169644072,1.0351518229988272,0.9943809794883389,63.240223463687094,,65.13785330002541,63.710357415161035
20151231,5077734,79.91,80.04,79.31,79.41,79.91,79.64399999999999,78.918,79.78089142218734,79.4407389548616,78.48516299328399,77.03337531353355,76.8146349864881,78.42132512634578,0.9555759615776083,0.9866199759061929,58.508403361344484,,60.62953660861908,62.683417146313715
20160104,11518700,78.36,78.5,77.54,78.37,79.626,79.452,79.0495,79.31059428145824,79.2760098848829,78.47663240118888,77.07719907374556,76.84034349910814,78.42089919168731,0.7993774836940162,0.9491714774637576,52.7962085308057,,49.43163461204355,58.26615630155699
20160105,7944629,78.44,78.96,78.21,78.62,79.36600000000001,79.501,79.08900000000001,79.08039618763883,79.1750852872086,78.48725222332304,77.12778271067194,76.86975930904025,78.42255148055298,0.687833063885563,0.8969037947481188,51.60349854227405,,44.68080743951655,53.73770668087684
20160106,9550999,77.67,78.285,77.12,77.86,78.866,79.392,79.0635,78.67359745842589,78.9727644737919,78.44078909566949,77.1517898349122,76.88612692376687,78.41788300353595,0.5319753781224108,0.8239181114229772,40.57971014492748,,36.855017758149486,48.11014370663438
20160107,11972000,76.85,77.6,76.07,77.18,78.288,79.15,79.035,78.1757316389506,78.696954554747,78.34739731080508,77.15271475835769,76.8909843299856,78.4076101155398,0.34955724394191634,0.7290459379267651,28.90365448504987,,32.71979157444923,42.98002632923932
20160108,9665450,77.36,77.48,75.671,75.97,77.6,78.755,78.9485,77.4404877593004,78.27742308478592,78.171293806301,77.11393722529678,76.87576144849824,78.38738098595026,0.10612927848492859,0.6044626060383979,27.358490566037716,,23.831146734994178,36.597066464490936
20160111,10205470,76.17,77.04,75.6,76.67,77.25999999999999,78.44300000000001,78.8925,77.18365850620027,78.03012722558809,78.0600868576861,77.09938190643459,76.87236043282059,78.37312886158553,-0.02995963209801289,0.4775781584111157,40.965346534653506,,23.006526299710067,32.06688640956398
20160112,8762405,77.0,77.02,75.75,76.51,76.838,78.102,78.829,76.95910567080018,77.79626149857454,77.94526560896861,77.0800579095023,76.86637100417893,78.35766721128192,-0.14900411039407402,0.3522617046500778,33.557951482479766,,21.528160390282967,28.55397773647031
20160113,9240175,76.97,76.99,75.79,75.85,76.436,77.65100000000001,78.70700000000001,76.58940378053346,77.49683665264,77.79006074904501,77.03972814197763,76.8495714834487,78.33685669500572,-0.29322409640501235,0.22316454443905975,24.764468371467046,,16.22898380373218,24.445646425557598
20160114,12822160,76.1,76.9495,75.88,76.15,76.23,77.259,78.53049999999999,76.44293585368898,77.28963101377231,77.66857476763427,77.01055672748656,76.83800831843303,78.31870850666543,-0.3789437538619609,0.10274288477885564,24.56140350877199,,16.275671742170772,21.722321531095318
20160115,17011920,74.5,75.68,74.47,74.98,76.032,76.816,78.22999999999999,75.95529056912599,76.93430316549964,77.46942108114284,76.94398109707716,76.80729743713661,78.29100138212878,-0.5351179156431982,-0.02482927530555513,21.53846153846159,,14.63663936486222,19.360427475684283
20160119,13099860,75.8,76.91,75.72,76.73,76.04400000000001,76.65200000000002,78.05199999999999,76.213527046084,76.90287190926892,77.41464914920634,76.93696532340249,76.80601979354758,78.27804701381237,-0.5117772399374161,-0.12221886823192733,34.1608738828203,,29.504373818601955,22.741742923323507
20160120,17790880,75.29,76.09,74.46,75.83,75.90799999999999,76.373,77.937,76.08568469738934,76.73781469245831,77.29726773074661,76.90067137837289,76.78988723497655,78.25773127095916,-0.5594530382882965,-0.20966570224320116,28.490028490028536,,34.21310696187056,26.56553093617252
20160121,12710400,76.02,77.18,75.41,76.72,76.08200000000001,76.259,77.8255,76.2971231315929,76.73507397054165,77.25450715809872,76.89474772662295,76.78873207406785,78.2449700155985,-0.5194331875570697,-0.2716191993059749,34.95058400718784,,47.75355033661125,33.6282040696521
20160122,9459998,77.4,77.97,76.55,77.36,76.324,76.277,77.7135,76.65141542106194,76.83121643661217,77.262321442684,76.91000189952055,76.79817451912459,78.23762586609146,-0.43110500607183155,-0.3035163606591462,40.774077407740805,,59.376061098101715,42.2108230791353
20160125,9869407,77.2,77.36,76.5571,76.85,76.698,76.36500000000001,77.56,76.71761028070796,76.83410621559491,77.23177911359629,76.90803462412643,76.79903113864319,78.226110298738,-0.3976728980013746,-0.3223476681275919,42.81663516068051,,62.28109676245714,48.90091430690924
20160126,16374040,78.0,79.58,77.54,78.81,77.114,76.579,77.511,77.41507352047198,77.13808987473416,77.34868436444101,76.97039414464687,76.83227029337637,78.23095585642483,-0.21059448970684969,-0.2999970324434435,50.77298616761593,,69.84104367497144,55.880957429596634
20160127,10814660,78.53,79.85,78.15,78.8,77.708,76.80799999999999,77.45500000000001,77.87671568031466,77.3937683555443,77.45618922633427,77.03038122187156,76.86479475133709,78.2356782144628,-0.06242087078997827,-0.25248180011275045,54.07279029462736,,73.40052262314116,61.72081249411147
20160128,9892971,79.4,80.0,78.61,79.82,78.328,77.205,77.428,78.52447712020978,77.76703476238363,77.63128632067988,77.12184413262987,76.91364111908358,78.24882611309796,0.135748441703754,-0.17483575174944957,61.111111111111,,81.18398259111933,68.20853585978075
20160129,19893530,79.98,82.0,79.83,81.69,79.19399999999999,77.75899999999999,77.509,79.57965141347319,78.37056787586307,77.93193177840729,77.27161973483872,76.99258919975989,78.2773835727403,0.4386360974557846,-0.05214138190840275,72.80701754385956,,86.08551978223161,74.1675305005977
20160201,9584124,81.21,81.4,80.53,81.12,80.048,78.373,77.5945,80.09310094231546,78.7935574334226,78.16808498000675,77.39779613697516,77.06081086587956,78.30097375055989,0.6254724534158527,0.08338138515644834,67.92908944399673,,86.83331734376893,78.38945944832145
20160202,9116385,80.09,80.54,79.81,80.22,80.33,78.722,77.687,80.1354006282103,79.01301013597298,78.32007868519143,77.49032741117269,77.11302886809644,78.31689927960089,0.6929314507815434,0.20529139828146736,64.10646387832692,,82.21867084425263,79.66586324696517
20160203,10149270,80.48,81.24,80.02,81.1,80.78999999999999,79.249,77.81099999999999,80.4569337521402,79.33408549966944,78.52599878258467,77.60867733211784,77.1789292173841,78.33999555113947,0.8080867170847768,0.32585046204212925,69.63350785340309,,82.64119340687175,80.65763996693403
20160204,8294539,80.85,81.1,80.33,80.7,80.966,79.647,77.953,80.53795583476014,79.54422619202799,78.68703590980061,77.71003217368774,77.23712873445213,78.35958065030013,0.8571902822273785,0.4321184260791791,66.88938381588713,,80.46602014786998,80.59376669391267
20160205,9957558,80.58,81.2,80.57,81.2,80.86800000000001,80.03099999999999,78.154,80.75863722317344,79.79896062402369,78.87318139796353,77.82445734832092,77.30263073884136,78.38315259511091,0.9257792260601576,0.5308505860753748,74.29687499999997,,80.99827352159943,80.72860230314159
20160208,16527830,80.29,82.72,80.29,82.62,81.168,80.60799999999999,78.4865,81.37909148211563,80.2329666818662,79.15072351663291,77.98168825493335,77.39052113985225,78.41831315448759,1.0822431652332938,0.6411291019069586,73.61668003207697,,86.60278774525304,82.68666411717874
20160209,14306580,81.83,83.0,81.021,82.64,81.652,80.991,78.785,81.79939432141042,80.60327950004063,79.40918844132676,78.13441978755849,77.47728938547453,78.4533479000935,1.194091058713866,0.7517214932683401,79.37877480586712,,88.33503996988016,84.5694560680792
20160210,10584150,82.91,83.0,81.46,81.62,81.756,81.273,79.04050000000001,81.73959621427362,80.75969803849591,79.57295226048774,78.24870110599919,77.54576394108653,78.47962717063216,1.1867457780081736,0.8387263502163069,70.90443686006829,,77.80329728399536,82.31406980671792
20160211,12340260,80.39,80.99,79.63,79.9,81.596,81.281,79.243,81.12639747618242,80.62743680180424,79.59717801897013,78.30284205334347,77.58467693379585,78.49141449701695,1.0302587828341103,0.8770328367398676,59.92187500000003,0.2129659196925287,54.539488001397594,73.05587587161114
20160212,9297767,80.36,81.02,79.79,80.99,81.554,81.21100000000001,79.485,81.08093165078829,80.68321575537281,79.70035001756493,78.3909455925781,77.64096326546864,78.5121496464193,0.9828657378078844,0.898199416953471,65.47085201793725,0.19048111307103058,49.81168636294951,65.30781270205725
20160216,9342099,81.99,81.99,80.84,81.47,81.324,81.246,79.8095,81.21062110052553,80.80425948531546,79.83143520144901,78.49189819610014,77.70425312884933,78.53669612238264,0.9728242838664443,0.9131243903360657,61.1764705882353,0.1899141739822719,51.407593084696316,60.67440616293693
20160217,10886800,81.65,82.83,81.51,82.45,81.286,81.46900000000001,80.0955,81.62374740035035,81.05745033372847,80.02540296430465,78.6216720257362,77.78269522589315,78.56917167323424,1.0320473694238217,0.936908986153617,64.18026418026423,0.18624127711610947,62.164903797314885,61.17123870772958
20160218,7700581,82.23,82.32,81.21,81.98,81.35799999999999,81.557,80.40299999999999,81.74249826690024,81.1993810516164,80.1701879299117,78.73178113964649,77.85207216430814,78.597477302502,1.0291931217046937,0.9553658132638323,58.76623376623383,0.18469125965846125,64.68758176002996,62.34335305849637
20160219,7709648,81.96,82.26,81.4,81.79,81.736,81.666,80.65650000000001,81.7583321779335,81.29024550521387,80.2901740091775,78.83205061047775,77.91716188060057,78.62397126679659,1.0000714960363695,0.9643069498183398,50.46992481203012,0.18294914486490027,64.49003966989146,63.05891526229473
20160222,6914892,82.07,82.67,81.71,82.13,81.964,81.759,80.89500000000001,81.88222145195567,81.41943850441174,80.42645741590509,78.9401800986588,77.98679556852454,78.65306694093105,0.992981088506653,0.9700417775560025,54.85110470701245,0.18185001405665419,67.72135186697014,64.61306079718653
20160223,5840568,82.0,82.46,81.615,81.81,82.03200000000001,81.67800000000001,81.143,81.85814763463712,81.4795248883484,80.52894205176398,79.03427255444048,78.04998903020183,78.67926555552914,0.9505828365844167,0.9661499893616854,58.08748728382508,0.16112631620790036,66.71037701121455,65.31216620186254
20160224,6758871,81.26,81.64,80.66,81.56,81.854,81.57000000000001,81.28049999999999,81.75876508975809,81.49190567475634,80.60531671459627,79.11708329036045,78.10800574044643,78.70317206544176,0.8865889601600685,0.950237783521362,52.50000000000005,0.1612599826681291,64.57775134080974,65.06736124817827
20160225,6788653,81.7,82.34,81.47,82.34,81.926,81.64200000000001,81.4575,81.95251005983873,81.62238172479383,80.73381177277433,79.2227526906765,78.17795605878617,78.7333532101269,0.8885699520194947,0.9379042172209886,58.559498956158684,0.15697931028465173,71.012360542996,67.04902767978419
20160226,9280858,82.52,82.65,80.95,81.1,81.788,81.762,81.5215,81.66834003989248,81.54201530559477,80.7609368266429,79.28430178278546,78.22625430574838,78.7529934324495,0.7810784789518692,0.9065390695671648,49.515503875968946,0.13655724902285457,54.100406260614804,62.732820540061056
20160229,11046320,81.1,81.35,80.21,80.29,81.42,81.69200000000001,81.4515,81.20889335992833,81.3493975662725,80.72605261726194,79.31727549482528,78.26036580482693,78.76574867367398,0.6233449490105585,0.8499002454558435,38.00205973223478,0.13011705494603293,37.084749211911294,54.1834634306778
20160301,9469107,80.54,81.365,80.53,81.23,81.304,81.668,81.45700000000001,81.21592890661888,81.33102870992289,80.76338205302032,79.37998777368347,78.30945066755707,78.78619889214971,0.5676466569025678,0.7934495277451884,43.36782690498589,0.14011617612272106,38.544304352656404,48.97041040467066
20160302,12096530,81.58,82.66,80.85,82.55,81.502,81.678,81.5735,81.66061927107926,81.51856275455013,80.89572412316697,79.48392260077581,78.37954239206027,78.81743375611528,0.6228386313831606,0.7593273484727829,54.25434583714545,0.15031888790787432,57.40351997494161,51.781446928094304
20160303,8747005,82.54,82.93,82.18,82.84,81.602,81.764,81.6605,82.05374618071951,81.72186079231165,81.03974455848794,79.59395792534053,78.45326896409235,78.85081604859565,0.6821162338237059,0.7438851255429676,65.47368421052636,0.14768676904165712,70.49940547349044,58.02076644322635
20160304,9401559,82.62,83.74,82.26,83.49,82.08000000000001,81.934,81.8,82.53249745381301,81.99388220887909,81.2212449615629,79.72169700975559,78.53652071675198,78.88931550047452,0.7726372473161831,0.7496355498976107,63.79690949227377,0.14974335631063102,77.97221932415887,64.67125073687052
20160307,6787497,83.18,83.7,83.0,83.1,82.642,82.031,81.89500000000001,82.72166496920867,82.16405417674385,81.36041200144713,79.83246104222262,78.61195012639244,78.92425894030461,0.8036421752967158,0.7604368749774317,59.08584169453735,0.15251531516066233,79.27137567786228,69.53795905053444
20160308,7788334,82.97,83.75,82.67,83.06,83.008,82.15599999999999,81.917,82.83444331280579,82.30189199570633,81.48630740874734,79.93828199165795,78.68547161190662,78.9585804428747,0.815584586958991,0.7714664173737437,53.79825653798258,0.15050138607208238,79.68374197733195,72.91988669280028
20160309,8949675,83.3,83.69,82.68,82.96,83.09,82.296,81.933,82.87629554187053,82.40313938098228,81.5954698229142,80.03735471324293,78.75612497369329,78.99178724417865,0.8076695580680848,0.7787070455126119,56.39686684073103,0.1493341149830956,79.01703325795759,74.95226888118604
20160310,10385370,83.13,83.23,81.75,82.28,82.978,82.28999999999999,81.966,82.67753036124702,82.38419486083116,81.6461757619576,80.11088406690709,78.8143708418967,79.01907531684107,0.7380190988735649,0.7705694561848025,53.00613496932514,0.1498446408044612,72.16954759570058,74.02469511935755
20160311,11105580,82.75,82.8,81.44,81.75,82.63,82.35499999999999,82.05850000000001,82.36835357416469,82.28662642070329,81.65386644625703,80.16462557291014,78.86289363789841,79.04173859221999,0.6327599744462589,0.7430075598370939,47.721822541966446,0.13245447402167707,60.74243131638836,69.59727385170115
20160314,12382740,81.57,81.852,80.68,81.17,82.244,82.443,82.06750000000001,81.96890238277646,82.11483774059509,81.61802448727502,80.1975886688803,78.90102762735464,79.0594005126165,0.4968132533200702,0.6937686985336892,46.27906976744185,0.1270580307093799,45.81525822829795,61.66993531056674
20160315,9273972,81.0,81.46,80.76,81.31,81.894,82.451,82.0595,81.74926825518432,81.99101654973431,81.59520785858798,80.23406117153996,78.94084535252233,79.07807768678566,0.39580869114632833,0.634176697056217,48.52767962308598,0.11446177027174044,37.383896365010756,53.57458899538141
20160316,9489474,81.31,81.8,80.48,81.34,81.57,82.33000000000001,82.00399999999999,81.61284550345621,81.8908601574675,81.57630357276665,80.27032146099766,78.98050080124098,79.09684882631441,0.3145565847008527,0.5702526745851442,43.54005167958655,0.077523857858615,33.68916230654132,46.946113432434714
20160317,12055280,81.29,83.225,81.28,82.75,81.664,82.321,82.04249999999999,81.99189700230414,82.02303551785711,81.663244048858,80.35162239670265,79.0428065731213,79.12716543356493,0.35979146899910575,0.5281604334679365,60.42983565107467,0.11700282613760679,45.59909495257697,46.497107272482125
20160318,33651060,82.86,83.5,82.44,83.15,81.944,82.287,82.1105,82.37793133486943,82.19641466895601,81.77337411931296,80.44337248205666,79.11069406778046,79.16054995278846,0.4230405496430478,0.5071364567029588,69.0666666666667,0.11268215913697772,57.61652201731436,50.20357885409287
20160321,8625277,83.12,83.87,82.91,83.32,82.374,82.309,82.16999999999999,82.69195422324628,82.36927395065509,81.88793899936385,80.53768813838266,79.18026937244525,79.19506821044166,0.48133495129123105,0.5019761556206133,65.52748885586922,0.110789375119975,66.33628508135597,55.5811475965139
20160322,7205943,83.28,83.32,82.485,82.74,82.66,82.277,82.2165,82.70796948216419,82.42630872747738,81.95105462904061,80.6098950846652,79.23910789521476,79.22448673151683,0.47525409843676414,0.4966317441838435,51.58597662771284,0.11609558605290692,66.44641227645944,59.20290248982907
20160323,5594495,82.72,83.49,82.58,82.82,82.95599999999999,82.263,82.2795,82.74531298810946,82.48687661555778,82.01542095281538,80.68235754090568,79.29829619446741,79.2543250159026,0.47145566274240025,0.49159652789555486,49.82698961937707,0.11617017452415845,67.30645774182831,61.90408757382882
20160324,6445546,82.46,83.1199,82.43,82.89,82.98400000000001,82.324,82.307,82.79354199207297,82.54889559777966,82.08020458594017,80.754739260876,79.35766319951755,79.28449659253411,0.46869101183949624,0.48701542468434317,44.230769230769276,0.10805610591299872,68.56812030379504,64.12543181715088
20160328,4988467,82.99,83.45,82.52,82.62,82.878,82.411,82.383,82.73569466138198,82.55983473658279,82.12018943142608,80.81589535068333,79.41158612183958,79.31217711873715,0.4396453051567022,0.477541400778815,45.27559055118119,0.10366817520090103,66.7543614218024,65.00174168536805
20160329,6726154,82.66,83.0901,82.16,82.8,82.774,82.574,82.5085,82.75712977425466,82.59678323864698,82.17054576983897,80.88094796213633,79.46759296280091,79.3411217069634,0.4262374688080115,0.46728061438465435,47.50957854406125,0.09420793610707903,67.31510033823201,65.7728612363227
20160330,6925015,83.09,83.36,82.65,82.68,82.76199999999999,82.711,82.58099999999999,82.73141984950311,82.60958581731667,82.20828312022127,80.93993327485317,79.52069059977941,79.36883024051558,0.401302697095403,0.45408503092680413,47.32824427480927,0.09563442101767383,62.89475157683941,64.81349134982827
20160331,6819225,82.75,83.0,82.1533,82.31,82.66000000000001,82.80799999999999,82.569,82.59094656633542,82.56349569157564,82.21581770390858,80.9848534953498,79.56679488738637,79.39323828831213,0.3476779876670548,0.4328036222748543,50.30425963488845,0.09999418637334086,44.97249375039717,58.19982548335123
20160401,8028506,82.0,83.62,81.93,83.53,82.788,82.886,82.6035,82.90396437755695,82.71218866210246,82.31316454065609,81.06830092173176,79.6323024099089,79.42756826102324,0.39902412144637367,0.4260477221091582,65.83629893238441,0.09024036542565989,57.47307143497262,57.95757413389169
20160404,5588361,83.65,83.65,83.03,83.21,82.90599999999999,82.892,82.58950000000002,83.00597625170464,82.788775021779,82.37959679690378,81.13852056364219,79.69143790726578,79.4589577360355,0.4091782248752196,0.4226738226623705,69.02985074626864,0.09027233289620765,63.12158250703577,59.67891025827305
20160405,5259064,83.16,83.56,82.985,83.16,82.97800000000001,82.876,82.5925,83.05731750113642,82.84588655688992,82.43740444157757,81.204798577949,79.74876951210436,79.48967177971986,0.4084821153123528,0.419835481192367,67.55218216318787,0.0896943629801785,65.9182643070159,61.75869494118733
20160406,6291745,83.14,83.84,83.08,83.81,83.20400000000001,82.983,82.63,83.30821166742429,82.99421170198379,82.5390781866459,81.29021501801626,79.8158972887638,79.52552512594625,0.4551335153378915,0.4268950880214719,70.96774193548391,0.08908579140232631,76.75528266191982,66.75755751476481
20160407,6655822,83.24,83.68,82.87,83.24,83.39000000000001,83.025,82.64399999999999,83.28547444494953,83.03202528629397,82.59099832096842,81.35414239447474,79.8724940277925,79.55635064357325,0.4410269653255483,0.42972146348228724,54.8514851485148,0.097148947652224,74.03231758613137,69.18247753855366
20160408,5452533,83.44,83.45,82.77,83.2,83.324,83.056,82.69,83.25698296329969,83.05786754994105,82.63610955645224,81.41466231596736,79.92749412650667,79.5865883975685,0.4217579934888107,0.42812876948359196,50.53304904051169,0.09723743290788255,71.51892725637376,69.96129411116036
20160411,7081421,83.03,83.34,82.66,82.73,83.228,83.067,82.739,83.08132197553313,83.00742638841166,82.64306440412244,81.45778814167335,79.9738165376388,79.6126748009082,0.36436198428921784,0.41537541244471715,44.08817635270551,0.10013122396113797,61.64089042222471,67.18782621484847
20160412,7077762,82.71,83.21,82.45,82.83,83.162,83.07000000000001,82.82199999999999,82.99754798368876,82.98013002096371,82.65691148529855,81.50277869440536,80.02102618164477,79.63937459509154,0.3232185356651627,0.39694403708880627,50.997782705099816,0.09973873414641167,56.80073323087219,63.72546188685637
20160413,11730130,83.05,83.43,81.84,82.46,82.892,83.048,82.8795,82.81836532245917,82.90011001773853,82.64232544935051,81.53416299950682,80.06133979847709,79.66278227480032,0.25778456838801844,0.3691121433486487,46.25000000000001,0.10189378457642617,48.2004888205813,58.55047086476468
20160414,6904388,81.95,82.365,81.54,82.01,82.646,83.018,82.913,82.54891021497279,82.76317001500952,82.59548652717639,81.54976421263774,80.0935490580064,79.68226126007168,0.16768348783313058,0.3288264122455451,41.505791505791514,0.10302571230291506,38.9452534166194,52.01539838204958
20160415,7298859,82.05,82.43,81.854,82.3,82.466,82.89500000000001,82.8905,82.4659401433152,82.69191308962344,82.57359863627444,81.57436210730535,80.13001932151043,79.70398523301715,0.11831445334900081,0.28672402046623624,46.923076923076835,0.07037071661608195,36.97799503136933,47.0029305984895
20160418,5621770,82.29,82.99,82.02,82.83,82.486,82.857,82.8745,82.5872934288768,82.71315722968137,82.59259132988375,81.61553056280353,80.17464710132018,79.72992726427842,0.12056589979762578,0.25349239633251414,50.270270270270274,0.07823650108813791,43.3476488614925,45.78450335282383
20160419,6600606,82.91,83.7,82.85,83.28,82.576,82.869,82.8725,82.81819561925121,82.80036380973038,82.6435104906331,81.67010333123619,80.2259752484058,79.75938844880723,0.15685331909728006,0.23416458088546735,55.10204081632648,0.08306125053058551,55.750284426180144,49.106430377275935
20160420,9123197,83.29,83.34,81.48,81.55,82.394,82.643,82.813,82.39546374616748,82.60800014669493,82.56250971354918,81.6661655170973,80.24785995504372,79.77424829570509,0.0454904331457584,0.19642975133752558,44.75138121546957,0.12082442027200622,38.21790733517104,45.4769226965743
20160421,8801043,81.04,81.31,80.55,80.8,82.152,82.399,82.712,81.86364249744499,82.32984627797263,82.43195343847145,81.63776664768427,80.25698623677854,79.7827607579814,-0.10210716049881796,0.13672236897025689,29.83751846381088,0.12340475326463392,28.12410753561667,39.69265097625509
20160422,8023703,80.4,80.95,79.91,80.95,81.88199999999999,82.174,82.615,81.55909499829666,82.11756223520761,82.3221791096958,81.61521692153069,80.26844100972436,79.79244739069526,-0.2046168744881811,0.06845452027856928,32.87878787878793,0.1250840986972404,27.896282772205346,35.76052824157184
20160425,7646862,80.92,81.48,80.42,81.41,81.598,82.042,82.5545,81.50939666553111,82.00870650671413,82.25461028675537,81.60848849787394,80.28730975336528,79.80587106380152,-0.2459037800412318,0.005582860214609062,37.517831669044206,0.1299560678701786,31.79013398534004,34.43706348949458
20160426,13664640,81.5,81.5,79.21,79.55,80.852,81.714,82.392,80.85626444368741,81.63044396721965,82.05426878403274,81.54099707171413,80.27512281529313,79.80374765248366,-0.42382481681309514,-0.08029867519093178,24.087591240875838,0.1638631314358305,23.717550348058936,30.86389244234936
20160427,7688888,79.47,80.15,79.1,79.89,80.52000000000001,81.45700000000001,82.25250000000001,80.53417629579161,81.36268335687816,81.8939525778081,81.48686602018252,80.26875714892465,79.80446343959999,-0.5312692209299286,-0.17049278433873113,29.0362953692115,0.168499334442236,21.536337913198743,27.754707599299152
20160428,7615796,79.48,80.265,79.39,79.76,80.312,81.232,82.125,80.27611753052774,81.11611668658922,81.73588201648897,81.43024746214374,80.26034793985151,79.8040944484,-0.6197653298997494,-0.2603472934509348,28.712871287128692,0.168167755619946,19.140167304451403,24.883194167683232
20160429,9390952,79.67,80.15,79.37,80.12,80.146,81.014,81.9545,80.22407835368517,80.9628679655755,81.61618705230461,81.38728852895869,80.25802813919282,79.80671607123485,-0.6533190867291125,-0.3389416521065704,33.626097867001235,0.16914952653201074,20.151415884127083,23.30593473983118
20160502,7853653,80.02,81.3,80.02,80.97,80.058,80.828,81.8425,80.47271890245679,80.9639652016408,81.56832134472648,81.3736069378453,80.26979626912352,79.81636987977232,-0.6043561430856812,-0.3920245503023926,39.33486238532108,0.17577247727116033,28.135535117719947,24.91580153246077
20160503,7608329,80.8,81.7,80.69,81.1,80.368,80.61,81.73949999999999,80.68181260163786,80.98489363215761,81.53363087474675,81.36463621857168,80.28351864484048,79.8270224118904,-0.5487372425891408,-0.42336708875974227,41.981132075471685,0.17247560761445596,44.39804905283886,31.409884039253463
20160504,7365495,80.87,81.77,80.87,81.6,80.71000000000001,80.615,81.629,80.98787506775858,81.07952538105644,81.538547106247,81.37235306386441,80.30527866723982,79.84173591884567,-0.45902172519055284,-0.43049801604590443,47.596717467760776,0.1461749177112583,60.80968563572526,41.20981790474406
20160505,6399849,81.6,82.09,80.92,81.3,81.018,80.66499999999999,81.53200000000001,81.09191671183906,81.1134445532016,81.5208769502287,81.3699808322623,80.32172034216148,79.85383769545277,-0.4074323970270939,-0.4258848922421423,44.14519906323185,0.13950914208110798,65.06598886305872,49.16187489084894
20160506,6297739,81.42,82.25,81.17,82.13,81.42,80.783,81.4785,81.43794447455937,81.26983769886289,81.56599717613769,81.3948994934996,80.35160926212576,79.87272700918345,-0.29615947727479863,-0.3999398092486736,46.04072398190043,0.14677935581795182,75.44081797219783,57.9215225846319
20160509,6718307,82.21,82.73,81.965,82.12,81.65,80.85400000000001,81.44800000000001,81.66529631637292,81.40063189903783,81.60703442234971,81.41867328059797,80.3808388610989,79.89137657757198,-0.2064025233118798,-0.3612323520613149,43.0952380952381,0.14516599538449299,78.02574274363236,64.62292930429871
20160510,6223158,82.15,82.6799,82.12,82.48,81.926,81.147,81.43050000000001,81.93686421091529,81.56668852995509,81.6716985392127,81.45347087795541,80.41553573942784,79.91285892962532,-0.10501000925761161,-0.30998788350057427,56.61450924608826,0.07061967951732644,82.87033643226283,70.70539834695342
20160511,5973539,82.5,82.885,82.13,82.15,82.036,81.373,81.41499999999999,82.00790947394353,81.65642875611584,81.7071282770488,81.47630789835031,80.4442045701811,79.93142441568652,-0.050699520932951714,-0.25813021098704975,60.211800302571966,0.07918065163046883,81.61009626541562,74.34029765310748
20160512,4920745,82.48,82.74,82.11,82.41,82.258,81.638,81.435,82.1419396492957,81.77236279363649,81.75919284911926,81.5069207541421,80.47669705662439,79.95199350767253,0.013169944517230192,-0.20387017988619377,60.86309523809526,0.07565273907289667,82.21359529968944,76.96473020196814
20160513,6569550,82.42,82.42,81.0,81.23,82.078,81.749,81.3815,81.83795976619713,81.68892236384626,81.71999337881412,81.49784138515383,80.48914834494465,79.9625993706794,-0.03107101496786413,-0.16931034690252786,48.790322580645196,0.11255595797047875,63.00951911399196,72.31299317264273
20160516,6496636,81.01,81.89,80.75,81.63,81.97999999999999,81.815,81.32149999999999,81.76863984413143,81.67985738479298,81.71332720260567,81.50217445449304,80.50800539709434,79.97643672030031,-0.0334698178126871,-0.14214224108455972,67.39130434782624,0.10383341574014945,55.74561227427713,66.79053287318753
20160517,10188200,81.64,82.06,80.325,80.62,81.608,81.767,81.1885,81.38575989608762,81.51680240251714,81.63234000241266,81.47325070188671,80.50985654755559,79.9817774944057,-0.11553759989551793,-0.13682131284675136,55.488721804511364,0.12124320983850245,41.0048873495181,58.195317698631044
20160518,8344056,80.59,80.77,79.413,79.85,81.148,81.59200000000001,81.1035,80.87383993072508,81.26037126366835,81.50031481704876,81.42002936739863,80.49894982776128,79.98068390524051,-0.23994355338041373,-0.15744576095348384,50.617283950617214,0.12236531719171465,31.532060076330005,49.307565157864026
20160519,6237775,79.64,80.225,79.45,80.19,80.704,81.481,81.07300000000001,80.64589328715006,81.09569876156553,81.40325446023033,81.37970053568064,80.49384321903796,79.98242096826756,-0.3075556986647996,-0.187467748495747,50.48143053645112,0.12567615214502506,28.48105080357483,42.36539370643429
20160520,6526594,80.44,80.5,79.7901,80.02,80.462,81.27,81.0265,80.43726219143338,80.9302066444016,81.30079116687993,81.33512019024849,80.48601109971501,79.98273282745207,-0.37058452247833884,-0.22409110329226536,42.79210925644911,0.10989669122694111,24.81494016705294,36.515242526640506
20160523,5620785,80.05,80.33,79.85,80.2,80.176,81.078,80.966,80.35817479428893,80.8178671606475,81.21925108044438,81.2979031348305,80.48128364352138,79.98453587452715,-0.4013839197968849,-0.2595496665931893,43.2228915662651,0.11180655683097952,24.098977008450078,32.37648735391036
20160524,6292952,80.3,81.38,80.3,80.97,80.24600000000001,80.92699999999999,81.037,80.56211652952595,80.84127221285557,81.2007880374485,81.28715221237704,80.48936159982682,79.99271400004976,-0.35951582459293263,-0.279542898193138,45.441389290882796,0.12194036462447708,31.665623986998007,32.13953289827291
20160525,6050615,81.08,81.7801,81.01,81.48,80.57199999999999,80.86,81.1165,80.86807768635065,80.93953802626241,81.22147040504491,81.29347509065975,80.50573578825944,80.00505662245598,-0.2819323787824999,-0.2800207943110104,51.26404494382028,0.12707976357596307,44.023618518768025,36.10089477177128
20160526,4620265,81.48,81.6,81.09,81.22,80.77799999999999,80.741,81.1895,80.98538512423377,80.98268602222204,81.2213614861527,81.29106607129386,80.51754180828821,80.01513914011196,-0.23867546393066164,-0.27175172823494065,43.05343511450383,0.1256618883357988,52.104399501115445,41.43539634821933
20160527,4322195,81.27,81.66,81.16,81.43,81.06,80.761,81.255,81.13359008282252,81.05150355726481,81.23681619088214,81.29562128207111,80.53262376187023,80.02688072401145,-0.18531263361732897,-0.2544639093114183,44.8888888888889,0.10599662692997833,60.13609003386295,47.66896091010053
20160531,6698129,81.58,81.82,80.74,81.04,81.228,80.702,81.2585,81.10239338854835,81.04973377922407,81.22223721377976,81.28724025642943,80.54101014597155,80.03528835285783,-0.1725034345556935,-0.23807181436027336,39.38053097345134,0.10531227808847132,62.622232020913636,52.6533846137049
20160601,6178451,80.95,81.8,80.86,81.79,81.392,80.819,81.293,81.33159559236557,81.16362089011268,81.26429371646275,81.30372418244814,80.56165460636872,80.04985027524076,-0.10067282635006336,-0.21059201675823136,47.50000000000001,0.09451229250684672,74.65954708567256,59.988772104360784
20160602,5185802,81.53,81.95,81.3299,81.95,81.48600000000002,81.029,81.3105,81.53773039491038,81.2846022916338,81.31508677450255,81.3249135535154,80.5846024641147,80.06561915262465,-0.030484482868743612,-0.17457050998033383,46.76056338028174,0.07438302138903556,83.1063647237817,67.69463631083443
20160603,6306511,81.93,82.49,81.78,82.47,81.736,81.257,81.369,81.84848692994026,81.46697116984399,81.40063590231718,81.36245737143292,80.61576605974916,80.08557252065266,0.06633526752681007,-0.12638935447890506,59.627329192546526,0.0761813255897537,88.48505122999592,74.62477461722159
20160606,5285824,82.4,82.83,82.2347,82.77,82.00399999999999,81.53200000000001,81.40100000000001,82.15565795329351,81.66743714371414,81.50207027992332,81.40860631007446,80.6513732323153,80.10784992712027,0.16536686379082255,-0.06803811082495954,58.990536277602494,0.0715960815184626,91.53285365267182,80.26080096237166
20160607,6320670,82.76,82.89,82.25,82.32,82.26,81.744,81.411,82.21043863552902,81.76783142929658,81.56265766659567,81.43848807039988,80.67895384004562,80.12620801901139,0.20517376270090892,-0.01339573611978585,64.705882352941,0.08312274255084562,85.5180264661222,82.01320946362183
20160608,4708154,82.37,82.75,82.02,82.65,82.432,81.912,81.4195,82.35695909035269,81.90354967094326,81.64320154314414,81.47820977300972,80.71153311541677,80.14715235080382,0.2603481277991193,0.04135303666399518,76.21722846441942,0.07526338376939398,86.62442074485674,83.55027989070012
20160609,6144793,82.58,83.26,82.43,83.17,82.676,82.08099999999999,81.4705,82.6279727269018,82.09838818310584,81.75629772513346,81.53367830504219,80.75216893169087,80.17223822341126,0.34209045797237536,0.10150052092567123,76.99275362318832,0.07525349586653171,89.89247097276159,85.66434358472061
20160610,6840666,82.77,83.34,82.61,83.2,82.822,82.27900000000001,81.51,82.81864848460121,82.26786692416648,81.86323863438284,81.58831180323752,80.79262894934888,80.19736487715888,0.40462828978364485,0.16212607469726595,79.55390334572485,0.07077479798184812,91.46677552030259,87.59848756324794
20160613,6157142,82.96,83.4,82.53,82.57,82.78200000000001,82.393,81.577,82.73576565640082,82.31434893583318,81.91559132813225,81.62049830149202,80.82200698324395,80.21705479519075,0.3987576077009294,0.20945238129799865,70.32590051457959,0.08527480578416353,83.41879522875801,86.20525678508463
20160614,6857888,82.55,83.37,82.27,83.35,82.988,82.624,81.663,82.94051043760055,82.47367986878193,82.02184382234468,81.67720327521359,80.86379199178538,80.24305434045888,0.4518360464372506,0.25792911432584903,70.37671232876697,0.08611110328576717,88.1407494011727,86.85042099044732
20160615,7075234,83.4,83.5,82.819,82.95,83.048,82.74,81.7795,82.94367362506704,82.54695988896933,82.09059613180062,81.71893431537052,80.89827476878067,80.26551861979118,0.4563637571687025,0.29761604289441973,62.82722513089,0.0857355024448039,81.43491820543301,85.04525339544254
20160616,6629611,82.67,83.609,82.66,83.41,83.096,82.886,81.95750000000001,83.09911575004469,82.67973529066636,82.18832975166724,81.77437909191575,80.93979088830496,80.29161390095474,0.49140553899911765,0.3363739421153593,68.46543001686337,0.087971514034429,83.44874555419892,84.513084115028
20160617,11740640,83.31,83.44,82.35,83.13,83.082,82.952,82.1045,83.1094105000298,82.74900678441,82.25808310339559,81.81882567906605,80.97599269180405,80.31516897231612,0.490923681014408,0.3672838898951691,64.16666666666657,0.08741509847309185,78.91758199522639,82.64791674176078
20160620,6157718,83.52,83.7,83.03,83.04,83.176,82.979,82.25550000000001,83.08627366668654,82.79377497142384,82.31600287351444,81.85886418139175,81.01010851508002,80.33778167794006,0.47777209790940844,0.38938153149801696,67.54385964912285,0.08644130466344817,72.84981656824628,79.38188335058928
20160621,6594737,83.09,83.78,83.09,83.41,83.188,83.088,82.416,83.1941824444577,82.88857882197402,82.39703969769855,81.90972109347726,81.04977614292994,80.363277265675,0.4915391242754765,0.40981305005350893,65.2255639097744,0.08253441551439765,73.73210729273806,77.49862466463887
20160622,4931207,83.5,83.76,83.29,83.57,83.312,83.17999999999999,82.546,83.3194549629718,82.99341284936263,82.48392564601717,81.9641564674616,81.09143273560879,80.38988907259886,0.5094872033454578,0.42974788071189873,65.2255639097744,0.08141478751657577,77.8523099390879,77.61651975612187
20160623,7344864,83.81,84.21,83.57,84.21,83.47200000000001,83.284,82.68249999999999,83.61630330864787,83.18058010330684,82.61178300557145,82.03779068164319,81.14297930196237,80.42159123797148,0.5687970977353842,0.45755772411659584,65.99264705882354,0.0838059434979763,85.23487329272527,80.15597093498967
20160624,12390850,82.61,83.82,81.99,82.26,83.298,83.19,82.7345,83.16420220576525,83.03895239510578,82.58572500515875,82.04507623306472,81.16144245399606,80.43684774222069,0.45322738994703116,0.45669165728268296,46.40338504936536,0.14462496098939517,60.877302915871056,73.72974826195014
20160627,9619034,81.83,81.89,81.0,81.23,82.93599999999999,83.05600000000001,82.7245,82.51946813717684,82.76065202662797,82.48530093070255,82.01835242214456,81.16257563657464,80.4434299186338,0.27535109592541573,0.4204235450112295,42.894393741851424,0.15202679981210157,42.973238288670046,63.47757827085677
20160628,9250864,81.44,82.49,80.95,82.46,82.74600000000001,82.967,82.79549999999999,82.49964542478456,82.7143978686852,82.48342678768755,82.03283267059884,81.18402066737507,80.46016494005592,0.23097108099764796,0.38253305220851325,48.8914819136522,0.16419607683959045,44.08849832741597,57.01455162304316
20160629,7926274,82.96,83.91,82.91,83.91,82.814,83.063,82.9015,82.96976361652304,82.89833665811824,82.58909887748847,82.09437914041527,81.22907817700523,80.48879427665297,0.3092377806297719,0.367873997892765,53.89473684210525,0.18436677984468572,59.65818088903398,57.89576137837343
20160630,10969260,83.91,84.8,83.82,84.67,82.906,83.189,83.0375,83.53650907768203,83.17090024917697,82.74323970137822,82.17882572597543,81.28595291788119,80.52349307933635,0.4276605477987516,0.3798313078739623,57.184750733137854,0.187179897961797,71.97991280048156,62.59047851907613
20160701,9522985,84.52,84.99,84.51,84.78,83.41,83.354,83.153,83.95100605178803,83.4184540569959,82.89411083460946,82.26411012840246,81.34370576221373,80.55881678822152,0.5243432223864346,0.40873369077645677,61.38002059732245,0.18543709338042857,79.58726859966102,68.25607521260443
20160705,11392740,84.48,85.95,84.45,85.44,84.252,83.59400000000001,83.28649999999999,84.4473373678587,83.72946112515038,83.08269521723099,82.36823766517615,81.41141310498706,80.5993245327176,0.6467659079193879,0.45634013420504305,60.89676746611061,0.18654884980546196,82.99151239977397,73.1678876083276
20160706,8350701,85.37,85.5,84.74,85.03,84.76599999999999,83.756,83.422,84.64155824523914,83.9295440289734,83.22694001595463,82.45550856139988,81.47122445862364,80.63609362373239,0.702604013018771,0.5055929099677886,60.83333333333338,0.18973335118497353,82.52767493318262,76.28781671661261
20160707,7905678,85.23,85.24,84.525,84.83,84.95,83.882,83.531,84.70437216349276,84.06807571682364,83.34568519995798,82.53336073971464,81.52674140972077,80.67089782602507,0.7223905168656586,0.5489524313473626,57.60171306209854,0.1908246930329949,80.88511662212171,77.82025001844897
20160708,6827345,84.98,85.9,84.77,85.77,85.17,84.038,83.661,85.05958144232851,84.32991022192769,83.52526407403516,82.639480059724,81.59687791534523,80.71321402663897,0.8046461478925266,0.6000911746563954,63.20000000000006,0.19422395509027257,86.05674441474775,80.56574815054856
20160711,6155824,85.61,85.95,84.91,85.75,85.364,84.387,83.7885,85.28972096155235,84.54838557240035,83.69005932781033,82.74146432006091,81.66552456137259,80.7550130803598,0.8583262445900175,0.6517381886431198,63.6455186304129,0.1427942798078279,89.37116294316515,83.50088641475409
20160712,6645805,85.49,85.94,85.19,85.75,85.426,84.839,83.9475,85.44314730770157,84.7332493304926,83.84264752575031,82.84010483415727,81.73303655209371,80.79646525396677,0.890601804742289,0.6995109118629537,62.23849372384943,0.11554402127986432,90.72112617263639,85.90763300071485
20160713,7571473,85.81,86.15,85.41,85.89,85.598,85.182,84.07449999999999,85.59209820513438,84.91121097195527,83.99430326458362,82.94010139697178,81.80174669172852,80.83873525185916,0.9169077073716494,0.7429902709646928,62.15932914046128,0.10454622602223612,90.09448468733694,87.30325022958888
20160714,11341770,86.44,86.89,85.85,85.87,85.80600000000001,85.378,84.2205,85.68473213675625,85.05871697626985,84.13324376350336,83.0361636462514,81.86899054806359,80.88048848628357,0.9254732127664909,0.7794868593250525,59.3049327354261,0.07820524514120678,79.46189689538313,84.68946578485362
20160715,8491347,86.25,86.48,85.79,86.01,85.854,85.512,84.3505,85.79315475783751,85.20506821068987,84.2722627439846,83.13366647752184,81.93743698528569,80.92305704656337,0.9328054667052754,0.8101505808010971,76.37130801687769,0.06968781844123573,74.28607334009153,81.22166830326626
20160718,4781774,86.02,86.05,85.7,85.93,85.89,85.627,84.49050000000001,85.83876983855835,85.31659617827604,84.39505809628204,83.22534954383259,82.00342976238841,80.96460844036783,0.9215380819940009,0.8324280810396779,88.14935064935078,0.07070790690261415,69.32672683560723,77.25668781404659
20160719,6077411,85.67,86.18,85.56,86.17,85.97400000000002,85.7,84.64699999999999,85.94917989237224,85.44788907392588,84.52653527433523,83.32189546042824,82.07229869193571,81.00780671057224,0.9213537995906478,0.8502132247498719,85.88007736943923,0.06289101976581689,69.40315968039776,74.6388451028303
20160720,6288977,85.38,85.73,85.13,85.32,85.86,85.729,84.7425,85.7394532615815,85.42821383178344,84.58531043919929,83.38740708467648,82.12597970529215,81.04359254699902,0.842903392584148,0.8487512583167272,65.42669584245075,0.07747141939787527,54.91657186240347,68.06475402268802
20160721,5471094,85.02,85.37,84.88,85.26,85.738,85.772,84.827,85.57963550772101,85.40233478073984,84.63528744370305,83.44880357370349,82.17778169363443,81.07858348021895,0.7670473370367858,0.832410474060739,57.62273901808795,0.0764155474089915,42.912872120541095,59.680793388639046
20160722,6165598,85.5,85.98,85.45,85.72,85.67999999999999,85.767,84.9025,85.62642367181401,85.45120635293371,84.71563652194727,83.52326903030337,82.23633075654956,81.11710145963623,0.7355698309864351,0.8130423454458783,61.137440758293884,0.05976776668966664,42.53892967240055,53.966838816559545
20160725,5604076,85.53,85.8,85.15,85.8,85.654,85.772,85.07950000000001,85.68428244787601,85.50486691402084,84.79595974254377,83.5979159473426,82.29523438040825,81.15596368818697,0.7089071714770654,0.7922153106521157,54.94505494505498,0.059939507864831224,43.61633454113601,50.5166707247517
20160726,5374776,85.68,86.08,85.17,85.27,85.474,85.724,85.28150000000001,85.54618829858401,85.46873354263302,84.83107383568868,83.65273837529858,82.34440406007093,81.190105068368,0.6376597069443335,0.7613041899105593,53.191489361702075,0.06694573687101335,35.545218052299624,45.526186500601
20160727,7744549,85.24,85.3,84.32,84.46,85.30199999999999,85.58099999999999,85.3815,85.18412553238934,85.31354376684332,84.80358688489693,83.67920596955109,82.37937258800365,81.21724112589192,0.509956881946394,0.7110347283177263,45.766590389015946,0.07797086779596997,25.857305862026905,38.96989295440963
20160728,5910355,84.42,84.9795,84.402,84.81,85.212,85.475,85.4265,85.0594170215929,85.23607549502127,84.80406193046012,83.71628118366417,82.41954824770608,81.24705655223306,0.4320135645611458,0.6552304955664102,37.30158730158734,0.082647454231981,26.019565915186494,34.65311727466859
20160729,7520867,84.89,85.79,84.8,85.59,85.186,85.433,85.4725,85.23627801439528,85.29052541886415,84.86227956524085,83.77771458747846,82.47195240890102,81.28309757669587,0.42824585362329515,0.6098335671777873,48.2378854625551,0.09593875607139228,40.10623390761538,36.47082281898418
20160801,10415360,85.44,86.58,85.42,86.41,85.308,85.48100000000001,85.554,85.62751867626352,85.46275227750043,84.97692552337116,83.86401902723325,82.53704410462167,81.32564448477308,0.48582675412926335,0.5850322045680825,56.15671641791043,0.10703121830366731,57.563447973808465,43.501697870592274
20160802,13077730,87.02,87.15,86.24,86.76,85.606,85.53999999999999,85.62,86.00501245084236,85.66232885019267,85.10900511423256,83.95896922306167,82.60684502851223,81.37074287079156,0.553323735960106,0.5786905108464871,57.809694793536856,0.10785304324476803,67.11532573990058,51.372907160361706
20160803,8188219,86.51,86.72,85.46,85.97,85.90799999999999,85.605,85.667,85.99334163389491,85.70966287323995,85.17278251317829,84.02490465837113,82.66243436688393,81.40891097974765,0.5368803600616587,0.5703284806895215,50.78864353312298,0.10600271841430502,64.17817946853205,55.64133126308515
20160804,5564060,86.12,86.53,85.8,86.05,86.15599999999999,85.684,85.728,86.01222775592994,85.76202243120304,85.23776158627619,84.09130122694911,82.71842718726602,81.44742624132651,0.5242608449268431,0.5611149535369858,50.31847133757955,0.10571988533534461,63.162366995511306,58.14834317389386
20160805,6729686,86.08,86.44,85.53,85.78,86.194,85.69,85.7285,85.9348185039533,85.76478821101796,85.27792739470019,84.14666839983603,82.76903169656741,81.48338121027815,0.48686081631777256,0.5462641260931432,48.84080370942809,0.10444664590299284,59.30494666602993,58.53387767127255
20160808,5388137,85.61,85.9,85.13,85.76,86.064,85.68599999999999,85.729,85.8765456693022,85.76405156316905,85.31363647657425,84.1995645178742,82.81846918918613,81.51887182264099,0.450415086594802,0.527094318193475,46.72000000000003,0.10435146987154789,56.49776185273615,57.85517239842707
20160809,4158784,85.86,86.341,85.68,85.99,85.91,85.758,85.741,85.91436377953481,85.79881286114303,85.36373747830949,84.25826732056684,82.8708911860591,81.55597662079334,0.43507538283354563,0.5086905311214891,55.950266429840184,0.09962352107598618,56.927668503473676,57.546004433442604
20160810,5967317,86.26,86.82,86.0,86.31,85.97800000000001,85.94300000000001,85.762,86.04624251968988,85.8774570363518,85.43383099843471,84.32553724448269,82.92773595984325,81.59542909696934,0.44362603791708466,0.49567763248060825,58.91341256366721,0.08349785104321789,59.37021871862783,58.154075861837676
20160811,7386309,86.7,87.0,86.4,86.73,86.114,86.135,85.80499999999999,86.27416167979327,86.00861749229767,85.52984351706918,84.40437208892588,82.99058329934998,81.63803964388246,0.4787739752284921,0.49229690103018503,58.63247863247866,0.08399375797834473,65.98278607644497,60.76364593337343
20160812,8063369,86.92,87.45,86.775,87.04,86.366,86.28,85.85650000000001,86.52944111986218,86.16729172425188,85.64170696024924,84.49078611879716,83.05751580679875,81.68286919040627,0.5255847640026445,0.49895447362467693,60.19736842105268,0.07625845589969933,71.43105278659556,64.3194482177808
20160815,6871162,87.52,87.57,86.99,87.02,86.61800000000001,86.341,85.911,86.6929607465748,86.29847761282852,85.74380274097152,84.5737111640825,83.12301141329795,81.7271607323946,0.5546748718570029,0.5100985532711422,65.70915619389581,0.06412566314810117,73.44037398887794,67.35975680814651
20160816,8071056,86.98,87.4,86.47,86.58,86.736,86.32300000000001,85.9315,86.6553071643832,86.34178874931644,85.80574327867733,84.63949112591585,83.18015172051616,81.76743325743696,0.5360454706391096,0.5152879367447357,70.38461538461536,0.06679602079001376,68.76899249531759,67.82950203720353
20160817,6761943,86.45,87.11,85.97,86.96,86.866,86.422,86.0135,86.75687144292213,86.43689817249852,85.89124377655308,84.71557338408255,83.24262855158202,81.81052509762421,0.5456543959454336,0.5213612285848753,70.5544933078393,0.05016938037235936,70.84599499687839,68.83499969042848
20160818,7082794,86.94,87.46,86.94,87.44,87.00800000000001,86.561,86.12249999999999,86.9845809619481,86.59122153057567,86.00596645977137,84.8048988468995,83.31200659205174,81.85724273166882,0.5852550708042941,0.5341399970287591,68.76267748478693,0.05424046403803678,78.78804038043265,72.15267992042986
20160819,6156397,87.2,87.41,87.05,87.31,87.062,86.71400000000001,86.202,87.09305397463207,86.70180283356403,86.10256153682535,84.88703331093558,83.37808912772032,81.90249382933132,0.5992412967386826,0.5471602569707439,60.61320754716986,0.051072350754563574,81.27315566808397,75.19283850298123
20160822,5921119,87.14,87.21,86.5801,86.85,87.02799999999999,86.82300000000001,86.2545,87.01203598308805,86.7246023976311,86.15792734891235,84.95139287451146,83.43547608428693,81.9435519718265,0.56667504871875,0.5510632153203451,51.03448275862057,0.06079374121649126,72.51543711205595,74.3003713726728
20160823,5407000,87.13,87.5,87.035,87.4,87.192,86.96400000000001,86.361,87.14135732205871,86.82850972107248,86.2499327304744,85.03167507534714,83.50100540520782,81.98883369820138,0.57857699059808,0.5565659703758921,67.39659367396597,0.0652282616632114,78.13529140803755,75.57867805112771
20160824,5398355,87.32,87.45,86.56,87.31,87.262,87.064,86.5035,87.19757154803915,86.90258514859978,86.32845623192074,85.1063742532046,83.5639639935515,82.03299275464784,0.5741289166790438,0.5600785596365224,65.29126213592232,0.06531454539628377,80.00686093869186,77.05473901364908
20160825,10594770,87.3,87.94,87.04,87.9,87.354,87.181,86.658,87.43171436535944,87.05603358727674,86.44486688140809,85.19796853998479,83.63563401018702,82.08168161145574,0.611166705868655,0.570296188882949,73.87387387387378,0.06853522470057237,85.99442167486407,80.03463323405407
20160826,16408190,87.87,88.5,87.166,87.58,87.408,87.235,86.75750000000001,87.48114291023963,87.13664380461879,86.5289508161186,85.27606793211643,83.70083014225004,82.12731080970092,0.6076929885001903,0.5777755488063973,69.1983122362867,0.07118686474008108,78.54173566203058,79.53700071004624
20160829,8934443,87.39,88.4,87.32,88.3,87.69800000000001,87.363,86.852,87.75409527349309,87.31562168083128,86.66013964455425,85.37521324581753,83.77684947874178,82.17853644613494,0.6554820362770357,0.593316846300525,72.08413001912028,0.07946432858376919,83.0594443280467,80.71114858271307
20160830,11661910,87.72,88.3,87.46,87.54,87.726,87.459,86.89099999999999,87.68273018232874,87.35014142224186,86.72531448569838,85.44618986070876,83.83905031380391,82.22302991961101,0.6248269365434851,0.599618864349117,60.84656084656083,0.08820981308396067,72.21145085787313,77.87791600776642
20160831,11400580,87.75,87.85,87.025,87.31,87.726,87.494,86.958,87.55848678821917,87.34396581882004,86.7686245237948,85.50729838986584,83.89642138299723,82.26524543895034,0.5753412950252397,0.5947633504843416,55.29197080291966,0.08796494580169296,61.027565176726426,72.26113239741974
20160901,29793150,87.36,88.31,86.98,88.31,87.808,87.581,87.071,87.80899119214612,87.49258646207849,86.88280048499519,85.5991902459358,83.96937309567497,82.31540937721633,0.6097859770833054,0.5977678758041344,60.291734197730875,0.1001808578385387,70.75377197348774,71.75867892277574
20160902,17466960,88.48,88.87,88.04,88.2,87.93199999999999,87.66999999999999,87.19200000000001,87.93932746143075,87.60141931406642,86.98037081943998,85.68446269688873,84.03930081310183,82.36424415416889,0.6210484946264359,0.6024239995685947,59.42492012779555,0.10003685644315907,70.83440498088214,71.4505876088112
20160906,14466080,88.25,88.64,87.88,88.64,88.00000000000001,87.849,87.336,88.17288497428717,87.7612009580562,87.10330631429628,85.78136555928582,84.11534542776131,82.41632511554508,0.6578946437599171,0.6135181284068593,66.45367412140573,0.09559606436420678,77.23736666835138,73.37951396199125
20160907,17556420,88.31,88.41,87.71,87.95,88.08200000000001,87.904,87.434,88.09858998285812,87.79024696450908,87.16602436508914,85.85246832783382,84.17872814796361,82.46224772869408,0.6242225994199373,0.6156590226094749,57.53424657534251,0.10306772550209861,68.59916155315133,71.7860631590446
20160908,23458410,87.95,88.18,87.63,87.78,88.176,87.951,87.50750000000001,87.99239332190541,87.78867050843076,87.21150404174921,85.91566608757697,84.23825330254273,82.50637845293728,0.5771664666815468,0.6079605114238893,52.7156549520767,0.10352331422914784,59.84212181144827,67.80474937651249
20160909,21952550,87.1,87.17,86.24,86.24,87.762,87.785,87.483,87.40826221460361,87.55041350713371,87.13954077939742,85.92629998634493,84.27134002481476,82.53736286411623,0.41087272773629024,0.5685429546863695,43.024771838331134,0.12893877795987801,39.894747874298844,58.50141554244127
20160912,16099540,86.04,88.38,85.96,88.25,87.772,87.852,87.5435,87.68884147640242,87.6580421983439,87.22179701796057,86.00248687203853,84.33710299961122,82.58477064117751,0.43624518038333804,0.5420833998257633,57.59219088937094,0.1744603034695579,52.82788460806633,56.61023856431629
20160913,19682110,87.55,87.91,87.01,87.05,87.454,87.727,87.54499999999999,87.47589431760161,87.56449724475253,87.20907131292645,86.03683156475857,84.38194427234492,82.62182648647895,0.3554259318260762,0.5047519062258259,48.22695035460988,0.18194735452211427,47.70427129655738,53.64158280839665
20160914,25395850,87.12,87.6,86.87,87.01,87.26599999999999,87.674,87.56649999999999,87.32059621173441,87.47918997632907,87.19432528974671,86.06873872656976,84.42538320999212,82.65824286418453,0.28486468658235253,0.46077446229713126,48.47250509164971,0.17789448773030758,43.830338939973046,50.37116818558878
20160915,13891450,86.75,88.27,86.75,88.06,87.32199999999999,87.749,87.6215,87.56706414115628,87.56854536458613,87.25844934235806,86.13402598143632,84.48545952057077,82.70307072423279,0.3100960222280662,0.43063877428331826,50.7782101167315,0.18710047625746337,53.275208777851454,51.339181716343
20160916,23517800,87.619,88.11,87.3,88.05,87.684,87.723,87.65200000000002,87.72804276077086,87.64261530849595,87.31708272440561,86.19684480171709,84.54437754502415,82.7474435812931,0.3255325840903396,0.4096175362447225,52.35707121364092,0.17860870419010494,61.511830727522835,54.730064720069606
20160919,19173550,87.92,88.95,87.25,88.37,87.708,87.74000000000001,87.705,87.94202850718058,87.75452064565042,87.39507659667186,86.26809579182472,84.60761097403201,82.79410380053548,0.35944404897855975,0.39958283879149,50.36572622779523,0.17946065026023464,67.87522271466966,59.11178405160295
20160920,33982370,88.5,88.9488,88.18,88.58,88.014,87.73400000000001,87.79150000000001,88.15468567145372,87.8815174693965,87.48284870062209,86.34389592979768,84.67327029677529,82.84211953663062,0.3986687687744137,0.39940002478807474,55.764966740576455,0.17813548854472186,74.45862116317996,64.22739642212862
20160921,55366020,88.54,88.79,86.44,87.8,88.172,87.71900000000001,87.8115,88.03645711430248,87.86897632025858,87.5063413894649,86.39163704685349,84.72495177947322,82.88326377284116,0.36263493079368914,0.3920470059891976,52.56008359456633,0.17932766237131623,70.15190128827379,66.20223137751034
20160922,52689480,87.77,89.3,87.77,88.99,88.358,87.84,87.8955,88.35430474286832,88.04144150175726,87.61624202728231,86.4768292748255,84.79544844427532,82.93394208178024,0.425199474474951,0.3986774996863483,53.48360655737701,0.19017447633575804,77.00745515026634,69.80397263509568
20160923,48273690,88.63,88.935,87.49,87.76,88.3,87.992,87.8885,88.15620316191222,87.99814280917923,87.62689076600213,86.5189004461427,84.84444929643607,82.9739923549605,0.37125204317709404,0.3931924083844975,47.977941176470594,0.1812636109362925,66.72291881812636,68.7769546961059
20160926,60276360,87.42,88.43,86.61,87.85,88.196,87.952,87.902,88.05413544127481,87.97535160776704,87.6434173759279,86.56254305446588,84.89412782046192,83.01445714869527,0.33193423183914206,0.3809407730754264,46.24881291547955,0.14220932186148524,60.915512312317304,66.1564739015097
20160927,65147790,88.06,88.81,87.66,88.36,88.152,88.083,87.905,88.15609029418322,88.03452828349519,87.6964975703036,86.62147606907355,84.95141496392536,83.05881850015838,0.3380307131915856,0.3723587610986583,51.9806763285024,0.12583348128429173,62.98796391916727,65.10030390739556
20160928,89800770,88.98,89.725,88.47,89.46,88.484,88.328,88.001,88.59072686278881,88.25383162449593,87.82712737991075,86.71454242746458,85.02593703063734,83.11194033833134,0.4267042445851814,0.3832278577959629,57.44680851063828,0.13529680375252665,72.6363189192216,67.61230891133756
20160929,74579910,89.16,89.27,87.54,88.23,88.332,88.345,88.047,88.47048457519254,88.25016522072733,87.85696979621366,86.76422956099033,85.0788967491392,83.15441386249456,0.39319542451366374,0.3852213711395031,59.070191431176,0.14643478385592296,66.58758146111484,67.27073309459665
20160930,123720400,88.3,90.22,88.29,89.75,88.72999999999999,88.51500000000001,88.119,88.89698971679503,88.48090903292312,87.99719425575339,86.86212367374475,85.15610506733526,83.20914901716266,0.48371477716973743,0.40492005234555,57.156488549618345,0.16698201549242286,73.58043349612242,69.37396656177191
20161003,26789520,89.35,89.45,88.41,88.66,88.892,88.544,88.142,88.81799314453002,88.50846148939648,88.04629097754943,86.92107043854,85.214020686057,83.25438429502853,0.4621705118470487,0.4163701442458498,57.762777242044386,0.17946710424469414,68.63034190746784,69.12609167700388
20161004,23311380,88.29,88.68,87.95,88.35,88.89,88.521,88.1275,88.66199542968668,88.4840827987201,88.0687879421754,86.96792058809606,85.26585505488251,83.2966715622897,0.41529485654469056,0.41615508670561796,56.29699248120297,0.17996013725310372,61.82004326610502,66.69074220670426
20161005,64574940,88.48,89.0,88.21,88.85,88.768,88.626,88.1725,88.72466361979113,88.54037775276316,88.12665550201426,87.02962810979783,85.32509712009107,83.34275727546573,0.41372225074890423,0.41566851951427525,53.91476709613476,0.17572074937280027,61.89664934268492,65.09271125203114
20161006,60962440,88.83,89.73,88.47,89.22,88.966,88.649,88.2445,88.88977574652742,88.64493502156883,88.20764398334653,87.10144358160773,85.38947568008957,83.39153107400958,0.4372910382222983,0.4199930232558799,55.59808612440194,0.16457552965253291,65.36415588681302,65.18319279695842
20161007,20435040,89.01,90.05,88.3,90.0,89.01599999999999,88.873,88.4325,89.25985049768495,88.85340655671209,88.34041109569122,87.19647821827633,85.46568269364182,83.44637313978544,0.5129954610208642,0.43859351080887676,57.47021081576535,0.15009596340778913,74.17311884991514,68.17983481461066
20161010,15488230,90.19,90.33,88.78,89.06,89.09599999999999,88.994,88.473,89.1932336651233,88.88519016337176,88.39371397749187,87.25757729308694,85.5250928970527,83.49295925480797,0.4914761858798897,0.4491700458230794,52.061855670103114,0.1625100501781579,67.60884147939385,67.98950370287172
20161011,11723000,88.83,89.12,88.2,88.54,89.134,89.012,88.5475,88.97548911008221,88.83208398439149,88.40454997915914,87.29962393921524,85.57492607230803,83.53484341036973,0.42753400523234575,0.4448428377049327,53.251318101933265,0.16398290893743106,57.019992288532606,64.33299989809201
20161012,17093450,88.74,89.01,88.33,88.57,89.078,88.923,88.6255,88.84032607338814,88.79176337140818,88.41680553625847,87.34127561333932,85.62443142648476,83.57662894223388,0.3749578351497149,0.43086583719388916,47.945205479452035,0.15097812405114605,46.69680158171069,58.454267125964904
20161013,11158080,88.05,88.57,87.6,88.24,88.882,88.92399999999999,88.63449999999999,88.64021738225877,88.70687669888385,88.40370882986895,87.37074198667246,85.66766396488998,83.61532911698713,0.30316786901489934,0.4053262435580912,52.57510729613729,0.13626183995917693,38.9456088688816,51.95138104027046
20161014,7368968,88.5,88.96,88.22,88.43,88.56800000000001,88.792,88.6535,88.57014492150586,88.66428028367095,88.40565632395273,87.40547175760122,85.7133224117513,83.65528489194989,0.2586239597182214,0.3759857867901173,53.078556263269704,0.10381869438614556,36.09804938023134,46.66693715359075
20161017,7605826,88.43,88.65,87.71,87.83,88.322,88.70899999999999,88.6265,88.32342994767058,88.5359294707985,88.36301511477104,87.41939071636838,85.74830881816864,83.6899298306059,0.17291435602744798,0.3353715006375835,47.21345951629862,0.0922717509709596,26.87366906179041,40.069181122990635
20161018,10748540,88.21,88.27,87.435,87.45,88.104,88.619,88.57,88.0322866317804,88.36886339836796,88.29538436552875,87.42039429943827,85.77643594514106,83.72113373242661,0.07347903283921653,0.2829930070779101,38.56655290102393,0.09293775507370436,18.088490946202246,32.742284397394506
20161019,12788650,86.65,86.82,85.44,85.54,87.498,88.28800000000001,88.457,87.20152442118693,87.93365364477289,88.09128181993403,87.35874202732553,85.77252791298997,83.7362280582986,-0.15762817516113614,0.19486877063010086,35.79725448785641,0.12944461009764405,12.740657222485263,26.075075339091423
20161020,10172280,85.38,85.52,84.7875,84.93,86.836,87.85900000000001,88.25399999999999,86.44434961412463,87.4715530840386,87.85711279623521,87.2791111411837,85.75860183178354,83.74613487939155,-0.3855597121966099,0.0787830740647587,21.845794392523416,0.12298112127117387,9.350785464516637,20.500312047566496
20161021,13679790,84.41,84.86,84.24,84.33,86.01599999999999,87.292,88.0825,85.73956640941643,86.98823722495574,87.59584518169927,87.1824189726203,85.73498857836563,83.75098023308955,-0.6076079567435357,-0.05849513209690019,23.17224287484514,0.09965142115484238,6.8486110747051026,15.949745056612697
20161024,10570770,84.39,84.7,84.06,84.1,85.27000000000001,86.79599999999999,87.89500000000001,85.19304427294429,86.543893036501,87.33689368675859,87.0813560554852,85.70796397376455,83.75387666269047,-0.7930006502575822,-0.2053962357290366,23.40425531914896,0.0986713463424905,4.835100985830284,12.244863699685226
20161025,20752510,87.49,88.08,86.97,86.97,85.174,86.639,87.8255,85.78536284862953,86.60944795396239,87.30971637662832,87.07770503727257,85.72882407337175,83.78056648291711,-0.7002684226659284,-0.30437067311641497,40.926640926640964,0.21146318467545944,23.01931902456714,15.836348807979196
20161026,8458274,86.91,87.74,86.78,87.4,85.546,86.52199999999999,87.7225,86.3235752324197,86.73107134566048,87.31640405243363,87.08827208523084,85.75644681596066,83.81060327559,-0.5853327067731442,-0.3605630798477608,41.26679462571982,0.21374703618769575,38.06730111841897,23.24666624479245
20161027,6594009,87.51,87.6,86.45,86.58,85.876,86.35600000000001,87.64000000000001,86.40905015494647,86.70782960017425,87.26185560410521,87.07160742669868,85.77005926528362,83.83358582102079,-0.5540260039309572,-0.3992556646644001,33.652007648183584,0.21705434596518344,43.67885434038384,30.05739560998958
20161028,7020985,86.87,87.23,86.45,86.84,86.378,86.197,87.4945,86.55270010329765,86.72816350783975,87.23060704083815,87.06401374057741,85.78774423610538,83.85853531628203,-0.5024435329983987,-0.41989323833119985,38.65030674846629,0.21748999376088005,51.130320945845796,37.08170405527498
20161031,8207135,87.01,87.47,86.69,86.8,86.91799999999999,86.09400000000001,87.4015,86.63513340219843,86.73921527586441,87.19871022299829,87.05535755236176,85.80447573633505,83.8829458115826,-0.4594949471338765,-0.4278135800917352,40.64516129032257,0.21591228828142228,56.80661529059701,43.65667446704899
20161101,8564387,86.58,86.99,86.48,86.85,86.894,86.034,87.3265,86.70675560146563,86.75625907957757,87.17287983610953,87.04862451785809,85.8217571291229,83.90756866791801,-0.4166207565319553,-0.42557501537977926,40.77253218884126,0.21536930552537012,61.00540521860691,49.439584717568295
20161102,7769128,86.77,87.41,86.56,86.74,86.76199999999999,86.154,87.22099999999999,86.71783706764376,86.75375768271948,87.14081466306438,87.038505681207,85.83693469723657,83.93107432212616,-0.38705698034489444,-0.41787140837280234,41.758241758241795,0.18375440135939627,62.89249236796012,53.9238872676989
20161103,6895926,86.8,86.98,86.47,86.6,86.76599999999999,86.321,87.09,86.67855804509584,86.73010265460879,87.1007543176522,87.02412844575758,85.84954734686903,83.9532230829384,-0.370651663043418,-0.4084274593069255,39.889502762430915,0.1790929070438753,62.98968811263671,56.94582088267817
20161104,9368702,86.69,86.73,85.07,85.08,86.414,86.39599999999999,86.844,86.14570536339723,86.4762407077459,86.95106881264093,86.96038652950324,85.8368275560117,83.96257392872315,-0.4748281048950247,-0.42170758842454537,36.20862587763293,0.19866419522047787,42.103867379631616,51.99850304832932
20161107,8862096,86.02,86.57,85.6,86.56,86.366,86.64200000000001,86.719,86.28380357559816,86.48912675270807,86.9221007524453,86.9472591023064,85.8487808195487,83.98412933180428,-0.4329739997372286,-0.42396087068708205,45.980126467931356,0.21184258515648963,46.670992734985475,50.2226662772147
20161108,7669843,86.77,87.69,86.59,87.46,86.48799999999999,86.691,86.66499999999999,86.67586905039877,86.63849186767607,86.96194514115305,86.96407027927997,85.87541254153963,84.01297473154035,-0.3234532734769857,-0.4038593512450628,59.5427435387673,0.14564418021286615,61.52111983859078,53.98881746434006
20161109,11972510,85.26,86.5422,84.31,85.93,86.326,86.54400000000001,86.533,86.42724603359919,86.52949311880283,86.8855047603269,86.93016633569701,85.87631481358031,84.02888365493006,-0.35601164152406284,-0.3942898093008628,54.553734061930776,0.16674169098960429,56.99041125334067,54.98934872734026
20161110,22078640,85.51,85.7,82.18,82.96,85.598,86.18199999999999,86.269,85.27149735573279,85.9803403312947,86.59472662993231,86.79999694764136,85.82811126294263,84.02001325115471,-0.6143862986376121,-0.4383091071682127,44.868913857677896,0.22993524192861614,42.712300787163514,50.89699941394801
20161111,8905628,82.67,84.055,82.65,83.58,85.298,85.856,86.0265,84.70766490382186,85.6110572034032,86.37141354623363,86.69442327722689,85.79095239909235,84.01636168890447,-0.7603563428304199,-0.5027185543006542,48.10771470160118,0.2344102174455038,36.94431667722573,46.246105168373916
20161114,12857310,83.56,83.78,82.76,83.0,84.586,85.476,85.785,84.13844326921458,85.20935609518733,86.12167920947557,86.57329464518666,85.74482095447925,84.00792715206708,-0.9123231142882418,-0.5846394662981718,32.66375545851531,0.23410292779965844,29.590222007442645,40.69414411473016
20161115,9460074,84.58,84.58,82.88,83.62,83.81800000000001,85.15299999999999,85.59349999999999,83.96562884614306,84.96483977285082,85.9363696384033,86.4764653125576,85.7096999469672,84.00470783960179,-0.9715298655524833,-0.6620175461490341,33.76288659793816,0.24004560013010873,28.438248428434235,36.608845552631514
20161116,8542525,83.98,84.2,83.17,83.19,83.27,84.798,85.476,83.70708589742871,84.69178750010454,85.73293485037343,86.36871235149013,85.66805201395948,83.99794677869224,-1.0411473502688864,-0.7378435069730046,34.93333333333335,0.23972989671307107,25.068935128937962,32.76220874473366
20161117,9083724,83.27,83.5,82.93,83.07,83.292,84.44500000000001,85.383,83.49472393161915,84.44228173085769,85.53568041701243,86.26055784816258,85.62510900546428,83.99024597554957,-1.0933986861547424,-0.8089545428093522,33.03330333033301,0.2397775828973228,22.09677344953993,29.20706364633575
20161118,14561340,82.92,83.1,81.99,82.0,82.976,84.137,85.2665,82.99648262107944,84.06654607995651,85.2737781639004,86.12086742691135,85.56518984834918,83.97372941143713,-1.207232083943893,-0.8886100510362605,30.230642504118634,0.23401946100804527,14.78966183185706,24.40126304150952
20161121,11481660,82.1,82.75,81.71,82.64,82.904,83.74499999999999,85.1935,82.87765508071963,83.8470774522709,85.07868348509297,86.006740626029,85.51683960292192,83.96266111756628,-1.2316060328220715,-0.9572092473934227,33.464257659073084,0.21634965655310845,16.275071934646746,21.69253267255526
20161122,7421886,83.01,83.1817,82.66,82.76,82.732,83.275,84.98299999999999,82.83843672047976,83.67983476730615,84.90692915286385,85.90029011370018,85.47127200617942,83.95268052737902,-1.227094385557706,-1.0111862750262794,34.37990580847729,0.2046646786020941,19.621977780992644,21.002347708701052
20161123,10760040,82.59,82.93,82.52,82.68,82.63,82.95,84.747,82.78562448031985,83.52601403387443,84.7419714378369,85.79470683128378,85.42513527880456,83.9421188632514,-1.215957403962463,-1.0521405008135163,34.5425867507887,0.19494841900701176,24.347288323217064,22.11732791353972
20161125,3883098,82.99,83.46,82.95,83.46,82.708,83.0,84.59100000000001,83.01041632021324,83.51585802866298,84.64701059058972,85.71815906632365,85.3926537039483,83.93811787683437,-1.13115256192674,-1.067942913036161,43.21608040201003,0.11270857060534124,36.556728800843864,26.9304615426411
20161128,6969266,83.13,83.36,82.755,83.07,82.922,82.949,84.4025,83.03027754680883,83.44726448579175,84.53019499128678,85.6313341789032,85.35426273363511,83.9309135791013,-1.0829305054950282,-1.0709404315279345,33.917050691244185,0.10888346749181743,40.166739061189716,31.34255404882397
20161129,6183113,83.42,83.48,82.69,82.89,82.97200000000001,82.938,84.207,82.98351836453922,83.36153148797763,84.40869906600628,85.54145436975884,85.31353111820313,83.92227529213781,-1.047167578028649,-1.0661858608280774,27.44323790720634,0.10412564456430468,42.57434545177042,35.08648451647279
20161130,12115370,82.52,82.83,82.26,82.46,82.912,82.822,83.9875,82.80901224302615,83.22283433598108,84.26435098704285,85.44042307894706,85.26636531459647,83.91014022747277,-1.0415166510617695,-1.061252018874816,30.786267995570284,0.09818762706757568,42.34937741477427,37.50744881590661
20161201,12503080,82.21,82.32,81.18,81.86,82.748,82.689,83.74350000000001,82.4926748286841,83.01316751506091,84.08625091392857,85.32303215832584,85.21006175567753,83.89312661562653,-1.0730833988676522,-1.0636182948733832,41.74174174174178,0.10075789611378623,38.0879907402842,37.70096279069914
20161202,9072990,82.35,82.68,82.07,82.4,82.53599999999999,82.622,83.53349999999999,82.46178321912274,82.9188340512054,83.96134343882275,85.22719503838073,85.1636144539308,83.88073552338066,-1.0425093876173577,-1.059396513422178,41.03343465045598,0.10806638362706804,43.07315324714599,39.49169294284808
20161205,8597539,82.559,83.08,82.48,82.99,82.52,82.721,83.429,82.63785547941517,82.92978265871226,83.88939207298402,85.15384438138463,85.12768694229558,83.87334352733602,-0.9596094142717675,-1.039439093592096,49.92412746585732,0.09234692103977779,54.947319556068194,44.643568480588115
20161206,7318679,83.24,83.25,82.61,82.91,82.524,82.748,83.2465,82.72857031961011,82.92673917275653,83.81684451202224,85.08027571314251,85.09103095977831,83.86534897524194,-0.8901053392657161,-1.0095723427268202,44.132231404958596,0.08581563789857187,61.704010138827954,50.33038236666806
20161207,8560261,82.74,84.28,82.711,84.18,82.86800000000001,82.89,83.08250000000001,83.21238021307342,83.11954853079399,83.84374491853912,85.05075847664604,85.07597259680676,83.86796018706566,-0.7241963877451241,-0.952497151730481,57.184325108853486,0.111499871534512,73.39407127534773,58.01827866956128
20161208,7507218,83.79,84.18,83.5,83.5,83.196,82.972,82.961,83.30825347538229,83.17807952605645,83.81828233198067,84.99991393642813,85.04992346297526,83.86490657555474,-0.6402028059242184,-0.8900382825692286,52.885906040268516,0.12062472319224754,73.87561740937157,63.30405824949804
20161209,7934287,83.519,84.4,83.47,84.37,83.59,83.063,83.0315,83.6621689835882,83.36145190666315,83.85915030738951,84.97926102047967,85.03868505862856,83.86909822223063,-0.49769840072636384,-0.8115703062006556,66.34482758620692,0.12241340384883831,82.27318593336985,69.62710081078863
20161212,7474974,84.21,85.1844,84.21,85.13,84.018,83.26899999999999,83.10900000000001,84.1514459890588,83.63353622871497,83.95328732165696,84.98420328210328,85.04019439650247,83.87956213739885,-0.3197510929419849,-0.7132064635489215,66.89280868385345,0.1234623928315626,87.72928874098261,75.66116345418662
20161213,11599120,84.67,85.36,84.53,85.18,84.47200000000001,83.498,83.21799999999999,84.4942973260392,83.87145373198959,84.04415492746014,84.99062284662448,85.04250523292393,83.89035415285612,-0.17270119547055174,-0.6051054099332476,66.57534246575344,0.12154682095941874,90.38411912875719,80.56881534571014
20161214,12275770,85.29,85.74,84.17,84.37,84.51,83.689,83.2555,84.45286488402614,83.94815315783735,84.06829159950013,84.97027455657121,85.03138944394999,83.89433461631789,-0.12013844166277465,-0.508112016279153,60.52303860523037,0.13016433233101685,81.14617932834503,80.76127000658843
20161215,8749331,84.15,84.8,83.61,84.68,84.74600000000001,83.97099999999999,83.33000000000001,84.52857658935076,84.06074497970853,84.1136033328705,84.9607573579951,85.02558135396735,83.90085466099575,-0.052858353161965965,-0.41706128365571565,58.068783068783134,0.11986824166221487,76.59234041112582,79.3716268081009
20161216,20686320,84.9,85.12,84.15,84.68,84.808,84.199,83.4105,84.57905105956718,84.1560149828303,84.15555864154676,84.95155219871657,85.01986926547202,83.90732059741902,0.00045634128353810866,-0.3335577586678649,61.22733612273368,0.11955082246930283,73.10628870858878,77.28318077493019
20161219,6424788,84.75,84.975,84.32,84.71,84.724,84.37100000000001,83.546,84.62270070637813,84.24124344701025,84.19662837180256,84.94363245449635,85.01474745943116,83.91398183727446,0.04461507520768748,-0.2579231918927544,62.96296296296289,0.11759959745581758,70.73598514324095,75.10078223103378
20161220,7479261,84.57,84.71,84.19,84.57,84.602,84.537,83.6425,84.60513380425209,84.29182137823945,84.22428552944682,84.93138221008664,85.00739626175462,83.91942597140496,0.0675358487926303,-0.1928313837556775,65.67607726597325,0.11809010224107248,63.31004002207247,71.17053482804667
20161221,6090354,84.19,84.725,84.12,84.28,84.58399999999999,84.547,83.7185,84.4967558695014,84.29000270466415,84.22841252726558,84.9100254163133,84.99537318304793,83.92241828699497,0.0615901773985712,-0.14194707152482774,68.84735202492213,0.0969839884965745,54.10096647580167,65.48067871063166
20161222,7858406,84.0,84.61,83.87,84.47,84.542,84.644,83.80799999999999,84.48783724633427,84.31769459625428,84.24630789561627,84.89559835348335,84.98668932878267,83.92696253357593,0.07138670063801555,-0.0992803170922591,67.05107084019767,0.08685224242309642,49.5258399353545,60.1623991188726
20161223,5283719,84.68,85.18,84.55,84.96,84.59799999999998,84.703,83.883,84.64522483088952,84.41651081221517,84.29917397742247,84.89770988287734,84.98624818285239,83.9355354586085,0.1173368347926953,-0.055956886715268224,66.49916247906197,0.07676417147767768,54.1439871869499,58.15626180823169
20161227,3777504,84.898,84.94,84.42,84.6,84.576,84.65,83.9595,84.63014988725968,84.44473991802822,84.32145738650229,84.88794890311087,84.97986391536723,83.94104968716776,0.1232825315259305,-0.02010900306702848,63.51999999999998,0.06591413723388706,51.58894920444543,55.9671576069696
20161228,4194070,84.4,84.63,83.945,84.07,84.476,84.539,84.0185,84.44343325817312,84.38708762294695,84.30283091342804,84.86113090628756,84.96482484238597,83.94211981424522,0.08425670951891107,0.0007641394501594294,49.00181488203254,0.07068215579179009,44.159087155405054,52.03113412311475
20161229,3718294,84.24,84.49,84.1,84.35,84.49,84.537,84.113,84.41228883878208,84.38138183480126,84.30632491984078,84.84437251591747,84.95466244829694,83.94550471205231,0.07505691496048428,0.0156226945522244,58.31702544031308,0.05837294836488708,41.653131894951684,48.571800047060385
20161230,6209836,84.17,84.45,83.92,84.08,84.41199999999999,84.477,84.224,84.30152589252138,84.33501539867798,84.28956011096368,84.81931112195296,84.94020521774658,83.94662085552076,0.045455287714304404,0.0215892131846404,46.78492239467841,0.05657022899607175,33.112266047015964,43.418622047045574
20170103,8776133,83.88,84.39,83.5,84.2,84.26,84.429,84.314,84.2676839283476,84.31424379888136,84.28292602867008,84.79900583926597,84.92797042075904,83.94872358701022,0.03131777021128812,0.023534924589969947,37.98449612403107,0.05742329354510827,35.963732920232864,40.93365900477467
20170104,8086149,84.45,84.6016,84.2354,84.5,84.24,84.40799999999999,84.3895,84.3451226188984,84.34282167597654,84.29900558210193,84.7892023691261,84.92089652950683,83.95329849500185,0.04381609387461083,0.027591158446898124,41.74757281553385,0.060654311320612844,43.817091788091666,41.894803265880334
20170105,6848396,84.41,85.4274,84.38,85.06,84.438,84.457,84.497,84.5834150792656,84.45315680274938,84.35537553898327,84.79808097997443,84.92319576042408,83.96248273985661,0.09778126376610885,0.04162917951074027,58.91472868217057,0.06812422010608081,56.19074494564967,46.660117159136774
20170106,4792548,84.941,85.25,84.62,85.03,84.574,84.53200000000001,84.5395,84.73227671951041,84.54190191001871,84.4053477212808,84.80568488227034,84.92496111975592,83.97134180425614,0.13655418873790381,0.06061418135617298,54.874651810584915,0.06506162855194032,63.92101338876033,52.413749235677955
20170109,10988050,84.06,84.66,83.75,84.4,84.638,84.525,84.58449999999999,84.62151781300695,84.5200708469389,84.40495159377852,84.79238373858935,84.91628407645418,83.9748991336814,0.11511925316038685,0.07151519571701576,46.68246445497627,0.07546511300643374,58.179018783679844,54.33550575167858
20170110,10905800,84.34,84.43,83.24,83.49,84.49600000000001,84.378,84.5405,84.2443452086713,84.36159840894831,84.33717740164678,84.74968263240609,84.89270913304172,83.97087507448073,0.024421007301526743,0.062096358033917956,38.03921568627451,0.08394872122342661,42.595710489598375,50.42224066431851
20170111,9324662,83.39,83.75,83.275,83.75,84.346,84.293,84.47149999999999,84.07956347244755,84.26750634603319,84.29368277930257,84.71690615265507,84.87382137877657,83.96904208631076,-0.026176433269384347,0.0444417997732575,42.14559386973187,0.08571661472577975,36.16892417937509,45.67113516933737
20170112,6539265,83.71,83.88,83.3701,83.84,84.102,84.27000000000001,84.40450000000001,83.9997089816317,84.20173613895116,84.26007664750239,84.68815513125654,84.85673342210258,83.96797119762769,-0.05834050855122541,0.023885338108360916,45.617529880478116,0.08135844673318277,33.25589124073187,41.532720526468864
20170113,6758640,83.85,84.02,83.44,84.01,83.898,84.236,84.3865,84.0031393210878,84.17223827142021,84.2415524513911,84.6659205367891,84.84273782834882,83.96831998436937,-0.06931417997088829,0.0052454344925110755,45.40000000000007,0.08013609491818165,33.904463899295116,38.98996831741094
20170117,13143940,83.9,85.58,83.88,85.21,84.05999999999999,84.349,84.413,84.40542621405854,84.33189392197094,84.31328930684361,84.68375920771405,84.84880827746703,83.97862438283934,0.01860461512733025,0.007917270619474911,52.18914185639229,0.1040379103668154,50.66565399554142,42.88186354345443
20170118,10521180,84.8,85.3,84.59,84.93,84.348,84.422,84.4255,84.5802841427057,84.42391024166773,84.35897158041075,84.69183267631358,84.85015028940973,83.98651961617678,0.06493866125697423,0.019321548746974775,52.930728241563166,0.10633422211844429,57.85117673776848,47.871634608225776
20170119,14040100,84.63,85.0,84.28,84.7,84.538,84.442,84.425,84.62018942847047,84.46638558910347,84.38423294482477,84.69210045741805,84.84766846644428,83.99244061521266,0.08215264427869329,0.031887767853318476,55.90994371482186,0.10652333127102206,59.3651719562332,51.70281372422825
20170120,22926200,86.89,87.975,86.42,87.45,85.26,84.68100000000001,84.56899999999999,85.56345961898032,84.92540319077986,84.61132680076368,84.78252339324041,84.89068221080058,84.02113405409057,0.3140763900161829,0.08832549228589137,69.87179487179493,0.18453617070602285,69.21423290570426,57.53995345138692
20170123,9392451,87.09,87.35,86.85,86.96,85.85,84.874,84.703,86.02897307932021,85.23841808450604,84.7853025932997,84.85391606887187,84.92488581062206,84.04552298310226,0.4531154912063329,0.1612834920699797,67.95511221945132,0.18844544427760246,72.33078392235264,62.470230275042155
20170124,8704054,87.22,87.95,87.22,87.86,86.38,85.22,84.8725,86.63931538621348,85.64173837919742,85.01305795675898,84.95247619776131,84.97340009474401,84.07717839403087,0.6286804224384355,0.2547628781436709,70.7954545454545,0.18436704161524797,80.73825311135569,68.55957122048
20170125,8081945,87.84,87.9,87.06,87.16,86.826,85.587,84.9825,86.81287692414233,85.87531709009012,85.17209070070277,85.02485402734291,85.00954224193832,84.10276197582314,0.7032263893873534,0.3444555803924074,64.4565217391304,0.1790153855016526,81.25932256979621,72.79282167025207
20170126,6540385,87.12,87.23,86.59,86.6,87.20599999999999,85.872,85.0825,86.74191794942823,85.98680676853779,85.27786175990997,85.07649815759396,85.03583079992282,84.12348594282876,0.708945008627822,0.41735346603949036,58.36956521739125,0.18625641071887003,77.39963658273072,74.32842664107828
20170127,9324287,86.45,86.85,86.02,86.72,87.05999999999999,86.16,85.215,86.73461196628548,86.09960572722429,85.38468681473145,85.13038346390235,85.06366830736212,84.14503377732811,0.7149189124928341,0.47686655533015915,59.095801937567245,0.18616675297080046,74.71738083944362,74.4580780405334
20170130,7349934,86.78,86.86,86.5,86.75,87.018,86.434,85.33500000000001,86.739741310857,86.1996663845744,85.48582112475134,85.18348564541374,85.0915415584801,84.16665175427974,0.71384525982306,0.5242622962287393,63.521288837744464,0.1866453717182518,72.0939507806485,73.67003562057175
20170131,9694265,86.63,87.66,86.53,87.6,86.966,86.673,85.511,87.026494207238,86.41510232540911,85.64242696736235,85.26271562425264,85.13300368148043,84.19514427084174,0.7726753580467545,0.5739449085923424,73.81228273464656,0.1811923685521399,78.01301725475798,75.11769616530049
20170201,8291504,87.03,87.59,86.75,87.33,86.99999999999999,86.913,85.6675,87.12766280482533,86.55585581380771,85.76743237718736,85.3304954398509,85.1693176702163,84.22115967108371,0.7884234366203486,0.6168406141979437,70.71759259259258,0.181022651619324,74.34456904792907,74.85998712617668
20170202,8996855,87.61,88.35,87.25,87.76,87.232,87.21900000000001,85.8305,87.33844186988357,86.7411087655296,85.91502997887719,85.4101513270689,85.21213886574992,84.25052764061829,0.8260787866524169,0.6586882486888384,71.82628062360801,0.1788146398497103,74.4557498946138,74.72524138232238
20170203,7154381,88.12,88.17,87.39,87.41,87.36999999999999,87.215,85.94800000000001,87.36229457992238,86.84401510929428,86.02576849896036,85.47572013601746,85.24846714896067,84.276747328248,0.8182466103339152,0.6905999210178537,68.55895196506543,0.09911532166018892,69.52271738324757,72.99106671596411
20170206,7474975,87.5,87.785,87.13,87.4,87.5,87.25899999999999,86.06649999999999,87.37486305328159,86.92955124632593,86.1275634249633,85.53881127909885,85.28402967542414,84.30266643755715,0.8019878213626299,0.712877501086809,63.7390213299875,0.09468305757075082,66.09096752588479,70.69103365260433
20170207,6646055,87.64,88.28,87.475,88.01,87.58200000000001,87.274,86.247,87.5865753688544,87.09577413150656,86.26700317126232,85.619833860112,85.32908703616093,84.33343269118738,0.8287709602442419,0.7360561929182956,68.55421686746982,0.08700100103396603,72.52988679121948,71.30398469880939
20170208,6815666,88.07,88.34,87.81,88.33,87.78200000000001,87.39099999999999,86.489,87.83438357923627,87.2856550343517,86.41981775116881,85.70869176633784,85.37868890333182,84.36659922487048,0.8658372831828984,0.7620124109712162,71.63289630512509,0.07647178559952353,81.40046816124223,74.66947918628699
20170209,9913696,88.25,88.78,88.03,88.67,87.964,87.59799999999998,86.735,88.11292238615752,87.49863118291299,86.5864979177489,85.80578383957265,85.43309073964039,84.40231209437364,0.912133265164087,0.7920365818097904,60.20066889632103,0.06492165575701105,85.9921249729919,78.44369444852197
20170210,11050280,88.56,88.73,87.965,87.97,88.076,87.723,86.94149999999999,88.06528159077169,87.57114946246483,86.6889795534712,85.87674174647191,85.47502312410916,84.43191946288506,0.8821699089936317,0.8100632472465588,58.15831987075931,0.08148320179267657,78.66141664866123,78.51626851523505
20170213,6894184,88.04,88.355,87.64,88.31,88.25800000000001,87.879,87.1565,88.1468543938478,87.68481877593177,86.80905514210296,85.95652070560398,85.52188224602472,84.46410270385698,0.8757636338288108,0.8232033245630093,53.996447602131454,0.08201900211046272,78.05670797923887,78.36308166990298
20170214,20073350,88.0,88.22,87.23,87.86,88.228,87.905,87.289,88.05123626256521,87.71176973348074,86.88690290935459,86.0189298627973,85.5605288204706,84.49228442415692,0.824866824126147,0.8235360244756369,56.505576208178454,0.07594282381463555,66.78528006696736,74.50381446892443
20170215,25842240,89.81,91.15,89.81,91.12,88.786,88.28399999999999,87.5985,89.07415750837681,88.23611285140677,87.20046565680981,86.18617806401706,85.65242090608265,84.54728621316806,1.0356471945969616,0.8659582584999019,77.97029702970299,0.18560741949113382,77.60809715907276,75.53857536564054
20170216,12404800,90.92,91.12,90.54,90.79,89.21000000000001,88.587,87.90299999999999,89.64610500558454,88.62901856657497,87.46635708963872,86.33712304552469,85.73733956879204,84.59909296658576,1.1626614769362504,0.9252989021871717,74.54764776839568,0.18925809338796445,82.08699014584951,77.72138029237686
20170217,12088310,90.61,91.36,90.45,91.09,89.834,88.95500000000001,88.08500000000001,90.12740333705636,89.0076310947942,87.73477508299881,86.49295507681896,85.82581329492771,84.65295941499583,1.2728560117953975,0.994810324108817,75.35046728971963,0.18522514266706955,85.87881667511843,80.44052575329071
20170221,9018703,90.58,91.8,90.58,91.67,90.506,89.382,88.3205,90.64160222470424,89.41722631097971,88.0262732249989,86.66269425462816,85.92241142228428,84.71119211694608,1.3909530859808115,1.0740388764832158,74.54764776839568,0.18405174620122988,89.63766480018839,83.50623876892327
20170222,6749856,91.45,91.8,91.25,91.44,91.22200000000001,89.725,88.4995,90.9077348164695,89.72842226313668,88.27914187499898,86.81932722988626,86.0136112334862,84.76703284626603,1.4492803881376943,1.1490871788141117,74.90909090909086,0.1867222364670339,90.46595596453113,85.82614450079255
20170223,7611607,91.61,91.8,90.91,91.13,91.224,90.005,88.69800000000001,90.98182321097967,89.94404960726949,88.49031655092499,86.9606607633326,86.09817964285007,84.81983755293602,1.453733056344504,1.2100163543201903,70.72570725707249,0.18987686176008922,88.75702680640512,86.80310526933008
20170224,6639827,90.97,91.34,90.67,91.05,91.276,90.24300000000001,88.9205,91.00454880731978,90.11419582153572,88.67992273233796,87.09473745961677,86.1800279132162,84.87154014585772,1.4342730891977595,1.2548677012957041,73.15521628498729,0.1907536903490118,87.03422501900384,86.88014518588798
20170227,11840270,90.53,90.91,90.06,90.89,91.236,90.535,89.12899999999999,90.96636587154653,90.23355031053022,88.84363215957218,87.21917229700638,86.25787869151014,84.92148587078836,1.3899181509580387,1.2818777912281711,71.78526841448186,0.18429004332264698,84.71865913010177,86.15964983395924
20170228,10535470,90.9,91.79,90.65,91.07,91.116,90.81099999999999,89.345,91.00091058103102,90.36223487814095,89.00854829590017,87.34542894300617,86.3374178866918,84.97251088430879,1.3536865822407833,1.2962395494306937,70.18469656992077,0.18435516178218242,77.58463372492537,83.30131113094794
20170301,8787804,91.05,91.89,90.71,91.66,91.16,91.191,89.548,91.22060705402069,90.56189105073466,89.20495212583349,87.48689028913711,86.42539445054814,85.02800871929378,1.356938924901172,1.3083794245247895,71.21019108280251,0.17957966781154466,80.86698714630717,82.48986980273435
20170302,7027222,91.4,91.585,90.88,90.91,91.116,91.16999999999999,89.727,91.11707136934713,90.61544627369855,89.33125196836434,87.5991233944113,86.49952016210933,85.07682192494279,1.2841943053342106,1.3035424006866738,63.55932203389826,0.07074895773150017,69.39402057476936,78.12458672674602
20170303,8337132,90.8,90.82,89.8948,90.5,91.006,91.14099999999999,89.864,90.9113809128981,90.59768530851416,89.41782589663364,87.69423410279124,86.56564379579348,85.12182755212169,1.1798594118805141,1.2788058029254419,65.87202007528232,0.07194578010056601,56.373613288819726,70.87426224743726
20170306,6491060,89.89,90.51,89.59,90.37,90.902,91.06899999999999,90.01199999999999,90.73092060859874,90.56265679951198,89.48835731169783,87.78196413220792,86.62852571652417,85.16538085044434,1.0742994878141587,1.2379045399031854,63.27319587628869,0.06943430794062959,48.88675668530013,63.54509372672488
20170307,5362951,90.14,90.49,90.06,90.29,90.74600000000001,90.931,90.15650000000001,90.58394707239917,90.52070959958706,89.54773825157206,87.86419481639781,86.68904595261468,85.20790881019168,0.9729713480150082,1.18491790152555,66.44113667117733,0.05834865781733691,42.736098659765354,56.608762037738366
20170308,5511775,90.02,90.35,89.76,90.14,90.44200000000001,90.801,90.263,90.43596471493278,90.46213889195829,89.59160949219635,87.9388113797946,86.74608651538138,85.24883902753449,0.870529399761935,1.122040201172827,38.5514018691588,0.05812331324195362,36.46174693259716,49.89309033602463
20170309,5587367,90.14,90.49,90.095,90.34,90.328,90.72200000000001,90.3635,90.40397647662186,90.44334829319547,89.64704582610774,88.01753887553903,86.80549004405276,85.29108932606117,0.7963024670877275,1.056892654355807,44.578313253012,0.05947380976344395,35.17739650578942,44.98785905927956
20170310,6794349,90.8,91.16,90.65,91.07,90.44200000000001,90.724,90.4835,90.6259843177479,90.53975624808848,89.75244983898865,88.1176195681443,86.87597781191967,85.33904709099012,0.787306409099827,1.0029754053046112,49.781659388646176,0.07308122743294955,44.900873032845,44.958863717134705
20170313,7090852,91.06,91.49,90.85,91.31,90.63,90.76599999999999,90.6505,90.85398954516528,90.6582552868441,89.8678239249895,88.22228777902482,86.94926743486315,85.38859856741344,0.7904313618546013,0.9604665966146092,45.75471698113208,0.07337590297654957,54.86145158711407,48.25972634046116
20170314,6684468,91.26,91.59,90.82,91.0,90.772,90.75899999999999,90.785,90.90265969677685,90.7108313965604,89.95168881943472,88.31336031086008,87.01622169213815,85.4351662141569,0.7591425771256723,0.9202017927168219,44.907407407407426,0.07502603308801194,60.07430105807599,52.19791791299943
20170315,7855256,91.0,91.78,90.73,91.4,91.024,90.73299999999999,90.962,91.06843979785124,90.8168573355511,90.05897112910623,88.41456161214334,87.08868083772265,85.4846669094751,0.7578862064448799,0.8877386754624336,53.06122448979604,0.07102084579411605,67.59900131421206,57.331612380070304
20170316,6600312,91.44,91.7199,91.1,91.44,91.244,90.786,90.978,91.1922931985675,90.91272543777401,90.16126956398725,88.51375631338455,87.16060346850409,85.53408876084875,0.7514558737867674,0.8604821151273003,54.462242562929084,0.0572963176703103,73.22429615772427,62.62917363928829
20170317,37004960,91.45,92.0,90.92,91.0,91.22999999999999,90.836,90.9885,91.12819546571167,90.92615229350109,90.22339774443263,88.59527249983095,87.22406456819824,85.57944902009481,0.7027545490684588,0.8289366019155321,51.18279569892472,0.057990968771021535,67.26857839086377,64.17564188981345
20170320,7772903,90.96,91.41,90.94,91.22,91.21200000000002,90.921,90.99499999999999,91.15879697714112,90.97135963296246,90.29722013373392,88.68132913918076,87.29011308773217,85.62625857179528,0.674139499228545,0.7979771813781347,51.59914712153524,0.057562544105343685,66.57190940343294,64.97439772768661
20170321,8212432,91.3,91.75,91.03,91.19,91.25,91.011,90.971,91.16919798476076,91.0049966125067,90.36335197567955,88.76358064281418,87.35457402843082,85.67243069983017,0.6416446368271522,0.7667106724679382,44.30992736077482,0.05717830359190242,63.54137792249857,64.49672445929059
20170322,7791844,91.31,91.8,90.75,90.99,91.16799999999999,91.096,90.9485,91.10946532317384,91.00268944135182,90.40977034785143,88.83657799878748,87.41466371391131,85.71655990564071,0.5929190935003845,0.7319523566744275,51.11731843575416,0.057854136990735106,50.75598034339387,59.91647642065835
20170323,6824203,90.91,91.46,90.6,90.77,91.03399999999999,91.139,90.9305,90.99631021544923,90.96689106575923,90.43645402578836,88.89996888407313,87.4701238178136,85.75849716783456,0.5304370399708631,0.6916492933337146,53.98230088495569,0.05946559580328646,37.884939276548316,52.572630705955
20170324,9251849,90.77,90.915,90.21,90.57,90.94800000000001,91.089,90.9065,90.85420681029949,90.90583090179626,90.44634632017441,88.95472400262811,87.52136144065966,85.79842665191893,0.4594845816218509,0.6452163509913419,52.89017341040445,0.04479904161192847,31.96053679889065,45.70193273693354
20170327,10066350,90.45,90.715,90.18,90.49,90.80199999999999,91.007,90.88649999999998,90.73280454019967,90.84185691690453,90.44957992608742,89.00506092057472,87.57042984659917,85.83736087057521,0.3922769908171091,0.5946284789564954,52.89017341040445,0.04151369763087081,26.984680210249245,39.462848561372105
20170328,11855760,90.17,91.0599,90.13,90.76,90.71599999999998,90.983,90.871,90.74186969346646,90.82926354507306,90.4725740056365,89.06259990678538,87.62315001442398,85.87821264758288,0.3566895394365588,0.5470406910525081,58.65921787709501,0.042931543963862756,29.219733330897142,36.04847681788045
20170329,4252780,90.56,90.87,90.39,90.6,90.638,90.90299999999999,90.81800000000001,90.6945797956443,90.79399223044643,90.48201296818195,89.11300646721864,87.67235414641698,85.91739760486436,0.3119792622644866,0.5000284052949038,53.67231638418064,0.03549111023086329,27.857718833788784,33.318224156516564
20170330,3691924,90.5,90.568,90.1,90.2,90.52399999999999,90.779,90.7825,90.52971986376288,90.70260881037775,90.46112311868698,89.14864559944098,87.71413341672414,85.95293787370366,0.2414856916907695,0.44831986257407697,36.44859813084136,0.03838177045164263,20.532596869584843,29.05634839420599
20170331,6942342,90.03,90.34,89.84,89.85,90.38,90.664,90.75,90.30314657584192,90.57143822416579,90.41585473952499,89.17164082568881,87.749436996613,85.98527863823725,0.1555834846408004,0.3897725869874217,28.012048192771104,0.03646825331592027,13.858465940267292,23.990387576226425
20170403,6967439,89.86,90.06,89.45,89.68,90.218,90.50999999999999,90.7155,90.09543105056129,90.43429388198643,90.36134698104166,89.18830833960065,87.78134712890039,86.01594022630167,0.07294690094477119,0.3264074497788916,29.24528301886808,0.030829184722440953,12.501388641029322,20.160721264494057
20170404,5680493,89.75,89.96,89.42,89.91,90.048,90.382,90.69649999999999,90.0336207003742,90.35363328475775,90.32791387133487,89.2119703612531,87.81653147387725,86.04825607504606,0.02571941342287687,0.26626984250768865,25.24916943521572,0.0366062504317379,16.340795041731912,18.887412523573342
20170405,6310419,90.0,90.5,89.76,89.97,89.922,90.28,90.688,90.01241380024948,90.2946127794104,90.30140173271748,89.23682379203167,87.8521259949702,86.08080166778427,-0.006788953307079737,0.211658083344735,25.742574257425773,0.0375906196176628,22.073406829252217,19.9494106254663
20170406,7231494,89.77,89.81,89.31,89.4,89.762,90.143,90.64099999999999,89.80827586683299,90.1569800441165,90.23463123399766,89.24217383163719,87.87771068926821,86.10834688215951,-0.07765118988116626,0.15379622869955475,24.683544303797532,0.044952359832065386,16.429988231902254,18.776269827611618
20170407,4739026,89.46,89.61,89.18,89.23,89.638,90.00899999999999,90.549,89.61551724455533,90.01436772963703,90.1602141055534,89.24177468961629,87.9000625787018,86.13425271716234,-0.1458463759163635,0.0938677077763711,18.006430868167286,0.044859204714074105,11.839897468713907,16.464145707979046
20170410,5949792,89.13,89.679,88.75,89.49,89.6,89.90899999999999,90.458,89.57367816303689,89.93369577123133,90.11056861625315,89.24991322438296,87.92634253607864,86.16210124233112,-0.1768728450218191,0.039719597216733064,24.550898203592695,0.04954505985420772,19.528485104928663,17.485592173628916
20170411,5184689,89.66,89.82,89.29,89.8,89.578,89.813,90.398,89.64911877535793,89.9131271910419,90.08756353356773,89.26794885637041,87.95731208093684,86.1922912735151,-0.17443634252583706,-0.0031115907317809605,32.75362318840577,0.05058278522130636,32.27091526247166,22.414033203243164
20170412,6286282,89.7,90.421,89.56,90.31,89.646,89.78399999999999,90.34349999999999,89.8694125169053,89.97418454626622,90.10404030885901,89.30211446763695,87.99619948455774,86.22646313016642,-0.12985576259279696,-0.028460425103984163,43.85026737967922,0.059560285319652614,51.22822922260019,32.0187652096955
20170413,5036793,90.05,90.54,89.79,90.03,89.772,89.76700000000001,90.273,89.92294167793688,89.98277153914833,90.09855584153613,89.3259795670587,88.02981602200306,86.25802775149285,-0.11578430238779447,-0.04592520056074623,42.93193717277496,0.05756709109856425,57.98827944448945,40.67526995462681
20170417,6931622,90.23,90.59,90.13,90.39,90.00399999999999,89.821,90.2425,90.07862778529126,90.04542207158705,90.12014429771864,89.36086548289283,88.0688273274245,86.29231797762154,-0.07472222613158408,-0.0516846056749138,48.78048780487811,0.057034065751866564,68.36899789052916,49.906512599927595
20170418,7087668,90.4,91.13,90.34,90.8,90.26599999999999,89.933,90.2215,90.31908519019417,90.16151098365059,90.17050397936912,89.40805022115863,88.11397067738443,86.32972612718484,-0.008992995718529073,-0.043146283683636856,50.47169811320746,0.058145671667319085,74.29081652085699,58.034613906904056
20170419,6915161,90.1,90.45,89.5,89.6,90.226,89.902,90.142,90.07939012679611,90.07512467847357,90.12824442534178,89.41434365653048,88.13853314552684,86.35686532944887,-0.0531197468682052,-0.04514097632055053,40.53030303030299,0.08963263290417593,61.43197291866651,59.16706691082487
20170420,6979447,89.7,89.7,89.31,89.33,90.03,89.838,90.059,89.82959341786407,89.96049011255457,90.06911520864979,89.41157829074258,88.15822681254292,86.38153864621692,-0.1086250960952242,-0.05783780027548527,41.55339805825235,0.09029920848149948,49.07789791216422,55.80401057793798
20170421,9060987,89.17,89.28,88.61,88.62,89.748,89.75999999999999,89.9515,89.42639561190938,89.75426086446925,89.9617733413424,89.38562490416085,88.16585942721164,86.40011508898691,-0.20751247687314844,-0.0877727355950179,38.838475499092574,0.09314295733737792,32.85087374038467,48.15296496542021
20170424,8274540,89.12,89.655,89.01,89.55,89.58,89.792,89.9005,89.46759707460626,89.72283611608935,89.93127161235407,89.39101425156541,88.18873778378666,86.42625521272976,-0.20843549626471258,-0.11190528772895685,48.96331738436994,0.10720049342057407,34.3344449274522,43.54679161943087
20170425,9031808,89.58,90.25,89.47,90.0,89.42,89.843,89.876,89.64506471640418,89.76547671361406,89.93636260403154,89.41098099741572,88.21867600223648,86.45591284581914,-0.17088589041748037,-0.12370140826666155,50.69337442218801,0.1089159711226908,41.275873337878224,42.78981885891332
20170426,11939930,89.85,90.0,87.61,87.74,89.04799999999999,89.637,89.725,89.01004314426946,89.45386491151959,89.77366907780699,89.35619473520536,88.21076400219951,86.4665691707501,-0.3198041662873976,-0.16292195987080876,37.16915995397003,0.16304680301996693,28.748309497979378,38.10931573860201
20170427,8517284,87.58,88.24,87.23,87.69,88.72,89.375,89.5795,88.5700287628463,89.1825010789781,89.61932322019166,89.30156539962486,88.20215633274167,86.47672212368994,-0.436822141213554,-0.2177019961393578,39.53488372093016,0.15797866238921915,23.09716359694347,33.10526502471583
20170428,8291326,87.52,87.59,87.15,87.33,88.46199999999999,89.105,89.43599999999999,88.15668584189754,88.89750091298147,89.44974372239969,89.23692391111257,88.18774052558892,86.48380326789169,-0.5522428094182175,-0.28461015879512974,38.63636363636358,0.1580775861061475,16.90564675307113,27.705392267500926
20170501,4546310,87.38,87.5967,87.08,87.09,87.97,88.775,89.298,87.80112389459836,88.61942384944587,89.27494789111083,89.16653296320723,88.16959605409158,86.48883394616645,-0.655524041664961,-0.358792935369096,35.61151079136694,0.15371639802862597,11.369343137062307,22.260042557354716
20170502,12803970,87.29,87.29,86.02,86.22,87.21400000000001,88.317,89.125,87.27408259639891,88.25028171876188,89.04865545473224,89.06992532506929,88.13737132592479,86.48660295906134,-0.7983737359703582,-0.44670909548934845,29.887640449438194,0.14962576832968458,9.155606220610512,17.891897111773314
20170503,6120941,86.3,86.63,85.9,86.43,86.952,88.0,88.951,86.99272173093262,87.9702383774139,88.85468097660393,88.98337039637849,88.10915031227314,86.48613322496125,-0.8844425991900238,-0.5342557962294836,27.441860465116292,0.14682523873633982,10.165040162399357,15.316278128648662
20170504,5986188,86.85,87.24,86.3,86.45,86.70400000000001,87.712,88.775,86.81181448728842,87.73635555011946,88.67655645981846,88.90030907190706,88.08172634016947,86.48583336417319,-0.9402009096990014,-0.6154448189233872,28.53717026378895,0.14796203545559058,10.991252828572735,13.874603028623351
20170505,4505611,86.54,86.61,86.1335,86.5,86.53800000000001,87.5,88.63,86.70787632485894,87.54614700394723,88.51533005538747,88.82161041381174,88.05558210314187,86.48595092961574,-0.9691830514402398,-0.6861924654267577,25.778331257783265,0.14671555189839178,11.925203035140406,13.224803030795702
20170508,4634461,86.33,86.62,86.24,86.55,86.42999999999999,87.2,88.496,86.6552508832393,87.39289361872457,88.3697500512847,88.7471313838507,88.03069644854449,86.4864824571708,-0.9768564325601261,-0.7443252588534315,22.29465449804428,0.1316773216780935,13.234688202288662,13.22809808796002
20170509,9577603,86.8,86.82,86.22,86.4,86.466,86.84,88.3415,86.57016725549288,87.2401407543054,88.22384264007843,88.67017625651133,88.00374278823797,86.4857647604308,-0.98370188577303,-0.7922005842373512,25.830815709969784,0.12453159771116974,15.945632590699596,14.133942922206543
20170510,6178548,86.48,86.79,86.385,86.49,86.478,86.715,88.176,86.54344483699525,87.12473448441226,88.09540985192447,88.59869506777325,87.97872224628362,86.48579990764713,-0.9706753675122144,-0.8278955408923239,27.950310559006084,0.054011643514842285,22.22154960281314,16.829811815742076
20170511,6064723,86.61,86.63,85.88,86.17,86.422,86.563,87.96900000000001,86.4189632246635,86.97785225604115,87.95278689993006,88.51906572128888,87.94882601080786,86.48317916152558,-0.9749346438889148,-0.8573033614916421,29.75206611570235,0.05480577587558363,20.445325024038215,18.034982885174124
20170512,5891344,86.24,86.32,85.915,86.19,86.35999999999999,86.449,87.777,86.34264214977567,86.8566442166502,87.82221009252784,88.44270291075482,87.919754506497,86.48074613943824,-0.965565875877644,-0.8789558643688425,17.315175097276082,0.05398109887914079,20.958821883637768,19.009595884662005
20170515,5752057,86.65,86.71,86.245,86.33,86.316,86.373,87.574,86.33842809985045,86.77562202947324,87.71167601159985,88.37343396286121,87.89347757250532,86.4794951341317,-0.9360539821266087,-0.8903754879203959,12.008281573498707,0.05505441727294208,25.001959687131134,21.007050485485045
20170516,6554419,86.88,87.0,86.19,86.24,86.28399999999999,86.375,87.346,86.30561873323363,86.69321864032351,87.60266297370356,88.30348530834117,87.86614736469532,86.47750762264513,-0.9094443333800513,-0.894189257012327,21.80451127819515,0.026678023515287183,25.49150253651878,22.50186783582962
20170517,7805479,86.22,86.63,85.93,86.26,86.238,86.35799999999999,87.179,86.29041248882243,86.62656961873527,87.50320645713292,88.23648579003489,87.83959947436979,86.47570258013356,-0.8766368383976442,-0.8906787732893905,22.813688212927715,0.023543759761868684,28.303858833869903,24.435864835176382
20170518,6979607,86.18,86.22,85.52,85.87,86.178,86.3,87.006,86.15027499254829,86.510174292776,87.382228201049,88.15889609200096,87.80704411115707,86.47067600270506,-0.8720539082730028,-0.886953800286113,22.55639097744354,0.031080447121390825,26.752122105462988,25.20795059193858
20170519,6913916,86.0,86.38,85.67,86.24,86.18800000000002,86.274,86.887,86.18018332836553,86.46860901696431,87.297618704675,88.0959814660337,87.78114255560075,86.46876167903116,-0.8290096877106947,-0.8753649777710294,34.76702508960547,0.03892025386553321,34.0509642865248,28.155621823467317
20170522,4254965,86.25,86.4,86.03,86.21,86.164,86.24,86.72,86.19012221891036,86.4288230143544,87.21705435618055,88.03414600813096,87.75517325716108,86.46661427920517,-0.7882313418261475,-0.8579382505820531,49.74358974358961,0.038642148625933105,38.24118339822365,31.517475681719425
20170523,4394125,86.28,86.54,85.98,86.08,86.132,86.208,86.524,86.15341481260691,86.37515793522296,87.13282810757458,87.97007564720863,87.72748444299313,86.46340586195036,-0.7576701723516237,-0.8378846349359673,40.641711229946104,0.03845942001656473,38.10673487809506,33.71389541384463
20170524,4898401,86.45,86.65,86.21,86.5,86.17999999999999,86.20899999999999,86.462,86.26894320840461,86.39436440672712,87.08595195145794,87.9218764456608,87.7071954439354,86.4637095477433,-0.6915875447308224,-0.8086252168949384,51.101321585903044,0.045645175319997074,47.47656199080214,38.30145093949713
20170525,4364021,86.58,86.98,86.55,86.86,86.378,86.27799999999999,86.4205,86.4659621389364,86.46600065184603,87.06921476986847,87.88706082449158,87.69319221345714,86.46699826518942,-0.6032141180224357,-0.7675429971204379,56.97674418604658,0.044851524290703715,61.8312215073816,46.144707795458615
20170526,4336521,86.93,87.38,86.816,87.25,86.58,86.38399999999999,86.41650000000001,86.72730809262427,86.58661593617741,87.08260626839673,87.86617358434431,87.68586672232561,86.47349620489739,-0.4959903322193213,-0.7132324641402147,61.98630136986317,0.04795664107046191,72.22439856764515,54.83793805285413
20170530,4594393,87.25,87.61,87.095,87.4,86.818,86.49100000000001,86.43199999999999,86.95153872841618,86.71175194599627,87.10611691518216,87.85088920452974,87.68114165253512,86.48118503307252,-0.3943649691858866,-0.6494589651493491,67.12328767123294,0.04797869983938217,78.13365008177948,62.60317539582924
20170531,10144180,87.67,88.35,87.45,88.09,87.22,86.676,86.5255,87.33102581894413,86.92379010815068,87.17899714368718,87.85872890274187,87.68789964174942,86.49453619462379,-0.25520703553650037,-0.5706085792267793,72.72727272727288,0.05549764127215123,82.36000700387193,69.18878593184347
20170601,6247768,88.02,88.14,87.37,88.13,87.546,86.863,86.6105,87.59735054596275,87.10936086074288,87.24944179971035,87.8676230370782,87.69520708568746,86.50810850836136,-0.14008093896747198,-0.4845030511749179,80.24691358024687,0.05531676344907989,85.50368626128775,74.62708604165823
20170602,6132729,88.4,88.675,88.005,88.59,87.892,87.135,86.7175,87.92823369730851,87.33715149755167,87.34874240713921,87.8913075276658,87.70999705121329,86.5253856161758,-0.0115909095875395,-0.3899206228574422,82.60869565217394,0.043976922547110435,89.28446121810038,79.51287776713895
20170605,4115288,88.3,88.76,88.0,88.74,88.19,87.385,86.82950000000001,88.19882246487235,87.55297434408219,87.4517985251289,87.91913351036528,87.727021893342,86.54376415878015,0.10117581895329408,-0.291701334495295,82.65582655826556,0.04396553846741114,92.61649932525623,83.8807516198447
20170606,6503039,88.76,88.97,88.45,88.8,88.47,87.64399999999999,86.94200000000001,88.39921497658158,87.74482444499262,87.55166530104528,87.9480143788779,87.74475706865866,86.56248810766995,0.1931591439473408,-0.19472923880676785,84.97267759562848,0.04232411219258941,93.02452612021911,86.92867645330284
20170607,4777670,88.68,88.8931,88.4,88.77,88.606,87.91299999999998,87.0605,88.52280998438772,87.9025437611476,87.64191231578266,87.97496472711141,87.76170323281306,86.58080770843618,0.2606314453649361,-0.10365710197242707,84.19618528610354,0.039479573933013816,92.5948631435069,88.81740535003752
20170608,7672307,88.58,88.8,87.36,87.85,88.55,88.04799999999999,87.1285,88.29853998959182,87.89446010558643,87.65732621831728,87.97086752294382,87.76316268351037,86.59134042454875,0.2371338872691524,-0.03549890412411118,73.57142857142851,0.07401675576815361,77.73114676914686,85.12198582307397
20170609,9696915,87.85,88.21,87.55,88.16,88.464,88.178,87.228,88.25235999306122,87.93531239703468,87.69456131325674,87.97706858776533,87.7697219779978,86.60435834633672,0.24075108377793697,0.01975109345629845,73.18840579710147,0.07351674199838451,70.75409784609786,80.33268983074859
20170612,7863634,88.28,88.66,88.09,88.24,88.364,88.277,87.3305,88.24823999537415,87.98218741287549,87.73496417894142,87.9856892898058,87.77749516844413,86.61793213599368,0.24722323393406498,0.06524552155185176,74.22434367541769,0.07179852568224472,65.38886026178773,75.35141330776163
20170613,6414093,88.36,88.4,87.77,88.06,88.216,88.34299999999999,87.417,88.18549333024944,87.99415858012541,87.75904090642724,87.98812570653348,87.78216466979217,86.62989950415971,0.23511767369816994,0.0992199519811154,73.34905660377366,0.07323882164893744,58.08532713104695,69.59605124885674
20170614,6183825,88.49,88.75,88.06,88.44,88.15,88.378,87.527,88.27032888683297,88.06274956779843,87.80948232076597,88.00294125713894,87.79303798103527,86.64492108503805,0.2532672470324684,0.130029410991386,73.09523809523813,0.06615012568894092,61.08379986790291,66.75863412187212
20170615,7047171,88.231,89.62,88.23,89.38,88.45599999999999,88.503,87.68299999999999,88.64021925788865,88.26540348044483,87.92581696367219,88.04809072411798,87.81926875820824,86.66761883536968,0.3395865167726413,0.17194083214763708,76.3598326359833,0.08201984395980524,70.51604356975226,68.01110393783216
20170616,13848640,89.72,89.77,88.81,89.66,88.756,88.61,87.8725,88.98014617192577,88.47995679114563,88.05427496636314,88.10094020857314,87.84969406798993,86.6924518740803,0.42568182478248673,0.22268903067460702,75.80299785867241,0.08017134058764382,78.82259059560248,71.6149328237556
20170619,5152750,89.6,89.86,89.2046,89.86,89.08,88.72200000000001,88.0535,89.27343078128385,88.69227113096937,88.18803237626217,88.15861430009532,87.88292226521324,86.71873858051947,0.5042387547072025,0.2789989754811261,76.05932203389833,0.08029476085032605,85.88172706373498,76.37053090374872
20170620,5674209,89.77,90.21,89.61,89.63,89.39399999999999,88.80499999999999,88.2245,89.39228718752257,88.83653711082025,88.29484479283535,88.20685645419056,87.9117995831436,86.74289842632429,0.5416923179848965,0.3315376439818802,68.07511737089196,0.08233799365733944,83.80419231149584,78.84841803966441
20170621,4164338,89.62,89.9499,89.29,89.4,89.58599999999998,88.86800000000001,88.3905,89.39485812501505,88.9232237091556,88.37670814151421,88.2459759147089,87.93639793714124,86.76494906179047,0.5465155676413787,0.3745332287137799,64.26966292134847,0.08387561894277351,79.05241893448107,78.91641833793662
20170622,4536694,89.271,89.41,88.9,89.03,89.51599999999999,88.986,88.51700000000001,89.27323875001004,88.93965083082396,88.42510013103168,88.27168162242336,87.95447400429593,86.78374616501213,0.5145506997922809,0.4025367229294801,55.04587155963302,0.06641479806330021,69.91472737708582,75.91585468431968
20170623,8782097,89.03,89.8,88.9,89.42,89.468,89.112,88.645,89.32215916667336,89.0135507030049,88.49879641762193,88.30933140529471,87.97869757447286,86.80562379019875,0.5147542853829634,0.4249802354201768,57.39130434782617,0.06723709121002973,69.15080185794803,73.66083707552913
20170626,4363047,89.63,89.68,89.27,89.36,89.36800000000001,89.224,88.7505,89.33477277778225,89.0668505948503,88.56258927557586,88.34377955594078,88.0015290195229,86.82682193301868,0.5042613192744341,0.4408364521910283,56.08695652173917,0.06795624502383839,66.25557333165531,71.19241582757118
20170627,5180366,89.18,89.3,88.61,88.61,89.164,89.279,88.811,89.09318185185484,88.99656588795025,88.56610118108875,88.35250809509026,88.01158639110105,86.84162009125089,0.43046470686149974,0.4387621031251226,48.49624060150379,0.08127940327183364,50.56768861840989,64.31750675785074
20170628,4874760,89.08,89.21,88.26,88.37,88.958,89.272,88.825,88.85212123456989,88.9001711359579,88.55157516767477,88.35308160016926,88.01751058298368,86.8543037419459,0.348595968283135,0.4207288761567251,55.60344827586219,0.08012854008515659,35.592134292615135,54.742382602772196
20170629,8122100,88.02,88.22,86.93,86.99,88.55,89.033,88.768,88.23141415637993,88.60629865350285,88.4359029330322,88.3083904001637,88.00052693698395,86.85542985197125,0.1703957204706512,0.37066224501951034,39.754816112084036,0.0894250111178086,24.337845625970946,44.60753694383845
20170630,6065777,87.05,87.47,87.0,87.15,88.096,88.782,88.696,87.87094277091995,88.3822527068101,88.3406508639187,88.27041038704358,87.98646864050488,86.85787441751506,0.04160184289141,0.3048501645938903,40.58721934369613,0.08749259584852538,18.461002775037535,35.892025554238145
20170703,3607447,87.4,88.0,87.18,87.74,87.77199999999999,88.57000000000001,88.64599999999999,87.8272951806133,88.28344459807009,88.29615820733213,88.25301988255035,87.98239477867835,86.86519496176805,-0.01271360926203613,0.24133740982270502,47.41935483870962,0.09629261404729474,21.24802858380197,31.01069323075942
20170705,4974191,87.86,88.0,87.49,87.67,87.584,88.374,88.5895,87.77486345374221,88.1890685060593,88.24977611790011,88.23390447656509,87.97723122861755,86.87187384175338,-0.06070761184081164,0.1809284054900017,43.46349745331073,0.09657796369214988,22.760009764346464,28.260465408621766
20170706,6038651,87.65,87.95,87.36,87.37,87.384,88.171,88.5195,87.63990896916148,88.06305796666557,88.18460751657418,88.20557973962852,87.9671943488057,86.87600766879278,-0.12154954990860745,0.12043281441027988,30.857142857142946,0.09674460453263832,20.28367666055152,25.601535825931684
20170707,4914666,87.69,87.82,87.28,87.65,87.516,88.033,88.5095,87.64327264610766,87.99951058717856,88.1450069597909,88.18736401046037,87.96195146700727,86.88243084166587,-0.14549637261234238,0.06724697700575542,30.857142857142946,0.09949141535311995,22.24972383430706,24.484265162056808
20170710,5356317,87.63,87.87,86.89,87.09,87.504,87.8,88.45599999999999,87.45884843073844,87.85958588145878,88.0668582961027,88.15138486257642,87.947539046065,86.8841534072952,-0.20727241464391,0.012343098675822338,25.31194295900181,0.09649192832074191,17.599400951778748,22.189310425297453
20170711,5838563,87.23,87.45,86.305,86.77,87.31,87.54100000000001,88.3825,87.22923228715896,87.69195728431129,87.9707947186136,88.1060935556067,87.92807559075816,86.88320607611433,-0.2788374343023179,-0.04589300791980571,24.912280701754398,0.0960076279222722,17.06856219504689,20.482394348547267
20170712,4374089,87.24,87.465,86.83,86.96,87.168,87.376,88.3275,87.13948819143931,87.57934847134032,87.89592103575333,88.06851671771796,87.91207434132414,86.88384337008848,-0.31657256441300774,-0.10002891921844612,28.445229681978745,0.0940080857416283,22.78025991419122,21.24834953709525
20170713,5448088,86.77,87.05,86.5,86.7,87.034,87.209,88.2405,86.99299212762621,87.44406409113412,87.8073342923642,88.02364731713703,87.8920400546907,86.88231769896743,-0.3632702012300797,-0.15267717562077285,29.00900900900902,0.09408063834905452,22.954784878880627,21.817161317690378
20170714,4577701,86.96,87.285,86.73,87.1,86.92399999999999,87.22,88.1265,87.02866141841747,87.39113115403657,87.75493915959649,87.99336379854238,87.87894848353879,86.88412419109218,-0.36380800555991755,-0.1949033416086018,29.1366906474819,0.06368354278323098,30.937408208339114,24.85724361457329
20170717,5227321,87.07,87.905,86.74,87.55,87.01599999999999,87.26,88.021,87.20244094561166,87.41557251495402,87.73975848110786,87.97882728055738,87.87351131852162,86.88965013141507,-0.3241859661538342,-0.22075986651764828,34.789915966386516,0.06775596157522705,45.10871461676875,31.60773394863844
20170718,7415698,87.61,88.76,87.46,88.64,87.39,87.35,87.96000000000001,87.68162729707444,87.60394597419186,87.80644303806282,88.00050507463746,87.88618055292623,86.90417585646557,-0.20249706387096467,-0.21710730598831157,50.23847376788554,0.08421438019598732,61.776481842272105,41.663983246516324
20170719,6008396,87.87,88.41,87.595,88.35,87.668,87.41799999999999,87.89599999999999,87.90441819804963,87.71872351662388,87.84670651672484,88.01196392464934,87.89384699006796,86.91617439707582,-0.12798300010095431,-0.19928244481084012,49.84227129337532,0.08636344982719478,68.95078422886013,50.75958357396426
20170720,7259266,88.32,89.31,88.31,88.6,88.04799999999999,87.541,87.85600000000001,88.13627879869975,87.85430451406636,87.90250603400447,88.0312437959723,87.90551894064535,86.93014805353162,-0.048201519938118054,-0.16906625983629572,65.45105566218811,0.08379554909419563,71.42476020138086,57.64797578310312
20170721,5714842,88.16,88.68,87.81,88.61,88.35,87.63699999999999,87.83500000000001,88.29418586579983,87.97056535805615,87.95491299444859,88.05021940921911,87.91716325567602,86.9440887335853,0.015652363607557618,-0.13212253514752506,64.4268774703557,0.08341165698597282,73.18500375044908,62.82698510555177
20170724,6184969,88.55,88.6,87.97,88.18,88.476,87.74600000000001,87.773,88.25612391053323,88.00278607220136,87.97158610597091,88.05447451055619,87.92150766467311,86.95434525861779,0.031199966230445852,-0.09945803487193089,54.48979591836747,0.08017305887802846,68.71882812307526,64.7909327780596
20170725,6765877,88.67,89.2,88.54,89.14,88.576,87.98299999999999,87.762,88.55074927368882,88.17774206109345,88.0581352833064,88.09006551021008,87.94164803385208,86.97248347223922,0.11960677778705531,-0.055645072340133654,62.694300518134725,0.08718244555339859,77.12927806069783,68.903714538939
20170726,6985081,89.0,89.42,88.87,89.3,88.76599999999999,88.21700000000001,87.79650000000001,88.80049951579255,88.35039712861754,88.15012526232074,88.12973549348187,87.9641001324661,86.99179896209615,0.20027186629680216,-0.004461684612746493,67.07964601769908,0.08726038591361064,83.26586319288151,73.6910974235865
20170727,11069960,90.29,90.75,89.0,90.68,89.182,88.615,87.91199999999999,89.42699967719504,88.70879757036869,88.33752339103772,88.21335072320377,88.00899103936749,87.02240643958913,0.3712741793309675,0.07068548817599632,72.44444444444446,0.10007536657864512,88.26203015851291,78.5480750018953
20170728,6137234,90.56,91.0,89.96,90.21,89.502,88.926,88.07300000000001,89.6879997847967,88.93975179031196,88.47622536207196,88.2788146339184,88.04537135276638,87.04885949818176,0.46352642824000156,0.14925367618879737,73.42342342342332,0.11016537053137297,84.73589204541157,80.61068068306739
20170731,7833557,90.21,91.07,90.21,90.82,90.03,89.253,88.2565,90.06533318986448,89.22902074564858,88.64983829821477,88.36213218690467,88.09123298329918,87.08015526998108,0.5791824474338085,0.23523943043779963,79.13669064748198,0.11101777787527767,87.42584649550219,82.88240262054565
20170801,8211695,91.03,91.73,90.72,91.1,90.422,89.499,88.4245,90.41022212657631,89.51686370785649,88.83133175760628,88.45189834471107,88.14096466952564,87.11351497728414,0.6855319502502084,0.3252979344002814,79.40340909090907,0.1010240028943617,86.26008813985851,84.00829779364993
20170802,6952338,90.97,91.295,90.53,91.04,90.77000000000001,89.768,88.59299999999999,90.62014808438421,89.75119236818627,88.99493681259841,88.53675413668775,88.18888260887233,87.14609991523199,0.7562555555878561,0.41148945863779635,81.72514619883042,0.09781445167102762,84.97271182113019,84.32976913614334
20170803,6413171,90.86,91.75,90.82,90.86,90.806,89.994,88.76750000000001,90.70009872292282,89.92177815769607,89.13308964129483,88.61292613220618,88.23303330955214,87.17692066282342,0.7886885164012369,0.4869292701904845,78.39879154078545,0.10066427601367853,82.13348336576226,83.59767387934964
20170804,5824439,90.69,91.08,90.53,90.67,90.898,90.2,88.9185,90.69006581528188,90.03688921035821,89.24693485305077,88.68037117705188,88.27331375071657,87.20590887309045,0.7899543573074368,0.547534287613875,74.52830188679243,0.10252416808846432,76.87403563948013,81.35646113272647
20170807,5006331,90.67,91.56,90.52,91.44,91.022,90.526,89.136,90.94004387685459,90.25275240876464,89.40938412319517,88.77085081059116,88.32565567219233,87.24104655879094,0.8433682855694684,0.6067010872049937,73.17880794701982,0.09862483131536906,80.9947274633571,81.23588324293667
20170808,5595675,91.4,91.94,91.23,91.58,91.118,90.77000000000001,89.3765,91.15336258456973,90.45694434587777,89.57017048443997,88.86295406270291,88.379446487528,87.27705447116612,0.8867738614378027,0.6627156420515555,77.41935483870971,0.09118459693859937,83.2481856558435,81.9066507139056
20170809,5572843,91.52,91.94,91.52,91.92,91.294,91.03200000000001,89.6245,91.40890838971316,90.68202983112735,89.744231930037,88.96318507704052,88.4379680331887,87.31558513945521,0.9377979010903488,0.7177320938593142,77.75919732441476,0.09115998007683442,88.49542343386206,84.10290828722442
20170810,6334755,91.86,92.0,91.69,91.74,91.47,91.138,89.8765,91.51927225980877,90.84479447249237,89.89206660188611,89.0542281892687,88.49254707396244,87.35230227522737,0.9527278706062532,0.7647312492087021,75.44715447154465,0.06517272297127553,87.4885690676398,85.2314618806962
20170811,7093858,91.94,92.08,91.29,91.34,91.604,91.251,90.0885,91.45951483987253,90.92097993826278,89.99932092767233,89.12917152732545,88.53961241158291,87.38539520240391,0.9216590105904459,0.7961168014850509,75.81699346405225,0.06322973498474757,75.84708023312751,82.10333466483996
20170814,5395053,91.54,91.95,91.25,91.65,91.646,91.334,90.2935,91.52300989324836,91.03313687083774,90.12159345154845,89.21182164118363,88.59102377668071,87.42078611358728,0.9115434192892877,0.8192021250458983,72.94332723948811,0.05766037751492481,74.71001930071765,79.63889621013251
20170815,5292908,91.91,92.36,91.88,92.2,91.77000000000001,91.444,90.4715,91.74867326216558,91.21265427532424,90.27554949217449,89.30979470212843,88.65067627623972,87.46044763961561,0.9371047831497492,0.8427826566666685,74.74402730375425,0.06191595995183807,80.24146214250749,79.83975152092417
20170816,7965403,92.29,92.95,92.19,92.44,91.874,91.584,90.676,91.9791155081104,91.40147669450512,90.43587915942082,89.41242438402585,88.71330972621924,87.50177172559391,0.9655975350842994,0.8673456323501947,68.64406779661007,0.06139288375697338,79.83175665467573,79.83708656550802
20170817,5529200,92.4,92.67,92.07,92.07,91.94,91.705,90.8495,92.00941033874027,91.50432643381203,90.55692514761188,89.4995580107791,88.76879221008339,87.53968233368028,0.9474012862001473,0.8833567631201853,70.12987012987017,0.06497368209639194,74.48317384660128,78.0524489925391
20170818,6803763,91.98,92.78,91.85,92.47,92.16600000000001,91.88499999999999,91.0425,92.16294022582684,91.65289159784095,90.69863439593692,89.59694955140928,88.82996919834648,87.58059783298583,0.9542572019040279,0.8975368508769539,68.70748299319736,0.06365519299004949,73.68645698300541,76.59711832269454
20170821,4334043,92.38,92.96,92.36,92.86,92.40799999999999,92.027,91.2765,92.39529348388457,91.83860058278849,90.85873555179344,89.70393481201882,88.89658127771266,87.62441029910214,0.9798650309950432,0.9140024869005718,69.46902654867264,0.05542231242392576,80.50832024987895,77.90085229842268
20170822,4731277,92.91,92.96,92.59,92.79,92.526,92.148,91.45899999999999,92.52686232258972,91.98496972389795,91.00179217758652,89.80511727719852,88.96093530618022,87.66727826342495,0.9831775463114241,0.9278374987827424,69.31567328918322,0.05649092578222445,83.69170667730744,79.83113709138425
20170823,3656128,92.5,92.6644,92.28,92.44,92.526,92.2,91.616,92.49790821505982,92.0549743817598,91.10832609035789,89.89150687466741,89.01844050773096,87.70688591269113,0.9466482914019139,0.9315996573065767,66.80851063829785,0.059657713966451836,78.99135220982294,79.55120879753048
20170824,5170149,92.44,92.57,92.04,92.27,92.566,92.253,91.6955,92.42193881003989,92.08805524610445,91.19437600959064,89.96949025582586,89.07218529272714,87.7447540793908,0.8936792365138047,0.9240155731480223,67.094017094017,0.059532959593239225,72.5439424088878,77.21545333464958
20170825,4916730,92.65,92.86,92.41,92.51,92.574,92.36999999999999,91.8105,92.4512925400266,92.15296982362683,91.29182963850985,90.05278565727419,89.12900867631843,87.78429968869047,0.8611401851169802,0.9114404955418139,62.89156626506027,0.05392989383039764,68.18244809241202,74.20445158723706
20170828,5386317,92.52,92.7056,91.975,92.47,92.49600000000001,92.452,91.893,92.45752836001773,92.20174369691502,91.37910151713875,90.13203858654389,89.18423167340408,87.82318516845237,0.8226421797762669,0.8936808323887045,60.987654320987595,0.05321807656396963,64.07358401356011,70.82749572934473
20170829,3674588,92.48,92.69,92.24,92.32,92.402,92.46399999999998,91.954,92.41168557334515,92.2199369743127,91.4487977010544,90.20377502632932,89.23606255483543,87.86050313385941,0.7711392732582993,0.8691725205626236,55.181347150258915,0.04682030992624825,56.82983678982082,66.16160941617008
20170830,4709595,92.08,92.08,91.66,91.87,92.288,92.407,91.9955,92.23112371556344,92.16610051672613,91.47999787134667,90.25840535333492,89.27959871095385,87.89377696677344,0.6861026453794636,0.8325585455259916,51.57384987893474,0.050312572906864486,43.27117324449614,58.531464025612095
20170831,5864440,91.89,92.39,91.84,92.27,92.288,92.427,92.066,92.2440824770423,92.18208505261443,91.53851654754321,90.3243592761764,89.32902683143395,87.93009417036869,0.6435685050712152,0.7947605374350364,61.25907990314759,0.05182856871736787,44.48847447068975,53.85046750730464
20170901,4960633,92.42,92.66,92.26,92.53,92.292,92.433,92.159,92.3393883180282,92.23561042913528,91.61195976624371,90.39667536548208,89.38193547884826,87.96826766273078,0.6236506628915635,0.7605385625263419,60.78431372549011,0.04922342410209663,51.9666752881523,53.222536767587194
20170905,6532090,92.18,92.74,92.04,92.72,92.342,92.41900000000001,92.223,92.46625887868547,92.310131901576,91.69403682059603,90.472849943663,89.4371100990326,88.00770112611062,0.6160950809799743,0.7316498662170684,56.98924731182788,0.045584317824500495,64.08889463654597,56.844656057240115
20170906,6658854,92.79,92.91,92.36,92.72,92.422,92.412,92.28,92.55083925245698,92.37318853210277,91.77003409314447,90.54652699469044,89.4913727420238,88.04680734083169,0.603154438958299,0.7059507807653146,54.02298850574712,0.04547417640526458,70.99259642436404,61.56063617961475
20170907,7733915,92.74,93.36,92.33,92.97,92.642,92.465,92.33250000000001,92.69055950163799,92.46500568101004,91.85892045661525,90.62598512601205,89.54887071323002,88.08766371144719,0.6060852243947892,0.6859776694912095,63.39285714285717,0.04254158298125481,73.0146721260466,65.37864816175869
20170908,6070073,92.76,93.15,92.51,92.84,92.756,92.522,92.3875,92.740373001092,92.5226971147008,91.9315930153845,90.69857577761822,89.6032695444163,88.12710218687087,0.5911040993163112,0.6670029554562299,55.987055016181294,0.04195869722976135,71.81370298599194,67.5236664365031
20170911,10170970,93.09,94.19,92.9,93.99,93.048,92.67,92.52000000000001,93.15691533406134,92.74843602013145,92.0840676068375,90.80649132589302,89.67577748583092,88.1757569405068,0.6643684132939569,0.6664760470237753,64.67532467532465,0.06978870235969345,78.5740892106876,71.2071406945646
20170912,5807593,93.72,93.98,93.21,93.51,93.206,92.774,92.613,93.27461022270757,92.86559970934199,92.18969222855324,90.89513095455226,89.73915306457752,88.220024517764,0.6759074807887515,0.6683623337767706,58.45070422535212,0.07645883693624947,76.7569026885481,73.05706135922577
20170913,5369277,93.5,93.77,93.45,93.55,93.372,92.897,92.6805,93.36640681513838,92.97089206175092,92.29045576717893,90.98217584128824,89.8021422701217,88.26425667944231,0.6804362945719902,0.6707771259358145,64.05063291139248,0.07521917644057725,75.4265876079682,73.8469034421399
20170914,5491834,93.23,93.65,93.18,93.55,93.488,93.065,92.736,93.42760454342559,93.05998559071232,92.38375533998048,91.06636679731157,89.86409033177259,88.30812176923948,0.6762302507318338,0.6718677508950184,66.93121693121707,0.06833849987930339,73.69524445182371,73.79635044536784
20170915,12428230,93.82,93.82,92.82,93.27,93.574,93.16499999999999,92.79599999999999,93.37506969561706,93.0922954998335,92.44940309257451,91.13861706625218,89.9203863593466,88.34929918194288,0.6428924072589837,0.6660726821678115,59.94764397905757,0.0703964264549664,68.19993040974285,71.9308771001595
20170918,6177478,93.17,93.5,92.86,93.15,93.40599999999999,93.227,92.83,93.3000464637447,93.10117311524372,92.50129915979122,91.20456404768653,89.97376840299377,88.38913902275664,0.5998739554525088,0.652832936824751,58.71794871794892,0.07055724241133068,60.161960774954146,68.00790499175771
20170919,6587052,93.34,94.45,93.34,94.17,93.538,93.37199999999999,92.8955,93.5900309758298,93.26560802059085,92.62490662943631,91.3017914559591,90.0431276029443,88.43711297277525,0.6407013911545363,0.6504066276907081,69.39203354297729,0.08582954591231422,69.03879146003231,68.3515338145159
20170920,5852515,94.17,94.67,93.83,94.4,93.708,93.54,92.976,93.86002065055321,93.44012986357687,92.75639502725585,91.40337206396045,90.11514202273034,88.48659751242027,0.6837348363210225,0.657072269416771,77.8021978021981,0.08550375456960785,75.1925276400216,70.63186508968447
20170921,9083057,94.15,94.5,92.445,92.64,93.526,93.507,92.986,93.45334710036882,93.31703296148812,92.74777317338504,91.44391724219125,90.15687521243728,88.52106558285662,0.5692597881030821,0.6395097731540332,53.13028764805421,0.12974819993353628,53.049700074621235,64.77114341799671
20170922,6826974,92.55,93.0,92.08,92.24,93.32000000000001,93.447,92.9845,93.04889806691254,93.15133558279764,92.71016034572689,91.47001831621776,90.19130702710775,88.55192810913996,0.4411752370707518,0.599842865937377,47.6033057851239,0.13108405034119902,37.42566877561617,55.65598520386986
20170925,6432286,92.43,93.09,92.33,92.72,93.23400000000001,93.32,92.995,92.9392653779417,93.08497626236723,92.71088920900638,91.5110013222434,90.23310360517209,88.58651791736287,0.3740870533608529,0.5546917034220722,50.0,0.11697110294147664,33.18725408721901,48.16640816498624
20170926,4814262,92.82,92.845,92.2,92.65,92.92999999999999,93.23400000000001,93.00399999999999,92.84284358529447,93.01805683738766,92.70637889722813,91.54834554118624,90.27305230591305,88.62023976037231,0.31167794015952666,0.5060889507695631,49.453978159126414,0.11527041652125206,29.460743394053427,41.9311865746753
20170927,9539402,92.52,92.52,90.34,90.87,92.224,92.96600000000001,92.9315,92.185229056863,92.68758655471264,92.57035083076678,91.52610470377029,90.28291920994755,88.63890996982981,0.11723572394585347,0.4283183054048212,36.77581863979848,0.14440262916906443,23.720557181870884,35.86097677707383
20170928,4997256,90.86,91.118,90.63,90.89,91.874,92.7,92.8825,91.75348603790867,92.41103477706454,92.44588039885814,91.50524881184339,90.29295360317157,88.65759121489347,-0.034845621793593295,0.3356855199651383,37.54789272030645,0.14451801471553716,20.047730961893887,30.589894838680515
20170929,6601499,90.97,91.43,90.7,90.98,91.622,92.471,92.818,91.49565735860578,92.19087558059307,92.33729666560939,91.48802753932392,90.30430974196213,88.67686431684457,-0.14642108501631412,0.23926419896884782,27.769571639586417,0.1456823035156869,18.292020795227184,26.49060349086274
20171002,7298923,91.26,92.4,91.24,91.77,91.43199999999999,92.333,92.78,91.58710490573719,92.12612549127105,92.29527469037906,91.49727253803461,90.32853602721896,88.7025334926384,-0.16914919910800563,0.15758151935347714,37.71186440677957,0.15511642622581762,23.20314858249936,25.394785188074945
20171003,5909908,91.96,92.34,91.56,92.12,91.326,92.12800000000001,92.75,91.7647366038248,92.12518310799858,92.2822913799806,91.51768983186953,90.35814700197568,88.73089421054182,-0.15710827198202537,0.09464356108637664,40.324763193504786,0.14414605330251623,29.731586234486773,26.840385536878884
20171004,6136689,92.12,92.795,92.02,92.42,91.636,91.92999999999999,92.735,91.98315773588321,92.17053955292188,92.29249201850057,91.54727377180824,90.39222721681907,88.76150919634645,-0.121952465578687,0.051324355753363915,42.65279583875165,0.14485483215200898,45.033178701779036,32.90464992517893
20171005,6908199,92.49,92.65,91.94,92.03,91.864,91.869,92.688,91.99877182392214,92.1489180832416,92.2730481652783,91.56310086125714,90.41929784133445,88.78863360135603,-0.12413008203670017,0.016233468195351097,42.05128205128208,0.11631946139407062,50.50696761936781,38.77208915657522
20171006,5241802,92.0,92.35,91.88,92.33,92.134,91.878,92.6625,92.1091812159481,92.17677683966596,92.27726681970212,91.58824509531428,90.4508796951967,88.81802253412486,-0.1004899800361585,-0.007111221450950823,44.86215538847114,0.11590025962021948,60.151684334402205,45.89862088251755
20171009,5148962,92.4,92.62,91.93,92.12,92.204,91.81800000000001,92.569,92.11278747729874,92.16804194125581,92.2656174256501,91.60567968235316,90.47846846056535,88.84542483674623,-0.09757548439429797,-0.025204074039620255,35.70432357043238,0.11305237909535519,64.269486772833,52.02224284595603
20171010,17119760,92.37,93.04,89.86,91.62,92.104,91.715,92.4745,91.94852498486583,92.08372779644722,92.21779391263898,91.60614920096452,90.49733675047337,88.86845035677324,-0.1340661161917609,-0.04697648247004839,31.31720430107525,0.1153437217264339,61.29496183178386,55.11314917456531
20171011,7115090,91.09,91.73,91.07,91.46,91.912,91.774,92.37,91.78568332324389,91.98776967391687,92.16166103022128,91.60135742388371,90.51324853972174,88.88995699281662,-0.17389135630440933,-0.07235945723692058,39.897260273972556,0.06408764076432526,57.63479635745748,55.95369823552936
20171012,6058667,91.41,92.305,91.39,92.15,91.936,91.9,92.3,91.90712221549593,92.01272818562197,92.1607972502049,91.61934570506784,90.54030228286685,88.91701129163143,-0.148069064582927,-0.08750137870612187,49.26590538336061,0.07181525038193241,62.42739044375573,58.11159563827148
20171013,6955993,92.7,93.51,92.59,93.04,92.078,92.106,92.28850000000001,92.28474814366396,92.17077000321859,92.22592337981935,91.66592453440988,90.58161960050542,88.9512269655598,-0.05515337660075659,-0.08103177828504882,52.44648318042819,0.0817024021636983,70.65935618624813,62.29418248759703
20171016,4154501,92.97,93.37,92.71,93.14,92.28200000000001,92.243,92.288,92.56983209577598,92.31988231041574,92.29363275909199,91.71425487754398,90.62390687983591,88.98598856750536,0.026249551323743958,-0.05957551236329026,53.72907153729067,0.07436819778816484,77.0605753570421,67.21631344407871
20171017,5315844,93.04,93.09,92.4,92.8,92.518,92.311,92.2195,92.64655473051732,92.39374657035178,92.3311414436037,91.74985307828024,90.65987536116094,89.017640114663,0.06260512674808183,-0.035139384541015846,68.81091617933713,0.07693857565254947,78.22303197318782,70.88521962044841
20171018,7399634,92.78,92.95,92.01,92.77,92.78,92.346,92.138,92.68770315367821,92.45163171337458,92.36364948481824,91.78330051833662,90.6947534543649,89.04878003072389,0.08798222855634208,-0.01051506192154426,68.28793774319057,0.07586887867078607,78.72403044787856,73.49815656292512
20171019,8476588,91.7,91.99,91.14,91.59,92.66799999999999,92.302,92.0855,92.32180210245215,92.31907298824004,92.30634211557245,91.77696279642394,90.70955091792912,89.06986899312453,0.01273087266758921,-0.005865875003717567,54.89566613162118,0.09702123679460259,68.28177372324325,71.75936228303115
20171020,19875630,89.72,89.96,87.59,88.25,91.71,91.894,91.886,90.96453473496811,91.69306175928003,92.00587232923375,91.66132467195102,90.66889718374848,89.0630651010654,-0.3128105699537258,-0.06725481399371923,29.954441913439695,0.1970602950899048,49.23739869837836,64.25204108814688
20171023,13356670,88.63,88.86,86.87,87.3,90.542,91.412,91.615,89.7430231566454,91.01720610400618,91.65728919373495,91.51833042041164,90.61321293277744,89.0484338554134,-0.6400830897287761,-0.1818204691407306,24.30703624733475,0.19880477837321214,34.983567003738145,54.49588306001063
20171024,11467260,87.37,87.42,86.78,86.98,89.378,90.94800000000001,91.3315,88.82201543776361,90.39609747262061,91.31082332753236,91.36953270170962,90.55315982645055,89.03126842922741,-0.914725854911751,-0.3284015462949347,21.06382978723407,0.19896812974001868,24.31296740318552,44.43491117440226
20171025,9024151,86.9,87.11,86.28,86.86,88.196,90.488,91.131,88.1680102918424,89.85208247683282,90.98113271067811,91.22167917050602,90.49211586237699,89.0132496040886,-1.129050233845291,-0.488531283805006,21.686746987951835,0.19913620236644183,18.882688273400756,35.91750354073509
20171026,6228391,87.19,87.77,87.1,87.5,87.378,90.023,90.9615,87.94534019456161,89.49022363424315,90.72327102840566,91.09965690262058,90.44265940184184,89.00069151608787,-1.2330473941625115,-0.6374345058765071,24.49841605068643,0.19885734199591001,18.3242369401421,30.053081340537425
20171027,7430379,87.53,87.53,86.45,87.04,87.136,89.423,90.76450000000001,87.64356012970775,89.11326615205189,90.45043613741265,90.96655339761662,90.38641709767917,88.98442021719917,-1.3371699853607595,-0.7773816017733576,23.868312757201693,0.18295941244894548,15.936177539145174,25.347446740073337
20171030,5386886,86.91,87.08,86.16,86.27,86.92999999999999,88.736,90.4895,87.1857067531385,88.67584059019775,90.140774201308,90.81256804031771,90.31837714565143,88.96189390834274,-1.4649336111102542,-0.914892003640737,23.223223223223243,0.1784334249382894,11.164128177790445,20.619673885979036
20171031,7118956,86.49,86.5,85.72,86.34,86.80199999999999,88.09,90.2005,86.90380450209234,88.3164804993981,89.85923537158149,90.66592646522533,90.2526188457233,88.94013545267185,-1.5427548721833944,-1.0404645773492684,24.14141414141423,0.1821900464827441,10.738871204119759,17.326072992025942
20171101,4870309,86.33,87.14,86.11,86.89,86.80799999999999,87.502,89.924,86.8992030013949,88.09702196102916,89.63929201072361,90.54212559751302,90.1970383689345,88.92312188045051,-1.5422700496944515,-1.1408256718183052,23.053278688524586,0.1911053145035268,16.35736067696037,17.003168887004083
20171102,5021150,86.78,87.04,86.23,86.51,86.60999999999999,86.994,89.648,86.7694686675966,87.85286473625544,89.40749260252186,90.4099247582503,90.1360955859769,88.90309597272893,-1.554627866266415,-1.223586110707927,14.702702702702695,0.1883491630335891,19.291319007570245,17.76588559385947
20171103,5106353,86.78,87.16,86.46,86.58,86.518,86.827,89.3605,86.7063124450644,87.65703939221615,89.19804870603876,90.2843534547011,90.07731714653927,88.883817167976,-1.541009313822613,-1.2870707513308643,14.42516268980475,0.08945020109006506,26.844619175778547,20.792130121165826
20171106,5186619,86.55,86.64,86.03,86.05,86.474,86.702,89.057,86.48754163004294,87.40980256264443,88.96485991299885,90.14552219389122,90.01074992097665,88.86030001305504,-1.5550573503544172,-1.340668071135575,14.133900106269905,0.07996953929120594,23.262266442388928,21.61550889490686
20171107,6874114,86.04,87.0,85.42,86.98,86.602,86.702,88.825,86.65169442002863,87.34367909146836,88.81783325277671,90.04173458097675,89.96065488096052,88.8446958635691,-1.4741541613083484,-1.3673652891701298,21.920465567410318,0.09742401343385232,37.63583720272746,26.95561833084706
20171108,6906469,86.99,87.6,86.8,87.58,86.74000000000001,86.774,88.631,86.96112961335243,87.38003615431938,88.72614190071917,89.9610219717644,89.92130521350663,88.83420046221168,-1.346105746399786,-1.3631133806160611,29.393627954779006,0.10228677779161065,58.11808107093151,37.34310591087521
20171109,5279751,87.35,88.1698,87.3,87.78,86.994,86.80199999999999,88.4125,87.23408640890162,87.44156905365486,88.65605731548071,89.88951305465736,89.88591173890322,88.82545191065806,-1.2144882618258492,-1.333388356858019,46.43399089529591,0.096858711467557,67.35352857876882,47.34658013350641
20171110,7226148,87.99,88.39,87.78,88.16,87.30999999999999,86.914,88.1685,87.54272427260108,87.55209689155411,88.6193123291488,89.83280770860301,89.85738427214449,88.81992948816297,-1.0672154375946832,-1.2801537730053518,57.14285714285714,0.09362403430697239,75.65431647114323,56.782492246052016
20171113,6873161,88.67,89.41,88.63,89.0,87.9,87.187,87.9615,88.02848284840073,87.77485121593041,88.64751141587851,89.80550253782914,89.8432126312826,88.82142384925706,-0.8726601999481005,-1.1986550583939015,65.44342507645256,0.08371328280321652,80.3443145730763,64.63643302172677
20171114,5035513,88.74,89.045,88.47,88.87,88.27799999999999,87.44,87.76500000000001,88.30898856560049,87.9433356442488,88.66399205173936,89.77483032347409,89.82712647208785,88.82182697084,-0.7206564074905515,-1.1030553282132316,65.34351145038173,0.08595951107265186,82.38493151989553,70.55259918778302
20171115,6616517,88.73,88.94,88.0,88.23,88.40799999999999,87.574,87.53800000000001,88.28265904373366,87.9874378528259,88.63184449235126,89.72418014893395,89.80072768742525,88.8169155436961,-0.6444066395253571,-1.0113255904756568,55.5725190839695,0.09592264636660136,78.39864273423282,73.16794703659961
20171116,7093249,89.84,89.9,88.771,89.25,88.702,87.848,87.421,88.60510602915578,88.18167818316039,88.67763378921413,89.70863325880497,89.79162475044302,88.82050960557414,-0.4959556060537409,-0.9082515935912737,65.54149085794651,0.10092857975292747,80.76278563234565,75.69955990184829
20171117,5941445,88.95,89.09,88.08,88.43,88.756,88.033,87.42999999999999,88.54673735277052,88.21988153959725,88.65929054556864,89.66671085687693,89.76911855622083,88.81726886195942,-0.43940900597138466,-0.814483076067296,65.08379888268169,0.11679348758760444,76.23769042156378,75.87893674175345
20171120,4926181,88.43,88.555,87.71,88.27,88.60999999999999,88.25500000000001,87.4785,88.45449156851369,88.22759207196691,88.63045420885985,89.6209170582908,89.74433973710975,88.8127272116527,-0.40286213689293504,-0.7321588882324238,63.31034482758618,0.11074601122790349,66.63157856061235,72.79648401470641
20171121,6192791,88.18,89.21,88.02,88.72,88.58,88.429,87.5655,88.54299437900913,88.30334713781815,88.63708723042578,89.59137879408455,89.72740850178563,88.81195769122405,-0.33374009260762705,-0.6524751291074645,62.7972027972028,0.10320193775611802,62.626180578869736,69.40638286942752
20171122,6006641,88.5,88.91,88.06,88.33,88.6,88.50399999999999,87.63900000000001,88.47199625267275,88.30744757815383,88.61434002817202,89.55002211231128,89.70431084059909,88.80795804233423,-0.3068924500181964,-0.5833585932896109,62.709497206703865,0.10370272741222575,51.18762114694818,63.333462295267736
20171124,2196665,88.59,88.96,88.42,88.45,88.44000000000001,88.571,87.6865,88.46466416844851,88.32937871997632,88.60216669275188,89.51395581354697,89.68357843001068,88.80498743617379,-0.27278797277556066,-0.5212444691868009,62.968099861303756,0.10347522165814184,45.388398877265374,57.351774489266944
20171127,6196919,88.33,89.095,88.15,88.96,88.546,88.651,87.7825,88.62977611229901,88.42639737844151,88.62867286365915,89.4957933278569,89.67161845596092,88.80627384749185,-0.2022754852176405,-0.4574506723929688,70.23643949930457,0.1049283728644947,49.28480777510223,54.66278558454537
20171128,4841259,89.48,89.52,88.91,89.4,88.772,88.691,87.939,88.88651740819935,88.57618239714282,88.68580820709181,89.49265256300913,89.66712889470537,88.81120103547947,-0.1096258099489944,-0.387885699904174,68.05970149253733,0.09753046648557122,58.579521773964686,55.9683643143518
20171129,5157619,89.4,89.81,89.03,89.38,88.904,88.742,88.091,89.05101160546624,88.69984664373622,88.7372298213813,89.4889590363531,89.66238296256148,88.81592135883649,-0.03738317764508281,-0.3177851954523558,64.7058823529411,0.09709668627518188,64.47158377016203,58.802770799621875
20171130,9170546,89.35,90.37,89.21,89.99,89.236,88.918,88.246,89.3640077369775,88.89833177546912,88.8300276123901,89.50538660893167,89.66779812020509,88.82566475004947,0.06830416307901999,-0.24056732374608064,66.9218989280244,0.09152364476145357,71.55248441820315,63.05267533914896
20171201,7868981,90.18,90.53,89.12,90.36,89.61800000000001,89.029,88.4385,89.696005157985,89.12320381001233,88.9433589003612,89.53340672011424,89.67923947359013,88.83839782266317,0.17984490965112343,-0.15648487706663983,66.87116564417174,0.07790704050002845,79.02553334736001,68.37696134188597
20171204,8999838,90.17,91.91,89.83,91.41,90.10799999999999,89.327,88.67999999999999,90.26733677199,89.47501860847197,89.12607305589,89.59493436863508,89.70784708559691,88.85973891957053,0.34894555258196647,-0.055398791136918576,67.90490341753336,0.07002114170035864,81.73253208590067,72.82881825655754
20171205,8682990,91.52,91.84,91.07,91.4,90.50800000000001,89.64,88.9475,90.64489118132667,89.77116959178397,89.29451208878704,89.65411684835196,89.73581655525648,88.88081992438738,0.4766575029969289,0.05101246768985091,69.13767019667168,0.06729844559279845,83.40610364168276,76.35458005159927
20171206,6728750,91.5,91.78,91.07,91.25,90.882,89.893,89.161,90.84659412088445,89.99868196227875,89.4393630451732,89.70644088611091,89.76084438078944,88.90048116982815,0.559318917105557,0.15267375757299215,74.67320261437898,0.07080171944203957,83.08633859800128,78.5984995670666
20171207,7273632,91.05,91.065,89.89,90.1,90.904,90.07000000000001,89.287,90.59772941392296,90.01426935269741,89.4882991159011,89.71934446361547,89.76645025879291,88.91043568294161,0.5259702367963115,0.22733305341765603,56.79999999999992,0.0978654698845297,72.67812644122066,76.62504185845128
20171208,5647891,90.02,90.37,89.58,90.37,90.90599999999999,90.262,89.41650000000001,90.52181960928198,90.06899714459011,89.55361029250102,89.74067743202151,89.7764262875732,88.92254824988815,0.5153868520890938,0.2849438131519436,67.01754385964897,0.09791139553990523,64.6743065163694,72.64146341109065
20171211,4851198,90.23,90.33,89.7499,90.23,90.67,90.38900000000001,89.52000000000001,90.42454640618799,90.09376681465318,89.60371323379724,89.75672079490604,89.78392337372902,88.93339847188078,0.4900535808559425,0.3259657666927434,67.25352112676052,0.09731398248897036,57.005093233135206,67.42934001843884
20171212,6557239,90.45,90.51,89.82,89.85,90.35999999999999,90.434,89.5625,90.23303093745866,90.05626422778346,89.6219566979604,89.75977912949928,89.78501554936987,88.94100512356641,0.43430752982305876,0.3476341193188065,60.07130124777172,0.09873319251319604,46.72502033941382,60.52790012543049
20171213,7140517,90.02,91.41,89.965,90.88,90.28599999999999,90.58399999999999,89.663,90.44868729163912,90.18299280812447,89.71514509070407,89.79650768263045,89.80311446590922,88.95709636735424,0.46784771742039766,0.37167683893912473,70.39999999999984,0.11129481259974694,52.17749265160438,57.74443096748845
20171214,5848906,90.94,91.43,90.9,91.0,90.46600000000001,90.68499999999999,89.8015,90.63245819442608,90.30868622225917,89.81031952842969,89.83596644713437,89.82289769787766,88.97404992447163,0.49836669382948173,0.3970148099171961,70.39999999999984,0.10792923656064111,55.099730437264185,56.86286412408035
20171215,15907790,91.57,92.27,91.48,91.89,90.77000000000001,90.838,89.9335,91.05163879628405,90.55196526498852,89.96436993373119,89.9033118095234,89.85706467807803,88.99824868028514,0.587595331257333,0.43513091418522354,72.09653092006022,0.11495655040729491,65.35768894082796,59.694472396329544
20171218,7399681,91.98,93.14,91.81,91.88,91.1,90.88499999999999,90.10600000000001,91.32775919752271,90.75627830114414,90.1062684571585,89.96812125839148,89.89050162554783,89.02216362899647,0.6500098439856288,0.4781067001453046,69.99999999999977,0.10244934918792095,65.10737315156317,61.49877264807408
20171219,5636398,92.0,92.1306,91.58,91.68,91.466,90.913,90.2765,91.44517279834848,90.89838933173735,90.22284116403566,90.0242484302475,89.92008011107596,89.04422036236579,0.6755481677016917,0.517594993656582,68.02507836990598,0.1032372714175981,63.06783678269011,62.021794026279416
20171220,6594832,91.8,91.97,91.35,91.53,91.596,90.941,90.417,91.47344853223233,90.99556020377776,90.31966774447746,90.0736173341738,89.94669035717388,89.06484923902666,0.6758924593003002,0.5492544867853256,63.006756756756744,0.10323488648634653,60.30365148808555,61.44907984688146
20171221,4432578,91.66,92.08,91.53,91.67,91.73,91.098,90.58399999999999,91.53896568815489,91.09932017242734,90.41969235599764,90.1259577494468,89.9751748140801,89.08646874741648,0.6796278164297007,0.5753291527142007,61.51142355008784,0.07703509397962997,59.08191673987177,60.66002547787823
20171222,4914905,91.88,92.4318,91.72,92.13,91.77799999999999,91.274,90.768,91.73597712543659,91.25788629974622,90.54638181110893,90.19166405274362,90.01079175930192,89.11172626818481,0.7115044886372885,0.6025642198988183,57.058823529411725,0.07845163305852959,62.58071557758516,61.30025551111387
20171226,3431941,92.35,92.77,92.15,92.48,91.898,91.499,90.944,91.98398475029107,91.44590379209295,90.68961278806383,90.26669146085038,90.0516051186523,89.13967874728701,0.7562910040291229,0.6333095767248792,59.926470588235205,0.07658430499014686,68.12467652678907,63.57506251633893
20171227,4273337,92.49,92.75,91.93,92.1,91.982,91.724,91.079,92.02265650019405,91.5465339779248,90.79408591487392,90.32679993754381,90.08546288528616,89.16424572863733,0.7524480630508776,0.6571372739900789,57.49559082892405,0.07635926730396703,63.273593875002106,63.47457296922666
20171228,3004609,92.3,92.54,91.91,92.07,92.09,91.843,91.2135,92.03843766679603,91.62706721209021,90.8885980693277,90.38395403795221,90.11826515164508,89.18835987196815,0.7384691427625114,0.6734036477445655,71.64835164835145,0.06061739585362773,55.590217145718285,60.84645436139053
20171229,4346651,92.24,92.46,91.88,91.88,92.13199999999999,91.93100000000001,91.308,91.98562511119735,91.66597994869171,90.9620352493775,90.43300472523246,90.14738473591541,89.21069713444145,0.7039446993142207,0.6795118580584966,66.8903803131989,0.06269938727715466,46.92979094630752,56.207566556362856
20180102,7557760,91.92,91.93,90.55,90.65,91.836,91.807,91.32249999999999,91.54041674079824,91.50967534120068,90.93892152720139,90.44011932440517,90.15569242623086,89.22264155656227,0.5707538139992892,0.6577602492466551,53.77697841726619,0.07674460695680936,32.78802879903998,48.401053970588556
20180103,5807962,90.73,91.09,90.515,90.54,91.44800000000001,91.673,91.27900000000001,91.20694449386549,91.3604945194775,90.90937178444572,90.44339410065419,90.16204461753283,89.23357399177752,0.4511227350317739,0.616432746403679,56.52173913043488,0.07647103540979537,22.22823501606369,39.67678098574693
20180104,6321870,90.83,91.77,90.61,91.18,91.26400000000001,91.623,91.268,91.19796299591033,91.33272613186557,90.92941831893123,90.46754511374749,90.17887032633395,89.24972690470882,0.4033078129343437,0.5738077597098119,53.06122448979603,0.08629617947092977,24.64883073502557,34.66746423550647
20180105,5945909,91.27,91.3,90.57,91.24,91.098,91.59400000000001,91.2675,91.21197533060689,91.31846057311702,90.95242436938076,90.49287150346069,90.19640965978299,89.26624369388136,0.36603620373625745,0.532253448515101,52.47933884297515,0.08625748442997068,27.14947917442201,32.16146921514498
20180108,4860680,90.93,91.77,90.93,91.72,91.066,91.59899999999999,91.3485,91.38131688707126,91.38023586956055,91.00928182350071,90.5331052246587,90.22159297119154,89.28660681675372,0.3709540460598362,0.4999935680240481,48.08126410835212,0.0899995167630086,35.91192181472924,33.411620081673064
20180109,6627259,91.47,91.65,91.01,91.05,91.146,91.491,91.3825,91.27087792471418,91.32943035116662,91.01229798472288,90.55005259434202,90.23528564935367,89.30124078507941,0.31713236644374376,0.4634213277079873,41.84675834970531,0.09205144292598964,31.920401269476415,32.91454714427418
20180110,6564656,90.91,90.91,90.0112,90.47,91.132,91.29,91.3945,91.00391861647613,91.19721029714098,90.97212776363229,90.5474279191177,90.23916522539741,89.31094003167627,0.22508253350869722,0.4157535688681293,38.93967093235825,0.09096082312567218,27.327931754258078,31.05234201426881
20180111,5469458,90.4,90.52,89.92,90.15,90.926,91.095,91.40950000000001,90.71927907765075,91.03610102065775,90.91122941077063,90.53439749554006,90.23769142001895,89.31790318494036,0.12487160988712276,0.35757717707192804,37.76595744680853,0.09069614075401443,21.236993872917516,27.78055930048504
20180112,8106883,90.05,90.34,89.35,89.61,90.6,90.849,91.34599999999999,90.3495193851005,90.81670086363349,90.81484204700985,90.50408938093219,90.22731635522526,89.32032722489937,0.001858816623638404,0.2864335049822701,32.94701986754961,0.09186139323088122,17.517169041893382,24.35942921428782
20180116,9465209,90.14,90.77,89.6399,90.22,90.3,90.68299999999999,91.30699999999999,90.30634625673368,90.72490073076679,90.77077967315726,90.49477497499998,90.22719542373393,89.3277933890081,-0.0458789423904733,0.21997101550772144,34.57189014539581,0.1024764439576017,23.661583768975806,24.126814065850482
20180117,8344378,90.56,91.73,90.43,91.2,90.33000000000001,90.738,91.27250000000001,90.60423083782246,90.79799292603344,90.80257377144191,90.5178971069672,90.24327483821767,89.34333037333168,-0.0045808454084692585,0.17506064332448332,40.61583577712608,0.09803527222008038,41.25648284322915,29.836703658310036
20180118,7680457,90.24,90.65,89.67,90.18,90.272,90.702,91.1875,90.46282055854832,90.70291709125907,90.75645719577955,90.50681851329614,90.24222897312318,89.35027368973557,-0.053540104520479304,0.1293404937554908,37.13136729222525,0.11319793003528866,38.936828782538605,32.870078699719556
20180119,9254444,90.28,91.26,90.24,91.07,90.456,90.691,91.15700000000001,90.66521370569887,90.75939138491152,90.77968258868476,90.52528348007331,90.25591113885667,89.36454527737263,-0.02029120377324034,0.09941415424974459,43.99038461538459,0.11844941128756091,49.64934591012212,38.46316776985374
20180122,8538245,90.88,91.92,90.77,91.89,90.912,90.756,91.175,91.07347580379925,90.93333117184821,90.86192832285626,90.57002828400533,90.28292087209871,89.38550340785086,0.07140284899195137,0.09381189319818595,50.055865921787735,0.12617780237899606,66.04379221504897,47.65670925158548
20180123,18115840,89.82,90.21,88.6,89.05,90.678,90.489,91.04400000000001,90.39898386919951,90.64358791464079,90.7277114100521,90.52019129108712,90.26254201470866,89.3827191472048,-0.08412349541130482,0.0582248154762878,42.42424242424237,0.1949145940234395,48.547267099189284,47.953561867453416
20180124,15111930,89.06,89.16,87.7,88.31,90.1,90.215,90.853,89.70265591279968,90.28457438931144,90.54862167597416,90.44772600285475,90.23026859297794,89.37381691361804,-0.2640472866627164,-0.006229604951513032,40.03574620196601,0.19554657650301807,37.18317016723203,44.363431300712946
20180125,11263700,88.68,89.05,88.0114,88.34,89.732,90.00200000000001,90.64599999999999,89.24843727519979,89.98540909864815,90.38502007034644,90.37862023226934,90.1990244840031,89.36523752014403,-0.3996109716982943,-0.08490587830086928,36.57844990548201,0.19528066327139065,29.84407237057175,39.52364499066588
20180126,11493720,88.17,88.17,87.23,87.73,89.064,89.76,90.4275,88.74229151679987,89.63842308347151,90.18835191698744,90.29178022465395,90.15821416195347,89.35166708429222,-0.5499288335159349,-0.1779104693438824,34.23180592991916,0.19645001225522635,23.449708517126016,34.16566616615259
20180129,11681110,87.69,87.74,86.69,86.86,88.058,89.48499999999999,90.167,88.11486101119992,89.21097337832204,89.94180733054392,90.17926284023906,90.10369822539226,89.33098934915286,-0.7308339522218859,-0.2884951659194831,28.90625,0.1990067413161793,16.71663168190811,28.349321338071096
20180130,9538331,86.82,87.44,86.63,86.95,87.638,89.158,89.9205,87.72657400746662,88.86313132011864,89.72019197272586,90.07338537006729,90.05157098199736,89.31123010144205,-0.8570606526072169,-0.40220826325702985,31.261425959780652,0.193609204909665,13.160804234063548,23.28648230340191
20180131,11797160,86.81,87.41,86.075,86.34,87.244,88.672,89.70500000000001,87.26438267164443,88.47495727086962,89.46980738215358,89.95097929236016,89.9902227013032,89.28657259022677,-0.9948501112839523,-0.5207366328624143,31.175934366453987,0.1779596290973772,10.285132677285596,18.952699094696474
20180201,8603265,86.15,86.5,85.56,85.85,86.746,88.239,89.47049999999999,86.79292178109628,88.07111769073583,89.20167350199405,89.81652095490573,89.9217892682238,89.25805331561908,-1.130555811258219,-0.6427004685415754,30.700179533213614,0.17536741405778886,8.376671260748008,15.427356483380319
20180202,12819460,85.56,85.61,84.21,84.25,86.05,87.557,89.124,85.94528118739753,87.48325343062263,88.83488287221671,89.63401207113833,89.82804068527795,89.21649270719071,-1.3516294415940848,-0.7844862631520773,28.032786885245912,0.16755598145708836,5.806669729387595,12.220460898716077
20180205,17405530,83.99,84.37,80.1,81.06,84.89,86.474,88.61500000000001,84.3168541249317,86.49506059514222,88.25896562242288,89.35289692126494,89.68311439295931,89.14880397103146,-1.7639050272806571,-0.9803700159777933,19.01217861975644,0.19807804106994492,7.403121982947166,10.614681260126439
20180206,19751040,80.53,82.45,80.12,82.38,83.976,85.807,88.148,83.6712360832878,85.86197434973573,87.82348668742858,89.12427735007593,89.56240175836494,89.09263132396896,-1.9615123376928523,-1.1765984803208052,20.833333333333286,0.21290209875793112,13.427034767029955,11.552132429094277
20180207,11839440,82.3,83.39,81.82,81.84,83.076,85.16,87.6875,83.0608240555252,85.243209065161,87.38026545132276,88.88544858449967,89.43475875409445,89.03244351215179,-2.1370563861617597,-1.368690061488996,21.5163934426229,0.2129515905160139,16.138469274674275,13.080911377620943
20180208,14567350,82.03,82.22,80.15,80.22,81.95,84.348,87.175,82.11388270368347,84.47040767052084,86.84987541789144,88.60133551615542,89.2824486920433,88.95931120084762,-2.3794677473705974,-1.5708455986653165,14.70396877033184,0.21582304031785754,11.282539725873619,12.481454160371834
20180209,18837930,80.98,81.03,78.59,79.92,81.084,83.567,86.6635,81.38258846912233,83.77034495197917,86.33655131286244,88.31670156480605,89.12769747399301,88.8842961701352,-2.566206360883271,-1.7699177511089075,9.696969696969688,0.2173577791802559,12.531109346439283,12.498005889060984
20180212,10768290,80.61,81.665,80.58,81.33,81.138,83.014,86.2495,81.36505897941488,83.3949072670593,85.96569566005782,88.0876293823534,88.99880991243941,88.82160491561126,-2.570788392998523,-1.9300918794868307,21.23695976154991,0.2518950851091291,18.709326110022246,14.568445962714737
20180213,9047102,81.15,81.83,80.91,81.5,80.962,82.46900000000001,85.8135,81.41003931960992,83.1033830721271,85.63490338894242,87.87164153375164,88.87486264115942,88.76084470884271,-2.5315203168153175,-2.050377566952528,23.501945525291802,0.2527451761534086,24.73584235400555,17.957578093145006
20180214,9400816,81.06,81.26,80.27,80.68,80.72999999999999,81.90299999999999,85.2875,81.16669287973995,82.73055490718447,85.26787350828002,87.63585000805486,88.73941036609894,88.6937837569021,-2.5373186010955493,-2.1477657737811326,21.920821114369488,0.253341651163886,26.414588160030313,20.77658144877344
20180215,8890451,80.97,82.41,80.5,82.41,81.168,81.559,84.899,81.5811285864933,82.68123876761763,85.05617917433335,87.46451066352847,88.63479201294028,88.64163617385728,-2.374940406715723,-2.1932007003680507,31.978319783197776,0.28649465800352497,39.63971390599479,27.06429226784722
20180216,10371620,82.21,83.25,82.13,82.6,81.704,81.39399999999999,84.4755,81.92075239099555,82.66874049567646,84.87423997623459,87.3050185106259,88.53504338462723,88.5914981143232,-2.2054994805581316,-2.195660456406067,34.87215909090904,0.27662678680292413,54.27369815955203,36.13409423174882
20180220,6676007,82.19,82.22,81.07,81.34,81.706,81.422,83.948,81.7271682606637,82.46431888095701,84.61244442243944,87.10944413322832,88.41611704769124,88.53131970673546,-2.148125541482429,-2.1861534734213395,31.60655737704913,0.21421450314270787,55.27968766192359,42.51595870847374
20180221,9133631,81.31,81.81,80.19,80.24,81.454,81.208,83.5075,81.23144550710914,82.1221159761944,84.28855965040688,86.88421645672904,88.2809746171509,88.46251207431442,-2.1664436742124877,-2.182211513579569,30.622617534942762,0.2055933093700637,48.65570021524514,44.562539210730876
20180222,10192000,80.47,81.28,80.17,80.84,81.486,81.10799999999999,83.134,81.1009636714061,81.92486736447218,84.03311078741378,86.68604542536087,88.15798330116495,88.39925471270185,-2.108243422941598,-2.167417895451975,34.195583596214504,0.20962379736327105,48.53155407768847,45.885544166383404
20180223,10320790,81.01,81.12,80.48,81.05,81.214,81.191,82.76950000000001,81.08397578093741,81.79027238532261,83.81213961797572,86.50125705075888,88.04049597387296,88.33826504703627,-2.0218672326531077,-2.1383077628922016,38.934993084370646,0.18480376220895567,41.878178908935126,44.549755747233974
20180226,9379377,81.45,81.69,81.05,81.63,81.02000000000001,81.362,82.4645,81.26598385395828,81.76561509527298,83.65049964627381,86.34154370483236,87.93453736273457,88.28259479768327,-1.8848845510008374,-2.087623120513929,52.40506329113923,0.18497978189696496,43.719651740155825,44.27305441154125
20180227,8912411,81.89,82.0,80.51,80.54,80.85999999999999,81.28299999999999,82.1485,81.0239892359722,81.57705892676944,83.42009226506835,86.15132915713293,87.81231360467285,88.21834089894732,-1.843033338298909,-2.038705164070925,42.08261617900174,0.17875447961374943,33.15076349776627,40.56562410694959
20180228,16750790,80.68,80.79,78.5,78.52,80.51599999999999,80.98499999999999,81.727,80.1893261573148,81.10674216880491,83.05712246765587,85.90112164378431,87.65872164426504,88.13785674210958,-1.950380298850959,-2.0210401910269318,37.328244274809116,0.2117677494524159,22.2408598757038,34.457369363200996
20180301,13467320,78.4,79.28,77.9,78.7,80.088,80.787,81.345,79.69288410487654,80.73647414283492,82.73437265523692,85.66501929480776,87.51064360055818,88.05953427951945,-1.9978985124020028,-2.016411855301946,43.48198970840481,0.21057427858058342,19.811663593148314,29.5754674398501
20180302,9313225,78.48,79.655,78.42,79.5,79.77799999999999,80.49600000000001,81.0275,79.62858940325103,80.54624735162955,82.49478949558974,85.46288751465013,87.37823626831755,87.98850080002137,-1.9485421439601964,-2.0028379130335963,48.273026315789465,0.18405219306530007,25.553454741111196,28.234796540270466
20180305,8069840,79.28,80.3939,79.15,80.29,79.51,80.265,80.82950000000001,79.84905960216736,80.50682468214808,82.33147175517568,85.29328464531734,87.26107533826271,87.92461282657722,-1.8246470730276059,-1.9671997450323984,45.49393414211441,0.19348076995843766,36.46653080301725,30.978707961186057
20180306,9081134,80.41,80.42,79.37,80.02,79.40599999999999,80.133,80.7775,79.90603973477825,80.43192857720221,82.16025162516267,85.12039006678235,87.14138814258895,87.85901437988363,-1.7283230479604583,-1.9194244056180105,43.64261168384878,0.18198647790673522,41.54679289306835,34.501402938480155
20180307,9077713,79.53,79.64,78.9,79.16,79.53399999999999,80.025,80.6165,79.6573598231855,80.23624725763264,81.93801076403952,84.92496744164194,87.00946437163708,87.7868233891792,-1.701763506406877,-1.875892225775784,43.493150684931464,0.17776790601140982,37.94176436773656,35.648190081565616
20180308,8333933,79.17,79.99,79.02,79.97,79.788,79.93800000000002,80.523,79.761573215457,80.19528614107378,81.79223218892548,84.76250949273565,86.89310958863481,87.72195348553457,-1.5969460478517021,-1.8201029901909678,38.66171003717476,0.1816103840612591,42.12377787117393,37.80671934476838
20180309,7232018,80.18,80.745,79.9,80.29,79.946,79.862,80.5265,79.93771547697135,80.2098575039855,81.68095573048656,84.61586983723612,86.78396728138466,87.66027752299901,-1.4710982265010557,-1.7503020374529854,39.39393939393947,0.18244446127365702,47.51341288972574,41.042283859754164
20180312,7028058,80.23,80.62,79.76,79.86,79.85999999999999,79.685,80.5235,79.91181031798091,80.15603327260311,81.54607012082089,84.45993967863821,86.66952154119649,87.59554492944716,-1.3900368482177754,-1.6782489996059435,42.64413518886681,0.17816850361027728,54.282298327867835,45.45562201579205
20180313,9265559,80.0,80.19,79.36,79.72,79.8,79.603,80.44300000000001,79.84787354532061,80.08895123066416,81.41080566742674,84.3045318203222,86.55465341654862,87.53018771011565,-1.3218544367625782,-1.6069700870372705,47.142857142857174,0.16797258655315736,57.51215904927561,49.4744676936199
20180314,8891866,79.69,79.84,78.8647,79.0,79.768,79.651,80.31800000000001,79.56524903021375,79.92142027210045,81.23222746983957,84.13061274424605,86.42978311214286,87.45939777061263,-1.3108071977391234,-1.547737509177641,40.021691973969645,0.11916625149025022,46.65685155256363,48.53526231326781
20180315,6984104,79.09,79.14,78.54,78.67,79.50800000000001,79.648,80.2175,79.26683268680917,79.72889407639269,81.04243284244404,83.95157626082815,86.3015222342562,87.3864567102756,-1.3135387660513516,-1.5008977605523832,37.25910064239835,0.12084396578303702,33.06979823836813,43.38010762163458
20180316,17715340,78.93,79.39,78.84,78.97,79.244,79.595,80.04549999999999,79.16788845787278,79.61214114156304,80.8889192985593,83.78824589162066,86.18034004856602,87.31661059649738,-1.276778156996258,-1.4560738398411583,35.32008830022082,0.11080717344665242,28.546910087861335,38.43570844371016
20180319,8355491,78.97,79.57,78.27,78.66,79.004,79.432,79.8485,78.99859230524852,79.46565788901488,80.72381416533268,83.62010668205933,86.05603690726741,87.24477150441027,-1.2581562763178056,-1.416490327136488,38.64734299516908,0.09621250744592823,24.283798644432796,33.718405177284374
20180320,8465449,78.74,79.1,77.96,78.31,78.72200000000001,79.261,79.697,78.76906153683235,79.28786436762798,80.54501311604878,83.44600482363116,85.9280032393787,87.17062402304587,-1.2571487484208035,-1.3846220113933512,48.41149773071109,0.09672787394289069,20.378307414660846,29.27170592307653
20180321,9821776,78.05,78.24,76.88,77.04,78.33,79.049,79.537,78.19270769122157,78.94203908030059,80.28538251485998,83.23597187859407,85.78109409492616,87.08655245438989,-1.3433434345593867,-1.3763662960265584,39.22077922077927,0.11166809731641497,14.96544340796286,24.502951751371974
20180322,10457080,76.83,77.52,76.37,76.41,77.878,78.693,79.3155,77.59847179414771,78.55249460640819,79.99831714338886,83.01216952191885,85.62619997765466,86.99795035933272,-1.4458225369806712,-1.390257544217381,29.482071713147477,0.09048967091045897,10.290687762171254,19.7655304216384
20180323,11722750,76.79,77.18,75.805,75.91,77.266,78.255,79.05850000000001,77.03564786276515,78.14595697465309,79.69547883647117,82.77931150480676,85.46560163091658,86.90593417377809,-1.5495218618180786,-1.4221104077375206,19.75138121546965,0.07853889966011149,7.658634106745792,15.729898316674195
20180326,12032610,76.57,76.87,76.02,76.41,76.816,77.91,78.7975,76.82709857517676,77.87888667086031,79.4521100337696,82.57048161940325,85.31592226511631,86.81883098561396,-1.5732233629092889,-1.4523329987718743,25.836680053547582,0.09768951840955,10.10369080887547,13.85449581407462
20180327,11282180,76.53,78.44,76.3,77.79,76.712,77.717,78.66,77.14806571678452,77.86521179842026,79.3289907720089,82.41374451712774,85.19152685577555,86.74390292764205,-1.4637789735886315,-1.4546221937352257,41.42678347934927,0.14470800272801337,24.309941725616017,17.339644451255083
20180328,12852120,77.95,79.14,77.95,78.84,77.07199999999999,77.70100000000001,78.676,77.71204381118969,78.01517921404792,79.29276923334157,82.2965725657465,85.08654294080405,86.67831037222594,-1.2775900192936547,-1.4192157588469116,43.13487241798303,0.15779536159296487,43.076924408489546,25.918737770333237
20180329,10031830,79.43,80.49,79.1799,79.28,77.646,77.762,78.70500000000001,78.23469587412646,78.20976702727131,79.29182336420516,82.19766854719744,84.99056702442714,86.61691360565145,-1.0820563369338458,-1.3517838744642985,43.952095808383206,0.15842464200538142,53.44224700871913,35.093240849795194
20180402,11932310,79.26,79.37,77.06,77.4,77.944,77.60499999999999,78.6,77.95646391608432,78.0851874846142,79.15168830018996,82.0403679390926,84.86510310666802,86.54042469606098,-1.0665008155757647,-1.2947272626865918,37.44897959183677,0.19591212540346215,46.976439307840515,39.05430700247696
20180403,11933000,77.56,78.8,77.175,78.46,78.354,77.58500000000001,78.5085,78.12430927738954,78.14285094851971,79.10045212980552,81.92297882633547,84.75923363383053,86.47336722970363,-0.9576011812858098,-1.2273020464064355,44.12313432835818,0.20893551433757182,50.2077009117371,42.77210497223034
20180404,9030455,77.82,79.5155,77.59,79.05,78.606,77.659,78.46000000000001,78.43287285159303,78.28241234105514,79.09671493500511,81.8287827992425,84.6648661357507,86.41176252240318,-0.8143025939499751,-1.1447021559151433,50.236071765816796,0.21061969113754386,56.55966969355933,47.36795987934
20180405,7842273,79.09,79.3218,78.51,78.8,78.598,77.835,78.44200000000001,78.5552485677287,78.36204121166203,79.07473605093065,81.72947844516898,84.56792619962259,86.3485943686903,-0.7126948392686216,-1.0583006925858391,50.618458610846794,0.1918688779737384,59.015589116232704,51.25050295830423
20180406,8280282,78.37,79.3561,77.9,78.43,78.428,78.037,78.36500000000001,78.51349904515247,78.37249640986788,79.02697782493578,81.6212988240159,84.466472874009,86.28287989260158,-0.6544814150679059,-0.9775368370822526,47.44801512287337,0.18773079808215973,57.31538901559445,53.272131644067635
20180409,9005670,78.8,78.85,77.57,78.16,78.58,78.262,78.2585,78.39566603010165,78.3398046545036,78.96275724531091,81.50781361667111,84.362233652951,86.21547010096174,-0.6229525908073157,-0.9066199878272653,47.6280834914611,0.1844506468194254,53.00739538191579,53.18388622335035
20180410,6836375,78.71,78.84,77.94,78.37,78.56199999999998,78.458,78.184,78.38711068673445,78.34445009227227,78.91884930121381,81.40493448169829,84.26318846860471,86.15036246526911,-0.5743992089415428,-0.8401758320501208,50.28846153846155,0.18344162836619385,48.06907019630154,51.47894754766741
20180411,5984442,78.19,78.69,78.04,78.27,78.406,78.506,78.1115,78.3480737911563,78.33299623192269,78.87078639001278,81.30214974459342,84.1641275021815,86.08496526638721,-0.5377901580900897,-0.7796986972581146,56.66305525460448,0.16474038726153506,43.80503610754404,48.92097706762628
20180412,8275619,78.64,78.7,77.79,77.79,78.204,78.401,78.051,78.1620491941042,78.24945835008843,78.79072813890072,81.18699729395101,84.0587700228066,86.01612738035911,-0.5412697888122864,-0.732012915568949,57.59911894273133,0.15233285874896757,39.113083869429055,45.65167933489387
20180413,6197917,78.06,78.435,77.725,78.37,78.19200000000001,78.31,78.036,78.2313661294028,78.2680032193056,78.75956309157473,81.09463672693622,83.96474076623129,85.95267404110302,-0.49155987226913567,-0.6839223069089864,63.427947598253326,0.15470110469317042,43.094544697400536,44.79930112239609
20180416,5962096,78.56,78.86,78.04,78.61,78.28200000000001,78.43100000000001,78.018,78.35757741960187,78.3206181086432,78.74848434405068,81.0131732276924,83.87623265439275,85.89173898682002,-0.42786623540747826,-0.6327110926086847,62.35955056179778,0.09686798441252802,46.54859477727843,45.38239900735687
20180417,6487831,78.93,78.94,78.095,78.43,78.294,78.428,78.0065,78.38171827973459,78.33744609192887,78.72489291115804,80.92847902350577,83.78621227993999,85.82981584170118,-0.3874468192291687,-0.5836582379327816,54.155844155844164,0.07388757176486972,47.08226308034174,45.94902036501849
20180418,7335480,78.58,78.68,78.02,78.2,78.28,78.343,78.001,78.32114551982306,78.31630053932443,78.68601195477596,80.83902069486624,83.69387819266825,85.76649786791113,-0.3697114154515333,-0.540868873436532,45.34883720930231,0.0629939121815286,43.145635775450714,45.01455883516256
20180419,16939010,75.39,75.72,74.2,74.95,77.71200000000002,77.958,77.8965,77.19743034654871,77.79840814865914,78.40927032849626,80.64593804913291,83.54935128039274,85.67673440012763,-0.6108621798371274,-0.5548675347166512,27.657378740970046,0.2075906015174206,34.03801878700934,41.355712152444816
20180420,14077390,74.04,74.92,73.74,73.8,76.798,77.495,77.76599999999999,76.06495356436581,77.1832684334808,78.06784289675579,80.42148106391544,83.3882049782375,85.57817228892326,-0.884574463274987,-0.6208089204283184,29.91071428571422,0.21343302407479042,23.07662790928829,35.26268407139264
20180423,13461550,73.59,73.98,72.76,73.0,75.676,76.97900000000001,77.62049999999999,75.04330237624387,76.53968867448376,77.69244712662574,80.17815381591821,83.21649911082862,85.47378911640108,-1.1527584521419811,-0.727198826771051,18.620689655172455,0.21406247916961918,16.67891698806919,29.068095043618158
20180424,16482780,73.06,73.33,72.15,72.5,74.49000000000001,76.39200000000001,77.425,74.19553491749592,75.91819810917856,77.30782141354234,79.92641106785531,83.03936689412072,85.3661228166799,-1.3896233043637807,-0.8596837222895969,11.962833914053448,0.2081156321030152,12.837491050465344,23.65789371256722
20180425,13631080,72.41,72.75,71.95,72.3,73.30999999999999,75.795,77.15050000000001,73.56368994499728,75.36155224622802,76.93687167920588,79.67636480333546,82.86185669752369,85.25769026218464,-1.5753194329778637,-1.0028108644272504,12.032710280373834,0.2070623961780013,10.22737839225107,19.181055272461833
20180426,11162830,72.57,73.01,72.37,72.75,72.86999999999999,75.291,76.846,73.29245996333152,74.95977497757755,76.62673303630174,79.44927087535724,82.6947185702919,85.15389200274743,-1.666958058724191,-1.1356403032866387,17.129629629629648,0.21782479815457298,10.63322603355602,16.33177885949323
20180427,8138900,72.53,73.08,72.21,72.81,72.672,74.735,76.52250000000001,73.13163997555435,74.62904036564254,76.34401207064977,79.23158986305044,82.53133479227054,85.05145306496529,-1.7149717050072297,-1.251506583630757,18.268090154211208,0.2091288147561732,11.18991416066348,14.617823959883314
20180430,13076310,72.91,72.915,72.16,72.34,72.54,74.10799999999999,76.2695,72.86775998370291,74.27688030938984,76.04741858393497,79.0056360970488,82.36288297752228,84.94596382791164,-1.7705382745451317,-1.3553129218136322,15.304948216340605,0.20196820168757043,9.39159210512781,12.875746674964812
20180501,8102620,72.05,72.335,71.66,71.96,72.432,73.461,75.9445,72.56517332246861,73.92043718486832,75.74464683697683,78.77463163485046,82.19093449855497,84.83819649324018,-1.8242096521085074,-1.4490922678726073,14.82720178372351,0.20022333528733424,8.724115590610634,11.491869646846752
20180502,10271450,71.94,72.01,70.73,70.94,72.16,72.73499999999999,75.539,72.02344888164575,73.46190838719627,75.38874707127484,78.51775846649471,82.00496863907472,84.72285876300582,-1.926838684078561,-1.544641551113798,13.985278654048344,0.19940798800880574,7.486721451815154,10.156820248502886
20180503,9384897,70.81,71.72,70.74,71.36,71.882,72.376,75.167,71.80229925443051,73.13853786608915,75.09032136229152,78.28307786103586,81.82901874421398,84.61196366953689,-1.951783496202367,-1.626069940131512,12.513368983957221,0.11439961652504864,11.452686096081852,10.588775531029206
20180504,8099680,71.38,72.62,71.34,72.43,71.80600000000001,72.239,74.86699999999999,72.01153283628702,73.02953204053698,74.8932605206403,78.09117366887075,81.67366306249144,84.51086853534987,-1.863728480103319,-1.6736016481258735,19.646365422396954,0.13353125693407575,29.429995858926446,16.86918230699495
20180507,6633205,72.67,73.22,71.89,71.98,71.734,72.137,74.558,72.00102189085801,72.86806557276206,74.67746344503732,77.89080731907171,81.51343722674778,84.406877925098,-1.8093978722752553,-1.70076089295575,19.13875598086132,0.12728566353377274,36.3535983102348,23.363987641408233
20180508,7949870,72.05,72.12,71.111,71.44,71.63,72.03099999999999,74.2115,71.81401459390534,72.64836317695251,74.43765133799752,77.67930543975788,81.3469341320908,84.2992689796615,-1.7892881610450075,-1.7184663465736016,18.587360594795612,0.12803345402887586,33.740417615123,26.822797632646488
20180509,7424822,71.77,72.545,71.74,72.37,71.91600000000001,72.038,73.9165,71.99934306260357,72.60553807280597,74.28449197962733,77.5052298515691,81.19855505552731,84.20027089684274,-1.6789539068213628,-1.710563858623154,34.71563981042662,0.14477631855553016,44.448096348502396,32.697897204598455
20180510,7615801,72.94,73.34,72.69,73.15,72.274,72.078,73.6845,72.38289537506905,72.68930144622044,74.20045553669198,77.36243543020618,81.06552108766736,84.10856740392289,-1.5111540904715355,-1.6706819049928303,45.97273853779436,0.1510387026023626,60.53883307013828,41.978209159778395
20180511,7585445,73.63,74.1,73.05,73.37,72.462,72.13399999999999,73.4345,72.71193025004604,72.79402430064806,74.13894031175182,77.23153590790433,80.93832239200344,84.01945066198162,-1.3449160111037628,-1.6055287262150169,52.46995994659548,0.15149471955818183,66.47198169067585,50.142800003410876
20180514,8646082,73.78,73.78,73.09,73.28,72.72200000000001,72.22800000000001,73.16799999999999,72.90128683336403,72.86878979285605,74.07531510347391,77.10197735354681,80.8117385508133,83.93032659009796,-1.206525310617863,-1.5257280430955862,55.50847457627116,0.14717212118584747,69.53720638923399,56.60760213201858
20180515,11499290,73.31,73.41,72.6,72.95,73.024,72.327,72.89399999999999,72.91752455557602,72.88128367087819,73.99195842914251,76.96584694851249,80.68179245906433,83.83920354785648,-1.1106747582643237,-1.4427173861293339,54.50762829403608,0.14636770083201336,68.2827407674259,60.49931501048768
20180516,8296201,72.98,73.93,72.96,73.53,73.256,72.586,72.6605,73.12168303705069,72.98108618305078,73.95773928624307,76.85319622888913,80.56358101345997,83.75364999144274,-0.9766531031922909,-1.3495045295419252,55.313351498637594,0.1228745352331417,72.49851949455476,64.49904983851003
20180517,8051302,73.52,74.0,73.4,73.96,73.418,72.846,72.611,73.40112202470046,73.13168830873528,73.95790674652136,76.75833733613867,80.45443091406393,83.67237488777931,-0.826218437786082,-1.2448473111907568,57.45784695201029,0.12284073875097035,80.10439941323165,69.7008330300839
20180518,7042043,73.98,74.07,73.11,73.45,73.434,72.94800000000001,72.5935,73.41741468313364,73.18065933816062,73.92028402455682,76.64986725954395,80.33865519647611,83.58754190115874,-0.7396246863961977,-1.143802786231845,57.161290322580626,0.11596986354090189,79.48746511567964,72.96304372528247
20180521,6409844,73.75,74.25,73.42,74.06,73.59,73.15599999999999,72.6465,73.63160978875577,73.31594251690514,73.93063335607113,76.56495357890317,80.23487577174097,83.50847516338979,-0.6146908391659878,-1.0379803968186736,63.15789473684215,0.11243559646087566,83.8017363719405,76.57594127416849
20180522,7742860,74.46,74.94,73.83,74.03,73.806,73.415,72.723,73.76440652583719,73.42579751430435,73.937993848214,76.48184034680799,80.13231584162956,83.4298156184654,-0.5121963339096567,-0.9328235842368703,72.10300429184548,0.10032922757906469,76.23819461833077,76.46335905555591
20180523,6574813,74.02,74.3,73.725,74.18,73.936,73.596,72.817,73.90293768389147,73.54182866594984,73.95592022982778,76.4063701715028,80.03393045581751,83.35305366312544,-0.4140915638779461,-0.8290771801650855,70.98214285714288,0.08724571650604081,73.33258558600983,75.41976789904055
20180524,6508675,74.08,74.35,73.5929,73.77,73.898,73.65799999999999,72.868,73.85862512259432,73.5769319481114,73.94214836095165,76.31993180522402,79.93039441522549,83.27352624683394,-0.36521641284025463,-0.7363050267001193,61.05610561056094,0.08275314755116416,65.55505705733988,72.131530951807
20180525,7545987,73.9,74.62,73.75,74.31,74.07000000000001,73.75200000000001,72.943,74.00908341506289,73.68971164840195,73.96939663051079,76.25403240177404,79.8374953339821,83.1991401369017,-0.27968498210883297,-0.6449810177818621,68.94308943089423,0.08793415395228014,68.06234573053436,70.77513587804944
20180529,8904973,74.06,74.7,73.77,74.05,74.068,73.829,73.02850000000001,74.02272227670859,73.74514062557088,73.97536725047296,76.18176904433882,79.74183425408158,83.12321366273655,-0.23022662490207324,-0.5620301392059044,72.23168654173757,0.09020583013531569,63.72506550385795,68.42511241998561
20180530,8128370,74.33,75.015,74.05,74.89,74.24000000000001,74.023,73.175,74.31181485113906,73.92127283702152,74.043117824512,76.13941596091787,79.66163864657611,83.05488823814953,-0.12184498749047634,-0.4739931088628188,71.79930795847741,0.09679600462651079,73.62948373922988,70.1599028597337
20180531,15516160,74.67,74.69,72.8,73.17,74.038,73.987,73.2865,73.93120990075938,73.80569240055667,73.9784424301037,76.04205806055991,79.554338834236,82.97285597061303,-0.1727500295470321,-0.4137444929996615,50.14880952380949,0.15188398577580442,54.65441880583728,64.99140817510155
20180601,7205046,73.33,73.735,72.86,73.45,73.974,73.936,73.391,73.77080660050626,73.75097049277872,73.93929854639231,75.95707255037762,79.45344067168665,82.8938281202345,-0.1883280536135885,-0.36866120512244693,50.58997050147491,0.15006536529432862,46.21807002405713,58.733628791420074
20180604,8736676,73.54,74.62,73.45,74.18,73.94800000000001,74.009,73.4785,73.90720440033752,73.81697503235122,73.95712828369658,75.89880787659474,79.36627636306373,82.82151419392551,-0.14015325134535317,-0.3229596143670282,56.06469002695421,0.15379185987427407,51.579541039364,56.34893287406805
20180605,6909083,74.28,74.3752,73.6,73.97,73.932,74.0,73.578,73.92813626689168,73.84051733506642,73.9580817441635,75.83556827408344,79.27708171243458,82.74805764459833,-0.11756440909707067,-0.2818805733130367,56.98630136986296,0.14957751128157165,51.993584169207296,54.89714997244779
20180606,7002705,74.07,74.42,73.72,74.35,73.824,74.032,73.7235,74.06875751126113,73.91889928351775,73.98711272607731,75.78686111755611,79.1956423452869,82.67836422016184,-0.06821344255956774,-0.2391471471623429,55.77464788732388,0.1516172534822081,57.9881983249944,55.92749942329666
20180607,13475620,74.18,76.3939,74.1,75.76,74.34200000000001,74.19,73.893,74.63250500750742,74.20214554759194,74.11843770933085,75.78598042517723,79.1388548685053,82.62095040920615,0.08370783826109118,-0.1745761500776561,61.13861386138615,0.17523190795594357,66.11272544407608,59.32257476355646
20180608,13623640,75.85,77.21,75.74,77.18,75.088,74.531,74.0945,75.48167000500496,74.66027700180857,74.34522010123227,75.83168598500748,79.10647710208373,82.57579729377706,0.31505690057629465,-0.07664953994686595,70.74527252502772,0.18599921986424228,77.18172625976963,65.27562526229417
20180611,8831059,76.97,77.69,76.88,77.53,75.758,74.853,74.30250000000001,76.16444667000331,75.10177284768417,74.58112972336322,75.88736841172854,79.08041962932202,82.53392345731417,0.520643124320955,0.04280899290669825,69.87399770904915,0.18542490880160636,83.6971562931525,71.41613560591361
20180612,8756585,77.82,77.89,77.11,77.24,76.412,75.172,74.50050000000002,76.52296444666888,75.43073087111738,74.77808307718817,75.93171698839318,79.04999947015968,82.48999048256468,0.652647793929205,0.16477675311119963,67.85317018909886,0.18568364833029882,84.87472502058232,75.90233207746984
20180613,7971774,77.4,77.4,76.2,76.47,76.83600000000001,75.33000000000001,74.6765,76.5053096311126,75.59061842940702,74.90341025665572,75.94936561172455,79.0073548508182,82.44003205532348,0.6872081727512978,0.2692630370392193,61.91467221644112,0.19283675945162201,80.50627791299257,77.43698068931074
20180614,8881502,76.56,76.56,75.7,75.99,76.88199999999999,75.612,74.7995,76.33353975407506,75.65206174795978,74.98389838579233,75.95069788674996,78.95748121692039,82.38650481834985,0.6681633621674479,0.349043102064865,61.466942148760275,0.1485779546734074,72.73992101106407,75.87129412989518
20180615,14938780,76.16,77.51,75.92,77.38,76.922,76.00500000000001,74.9705,76.68235983605004,75.91789840211982,75.16138739425216,75.99756025111881,78.93140714721923,82.34495706052122,0.7565110078676582,0.43053668322542366,64.57739791073118,0.16353944458527542,77.86391004467205,76.53549943482079
20180618,7380130,76.86,77.1,75.39,75.84,76.584,76.17099999999999,75.09,76.40157322403337,75.90591403256292,75.21165499467793,75.99239434124607,78.88030950842223,82.29097401437582,0.69425903788499,0.48328115415733697,57.57832345469943,0.20019045091549895,68.85571620883815,73.97557169282658
20180619,8499412,75.59,76.68,75.57,76.33,76.402,76.40700000000001,75.2035,76.37771548268891,75.97115802755324,75.29449536544253,76.003463379238,78.83815563224996,82.2415053503561,0.676662662110715,0.5219574557480127,56.282722513089,0.19916706797027617,65.51682751653414,71.15599030072909
20180620,6599017,76.35,76.35,75.54,75.85,76.27799999999999,76.557,75.2945,76.2018103217926,75.95251833100659,75.33564385689122,75.99843179303348,78.78876463006402,82.18846381217888,0.6168744741153631,0.5409408594214827,63.111545988258264,0.20368839012933287,49.811218344356,64.0410663152714
20180621,8674341,75.53,77.05,75.53,76.44,76.36800000000001,76.625,75.4075,76.28120688119508,76.02751551085173,75.41744801564002,76.01290943916352,78.7499420741952,82.14075871830188,0.6100674952117089,0.554766186579528,64.19753086419749,0.1868473309336629,47.20747889623729,58.42987050892669
20180622,11813110,76.79,77.625,76.77,77.43,76.378,76.65,75.59049999999999,76.66413792079672,76.24328235533608,75.56652594040743,76.05937142476472,78.72812484982835,82.10166528495498,0.6767564149286471,0.5791642322493519,65.06024096385539,0.17484178293744213,58.67165259749161,58.51046453844833
20180625,11283260,77.28,77.94,77.18,77.79,76.768,76.676,75.76450000000001,77.03942528053115,76.4812389160536,75.73122772259947,76.11611334526424,78.71261865396342,82.06588383030805,0.750011193454128,0.6133336244903071,67.45886654478977,0.17491163120799855,70.48698408460235,62.50263772049967
20180626,9548365,77.79,78.31,77.36,78.0,77.102,76.752,75.962,77.35961685368744,76.71489446742997,75.89928492833285,76.17788012082934,78.70083983323676,82.03214205578267,0.8156095390971245,0.6537888074116707,66.9452181987001,0.17381019170196255,76.78584327101342,67.26370623733759
20180627,7833168,78.11,78.705,77.56,77.69,77.47,76.874,76.102,77.46974456912497,76.86491070320997,76.03193048919708,76.22745782178576,78.68413173681962,81.99610768187577,0.8329802140128919,0.6896270887319149,59.97931747673212,0.16640410036170386,74.31776177846344,69.61505808437953
20180628,5707537,77.86,78.315,77.66,78.05,77.792,77.08,76.346,77.66316304608331,77.04723213348537,76.18141711962693,76.28721330303868,78.67365022050856,81.96335990028344,0.8658150138584375,0.7248646737572194,55.05226480836232,0.1614254056343561,76.29228361902588,71.84079992926164
20180629,7672951,77.93,78.54,77.29,78.06,77.91799999999999,77.148,76.5765,77.79544203072221,77.20304257448761,76.32057140706198,76.34533745703742,78.66350724165719,81.93096687206531,0.8824711674256349,0.7563859724909026,53.2043530834341,0.1392427553907126,77.4232022027102,73.70160068707781
20180702,6092750,77.5,78.31,77.421,78.13,77.986,77.377,76.774,77.90696135381481,77.34565140918183,76.45460315468702,76.4038509830362,78.6546889401422,81.89942357852121,0.8910482544948053,0.7833184288916831,55.527950310559014,0.08478226371863447,78.91205606164928,75.4384191452683
20180703,5897243,78.54,78.76,77.78,77.9,77.96600000000001,77.534,76.9705,77.9046409025432,77.43093580776925,76.56166958767317,76.45290504916615,78.64221474278447,81.86623334135506,0.8692662200960797,0.8005079871325624,59.52063914780299,0.08687551326125167,77.06624170879819,75.98102666644493
20180705,7484998,78.14,79.25,78.12,79.21,78.27000000000001,77.86999999999999,77.2135,78.33976060169547,77.70463799118936,76.75784221080849,76.54330160493119,78.65159962306903,81.84418991113634,0.9467957803808673,0.8297655457822235,69.30455635491612,0.09931240561009419,84.17319339726322,78.71174891005103
20180706,7202292,79.38,79.62,78.9,79.31,78.522,78.15700000000001,77.39099999999999,78.66317373446365,77.95161676177561,76.9468909359338,76.63401302772033,78.6624822739274,81.82315928946716,1.0047258258418168,0.8647576017941422,63.68794326241143,0.0984944523474431,85.21382292057982,80.87910691356062
20180709,9086410,78.46,78.83,77.78,77.86,78.482,78.2,77.425,78.39544915630911,77.9375218753486,77.01452864438315,76.67420932189343,78.64921810411042,81.79027000075789,0.9229932309654458,0.8764047276284029,64.51149425287355,0.1321149529632251,64.96372171815469,75.57397851509197
20180710,12757640,78.07,79.94,77.99,79.82,78.82000000000001,78.40299999999999,77.5395,78.87029943753942,78.22713389452574,77.2223413373918,76.77734999986413,78.66856987098463,81.77391921236986,1.0047925571339391,0.9020822935295102,70.69988137603795,0.17576506133739192,75.13304718317224,75.42700140445206
20180711,7846095,79.63,79.84,79.0301,79.16,79.072,78.519,77.63550000000001,78.96686629169295,78.3706517569064,77.36587160869611,76.85546967199973,78.67669268303447,81.75222693674854,1.004780148210287,0.9226218644656656,69.22183507549366,0.1832230237381252,73.61071070073112,74.82157116987841
20180712,8556335,79.34,79.52,78.565,78.89,79.008,78.639,77.7565,78.94124419446197,78.45055148661311,77.47877000805195,76.92217558439317,78.68021842381077,81.72847401611163,0.9717814785611552,0.9324537872847636,64.77683956574191,0.1828177283944517,69.19959329734274,72.94757854569986
20180713,6010332,79.08,79.47,78.9,79.31,79.008,78.765,77.9225,79.06416279630798,78.58277433482648,77.61441667412218,77.00046490949504,78.69062803664035,81.70840369232647,0.9683576607042994,0.9396345619686708,62.17616580310882,0.18313918659106276,71.12975400714741,72.34163703284904
20180716,6930933,79.21,79.63,78.83,79.53,79.342,78.91199999999999,78.03,79.21944186420532,78.72850136023779,77.75631173529831,77.0834004862329,78.70450195339009,81.690325653386,0.9721896249394746,0.9461455745628315,61.47757255936677,0.18303574730682604,74.42600884427115,73.03642763665641
20180717,8979184,79.66,80.5,79.55,80.03,79.38399999999999,79.102,78.23949999999999,79.48962790947022,78.9287319202012,77.92473308823918,77.18001030635641,78.72641101201175,81.67654701725832,1.003998831962022,0.9577162260426697,62.89707750952991,0.184103072198863,77.19086864127883,74.42124130486388
20180718,9102661,79.72,80.21,79.33,79.72,79.49600000000001,79.28399999999999,78.409,79.56641860631348,79.05046547093949,78.05771582244368,77.26328865696767,78.7428339704909,81.66031011255077,0.9927496484958027,0.9647229105332964,62.89707750952991,0.1848385079932481,75.23508889810743,74.69252383594507
20180719,8006178,78.42,79.19,77.89,78.73,79.46400000000001,79.236,78.553,79.28761240420899,79.00116309079495,78.10751465041082,77.31137755346053,78.74262183874725,81.63599218630554,0.8936484403841263,0.9505080165034624,54.00000000000006,0.17984160868036622,61.79888279481676,70.39464348890229
20180720,8234628,78.32,79.055,78.32,78.68,79.33800000000001,79.173,78.66499999999999,79.08507493613934,78.9517533845188,78.14992097260262,77.35625042056019,78.74158676703243,81.61146113081753,0.8018324119161804,0.9207728955860061,53.62997658079629,0.1795713801098104,51.28865494111675,64.02598063964044
20180723,5871547,78.49,78.94,78.24,78.51,79.134,79.238,78.71900000000001,78.89338329075956,78.88379132536205,78.17659349315058,77.39407827562378,78.73775888658562,81.58572286417174,0.7071978322114774,0.8780578829111003,52.19907407407414,0.15417520616892338,42.11069971808811,56.72088699912299
20180724,8296980,77.54,79.01,77.54,78.99,78.926,79.155,78.779,78.92558886050638,78.9001311214602,78.23684582699127,77.44640357806234,78.74192816118752,81.5641815955894,0.6632852944689347,0.8351033652226673,56.130483689538764,0.09501982769740762,44.40262864088747,52.61480087971114
20180725,6206939,78.72,79.6,78.72,79.47,78.876,79.186,78.85249999999999,79.10705924033759,78.98780325662017,78.32819058054747,77.51275100173243,78.75396240645715,81.54680249521107,0.6596126760726975,0.8000052273926733,51.61290322580649,0.09194162191184611,51.335986661492505,52.188529473638255
20180726,9770966,79.56,80.77,79.47,80.09,79.148,79.306,78.9725,79.43470616022506,79.15737198637092,78.4586949819884,77.59725096888873,78.77604567246613,81.5347128479479,0.6986770043825175,0.7797395827906421,54.54545454545456,0.0956306193611457,60.53978058134593,54.972279842874144
20180727,7492698,79.67,80.8253,79.46,80.58,79.528,79.433,79.099,79.81647077348337,79.37623783462155,78.6158286870263,77.69504601908909,78.80586309936751,81.52678991974916,0.7604091475952544,0.7758734957515646,67.84776902887144,0.09649151891850981,71.20432251623814,60.38296073399547
20180730,7089940,80.07,80.5,79.84,80.2,79.866,79.5,79.20599999999999,79.94431384898893,79.502970475449,78.73317471020952,77.77717565780748,78.82890668450194,81.51577921502096,0.7697957652394791,0.7746579496491476,53.1456953642385,0.10069232247714573,74.45845854008203,65.07479333602431
20180731,9878078,80.39,80.98,79.43,80.88,80.244,79.585,79.3435,80.25620923265929,79.71482117153377,78.89219880574956,77.87890760345313,78.86280905335316,81.5105030389627,0.8226223657842127,0.7842508328761606,64.19141914191425,0.10412294609877346,82.00331344532592,70.71763337245818
20180801,7555988,80.42,80.82,80.11,80.65,80.47999999999999,79.67800000000001,79.481,80.38747282177286,79.85869483745165,79.02240630161997,77.9697630918645,78.89234939957873,81.50336193490492,0.8362885358316845,0.7946583734672654,64.61794019933566,0.10299836606193234,84.80453454494597,75.41326709662077
20180802,9261621,80.8,82.22,80.59,82.0,80.862,80.00500000000001,79.62049999999999,80.9249818811819,80.18812640092062,79.24296879779627,78.10190200688533,78.94371552520553,81.50748341262354,0.9451576031243576,0.8247582193986839,69.3525179856116,0.0989125738784446,88.30273812967908,79.70975744097353
20180803,7102315,82.14,83.1,81.92,82.33,81.212,80.36999999999999,79.7715,81.39332125412128,80.5176454161636,79.47163777573728,78.240528170594,78.99968716941702,81.5143092764192,1.0460076404263248,0.8690081036042121,69.83002832861199,0.09576764262015745,87.58551846534961,82.33501111576555
20180806,5669217,82.2,82.925,82.15,82.52,81.676,80.771,80.00450000000001,81.76888083608085,80.82569996752305,79.69744238494192,78.3808387223778,79.05787415835228,81.52265525752776,1.1282575825811278,0.9208579993995953,68.44444444444451,0.0900886411996466,87.30967593275972,83.99323272143027
20180807,6417985,82.41,82.68,81.73,82.64,82.02799999999999,81.136,80.1455,82.05925389072057,81.10482304944259,79.91540961568697,78.520483354431,79.11708284994977,81.53192782800471,1.1894134337556181,0.9745690862708,72.25609756097576,0.09134613175755156,87.36176397333848,85.11607647206634
20180808,4891255,82.1,82.799,82.1,82.35,82.36800000000001,81.424,80.305,82.15616926048038,81.29638873414373,80.0957496441546,78.64604127723653,79.17051949705804,81.53871680868517,1.2006390899891386,1.0197830870144677,80.88737201365194,0.09838331551226709,84.76252021474153,84.9982243862914
20180809,5167432,82.44,82.44,81.3,81.4,82.248,81.555,80.4305,81.90411284032027,81.31232892889085,80.19236078162463,78.73633500585173,79.20737041446205,81.5375656318496,1.1199681472662206,1.0398200990648183,70.11834319526638,0.11866049220150846,74.40117151464153,81.46587342907478
20180810,5563915,81.3,81.76,81.0,81.43,82.068,81.64,80.5365,81.74607522688018,81.33043217059995,80.28403776076354,78.82465189090577,79.24410809356185,81.53667297100438,1.0463944098364095,1.0411349612191365,72.05438066465271,0.11632738444984383,67.76608527860759,76.89927737891904
20180813,5068021,81.7,82.08,81.15,81.52,81.86800000000001,81.772,80.636,81.67071681792012,81.3595964520461,80.3755905192255,78.91302396005639,79.28172614160215,81.53653460609978,0.9840059328206081,1.0297091555394309,70.30497592295359,0.11227478113361689,60.89645373088888,71.56500282957565
20180814,6226887,81.39,81.72,81.23,81.31,81.602,81.815,80.7,81.55047787861342,81.35196622865439,80.4448060363199,78.99161333841519,79.31525132934426,81.53465465086244,0.9071601923344872,1.0051993628984421,65.4362416107384,0.10759939767337881,50.159388808640415,64.42979815593057
20180815,8355594,81.3,82.365,80.81,82.3,81.592,81.97999999999999,80.82900000000001,81.80031858574229,81.49781757809218,80.58222781140732,79.10008503223764,79.36458601811543,81.54100606454823,0.9155897666848603,0.9872774436557258,67.45655608214861,0.11874903823802503,55.12809326689565,61.32922985958559
20180816,12348860,82.46,84.0,82.31,83.69,82.05,82.149,81.077,82.43021239049486,81.83507641223184,80.81243315871048,79.2505740475741,79.436080464097,81.55884003911629,1.022643253521366,0.9943506056288539,71.50760719225465,0.1192078437580757,66.84610606507773,63.16818859474964
20180817,8335354,83.73,84.2,83.6,83.69,82.502,82.285,81.3275,82.85014159366324,82.12044927188849,81.02558625806526,79.39612899683397,79.5063931836987,81.57652601389542,1.094863013823229,1.0144530872677289,75.47445255474466,0.1190643154509287,72.88265478084823,66.40634399011583
20180820,6544846,83.89,83.95,83.31,83.64,82.926,82.39699999999999,81.584,83.11342772910884,82.35422630698257,81.21924653524562,79.53527230841318,79.574717263307,81.59365027934027,1.1349797717369512,1.0385584241615733,72.18649517684906,0.11945655949486227,76.41537850679947,69.74268882901038
20180821,8344021,83.57,84.0,83.09,83.9,83.44399999999999,82.523,81.8295,83.37561848607257,82.59203764436987,81.41782086596817,79.67837813436685,79.64620953994655,81.61279011104699,1.1742167784017,1.0656900950095987,76.00000000000011,0.1197513986389668,81.32706649715837,73.60414805172637
20180822,5117923,83.81,83.85,83.06,83.39,83.662,82.62700000000001,82.0255,83.38041232404838,82.71480108369758,81.56390820922978,79.80007065455155,79.70809037399702,81.62753874083083,1.1508928744678002,1.082730650901239,62.84658040665439,0.12306876556867818,79.58677589486072,75.59835733277114
20180823,4217079,83.01,83.6,82.84,83.24,83.572,82.81099999999999,82.183,83.33360821603226,82.79560091697488,81.68806315669424,79.91285522325477,79.76646904550121,81.64092016206875,1.1075377602806356,1.0876920727771184,58.69980879541107,0.10475032240479008,76.95165590630825,76.0494568572835
20180824,5301672,83.22,83.55,83.03,83.36,83.506,83.00399999999999,82.322,83.34240547735484,82.88243154513259,81.81191033027244,80.02587636347592,79.8258662513607,81.65518638479017,1.0705212148601504,1.0842579011937248,58.13953488372097,0.10439266650201348,76.37485025022316,76.15792132159672
20180827,3929986,83.5,83.82,83.02,83.44,83.466,83.196,82.48400000000001,83.37493698490323,82.96821130741988,81.93250956506708,80.13781484336195,79.88560399927209,81.66999811603672,1.0357017423527992,1.0745466694255397,57.81249999999998,0.1044384005368455,76.77694048146633,76.36426104155325
20180828,5400739,83.72,83.86,83.32,83.48,83.38199999999999,83.413,82.614,83.40995798993549,83.04694802935528,82.04713848617322,80.24739468456319,79.94501550341636,81.68501887855925,0.9998095431820531,1.0595992441768425,61.6016427104724,0.101799144548477,71.81954762256487,74.84935656855711
20180829,4520429,83.51,83.76,83.29,83.49,83.402,83.53200000000001,82.756,83.436638659957,83.11510987099292,82.15401711682706,80.35370961293816,80.00361028848386,81.69999797500274,0.9610927541658612,1.0398979461746463,76.59033078880398,0.08888972954385602,63.81107096406265,71.16992803372563
20180830,4443865,83.39,83.74,83.19,83.41,83.436,83.50399999999999,82.8265,83.427759106638,83.16047758314785,82.24705288595098,80.45391585513691,80.05991425065768,81.714188863177,0.9134246971968736,1.0146032963790919,74.87437185929642,0.03669833193654893,58.9200243208692,67.08662679610681
20180831,6579145,83.35,83.53,82.39,82.95,83.354,83.42999999999999,82.85749999999999,83.268506071092,83.12809641650972,82.29912304254721,80.53575467955865,80.10768426304351,81.72444455725852,0.828973373962512,0.9774773118957759,66.43678160919549,0.04412462206840908,50.87421911246358,61.68249090155906
20180904,5743875,82.48,82.96,82.07,82.7,83.20599999999999,83.336,82.8665,83.07900404739468,83.06223542935437,82.32881763198816,80.60671354252393,80.1505324570428,81.73254045304891,0.733417797366215,0.9286654089898638,65.83143507972665,0.04521554994450673,45.64798965039485,56.33765715117099
20180905,7577694,82.11,83.47,82.11,83.29,83.16799999999999,83.275,82.899,83.14933603159646,83.09727613253062,82.40001632591496,80.69469014768708,80.20242448254623,81.74546542854229,0.6972598066156621,0.8823842885150235,62.406015037594074,0.05712205098490465,53.15080129393192,55.27537186542463
20180906,7541078,82.91,83.305,82.49,82.65,83.0,83.201,82.914,82.98289068773099,83.02846441983361,82.41853363510644,80.75879866743504,80.24288027622316,81.75297193950874,0.6099307847271689,0.8278935877574526,33.95061728395079,0.06131457059642731,46.23461240824531,52.26178537969819
20180907,11091290,82.1,82.2,81.25,81.91,82.7,83.068,82.9395,82.62526045848733,82.85639297062843,82.3808644769504,80.79654297342078,80.27043597413683,81.7542750769402,0.4755284936780271,0.7574205689415675,27.63819095477396,0.07254379525872795,39.252193712776524,47.92525482405763
20180910,6648969,82.58,83.1,82.34,82.38,82.586,82.97,82.987,82.54350697232489,82.7831017443779,82.38080044162075,80.84845959724305,80.3053048010106,81.75946781489091,0.40230130275715226,0.6863967157046845,35.68181818181819,0.0796028690717923,40.599802194213666,45.48343728077631
20180911,5181375,82.13,82.42,81.63,82.01,82.44800000000001,82.827,83.0115,82.36567131488327,82.66416301447362,82.35333374224143,80.88654288913672,80.33348158115919,81.76154692016152,0.3108292722321835,0.6112832270101843,29.04656319290467,0.08014643421463062,37.15949628352629,42.70879028169297
20180912,5915718,81.9,83.18,81.7,83.11,82.412,82.78999999999999,83.10150000000002,82.61378087658885,82.7327533199392,82.40938309466799,80.95944312227978,80.37937444758632,81.77273740215189,0.32337022527121917,0.5537006266623913,47.2549019607843,0.10767825205462829,49.6725959159252,45.03005882643704
20180913,5081623,83.27,83.49,82.65,83.45,82.57199999999999,82.786,83.15899999999999,82.89252058439257,82.84309896302548,82.48646582839629,81.04110072482798,80.43012858894853,81.78665659383527,0.3566331346291918,0.5142871282557514,51.98487712665414,0.10983359128526307,65.27880663400863,51.7796414289609
20180914,4876240,83.47,83.665,82.97,83.61,82.912,82.806,83.155,83.13168038959505,82.96108373794463,82.56969058184842,81.12532693057133,80.48268844698245,81.80178807438436,0.39139315609621406,0.489708333823844,52.345215759849914,0.11008561938485534,76.09339351860055,59.884225458840774
20180917,6825032,83.5,84.274,83.34,84.25,83.286,82.93599999999999,83.183,83.50445359306337,83.15937854749161,82.69415794615594,81.22777522792964,80.54495805942902,81.82210518580027,0.4652206013356732,0.48481078732620986,56.87606112054333,0.1105374724301508,83.79771208118342,67.85538766628832
20180918,5926616,84.29,84.29,83.575,84.0,83.684,83.066,83.201,83.66963572870893,83.2887049248006,82.79088698718142,81.31866784340735,80.60206619067813,81.84017900168574,0.4978179376191747,0.48741221738480284,54.262295081967196,0.11048905162582781,86.01865015938537,73.90980849732067
20180919,6127511,83.92,84.29,83.77,84.0,83.862,83.13700000000001,83.206,83.77975715247263,83.39813493636974,82.88045091405688,81.4065803731317,80.65823038587354,81.8581028273979,0.5176840223128636,0.493466578370415,54.187192118226655,0.10661046922591347,87.49927554485335,78.43963084649823
20180920,10014860,84.29,85.635,84.23,85.36,84.244,83.40799999999999,83.30449999999999,84.3065047683151,83.6999603307744,83.06412121671933,81.53620068876673,80.73594558610704,81.8871642147224,0.6358391140550737,0.5219410855073467,63.22930800542745,0.11800524180351925,89.37737803697668,82.08554657665772
20180921,17314030,85.81,86.28,85.52,85.82,84.686,83.799,83.4335,84.81100317887673,84.02612027988603,83.26826038585124,81.6766531252006,80.81997954336147,81.91980185609401,0.7578598940347945,0.5691248472128363,69.47082767978286,0.09878359339794339,89.62076098522454,84.59728471284666
20180924,6234613,85.63,85.71,84.23,84.27,84.69,83.988,83.479,84.63066878591782,84.06364023682664,83.34246332023262,81.76168089158746,80.87700467487616,81.93930557513058,0.7211769165940183,0.5995352610890727,59.05420991926179,0.14658609414222545,78.45168636278429,82.54875192949254
20180925,5370475,84.28,84.41,83.08,83.12,84.514,84.099,83.463,84.12711252394521,83.91846481577639,83.32598455577094,81.80621594432229,80.91407897777077,81.9491038691129,0.5924802600054448,0.5981242608723472,49.079089924160336,0.1630209506601936,56.61701037592413,73.90483807830307
20180926,6562417,83.25,83.99,83.03,83.26,84.366,84.114,83.452,83.83807501596348,83.81716253642618,83.32109681089902,81.85388099532811,80.95285453185721,81.95998267517835,0.4960657255271599,0.5777125538033098,53.49369988545247,0.15040233155557545,40.66511668566147,62.82493094742253
20180927,5290359,83.04,83.63,82.81,82.86,83.866,84.05499999999999,83.42049999999999,83.51205001064233,83.66990676159138,83.28694149157317,81.886868503678,80.98437759744635,81.96745169862086,0.3829652700182038,0.5387630970462886,55.6615017878427,0.15055431999839106,27.590385187174856,51.0800823606733
20180928,4756464,83.03,83.29,82.79,83.23,83.348,84.01700000000001,83.4115,83.41803334042822,83.60222879826964,83.2827236033085,81.93090560191807,81.0214953231084,81.97792927788542,0.3195051949611383,0.49491151662925853,55.12665862484929,0.15214780196462682,22.596073410361065,41.58541271056922
20181001,4865253,83.31,83.72,83.17,83.67,83.228,83.959,83.4475,83.50202222695215,83.61265513699739,83.31141074380416,81.98792509037978,81.06527225991653,81.99197135856687,0.3012443931932296,0.4561780919420528,59.92822966507176,0.1493862444005976,23.46901551139636,35.546613644178265
20181002,6658259,83.48,84.435,83.37,84.36,83.476,83.99499999999999,83.5305,83.7880148179681,83.72763126976702,83.38908402204089,82.06569803823618,81.11973056966998,82.01162304853727,0.338547247726126,0.43265192309886746,57.86163522012579,0.15449154536262505,30.641234791742704,33.91148736003308
20181003,7958663,84.44,84.52,82.85,83.03,83.43,83.898,83.51750000000001,83.53534321197874,83.62030338211055,83.36248520559342,82.09731449599893,81.15130527099775,82.02007430954527,0.2578181765171337,0.3976851737825207,47.65100671140939,0.17302503888371557,22.719753471476942,30.180909397181033
20181004,7015254,82.5,82.5,81.1,81.92,83.242,83.554,83.481,82.9968954746525,83.35871824640124,83.25563444962353,82.09150090596617,81.1640109689978,82.01924381734987,0.10308379677771029,0.33876489838155865,41.45601617795753,0.15517111211168408,21.075641866017218,27.145820220126428
20181005,5454641,81.98,82.45,81.98,82.15,83.026,83.187,83.49300000000001,82.71459698310167,83.17276159310875,83.17373560150327,82.09341890904925,81.18030830835322,82.02032893089884,-0.0009740083945217748,0.2708171170263426,38.92405063291141,0.15165301446816343,24.284346039333222,26.191995493195357
20181008,7071038,81.98,82.74,81.75,82.4,82.772,83.0,83.494,82.60973132206779,83.05387519416894,83.11642185324376,82.10347074809681,81.20046850160358,82.0234797281528,-0.06254665907482604,0.20414436180610887,41.56118143459918,0.1356636232523642,28.8601293283665,27.081373438252406
20181009,6267144,82.39,82.72,82.06,82.2,82.34,82.908,83.5035,82.47315421471187,82.9225097796814,83.04853875300348,82.10663564160183,81.21698968339525,82.02494462667435,-0.12602897332207874,0.13810969478047136,40.70247933884298,0.1214595650366829,29.961333782263903,28.04136021958957
20181010,9076631,81.81,82.68,81.44,81.44,82.022,82.726,83.42,82.12876947647459,82.69443135203811,82.92938773426249,82.0847787353198,81.22067580433088,82.0200903144198,-0.2349563822243823,0.06349647937950062,28.414096916299542,0.1262399494354537,23.288062677454718,26.45692770554462
20181011,12491990,81.64,81.97,78.669,78.87,81.412,82.327,83.191,81.0425129843164,82.1060572978784,82.62869234653934,81.9793761538339,81.18182165880475,81.99394848608438,-0.5226350486609448,-0.05372982622858847,18.94548704200183,0.19067295919142818,16.6704785194312,23.194777976840143
20181012,9863043,79.37,79.375,78.49,79.06,80.79400000000001,81.91,82.9635,80.38167532287761,81.6374330982048,82.3643447653142,81.88365890288853,81.14675022642781,81.96960036586792,-0.7269116671094054,-0.18836619440475186,23.499491353001048,0.1883654028002492,14.264564452423492,20.218040135367925
20181015,9691183,79.01,80.54,78.92,80.13,80.34,81.55600000000001,82.7575,80.29778354858507,81.4055203138656,82.1988377456613,81.82616188967907,81.12994443756124,81.95433397279018,-0.7933174317956997,-0.3093564418829415,34.666666666666615,0.20318359395403307,18.57549183505955,19.67052403526513
20181016,9462626,79.91,81.09,79.9,81.01,80.102,81.221,82.60799999999999,80.53518903239005,81.34467103480935,82.11077569042712,81.79940248346009,81.12796188487428,81.9464971763355,-0.7661046556177666,-0.40070608462990653,39.27550047664443,0.2077544280805531,32.14836710572605,23.829805058752104
20181017,10367900,80.76,82.1764,80.38,81.86,80.186,81.10400000000001,82.501,80.97679268826003,81.42395241406945,82.09219971335844,81.80138928728107,81.14006168843008,81.94577935744475,-0.6682472992889927,-0.4542143275617238,45.42961608775137,0.20778273279870488,47.86361728617034,31.841075801224846
20181018,9860746,80.71,81.34,80.0,80.24,80.46,80.936,82.245,80.73119512550669,81.241805888828,81.95499973459114,81.7501961958948,81.12518463572876,81.93162351215476,-0.7131938457631435,-0.5060102312020078,37.73584905660373,0.2193233005356019,45.63456838685865,36.438906663102784
20181019,30268660,84.86,87.76,84.86,87.3,82.10799999999999,81.451,82.319,82.9207967503378,82.17383575208522,82.35092568017699,81.93215697635726,81.22724769960101,81.97617435437755,-0.17708992809176038,-0.4402261705799584,59.649122807017534,0.46783956394998794,62.102297658840655,44.99337032834874
20181022,14123450,86.73,87.24,85.23,86.6,83.402,81.87100000000001,82.4355,84.14719783355854,82.85478409791827,82.6656719260898,82.08520100991932,81.3160535227481,82.01454635143666,0.1891121718284694,-0.3143585020982729,55.9511158342189,0.4726128258169833,70.56370365317888,53.516814769958785
20181023,16268460,86.01,87.3,86.01,87.16,84.63199999999999,82.36699999999999,82.6375,85.15146522237237,83.51712500593084,82.99858511674981,82.2515878620531,81.4126476793969,82.05724721159072,0.518539889181028,-0.1477788238424127,61.44044321329638,0.47099744004818045,78.21830513232419,61.75064489074725
20181024,26693290,87.28,90.7,87.22,89.46,86.152,83.16900000000001,82.9475,86.58764348158158,84.43141346655686,83.47720844143501,82.48792924362513,81.54566176734076,82.11868084468955,0.9542050251218512,0.0726179459504401,69.59459459459457,0.4724186933238883,82.09366670301272,68.53165216150241
20181025,14645780,88.11,89.33,87.305,89.0,87.904,84.182,83.25450000000001,87.39176232105439,85.13427293324042,83.88630411243983,82.70143976022759,81.66887396953348,82.17578722772117,1.247968820800594,0.3076881209204709,67.59116589625063,0.4282225899778613,83.25203133907695,73.43844522069392
20181026,14330820,88.69,89.17,87.385,87.86,88.01599999999999,85.062,83.486,87.5478415473696,85.55361555889574,84.1806519559628,82.87057288284308,81.77120663119409,82.22295911794755,1.3729636029329413,0.520743217322965,63.40864440078584,0.4428810993682922,80.06925546061919,75.64871530066901
20181029,12876470,88.29,89.42,87.44,88.24,88.344,85.873,83.7145,87.77856103157974,85.96690547291178,84.48134440366925,83.04661967356954,81.87812883563717,82.27289306717621,1.4855610692425216,0.7137067877068763,64.70301850048685,0.443513165742172,79.04928557187694,76.78223872440498
20181030,13772290,88.85,89.4323,88.205,89.19,88.75,86.691,83.95599999999999,88.24904068771983,86.46276616938688,84.83013370710117,83.24804197935414,81.99898621025474,82.3302964442121,1.632632462285713,0.8974919226226437,68.69271587071877,0.4434987732317175,81.32880720368118,78.29776155083037
20181031,12610600,88.77,89.32,87.27,88.68,88.594,87.373,84.2385,88.39269379181323,86.80387906640429,85.11530898805664,83.42613896363761,82.10941619025054,82.38299107952984,1.6885700783476523,1.0557075537676455,76.27209426888058,0.44939526952231434,76.02285777049067,77.53946029071713
20181101,9730486,88.81,89.83,88.18,89.59,88.71200000000002,88.30799999999999,84.622,88.79179586120883,87.23251305618825,85.44676758153393,83.6282327681085,82.23306220363483,82.44280028218935,1.7857454746543198,1.2017151379449804,77.1531717380093,0.42430785805421845,77.25107032353247,77.44333030165558
20181102,10918010,89.88,89.95,88.9802,89.81,89.102,88.559,85.005,89.13119724080589,87.62904950908236,85.76996998290178,83.8309136609574,82.35830084489707,82.50393886905916,1.8590795261805795,1.3331880155921003,76.10571736785332,0.1719739079583285,78.50853160161581,77.79839740164232
20181105,12270150,89.89,91.44,89.815,91.2,89.694,89.01899999999999,85.445,89.82079816053727,88.17842650768507,86.17219442861277,84.07252304912274,82.50444463258474,82.5761053514736,2.006232079072305,1.4677968282881413,76.745406824147,0.17076535024204,83.77661980392085,79.79113820240183
20181106,8857674,90.86,91.53,90.43,91.51,90.158,89.454,85.9105,90.38386544035818,88.69097627573352,86.56758743390071,84.31637475243018,82.65329678741806,82.6502455560257,2.1233888418328064,1.5989152309970744,76.06699081577528,0.17081190307277494,89.02791867992222,82.87006502824195
20181107,8704542,91.59,91.62,90.62,91.29,90.68,89.637,86.40299999999999,90.68591029357212,89.09082607946682,86.91739577213029,84.54501820317017,82.79605221241941,82.72194476302964,2.173430307336531,1.7138182462649658,82.29105786090011,0.1310384294043662,90.15654348776425,85.29889118141605
20181108,6612532,90.95,91.525,90.67,91.36,91.03400000000002,89.873,87.0275,90.91060686238141,89.43992975954885,87.2464775667873,84.76846022929574,82.93760506841248,82.79362986873065,2.1934521927615407,1.8097450355642808,70.05928853754946,0.1257911826980651,91.4453584937585,87.34771361886354
20181109,10713480,91.35,92.665,91.17,92.41,91.554,90.328,87.69500000000001,91.41040457492095,89.89686364269518,87.62896070998825,85.01900251685981,83.0941735796784,82.87343377023495,2.2679029327069316,1.901376614992811,77.74594078319015,0.10113293992223603,92.7213727616715,89.13893333313285
20181112,12300710,92.21,93.45,91.75,92.7,91.854,90.774,88.3235,91.84026971661397,90.32811538997285,88.00459324998911,85.2708384999136,83.25294757009694,82.95498203770188,2.323522139983737,1.9858057199909964,77.15686274509814,0.10150510348425604,91.10227439774864,89.79338035467146
20181113,13271310,91.97,93.57,91.5869,93.47,92.24600000000001,91.202,88.9465,92.38351314440932,90.81148225305395,88.40943819443436,85.53966346712954,83.42182446976476,83.04224359755499,2.4020440586195946,2.0690533877167163,73.12572087658603,0.09863277025865831,93.4497537419747,91.01217148377253
20181114,11595360,93.42,93.9,92.985,93.49,92.68599999999999,91.68299999999999,89.52799999999999,92.75234209627288,91.22356190643026,88.78577610595774,85.80033023869906,83.58824059423146,83.12894697018939,2.4377858004725255,2.1427998702678783,77.27825030376675,0.08606089602391125,92.85527846115244,91.62654047623249
20181115,12335270,93.33,93.9,92.72,93.83,93.17999999999999,92.107,90.2075,93.11156139751526,91.62455238236407,89.15942232033123,86.06359809972533,83.75752587366566,83.21775238952392,2.4651300620328414,2.207265908620871,90.17496635262461,0.08218481555246654,94.66565687699834,92.63957927648778
20181116,12980500,93.82,94.81,93.665,93.82,93.462,92.508,90.5335,93.3477075983435,91.96231355430807,89.50465029660299,86.31790635875072,83.92384776005136,83.30573784687228,2.4576632577050788,2.2573453784377127,89.51841359773377,0.08475241377779565,88.90952467598967,91.3962277429884
20181119,9268395,93.72,94.185,92.91,93.29,93.58,92.71700000000001,90.86800000000001,93.328471732229,92.16657300749144,89.7850465709287,86.54649959289004,84.07866019376952,83.38859479420114,2.381526436562737,2.282181590062718,80.87349397590381,0.07457933171720983,80.51406656999154,87.76884068532277
20181120,12073920,93.24,93.79,91.86,92.1,93.306,92.776,91.115,92.91898115481933,92.1563310063389,89.95652460271175,86.72858157345102,84.21124432279812,83.46088861333641,2.19980640362715,2.2657065527756046,73.36065573770486,0.10302842898764225,65.18973198063841,80.24247111709465
20181121,8911258,91.66,92.365,91.24,91.41,92.88999999999999,92.788,91.2125,92.41598743654623,92.04151085151753,90.06418944695533,86.88207070219033,84.33023201994196,83.52685634268632,1.977321404562204,2.2080295231329248,62.81690140845067,0.10951567695659788,45.65762351822775,68.71418858413901
20181123,4399630,91.25,91.99,90.63,91.54,92.43199999999999,92.806,91.3395,92.12399162436417,91.96435533589946,90.17350874718086,87.03478969556114,84.44940173862061,83.5933554601744,1.790846588718594,2.1245929362500586,62.33951497860202,0.10965564163889026,37.69519398822846,58.37452371883549
20181126,7789338,91.15,92.4,91.15,91.94,92.056,92.759,91.54350000000001,92.06266108290944,91.96060836114569,90.30435995109339,87.1956162629198,84.57321328013101,83.662622219841,1.6562484100522994,2.030924031010507,56.14617940199332,0.09569166707992961,35.5767002983724,50.77524924534779
20181127,9023363,91.93,92.86,91.85,92.72,91.94200000000001,92.761,91.76750000000001,92.28177405527296,92.07743784404636,90.48329625101239,87.37674359856177,84.70787091186439,83.7377871806722,1.5941415930339673,1.943567543415199,59.322033898305044,0.10379496063787305,40.3844668655816,47.311655118759056
20181128,7941366,92.63,93.22,92.21,93.01,92.124,92.715,91.9585,92.52451603684865,92.2209089449623,90.67045949167814,87.56144052975647,84.84509618604845,83.81473500489899,1.550449453284159,1.8649439253889912,63.10975609756096,0.09609145007907341,45.90224425807518,46.8418514985311
20181129,5891018,92.86,93.3,92.66,92.82,92.406,92.648,92.1655,92.62301069123244,92.31307679958348,90.8296847145168,87.73385231566608,84.9769127780146,83.88946749448489,1.4833920850666829,1.7886335573245296,60.92814371257477,0.0962744230198618,48.06561100458595,47.24977133388272
20181130,16152160,93.18,94.65,92.75,94.51,93.0,92.716,92.4115,93.2520071274883,92.65106498426294,91.10230066158964,87.95602109220162,85.1344844676342,83.97760469370078,1.548764322673307,1.7406597103942851,64.34426229508196,0.13091967593379347,64.21621164816509,52.9052514386435
20181203,13419360,94.67,94.67,92.26,93.32,93.276,92.66600000000001,92.587,93.27467141832554,92.75397806360711,91.26657468665707,88.13188925311304,85.26978224502868,84.05513494520534,1.4874033769500414,1.6900084437054363,53.77128953771282,0.14575738462472995,65.00552723739052,56.93867670489251
20181204,10304630,93.49,94.86,93.17,93.31,93.39399999999999,92.66799999999999,92.69250000000001,93.28644761221703,92.83951989997524,91.41793952468247,88.3016633759618,85.40267840626788,84.13193880458122,1.421580375292777,1.6363228300229045,48.9276139410188,0.14320818211826392,64.45600949001766,59.44445429993422
20181206,13921420,92.7,93.63,91.08,93.55,93.502,92.81299999999999,92.7945,93.3742984081447,92.94882453074828,91.57586993026155,88.473739986586,85.53734487889156,84.21009698877558,1.372954600486736,1.5836491841156708,50.39062500000002,0.12612196792289515,65.98091728018512,61.623275293351185
20181207,7929895,93.585,93.78,92.14,92.45,93.428,92.917,92.8525,93.06619893876314,92.87208229524855,91.64062030579773,88.60410916735367,85.65160364122393,84.27847792662806,1.2314619894508212,1.513211745182701,41.824644549763086,0.1352761543577096,56.068406934585525,59.77165250709596
20181210,8823800,93.25,93.4,91.3664,93.03,93.132,93.066,92.936,93.0541326258421,92.89637732674876,91.74353732018308,88.74922034219453,85.7735606058318,84.35110466582617,1.1528400065656825,1.4411373974592974,45.61598224195344,0.13747718177380505,54.57470515215756,58.03933672211649
20181211,8739241,93.72,94.52,93.4,93.91,93.25,93.263,93.011,93.3394217505614,93.05231927647972,91.90401603720656,88.91842623261438,85.90804720738831,84.43043159805998,1.1483032392731616,1.3825705658220704,53.31196581196575,0.14205245050081916,61.33904505734664,59.139239500526536
20181212,9592028,94.21,94.55,93.1,94.03,93.394,93.394,93.0775,93.56961450037427,93.20273169548284,92.06149633074682,89.0860188151516,86.0422943609852,84.51009606612588,1.1412353647360192,1.3343035256048603,61.640530759951766,0.1380512364251187,66.90680605234046,61.72842835113117
20181213,18065720,94.87,96.79,94.8,96.49,93.982,93.742,93.2285,94.54307633358285,93.70846528079318,92.38953363958039,89.32877229662203,86.2149837103904,84.60951435603356,1.3189316412127852,1.3312291487264454,75.24850894632202,0.1808744213908552,76.1865572164464,66.54780463956958
20181214,12549340,96.45,96.895,96.02,96.64,94.82000000000001,94.124,93.386,95.24205088905524,94.15947062220961,92.70438299961147,89.56848468033934,86.38729802922693,84.70935241117022,1.4550876225981426,1.3560008435007849,75.29761904761898,0.17880775737851332,82.66263459027068,71.91941462313662
20181217,12339960,96.0,96.5,92.403,92.77,94.768,93.95,93.333,94.41803392603683,93.94570591110043,92.70924351815877,89.67345239573804,86.49279723535541,84.77624575215636,1.236462392941661,1.3320931533889602,53.062730627306266,0.2628468261396713,64.79601262739169,69.54494729122163
20181218,11391910,93.13,93.31,91.86,92.49,94.48400000000001,93.86699999999999,93.2665,93.77535595069122,93.72175115554651,92.69300325755442,89.76579821882859,86.5919245537793,84.84026031022975,1.0287478979920905,1.2714241023095862,49.118773946360136,0.25679105624427123,51.2798868934689,63.456593825304054
20181219,10824590,92.55,93.35,91.29,91.76,94.03,93.712,93.19,93.10357063379415,93.41994328546244,92.62389190514298,89.83118188378504,86.67734728842757,84.897685535871,0.7960513803194544,1.17634955791156,45.36693847294292,0.2588778285757785,36.98171466403724,54.631634104881776
20181220,14027300,91.51,92.225,90.13,90.98,92.928,93.455,93.134,92.39571375586277,93.0445673953913,92.50212213439166,89.86884805152978,86.74846551506513,84.94816117457748,0.5424452609996422,1.0495686985291763,43.46590909090912,0.2596912750796738,28.842700143110356,46.035322784291296
20181221,22760000,90.61,93.17,90.36,90.97,91.794,93.307,93.112,91.92047583724185,92.72540318071572,92.38863160591819,89.90495139410257,86.8182429445682,84.99813494076356,0.33677157479752395,0.9070092737828459,35.72580645161287,0.2553692148967854,23.36741724248748,38.47935427035669
20181224,7396254,90.45,90.66,86.88,87.36,90.712,92.74000000000001,92.90299999999999,90.4003172248279,91.89995653752868,92.01614037585018,89.82151036478773,86.82719760664146,85.01773548067425,-0.11618383832150414,0.702370651361976,29.892037786774623,0.31022148623671253,17.17588175626642,31.37819676565993
20181226,8530163,87.42,90.09,86.74,90.09,90.232,92.35799999999999,92.8105,90.29687814988527,91.62150168560119,91.8734633109724,89.83031330364715,86.8811282247135,85.05982896216243,-0.2519616253712087,0.511504196015339,40.820980615735465,0.35140401942490546,22.446813013942943,28.40106884842093
20181227,10431500,89.61,92.05,88.2,92.02,90.284,92.157,92.7755,90.87125209992352,91.68280911858562,91.88431788052999,89.90210631008495,86.96606825405709,85.11758971766315,-0.20150876194436762,0.3689016044233977,46.02184087363494,0.37139655812293376,32.2959058694627,29.69934785543485
20181228,9609151,92.56,93.28,90.84,91.18,90.324,91.626,92.684,90.97416806661569,91.60545386957246,91.83214618567592,89.94400446385265,87.03572001845285,85.16790017643773,-0.22669231610346685,0.2497828203180248,46.6526093832367,0.3411009488391258,36.69453833920467,32.03107801669145
20181231,7239480,91.63,92.18,91.15,91.92,90.51400000000001,91.154,92.639,91.2894453777438,91.65384558194593,91.83865387562585,90.00879120274273,87.11645191897429,85.22393419986977,-0.18480829367992158,0.16286459751843552,47.098797699947724,0.3459637021567292,50.58506287666598,38.21573963668296
20190102,9503082,91.03,91.39,89.93,91.28,91.298,91.005,92.47749999999999,91.28629691849588,91.59633087703118,91.79727210706098,90.05047017970197,87.18527089552018,85.27419200733974,-0.20094123002979813,0.09010343200878879,43.03864478560086,0.2906669828278366,56.61797938625945,44.349819553208455
20190103,9820225,90.94,92.5,90.38,90.64,91.40799999999999,90.82000000000001,92.3435,91.0708646123306,91.44920304979561,91.71154824727869,90.06979902626912,87.24237385592481,85.31872153424978,-0.2623451974830715,0.019613706110416733,41.26738794435857,0.29178160461320723,57.62299543181823,48.77421151274504
20190104,9733555,90.84,92.49,90.37,92.49,91.502,90.893,92.3025,91.54390974155373,91.60932565751936,91.76921134007286,90.14914987786685,87.32911147814093,85.37823421861285,-0.15988568255349378,-0.01628617162236537,39.36170212765957,0.30775366652409836,67.72216005342415,55.09019435963807
20190107,8879940,91.91,92.5,91.4,92.12,91.69,91.00699999999999,92.231,91.7359398277025,91.68789094097792,91.79519568525265,90.21376791465809,87.40829971817166,85.4341824823588,-0.10730474427472814,-0.03448988615283793,38.117770767613024,0.3050380573295378,72.5691056829148,60.916498134063644
20190108,9273318,92.7,93.09,91.82,92.46,91.79799999999999,91.15599999999999,92.2315,91.97729321846833,91.80667695005825,91.84444044930801,90.28741486827586,87.4917988963837,85.4924880219243,-0.0377634992497633,-0.035144608772223,48.99935442220787,0.3051484040605197,77.53332835537843,66.45544154116857
20190109,13883870,92.69,92.96,90.81,90.95,91.732,91.51500000000001,92.1275,91.63486214564556,91.67488049620313,91.77818560121112,90.30913897095533,87.5489592452038,85.53777857775896,-0.1033051050079905,-0.0487767080193765,45.39473684210527,0.23496317563858093,69.73350499282446,67.5481293583872
20190110,11084210,90.89,91.535,90.605,91.17,91.838,91.623,91.99050000000001,91.47990809709704,91.59720657371034,91.73313481593622,90.33736392272728,87.60881115850623,85.58451900449955,-0.13592824222588717,-0.06620701486067863,48.18013571869215,0.18767598022993492,58.827311786261056,64.64119016767847
20190111,7165570,91.67,91.98,91.11,91.77,91.694,91.598,91.87750000000001,91.5766053980647,91.6237901777549,91.73586557031132,90.38433559739195,87.67759113935738,85.63585079699334,-0.11207539255642018,-0.07538069039982695,52.464129756706164,0.15913309114942503,58.627490557929214,62.63662363109538
20190114,6802141,91.5,91.91,90.85,91.15,91.5,91.595,91.6105,91.4344035987098,91.55089938117722,91.69246812065863,90.40943934829713,87.7349863271366,85.68161137129215,-0.14156873948141424,-0.08861830021614442,50.5408653846154,0.15614272569624388,51.95419201752242,59.07581309323773
20190115,7824486,91.15,92.61,91.14,92.01,91.41,91.60400000000001,91.37899999999999,91.62626906580654,91.6215302456115,91.71598900060984,90.46191674671361,87.80564771015914,85.73412911924824,-0.09445875499834244,-0.08978639117258402,66.73866090712752,0.15796913106359498,54.7341672273679,57.628597804614444
20190116,7932795,91.74,92.15,90.99,91.37,91.494,91.613,91.309,91.54084604387103,91.58283328474819,91.69036018574985,90.49168996813283,87.8645626240408,85.78089983195157,-0.10752690100166262,-0.09333449313839975,55.423728813559364,0.15796138310781904,48.74434677902958,54.66718079608615
20190117,8044455,90.71,91.56,90.345,90.64,91.388,91.613,91.2165,91.24056402924735,91.43778201017155,91.61255572754617,90.49655259212847,87.91043762199054,85.82122431467397,-0.17477371737462022,-0.10962233798564386,43.49056603773584,0.15914833932089847,36.078501981405275,48.47095452452586
20190118,9100193,91.37,91.84,91.04,91.42,91.31800000000001,91.506,91.1995,91.30037601949824,91.43504631629901,91.59829234032053,90.52682955632098,87.96844691749483,85.86768718343187,-0.1632460240215181,-0.12034707519281872,51.13851992409866,0.1286452464113012,37.106372298471776,44.682760449174495
20190122,13515510,91.39,91.75,89.08,90.44,91.176,91.33800000000001,91.1725,91.01358401299883,91.28196226763762,91.51249290770419,90.52398268562193,88.00929903456104,85.90563168813368,-0.23053064006656143,-0.14238378816756728,43.13543599257881,0.13623286818218752,36.42143032956538,41.928983742638124
20190123,22476290,94.18,96.41,93.63,94.84,91.742,91.576,91.366,92.2890560086659,91.82935268800107,91.75897491454091,90.66549145002777,88.12220318275011,85.97977582350187,0.07037777346015162,-0.09983147584202351,62.24209078404406,0.27260200618087815,50.47467797323461,44.77754848617028
20190124,12142150,94.29,94.56,93.19,94.3,92.328,91.911,91.713,92.95937067244394,92.20945227446244,91.9471989949453,90.78465566478096,88.22431552683689,86.04882332704128,0.2622532795171395,-0.02741452477019091,62.67313019390583,0.2581308508252193,57.38784807128783,48.98098168120946
20190125,10618010,94.415,94.89,93.06,93.6,92.92,92.154,91.8885,93.17291378162929,92.4233826937759,92.06962869902343,90.87696203642749,88.3131698156495,86.11148869362185,0.3537539947524806,0.04881917913434339,54.176072234762984,0.26350868540560346,58.8133630161473,52.25844212618874
20190128,9726188,93.32,93.97,92.97,93.52,93.34,92.32900000000001,91.9635,93.28860918775287,92.59209304857961,92.17706361020687,90.9636190188397,88.39923312448175,86.17297011525154,0.4150294383727413,0.12206123098202298,55.38461538461535,0.2630882034640839,59.39990458466208,54.638929612346516
20190129,9768152,93.79,94.12,93.1,93.54,93.96000000000001,92.56800000000001,92.0815,93.37240612516858,92.73792488725967,92.27802186130266,91.04809052641872,88.48420447779611,86.23410729271833,0.4599030259570043,0.18962958997701926,54.2586750788644,0.2593637192736981,59.88188272901987,56.38658065123764
20190130,7746225,93.61,94.66,93.57,94.52,93.89599999999999,92.81899999999999,92.2115,93.75493741677906,93.01209028921971,92.44409431602098,91.16192362391318,88.58396969303915,86.30286988779952,0.5679959731987339,0.2653028666213622,64.69135802469133,0.26009100192422235,64.65977266063807,59.144311321037776
20190131,16043330,94.43,96.81,94.08,96.47,94.33,93.329,92.471,94.65995827785271,93.54407639857052,92.74230955187127,91.33595891493242,88.71431730141867,86.38724441155222,0.8017668466992518,0.37259566263694016,69.09221902017289,0.26705646186219706,74.97369923818302,64.42077396008618
20190201,12720580,96.35,97.61,95.99,97.47,95.104,94.012,92.8125,95.5966388519018,94.14806464494428,93.09250884432525,91.53707501608217,88.85903932949441,86.47921748697502,1.0555558006190324,0.5091876902333586,69.9579831932773,0.2578985116832881,82.76871078559603,70.5367529019228
20190204,11860270,97.21,98.22,96.72,98.03,96.006,94.673,93.0895,96.4077592346012,94.74528546879901,93.45824892993079,91.74995780244012,89.01062545627963,86.57507460326568,1.2870365388682217,0.6647574599603313,74.19127988748235,0.25789133294739486,87.30612465071482,76.12654348485347
20190205,9772292,97.99,98.02,97.21,97.44,96.786,95.37299999999999,93.3555,96.75183948973414,95.15985693513763,93.75319345363962,91.93651656301586,89.14995396113451,86.66523995925517,1.4066634814980006,0.8131386642678652,69.46236559139777,0.2505483231261652,86.58503548142892,79.61270748371194
20190206,8693934,97.246,98.315,97.12,97.92,97.46600000000001,95.68100000000001,93.6285,97.14122632648943,95.58449432973184,94.06184579040706,92.13269634783501,89.29491339979346,86.75864045751862,1.522648539324777,0.9550406392792476,73.74909354604779,0.133962464438974,88.59332892400845,82.60624796381077
20190207,8726787,97.52,97.6,96.34,97.14,97.6,95.965,93.938,97.14081755099296,95.82380289438848,94.28985721333987,92.29687023806993,89.42458425268944,86.84479281886702,1.533945681048607,1.0708216476331196,73.48265895953752,0.13817163275126393,85.06783200484256,83.42677597748803
20190208,7482170,97.01,97.72,96.7,97.71,97.648,96.376,94.265,97.3305450339953,96.11398706448256,94.54320112346285,92.4743499023955,89.56153327330615,86.93496051331626,1.5707859410197074,1.1708145063104372,73.07410124724865,0.12696448258318443,86.17817116078666,84.34390770525424
20190211,8494086,97.49,98.39,97.43,98.27,97.696,96.851,94.59,97.64369668933021,96.44568136225448,94.81926029950264,92.66437121707105,89.70547487209448,87.02902723104808,1.626421062751831,1.261935817598716,79.63663890991667,0.12406791591627771,89.95557192185221,86.21446244412023
20190212,11204690,98.38,99.34,97.98,99.26,98.05999999999999,97.423,94.9955,98.18246445955349,96.87865346036918,95.14820398102097,92.8806213411015,89.86340090726648,87.13052907975307,1.7304494793482093,1.3556385499486148,72.55102040816321,0.12341664474462126,92.79674376539198,88.40855621787748
20190213,11575030,99.29,99.7,99.01,99.24,98.324,97.89500000000001,95.357,98.534976306369,97.2419375433893,95.45129998242682,93.08912555942604,90.01838601623729,87.23102261436094,1.7906375609624803,1.442638352151388,76.61637931034473,0.12405225819417572,91.06485523263322,89.29398922279606
20190214,7930091,98.7,98.82,97.84,98.46,98.588,98.094,95.7115,98.50998420424601,97.42933176748325,95.67416665039521,93.26521980337928,90.15791682588626,87.3242091486816,1.7551651170880405,1.5051437051387184,75.96153846153838,0.10669078951724237,81.74164952016808,86.7765426552534
20190215,12069060,98.95,99.2,98.25,98.48,98.74199999999999,98.195,96.10350000000001,98.49998946949735,97.59097303402429,95.88200615777335,93.43619620326848,90.29547191967328,87.41678832587097,1.7089668762509405,1.545908339361163,76.6666666666666,0.09740005873140191,75.72459174360412,83.09255901803697
20190219,10098210,98.56,100.0,98.47,99.99,99.086,98.39099999999999,96.532,98.99665964633158,97.96005410571286,96.18630199793829,93.65107501627607,90.4557120532324,87.5211303314654,1.7737521077745697,1.5914770930438444,79.88878591288218,0.11736654193928947,83.72531981449741,83.30347928352377
20190220,8947343,99.78,100.22,98.94,99.28,99.08999999999999,98.575,96.974,99.09110643088773,98.16312270483395,96.41546481290582,93.83562993377521,90.60156805235253,87.61871431211715,1.747657891928128,1.6227132528207013,72.62357414448667,0.11933951100287742,81.0746118350945,82.56052346738068
20190221,7439600,99.1,99.86,98.59,99.78,99.19800000000001,98.761,97.221,99.32073762059183,98.41187305793642,96.66468964157947,94.03052731299569,90.75327767132192,87.71963784479668,1.7471834163569469,1.6476072855279504,68.24696802646083,0.11941106726967139,83.21640789006301,82.77915160827479
20190222,7925424,99.69,100.4,99.4,100.25,99.556,99.072,97.5185,99.63049174706123,98.69466181825389,96.93026818664765,94.23444445027451,90.91024828832488,87.82362425272368,1.7643936316062394,1.6709645547436083,66.27634660421543,0.10767214067405037,87.1274369098736,84.22858004214106
20190225,7436016,100.36,100.45,99.33,99.57,99.774,99.258,97.817,99.61032783137416,98.82932923083021,97.12580387652561,94.40938069780648,91.0533846802534,87.92110454938157,1.7035253543046025,1.6774767146558072,58.891454965357894,0.11620942243974743,80.17946624132045,82.87887544186752
20190226,7115284,99.84,100.18,99.63,99.83,99.74199999999999,99.414,98.1325,99.68355188758278,98.98327857993326,97.32611470048667,94.58710592082922,91.1984527020674,88.01993355727052,1.6571638794465855,1.673414147613963,64.34573829531809,0.11455978518879731,78.86804773687003,81.54193287353502
20190227,6012623,99.34,99.6288,98.82,98.91,99.66799999999999,99.37899999999999,98.401,99.42570125838853,98.97200495225121,97.44343953748766,94.72884015293317,91.32591629376877,88.11030755264586,1.5285654147635483,1.6444444010438801,55.64424173318125,0.11552339995194423,66.2440880187051,76.44265125525837
20190228,10572980,98.91,99.2,98.08,98.55,99.422,99.30999999999999,98.60249999999999,99.1338008389257,98.90708111344334,97.52540697915525,94.8541240823452,91.44532263602053,88.19694400449113,1.3816741342880903,1.5918903476927222,58.44311377245504,0.11656950763431118,50.773133222034026,67.88614524418358
20190301,7490246,98.61,98.78,97.83,98.44,99.05999999999999,99.308,98.701,98.90253389261714,98.8352224806059,97.59315461032894,94.97169378456339,91.5609371379045,88.28194861856174,1.2420678702769692,1.5219258522095718,54.62610899873258,0.11033307062073024,41.60956973071986,59.12728673969567
20190304,6895292,98.57,98.88,97.88,98.87,98.92,99.34700000000001,98.77099999999999,98.89168926174477,98.840572868205,97.68773575030457,95.09950710310228,91.68174809430278,88.36981626488074,1.1528371179004324,1.448108105347744,53.86597938144334,0.11230238791125334,40.97126531666317,53.07527959868483
20190305,6117533,98.91,99.68,98.91,99.09,98.772,99.25699999999999,98.824,98.9577928411632,98.87894627309655,97.79160717620793,95.23034293578745,91.80419853902505,88.45878044525517,1.0873390968886127,1.3759543036559179,48.78397711015736,0.08206500544509425,43.34471122892052,49.83175680876339
20190306,4552156,98.86,99.1,98.4,98.93,98.776,99.22200000000001,98.89849999999998,98.94852856077547,98.88680069262016,97.8759325705629,95.35164316740097,91.92198038135523,88.54567853284642,1.0108681220572606,1.3029370673361864,47.826086956521834,0.07546780793899402,42.891385094089586,47.51829957053878
20190307,8353271,98.97,99.6,98.25,98.55,98.77600000000001,99.099,98.93,98.81568570718365,98.83498520144782,97.92586349126194,95.45650732584683,92.03153442463862,88.6287019475116,0.909121710185886,1.2241739959061264,50.66864784546807,0.07124872202711743,37.75456207290448,44.263720404660674
20190308,5139942,98.82,99.18,97.75,98.41,98.77000000000001,98.915,98.9935,98.68045713812243,98.76960286276353,97.96172545487217,95.5533431512289,92.13696360770246,88.70987454545757,0.8078774078913682,1.1409146783031747,49.489051094890456,0.06398238015617339,34.22320599098974,40.91688226677036
20190311,7544426,98.79,99.68,98.51,99.58,98.912,98.916,99.087,98.98030475874829,98.8942793454153,98.08159764340016,95.68536468725418,92.25998900261646,88.80008305545377,0.8126817020151407,1.0752680830455679,46.850998463901725,0.08550577912968503,54.421688277239994,45.41848427026024
20190312,7596754,99.78,100.52,99.73,100.05,99.104,98.938,99.176,99.33686983916553,99.07208252304372,98.22740522537052,95.82846748439339,92.38874951496992,88.89344336204752,0.8446772976732007,1.0291499259710946,56.14035087719293,0.08767216640845245,63.958622509736415,51.598530350085625
20190313,9543640,99.99,101.59,99.96,101.18,99.554,99.16499999999999,99.272,99.95124655944369,99.39637751949853,98.44611594941715,96.00392756687229,92.53405944034232,88.99540648767369,0.9502615700813806,1.0133722547931518,60.14492753623188,0.08613764730972709,72.41338722871319,58.53681597629481
20190314,8590184,100.94,101.78,100.72,101.32,100.10799999999999,99.44200000000001,99.376,100.4074977062958,99.69231943957568,98.65899624946032,96.17822502369614,92.6792815983532,89.09768527200835,1.033323190115368,1.017362441857595,58.14307458143067,0.08058513971587895,77.8041274659576,64.95925313951574
20190315,30802570,101.76,102.89,101.73,102.44,100.914,99.842,99.575,101.08499847086387,100.11503952579481,98.93907060135214,96.38352912127988,92.84061578681018,89.20840987556015,1.175968924442671,1.0490837383746103,70.47075606276745,0.08629381626266656,82.28446370622852,70.73432332842
20190318,7800548,102.06,102.29,101.2,101.51,101.3,100.106,99.7265,101.22666564724258,100.32964882951869,99.1295098160668,96.55161013369693,92.98391139363976,89.31049776041027,1.2001390134518886,1.079294793390066,60.937500000000036,0.10635681924412402,79.24022612840659,73.56962426174886
20190319,7075923,101.91,102.14,101.29,101.9,101.67,100.38700000000001,99.82199999999999,101.45111043149507,100.57124131728504,99.33473131117296,96.72696717849375,93.13128475903414,89.41497495741932,1.2365100061120842,1.1107378359344697,70.90909090909096,0.10647626085829139,79.73991728923608,75.6263886042446
20190320,7305348,101.73,102.31,101.05,101.72,101.77799999999999,100.666,99.94399999999999,101.54074028766338,100.74797342231811,99.5114178807157,96.8906731726415,93.27324699442201,89.51709134781419,1.2365555416024137,1.1359013770680586,72.74031563845047,0.10663733114764753,78.90572955469175,76.71950225439363
20190321,8163303,101.28,102.91,101.28,102.49,102.012,101.06,100.0795,101.85716019177559,101.01597751119225,99.73205359325527,97.0742576587844,93.4255900193076,89.62475034077839,1.2839239179369741,1.1655058852418418,76.53997378768015,0.10250864801659965,82.75533485464295,78.73144645447674
20190322,10693280,102.48,103.15,99.09,101.66,101.85600000000001,101.38499999999999,100.15,101.7914401278504,101.11505789408575,99.87486443819932,97.22460986669311,93.5616959694017,89.72462793131135,1.240193455886427,1.1804433993707588,67.37235367372348,0.11547939877768944,76.27038744004105,77.91109344966483
20190325,6955540,101.66,102.34,101.26,101.96,101.946,101.623,100.2695,101.84762675190026,101.24504898730332,100.02931892425863,97.37986855958842,93.70051091205622,89.82616628872785,1.2157300630446883,1.1875007321055449,67.69420468557331,0.10624838719601601,74.41014335083187,76.74411008338717
20190326,6909361,102.44,103.48,102.4,103.02,102.16999999999999,101.91999999999999,100.429,102.23841783460018,101.51811837387204,100.25085085579504,97.56479090189698,93.85455205400571,89.93565868467202,1.2672675180770057,1.203454089299837,72.69700332963366,0.11258308264949243,79.44730893092658,77.6451763659003
20190327,5671792,102.76,103.02,102.0366,102.9,102.40599999999999,102.092,100.6285,102.45894522306679,101.7307155471225,100.44708412573614,97.73971579035937,94.00406359030313,90.04324657940504,1.2836314213863602,1.219489555717142,74.85714285714295,0.10474242775841724,81.89425758644916,79.06153677274992
20190328,6379641,103.31,103.68,103.11,103.55,102.61800000000001,102.315,100.8785,102.8226301487112,102.01060546294981,100.67692974605198,97.93021691198693,94.16184766319068,90.15533581940997,1.3336757168978295,1.2423267879532796,77.75377969762425,0.10697504148855082,86.98542372139451,81.70283242229812
20190329,7535349,103.86,104.15,103.11,104.05,103.096,102.476,101.159,103.23175343247414,102.32435846864985,100.92678680189998,98.13086553782342,94.3252881976834,90.2706442358464,1.3975716667498688,1.2733757637125975,76.01862630966247,0.0977977144395324,90.6648542859362,84.69017304351081
20190401,6290327,104.23,104.23,103.1365,103.64,103.43199999999999,102.68900000000001,101.39750000000001,103.36783562164943,102.52676485808833,101.1277655573148,98.31149289723905,94.4792503762341,90.3815932463373,1.398999300773525,1.2985004711247832,71.04337631887465,0.08594981169715647,89.95036978336081,86.44357195679414
20190402,5976865,103.61,104.015,103.2647,103.75,103.578,102.874,101.6305,103.49522374776629,102.7149548799209,101.32200514566185,98.48980460552629,94.63248590720545,90.49253438122247,1.392949734259048,1.3173903237516362,67.11051930758993,0.08553420168400117,90.18740605531444,87.6915166563009
20190403,5226342,103.58,103.89,102.75,103.69,103.73599999999999,103.071,101.8685,103.56014916517753,102.86496182147152,101.49741217190912,98.66030281518115,94.78219688394586,90.60205691747788,1.367549649562406,1.3274221889137903,65.94885598923292,0.08446496094848119,89.95632517825109,88.4464528302843
20190404,4786135,103.48,103.67,102.785,103.43,103.71200000000002,103.165,102.1125,103.51676611011837,102.95189077201437,101.64056682584177,98.8166863294375,94.9251357784261,90.70851287666893,1.3113239461725925,1.3242025403655509,57.53424657534257,0.08109978287342083,84.32554114015844,87.07281560024234
20190405,4281789,103.61,103.69,103.17,103.65,103.63200000000002,103.364,102.3745,103.56117740674559,103.05929219170446,101.78941372763127,98.97515563011167,95.06934841018766,90.81591111005757,1.2698784640731873,1.3133377251070781,68.2593856655291,0.06548100296438551,80.73603900696743,84.96055673581736
20190408,8468544,103.93,105.14,103.5,104.97,103.898,103.665,102.644,104.03078493783039,103.35324723913455,102.0250127107697,99.17170790453423,95.23299554390357,90.93337242864631,1.3282345283648453,1.3163170857586317,72.60677466863041,0.0831776529901012,85.33140500831831,85.08417282665101
20190409,5814438,104.55,104.76,104.14,104.66,104.08000000000001,103.829,102.87449999999998,104.24052329188693,103.55428612542154,102.2201969544164,99.35165190766425,95.38881379937624,91.04728635040028,1.3340891710051466,1.3198715028079349,71.2427745664741,0.07712214714397767,83.52637600275608,84.56490721868603
20190410,5205447,104.66,105.0,104.24,104.65,104.272,104.00399999999999,103.048,104.37701552792463,103.7228574907413,102.40018236520037,99.5253682385605,95.5418912572378,91.1601719408534,1.3226751255409397,1.320432227354536,67.53246753246776,0.07632673322844472,82.18355331843438,83.77112258526881
20190411,5078440,104.58,105.05,104.3701,104.75,104.53600000000002,104.124,103.2195,104.50134368528309,103.88087941524265,102.57424293074108,99.69666764057492,95.69409140174626,91.2729505969459,1.306636484501567,1.3176730787839421,78.45303867403345,0.07233016871183219,82.68303833502318,83.40842783518693
20190412,6707878,104.75,105.06,104.17,105.06,104.81800000000001,104.225,103.35049999999998,104.6875624568554,104.06228258212839,102.75837308401952,99.87251460317901,95.84889980832898,91.3873659446891,1.3039094981088653,1.3149203626489268,78.49264705882385,0.07047251697020593,87.33959877843947,84.71881814960443
20190415,5639235,104.98,105.78,104.79,105.73,104.97,104.43400000000001,103.5615,105.0350416379036,104.31885449257018,102.97849359631438,100.06456330471413,96.01222377843925,91.50639195344687,1.3403608962558025,1.320008469370302,76.83168316831714,0.06944487122350176,91.00967751345911,86.81577127088931
20190416,8135411,105.98,106.5,105.65,106.42,105.322,104.701,103.7875,105.49669442526907,104.64210764755938,103.23341999658739,100.27293827833006,96.18425313747332,91.63015633557593,1.4086876509719986,1.3377443056906415,81.31672597864787,0.07237421942285902,93.2886409982056,88.97339451332806
20190417,6778074,106.27,106.51,105.35,105.85,105.56200000000001,104.917,103.994,105.61446295017939,104.82793724024256,103.42724073758092,100.45579276100776,96.34401754842418,91.74816333694045,1.4006965026616456,1.3503347450848424,70.75812274368236,0.08069848406001304,88.9389343181649,88.96190778160701
20190418,7248173,106.02,106.71,105.825,106.05,105.822,105.179,104.172,105.75964196678626,105.01594689558986,103.62151920146381,100.63920939179438,96.5044470104337,91.86685077812767,1.3944276941260512,1.3591533348930842,69.08396946564892,0.0770546364231872,85.77237365759282,87.89872974026895
20190422,9002146,106.13,107.2,105.74,106.01,106.01199999999999,105.41499999999999,104.3895,105.84309464452419,105.16887814242219,103.79844370505909,100.81530088714538,96.66156358877363,91.98422131108927,1.3704344373631017,1.3614095553870877,74.33264887063672,0.07827458522964699,77.5519528087656,84.44980409643449
20190423,15978490,104.01,104.11,102.13,103.16,105.498,105.23400000000001,104.44949999999999,104.94872976301613,104.85981996666493,103.75115157875841,100.89217626789471,96.76897576086003,92.07696636244953,1.1086683879065191,1.3108613218909742,46.123521681997346,0.14602016147203858,58.473162490524864,75.79092356113128
20190424,9617924,103.32,104.65,102.79,103.69,104.952,105.13699999999999,104.48299999999999,104.52915317534409,104.67984766410109,103.7466218321837,100.9839081935375,96.88337285572186,92.17334008558272,0.9332258319173832,1.235334223896256,50.0,0.14935564906677998,49.23851858342683,66.94012190189646
20190425,6079762,103.1,103.57,102.5902,103.28,104.43799999999999,105.0,104.502,104.11276878356273,104.46448648500862,103.71205725202195,101.05918989211004,96.98910223000745,92.26551153715465,0.7524292329866711,1.138753225714339,49.08869987849328,0.14994440647862925,40.38649430874086,58.08891270417792
20190426,7746613,103.95,105.88,103.91,105.86,104.4,105.11099999999999,104.61749999999999,104.69517918904182,104.67918087193037,103.87116412224255,101.21659350220479,97.13572863942882,92.37832886879653,0.8080167496878232,1.0726059305090359,60.43437204910291,0.19483200487294614,51.44766944711586,55.8751649518239
20190429,4785525,105.57,105.75,104.72,104.78,104.154,105.083,104.654,104.72345279269456,104.694691507018,103.93848529837273,101.3334265021325,97.26208023216554,92.48124730142062,0.7562062086452812,1.0093259861362849,49.082125603864746,0.20162200686454762,51.721194490056206,54.49050813123466
20190430,8250266,104.86,106.62,104.655,106.48,104.81800000000001,105.15799999999999,104.796,105.30896852846304,104.96935435209215,104.12674564664141,101.50216661681668,97.41444254237769,92.5974195229856,0.8426087054507434,0.9759825299991767,57.75127768313462,0.2145985095322006,63.08040184938659,57.3538060372853
20190501,6734075,106.15,106.39,104.81,104.93,105.066,105.00899999999999,104.85499999999999,105.18264568564203,104.96329983638567,104.18624596911242,101.61455459659318,97.53866663258633,92.6997645891849,0.7770538672732528,0.936196797453992,51.05421686746989,0.22367330785609574,60.462542718789,58.39005159778653
20190502,6270323,105.2,105.76,105.05,105.56,105.522,104.97999999999999,104.9485,105.3084304570947,105.05509986155711,104.28800552695594,101.74391346227864,97.67125065518822,92.80648853450286,0.7670943346011683,0.9023763048834272,52.93265749456916,0.22513982357990023,62.8593151327101,59.87980610942772
20190503,4793454,105.99,106.41,105.58,106.08,105.566,104.98299999999999,105.08099999999999,105.5656203047298,105.21277680593293,104.42074585829253,101.88608023400721,97.81023824766444,92.91664215662317,0.7920309476403986,0.8803072334348215,53.637660485021385,0.22633035045501462,71.23063473583787,63.66341565156443
20190506,4890716,105.12,105.82,105.04,105.68,105.74600000000001,104.95,105.1825,105.60374686981987,105.28465729732787,104.51402394286346,102.01047104600697,97.94031695431462,93.02256213872589,0.7706333544644082,0.8583724576407389,49.81818181818183,0.22706212447400353,73.04501660272298,66.79061596861727
20190507,6021728,105.03,105.58,104.1,104.7,105.39000000000001,105.104,105.16900000000001,105.30249791321326,105.19471002081589,104.5277999470958,102.09865232318707,98.05204725259043,93.11947033674477,0.6669100737200893,0.820079980856609,43.87464387464388,0.18574183736969924,66.14832959545605,66.57652051089687
20190508,5392600,104.99,105.77,104.16,105.07,105.418,105.242,105.1895,105.22499860880885,105.1755238637673,104.5679629139776,102.1960735584924,98.16804647155588,93.21864485677179,0.6075609497897005,0.7775761746432274,47.18208092485549,0.18510725671614797,58.36702907839743,63.84002336673039
20190509,6901721,104.67,105.04,103.78,104.24,105.154,105.338,105.16900000000001,104.8966657392059,105.0315971154954,104.54366936479407,102.26308754018117,98.26840933979463,93.31010838493137,0.4879277507013313,0.7196464898548482,43.74568071872839,0.18888872317631178,44.31041375179539,57.33015349508538
20190510,5815774,103.98,106.15,103.92,106.01,105.14000000000001,105.353,105.23200000000001,105.26777715947061,105.18212063618842,104.6522864488834,102.3859371290277,98.39636951599638,93.41550167634273,0.5298341873050134,0.6816840293448814,50.0,0.16640997362338683,55.71398475471807,56.791430581629605
20190513,7575536,105.14,106.59,104.85,106.11,105.226,105.48599999999999,105.28450000000001,105.54851810631375,105.32487130754404,104.7602652304476,102.50803755102679,98.52386754052537,93.52085021014902,0.5646060770964425,0.6582684388951936,60.96654275092939,0.15706330514512598,64.78203965854271,59.45496694060064
20190514,7004005,105.77,106.5,105.57,105.6,105.40599999999999,105.398,105.27799999999999,105.5656787375425,105.3671987986911,104.82246780597,102.6094133690259,98.64082840762413,93.62109211711874,0.5447309927210995,0.6355609496603748,57.11094564408042,0.13767269336394544,64.77758753036883,61.2291738038567
20190515,5535601,105.61,106.995,105.5,106.7,105.732,105.575,105.292,105.94378582502834,105.57224513735402,104.96154426478704,102.74353096348406,98.774037855432,93.72963077174846,0.61070087256698,0.6305889342416959,62.11048158640228,0.12533846902153792,73.45981211200326,65.30605323990555
20190516,9284175,106.74,108.68,106.59,108.11,106.506,105.83,105.405,106.66585721668557,105.96266896237648,105.19476320813615,102.91948076796,98.92835127930915,93.84896993546839,0.7679057542403314,0.6580522982414231,58.6872586872587,0.13571735977808883,78.42899038759396,69.68036562246834
20190517,6370167,107.27,108.0,107.255,107.45,106.79400000000001,105.96700000000001,105.475,106.92723814445705,106.19148912201086,105.36181778531125,103.06802238212524,99.06920497717182,93.96184155426118,0.8296713366996187,0.6923761059330622,60.65442936951319,0.14062894505452614,77.2519799862871,72.2042370770746
20190520,6565331,107.44,108.13,107.14,107.33,107.03799999999998,106.13199999999999,105.54100000000001,107.0614920963047,106.3666446417015,105.50760906047337,103.20775935320309,99.20574704366486,94.07278062849969,0.8590355812281274,0.7257080009920753,53.88127853881277,0.1387746629932132,75.6509798548036,73.3531513363176
20190521,5226391,107.47,107.54,106.29,106.37,107.19200000000001,106.299,105.70150000000001,106.8309947308698,106.3671608506705,105.57148987080868,103.31143937440955,99.32416444790181,94.17483224154118,0.7956709798618249,0.7397005967660253,56.94980694980695,0.1381272318927726,68.05303418891668,71.58644562051728
20190522,4889697,106.09,107.05,105.94,106.72,107.196,106.46400000000001,105.853,106.79399648724655,106.42144379672119,105.65656469519323,103.42319546049447,99.44640966363897,94.278941517545,0.764879101527967,0.7447362977184137,55.753968253968246,0.13804591957723866,64.97653259653265,69.38314127918906
20190523,6175566,106.68,107.03,105.885,106.76,106.926,106.71600000000001,106.027,106.78266432483103,106.47352936645639,105.73830064369743,103.53259888801924,99.56729545432263,94.38251876636205,0.7352287227589613,0.7428347827265233,53.54166666666671,0.12903129876417843,59.94083896339778,66.2357071739253
20190524,4372083,107.15,107.435,106.54,106.69,106.774,106.78399999999999,106.0685,106.75177621655403,106.50683254084771,105.80879689231243,103.63612023595303,99.6850261079702,94.4846555400852,0.6980356485352814,0.7338749558882749,55.447680690399075,0.10416616279537522,52.434353858198044,61.635256068682885
20190528,7615505,106.7,107.245,104.42,104.46,106.2,106.619,106.05250000000001,105.98785081103603,106.19193522687114,105.7088860114004,103.66313268723326,99.76395129626822,94.56743848166126,0.48304921547074287,0.6837098078047685,48.85931558935357,0.14682048358767205,35.26922495084871,52.84657902940482
20190529,7137275,103.96,104.81,103.7,104.19,105.76399999999998,106.478,105.93799999999999,105.38856720735735,105.88394519196788,105.59637593648185,103.68040702535676,99.83710912608197,94.64729376397112,0.2875692554860336,0.6044816973410215,45.7773512476008,0.14595785271423667,26.792602443805393,44.16192016753834
20190530,4729193,104.37,105.37,104.37,105.33,105.48600000000002,106.34100000000001,105.958,105.36904480490492,105.79872285474205,105.57664438563134,103.73449204091882,99.92790071077484,94.73594692775559,0.22207846911071272,0.5280010516949598,55.07921714818268,0.14702461537944952,30.12659576012909,39.483478698401925
20190531,10282390,104.89,104.9,102.405,102.91,104.71600000000001,105.821,105.82549999999999,104.54936320326995,105.35430395401251,105.37911517188087,103.70745951498705,99.97719160811741,94.80378139308543,-0.02481121786836127,0.41743859778229564,36.37961335676623,0.15869789379572966,23.024717406316018,33.99722493437329
20190603,8533213,103.15,103.96,102.4,103.8,104.13799999999999,105.45599999999999,105.7115,104.29957546884664,105.11518026877981,105.26214367766747,103.71049362924977,100.04037852368572,94.87843880891045,-0.14696340888765747,0.30455819644830506,40.509449465899756,0.17094537407165206,24.428929632744993,30.807793167163858
20190604,6906462,104.01,105.095,103.85,104.68,104.18199999999999,105.191,105.6615,104.42638364589777,105.0482294581983,105.21902192376618,103.74228072337273,100.1170664819719,94.95977956568298,-0.17079246556787098,0.20948806404506987,46.331738437001654,0.18006008516602137,31.38029271113819,30.998626348488635
20190605,6481709,105.24,106.75,104.89,106.73,104.69000000000001,105.227,105.76299999999999,105.19425576393186,105.30696338770626,105.33094622570943,103.84023873244247,100.22637116822031,95.05745774356113,-0.02398283800316392,0.16279388363542313,50.11119347664937,0.20350002128215697,49.58619977498588,37.19448415732104
20190606,6681557,106.85,107.68,106.33,107.38,105.1,105.293,105.8785,105.92283717595458,105.6258920972899,105.48272798676798,103.95629647891977,100.34461296709271,95.15971950502535,0.1431641105219228,0.15886792901272306,47.13275726630007,0.20494462248492826,64.49686045605111,46.29527625689773
20190607,8063464,107.74,109.38,107.74,108.77,106.272,105.494,106.10499999999999,106.8718914506364,106.10960100539916,105.72622961737777,104.11412282387322,100.48387556267797,95.27266789087577,0.3833713880213878,0.20376862081445604,54.90341753343237,0.21304093362893967,73.41815529925852,55.336235937684656
20190610,4766963,108.32,109.02,107.4582,108.72,107.256,105.697,106.2405,107.48792763375761,106.51120085072236,105.9479903864609,104.2651351903036,100.62000985089817,95.38426400796394,0.5632104642614593,0.2756569895038567,55.190440627333835,0.21298449302387173,79.1269077353223,63.266459870230534
20190611,8074439,108.94,109.6,108.87,109.38,108.196,106.18900000000001,106.404,108.11861842250508,106.95255456599584,106.20221332079713,104.43283567586741,100.76480307650317,95.50041119461984,0.7503412451987117,0.37059384064282774,61.497326203208516,0.17492539615177372,85.06608663836302,70.5330021262747
20190612,7687876,109.6,110.655,109.58,109.68,108.78599999999999,106.73799999999999,106.60799999999999,108.63907894833673,107.37216155584264,106.45982714888623,104.60487385042913,100.91216170333783,95.61808413076407,0.9123344069564041,0.47894195390554306,61.34969325153375,0.17120741656501587,86.10704988489294,75.72435137914744
20190613,8611441,109.98,110.95,109.855,110.91,109.492,107.296,106.8185,109.3960526322245,107.91644439340531,106.78946958230208,104.81159929795604,101.0774152289025,95.74498799689881,1.1269748111032385,0.6085485253450822,64.58186929023188,0.17144039551585852,90.58208783749195,80.67693019859561
20190614,6438192,110.97,111.75,110.65,111.2,109.978,108.125,106.973,109.997368421483,108.42160679441987,107.1161755391686,105.02105505867878,101.24473067966444,95.87324535792041,1.3054312552512783,0.7479250713263215,65.60553633217995,0.08682158508355148,91.40071678617608,84.2515257277891
20190617,6020025,111.16,111.21,110.235,110.99,110.43199999999999,108.84400000000001,107.15,110.328245614322,108.81674421066296,107.40312549923019,105.21675817150899,101.40580951140554,95.99869560391278,1.4136187114327754,0.8810637993476124,76.26709573612227,0.0978879986613912,90.5742387903953,86.35909674865783
20190618,7731179,111.45,111.56,109.43,109.6,110.476,109.33599999999998,107.2635,110.08549707621468,108.93724510133019,107.56585694373165,105.36047101834475,101.54125067650628,96.11156949931599,1.3713881575985454,0.979128670997799,69.96309963099628,0.13332731167830222,80.49352696727456,84.40390682153007
20190619,7028013,109.5,110.725,109.26,110.42,110.624,109.705,107.46599999999998,110.1969980508098,109.16536123958709,107.77727494789967,105.5263572144646,101.68800686367148,96.2303116611474,1.388086291687415,1.0609201951357223,69.23658352229779,0.110010916622548,76.66590848255572,81.82457404187195
20190620,7044211,110.78,112.02,110.495,111.74,110.79,110.141,107.71699999999998,110.7113320338732,109.56145951041984,108.07081013694413,105.73008320743297,101.85415551055294,96.3590227676939,1.490649373475705,1.1468660308037188,86.39736191261332,0.11683902544917545,82.39796298474616,82.01570368949669
20190621,13799390,111.62,112.47,111.02,111.2,110.78999999999999,110.38399999999999,107.939,110.87422135591548,109.81354266266294,108.30260197865198,105.9094247416155,102.00863227897356,96.48218440447653,1.5109406840109614,1.2196809614451674,81.40916808149407,0.11329544922119354,76.5060493972382,80.17915225874385
20190624,5518103,111.82,112.5,111.4,112.33,111.05799999999999,110.745,108.22099999999998,111.35948090394366,110.20068994533018,108.6009277580111,106.11993540582482,102.17923339832937,96.6137015463481,1.5997621873190866,1.2956972066199512,81.79551122194513,0.11810128270065677,82.5883950714098,80.98223319629918
20190625,6805592,112.11,112.63,111.31,111.72,111.482,110.979,108.58399999999999,111.47965393596245,110.43442995374093,108.83197014630657,106.30354408104367,102.3369320198446,96.73906501899252,1.6024598074343572,1.3570497267828325,73.55996222851746,0.1238215017871407,79.3912742612564,80.45191355128492
20190626,7170284,111.39,111.44,109.66,109.73,111.34400000000001,110.984,108.86100000000002,110.89643595730831,110.32605611470386,108.89849087620979,106.41588689805863,102.45913149059098,96.84687360804652,1.4275652384940685,1.3711528291250799,59.84911986588436,0.15624210968028093,57.57637868653493,72.82673526303492
20190627,5613266,109.92,110.27,109.29,109.78,110.952,110.87100000000001,109.08349999999999,110.52429063820556,110.2420474816725,108.9637878483424,106.52618568828622,102.58013758165559,96.95420245777228,1.2782596333300944,1.3525741899660828,54.76864966949956,0.14497933350832606,43.527674811794775,63.0603817792882
20190628,12152040,111.86,111.96,109.02,109.65,110.64200000000001,110.71599999999998,109.42049999999999,110.23286042547038,110.15096325372289,109.01461837809482,106.62860582965388,102.69699481171088,97.05956177347542,1.136344875628069,1.3093283270984801,54.358013120899756,0.1437021152523643,34.8356243897654,53.65212931611393
20190701,6780298,109.92,110.7,109.61,110.49,110.274,110.66599999999998,109.755,110.31857361698026,110.20312275315014,109.12390590564335,106.7552089172062,102.8258048148231,97.17101769236774,1.0792168475067854,1.2633060311801412,55.1152073732719,0.14991020462045915,36.79715679539299,48.03380514254028
20190702,6578561,110.61,111.5,110.285,111.48,110.226,110.854,110.095,110.70571574465352,110.39956540651166,109.29843139411422,106.91012010024862,102.96884936333842,97.28976443350992,1.1011340123974378,1.2308716274236005,57.79896013864818,0.14070593304828916,47.246119304038615,47.77124319637305
20190703,6223327,111.96,114.27,111.84,114.08,111.096,111.22,110.4625,111.83047716310234,110.96578611320217,109.65262166121687,107.14519812974866,103.15250474576258,97.42910248800361,1.3131644519853012,1.2473301923359406,62.27730441518206,0.1727476389292398,63.624396996343215,53.0556277963631
20190705,8694810,112.97,113.45,112.225,113.15,111.77000000000001,111.36099999999999,110.751,112.27031810873491,111.30181901886337,109.91168672334895,107.34207687959297,103.31775260120453,97.55956636777121,1.3901322955144195,1.2758906129716365,57.19557195571959,0.1739393866327006,68.63848688645109,58.24991415972576
20190708,5317783,113.34,114.225,113.3,114.05,112.65,111.646,111.01499999999999,112.86354540582329,111.72461609288439,110.21822844754533,107.56200878518008,103.49514512019289,97.69641643940797,1.5063876453390606,1.3219900194451215,60.744382022471946,0.1732848543317156,77.695499194142,64.7317758378645
20190709,7537695,113.9,113.91,112.32,112.91,113.13399999999999,111.704,111.2245,112.87903027054887,111.90698284782525,110.41761893291235,107.73735275943648,103.65076255622276,97.82267024489006,1.4893639149129,1.3554647985386772,61.82987848463193,0.1776001505370567,76.49541216117403,68.65298794563434
20190710,5600655,113.46,114.5,113.4,113.75,113.588,111.907,111.44300000000001,113.16935351369925,112.19052394815982,110.66446197491884,107.93448873453691,103.817692100748,97.95484725530592,1.526061973240985,1.3895842334791388,61.88436830835122,0.17728156453201954,79.76823097849558,72.35806895658808
20190711,4625301,113.66,114.4,113.44,114.38,113.648,112.372,111.678,113.57290234246618,112.52736641767369,110.93968701381374,108.14581697274882,103.99227570238854,98.09115557683866,1.5876794038599513,1.4292032675553015,59.90990990990995,0.1432954283320232,85.78222697836442,76.83278829718019
20190712,7058570,114.07,115.21,114.07,114.99,114.016,112.893,111.88199999999999,114.04526822831079,112.90623312264697,111.23971019797568,108.37021641626525,104.17405626929121,98.23139494964498,1.666522924671284,1.476667198978498,64.15235250186709,0.14200131294784987,89.21196084271914,80.95917914569317
20190715,6240874,115.07,115.875,114.79,115.48,114.30199999999999,113.476,112.096,114.5235121522072,113.30219725762436,111.55380573886637,108.60332407474836,104.36093137227815,98.37453690027033,1.748391518757984,1.5310120629343953,62.35294117647064,0.1387067335589734,90.45257735370306,84.1236452150298
20190716,7644578,115.72,116.52,115.45,115.89,114.898,114.016,112.34100000000001,114.97900810147148,113.70032075645138,111.87500531376516,108.84223148213366,104.55149449009174,98.51989344051705,1.8253154426862181,1.58987273888476,66.61354581673311,0.13825165740136414,89.14787208195591,85.79838750400516
20190717,7862148,115.73,116.29,115.73,115.94,115.33600000000001,114.46199999999999,112.65799999999999,115.29933873431432,114.0448867939204,112.17611603126403,109.07494520403091,104.7397342505861,98.66445864018081,1.8687707626563679,1.6456523436390817,79.2648444863337,0.13774232776239348,88.2638898862244,86.62022163141157
20190718,5828782,114.93,115.77,114.79,115.44,115.548,114.598,112.90900000000002,115.34622582287622,114.25951959485572,112.41788521413336,109.28363552521022,104.91659814727063,98.80367475105068,1.841634380722354,1.6848487510557364,75.58770343580474,0.09784261494362169,83.6044980193877,85.61498042740361
20190719,6547213,115.5,115.95,115.01,115.01,115.55199999999999,114.78399999999999,113.07249999999999,115.23415054858415,114.37497811872407,112.60989371679015,109.47138518012135,105.08343123574551,98.93816707676811,1.765084401933919,1.700895881231373,73.59154929577471,0.088992290006628,77.08553836213156,82.77183307231292
20190722,4018769,115.04,115.445,114.58,115.3,115.516,114.90899999999999,113.2775,115.25610036572277,114.51728917738191,112.80916084887977,109.66248730536327,105.25230014093981,99.07394992260406,1.7081283285021414,1.7023423706855267,72.24791859389461,0.08287467669859369,71.68950420723297,79.0777234506196
20190723,8194573,115.71,116.05,113.835,113.85,115.10799999999999,115.003,113.35350000000001,114.78740024381518,114.41462930393854,112.88626004525905,109.79978280354808,105.39441088241189,99.19657274482311,1.52836925867949,1.6675477482843195,60.51464063886423,0.09212704920927817,52.230232242051386,70.1285597144302
20190724,9636008,113.85,113.8811,112.28,112.6,114.44000000000001,114.88799999999999,113.3975,114.05826682921013,114.13545556487107,112.86505559746209,109.89159320343175,105.5135115289836,99.30780450627687,1.2703999674089772,1.588118192109251,42.54032258064512,0.10043621741939616,37.33587809847445,59.19766584244494
20190725,7809607,111.48,112.975,111.38,112.77,113.90599999999999,114.727,113.5495,113.62884455280675,113.92538547796782,112.85801444209453,109.98596719676186,105.63345348718222,99.41952397095507,1.0673710358732933,1.4839687608620595,47.92576419213968,0.0955501816727654,33.90485258445638,50.76672808978208
20190726,5559578,113.21,114.88,112.88,114.73,113.85,114.701,113.797,113.99589636853784,114.04917232751123,112.99668003897642,110.14150925588442,105.78380962788997,99.5465818633123,1.0524922885348076,1.3976734663966093,53.32681017612528,0.12803372793111362,44.32826748172583,48.620574553763326
20190729,7768672,114.73,116.21,114.62,116.0,113.99000000000001,114.753,114.11449999999999,114.66393091235857,114.34929966174028,113.21914818423743,110.3335909196259,105.95267227866864,99.68312475241345,1.1301514775028494,1.3441690686178573,64.92753623188409,0.13767001800036363,60.916740439276786,52.719296515601144
20190730,18788810,119.82,121.76,118.8,120.41,115.30199999999999,115.205,114.6105,116.57928727490571,115.28171509839562,113.75180387429391,110.66396498783489,106.19163637323611,99.8551320158789,1.5299112241017099,1.3813174997146278,73.92241379310346,0.2237903546761143,69.60923351057755,58.349275513926614
20190731,12641810,119.66,120.68,117.07,118.04,116.39000000000001,115.415,114.9385,117.06619151660381,115.70606662171937,114.06944803175362,110.9058022013485,106.38747709433964,100.00604378338198,1.6366185899657495,1.4323777177648522,61.68582375478932,0.2508244721205392,67.7934389107126,61.497329979521936
20190801,11308630,118.56,119.17,116.725,116.73,117.18200000000002,115.54400000000001,115.071,116.95412767773588,115.86359483376255,114.26652595532742,111.09675950622231,106.55842788616874,100.14483180177716,1.597068878435124,1.4653159498989066,55.317848410757975,0.2570633438855287,62.376101213435895,61.79025372415992
20190802,12266110,116.51,117.08,115.69,116.44,117.524,115.68700000000001,115.2355,116.78275178515726,115.95227255164524,114.42752403271058,111.27194771913305,106.7217596566453,100.28006141338066,1.5247485189346577,1.4772024637060568,52.97029702970295,0.25654032725044446,57.83326464967658,60.4712573659988
20190805,12974790,116.09,116.3,112.83,113.08,116.94000000000001,115.465,115.18700000000001,115.54850119010484,115.51038446677674,114.32770743769498,111.33122812178442,106.82685453835366,100.3862849701161,1.1826770290817592,1.4182973767811973,42.64782836211407,0.2944328020590932,44.01472620832646,54.98574698010802
20190806,9490555,113.65,115.0,113.18,114.28,115.71399999999998,115.508,115.25549999999998,115.1256674600699,115.32109454881109,114.32417355342128,111.42790916697182,106.95004702532303,100.50158550978318,0.9969209953898144,1.3340221005029207,45.903257650542955,0.2939035012106264,38.655931794632544,49.542475251616196
20190807,9507607,113.75,116.2387,112.68,115.52,115.21000000000001,115.8,115.34399999999998,115.2571116400466,115.35169538745554,114.41275329020489,111.56207607953012,107.09169914060695,100.62621965493021,0.9389420972506457,1.2550060998524657,50.19047619047619,0.2909070119518625,36.19646554297085,45.093805348734406
20190808,7416622,115.52,117.49,115.34,117.44,115.352,116.26700000000001,115.497,115.9847410933644,115.67297302015469,114.63699378722676,111.7547948965947,107.26274543580354,100.76575310177726,1.0359792329279287,1.2112007264675584,55.40240106714093,0.2981935573132619,41.605279524976126,43.93096340748164
20190809,6939535,117.62,118.04,115.85,116.78,115.42,116.47200000000001,115.5865,116.24982739557628,115.84328486320781,114.79573498817292,111.91955571965717,107.42005542860018,100.89865141628533,1.047549875034889,1.1784705561810245,53.237095363079625,0.2925685440674357,42.78824802399287,43.55005827965205
20190812,4996161,116.78,117.67,115.59,116.03,116.00999999999999,116.475,115.61399999999999,116.17655159705086,115.87201026886815,114.88716202608605,112.05432438458644,107.56236856201176,101.02422277382654,0.9848482427821068,1.1397460935012411,54.91877256317691,0.2904801520914812,42.48383201599522,43.19464952509977
20190813,6757704,116.51,118.065,116.34,117.25,116.604,116.15899999999999,115.68199999999999,116.53436773136724,116.08400868904228,115.06218706119078,112.22467440476393,107.72249470148265,101.15887652674084,1.0218216278514944,1.116161200371292,60.50610031631271,0.22420923273512086,51.79456289510105,46.061287315100195
20190814,10148260,116.46,117.94,115.66,115.79,116.65799999999999,115.934,115.6745,116.28624515424484,116.03877658303577,115.11609913073221,112.34157032591921,107.85584189649947,101.28029663855212,0.9226774523035601,1.0774644507577458,56.44748078565332,0.21240715199903443,53.7807144772664,48.63442970248893
20190815,7758035,116.8,118.09,116.44,117.39,116.648,116.0,115.772,116.65416343616323,116.24665710872257,115.28453623215945,112.5070926103153,108.01343128663999,101.41398712287949,0.9621208765631195,1.0543957359188205,55.767562879444924,0.218122817004819,64.87414236870129,54.047667257893046
20190816,8302368,118.06,119.54,117.6,119.18,117.128,116.274,115.9805,117.49610895744216,116.69794063045757,115.57308910385134,112.72587645915742,108.19800267033189,101.56142291439086,1.1248515266062213,1.0684868940563008,56.74300254452928,0.2278369235463759,74.83349044210794,60.97627498596467
20190819,5867224,119.97,120.45,119.11,120.24,117.97,116.99000000000001,116.2275,118.41073930496145,117.2428728411564,115.91878620726976,112.97224116541454,108.39704394850823,101.71643185286065,1.3240866338866368,1.1196068420223682,49.579831932773104,0.15538656367465548,82.32142606050435,68.09132534414456
20190820,6744298,120.05,120.26,118.79,118.9,118.3,117.452,116.47999999999999,118.57382620330765,117.49781548097849,116.13961685858311,113.16659391408947,108.57064652787173,101.85903407814811,1.3581986223953777,1.16732519809697,52.239583333333336,0.17332762143313077,78.10339036779874,71.42868035202929
20190821,4037412,119.27,119.6502,118.68,119.2,118.982,117.82000000000001,116.81000000000002,118.78255080220511,117.75969002236641,116.36631190609548,113.36441050707015,108.74633832079948,102.00294250903485,1.393378116270938,1.2125357817317637,56.78944474986257,0.16955031817328206,76.82887204218133,73.22874424874664
20190822,4558457,119.08,119.79,118.7,119.42,119.388,118.018,117.14250000000001,118.99503386813674,118.01512232661773,116.59251102416248,113.56295442487112,108.92276248078628,102.14748240522543,1.4226113024552518,1.2545508858764614,58.22295805739517,0.15414090205705158,77.48810948216752,74.64853265988692
20190823,7336907,119.14,120.1126,116.43,117.32,119.016,118.072,117.272,118.4366892454245,117.908180430215,116.64639909644674,113.68613624700649,109.06155979515346,102.2733954143107,1.2617813337682549,1.2559969754548201,62.57413997627521,0.17759991479533302,63.21058377447211,70.83588303141532
20190826,5661841,117.75,119.6,117.215,119.32,118.832,118.401,117.43800000000002,118.73112616361634,118.12538344095115,116.84444360782106,113.87085309136693,109.23112079027489,102.41486101253219,1.2809398331300912,1.2609855469898743,64.26953567383919,0.18915526357695034,67.61011778423396,69.76062794902154
20190827,6996550,119.99,121.05,119.78,120.55,119.162,118.731,117.44499999999998,119.3374174424109,118.49840137311251,117.11892926650098,114.08984151460079,109.41820970283233,102.56536009126636,1.37947210661153,1.2846828589142054,64.24929178470256,0.1889493832898158,74.79924158198568,71.44016582667625
20190828,4606400,120.46,121.43,119.63,121.4,119.602,119.292,117.61299999999999,120.02494496160728,118.94480116186443,117.43604561713055,114.32951884199093,109.61625582344668,102.72166415689901,1.5087555447338872,1.3294973960781418,61.94209891435468,0.17114274233623059,82.99949438799044,75.2932753471143
20190829,5011487,121.79,122.0,120.32,121.18,119.954,119.671,117.8355,120.4099633077382,119.28867790619299,117.71337557141717,114.55412478159778,109.80739209082773,102.8748453672152,1.575302334775813,1.378658383817676,63.63073110285009,0.16650323246499596,83.75908841904332,78.11521303775731
20190830,6007112,121.96,122.0,119.51,120.23,120.53599999999999,119.776,118.025,120.34997553849215,119.4334966898556,117.89979219575665,114.74021905105359,109.97966660172315,103.01887154674039,1.5337044940989557,1.4096676058739321,62.85189718482254,0.16082173712677622,78.58026600766863,78.27023069439441
20190903,4959617,119.79,121.54,119.6335,121.36,120.944,119.88799999999999,118.439,120.68665035899477,119.7298818144932,118.15610388495986,114.9572610493797,110.1677712859922,103.17108008162221,1.5737779295333354,1.4424896706058128,62.64615384615386,0.16146307500096124,81.89013544736255,79.47686561205046
20190904,5602005,121.85,123.28,121.46,123.21,121.476,120.319,118.88550000000001,121.52776690599651,120.26528461226347,118.53046656014801,115.22784265431807,110.38334531432291,103.33737817223115,1.7348180521154575,1.500955346907742,72.29567307692307,0.16029571968964304,87.586124361502,82.17995186186764
20190905,7491860,123.24,123.43,122.18,122.76,121.748,120.675,119.24750000000002,121.93851127066435,120.64908697960756,118.84376533347039,115.47479863286502,110.58791811904486,103.49856175586409,1.8053216461371733,1.5618286067536282,67.3337637185281,0.16396568235509448,88.53360671719179,84.29783681364235
20190906,5307301,123.0,123.38,122.54,122.87,122.08599999999998,121.01999999999998,119.519,122.24900751377623,120.99076590582177,119.1420049383985,115.7172642514596,110.7909277369119,103.65932057946688,1.8487609674232743,1.6192150788875574,63.35988414192616,0.16418788101400375,89.35225162213428,85.98264174980632
20190909,7662430,122.71,122.78,121.78,122.17,122.474,121.505,119.7885,122.22267167585083,121.17218653569535,119.3663008688875,115.92882935796911,110.97901157597121,103.81293617631778,1.8058856668078391,1.656549196471614,57.17472118959111,0.13325627630049575,82.1872153671371,84.7174996222499
20190910,9582183,121.03,121.1844,119.582,119.88,122.178,121.561,119.98100000000002,121.44178111723389,120.97338860712684,119.40435265637733,116.05837593639635,111.126135351575,103.94627280555996,1.5690359507495089,1.639046547327193,53.40277777777774,0.15381642253019912,57.93773541482601,75.7909115531086
20190911,7565510,119.86,121.34,119.36,121.27,121.78999999999999,121.63300000000001,120.18200000000002,121.3845207448226,121.01902112910733,119.54254875590493,116.22924885651449,111.2938025358465,104.09003817646817,1.476472373202398,1.606531712502234,56.68173014848286,0.15596142251870285,54.26807258613292,68.61663189745003
20190912,6194325,122.65,123.21,121.62,122.77,121.792,121.77000000000001,120.53100000000002,121.84634716321507,121.28840249386005,119.78161921843049,116.44369971367794,111.48349175013003,104.24505860653898,1.5067832754295551,1.5865820250876983,59.98807394156229,0.1632795290502368,64.1066429853498,67.11330226008329
20190913,6777400,121.82,122.58,121.5,122.12,121.64200000000001,121.86399999999999,120.7675,121.93756477547672,121.41634057172773,119.95483260965787,116.62980791978686,111.65930180384689,104.39339836914031,1.4615079620698594,1.5615672124841307,65.66579634464756,0.16569344465696317,65.3421845946558,66.5229297049408
20190916,9626736,121.81,121.96,119.015,119.75,121.15799999999999,121.81599999999999,120.796,121.20837651698449,121.15998048376962,119.93965982375728,116.73210929946598,111.79303235254363,104.52083904657484,1.2203206600123337,1.4933179019897713,51.37029955385597,0.18889745678060646,49.11072026959687,60.718859893159475
20190917,6403020,119.63,121.99,119.44,121.16,121.41400000000002,121.796,120.84200000000001,121.192251011323,121.1599834862666,120.03005539236786,116.87728604374577,111.94785826407184,104.65892336983978,1.1299280938987408,1.4206399403715653,51.92186515437933,0.19225880847686086,48.93527066670741,56.79099681767545
20190918,5788412,121.27,121.96,120.77,121.41,121.44200000000001,121.61599999999999,120.96750000000002,121.26483400754867,121.1984475653025,120.13227351145171,117.02589961608197,112.10425730102934,104.79793645390751,1.0661740538507871,1.3497467630674098,50.03274394237063,0.17539588548550214,50.912937221867544,54.83164361907281
20190919,4752602,121.39,122.23,121.24,121.9,121.268,121.53,121.10249999999999,121.47655600503245,121.30637870910212,120.26321621430715,117.18570618604649,112.26617040349167,104.9398622924643,1.04316249479497,1.288429909412922,52.316602316602314,0.17679483393594955,56.866074159036124,55.50978713239391
20190920,15437270,122.13,122.6,121.75,122.24,121.292,121.46700000000001,121.2435,121.7310373366883,121.45001275385565,120.40964464287698,117.35142073732365,112.43102709103727,105.08343189999572,1.0403681109786618,1.2388175497260698,56.73141326188879,0.1774532358126723,63.536461040469845,58.18534510175255
20190923,6255907,122.2,123.77,121.97,123.22,121.98599999999999,121.572,121.5385,122.22735822445887,121.7223184840317,120.61781911377498,117.54383317216549,112.60935722176393,105.23394283858497,1.1044993702567183,1.2119539138321995,56.292286874154264,0.17932058051572214,71.83538342060066,62.73535787470192
20190924,7810750,123.7,124.73,123.36,123.61,122.476,121.94499999999998,121.753,122.68823881630593,122.0127310249499,120.83946214238425,117.7427238878322,112.79118602801577,105.38644123826477,1.173268882565651,1.20421690757889,51.501501501501515,0.1456136039240446,74.69107217832985,66.72059597591122
20190925,5842298,123.56,123.83,122.9488,123.02,122.798,122.11999999999998,121.87650000000001,122.79882587753728,122.16769548264992,121.0009834651706,117.91574933413278,112.96025733333784,105.53277782549908,1.1667120174793126,1.1967159295589747,50.965824665676045,0.14240661503803578,73.15362817137995,68.86494004106746
20190926,7058120,123.64,125.0,123.53,124.31,123.28,122.274,122.022,123.30255058502486,122.49728079301147,121.2460958010839,118.1253968969481,113.14785638567936,105.68860539541195,1.2511849919275733,1.2076097420326943,54.91803278688524,0.1390654789567019,78.25947809587403,71.99645272600299
20190927,5590415,124.41,124.88,123.72,124.57,123.74600000000001,122.519,122.19149999999999,123.72503372334991,122.8161606710097,121.49231092692953,118.33669535934324,113.33665214789954,105.84529746681933,1.3238497440801638,1.2308577424421883,58.45070422535208,0.134671322716,82.92838108070254,75.64042884423617
20190930,5227313,124.57,125.36,124.13,124.38,123.978,122.982,122.39899999999997,123.9433558155666,123.05675133700821,121.70621382123105,118.53483649510247,113.51918682314088,105.99911242560091,1.3505375157771624,1.254793697109183,68.59504132231406,0.07670801747611748,81.50199987805729,77.59428585550987
20191001,5456228,124.36,124.64,123.2,123.85,124.026,123.251,122.52350000000001,123.91223721037774,123.1787895928531,121.86501279743615,118.70910415100074,113.6899440657336,106.14725257144656,1.313776795416942,1.2665903167707349,61.47686832740213,0.07281439816139645,75.45117143974042,76.87991438358671
20191002,6800669,123.2,123.65,120.21,121.08,123.63799999999999,123.21799999999999,122.417,122.96815814025183,122.8558988862603,121.80686370132977,118.78683844113186,113.81209375059751,106.27117578662128,1.0490351849305313,1.2230792904026941,43.245403677058356,0.13887017084477532,55.93184892099202,69.89722589605515
20191003,5235240,121.67,122.54,120.84,121.74,123.124,123.202,122.36599999999999,122.55877209350123,122.68422213452796,121.80191083456461,118.88366341027508,113.94313352331491,106.39954777179456,0.882311299963348,1.154925692314825,48.482428115015935,0.14012538717790066,47.19081190202056,62.32842123137695
20191004,4405651,122.19,124.06,121.99,124.0,123.00999999999999,123.378,122.42249999999999,123.0391813956675,122.88664949844673,121.96473225422649,119.05141215092179,114.10936272127665,106.54560961601203,0.9219172442202392,1.108324002695908,67.12328767123287,0.16569579811301216,55.9912856045833,60.2160426891124
20191007,4783975,123.53,123.89,122.68,122.84,122.702,123.33999999999999,122.45599999999999,122.97278759711168,122.87947265253185,122.02956690206156,119.17562814597353,114.25367077547044,106.68083277272562,0.8499057504702847,1.0566403522507835,56.90789473684213,0.16901298026916395,54.350177458071755,58.26075427876551
20191008,6194271,122.66,122.93,120.88,120.93,122.11800000000001,123.072,122.50849999999998,122.29185839807447,122.57955378291156,121.94811750190885,119.23314853463013,114.36402332463622,106.79908312315943,0.6314362810027063,0.971599538001168,48.263386396526805,0.18252530670800696,40.89364581347186,52.47171812366763
20191009,3793246,121.81,122.39,121.4299,121.98,122.298,122.968,122.54399999999998,122.18790559871631,122.4873147393867,121.95047916843413,119.32320923841274,114.48990723662571,106.92506583583031,0.5368355709525758,0.8846467445914497,50.278164116828926,0.18881529353060228,38.71874122192628,47.887392489753836
20191010,4117940,121.33,122.19,120.8,121.94,122.33800000000001,122.731,122.50249999999998,122.10527039914422,122.40311247178875,121.94970293373531,119.40900565682544,114.6130492657724,107.04967109860351,0.4534095380534353,0.7983993032838468,48.9346590909091,0.1793310902951369,37.00990515118711,44.26156337689826
20191011,6301624,122.04,122.06,120.82,121.09,121.756,122.383,122.451,121.76684693276282,122.20109516843662,121.8860212349401,119.46412022545411,114.7201063027018,107.16618835089726,0.3150739334965209,0.7017342293263816,42.36559139784947,0.17942513702487894,31.29479004059583,39.93930559813078
20191014,7383513,121.62,121.62,119.58,120.05,121.19800000000001,121.95,122.46599999999998,121.19456462184189,121.8701574502156,121.75001966198158,119.48332939839004,114.80820371918607,107.273107949645,0.12013778823401822,0.5854149411079089,37.80821917808218,0.18129761526868723,24.360217169921015,34.746276122060856
20191015,11176210,120.19,120.56,116.7,117.2,120.452,121.285,122.268,119.86304308122793,121.15167168864397,121.41298116850146,119.40846613942642,114.84773754200944,107.35548879653591,-0.26130947985748776,0.4160700569148296,32.740213523131686,0.2060214044784056,18.50463753357053,29.33239659256408
20191016,8000126,117.67,117.77,116.505,117.53,119.56199999999998,120.92999999999999,122.07399999999998,119.08536205415196,120.59449142885259,121.12535293379764,119.34687708567473,114.89207245867044,107.43992457415803,-0.5308615049450509,0.22668374454285353,28.67924528301883,0.18760197395302894,16.85881637468569,25.17453651993795
20191017,5994308,117.31,117.64,116.55,116.63,118.5,120.41900000000001,121.8105,118.26690803610131,119.98456967056758,120.7923638275904,119.25779914843949,114.92079853373374,107.5161907602646,-0.8077941570228262,0.01978816422971758,25.997581620314378,0.1831302619504982,11.803417641801293,20.717496893892395
20191018,9016947,116.55,117.75,116.1713,117.47,117.776,119.766,121.572,118.00127202406755,119.59771279817257,120.54626280332445,119.19918278291688,114.96293409515964,107.5987949863205,-0.9485500051518869,-0.1738794696466033,29.90110529377546,0.1535154873073698,14.274022994130249,18.569672260638345
20191021,7232768,117.42,119.12,117.35,119.08,117.582,119.39000000000001,121.36500000000001,118.36084801604504,119.51806467537679,120.43765074381893,119.1952751506901,115.03098477127271,107.69407469597759,-0.9195860684421433,-0.32302078940571133,36.94581280788178,0.17592693784988503,25.107162460921373,20.748835660732688
20191022,14489880,124.0,124.22,121.6,122.18,118.578,119.51500000000001,121.2935,119.63389867736336,119.92759318685728,120.5667136516842,119.293134981815,115.14915031224342,107.81428984372882,-0.6391204648269166,-0.3862407244899524,52.95698924731185,0.20874576630108763,41.622872306436086,27.706847875967153
20191023,8320038,121.99,123.73,121.84,123.0,119.672,119.617,121.29249999999999,120.75593245157559,120.40027115811,120.74695708489277,119.41467153978827,115.27891642278486,107.94031233465223,-0.34668592678276866,-0.37832976494851567,53.358208955223894,0.2071487510800047,56.029339092674356,37.147678281536216
20191024,6746318,123.76,125.77,123.34,124.79,121.304,119.902,121.31649999999999,122.10062163438373,121.0756140568623,121.04644174527108,119.59091181717226,115.43612441579668,108.08014376755969,0.029172311591224798,-0.29682934964056756,52.159650082012035,0.21679002080172924,67.2829874287736,47.19278133061534
20191025,6093305,124.82,124.82,123.17,123.25,122.46,120.11800000000001,121.25049999999999,122.48374775625582,121.41013497119118,121.20966828265841,119.71088192152726,115.56527938413063,108.20603469065048,0.20046668853277083,-0.1973701420058999,51.09801821103374,0.22407110302383945,69.43747322953936,54.60767863025668
20191028,5459510,123.48,124.12,122.6,123.48,123.34,120.46100000000001,121.2055,122.8158318375039,121.72857574485408,121.3778410024615,119.8344595634444,115.69610121249212,108.33278958948327,0.3507347423925893,-0.08774916512620205,57.50441436138903,0.21727491783998198,71.67251636772895,60.29595787608076
20191029,5659836,123.2,124.56,123.1,123.6,123.624,121.101,121.19299999999998,123.0772212250026,122.01648716872269,121.54244537264954,119.95791990562654,115.82674416765755,108.45948843106433,0.474041796073152,0.02460902711366876,55.043586550435826,0.16601512513800346,73.57926822444148,64.72372799220099
20191030,4734450,123.99,125.17,123.5,124.94,124.01200000000001,121.84200000000001,121.386,123.69814748333508,122.46625837353459,121.79411608578661,120.12126679396665,115.97737649546487,108.59625616192687,0.6721422877479739,0.1541156792405298,58.6405529953917,0.16731919050437785,79.50384405568437,69.65043334669545
20191031,6399499,124.79,125.448,123.355,124.51,123.95599999999999,122.63,121.52450000000002,123.96876498889006,122.78068016222157,121.99529267202465,120.26515968596775,116.1184115947134,108.72832042614326,0.7853874901969249,0.2803700414318088,60.09445100354192,0.15954452915669956,81.34777252168351,73.5495464050248
20191101,6010150,124.83,125.138,123.245,123.87,124.08,123.27000000000001,121.518,123.93584332592671,122.9482678295721,122.1341598815043,120.38335117167372,116.24653702289996,108.85397751804248,0.8141079480678002,0.38711762275900713,61.54776299879083,0.16883604999912535,72.37733196089859,73.15880825698272
20191104,10351370,123.92,123.92,118.64,119.07,123.19800000000001,123.269,121.32950000000001,122.31389555061781,122.35161124040717,121.90718507546694,120.34029047752048,116.2932058324388,108.9387577876023,0.444426164940225,0.39857933119525074,55.056787452677085,0.2651192263439349,50.26183982058967,65.5264854448517
20191105,9239611,118.83,119.585,118.2368,118.9,122.258,122.94099999999999,121.22800000000002,121.17593036707855,121.82059412649838,121.68443062543236,120.29306783891325,116.33629333934064,109.02142369807864,0.13616350106602226,0.34609616516940506,53.73704309874524,0.22766074498285369,36.44245842727007,55.83180977232448
20191106,6756251,119.1,120.35,118.66,120.32,121.33400000000002,122.673,121.14500000000001,120.89062024471903,121.58973349165247,121.58336169021514,120.29395086058821,116.40213973042593,109.11518781676678,0.006371801437325075,0.2781512924229891,59.787798408488065,0.23430087794857193,33.92443756108365,48.529352368577534
20191107,8909742,120.34,120.34,118.81,119.62,120.356,122.15599999999999,121.029,120.46708016314604,121.28669756985978,121.43792749093994,120.27185411106072,116.45532750347675,109.20236468135793,-0.15122992108015865,0.19227504972235954,55.74559059326565,0.21726899471451055,29.010049565535702,42.02291810089692
20191108,4250112,119.85,120.59,119.16,119.7,119.522,121.801,120.9595,120.2113867754307,121.04259025141982,121.30919212124068,120.25310479594397,116.50895845383252,109.28948198690684,-0.2666018698208603,0.10049966581371557,51.804423748544835,0.21375334689131567,26.10358603533311,36.716474079042314
20191111,3850393,119.48,120.0,119.09,119.33,119.574,121.386,120.92350000000002,119.91759118362047,120.77911482812446,121.16258529744508,120.2228390649294,116.55558723971959,109.37280578784537,-0.38347046932061346,0.003705638786849765,40.13840830449823,0.21225404278335513,22.455641189445487,31.96286311584337
20191112,4759870,119.49,119.6,118.545,119.27,119.648,120.953,121.027,119.70172745574699,120.54694331610531,121.02239379393063,120.19159843984974,116.6004535663358,109.45494017964748,-0.47545047782531924,-0.09212558453558405,36.37691745799851,0.211600759324724,19.746331608731698,27.890685946806144
20191113,7279556,119.9,121.05,119.87,120.65,119.71400000000001,120.524,121.18300000000002,120.01781830383133,120.56279819055065,120.99480906845429,120.20662799919893,116.6673882181319,109.5478452403973,-0.432010877903636,-0.16010264320919446,34.41265060240963,0.21285678068895317,24.820164966303377,26.86717895330522
20191114,5188323,120.62,121.17,120.114,120.5,119.89000000000001,120.123,121.37650000000001,120.17854553588757,120.55313693046594,120.95815654486508,120.21624675332355,116.7307371732041,109.63873449151433,-0.40501961439913714,-0.20908603744718302,38.43566021867114,0.21312739686321053,29.82098835591395,27.851782087508127
20191115,7108595,120.99,120.99,119.97,120.54,120.05799999999999,119.78999999999999,121.53,120.29903035725839,120.55111586424042,120.92718198598618,120.22686161387031,116.79370019513462,109.72920142519472,-0.37606612174576526,-0.24248205430689948,37.43589743589744,0.2135088132662599,46.05457590016978,33.91938002506201
20191118,7493702,120.25,122.56,120.17,121.89,120.57000000000001,120.072,121.67049999999999,120.82935357150559,120.75709803897266,120.9985018388761,120.2813907412844,116.87793655554562,109.83012091544207,-0.24140379990343774,-0.24226640342620714,43.387470997679834,0.09920804103078336,58.47390987782176,42.10422330931526
20191119,5989318,121.93,122.78,121.125,121.42,121.0,120.32400000000003,121.63250000000001,121.02623571433706,120.85908295605378,121.02972392488527,120.31872219238983,116.95301198437959,109.92630248460853,-0.17064096883149205,-0.22794131650726412,35.406301824212264,0.10217244673155623,61.61149285046441,48.606646489698306
20191120,6479982,121.42,122.375,120.93,122.29,121.328,120.521,121.59700000000001,121.44749047622471,121.07922403973782,121.1230777082271,120.38335425165573,117.04122666232374,110.02890578349145,-0.04385366848927674,-0.19112378690366666,41.120000000000005,0.09282097020883931,70.55091258901487,55.92140185613716
20191121,7094212,121.78,122.54,120.2756,120.34,121.296,120.593,121.37450000000001,121.07832698414981,120.96549726439355,121.06507195206213,120.38193280078177,117.09575184145889,110.11447503010149,-0.09957468766857858,-0.17281396705664906,37.219406227371465,0.12183134604706611,61.16223767248769,57.668347128254
20191122,4414949,120.23,120.61,119.39,120.29,121.24600000000001,120.652,121.22650000000002,120.81555132276655,120.861574608333,121.00765921487235,120.3789186105922,117.14854933168272,110.19891922072306,-0.14608460653934685,-0.16746809495318862,56.73289183222966,0.12192535926900365,54.50957521337829,56.615423156628765
20191125,5134272,120.44,120.92,120.02,120.51,120.97,120.77000000000001,121.078,120.71370088184437,120.807486207051,120.97079556932624,120.38321636106458,117.20411049975408,110.2844883558208,-0.16330936227524262,-0.16663634841759944,58.83644346871569,0.12052108253627909,47.35249950311752,53.527781938791684
20191126,8235886,120.73,122.35,120.41,122.26,121.138,121.069,121.01100000000001,121.22913392122959,121.03094986750469,121.0662921938206,120.44475025086574,117.28767892124576,110.38387019519158,-0.03534232631591294,-0.14037754399726216,60.275423728813614,0.13585283562951284,59.78858865596236,55.6147175111819
20191127,3751362,122.42,122.44,120.96,121.76,121.032,121.17999999999999,120.852,121.40608928081973,121.14311142635012,121.1176779572413,120.4878731934603,117.36160158370451,110.47827791141405,0.02543346910881894,-0.10721534137604594,61.58008658008656,0.12991444869998212,63.16289391223452,58.13077631153277
20191129,2927290,121.99,122.63,121.71,122.06,121.376,121.33600000000001,120.7295,121.6240595205465,121.28417120691164,121.18747959003824,120.53941833465832,117.43926106165982,110.57439178766788,0.09669161687340022,-0.06643394972615671,62.47357293868919,0.12955991799611263,68.3622832571239,61.54127862672981
20191202,6146378,121.94,122.78,120.9602,122.72,121.86200000000001,121.55400000000002,120.672,121.98937301369767,121.50506794430984,121.30099962040578,120.61091281548919,117.52654600278942,110.67518521681586,0.20406832390406748,-0.012333495000111874,67.38461538461536,0.13085563153261384,78.31821833660764,67.13359186335575
20191203,6496162,122.31,122.96,121.795,122.95,122.35,121.66,120.86599999999999,122.30958200913179,121.7273651836468,121.42314779667201,120.68760419858789,117.61618987051192,110.77705089966386,0.3042173869747842,0.050976681394867336,68.5483870967742,0.1212697877978994,85.45210820946586,73.23976397872579
20191204,6857412,122.75,124.58,122.69,124.53,122.804,121.971,121.14750000000001,123.0497213394212,122.15853977077806,121.65328499691853,120.81358438879812,117.73046772389189,110.891183257343,0.5052547738595337,0.1418322998878006,69.16996047430827,0.13044539136320923,89.9802750940434,78.81993435049833
20191205,7029456,124.27,124.63,123.66,124.62,123.376,122.204,121.3625,123.57314755961414,122.53722595988913,121.87304166381345,120.9383849006408,117.84434429043914,111.00511534649368,0.6641842960756748,0.24630269912537545,70.47713717693838,0.1282918331136906,93.25657016447683,83.63214628849116
20191206,7150877,124.73,125.45,123.89,124.19,123.80199999999999,122.58900000000001,121.59100000000001,123.77876503974277,122.79149888913696,122.04466820723468,121.04499523176733,117.94923116167156,111.11453347639831,0.7468306819022814,0.34640829568075665,67.46411483253584,0.09299048096699834,87.76957347981693,85.01128868559974
20191209,7478083,124.31,125.14,124.18,124.87,124.23200000000001,123.047,121.84949999999999,124.14251002649519,123.1112682908082,122.25395204373581,121.17040522416839,118.06362403503238,111.22868672555683,0.8573162470723901,0.44858988595908333,65.23517382413087,0.0915129694347782,88.01040348389913,86.0109936183662
20191210,4740135,124.78,124.87,124.1232,124.27,124.49600000000001,123.423,122.09649999999999,124.18500668433013,123.28953470760693,122.40328892938501,121.27203128239238,118.16620876172607,111.33691339173478,0.8862457782219195,0.5361210644116506,64.37941473259329,0.10007561880807266,83.24672778659344,85.08957167444194
20191211,4823359,124.27,125.27,124.07,124.66,124.522,123.66300000000001,122.36600000000001,124.34333778955343,123.50037552182125,122.57045271239353,121.38311222395328,118.27354415409424,111.44747842582828,0.9299228094277225,0.614881413414865,62.566277836691334,0.08031821206372167,82.96600567452847,84.38171634113745
20191212,5897786,124.78,125.76,123.88,124.57,124.51199999999999,123.944,122.56199999999998,124.41889185970228,123.66493313384875,122.71856732629031,121.48760034775809,118.3776178044398,111.55637901980481,0.9463658075584362,0.6811782922435793,77.93923381770131,0.0753756016512577,80.37977055107868,83.04773441111786
20191213,5471590,124.21,125.74,123.79,125.47,124.768,124.285,122.8105,124.76926123980152,123.94263572864125,122.9223771539725,121.61817082815946,118.49484726221766,111.6718447540803,1.0202585746687447,0.7489943487286124,80.76009501187633,0.07895206771196131,84.48184787474176,83.52577223232582
20191216,8281922,125.47,126.35,125.35,125.56,124.90599999999999,124.56899999999999,123.0615,125.03284082653435,124.19146100115798,123.11775662404861,121.74741112887554,118.61162664631324,111.78709915446137,1.0737043771093653,0.813936354404763,80.45838359469225,0.07815227934363007,82.45966543197727,83.1704032988763
20191217,8832197,125.59,125.98,124.31,125.31,125.114,124.80500000000002,123.2325,125.12522721768957,124.36354392405674,123.28014502226723,121.86421732137143,118.72234356125021,111.89932239799282,1.0833989017895078,0.867828863881712,72.45949926362283,0.08079353265203487,75.41920694226002,80.5866711800042
20191218,8608450,125.31,125.87,123.69,124.01,124.984,124.753,123.36200000000001,124.75348481179306,124.30915255112494,123.33420835395114,121.93457085181826,118.80974284122955,111.9998259465572,0.974944197173798,0.8892519305401292,64.82213438735171,0.07762910935774556,54.289496357496745,71.82094623916838
20191219,6630198,124.16,125.2,123.9,124.92,125.054,124.78299999999999,123.4935,124.80898987452872,124.4031290817211,123.45167440180661,122.03245377470947,118.91073882732493,112.10704730799655,0.951454679914491,0.9016924804150016,67.43902439024383,0.085963706677988,51.60653140625102,65.08280796152926
20191220,16250520,126.15,126.6,125.03,125.36,125.03200000000001,124.9,123.74449999999999,124.99265991635248,124.55033999222555,123.59303185352464,122.1415536509485,119.01733818555097,112.2170303178887,0.9573081387009097,0.9128156120721833,66.54135338345858,0.08481288283151493,53.533792987901634,61.23313630365338
20191223,6619662,125.52,125.82,124.685,124.9,124.9,124.90299999999999,123.975,124.96177327756833,124.60413383957547,123.6898443088191,122.23199451485182,119.11457226512864,112.32228317832116,0.9142895307563634,0.9131103958090194,61.87576126674786,0.08368879390269038,49.54944732984976,57.338573312385506
20191224,2022053,124.79,125.3099,124.58,125.22,124.88200000000002,124.998,124.2105,125.04784885171222,124.69888247964079,123.8031891748325,122.32996190780749,119.21548842603562,112.42931817269194,0.8956933048082902,0.9096269776088737,54.964028776978395,0.08023823442177191,50.55873808244283,55.07862823573794
20191226,4761436,125.1,125.745,124.87,125.22,125.124,125.054,124.3585,125.10523256780814,124.77905440584989,123.90813812484491,122.42471725509249,119.31473655122512,112.53546490984802,0.8709162810049804,0.9018848382880951,54.373177842565546,0.07928606262413446,51.231598584171536,53.796285018549135
20191227,5192015,125.56,126.295,125.39,126.09,125.35799999999999,125.20599999999999,124.575,125.43348837853877,124.98073834341145,124.06975752300454,122.54489045984356,119.42672437682471,112.64795067823103,0.9109808204069054,0.9037040347118572,63.01369863013701,0.08462349106674642,61.645807990822355,56.412792675973535
20191230,3884445,125.76,125.98,124.14,124.47,125.17999999999999,125.106,124.6955,125.11232558569252,124.90216321365584,124.0994051138931,122.60800880542246,119.5100843044805,112.74605897135774,0.802758099762741,0.883514847722034,47.57281553398055,0.10138213126961966,50.031913230994995,54.28583286098068
20191231,4798914,124.43,124.99,123.95,124.9,125.18000000000002,125.04,124.8045,125.04155039046168,124.90183041155494,124.1587084387899,122.68315605770368,119.59917382010893,112.8469215525083,0.7431219727650387,0.855436272730635,53.90334572490712,0.10323012599362467,47.21486082524534,51.928842182402235
20200102,7647890,124.5,124.73,122.94,123.41,124.81800000000001,124.85,124.82750000000001,124.4977002603078,124.67231804054649,124.1032485544351,122.70698700663142,119.66216268258647,112.93458195456218,0.5690694861113883,0.7981629154067857,43.18429661941113,0.11690881171094221,35.75708390171182,46.538256088838764
20200103,7971799,122.16,123.53,121.86,122.58,124.28999999999999,124.707,124.72999999999999,123.85846684020521,124.35042295738549,123.99041532818065,122.70282349821727,119.71039139857679,113.01462691759485,0.3600076292048442,0.7105318581663975,39.95963673057521,0.11101326165919305,28.90134707371505,40.65928641713086
20200106,6674659,122.57,123.19,122.3787,122.75,123.622,124.49000000000001,124.6365,123.48897789347015,124.10420404086464,123.89853271127838,122.70437026876752,119.76063286306312,113.09541839545714,0.20567132958626644,0.6095597524503713,35.18518518518519,0.10290973555825764,25.956779296794622,35.75845071035211
20200107,7585870,122.88,123.2059,121.87,121.99,123.126,124.15299999999999,124.52650000000001,122.98931859564676,123.77894188073162,123.75715991785034,122.68094829274236,119.79748190664887,113.16923235068157,0.02178196288127765,0.4920041945365526,31.87817258883247,0.10076419691011168,18.281595818306485,29.932832413003563
20200108,5385065,122.19,123.4299,122.0003,122.51,122.648,123.91400000000002,124.4085,122.82954573043118,123.58372005292676,123.66477770171328,122.67534343068523,119.84231691645633,113.24674909465932,-0.081057648786512,0.3773918258719397,36.16600790513837,0.10582740919469404,17.07311198108824,25.646258935698455
20200109,5944318,122.51,123.88,122.51,123.85,122.73600000000002,123.777,124.3875,123.16969715362079,123.62468619863034,123.67849787195674,122.7138567608267,119.9085596120521,113.33474287810614,-0.05381167332639336,0.2911511260322731,49.2125984251968,0.1210470004595734,26.338857818282754,25.87712522989322
20200110,3927077,123.9,124.32,123.295,123.97,123.01399999999998,123.652,124.353,123.43646476908053,123.67781139884106,123.70009062218216,122.75504178506189,119.97569085813389,113.42300227330858,-0.02227922334110133,0.22846505615759824,44.93062966915687,0.12135626559616092,34.63043595652505,28.79489547210383
20200113,8410341,124.0,124.9,123.81,124.88,123.43999999999998,123.53099999999999,124.36850000000001,123.91764317938703,123.86276349132704,123.78749131683533,122.8247125462074,120.05675381915647,113.51808109261722,0.0752721744917153,0.19782647982442167,47.56097560975608,0.12201055700196194,55.24883163874833,37.61287419431866
20200114,7829663,124.65,125.2,124.48,124.69,123.97999999999999,123.553,124.32949999999998,124.1750954529247,123.9900306465075,123.85434381188456,122.88586951190551,120.13333640065802,113.6107941125955,0.13568683462294473,0.1853985507841263,48.90282131661438,0.1046785607515138,65.07606739988407,46.767271929507125
20200115,4844149,125.06,126.12,125.01,125.96,124.66999999999999,123.65899999999999,124.34949999999999,124.77006363528314,124.29310285473711,124.01031834433756,122.98666067544958,120.22964488990335,113.71327714900549,0.28278451039955144,0.20487574270721132,53.51711026615966,0.11433994526303176,75.46542208505565,56.33332198135663
20200116,6234012,126.11,126.78,125.59,126.07,125.11399999999999,123.925,124.3875,125.20337575685542,124.56647164631602,124.16288735586811,123.0877537680578,120.32617968511157,113.81582256685607,0.40358429044790967,0.244617452255351,53.99811853245527,0.09218042117451646,78.82351967924274,63.83005454731867
20200117,11315190,126.35,127.0,125.88,126.41,125.602,124.30799999999999,124.50749999999998,125.60558383790362,124.85009139303664,124.32934014432232,123.1966798740231,120.4267386985808,113.92033856215187,0.5207512487143191,0.29984421154714463,51.58415841584155,0.07932863745287907,82.04868823320533,69.90293244261422
20200121,8553166,126.41,126.62,124.84,126.09,125.84400000000001,124.64200000000001,124.566,125.76705589193575,125.04084656333869,124.45975939289103,123.29154282897316,120.52034632339766,114.02133160312987,0.5810871704476597,0.3560928033272477,59.204545454545475,0.08352083691882153,81.96542813362893,73.92376433961911
20200122,7396746,126.33,126.6795,125.83,126.31,126.16799999999998,125.074,124.6135,125.94803726129051,125.23610093820966,124.59681425267688,123.39050863785928,120.61604307838283,114.1233122537263,0.639286685532781,0.41273157976835434,58.207217694994156,0.06960347311420757,82.85445765701469,76.9006621120843
20200123,11096730,124.3,126.55,123.65,124.99,125.974,125.322,124.61800000000001,125.62869150752701,125.19823925540817,124.62593912284896,123.4429509776016,120.6883398870046,114.21349223502318,0.5723001325592065,0.4446452903265248,59.38242280285034,0.09596662835298404,70.48596772276008,74.76243064897622
20200124,9508631,125.22,126.79,124.77,125.14,125.78800000000001,125.451,124.614,125.46579433835134,125.18927936996076,124.66401770634162,123.49859192915564,120.7619210458971,114.30416864801055,0.5252616636191334,0.46076856498504654,66.53746770025839,0.08369710523504517,61.816515795272856,70.44712569774177
20200127,9338515,124.75,126.39,124.75,125.69,125.644,125.623,124.6375,125.5405295589009,125.26631331304372,124.74001639476076,123.57044137410135,120.84337689637815,114.39865687499801,0.5262969182829664,0.47387423564463055,68.10344827586205,0.08519593403552483,61.509517992868425,67.46792312945064
20200128,6200303,125.93,126.98,125.72,126.03,125.63199999999999,125.73799999999999,124.63449999999997,125.7036863726006,125.38380357257546,124.83557073588959,123.65108264052425,120.92910620387603,114.49518254408517,0.5482328366858695,0.4887459558528784,76.23376623376626,0.0797558691383132,64.68793736837993,66.54126120909373
20200129,5271098,125.91,126.07,125.025,125.06,125.38199999999999,125.775,124.66399999999999,125.48912424840042,125.33398763833308,124.8521951258237,123.69727665231034,120.9973854401756,114.58285737774422,0.4817925125093865,0.48735526718418004,65.6441717791411,0.08942346319832267,57.1551423251886,63.41255491445868
20200130,5894789,124.79,126.06,124.42,125.95,125.574,125.774,124.7165,125.64274949893363,125.42875877089722,124.93351400539231,123.7711364342018,121.07924683785866,114.67719051153888,0.49524476550490704,0.48893316684832544,63.63636363636369,0.08184166177290222,60.989000356095886,62.60470339500441
20200131,6612874,125.99,126.95,124.46,124.62,125.47,125.62900000000002,124.777,125.30183299928909,125.30433434460534,124.91029074573362,123.79896802652304,121.1377716835139,114.75970345335185,0.39404359887171836,0.469955253253004,53.64758698092035,0.09582070509312865,50.369043280440295,58.526150023483034
20200203,6052373,124.66,125.95,124.49,125.11,125.354,125.499,124.90350000000001,125.23788866619273,125.27443675312759,124.92508402382742,123.84195268139113,121.20342834990211,114.84559803050246,0.3493527293001648,0.4458347484624362,51.354534746760926,0.09723597775455274,48.193976801574756,55.08209228284694
20200204,6512208,125.71,127.35,125.36,125.66,125.28000000000002,125.45600000000002,125.049,125.37859244412849,125.33375417572334,124.97952224428465,123.90156079019798,121.27709069122605,114.93534410493812,0.35423193143869014,0.427514185057687,55.48022598870056,0.10008844447548329,50.23742597582458,53.467203513839486
20200205,6125436,125.91,127.06,125.4,126.81,125.63,125.506,125.28999999999999,125.85572829608566,125.56086891791975,125.11511318915245,123.99691945281444,121.36854373765208,115.03388896713781,0.4457557287672955,0.43116249379960875,54.868270332187905,0.10964769348455139,60.681605940652176,55.872004322777045
20200206,9102687,126.9,128.09,126.6,127.14,125.86800000000001,125.721,125.52150000000002,126.28381886405711,125.80381216131671,125.26510480477079,124.09997127403363,121.46393970893055,115.13435461886282,0.5387073565459275,0.4526714663488725,55.97765363128496,0.09337000478867759,65.159217766066,58.9677421372067
20200207,5915309,127.19,127.27,126.05,126.08,126.16,125.81500000000001,125.63300000000001,126.21587924270474,125.84630259803721,125.3254674118248,124.16489024865548,121.54023822613831,115.22518985024155,0.520835186212409,0.4663042103215798,48.29369183040331,0.10507120321017259,58.51668105385323,58.81738844275554
20200210,5216077,126.46,126.83,125.76,126.17,126.372,125.86300000000001,125.74300000000001,126.20058616180317,125.89610219833918,125.38802538131927,124.23063155197825,121.61676321413603,115.31601815023954,0.5080768170199121,0.4746587316612463,50.42372881355931,0.10330854106502195,54.9057619378095,57.51351294110685
20200211,6105679,126.27,126.27,124.03,124.16,126.072,125.676,125.707,125.52039077453546,125.62900955244085,125.29706053825858,124.22831576338879,121.6588001858032,115.38941219048652,0.3319490141822712,0.4461167881654513,40.4274265360641,0.12830123183739528,37.67116477298954,50.899396885067745
20200212,6031810,123.68,123.97,122.85,123.45,125.4,125.51500000000001,125.64500000000001,124.83026051635697,125.2937773136038,125.16024123912831,124.20279721376949,121.68840679430232,115.45630503537876,0.13353607447548654,0.38360064542745836,42.7495291902072,0.12619703850049108,28.930903741789514,43.57656583730833
20200213,7159394,123.73,125.28,123.52,124.96,124.96400000000001,125.41600000000001,125.595,124.87350701090465,125.24242695766475,125.14540855474843,124.2276235346295,121.74248271505766,115.53517387325944,0.09701840291631925,0.3262841969252306,49.248747913188616,0.1365623377728023,32.70966101869934,39.954264231105334
20200214,5889148,125.29,126.15,124.79,126.14,124.976,125.56799999999998,125.59849999999999,125.2956713406031,125.38051511802402,125.21908199513743,124.29032440234656,121.81516895117242,115.62318072908302,0.16143312288659217,0.2933139821175029,51.78429817605076,0.13349875456165736,42.73519385979448,40.88124077400171
20200218,6768309,125.83,126.18,124.83,124.87,124.71600000000001,125.54400000000001,125.52150000000002,125.15378089373542,125.30197433063572,125.1932240695717,124.30933015964666,121.86566202635966,115.69991781846822,0.1087502610640172,0.2564012379068058,45.71639586410636,0.142742309044812,41.340002013399925,41.034161187134444
20200219,4734009,124.85,126.47,124.65,125.44,124.97200000000001,125.522,125.489,125.24918726249028,125.32320904899944,125.21150376812194,124.34640130195332,121.92474199286612,115.78074837599131,0.11170528087750142,0.22746204650094493,51.44596651445964,0.14288016527698497,44.035828314276785,42.03471689618189
20200220,6094704,125.47,126.76,125.13,126.58,125.598,125.499,125.50250000000001,125.69279150832686,125.51656150299952,125.31287385937217,124.41963404615157,122.00168840620718,115.87036872141877,0.20368764362734737,0.22270716592622544,52.352501867064966,0.14277711829093773,57.48693230001561,47.18545536412646
20200221,8724117,126.13,128.07,125.98,126.7,125.946,125.455,125.588,126.02852767221792,125.69862896407652,125.41562394386312,124.49440014299905,122.0793464490798,115.96024118016219,0.2830050202133947,0.2347667367836593,58.538587848932686,0.14218205914694412,62.90955129068735,52.426820672980085
20200224,7534127,125.26,126.585,123.14,123.3,125.378,125.17699999999999,125.49600000000001,125.11901844814528,125.32960912344936,125.25891105913253,124.45523948257285,122.09952254083055,116.02115204173761,0.07069806431682935,0.20195300229029334,44.0026507620941,0.18940215790958756,44.81326407884905,49.888968474936405
20200225,8903163,123.02,123.96,120.88,121.43,124.69000000000001,124.703,125.28299999999999,123.88934563209686,124.7296692583033,124.9752880177153,124.35605130281635,122.08845605255236,116.06603874678544,-0.24561875941199673,0.11243864994983534,37.1115173674589,0.1982512681321675,32.425347123497936,44.067761357790246
20200226,6894673,121.42,122.39,119.85,120.16,123.63399999999999,124.303,124.98949999999999,122.64623042139792,124.02664321856433,124.61860001640305,124.218475850265,122.05658074589861,116.1000135289698,-0.5919567978387192,-0.028440439607875578,29.885057471264346,0.19126656891862925,22.873994594902932,37.0031724368278
20200227,13298850,119.12,119.92,113.43,113.5,121.018,123.30799999999999,124.4115,119.59748694759861,122.40715964647751,123.79500001518801,123.86705041255138,121.91514965918955,116.07843665321072,-1.3878403687104992,-0.3003204254284003,20.166229221347322,0.320308208180912,15.40871042210285,29.805018431919486
20200228,22788580,109.46,113.23,106.67,113.23,118.324,122.13499999999999,123.7755,117.47499129839908,120.99528893163482,123.01240742147039,123.51829466132018,121.77159346647568,116.05479817476083,-2.0171184898355676,-0.6436800383098338,20.88808337109198,0.30385060636624306,20.490542150560785,26.700193004799917
20200302,12399800,113.19,119.79,112.55,119.56,117.576,121.477,123.5225,118.16999419893273,120.77447524984484,122.7566735383985,123.38851450849,121.735038202567,116.08388698658855,-1.9821982885536613,-0.9113836883585994,38.32567997174144,0.4265209637695516,33.73824305364489,29.046209687748238
20200303,12510900,119.73,121.84,117.135,118.17,116.924,120.80699999999999,123.17549999999999,118.16999613262183,120.37378674986871,122.41691994296157,123.21741567214606,121.67611195128491,116.1011991277787,-2.0431331930928565,-1.1377335893054508,39.18382087396172,0.4270296748062377,40.40493462143304,32.83245133230984
20200304,9459359,119.88,124.69,119.6,124.5,117.792,120.713,123.11749999999999,120.2799974217479,121.00858878835045,122.57122216940886,123.25946761732159,121.72278778680086,116.1708987200793,-1.5626333810584043,-1.2227135476560416,51.576103272290595,0.5079080398051077,54.7092087507373,40.12470380511899
20200305,9363678,121.3,122.9,120.28,121.63,119.418,120.218,122.8585,120.72999828116527,121.1041905132196,122.50150200871191,123.20604244954055,121.72125410437441,116.21620246514088,-1.3973114954923034,-1.257633137223294,45.19757715604269,0.5155068569771754,61.512558114350426,47.2539885748628
20200306,9817418,118.03,122.61,117.55,121.66,121.104,119.71399999999998,122.58449999999998,121.03999885411018,121.18969966503198,122.4391685265851,123.15535253316216,121.7202416398393,116.26137920816876,-1.249468861553126,-1.2560002820892606,43.317422434367536,0.5153484856870088,68.73682194674785,54.41493303215782
20200309,13116450,115.27,120.03,115.12,116.06,120.404,118.99000000000001,122.0835,119.37999923607346,120.4005151011809,121.96663752461583,122.92271802387815,121.62668392678411,116.25970801142047,-1.5661224234349334,-1.3180247103583953,38.361955085865254,0.5457294494696734,63.194137309670595,57.3413344579954
20200310,11419120,118.96,120.82,114.44,120.55,120.88,118.902,121.80249999999998,119.76999949071565,120.4235127779223,121.86170141168132,122.84492399030837,121.60888749824223,116.29531209431325,-1.438188633759026,-1.3420574950385216,44.14651663873593,0.5808069276514457,67.80460060378334,60.82908983992471
20200311,16460660,117.6,118.44,110.68,111.59,118.298,118.045,121.174,117.04333299381044,119.0645108120881,121.10083464044567,122.47591008898678,121.4432860519903,116.25626386116542,-2.036323828357567,-1.4809107617023307,34.8860657390603,0.6864434596159001,54.30406595931098,58.65408187972013
20200312,20988040,103.0,111.58,101.0,101.84,114.34,116.87899999999999,120.09349999999999,111.97555532920697,116.41458607176686,119.67410614856081,121.79932287295442,121.11926479493262,116.13662681667442,-3.2595200767939474,-1.8366326247206541,29.010469436001344,0.7642676084173812,37.38464394473272,51.56426923472433
20200313,17378700,106.5,114.63,105.4123,114.07,112.822,116.96300000000001,119.549,112.67370355280465,116.05388052226427,119.25898717459334,121.54590245089034,121.00274802146266,116.11947638666052,-3.2051066523290785,-2.1103274302423394,43.21822189566495,0.9682716632475015,43.313415366560235,48.81398461200296
20200316,17367430,101.75,115.95,101.0,108.5,111.30999999999999,115.85700000000001,118.667,111.2824690352031,114.89174505730053,118.4620251616605,121.11816794430376,120.79609102937238,116.05624421747662,-3.5702801043599806,-2.4023179650658677,40.98954703832752,0.9500169170059655,39.42858618358835,45.68551846919809
20200317,19451360,111.45,119.7,110.7701,118.24,110.848,115.864,118.3355,113.60164602346875,115.40686120233121,118.44557885338936,121.02380178219543,120.75384159087037,116.07436667210337,-3.0387176510581497,-2.529597902264324,48.8032909498878,1.0531202365529706,52.52621118479709,47.96574937439775
20200318,23139240,113.02,121.5,112.09,117.45,112.01999999999998,115.15900000000002,117.93599999999999,114.8844306823125,115.72119024812642,118.37183227165681,120.90662795327098,120.69923263895517,116.08578271631828,-2.650642023530395,-2.5538067265175384,52.65635507733692,1.016373596512938,60.3915293445462,52.1076760311139
20200319,16428080,116.61,118.0,109.7901,110.83,113.81800000000001,114.079,117.14849999999998,113.53295378820833,114.96869944072235,117.81317802931187,120.57624670890144,120.53610482674104,116.04216626224095,-2.8444785885895243,-2.611941098931936,48.513011152416354,1.0444615717190717,56.244759400429174,53.48670382088565
20200320,19922940,109.19,109.7,101.59,102.43,111.49000000000001,112.15599999999999,115.93500000000002,109.8319691921389,113.0396687575343,116.67368336047396,119.98128780041286,120.23683036679492,115.92920222686966,-3.634014602939658,-2.8163557997334805,39.65204784342153,1.0929961905036725,39.82170951898531,48.9317057202522
20200323,17776750,100.19,103.75,94.34,97.7,109.33,110.32000000000001,114.655,105.78797946142593,110.67971971791364,115.26822533377218,119.25075377416981,119.86432077395534,115.77792254033963,-4.588505615858537,-3.170785762958492,38.114040181163624,1.0931034267464197,30.67151768619639,42.84497637556693
20200324,14625480,101.23,104.0,96.07,103.27,106.33599999999998,108.59200000000001,113.747,104.94865297428396,109.53976283823462,114.37946790164091,118.72679463403308,119.59003448017096,115.67412235328287,-4.839705063406285,-3.504569623048051,37.56297598125366,1.1182329973111953,31.40742318009557,39.03245864374314
20200325,13789140,100.51,104.7,98.6,100.92,103.03,107.525,112.78500000000001,103.60576864952264,108.21364547850622,113.38247027929714,118.1429653017697,119.28143886892846,115.55168150387803,-5.168824800790915,-3.837420658596624,37.79323352587528,1.0716104444096495,29.013883494634158,35.69293359404014
20200326,15799420,103.88,108.31,102.53,107.38,102.34,108.079,112.47900000000001,104.86384576634843,108.0853923279668,112.93784285120105,117.79008119351496,119.08472087109494,115.48386671961349,-4.852450523234253,-4.04042663152415,42.17619986850755,1.026203352969528,35.34651634055629,35.57746117621219
20200327,16073060,106.49,114.29,106.49,110.17,103.888,107.68900000000001,112.326,106.6325638442323,108.40610120058729,112.73281745481579,117.54024246585873,118.93737011289504,115.43976824061255,-4.326716254228501,-4.097684556065021,46.670435274166195,0.865783359493806,42.99242473759226,38.04911569667221
20200330,14571560,113.9,115.79,110.2001,115.0,107.348,108.33900000000001,112.098,109.4217092294882,109.4205471697277,112.90075690260721,117.45695582763385,118.87228961516124,115.43611871164481,-3.4802097328795156,-3.97418959142792,46.87464804595112,0.8528410391779487,54.0175320538293,43.371921149057904
20200331,21691680,113.5,114.29,108.95,110.0,108.694,107.51500000000001,111.6895,109.6144728196588,109.50969375900036,112.6858860209326,117.21246547262946,118.7256402000346,115.39100569329091,-3.1761922619322434,-3.8145901255287846,49.06283154544383,0.7656892177550648,58.07424086766979,48.2726943885952
20200401,11095780,107.95,112.18,107.0,109.33,110.376,106.703,110.93100000000001,109.5196485464392,109.48204856530799,112.43730187123388,116.95402398172357,118.5703403620175,115.34070689085696,-2.9552533059258934,-3.6427227616082067,54.943894389438945,0.76570461355092,62.01064387292981,52.852010883373396
20200402,9168803,107.69,114.99,107.5,114.4,111.78000000000002,107.05999999999999,110.56949999999999,111.1464323642928,110.23865647833753,112.58268691780916,116.8702854905195,118.50140911636433,115.33290019466729,-2.3440304394716236,-3.38298429718089,50.24055984837441,0.750779045301916,72.51370042189104,59.40590739621261
20200403,7768786,113.74,115.9,113.01,115.08,112.76200000000001,108.325,110.24050000000003,112.45762157619521,110.9834785585933,112.76767307204551,116.81158760558444,118.44485689956493,115.33080143786508,-1.7841945134522064,-3.0632263404351536,55.16483516483517,0.6134874612604971,80.29741735976127,66.36974405072883
20200406,16848430,117.0,119.0,114.58,117.81,113.324,110.33599999999998,110.328,114.24174771746348,112.03371262650202,113.14117877041251,116.84432243818821,118.43436339709278,115.35137569979152,-1.1074661439104858,-2.67207430113022,49.62074439936497,0.5289419353722009,84.92050046206306,72.55332952117357
20200407,14438380,116.71,120.06,112.5,112.77,113.878,111.28599999999999,109.93900000000001,113.75116514497566,112.14698760704017,113.11368404667824,116.71073809595254,118.34073755581852,115.32995349481399,-0.9666964396380706,-2.33099872883179,46.16015753199868,0.5650236826160911,76.08504936679844,73.73056946971519
20200408,12564950,114.39,117.3,111.86,115.1,115.032,112.704,110.11449999999999,114.20077676331711,112.60129720595707,113.26081856173911,116.65792701083933,118.287171645805,115.3280451670562,-0.6595213557820472,-1.9967032542218417,53.768755516328326,0.5407370576537419,71.87296093871062,73.11136662604699
20200409,12748640,115.26,118.655,114.2,114.66,115.08399999999999,113.43199999999999,110.75549999999998,114.35385117554475,112.9180207127329,113.36446163123992,116.59242120720525,118.22721839546112,115.32250122376114,-0.4464409185070224,-1.6866507870788778,62.5590470322448,0.4779846645448904,67.46609851248394,71.22961058819263
20200413,7926690,113.61,116.75,113.16,115.95,115.258,114.00999999999999,110.8495,114.8859007836965,113.38447906462015,113.55598299188881,116.57135821680507,118.18957842198243,115.32770868248511,-0.1715039272686596,-1.3836214151168342,70.1657458563536,0.46829209218409423,67.82068639984891,70.09330252541139
20200414,10474220,118.76,121.47,116.25,120.96,115.888,114.606,111.4725,116.91060052246434,114.54994382390936,114.10442869619334,116.71524811133604,118.23537051418107,115.37444968926947,0.4455151277160212,-1.0177941065502631,69.79189975385992,0.4670655914932599,77.3722797606917,72.51962827050482
20200415,14192870,120.86,123.42,119.59,121.22,117.578,115.728,111.6215,118.34706701497623,115.57610631253868,114.63150805203087,116.86294489457092,118.28470323295494,115.42296048022989,0.9445982605078171,-0.6253156331386471,73.8262910798122,0.38875868051308626,80.30848801466547,75.1159148518917
20200416,12020150,122.35,122.5,119.9,121.5,118.85799999999999,116.94500000000001,111.824,119.39804467665083,116.48747457214812,115.14028523336191,117.01497948819154,118.33784863406314,115.4733923434645,1.3471893387862082,-0.23081463875367608,69.38495332235036,0.3821363202003032,81.33599316317951,77.18927428898763
20200417,15899790,122.45,124.99,120.54,124.69,120.864,117.974,112.51700000000001,121.1620297844339,117.7494015610484,115.84767151237213,117.26661950497214,118.44284287151665,115.54987871405815,1.9017300486762707,0.1956942987323133,69.71754481260183,0.3472023013563081,86.79571415245225,80.3914209101425
20200420,10832030,121.47,123.23,120.54,120.6,121.79400000000001,118.526,113.42549999999999,120.97468652295593,118.18795516704095,116.199695844789,117.37591066874354,118.47849836124365,115.59178843427344,1.988259322251949,0.5542073034362405,57.760532150776044,0.40107002438292383,80.05218211839033,80.27834131289177
20200421,9465410,119.5,120.3,118.43,119.68,121.53800000000001,118.71300000000001,114.52449999999999,120.54312434863729,118.41750052595773,116.45749615258241,117.45145458124375,118.49835789246278,115.62571550120893,1.9600043733753267,0.8353667174240578,65.125,0.39164932458417034,73.2208759184801,77.92585284808789
20200422,10260970,119.99,120.28,118.78,119.4,121.174,119.376,115.33099999999999,120.16208289909153,118.568654291195,116.67545940053927,117.51534131628493,118.51326106779398,115.65703736426944,1.8931948906557352,1.0469323520703933,65.92850363808923,0.3126554932588666,66.39633486140434,74.08268018586003
20200423,17277010,118.65,119.67,118.05,119.4,120.75399999999999,119.806,116.255,119.90805526606103,118.69655363101116,116.87727722272155,117.57713340427559,118.52791790964862,115.68809929485641,1.8192764082896105,1.2014011633142367,59.41974378296911,0.3033944971968287,61.84664082335384,70.00400039835796
20200424,12751920,119.1,119.76,118.62,118.78,119.572,120.218,116.825,119.53203684404069,118.70939153393252,117.0182196506681,117.61657165331573,118.53208455577014,115.71375822187005,1.691171883264417,1.299355307304273,56.98640483383686,0.3043208410972362,50.880216689253444,63.62940582865645
20200427,10635680,119.19,119.19,116.9,117.45,118.94200000000001,120.36800000000001,117.18900000000001,118.8380245626938,118.5156389902506,117.05020338024823,117.61111028763324,118.51419886063346,115.72816686733171,1.4654356100023591,1.3325713678438902,49.282296650717704,0.30883055100123163,36.186316688591695,54.48170944863487
20200428,9957960,117.1,117.91,116.17,116.89,118.38400000000001,119.96100000000001,117.2835,118.18868304179587,118.2655406840582,117.0383364631928,117.58746732738297,118.48735259847423,115.73780863606756,1.2272042208653886,1.31149793844819,60.000000000000014,0.21982786758275902,26.845299561101946,45.269572819457224
20200429,8707867,117.52,118.045,115.0761,117.08,117.92,119.547,117.6375,117.81912202786391,118.08314980958771,117.04142265110445,117.57082905435401,118.46409057205318,115.74894715361057,1.0417271584832548,1.257543782455203,55.3629469122427,0.21950779663064277,24.63454444895945,38.39123002929129
20200430,10026380,115.92,118.28,115.66,117.87,117.614,119.184,118.0645,117.83608135190929,118.0503575311896,117.10279875102265,117.58063793781781,118.45427089317627,115.76654925192086,0.9475587801669576,1.195546781997554,58.53269537480066,0.22341372346531765,27.844557981037354,34.87567267987331
20200501,7366547,117.6,118.37,116.32,116.82,117.22200000000001,118.397,118.1855,117.49738756793953,117.86107175716043,117.08185069539134,117.5556989890369,118.42725815114031,115.77529158178045,0.7792210617690927,1.1122816379518619,52.34248788368333,0.16313371328957063,29.690740179704925,33.14736184648385
20200504,5635970,117.09,117.2,115.0,115.77,116.886,117.91400000000002,118.21999999999998,116.92159171195969,117.53936840990498,116.9846765698068,117.49715148119962,118.38333652880742,115.7752476682387,0.5546918400981866,1.000763678381127,32.238193018480516,0.08448627633422809,24.654937897581036,30.31655386351624
20200505,5425339,115.8,117.26,115.21,116.01,116.71,117.547,118.13,116.61772780797314,117.30408096222729,116.91247830537667,117.44839241624226,118.34410782585194,115.77719582036951,0.39160265685062257,0.878931474075026,32.145305003427055,0.08679794218082144,23.50945439670671,28.047520707913062
20200506,7892197,115.54,116.14,112.89,113.1,115.91400000000002,116.917,118.14649999999999,115.44515187198209,116.65729927573078,116.6300725049784,117.30582217308677,118.25742835765604,115.75497842766936,0.027226770752378116,0.7085905334104965,25.609756097561004,0.1367425438963448,16.69189245078843,24.262311288871516
20200507,8764179,114.06,114.14,111.82,112.17,114.774,116.194,118.0,114.35343458132141,115.96694554100297,116.2996967638689,117.13743456085442,118.15680970711628,115.72522756934845,-0.33275122286592307,0.5003221821552126,8.155080213903815,0.13412289084272452,12.71092242083321,20.411848332858746
20200508,9283095,113.52,116.3,113.39,115.95,114.6,115.91100000000002,118.0645,114.88562305421428,115.96433853469482,116.2737932998786,117.09850228017066,118.12033351361023,115.72709290072315,-0.3094547651837871,0.3383667926874127,34.12969283276456,0.23098668093636604,29.49175998539009,23.438485550369194
20200511,6947540,115.75,116.01,114.92,115.31,114.50800000000001,115.697,118.03249999999998,115.02708203614286,115.8636710678187,116.20240120359131,117.03986286114868,118.07388171999685,115.72363154884994,-0.33873013577260735,0.2029474069954087,34.79471120389702,0.22703490505258098,37.42198757295728,28.099652891231887
20200512,6734364,115.2,115.9,114.14,114.55,114.21599999999998,115.463,117.71199999999999,114.86805469076191,115.66156782661582,116.0800011144364,116.95822801324216,118.01563574115393,115.71389186794663,-0.41843328782057654,0.07867126803221165,33.670033670033675,0.22779988704131773,38.84112148629721,31.680142422920326
20200513,9312622,114.28,115.35,113.725,113.92,114.38,115.147,117.34700000000001,114.55203646050795,115.39363431482877,115.92000103188556,116.8586139800211,117.94793928262247,115.6990047985031,-0.5263667170567885,-0.042336328985588374,32.2997416020672,0.22745708548793225,36.58110389162819,33.31379624582294
20200514,9310039,113.54,114.45,111.25,113.81,114.708,114.74100000000001,116.9625,114.30469097367198,115.14999826639358,115.7637046591533,116.7586594232991,117.87954359200062,115.68332841013378,-0.6137063927597239,-0.1566103417404155,33.40013360053443,0.22228579217271907,38.58596055337608,35.07118434834065
20200515,10695110,113.93,114.79,112.05,114.61,114.44000000000001,114.51999999999998,116.4585,114.40646064911466,115.06692161002533,115.67824505477158,116.68821157335486,117.82550154915764,115.67442112042313,-0.6113234447462474,-0.2475529623415819,40.16620498614959,0.2254032955917322,44.35958102338215,38.16731657335448
20200518,10021010,116.03,116.99,114.71,116.21,114.62,114.564,116.239,115.00764043274312,115.2427798238676,115.71763430997369,116.67253250537601,117.79879904421288,115.67886575842792,-0.4748544861060964,-0.2930132670944848,47.80361757105942,0.2334072096380665,58.37677062418274,44.9038012569639
20200519,8047555,115.09,115.635,112.34,112.44,114.19800000000001,114.207,115.877,114.15176028849541,114.81158292788797,115.47484658330897,116.5337609478227,117.71022385339946,115.65198720441607,-0.6632636554210052,-0.36706334475978886,37.82791185729277,0.2816971174690414,45.828416188479544,45.212006234135785
20200520,6593798,113.0,113.77,112.13,113.28,114.07000000000001,114.225,115.571,113.86117352566362,114.57595478513598,115.31226535491571,116.42708026100884,117.6369970128474,115.63230266330059,-0.7363105697797323,-0.44091278976377757,37.9905808477237,0.2587309469268131,42.34089534516524,44.2549692711456
20200521,6552661,112.8,113.2,111.43,111.62,113.63199999999999,114.17,115.18199999999999,113.11411568377575,114.12119251049967,115.03876421751454,116.2694710721233,117.53754251676729,115.59900554576284,-0.9175717070148721,-0.5362445732139965,36.81541582150104,0.26582131392196295,30.375927907229812,39.62862214984033
20200522,5572017,112.29,113.6,111.76,112.6,113.22999999999999,113.835,114.87299999999998,112.94274378918384,113.88716289349972,114.85811501621717,116.14916054516843,117.45593024376288,115.57411753293493,-0.9709521227174491,-0.6231860831146872,41.93384223918574,0.2068805173166722,28.090339859175245,35.78252805295197
20200526,10432430,114.15,114.15,111.68,112.03,112.394,113.50699999999999,114.602,112.6384958594559,113.601445525269,114.6486250150159,116.01410610106454,117.36624544634532,115.54470576917615,-1.0471794897468953,-0.7079847644411288,40.04004004004002,0.20674624062656796,23.25650996418885,31.607188690030927
20200527,8279675,112.5,113.97,111.82,113.89,112.684,113.441,114.452,113.05566390630393,113.64583852138146,114.59243056945917,115.94446327807881,117.3087868439264,115.5309737710917,-0.9465920480777044,-0.755706221168444,52.08663497094561,0.2246980587619372,30.83535042908759,31.34990926971648
20200528,6593613,115.53,116.99,114.8995,116.06,113.24000000000001,113.655,114.401,114.0571092708693,114.01724797963047,114.7011394161659,115.94825136732213,117.28814573906811,115.53536403025277,-0.6838914365354327,-0.7413432642418418,59.64303420922163,0.24064751938286752,48.31469405104643,37.00483753015979
20200529,7987916,116.13,116.72,114.62,115.92,114.1,113.86600000000001,114.30349999999999,114.67807284724621,114.30997905968732,114.7914253853388,115.94732509298369,117.26553175990998,115.53855603000171,-0.4814463256514756,-0.6893638765237686,49.9092558983666,0.24072157551904225,59.12826126184873,44.37931210738943
20200601,5106119,116.0,117.5,115.26,117.25,115.03,114.13000000000002,114.325,115.53538189816415,114.76228997358159,114.97354202346185,115.99003574567274,117.26527503660569,115.55275888452452,-0.21125204988025814,-0.5937415111950666,55.63298490127759,0.24399493631726027,71.37930212624072,53.379308780339855
20200602,6327940,117.07,118.14,116.815,118.06,116.23600000000002,114.31500000000001,114.4395,116.37692126544277,115.26962997764596,115.20216854024245,116.05790342614249,117.27841098641386,115.57356586473594,0.06746143740350874,-0.46150092147535154,60.16213086276784,0.2378290598236898,80.52211795996774,62.426911840215816
20200603,6170999,118.1,119.19,117.95,118.53,117.16400000000002,114.924,114.5655,117.09461417696185,115.77122536570043,115.44867457429856,116.13895577282634,117.29909840812603,115.59810058785017,0.3225507914018664,-0.30469057889990797,63.47165400350674,0.15221648189590714,84.17969376025341,69.67783914689501
20200604,6895854,118.0,118.825,115.57,116.05,117.16199999999999,115.201,114.71300000000001,116.74640945130791,115.81411377097729,115.4932171984246,116.13603919011071,117.27845215344627,115.60185079044062,0.3208965725526838,-0.17957314860938964,55.74948665297741,0.1964213613319611,75.51615624851335,71.62394484743446
20200605,7337829,116.25,118.83,116.05,118.33,117.644,115.87199999999999,115.021,117.27427296753861,116.20117319082694,115.70334925780055,116.20797233141855,117.29583310958766,115.62449103284361,0.49782393302638184,-0.04409373228223534,58.87404580152673,0.18844562535513043,79.86030478706925,74.36939816064606
20200608,6926693,117.44,119.12,116.84,119.05,118.00399999999999,116.51700000000001,115.176,117.86618197835908,116.63945423839202,115.95124931277829,116.301153566454,117.32482760364407,115.65291849315196,0.6882049256137321,0.10236599929695817,57.07171314741037,0.18783650446807426,85.9403388765898,78.22637839929396
20200609,5563215,119.4,119.76,118.15,118.34,118.05999999999999,117.148,115.32750000000001,118.02412131890605,116.90107666325478,116.12819380812805,116.36800099050468,117.34160731267475,115.67521792474406,0.7728828551267384,0.23646937046291422,67.33254994124562,0.18917628378499707,81.4180728697369,79.29027655610827
20200610,6678195,119.0,119.89,118.11,119.23,118.2,117.68199999999999,115.5615,118.42608087927071,117.25937256121559,116.3579572297482,116.46183702360288,117.3728204149446,115.70471819092876,0.9014153314673905,0.3694585626638095,67.42823667252492,0.18067908212099087,83.43747552479616,80.67267621233756
20200611,8937510,118.81,119.57,116.0,116.26,118.242,117.702,115.67849999999999,117.70405391951381,117.10562293641318,116.35070113865574,116.45521941627163,117.35442668907775,115.70932633872188,0.7549217977574472,0.4465512096825371,62.62241566920567,0.21210017518305774,62.82440772927376,74.72325338464962
20200612,7998614,116.59,118.05,115.26,115.62,117.7,117.67199999999998,115.769,117.00936927967588,116.8770655615804,116.29657512838494,116.42783517311518,117.32575847934093,115.7085850413051,0.5804904331954504,0.47333905438511975,58.370288248337054,0.21379477308763245,44.474731142769976,64.6404126373564
20200615,8787028,114.55,117.28,113.76,116.69,117.22800000000002,117.61599999999999,115.873,116.90291285311726,116.84828624441418,116.32571771146755,116.43643074120976,117.31525007472374,115.7167295637839,0.5225685329466359,0.483184950097423,62.56742179072276,0.21101222812758794,45.58239281187381,58.28773936219554
20200616,8167289,118.53,118.97,116.93,118.13,117.186,117.623,115.96899999999998,117.31194190207817,117.04547297604277,116.45936825135884,116.4919576021537,117.3287170156374,115.73675670433342,0.5861047246839348,0.5037689050147254,61.69977924944811,0.21720816144251537,54.15117650209746,56.90888507549617
20200617,6321110,118.39,119.11,117.44,117.93,116.926,117.56300000000002,116.24350000000001,117.51796126805213,117.18155405665158,116.56830393644337,116.53910653323062,117.3386555773624,115.75495789350907,0.6132501202082068,0.5256651480534217,55.78947368421054,0.21630979274229808,58.776151382039984,57.53130717767744
20200618,6274391,117.46,119.96,117.37,119.28,117.53,117.88600000000001,116.5435,118.10530751203476,117.50439189408979,116.76917031152163,116.62897189279683,117.37074391492666,115.78421135497373,0.7352215825681583,0.567576434956369,59.677419354838726,0.19223268713114428,68.86152027619872,61.30804487718453
20200619,17489810,120.49,121.82,118.83,118.92,118.19000000000001,117.94500000000001,116.9085,118.37687167468985,117.72217775653752,116.9284910291867,116.70408756844283,117.39635145352293,115.81023449725612,0.793686727350817,0.6127984934352586,55.09456985967054,0.17170086156593134,67.24763055634092,63.28790677023666
20200622,5695640,118.78,119.08,117.34,117.75,118.402,117.81499999999998,117.16600000000001,118.16791444979324,117.7264581016856,116.98934354554324,116.73837977931355,117.40219688404322,115.82633213628304,0.7371145561423589,0.6376617059766787,49.07462686567164,0.17543055773365568,61.332994399016364,62.636269313163226
20200623,5340538,118.67,119.19,117.65,117.73,118.322,117.75399999999999,117.451,118.02194296652884,117.72700300911858,117.04420698661411,116.7708919176967,117.40761511736483,115.84213020984086,0.682796022504462,0.6466885692822354,47.54601226993865,0.1735264298276597,57.30719064152788,60.859909755951435
20200624,6547849,117.22,117.96,116.28,116.42,118.02000000000001,117.473,117.57750000000001,117.4879619776859,117.52592562310033,116.99796943205011,116.75938726465746,117.39129090054888,115.8469258097592,0.5279561910502224,0.6229420936358329,51.222736285525464,0.17460175703650802,49.205620890877974,56.97514680092694
20200625,5489336,116.99,118.03,116.025,117.89,117.742,117.63600000000001,117.66900000000001,117.62197465179061,117.58193706570029,117.06404577041677,116.79645653466869,117.39953402615966,115.86388078229233,0.5178912952835191,0.6019319339653701,48.463687150838,0.1391512986446147,49.883978856945944,54.61142415293327
20200626,23201710,117.59,118.47,115.04,115.23,117.00399999999999,117.59700000000001,117.6345,116.82464976786041,117.22010059405409,116.92819052816368,116.74509730402382,117.36367395961157,115.85862036086252,0.2919100658904057,0.5399275603503773,38.25338253382533,0.17938790517390468,34.19010586529925,47.80431805705526
20200629,6866923,116.51,118.05,116.35,117.66,116.98600000000002,117.694,117.65500000000002,117.10309984524028,117.28777742573807,116.9823986371886,116.77509411372795,117.36857191069238,115.87356956948607,0.30537878854947564,0.49301780599019696,48.10901001112345,0.2021697502285353,35.67442652573537,43.76102087994863
20200630,7818122,117.97,119.99,117.8,119.57,117.354,117.838,117.7305,117.92539989682686,117.63888859100913,117.17407281221166,116.86673037229424,117.40495915183797,115.90424534069365,0.4648157787974725,0.4873774005516521,50.89473684210524,0.2083722969240168,46.05433744783536,44.52545973591087
20200701,6501237,119.65,120.39,118.9,119.98,118.06599999999999,118.04299999999998,117.803,118.61026659788457,117.99905957700773,117.38191927056636,116.96880478631738,117.44752181048528,115.93806903081237,0.617140306441371,0.5133299817295959,61.31386861313871,0.20799863597555296,54.990010609274734,48.01364336036549
20200702,6150890,121.0,122.57,120.53,120.88,118.66399999999999,118.203,118.0445,119.36684439858972,118.442281180545,117.64103636163551,117.0970406949627,117.50425698717149,115.97908090607534,0.8012448189094812,0.570912949165573,65.74850299401199,0.20422283322036913,62.51215404053463,52.8464802537552
20200706,6023276,121.77,122.41,120.88,121.63,119.944,118.474,118.2095,120.12122959905982,118.93269946046115,117.93651514966251,117.2456623115213,117.5724510865571,116.02597650021579,0.9961843107986397,0.6559672214921863,65.0793650793651,0.20398234138270424,70.84696944889117,58.846643318800524
20200707,6866456,121.3,123.25,120.89,122.22,120.856,118.921,118.36800000000001,120.82081973270655,119.4384380050056,118.25381032376158,117.40875535048781,117.64927007686194,116.0773791848613,1.1846276812440095,0.761699313442551,63.168061815840346,0.19369176877775568,76.38275429763672,64.69201364507926
20200708,6494002,122.15,123.24,122.0,122.89,121.52000000000001,119.43700000000001,118.59549999999999,121.51054648847104,119.96944754269704,118.59723178126073,117.58846828981608,117.73589371195514,116.1339154571861,1.3722157614363084,0.8838026030413025,65.5,0.19269239683702602,82.79353737585038,70.72585488866963
20200709,5341048,122.82,123.98,121.81,122.48,122.02000000000001,120.043,118.758,121.8336976589807,120.35568638228212,118.88484424190808,117.74884637867456,117.81430869192283,116.18658005920116,1.4708421403740317,1.0012105105078484,60.62416998671981,0.18001336275375626,82.93618375392262,74.79596451042062
20200710,6752789,122.57,124.5,122.47,123.89,122.622,120.64299999999999,119.1395,122.51913177265381,120.8994269388541,119.25559652028527,117.9501956777344,117.91473334164313,116.25050885539036,1.6438304185688395,1.1297344921200467,65.4252017380509,0.17893435142182065,86.1292349770527,78.57372133263131
20200713,7681479,124.0,125.585,123.34,124.05,123.106,121.525,119.56099999999999,123.02942118176921,121.38413048672271,119.61073751878266,118.15018926207097,118.01614270789696,116.3152349229805,1.7733929679400546,1.2584661872840484,70.8609271523179,0.10694098348406961,84.18035489585574,80.44259918703945
20200714,6272344,123.99,125.66,123.5,125.09,123.67999999999999,122.268,119.981,123.71628078784615,121.95426425799614,120.01660881368764,118.37772404036372,118.13306596892346,116.38805455017568,1.9376554443085041,1.3943040386889396,72.8287841191067,0.08047937653467291,86.64291904299655,82.50937247235848
20200715,8145042,125.98,126.9,124.26,124.5,124.002,122.76100000000001,120.29950000000001,123.97752052523077,122.34591591061212,120.3487118645256,118.57845439969604,118.23830454794953,116.45537359955182,1.997204046086523,1.5148840401684565,76.23376623376625,0.07642699023691724,78.53640966027083,81.18505153499592
20200716,3959345,125.08,125.52,123.91,124.76,124.458,123.239,120.64099999999999,124.23834701682053,122.71731346282564,120.67547394863482,118.78112802593552,118.34610116699169,116.52429166096633,2.0418395141908263,1.6202751349729305,74.20718816067655,0.07696242301514257,73.84154885435555,78.73721730811579
20200717,4868609,125.09,126.065,124.83,125.63,124.806,123.71399999999998,120.9585,124.70223134454703,123.1654190839294,121.04247587836556,119.00568120541304,118.4664961890249,116.59985770527366,2.1229432055638284,1.7208087490911101,91.93548387096774,0.07638873935444145,75.51721670711885,77.66388377445014
20200720,4242084,125.47,125.84,124.79,125.24,125.04400000000001,124.075,121.27450000000002,124.88148756303136,123.48458537870948,121.35340359107923,119.21008510031753,118.57845492970218,116.67156013095604,2.131181787630254,1.802883356798939,86.58301158301158,0.08186911111120578,72.80715560435291,76.04497438441773
20200721,5163047,125.49,126.64,124.92,125.07,125.04,124.35999999999999,121.6405,124.9443250420209,123.72849532044648,121.62870702877706,119.40221345768416,118.68575319532694,116.74125672737965,2.0997882916694266,1.8622643437730366,81.90255220417632,0.08352081741415043,69.88715416190644,73.99236764358062
20200722,5929208,125.5,126.4,124.21,126.14,125.36800000000001,124.68499999999999,122.061,125.34288336134728,124.0994960403778,121.96287687849727,119.62312449185845,118.80896388631328,116.81925459686198,2.1366191618805317,1.9171353073945359,83.18965517241378,0.08759741147966987,74.20618403871262,74.06363977529128
20200723,6664788,126.12,127.18,125.6,126.16,125.648,125.053,122.548,125.61525557423153,124.41649664955045,122.27377488749747,119.83744827901063,118.93046861546513,116.89677115622412,2.142721762052986,1.962252598326226,81.42857142857142,0.08307293186540698,73.94995602580833,74.0257451921303
20200724,6014523,126.99,127.77,125.315,125.96,125.71399999999998,125.25999999999999,122.95150000000001,125.73017038282103,124.65395870346576,122.54682859953469,120.03818767969881,119.04665921686241,116.97198467359986,2.1071301039310697,1.991228099447195,77.57961783439487,0.07196770636582743,68.50371775647172,72.1850693802441
20200727,6464784,125.71,126.64,125.54,126.32,125.92999999999999,125.48700000000001,123.506,125.92678025521403,124.91027274908642,122.82632277734693,120.2441487393808,119.1668797256746,117.0495615642754,2.083949971739486,2.0097724739056533,76.90288713910756,0.07215200657584296,66.48088955785504,70.28367610611441
20200728,7644674,126.37,128.46,126.29,127.88,126.492,125.76599999999999,124.01699999999998,126.57785350347602,125.36715386461158,123.20066923828419,120.4945045184175,119.3108982426056,117.13944072141834,2.1664846263273887,2.0411149043900005,79.31844888366622,0.0827540895248671,73.40484212281902,71.32406477834928
20200729,6702034,127.56,129.24,127.36,128.31,126.926,126.14699999999998,124.454,127.15523566898402,125.81989942390211,123.57913818359647,120.750750271912,119.4596437261989,117.23214245817006,2.2407612403056447,2.0810441715731294,84.17350527549817,0.07419846193436647,76.10687287975871,72.91833414548576
20200730,10400730,130.66,132.03,129.65,131.42,127.978,126.81299999999999,125.026,128.57682377932267,126.6814533586864,124.15994276258932,121.10056173840668,119.65733556543529,117.3498840145338,2.521510596097073,2.1691374564779182,86.8035190615835,0.12378776883083607,81.47107808352195,75.76924879149782
20200731,8487840,130.007,131.21,129.27,131.12,129.01000000000002,127.36200000000001,125.53799999999998,129.42454918621513,127.36430668811926,124.67550255795308,121.42906791091794,119.84680109327934,117.46415883598995,2.688804130166176,2.2730707912155697,84.08871745419486,0.1282329240560557,83.76844250751421,78.43564669683661
20200803,7770344,130.47,131.92,130.47,131.29,130.004,127.96700000000001,126.02099999999999,130.04636612414342,127.96825950533167,125.16546533143804,121.75237715974029,120.0359448768615,117.57889610706057,2.8027941738936306,2.379015467751182,82.63157894736847,0.12346629910755835,86.02465647133509,80.96531662166944
20200804,7737154,130.77,133.93,130.7,133.79,131.18599999999998,128.839,126.59949999999999,131.29424408276228,128.8639118891268,125.80431975133152,122.14705331843733,120.26328463096297,117.71342808957459,3.0595921377952777,2.515130801760001,90.70990359333925,0.13537103721609917,90.14141346492946,84.02401556942277
20200805,5680385,133.59,134.65,133.12,133.44,132.212,129.56900000000002,127.127,132.00949605517485,129.56792544464577,126.36992569567734,122.51731386537381,120.48108157921152,117.8439390597856,3.197999748968428,2.651704591201687,87.73913043478272,0.14191664365731957,89.10695195108846,85.71832769664466
20200806,3974322,132.85,133.37,132.12,132.71,132.46999999999997,130.224,127.6385,132.24299737011657,130.0513215300849,126.83956082933086,122.85150029601729,120.68321246219976,117.96730886011933,3.211760700754027,2.763715813112155,81.16197183098609,0.14972689715700063,85.63954132999751,85.69206557442894
20200807,4934948,132.89,133.64,132.45,133.55,132.956,130.983,128.1215,132.67866491341107,130.58957975622567,127.33663039752858,123.20227077811508,120.89588663637828,118.0966257990395,3.2529493586970943,2.8615625222291428,85.18204911092313,0.14555587896466038,86.04039597438432,85.8081757077474
20200810,5812760,133.7,134.4399,133.185,134.1,133.518,131.761,128.624,133.1524432756074,131.12964440911404,127.83762073845239,123.55957337555392,121.11413644404145,118.22943388369478,3.2920236706616492,2.9476547519156444,87.0385561936015,0.1450261192427014,88.17873677670427,86.59836273073302
20200811,5330012,134.27,134.7399,132.795,133.23,133.406,132.296,129.031,133.1782955170716,131.4527760384811,128.23705623930778,123.87663654356855,121.31439865157796,118.35391990955624,3.215719799173314,3.0012677613671785,79.56630525437876,0.151896842598117,82.91789274574109,85.37153940240236
20200812,5920397,133.77,135.97,133.7,135.46,133.81,133.01100000000002,129.579,133.93886367804774,132.06927203256092,128.77208911047018,124.25641895197613,121.54821024411387,118.4958790804313,3.297182922090741,3.060450793511891,82.74647887323957,0.16295700351793824,86.07461506432495,85.60589795637655
20200813,4989503,135.08,135.87,134.93,135.78,134.42399999999998,133.447,130.13000000000002,134.55257578536518,132.64015325832077,129.29119362080573,124.63424128141953,121.78344643842605,118.6393157685605,3.348959637515037,3.1181525623125204,84.28770949720685,0.13025950030272856,89.56489489136816,86.92556360137375
20200814,5845231,135.61,135.64,134.55,135.1,134.73399999999998,133.84499999999997,130.6035,134.7350505235768,133.0185912185791,129.72147557482012,124.97738091153693,122.00355476175787,118.77591895720315,3.2971156437589855,3.1539451786018136,79.9863387978143,0.1337992193627069,87.54041696110184,87.1305147212831
20200817,5603971,134.94,135.7,134.66,135.5,135.01399999999998,134.266,131.1165,134.99003368238454,133.40034641572078,130.14951442112974,125.32238481607669,122.22663650123295,118.91470801150022,3.2508319945910387,3.1733225417996587,78.26409495548971,0.13350261498247373,87.62434723813716,87.29512556023445
20200818,8670776,135.81,137.52,135.42,136.51,135.67,134.53799999999998,131.6885,135.4966891215897,133.87875465945604,130.62066150104604,125.68919187128729,122.46272515410513,119.06072703215168,3.2580931584099915,3.1902766651217256,79.16073968705555,0.10833335956788788,85.51499692419009,86.70174934821966
20200819,6827671,135.54,136.32,135.5,135.77,135.73200000000003,134.77100000000002,132.17,135.58779274772647,134.16971548107819,131.00209398245005,126.01971017058935,122.68268011023564,119.19939319785996,3.1676214986281366,3.185745631823008,68.60564585115502,0.11213131121888516,78.83774285412808,84.08041385018913
20200820,4352541,135.24,136.98,135.19,136.85,135.946,135.185,132.7045,136.0085284984843,134.58206694552769,131.43527220597227,126.37480164040609,122.91685068692597,119.34587126260801,3.1467947395554177,3.1779554533694903,72.97514033680841,0.10850874290545816,81.16519717612057,83.10867495883295
20200821,5706678,136.6,138.101,135.91,137.44,136.41400000000002,135.574,133.27849999999998,136.4856856656562,135.02174895390803,131.88006685738173,126.73759502924523,123.15690274168753,119.49603000731666,3.1416820965262957,3.1707007820008517,73.85570209464711,0.1074148654393083,83.29093305898928,83.16942765888506
20200824,7420504,137.49,138.78,137.2,138.51,137.01600000000002,136.01500000000001,133.888,137.16045711043748,135.5584029609991,132.3711730160942,127.12357552008964,123.41067294430427,119.65382228941363,3.1872299449049137,3.174006614581664,70.59336823734738,0.10984939009402733,87.08896849601904,84.47594127126304
20200825,4718309,139.0,139.15,137.8,139.06,137.526,136.598,134.447,137.793638073625,136.09711019776847,132.8666416815687,127.51493369975883,123.66933950720833,119.8148694073438,3.230468516199778,3.185298994905287,74.09948542024023,0.0970103222035173,90.74047175096919,86.56411809783175
20200826,4746223,138.57,139.32,138.25,138.39,138.04999999999998,136.891,134.951,137.99242538241668,136.44986247503485,133.27577933478582,127.8714932505864,123.91265620956854,119.96901986869365,3.1740831402490244,3.1830558239740347,74.48275862068958,0.0807686871184322,87.32802938534206,86.81875519366852
20200827,6156418,138.84,139.69,138.18,138.21,138.322,137.134,135.2905,138.06495025494448,136.72065286349104,133.64127716183873,128.2104606849934,124.1489759416418,120.12039729716922,3.0793757016523102,3.16231979950969,71.29798903107866,0.0823835468816935,81.7441998420505,85.12723674312917
20200828,4166280,138.32,138.91,136.95,138.77,138.588,137.501,135.673,138.29996683662966,137.03593703833857,134.02118255725807,128.5566750887641,124.39064576078822,120.27516578432964,3.0147544810805016,3.1328067358238525,71.32420091324211,0.07447456067280825,81.01465174655229,83.75637507760354
20200831,5597152,138.19,138.73,137.82,138.33,138.552,137.78400000000002,136.025,138.30997789108645,137.23502364782496,134.3403542196834,128.8771119710997,124.62104831019668,120.42499843342235,2.8946694281415546,3.085179274287393,74.2395437262359,0.07946043142470523,77.26902709029423,81.59392574850042
20200901,5672308,137.86,138.22,137.07,138.18,138.37600000000003,137.95100000000002,136.24450000000002,138.26665192739097,137.38040462508266,134.62477242563278,129.18212469335873,124.84516321416038,120.57234284476324,2.7556321994498774,3.01926985931989,66.11374407582943,0.07521974837822287,73.66083287501104,78.9495614573373
20200902,8384795,138.11,141.44,137.61,140.51,138.8,138.425,136.598,139.01443461826065,137.8618808366084,135.06071520891925,129.55353044111746,125.10408613624038,120.73780058049135,2.8011656276891586,2.9756490129937436,72.63157894736845,0.09677069572635426,76.83476863156247,78.24463051541235
20200903,7277910,140.74,141.7,137.09,138.26,138.81,138.56599999999997,136.87550000000002,138.76295641217376,137.92312993866864,135.29769926751783,129.83898845944148,125.32153925795542,120.88321302380677,2.6254306711508093,2.905605344625157,63.144758735440966,0.1305840050614537,60.41616154384867,72.30180752489113
20200904,7437835,137.81,139.19,136.12,137.96,138.648,138.618,137.096,138.4953042747825,137.92880225579654,135.49490672918319,130.10525113290242,125.53043943550989,121.024929098298,2.4338955266133553,2.8112633810227967,60.31879194630882,0.1301289639325524,51.26907782732091,65.29089762570106
20200908,6847640,138.52,138.64,135.038,135.94,138.17000000000002,138.361,137.18800000000002,137.64353618318836,137.62283267798168,135.52787660109553,130.2965543744466,125.70249828781552,121.14870562030383,2.094956076886149,2.6680019201954672,47.79582366589329,0.14160751873877372,38.6925444296619,56.424779893688005
20200909,6002891,136.42,139.56,136.27,138.15,138.16400000000002,138.27,137.434,137.8123574554589,137.70393534290758,135.72210796397735,130.55404439495655,125.90824211776899,121.28979520021832,1.9818273789302339,2.530767011942421,58.263888888888886,0.1642735676022796,41.365929249515446,51.405163012297145
20200910,5242617,138.12,138.715,136.51,136.7,137.402,138.10100000000003,137.496,137.4415716369726,137.54948375169104,135.79454441109013,130.7555511361055,126.08661828111165,121.41768071722896,1.754939340600913,2.3756014776741194,49.49221394719023,0.1700931591851056,35.893107241095876,46.234477755230046
20200911,4398051,137.69,138.66,137.16,138.14,137.378,138.094,137.614,137.67438109131507,137.64033240527704,135.96828186212048,130.99766421361025,126.28584773101065,121.55645515111088,1.6720505431565584,2.2348912907706073,52.24071702944938,0.17898589910738416,39.44960276595417,43.97285275880475
20200914,4767466,138.44,139.58,138.33,138.63,137.512,138.08,137.7905,137.99292072754338,137.79258895831134,136.16544616863007,131.2479047311968,126.4898833057047,121.69814431998134,1.6271427896812725,2.1133415905527406,50.39893617021278,0.17871188503819654,44.27231598386736,44.07267383382562
20200915,4046529,138.79,139.77,138.39,138.63,138.05,138.10999999999999,137.94699999999997,138.20528048502894,137.92142142626344,136.3480057116945,131.48994064164935,126.69054639156082,121.83865764512673,1.573415714568938,2.00535641535598,48.516218081435454,0.17797338688831027,47.487458129142816,45.21093526559802
20200916,6050037,139.57,140.17,137.6,137.7,137.95999999999998,138.062,138.00650000000002,138.03685365668596,137.88735659145368,136.44815343675415,131.69354914520184,126.87252083136974,121.97028704226261,1.439203154699527,1.8921257632246897,47.66101694915255,0.18101914934761826,44.977628945897,45.13316649236434
20200917,4648708,137.06,137.88,136.19,137.52,138.12399999999997,137.763,138.094,137.86456910445733,137.8308401927685,136.52754947847606,131.884580320769,127.04851222258678,122.09933030332267,1.3032907142924444,1.7743587534382408,47.66101694915255,0.1569381046099382,46.106156371829556,45.45749645218608
20200918,10192780,136.91,137.93,136.26,137.37,137.97,137.67399999999998,138.12,137.6997127363049,137.75994170157335,136.58995322081117,132.06443014631756,127.21911532634569,122.2260578526727,1.1699884807621856,1.6534846989030298,45.11854951185494,0.13839647843199518,45.88422895560268,45.59974061999161
20200921,7092706,137.0,137.47,134.7,136.71,137.586,137.549,138.08350000000002,137.36980849086993,137.5984122090236,136.59884557482516,132.21674391201208,127.37598945318295,122.34625654269202,0.9995666341984304,1.52270108596211,44.436813186813175,0.13969798056709054,42.83811485522823,44.67919869840381
20200922,4723016,136.49,139.03,136.24,137.96,137.452,137.751,138.05599999999998,137.5665389939133,137.65404109994304,136.69967182854182,132.40504739030675,127.55093177627084,122.4758311771925,0.9543692714012195,1.409034723049932,49.297573435504475,0.1256224427465083,48.42467864205965,45.92769201295575
20200923,6374016,138.42,138.42,136.09,136.31,137.174,137.56699999999998,137.9185,137.14769266260888,137.44726554610565,136.67080724864985,132.53307862341143,127.69570976343992,122.59063755746477,0.7764582974558039,1.2825194379311065,35.98130841121501,0.11388977372559454,42.09420989300024,44.649864639637244
20200924,5708196,136.665,137.15,135.71,136.92,137.054,137.589,137.845,137.07179510840592,137.36614776978172,136.6892659709721,132.67691211116843,127.8481773706558,122.70955342835718,0.6768817988096316,1.1613919101068115,44.9775112443778,0.10542446856337609,41.59114297558943,43.6302907516213
20200925,4970184,135.89,137.99,135.89,137.62,137.10399999999998,137.53699999999998,137.8155,137.25453007227063,137.40520195904608,136.75820923238157,132.83898056653996,128.00969510006647,122.83329157417995,0.6469927266645072,1.0585120734183506,48.762736535662285,0.09472669602049875,45.521456682081045,44.260679395107886
20200928,5810836,138.56,139.94,137.78,138.01,137.36399999999998,137.475,137.7775,137.50635338151375,137.49824781150053,136.8509344744274,133.00852218730913,128.17498939593315,122.9592393619461,0.6473133370731432,0.9762723261493091,58.5466556564822,0.09404370649215471,50.51826545411133,46.3465414147757
20200929,4493156,138.39,138.42,136.66,137.26,137.224,137.33800000000002,137.724,137.42423558767584,137.46159430203892,136.8812356244698,133.1479149024793,128.3251548604632,123.07791787346522,0.5803586775691087,0.8970895964332691,45.82159624413139,0.096925600672303,49.9638309134279,47.552304580993095
20200930,8727963,138.16,139.85,137.81,138.99,137.76,137.467,137.7645,137.94615705845058,137.69673364018678,137.0374403930276,133.3394586761685,128.50143329252165,123.20996834754436,0.6592932471591837,0.8495303265784521,60.47575480329377,0.1106144998606737,60.599296944829874,51.901302035605354
20201001,5713511,139.58,139.99,138.21,139.24,138.224,137.63899999999998,137.701,138.37743803896706,137.9341592340042,137.20059295650702,133.53291904744165,128.6789302628932,123.3429976558635,0.7335662774971752,0.8263375167621967,55.64681724846007,0.11001640143320972,69.00696670928168,57.603190260164126
20201002,6077907,137.93,139.12,136.95,138.12,138.324,137.714,137.69400000000002,138.29162535931138,137.9627501210805,137.26869718195096,133.68331514424685,128.8349810023495,123.46562838071111,0.6940529391295343,0.7998806012356643,47.540983606557425,0.11845625910015518,64.77411487783884,59.9934984660557
20201005,6333929,138.72,139.65,138.3,139.39,138.6,137.98200000000003,137.7655,138.65775023954092,138.18232702552964,137.42583072402866,133.87041956574694,129.00944412627763,123.59778084228198,0.756496301500988,0.7912037412887291,53.264604810996524,0.12117522453285247,71.84317938896403,63.94339210702514
20201006,6042878,139.42,140.77,138.81,139.61,139.07000000000002,138.147,137.94899999999998,138.97516682636063,138.401969021602,137.5876210407673,134.05860253080442,129.1846599258433,123.73066232906802,0.8143479808347251,0.7958325891979283,58.73741994510532,0.11511738962088158,73.58715253071912,67.15797891492312
20201007,4640939,140.08,141.39,139.37,140.7,139.412,138.586,138.0765,139.55011121757377,138.75551224904785,137.81816763034007,134.27635326749936,129.37499612541615,123.87148670807991,0.9373446187077832,0.8241349950998994,63.42905405405396,0.09461571364477919,78.20961683866125,70.84185822283582
20201008,4570134,140.56,141.93,140.3635,141.65,139.89399999999998,139.059,138.324,140.25007414504918,139.20081805688665,138.1020070651297,134.51811217676166,129.57788875144234,124.01902623747344,1.0988109917569489,0.8790701944313093,66.93037974683543,0.09600108728913541,83.70204689939845,75.12858778169003
20201009,6551774,141.84,143.64,141.7,142.92,140.85399999999998,139.589,138.56300000000002,141.1400494300328,139.7729998942887,138.45889543067565,134.7935839086711,129.79841951588133,124.1758807915193,1.3141044636130346,0.9660770482676544,73.43396226415086,0.09938172794109575,85.69630251745951,78.65115936027985
20201012,5791704,143.33,145.33,143.33,144.49,141.87400000000002,140.23700000000002,138.856,142.2566996200219,140.4986922182443,138.90564391729228,135.111499190354,130.04125555694117,124.34446269366438,1.593048300952006,1.0914712988045248,74.0604274134119,0.10476579052256912,87.12291289549012,81.47507720534993
20201013,4509433,143.82,144.84,143.46,144.21,142.79399999999998,140.93200000000002,139.135,142.90779974668126,141.0696626462067,139.29855918267805,135.4098106923096,130.27544967996695,124.50932192442235,1.7711034635286467,1.2273977317493492,82.37704918032784,0.09736413962262638,86.96022355323844,83.30345932131276
20201014,3860801,144.18,145.1,143.08,144.04,143.462,141.43699999999998,139.452,143.28519983112085,141.52663762371336,139.6497770209982,135.69276771879126,130.50296290839725,124.67140224040226,1.876860602715169,1.3572903059425132,80.27210884353731,0.09219498741475836,86.17555078569112,84.26082314277221
20201015,4997147,143.06,144.39,142.89,143.83,143.898,141.89600000000002,139.76749999999998,143.4667998874139,141.881001066219,139.95942316759093,135.9595622198145,130.72324451321714,124.83039475293005,1.9215778986280725,1.470147824479625,77.55102040816328,0.09503228932309331,83.6713249903659,84.06432375863676
20201016,6807859,144.42,145.87,143.92,144.39,144.19199999999998,142.523,140.11849999999998,143.77453325827594,142.26700090218532,140.28761404406566,136.23597001588615,130.94914129812264,124.99271512842441,1.9793868581196534,1.5719956312076309,77.88461538461537,0.07383802298640736,82.12649239206633,83.41837996977995
20201019,6427561,144.47,145.39,141.13,141.91,143.67600000000002,142.775,140.3785,143.15302217218397,142.2120776864645,140.40779078154227,136.4220037858571,131.1303125163355,125.13310753399766,1.804286904922236,1.618453885950552,67.65375854214128,0.12272938403572727,67.7766359536852,78.20446529774836
20201020,7585241,145.61,145.69,141.9,142.48,143.32999999999998,143.06199999999998,140.6045,142.92868144812266,142.2532965039315,140.5612877606873,136.6206266125503,131.31791065656137,125.27706514782341,1.6920087432442017,1.633164857409282,64.52955870108238,0.1231677130350923,57.996555086893345,71.46849522746335
20201021,5649652,142.49,144.3368,142.47,143.25,143.17199999999997,143.31699999999998,140.9515,143.0357876320818,142.40663550332664,140.760451630266,136.83798311705684,131.51513527380828,125.42621813414853,1.646183873060636,1.635768660539553,66.00159616919393,0.1208660915392791,53.572949523470385,65.50331332613236
20201022,4503323,141.49,142.75,141.08,141.45,142.696,143.297,141.178,142.5071917547212,142.25946081050716,140.81152928728335,136.98919678535006,131.67934791391065,125.55919557701867,1.447931523223815,1.5982012330764055,62.604087812263394,0.13529541124373443,38.2901083114018,56.432244987888836
20201023,4278287,141.76,142.88,141.76,142.38,142.294,143.243,141.416,142.46479450314746,142.27800530119836,140.92771230304012,137.16594443173202,131.85621819632536,125.69878731496873,1.3502929981582383,1.548619586092772,61.61616161616165,0.13171293186584115,34.57336378728098,49.14595125435288
20201026,5315562,141.5,142.05,140.01,141.3,142.17199999999997,142.924,141.58049999999997,142.07652966876498,142.12754294716785,140.9552891694816,137.301487237249,132.01231376332825,125.82825795965779,1.172253777686251,1.473346424411468,56.15440640932266,0.12075400891871942,30.38679315056512,42.89289855309029
20201027,6806665,141.94,143.34,141.65,142.36,142.148,142.73899999999998,141.8355,142.17101977917667,142.1633055706805,141.05934182359408,137.46734011471625,132.18334989947158,125.96545083966063,1.103963747086425,1.3994698889464594,56.05839416058404,0.12934526913009423,33.62532512654294,39.80370741090784
20201028,8192153,140.45,140.935,137.31,137.66,141.03000000000003,142.101,141.769,140.66734651945112,141.47048932903735,140.80753872555007,137.47365683226653,132.2738730416291,126.06250104016138,0.6629506034872747,1.2521660318546226,38.56733524355297,0.20086246301947322,23.779811766604926,34.46240886280687
20201029,5476878,137.35,139.09,135.7988,137.57,140.254,141.475,141.6855,139.6348976796341,140.870414047647,140.567721042176,137.47681562465124,132.3614123301972,126.15799895684054,0.3026930054709851,1.0622714265778952,33.5586969883221,0.2012089432926544,21.82214993434179,30.248989219985173
20201030,6422103,137.18,137.99,134.68,137.1,139.198,140.746,141.6345,138.78993178642273,140.29035034800899,140.31085281682962,137.46446101400693,132.43973609333443,126.24880394475059,-0.020502468820637887,0.8457166474981886,25.642715886618248,0.19653499233593194,21.874772677995917,27.457583705988753
20201102,6682895,138.51,140.0,137.4359,138.5,138.638,140.40500000000003,141.58999999999997,138.69328785761516,140.0149118329307,140.17671557113854,137.49841311190835,132.5399057446843,126.35047362155764,-0.1618037382078512,0.6442125703569808,32.47391037446282,0.19732252237717435,27.769054262065453,27.561407224680984
20201103,6244208,139.32,142.66,139.32,141.22,138.41,140.279,141.6705,139.53552523841012,140.2003100124798,140.25399589920235,137.62043235414086,132.68337837700358,126.47387218071484,-0.05368588672254759,0.5046328789410751,42.51592356687899,0.22216010954876325,43.68591300303976,32.936242484133906
20201104,5820621,140.46,143.0,140.27,140.64,139.006,140.018,141.6675,139.90368349227342,140.26795462594444,140.28258879555773,137.71943457203787,132.81489278399525,126.5914334074309,-0.014634169613287895,0.4007794692302025,41.69703279541899,0.21999246791579424,52.064665635590714,39.31238353461951
20201105,5673138,142.44,143.53,141.78,142.38,139.968,140.11100000000002,141.704,140.72912232818229,140.59288468349146,140.4379525884794,137.8722399959055,132.97299372971435,126.7224588563319,0.1549320950120716,0.35160999438657636,45.07111329082887,0.2211813591068594,63.71166032956516,47.44547579960139
20201106,4702528,142.67,144.07,142.38,143.23,141.194,140.19599999999997,141.71949999999998,141.5627482187882,140.99859473218507,140.6447709152587,138.04790425833482,133.1425310234381,126.85945089901794,0.353823816926365,0.35205275889453413,53.518123667377374,0.22079565525341863,72.82587791939059,55.905609839531124
20201109,12664660,146.15,146.92,137.6,137.99,141.09199999999998,139.86499999999998,141.3945,140.3718321458588,140.5357340041566,140.44812121783212,138.04600575806154,133.22265447759617,126.95182060110079,0.08761278632448466,0.29916476438052425,40.41826717883062,0.28454900076604706,57.564746499637316,56.45865539289986
20201110,7853955,138.1,140.6206,137.15,140.26,140.9,139.655,141.197,140.33455476390589,140.49331338813252,140.43418631280753,138.11859573320706,133.33897423829706,127.06226192391324,0.059127075324994394,0.2511572265694183,44.00320898515843,0.29517617078782227,53.5725760977974,55.496628961199036
20201111,5554342,141.85,143.0,140.65,142.07,141.18599999999998,140.096,141.0985,140.9130365092706,140.73588055918904,140.555357697044,138.24814997146257,133.4832887136971,127.18680746811313,0.18052286214503965,0.2370303536845426,51.24298315958301,0.2468200018322828,55.84032306301961,55.61119366180589
20201112,5632667,142.295,142.55,141.07,142.15,141.14,140.554,141.0145,141.32535767284708,140.9534373962369,140.6734793491148,138.37607948059494,133.62654013991698,127.31098333974705,0.2799580471220793,0.24561589237204995,49.522623495226256,0.24641465992001274,54.285906265827506,55.169431196479756
20201113,6467021,142.21,144.48,141.88,144.28,141.35,141.272,141.00900000000001,142.31023844856472,141.4652162583543,140.94062902695816,138.56965064516558,133.8026303855382,127.4518050547699,0.5245872313961399,0.30141016017686795,55.92680986475733,0.24927121306905226,60.51677272037769,56.95187837111239
20201116,7976828,144.78,144.78,141.265,142.43,142.238,141.665,141.035,142.35015896570982,141.6136445262998,141.05095280273903,138.6962194764716,133.94523153619048,127.57610542775937,0.5626917235607607,0.3536664728536465,50.13497878904742,0.26139081798820263,58.358844727266494,57.420867156497096
20201117,6396807,141.89,143.47,141.75,141.88,142.562,141.731,141.005,142.19343931047322,141.65462229148443,141.11236370623985,138.80060572314466,134.0763847339394,127.69480994703109,0.542258585244582,0.3913848953318336,59.68778696051424,0.2471611268303574,55.04373340057274,56.628489237855646
20201118,6097357,141.99,142.1,139.66,139.7,142.088,141.637,140.8275,141.3622928736488,141.35391116971758,141.0077441724443,138.83009406009072,134.16933705238668,127.79443808025076,0.34616699727328637,0.3823413157201242,54.46166736489315,0.25815759254094495,45.39592462119379,52.88430103230169
20201119,5284085,139.87,140.115,138.447,139.53,141.564,141.352,140.7315,140.75152858243254,141.07330945129948,140.89828164115212,138.85304179582545,134.25794305152078,127.89182863560137,0.17502781014735547,0.34087861460557045,55.15485787017396,0.24890892570166143,38.384045277998176,48.05088244753385
20201120,4727377,139.53,140.35,138.63,139.3,140.568,140.959,140.5775,140.26768572162172,140.800492612638,140.7798904084742,138.86769616317542,134.34128283579318,127.98650225688269,0.02060220416382208,0.2768233325172208,51.78571428571431,0.24537952026168616,34.98211144352349,43.694625446197065
20201123,4771187,139.32,139.95,137.8627,138.76,139.834,141.036,140.4505,139.7651238144145,140.48657067223215,140.63026889673534,138.86416514143195,134.41431948313544,128.07590887715753,-0.14369822450319703,0.19271902111313724,43.91691394658751,0.16570687651839905,27.645349051246875,38.34486664788034
20201124,7104103,138.83,139.84,138.07,138.31,139.11999999999998,140.841,140.248,139.280082542943,140.1517136457349,140.4583971266068,138.84599579253253,134.47871089663735,128.16083909394462,-0.30668348087189656,0.09283852071613048,44.20109507217525,0.1435259561899188,20.585697983528313,32.425143759762996
20201125,8411414,138.16,139.39,138.04,138.68,138.916,140.502,140.299,139.0800550286287,139.9252961617757,140.3266640061174,138.84055330753145,134.54815369173426,128.24813503507372,-0.40136784434170636,-0.006002752295436888,40.117521367521384,0.12514264489640245,17.662233208666308,27.504173576064098
20201127,4252166,138.59,138.89,137.53,138.61,138.732,140.148,140.351,138.9233700190858,139.7229429061179,140.19950370936797,138.83299418269436,134.6152916472428,128.3341256156955,-0.47656080325006656,-0.10011436248636282,37.12374581939804,0.12460445242057608,16.74033938049024,23.916228844206145
20201130,11640400,138.0,139.2,136.74,138.87,138.64600000000002,139.60700000000003,140.4395,138.90558001272387,139.5917209205613,140.1010219531185,138.8342074881798,134.68561740513962,128.42156025788893,-0.5093010325572038,-0.18195169650053103,53.39506172839505,0.08923200043892004,21.710003371044998,23.180820353152427
20201201,7169854,139.16,139.54,138.16,139.37,138.768,139.301,140.483,139.06038667514926,139.5576100097057,140.04687217881343,138.85177445578046,134.76304521662493,128.51241867898528,-0.48926216910771814,-0.24341379102196845,46.023235031277984,0.08113546562978279,30.829056973731504,25.73023256001212
20201202,6963009,139.37,139.94,137.485,138.36,138.778,138.949,140.33999999999997,138.8269244500995,139.37336231590484,139.9219186840865,138.8356507031319,134.82249901469726,128.59414134554973,-0.5485563681816643,-0.30444230645390763,32.14629451395581,0.08448074387857955,35.51115340261704,28.99053950754709
20201203,8742470,138.09,138.35,135.54,137.34,138.51000000000002,138.71300000000002,140.175,138.33128296673303,139.06053734422719,139.73066544822825,138.78661297516035,134.8641106012312,128.6667210854207,-0.6701281040010656,-0.37757946596333924,28.773168578993776,0.0577373958845225,36.14811474242391,31.376397919172692
20201204,6617372,137.21,137.86,135.87,137.47,138.282,138.507,139.92950000000002,138.04418864448868,138.81583929126916,139.5632087483595,138.7434453366305,134.90718315327697,128.73977734197322,-0.7473694570903433,-0.4515374641887401,13.504823151125322,0.05909994646612205,38.6868006068163,33.813198815053894
20201207,6918027,136.61,137.735,136.56,137.68,138.044,138.345,139.652,137.92279242965913,138.64109478492006,139.42371180403657,138.70857827641308,134.95301483669388,128.81397006112698,-0.7826170191165147,-0.5177533751742951,19.115734720416114,0.06079155724968377,42.0033216166655,36.54323974892443
20201208,6493708,137.02,138.78,136.43,138.05,137.78000000000003,138.274,139.65500000000003,137.9651949531061,138.5501571257016,139.32195537410794,138.68698554603887,135.0042046741039,128.89061761248692,-0.7717982484063555,-0.5685623498207072,24.500665778961462,0.0614448537282429,47.017365926261974,40.034615141370274
20201209,6773608,137.83,138.04,136.25,136.41,137.39000000000001,138.084,139.4625,137.44679663540407,138.22090218328597,139.10625497602587,138.61233028223432,135.02744096048235,128.95301912607624,-0.8853527927398943,-0.6319204384045447,26.398852223816405,0.08180999693499404,37.9358197084171,39.335016663719216
20201210,6800847,136.52,136.92,135.04,135.51,137.024,137.767,139.1345,136.80119775693606,137.80384030893427,138.83986571854246,138.5106145352758,135.03541714295372,129.00743390511295,-1.036025409608186,-0.712741432645273,23.89610389610388,0.08217041731917457,28.48782538384268,35.7192862370937
20201211,6548068,134.46,136.8,134.2001,136.51,136.83200000000002,137.55700000000002,138.85250000000002,136.7041318379574,137.6047879537136,138.6672830727245,138.44502061608642,135.05979041331813,129.0696958644066,-1.0624951190108902,-0.7826921699183965,33.53010625737892,0.09416985966248628,32.40617071385894,34.61491439601544
20201214,6485252,137.02,137.93,135.77,135.85,136.46599999999998,137.255,138.43099999999998,136.41942122530494,137.33482057621922,138.45859543770788,138.35993797293605,135.0728517288005,129.12596394851943,-1.1237748614886698,-0.8509087082324512,33.06169965075672,0.09349048024138115,31.18558154677247,33.471803446267785
20201215,5398197,136.39,137.54,136.24,136.65,136.186,136.983,138.142,136.49628081686998,137.2294635644932,138.32462540528508,138.3038744328398,135.0989202952666,129.18840408172673,-1.0951618407918886,-0.8997593347443388,40.71588366890384,0.09758613974966415,38.62119914205749,35.18826867819769
20201216,5382469,136.71,138.27,136.71,137.27,136.358,136.874,137.9115,136.75418721124666,137.23569993918653,138.24650500489358,138.2699769104516,135.13480591022088,129.2554712677705,-1.0108050657070464,-0.9219684809368803,42.328618063112124,0.09760967464200646,48.09074869912875,39.48909535184137
20201217,7405252,138.01,139.12,137.95,138.25,136.906,136.965,137.839,137.25279147416444,137.3917461023886,138.24676389341997,138.26932192978103,135.1862967216222,129.33011465973922,-0.8550177910313721,-0.9085783429557788,48.21782178217815,0.09731883058914957,59.49940371753401,46.15919814040558
20201218,19988800,138.26,140.07,137.45,139.04,137.41199999999998,137.122,137.8145,137.84852764944296,137.64532362509803,138.305522123537,138.29459006323083,135.2499942964714,129.41069462106918,-0.660198498438973,-0.8589023740524176,50.799623706491005,0.10025721781989627,67.15055337473697,53.15631655184937
20201221,6732371,137.96,138.43,136.22,137.52,137.746,137.106,137.7255,137.73901843296198,137.62604306739064,138.2473352995713,138.26919366771506,135.28751505190164,129.4779917611433,-0.6212922321806502,-0.8113803456780642,42.0600858369099,0.11558240341112666,63.61971336869673,56.644115490798484
20201222,5023425,137.29,138.07,136.38,136.55,137.726,136.956,137.615,137.342678955308,137.46049798009977,138.1216067588623,138.2128266622162,135.30838257170493,129.53668062619604,-0.6611087787625252,-0.7813260322949563,42.204995693367785,0.11892461715100221,55.75749223472448,56.34857440544048
20201223,6004252,137.39,137.55,136.13,136.34,137.54000000000002,136.949,137.5165,137.00845263687202,137.28811367546905,137.98963588783548,138.15142250935665,135.32543409944535,129.59313970813633,-0.7015222123664273,-0.7653652683092506,45.370370370370374,0.10442088257874356,49.32348690421867,54.00687857169987
20201224,2588169,136.2,138.13,136.2,137.72,137.43400000000003,137.17,137.4685,137.24563509124803,137.3545577253969,137.96966285910693,138.13727750904988,135.36501370110742,129.6605825321352,-0.6151051337100455,-0.7353132413894096,51.037344398340245,0.10815033498659687,47.99860367257986,52.0041202719932
20201228,3714683,138.15,139.3935,137.945,138.68,137.36200000000002,137.387,137.472,137.7237567274987,137.55847192148968,138.022280425099,138.15507168908104,135.41980686307258,129.73543246962785,-0.4638085036093287,-0.6810122938333935,53.90625,0.10762388490966796,53.572673175967054,52.52697123998448
20201229,5139415,139.22,139.94,138.2,138.42,137.54199999999997,137.644,137.4495,137.95583781833247,137.69101470279895,138.05174113435095,138.16375786320953,135.469396832278,129.80750356946496,-0.3607264315519956,-0.616955121377114,51.45784081954285,0.10402606318424527,55.08905792103381,53.38100013366759
20201230,3261417,138.6,138.9214,137.55,137.77,137.786,137.756,137.3695,137.89389187888833,137.70316628698373,138.03087142069532,138.1508477693338,135.50742333091804,129.87358237801712,-0.32770513371158927,-0.559105123844009,55.81196581196588,0.10596295350882265,50.6008271081005,52.45427579181189
20201231,4076415,138.31,139.29,137.39,139.14,138.346,137.94299999999998,137.4085,138.30926125259222,137.92421762744777,138.1130290932364,138.1832789900114,135.56746592048967,129.9504821093199,-0.18881146578863195,-0.4850463922329336,64.91372226787185,0.11351486668172642,59.199197767498404,54.70258311704072
20210104,8330985,139.66,139.86,136.35,137.82,138.36599999999999,137.9,137.4325,138.14617416839482,137.90818414630198,138.09132323447815,138.17136820345362,135.60469788874605,130.0157893117322,-0.1831390881761763,-0.4246649314215822,55.24419535628506,0.11973704224014979,54.251783638524714,54.55231662420205
20210105,6856411,137.99,138.92,136.27,138.7,138.36999999999998,137.86599999999999,137.494,138.3307827789299,138.03000196994782,138.1364104022946,138.18870039350432,135.6558599071139,130.08785745022405,-0.10640843234676822,-0.3610136316066194,61.21164437450828,0.12061928073172519,58.65254517283967,55.91905947374792
20210106,10577950,138.77,141.04,138.6,140.16,138.71800000000002,138.13,137.618,138.94052185261992,138.35769397457122,138.28630592805055,138.25333316748777,135.73030850369054,130.17144369545042,0.0713880465206671,-0.2745332959811621,63.12640239341812,0.11563361941608635,66.46082780701194,59.432982251502594
20210107,7355623,139.75,140.13,138.04,138.85,138.93399999999997,138.35999999999999,137.65800000000002,138.91034790174663,138.43343336309871,138.32806104449125,138.27289601445537,135.78187365238986,130.24346490959607,0.10537231860746488,-0.19855217306343673,55.61877667140821,0.1205765652556038,62.55790724324214,60.47462391541577
20210108,7448475,138.47,139.055,137.0,138.79,138.864,138.605,137.777,138.87023193449775,138.48828976877584,138.3622787448993,138.2898502434896,135.83159474904457,130.31439051200607,0.1260110238765435,-0.13363953367544068,52.054794520547915,0.11994771190941635,59.31533438857646,60.088194073135995
20210111,7240037,138.75,139.44,137.6,137.85,138.86999999999998,138.618,137.894,138.5301546229985,138.39009134281034,138.32433217120305,138.27542892403093,135.8649568193083,130.37692669032967,0.06575917160728295,-0.09375979261889596,45.522949586155,0.11744168477995644,50.58478616820534,56.92039143815911
20210112,6333531,137.85,138.25,136.24,137.05,138.54,138.45499999999998,137.921,138.03676974866568,138.18392344391643,138.2299371955584,138.23525092652173,135.88454430989825,130.43230489206968,-0.04601375164196497,-0.08421058442350976,48.13046937151949,0.11436873044646474,39.34819077880359,51.06299121837393
20210113,6078874,137.1,138.07,137.1,137.26,137.95999999999998,138.339,137.9915,137.77784649911047,138.04178137562158,138.1580899958874,138.2032754863079,135.90727911469332,130.48896626225996,-0.11630862026581212,-0.09063019159197024,53.005927180355556,0.11499712795043823,33.31546051920229,45.14714765198338
20210114,6172796,137.43,137.65,135.28,135.8,137.35,138.142,137.949,137.11856433274033,137.69689193321827,137.9834166628587,138.124479568724,135.905505906186,130.53304123103788,-0.2865247296404334,-0.1298090992016629,47.93261868300155,0.12330266123500831,25.21956627206085,38.50462052534253
20210115,7757624,135.25,136.2,134.66,134.78,136.548,137.70600000000002,137.8245,136.33904288849357,137.24813932810775,137.74612653968398,138.014824500897,135.88690250277796,130.5682857021496,-0.4979872115762305,-0.20344472167657643,38.42519685039365,0.11016859268813595,17.440003429022823,31.48308149323596
20210119,9184920,135.7,136.36,133.56,133.6,135.698,137.284,137.592,135.42602859232906,136.6868871237835,137.43900605526295,137.87007615660528,135.84910246140973,130.59344515690356,-0.7521189314794583,-0.3131795636371528,30.34055727554164,0.1091474885430958,11.804922072111436,24.923695019527784
20210120,12506630,132.53,133.8,131.26,131.93,134.674,136.607,137.2365,134.26068572821939,135.9550583355091,137.03093153265087,137.67531956130674,135.7843239083286,130.60453689834006,-1.0758731971417603,-0.4657182903380743,27.35519888346117,0.1049100653267099,10.387798480242706,20.078396173099424
20210121,8765692,130.65,131.99,130.505,131.01,133.424,135.692,136.911,133.17712381881293,135.19428013004617,136.58493660430636,137.4567844937229,135.70540946356283,130.607901737358,-1.3906564742601972,-0.650705927122499,26.849315068492984,0.06559030957200167,8.809175856815395,16.321989401004746
20210122,7202837,131.02,131.47,129.99,130.0,132.26399999999998,134.80700000000002,136.5835,132.1180825458753,134.39516011003906,136.0971635225059,137.21229975622379,135.61110517490891,130.60285690966208,-1.702003412466837,-0.8609654241913666,17.90730337078645,0.06437607656644292,5.908057273150266,12.850678691719919
20210125,9639958,129.95,133.0,129.9,132.24,131.756,134.152,136.3785,132.1587216972502,134.0635970161869,135.81144770602398,137.04927353470825,135.5553844282162,130.61644315937443,-1.7478506898370938,-1.038342477320512,31.596306068601592,0.12859065468826977,13.280022214036322,12.993793199158718
20210126,5996689,132.25,133.47,131.43,133.09,131.65400000000002,133.676,136.147,132.4691477981668,133.91381285985045,135.60985898705925,136.91946128766864,135.51463427237792,130.63697060203523,-1.6960461272088025,-1.1698832072981702,31.460674157303373,0.13850583998645613,21.868444021923857,15.952010140080429
20210127,10826690,132.39,133.1,127.7,128.38,130.94400000000002,132.80900000000003,135.632,131.10609853211122,133.06245703525806,135.07431387690673,136.63947895036802,135.39670643316506,130.61824055554533,-2.0118568416486653,-1.3382779341682693,17.95429815016317,0.20831488779303592,16.85701963270633,16.25367997095573
20210128,8242252,127.84,131.65,127.4405,130.36,130.81400000000002,132.119,135.22899999999998,130.8573990214075,132.64669441444914,134.7251054415803,136.43359439461824,135.31345508716234,130.61609748039558,-2.0784110271311533,-1.4863045527608463,27.716535433070888,0.23086315670060273,22.148564875753465,18.21864160588831
20210129,8344091,130.19,130.29,128.07,128.21,130.456,131.35999999999999,134.751,129.97493268093834,131.96412604299542,134.24250503850027,136.16396834889304,135.1960426063828,130.59612986645038,-2.278378995504852,-1.6447194413096475,24.976348155156117,0.23612180610359854,17.641431650450016,18.026238287408876
20210201,6534168,129.0,129.6597,128.2,128.97,129.802,130.779,134.2425,129.63995512062556,131.50349126714997,133.85194910972248,135.92810053417523,135.093132811236,130.5826350127869,-2.3484578425725147,-1.785467121562221,28.816793893129756,0.24216551312657777,19.777832070764124,18.610102881860627
20210202,6825630,129.6,130.72,128.69,128.79,128.942,130.298,133.791,129.3566367470837,131.0860310722038,133.4769899164097,135.6940644510875,134.98894879782713,130.56775837367664,-2.3909588442058975,-1.9065654660909566,29.69518190757124,0.2413493406406829,20.64576260836132,19.288656124027522
20210203,7309656,128.95,129.195,127.75,128.95,129.05599999999998,130.0,133.3035,129.22109116472248,130.75741090724938,133.141657330009,135.47294758383873,134.88913146232588,130.55433299298224,-2.3842464227596167,-2.0021016574246886,29.521931986200116,0.2374315994446061,22.10892286780153,20.228745038618857
20210204,6613694,129.38,129.455,128.58,129.03,128.79,129.802,132.74699999999999,129.157394109815,130.49165538305718,132.8370901203787,135.26170340076206,134.79228631418826,130.54168292665045,-2.3454347373215114,-2.0707682734040533,32.099418297197275,0.23639030563683705,23.52663299128279,21.328041022840168
20210205,5063663,129.12,130.0961,129.03,129.57,129.062,129.759,132.283,129.29492940654333,130.34986224720222,132.59508344479508,135.07509017450755,134.70596753213556,130.53361916792306,-2.245221197592855,-2.1056588582418136,35.86543678784591,0.23530259127582454,27.45709523962067,23.371059095100335
20210208,7011334,129.93,130.1,128.11,129.17,129.102,129.452,131.802,129.25328627102888,130.16834497840188,132.34137355999545,134.88148066058926,134.61446393656308,130.52230282628057,-2.17302858159357,-2.119132802912165,37.450424929178475,0.21654226367150436,28.491142386975604,25.077753525725424
20210209,5917783,129.46,129.94,128.23,128.67,129.078,129.01,131.34300000000002,129.05885751401925,129.93783036634005,132.06941996295873,134.67782555696337,134.51620833430584,130.5069310185936,-2.1315895966186815,-2.1216241616534686,40.10922330097084,0.21154400011632618,28.730009720548455,26.2951722573331
20210210,8594089,128.75,129.16,127.96,128.22,128.932,128.99399999999997,130.9015,128.77923834267952,129.6735487715185,131.78427774348032,134.46609357148915,134.41213877506112,130.48795233794138,-2.110728971961805,-2.119445123715136,41.286695815115586,0.12335093050649233,24.428311755337567,25.672885423334588
20210211,6139426,128.54,129.33,128.205,128.33,128.792,128.791,130.45499999999998,128.62949222845302,129.46684896051568,131.52840531803733,134.26491017570262,134.31160755563863,130.47004401978418,-2.0615563575216527,-2.1078673704764395,44.47385837193917,0.09334908878464451,22.79508101309836,24.713617286589177
20210212,8407254,128.0,128.13,126.58,127.62,128.402,128.732,130.046,128.29299481896868,129.18271835120558,131.23889381299753,134.04704426830253,134.20100247207435,130.4463922021926,-2.056175461791952,-2.097528988739542,32.989690721649524,0.05556388323177177,23.57031165768559,24.33251541028798
20210216,8246039,127.97,128.17,126.99,127.92,128.152,128.627,129.703,128.1686632126458,128.98845398948166,130.99304982684956,133.84615757098112,134.09718424939544,130.425426291801,-2.0045958373679014,-2.078942358465214,30.161166538756774,0.04723569753449207,28.40293504451771,25.689321955031218
20210217,9188548,127.19,129.49,127.11,128.46,128.11,128.594,129.446,128.26577547509723,128.90715337571524,130.8054165063422,133.669562240785,134.0040076502319,130.4091157001678,-1.8982631306269582,-2.0428065128975628,50.45146726862309,0.05273565666925126,36.73832033270888,29.372321414257105
20210218,6936352,127.81,129.845,127.59,129.53,128.372,128.652,129.326,128.68718365006484,129.0029759332975,130.7109412095761,133.5338388886281,133.93005711055866,130.4018201341913,-1.7079652762785997,-1.9758382655737703,44.779874213836415,0.06664796708034643,52.42781961574537,37.057487481419855
20210219,8277918,129.35,129.44,127.02,127.12,128.13,128.46099999999998,129.13150000000002,128.16478910004324,128.7132873281748,130.4449455644223,133.32354908900095,133.81749418311142,130.3745851123308,-1.7316582362475117,-1.9270022597085188,43.36175395858707,0.11318668460574102,40.06551610746668,38.06016369010213
20210222,6975470,126.79,127.244,126.38,126.58,127.922,128.162,128.9605,127.6365260666955,128.38508927768638,130.15865330039102,133.10244911886977,133.6978661800848,130.3430947794484,-1.7735640227046474,-1.8963146123077446,35.043804755944976,0.10961415040618741,28.583003247674437,34.901110209292895
20210223,10145340,127.78,129.93,127.19,127.52,127.84200000000001,127.997,128.72449999999998,127.59768404446366,128.25199861958077,129.96319750036207,132.9194180002183,133.59575268950488,130.31966660700485,-1.7111988807812963,-1.859291466002455,42.742857142857176,0.11878926638012398,29.759560850562266,33.18726042304935
20210224,7263025,127.35,128.24,126.91,127.66,127.68199999999999,127.896,128.453,127.61845602964245,128.16092190887605,129.79259027811304,132.7469780657849,133.49764107480232,130.29759468495502,-1.6316683692369907,-1.8137668466493624,42.61168384879731,0.11841530949445185,31.85848657643115,32.74433580750995
20210225,7790808,127.49,128.99,126.29,126.58,127.09200000000001,127.73200000000001,128.363,127.27230401976163,127.91770315366435,129.55462062788246,132.54478206362802,133.3832999000122,130.2667432767811,-1.6369174742181087,-1.7783969721631119,37.41007194244603,0.12357485161542439,23.89466870663168,29.794446773883855
20210226,17718790,126.54,126.93,121.82,123.53,126.374,127.252,128.0215,126.02486934650776,127.24267189925445,129.1083524332245,132.24921543859102,133.22043543885496,130.2108366935713,-1.8656805339700497,-1.7958536845244997,25.326797385620964,0.16431397205346973,22.9581391870763,27.515677578281334
20210301,7740158,124.16,125.49,124.0,124.29,125.91599999999998,126.91900000000001,127.8255,125.4465795643385,126.78841468398453,128.75143743817083,131.98825755535853,133.0728249357334,130.1617011193508,-1.963022754186298,-1.8292874984568595,30.634920634920718,0.1705049453552539,25.457501751515757,26.829618969359473
20210302,10206560,123.87,124.86,123.43,123.9,125.19200000000001,126.51700000000001,127.572,124.93105304289234,126.34404319414075,128.39207170201,131.7230687830517,132.9212079946469,130.10973679470888,-2.0480285078692617,-1.87303570033934,30.904723779023314,0.16844662715912392,25.52078415164761,26.39334069678885
20210303,7536965,123.77,124.2,122.785,123.16,124.292,125.987,127.2905,124.3407020285949,125.85419039504217,128.00451083519445,131.44231242950903,132.75986571374364,130.05206263043743,-2.150320440152285,-1.9284926483019291,30.203442879499264,0.16409486156133918,22.521459882438318,25.102713758672003
20210304,10228120,123.1,124.77,121.54,122.15,123.40599999999999,125.249,126.95049999999999,123.61046801906328,125.28431494965106,127.5708433659208,131.13764644821364,132.58449603252475,129.9864853471973,-2.286528416269732,-2.0000998018954896,27.41228070175437,0.15067639455586515,17.437826651859947,22.54775138973465
20210305,10491000,122.76,126.33,122.5463,125.98,123.896,125.13500000000002,126.798,124.40031201270885,125.39134341893552,127.45300311659332,130.96854328597712,132.47533080884668,129.9532365061417,-2.0616596976578023,-2.0124117810479523,45.11904761904761,0.21517912004816178,29.265265443711147,24.78692274106015
20210308,9224659,125.76,128.895,125.32,127.31,124.5,125.208,126.68500000000002,125.37020800847257,125.6865213544839,127.44241029314196,130.8485910470926,132.38995344010542,129.93130093347662,-1.7558889386580603,-1.961107212569974,48.28939988782951,0.22078461329184232,45.32673177231747,31.633525751479254
20210309,8859731,127.645,128.915,126.06,126.18,124.95600000000002,125.074,126.5355,125.64013867231506,125.76244114610176,127.34889841957589,130.69552248817155,132.28730958159127,129.90016980539798,-1.5864572734741245,-1.8861772247508042,43.81107491856677,0.22174668785330426,50.97844757975527,38.08183302757126
20210310,9070895,126.15,128.42,125.47,127.34,125.792,125.042,126.46900000000001,126.20675911487672,126.00514250823996,127.34823927738508,130.58550535741182,132.20553586949887,129.87892358294656,-1.34309676914512,-1.7775611336296675,44.08427876823339,0.22697348104606943,60.20032098537361,45.4546623468387
20210311,6941802,127.13,127.85,126.72,126.91,126.744,125.075,126.40350000000001,126.44117274325114,126.14435135312611,127.31577710868989,130.46499698503766,132.11800635099476,129.8542852129636,-1.1714257555637744,-1.656334058016489,49.36479128856622,0.22357348441089922,64.40473376426037,51.77135281931259
20210312,6521993,127.65,128.82,127.65,128.14,127.176,125.53599999999999,126.394,127.00744849550077,126.45137422187594,127.37683065619434,130.38876757569216,132.05225417990394,129.84005877966098,-0.9254564343184057,-1.5101585332768723,54.529616724738645,0.1843155911343271,72.76699765074981,58.76990109645833
20210315,7172764,128.39,129.04,127.19,128.56,127.426,125.96300000000001,126.44099999999999,127.52496566366719,126.77577818774118,127.46447282980958,130.32880798304652,131.99453097031875,129.82943588522397,-0.6886946420683984,-1.3458657550351776,53.11377245508983,0.18385261411513265,79.71133176716657,65.7503779866944
20210316,6485164,128.51,129.98,128.51,128.94,127.978,126.46699999999998,126.492,127.99664377577813,127.10873538962716,127.57377113871257,130.28327329507778,131.9440428551069,129.82205467455822,-0.46503574908541623,-1.1696997538452254,53.778040141676506,0.1806690968885116,82.36679621760553,71.28918406366478
20210317,6192905,129.11,129.84,128.3528,128.42,128.194,126.99300000000001,126.49000000000001,128.13776251718542,127.3104684066076,127.6364547580672,130.2221823673703,131.88579421287372,129.81041936605567,-0.32598635145960486,-1.0009570733681012,55.616605616605575,0.17817741575347737,81.24936016993009,74.60924276575321
20210318,6871342,128.21,129.035,127.04,128.7,128.552,127.648,126.4485,128.32517501145696,127.52424249789874,127.71523588709925,130.172274748768,131.83313645728904,129.8012042675822,-0.19099338920051423,-0.8389643365345839,68.99338721528281,0.1664031165066713,78.34363639368728,75.85404064173123
20210319,20262100,129.1,129.74,127.9,128.01,128.526,127.851,126.49300000000001,128.22011667430465,127.59897442129893,127.73707026583264,130.10138049471,131.76994411915203,129.7863395018761,-0.1380958445337086,-0.6987906381344089,63.73707533234853,0.10310279217285362,71.00218775100214,74.23675634482153
20210322,8077630,128.01,130.885,128.01,130.18,128.84999999999997,128.13799999999998,126.673,128.8734111162031,127.99605527956064,127.91802802391912,130.10395818340805,131.74366405106687,129.78960639397673,0.07802725564151558,-0.543427059379224,70.49608355091382,0.11984617343837489,76.32832830676236,74.9339469988018
20210323,9503792,130.41,133.29,129.99,132.6,129.582,128.78,126.92699999999999,130.11560741080208,128.70435446732054,128.26484076288807,130.18579562001761,131.7578183642724,129.81292916249146,0.4395137044324713,-0.34683890661688493,77.76470588235293,0.1263139094374461,80.71812450283397,76.86200616681252
20210324,8318034,130.94,133.14,130.62,132.56,130.41,129.302,127.17199999999998,130.93040494053474,129.2975307031174,128.58300070637785,130.2636383865744,131.77107756486294,129.83572643085253,0.7145299967395431,-0.13456512594559933,82.4703680598877,0.1264371115209726,83.25208300188936,78.9920317785048
20210325,7517293,133.09,133.62,132.05,133.48,131.36599999999999,129.959,127.51699999999998,131.7802699603565,129.9409875180224,128.9457413947943,130.3690928657031,131.7993242166834,129.86596936503634,0.9952461232280996,0.09139712388914045,78.5823170731707,0.12062701527977733,88.12550214310346,82.03652190003768
20210326,10821240,133.22,135.61,132.48,135.45,132.85399999999998,130.69,128.113,133.00351330690432,130.7885278998651,129.42753832851324,130.53567998486037,131.85966596516798,129.91230986823106,1.3609895713518654,0.3453156133816855,79.57848837209299,0.12758976390147117,91.46134215218945,85.17812865075493
20210329,11175980,135.0,137.6,135.0,137.57,134.332,131.591,128.777,134.52567553793622,131.83183129988586,130.03068363751225,130.7663134279797,131.95405165169413,129.97585916393038,1.8011476623736087,0.6364820231800702,88.61016949152538,0.1352077476336708,94.21286446509599,88.18970725553528
20210330,8090641,136.61,137.0,135.14,135.45,134.902,132.24200000000002,129.3545,134.83378369195748,132.38847263836496,130.432114479178,130.91987692214428,132.01183592191407,130.02128771858656,1.9563581591869479,0.9004572503814458,75.81158497772114,0.17201288852167285,89.35529348178113,88.57823599761723
20210331,9202839,135.68,136.75,135.26,135.43,135.476,132.94299999999998,129.968,135.032522461305,132.85639992477036,130.80232822146112,131.06774980994282,132.06833450171715,130.06617329768542,2.0540717033092335,1.1311801409670035,77.84313725490203,0.16784740244394217,85.4464843143146,87.53431876984968
20210401,9117845,135.05,135.48,133.33,134.28,135.63600000000002,133.50099999999998,130.5745,134.78168164087,133.07541532095954,131.05993353838994,131.17306948830534,132.10489095623421,130.1011428138872,2.0154817825695943,1.3080404692875218,70.17082785808152,0.18017969557503136,78.75785780843083,84.60883178271006
20210405,8279156,134.96,137.25,134.73,136.45,135.83599999999998,134.34499999999997,131.098,135.33778776058,133.59458219465807,131.45919772073142,131.34608360344288,132.1767109404287,130.15383042539023,2.135384473926649,1.4735092702153474,73.24690630524455,0.18021869436066734,80.8013401596284,83.3396679083495
20210406,6180642,136.0,137.02,135.64,136.5,135.622,134.977,131.55749999999998,135.72519184038669,134.04156954932606,131.83259048215874,131.51506446890377,132.24817026372742,130.20649573306335,2.20897906716732,1.620603229605742,72.71634615384617,0.17312318222873568,81.94778933277998,82.87570838315966
20210407,10244620,137.12,137.33,136.25,136.74,135.88,135.391,132.0855,136.06346122692446,134.45671269558358,132.19610229829513,131.68637383057904,132.32241538333523,130.26071568548608,2.2606103972884455,1.7486046631422827,75.42787286063579,0.15742158676484874,82.80002772335489,82.85048149655807
20210408,6190528,136.9,137.6327,136.59,137.26,136.246,135.861,132.58149999999998,136.4623074846163,134.8879876654938,132.57120583175475,131.8691156721994,132.40402835220573,130.3188010324945,2.316781833739043,1.8622400972616349,75.78313253012054,0.1564133037382058,86.12231811802619,83.9410937037141
20210409,5855637,136.51,137.27,135.56,136.37,136.66400000000002,136.15,133.0545,136.43153832307755,135.11598956311013,132.8525979923655,132.01668565016007,132.4695816025825,130.36901845131197,2.2633915707446306,1.942470391958234,74.8809523809525,0.1619535602959897,80.96598231597699,82.94938990780173
20210412,6441042,136.5,137.04,135.71,136.92,136.75799999999998,136.29699999999997,133.49349999999998,136.5943588820517,135.39352963032397,133.15388702996805,132.17745005507285,132.54314223725058,130.42338344341726,2.2396426003559213,2.0019048336377714,72.20026350461139,0.1486292946624784,81.78931556324378,82.56269845961575
20210413,9161190,136.02,136.3899,134.835,135.11,136.48,136.051,133.821,136.09957258803448,135.3499096871972,133.29878428700746,132.27359923359506,132.58556963828778,130.46227652687438,2.0511254001897328,2.0117489469481638,58.61358956760479,0.1412392851921423,68.31600128198097,77.81379940040415
20210414,7584034,135.52,135.79,134.58,135.6,136.252,136.06599999999997,134.154,135.93304839202298,135.3883851199361,133.4692447101921,132.38266155380506,132.6353949335227,130.50491323619494,1.9191404097439886,1.993227239507329,60.11984021304931,0.12254852411814894,63.12985779719385,72.91915219933405
20210415,7945349,135.97,137.76,135.87,137.24,136.248,136.247,134.595,136.36869892801533,135.67324894763823,133.74855991684453,132.54191855204095,132.7115041081752,130.5608060724091,1.9246890307937008,1.9795195977646034,61.944091486658316,0.13497601278486274,69.96917144550883,71.93582528139231
20210416,7708478,137.61,137.9,136.88,137.25,136.424,136.544,135.0225,136.66246595201022,135.91582603261696,134.0079258489301,132.69628187820354,132.7865205691971,130.61631805521068,1.9079001836868485,1.9651957149490524,56.53120464441227,0.12499666384043151,73.45334321266847,72.4416645918177
20210419,9149433,136.94,137.08,135.39,136.61,136.36200000000002,136.56,135.4525,136.64497730134016,136.02262202759897,134.2006720823427,132.82460050514769,132.84971857631783,130.66605815433758,1.8219499452562786,1.9365465610104977,46.09756097560981,0.10440785974439368,69.35042157953004,71.41125025438848
20210420,10040610,134.84,138.59,133.53,137.75,136.89000000000001,136.685,135.831,137.01331820089345,136.28837248489143,134.46358526142842,132.98608901317562,132.93071496348614,130.7248460534717,1.8247872234630051,1.9141946935009992,60.15901060070687,0.11149892250675197,74.033350881742,72.28528379683965
20210421,8465869,137.89,138.57,136.6,136.85,137.14000000000001,136.696,136.04350000000002,136.95887880059564,136.37477671798504,134.64035672354484,133.112774619301,132.9954965343376,130.77567720655495,1.7344199944402021,1.87823975368884,55.81967213114754,0.11681104297847018,71.22644999494256,71.93233919620728
20210422,7338314,135.37,135.79,134.06,134.63,136.618,136.43300000000002,136.147,136.18258586706378,136.10634953060273,134.63958955883783,133.16251971375016,133.0225131205469,130.80766328782835,1.4667599717649011,1.7959437973040524,51.31876412961566,0.13813384643996834,54.730676808222526,66.19845173354568
20210423,6708718,134.93,135.08,133.25,133.94,135.956,136.19,136.17000000000002,135.43505724470918,135.7730649874331,134.58776811003503,133.18801087067638,133.03767819293458,130.83365778336506,1.1852968773980592,1.6738144133228539,39.355385920271374,0.1371440093007068,40.79423397701724,57.7303791480362
20210426,9910569,133.49,133.76,131.17,131.26,134.886,135.624,135.9605,134.0433714964728,135.07874729705875,134.34126676855095,133.12479739950666,133.00829508230757,130.83719589304667,0.7374805285078025,1.4865476363598438,31.83079056865448,0.15817164568613895,27.600468653141785,47.68707564973806
20210427,8297033,131.24,131.89,130.295,131.18,133.572,135.231,135.64100000000002,133.08891433098188,134.47894002058817,134.1070988597694,133.0610335503425,132.978075328881,130.8400407404073,0.37184116081877505,1.26360634125163,30.50490883590446,0.15119651948194415,21.95667168798971,39.110274329155274
20210428,6262789,131.71,131.8497,130.88,131.4,132.482,134.811,135.4385,132.52594288732126,134.00525694049767,133.90657301830498,133.00657343393783,132.95199143914743,130.84468770521718,0.0986839221926914,1.0306218574398425,29.011461318051474,0.14933882386712033,19.078207084739837,32.43291858101679
20210429,6786955,131.31,132.985,131.31,132.51,132.058,134.33800000000002,135.2925,132.5206285915475,133.77521741119034,133.80312316509722,132.99029233774314,132.94468579552517,130.85850772426102,-0.027905753906878772,0.8189163351704982,36.38928067700972,0.14084741562964923,21.619749067142205,28.828528743058595
20210430,9188831,132.75,133.67,132.265,133.42,131.954,133.95499999999998,135.24949999999998,132.82041906103169,133.72056857869953,133.77474367138632,133.00438111355484,132.952542228657,130.87976492157006,-0.05417509268679055,0.6442980495990405,37.964236588720695,0.1486593092555583,26.970931767084128,28.209329751067102
20210503,8070288,134.03,135.68,134.03,135.0,132.702,133.79399999999998,135.177,133.5469460406878,133.91740418197654,133.8655033994318,133.06981124097928,132.9863845058693,130.9139577437977,0.051900782544748836,0.5258185961881822,49.61565338923824,0.16341994142172522,36.933289858821475,31.11731645365189
20210504,9624263,134.98,135.83,134.205,134.54,133.37399999999997,133.473,135.079,133.87796402712522,134.01318815398014,133.915466110585,133.1180141511111,133.0120641008136,130.94404938077864,0.09772204339515156,0.44019928562957605,46.28851540616245,0.15560359073625984,50.18678221843735,37.47380504191371
20210505,5683444,134.37,134.9713,133.37,133.46,133.786,133.134,134.915,133.73864268475015,133.92808228413705,133.8817278801713,133.12922680189436,133.01946799997373,130.96492863902944,0.046354403965750635,0.36143030929681097,36.224489795918295,0.15678690495967987,52.51837875086432,42.48866294489724
20210506,9771262,134.01,135.3659,133.92,135.14,134.31199999999998,133.185,134.809,134.20576178983345,134.11453116350057,133.97493322238083,133.19515379199618,133.05451811567664,130.99957653414123,0.13959794111974588,0.31706383566139795,43.144899285250084,0.15275585449283524,64.1902109468272,49.72251227887389
20210507,6299182,135.08,136.03,134.765,135.15,134.658,133.30599999999998,134.748,134.52050785988897,134.27383406142357,134.06197520590817,133.25924711029137,133.08915417988035,131.03401988240563,0.21185885551540196,0.2960228396321988,45.05420054200538,0.15000451370782272,71.01201508631843,56.81901321468873
20210510,8852710,135.89,138.4156,135.69,137.67,135.192,133.947,134.7855,135.5703385732593,134.79632112889686,134.32923630176683,133.40386195913428,133.16487063971704,131.0890902568255,0.4670848271300372,0.3302352371317665,49.75216852540269,0.12362205557234564,77.37655403546366,63.6715268216137
20210511,10973730,138.49,138.79,136.47,136.99,135.68200000000002,134.528,134.8795,136.04355904883954,135.13381018598966,134.52632990904337,133.5214402555561,133.22809591839942,131.13806046216305,0.6074802769462906,0.3856842450946713,50.43969849246235,0.12994914428232981,76.89631231597761,68.07978865306833
20210512,8853733,136.49,137.0,135.49,135.54,136.098,134.94199999999998,134.87650000000002,135.8757060325597,135.19630092660663,134.60141658244757,133.58762254225917,133.2663092090044,131.17459108073433,0.5948843441590554,0.42752426490754813,53.003300330033,0.14824798830069771,67.9947318377271,68.05143638128791
20210513,8753803,135.89,138.53,135.39,137.72,136.614,135.463,134.9005,136.49047068837314,135.5845623225133,134.83242276152552,133.72311032775886,133.3399239328225,131.2289098269523,0.7521395609877857,0.49244732412359565,61.358173076923116,0.15901904795385308,72.0825887528267,69.39515383846751
20210514,5989760,137.67,139.1,137.67,138.01,137.186,135.922,134.9385,136.99698045891543,135.9577065805882,135.06779885326438,133.86366408750447,133.41711527277585,131.2851844341975,0.8899077273238163,0.5719394047636398,73.68421052631588,0.1583759862462872,75.04749663219275,71.27926810304258
20210517,7689344,137.97,139.07,137.61,137.73,137.198,136.195,134.99450000000002,137.24132030594362,136.23036710665156,135.26499893820775,133.99042919938958,133.48840262363908,131.33866838080166,0.9653681684438027,0.6506251574996724,72.6643598615917,0.15351623244457946,75.3952479002285,72.65126136877122
20210518,9239099,136.46,137.83,136.15,136.32,137.064,136.373,134.923,136.93421353729576,136.2441567825513,135.34314716500717,134.06680856990138,133.53520588605826,131.38000723241328,0.9010096175441333,0.7007020495085646,65.72890025575448,0.16283966063590744,65.7075140441678,70.33667892723673
20210519,9807061,136.06,136.83,135.585,136.6,137.276,136.687,134.91049999999998,136.82280902486386,136.29890189292803,135.43624737500664,134.14986402662592,133.58586364000772,131.42332667446794,0.8626545179213849,0.7330925431911287,63.80823767724514,0.15510766749870616,57.91496707135219,66.19610830860854
20210520,8768374,136.79,138.71,136.72,138.0,137.332,136.973,135.079,137.2152060165759,136.56060929401602,135.626154976858,134.27609799296604,133.65882457157784,131.47790487633958,0.9344543171580142,0.7733648979845058,64.96732026143796,0.15163323583804755,62.060112818457675,64.81744314522491
20210521,10160960,138.2,138.94,137.78,138.0,137.32999999999998,137.25799999999998,135.28199999999998,137.4768040110506,136.78205401801355,135.8019953489426,134.39819314073765,133.7305795373369,131.53203014707535,0.9800586690709565,0.814703652201796,60.93294460641402,0.15165848656817416,64.823543316528,64.81947653565928
20210524,6981325,138.0,138.8,137.73,137.96,137.37600000000003,137.28699999999998,135.617,137.6378693407004,136.9632764767807,135.96184754531723,134.51497369350034,133.80048731357925,131.5853742952324,1.0014289314634652,0.8520487080541299,62.85714285714296,0.12445075399544674,66.3064412766073,65.31513144930861
20210525,8142437,138.05,138.48,136.75,138.43,137.798,137.43099999999998,135.9795,137.90191289380027,137.18892624958366,136.1446736530715,134.64333521174623,133.8770081844292,131.64217616830103,1.044252596512166,0.8904894857457372,69.5823483057526,0.12205417191521001,71.51786112061343,67.38270800641021
20210526,8123078,138.79,138.86,137.87,138.12,138.102,137.68900000000002,136.3155,137.97460859586687,137.33216836503232,136.29099412321435,134.75732422119717,133.94714028055435,131.69593404242303,1.04117424181797,0.9206264369601838,63.162544169611394,0.10747070947988423,71.71840338339621,68.82793979873887
20210527,33095650,138.12,138.28,134.6633,134.98,137.498,137.41500000000002,136.43900000000002,136.9764057305779,136.9702963088735,136.1938834474207,134.76462506640382,133.9642123420328,131.723187701822,0.7764128614527976,0.8917837218587066,49.4117647058823,0.13542178817912184,50.20786350929447,62.6212477022574
20210528,10477730,135.15,136.13,134.64,134.85,136.868,137.099,136.5105,136.2676038203853,136.6440968767391,136.09433652538954,134.76742424455452,133.9788534603463,131.74913635159942,0.5497603513495619,0.8233790477568776,38.30845771144283,0.13385291649317355,35.099815982940555,53.44743712915178
20210601,9993944,135.79,136.0,132.48,132.88,135.852,136.61399999999998,136.4045,135.13840254692354,136.06500504954846,135.85623752350884,134.70554148243798,133.96069059323315,131.75852111216707,0.20876752603962245,0.7004567434134267,34.60674157303369,0.14623248295614802,25.46386081009249,44.11957835613201
20210602,8254204,133.0,133.63,132.52,133.46,134.858,136.328,136.3505,134.57893503128238,135.66423504192562,135.67873844769338,134.66470405678427,133.95241471565905,131.77264126891257,-0.014503405767754884,0.5574647135771904,41.66666666666675,0.1459424106342293,22.032666752652048,36.757274488305356
20210603,11249820,133.23,135.91,133.2,135.85,134.404,136.253,136.47,135.00262335418827,135.69281426624477,135.69142448860498,134.7035662188569,133.9837797616812,131.8064782708303,0.001389777639786871,0.4462497263897097,42.63199369582346,0.1737492262980502,32.07750538928093,35.19735145529721
20210604,6894439,135.7,136.62,135.4,135.95,134.598,136.048,136.5105,135.31841556945886,135.7323813022071,135.7105782301898,134.74443290020585,134.0162792697526,131.84086434327153,0.021803072017291925,0.3613603955152262,41.75999999999999,0.1646032236924474,39.51457517070132,36.63642602709858
20210607,8418233,136.36,136.84,135.675,136.42,134.912,135.89,136.574,135.68561037963926,135.83816879417523,135.7631279909165,134.7993695264286,134.05601019091372,131.87886546905352,0.0750408032587302,0.304096477063927,44.83845547675334,0.16620675071681135,46.9282120782731,40.067021377490086
20210608,6911504,136.68,136.75,134.75,134.84,135.304,135.57800000000003,136.4325,135.40374025309285,135.68460436430212,135.6947481397375,134.80070167310305,134.06896870015484,131.9034391996008,-0.01014377543538103,0.24124842656406542,44.24572317262834,0.17337244360061424,43.61567325594385,41.24990533697467
20210609,6200787,135.55,136.4384,134.74,134.79,135.57,135.214,136.3225,135.19916016872858,135.54697292364025,135.6277297590162,134.80035079857507,134.08088657287956,131.9273940610149,-0.08075683537595069,0.17684737417606222,42.83452098178937,0.171170320403638,42.35297757292807,41.617596082292465
20210610,6515559,135.02,136.35,134.62,135.79,135.558,134.981,136.33499999999998,135.3961067791524,135.5843617046187,135.63974977686686,134.8327983133759,134.1091363815923,131.95944888208533,-0.05538807224817788,0.13040028489121422,40.96484055600977,0.1777901393506817,53.5411287795055,45.59210698136347
20210611,10641370,135.75,135.87,133.9,134.86,135.33999999999997,134.969,136.192,135.21740451943495,135.47292144236965,135.581990534136,134.83369017195372,134.1215473504916,131.98351984571948,-0.10906909176634372,0.08250640955970263,38.06990881458968,0.1421284138517504,53.889804507438036,48.35800615672166
20210614,6302202,134.98,135.03,133.96,134.91,135.03799999999998,134.975,136.03699999999998,135.11493634628997,135.38631814354355,135.53221345753332,134.836192133529,134.1345796256901,132.00780598807867,-0.14589531398976874,0.03682606484980836,38.420652999240616,0.14206352861158975,54.36789436298331,50.361302225475534
20210615,5543565,135.2,135.64,134.55,134.65,135.0,135.152,135.883,134.95995756419333,135.27303842915222,135.46686431253084,134.8300874734133,134.14309897072002,132.02973290933943,-0.19382588337862217,-0.009304324795877743,35.416666666666615,0.1199054632142006,49.52365118704391,50.08208521266499
20210616,8936432,135.18,135.58,132.65,132.78,134.598,135.084,135.706,134.23330504279556,134.8894940554365,135.26783732641744,134.76287149067844,134.1205684092205,132.0359591922495,-0.3783432709809347,-0.08311211403288914,31.611570247933813,0.13857685634840514,34.04997589080569,44.73804877204522
20210617,7875601,132.82,134.155,132.65,133.99,134.238,134.898,135.5755,134.1522033618637,134.75111035460012,135.17318270964577,134.73753144180372,134.11841025369623,132.0521752985379,-0.4220723550456569,-0.1509041622354427,46.06830818109618,0.11368809696937592,33.360286234284175,40.9454612594582
20210618,13997630,133.34,133.35,131.94,132.03,133.672,134.50600000000003,135.277,133.44480224124248,134.33247799235394,134.94035436078312,134.64875991912163,134.0838910759492,132.05199127116413,-0.6078763684291744,-0.24229860347418905,40.22191400832177,0.1292488356648167,22.86389144655676,34.918271321824385
20210621,8014793,132.69,133.26,132.4,133.07,133.304,134.171,135.03050000000002,133.31986816082832,134.13825060891486,134.8018095933177,134.59699729882254,134.06713254576823,132.0604394763827,-0.6635589844028402,-0.3265506796599193,50.70422535211267,0.1362199503486795,23.615941858318607,31.15082816732246
20210622,6551072,133.04,134.02,132.88,133.12,132.998,133.99899999999997,134.7885,133.25324544055223,133.9815966690818,134.6772311049238,134.54857115787755,134.0514774623671,132.0692325097737,-0.6956344358420097,-0.40036743089633736,48.68827160493825,0.12760094253537735,24.66308444371662,28.98824692612051
20210623,5796165,132.95,133.36,132.315,132.93,133.028,133.813,134.5135,133.14549696036818,133.81981256614614,134.54780657863316,134.49550325106188,134.03294064480733,132.0763758084478,-0.7279940124870166,-0.4658927472144732,36.431226765799266,0.1275096355274923,24.839002860696635,27.605165570979217
20210624,6056719,132.95,133.305,132.7,133.02,132.834,133.536,134.2585,133.10366464024546,133.69676447904675,134.43463572095663,134.44712609528935,134.016197824232,132.08420671460178,-0.7378712419098861,-0.5202884461535559,36.37209302325588,0.11962262412178434,26.289064970194293,27.166465370717575
20210625,24504910,133.26,135.54,132.95,134.92,133.41199999999998,133.542,134.25549999999998,133.70910976016364,133.8849545591934,134.4705886305154,134.4626301577389,134.03113670317032,132.10774026883746,-0.585634071322005,-0.5333575711872457,43.84236453201967,0.13877373094640322,44.372890160309694,32.901940300581614
20210628,6065743,134.9,136.16,134.76,135.32,133.86200000000002,133.583,134.279,134.24607317344243,134.10573078085596,134.53350799121796,134.4907406443704,134.05244022873777,132.13439802594255,-0.42777721036199523,-0.5122414990221956,52.18181818181814,0.13947337548454702,56.2801890168257,40.69468987266298
20210629,5792314,135.51,135.83,133.82,134.4,134.118,133.558,134.355,134.2973821156283,134.15100296841658,134.523618510387,134.48776554127627,134.05818501834543,132.1531997020758,-0.37261554197041846,-0.48431630761184025,48.35720303285599,0.14333986651447456,56.951405632070276,46.11359512579874
20210630,5776572,134.58,135.29,134.29,134.93,134.518,133.773,134.42849999999999,134.50825474375222,134.27084866558326,134.55372084295092,134.50226503172624,134.07259518333146,132.1762436879507,-0.2828721773676648,-0.4440274815630052,46.228070175438646,0.12396141100566056,61.585297277620384,51.270829176405954
20210701,5922398,135.43,136.14,134.92,135.24,134.96200000000002,133.898,134.398,134.75216982916817,134.41994887087813,134.60455633606568,134.52645306347293,134.09189113071443,132.20166905153616,-0.184607465187554,-0.39214347828791496,51.7625231910946,0.11772102868144943,66.41447213393168,56.318710162247854
20210702,5572412,135.6,136.635,135.42,135.9,135.15800000000002,134.285,134.39550000000003,135.1347798861121,134.64764904458917,134.70051512598675,134.5714873892607,134.12177722772742,132.23236059467695,-0.052866081397581866,-0.3242879989098484,54.34591747146625,0.08424560567950604,71.9383517929916,61.525257372495766
20210706,6534684,135.52,136.3,135.36,135.98,135.29000000000002,134.576,134.3735,135.41651992407475,134.85262611465237,134.79529178332106,134.61766813059643,134.1524916537154,132.26346133662983,0.05733433133130461,-0.2479635328616178,55.93220338983045,0.08049045120032848,76.23822218298203,66.42957897599118
20210707,5532809,136.03,137.59,136.03,137.0,135.81,134.964,134.4815,135.94434661604984,135.18299132778276,134.95860350307507,134.6957773722162,134.199557907373,132.3027687114296,0.2243878247076907,-0.1534932613477561,70.36679536679539,0.0835568667700859,80.13700156438746,70.99871983878994
20210708,7585254,136.99,137.396,135.89,136.98,136.21999999999997,135.369,134.59099999999998,136.2895644106999,135.45945420043157,135.10833657692135,134.77066991738945,134.24551562791228,132.3415839088451,0.3511176235102198,-0.05257108437616092,66.3031624863685,0.08210394312698156,82.37581713487891,74.79108560415293
20210709,5948720,137.24,137.65,136.84,137.03,136.578,135.77,134.653,136.53637627379996,135.7010766311344,135.2506820156679,134.8447463135406,134.29154016298813,132.38049192619908,0.4503946154665073,0.048022055592372714,84.43526170798903,0.08233953388262527,82.85454823787398,77.47890648205994
20210712,6807323,136.9,137.465,136.43,137.14,136.826,135.99200000000002,134.767,136.7375841825333,135.92244945711374,135.3906314959888,134.9200005327688,134.33862214376518,132.41998991851278,0.5318179611249434,0.14478123669888687,82.14849921011061,0.057261844497455555,84.13105652759904,79.69628983057297
20210713,5603982,136.39,137.57,136.39,136.97,137.02399999999997,136.157,134.87,136.81505612168888,136.08361107909624,135.5076217555452,134.98721363005507,134.38211599262857,132.45774933827616,0.575989323551056,0.23102285406932072,79.84496124031021,0.05829156453917715,82.6746726057009,80.68908408894895
20210714,5903582,137.01,138.225,136.37,137.98,137.21999999999997,136.515,135.0365,137.2033707477926,136.37536322077375,135.69076088476407,135.08533777333196,134.44158514977522,132.50357714459753,0.6846023360096751,0.32173875045739164,84.73177441540588,0.04705277165734148,85.97877820712885,82.45231546167557
20210715,7357063,138.01,139.26,137.7,139.16,137.656,136.938,135.3555,137.8555804985284,136.80376887911626,135.94774155996674,135.21893325617353,134.5195754778781,132.5588171682938,0.8560273191495185,0.42859646419581704,86.72248803827762,0.054693223230775787,89.79781795005175,84.90081629113429
20210716,9346307,139.3,140.78,139.11,140.51,138.352,137.46499999999997,135.6815,138.74038699901894,137.37395828232914,136.28568662959884,135.39241085433176,134.6185907592355,132.62480208805903,1.088271652730299,0.5605315019027134,85.78745198463523,0.06265763576197601,91.53802869486839,87.11322042571231
20210719,9544054,140.32,141.87,138.81,140.44,139.012,137.919,136.102,139.30692466601263,137.84565700812465,136.59341354592485,135.55790558041923,134.71481239957873,132.689658502266,1.2522434621998002,0.6988738939621307,84.22459893048149,0.0655467673217949,86.38767130382529,86.87137071841663
20210720,8136613,140.44,141.98,139.64,139.69,139.55599999999998,138.29000000000002,136.433,139.43461644400844,138.12940208379777,136.82279032030078,135.69338408597926,134.79704690537082,132.74775262257916,1.3066117634969885,0.8204214678691023,86.18331053351581,0.07684720540293333,78.39090511661702,84.0445488511501
20210721,6954651,139.95,140.2,138.99,139.2,139.8,138.51,136.73700000000002,139.3564109626723,138.29410945552118,136.99887992620444,135.8083550995537,134.86982298957957,132.80129824396855,1.2952295293167424,0.9153830801586303,79.36726272352126,0.07743170348999921,69.07581434393595,79.0549706820787
20210722,6013750,137.29,138.33,136.71,137.8,139.52799999999996,138.592,136.98049999999998,138.8376073084482,138.21809261621024,137.058222153893,135.8736549323552,134.91825566743776,132.8427812460933,1.1598704623172296,0.9642805565903503,65.31100478468909,0.09549786174142937,54.547274922101145,70.88573876208619
20210723,7906128,137.48,139.98,137.08,139.79,139.384,138.868,137.319,139.15507153896547,138.45992452140865,137.26057606841945,136.00205968867144,134.99878036714955,132.9004345137606,1.1993484529891987,1.01129413587012,70.07223942208468,0.11569216258590787,56.68570556304067,66.15239436240435
20210726,5925872,139.62,140.82,139.2215,140.28,139.352,139.182,137.58700000000002,139.53004769264365,138.73993613349964,137.48423710038838,136.14232002674777,135.08607325364295,132.96167572111528,1.2556990331112559,1.0601751153183472,71.28712871287141,0.11570496612014558,61.02279360768372,64.44252744416414
20210727,7075685,140.15,141.62,140.0,140.85,139.584,139.57,137.8635,139.97003179509576,139.06456134373047,137.73355287073,136.2966701898052,135.18134477011168,133.02713899313923,1.3310084730004803,1.1143417868547738,69.94818652849749,0.11440450622706803,66.86782065939192,65.25095851590673
20210728,8520172,140.67,140.67,138.71,138.76,139.496,139.648,138.0815,139.5666878633972,139.01770575238731,137.80958599141667,136.37743510161488,135.24049609622554,133.0747146031547,1.2081197609706464,1.1330973816779484,57.593856655290146,0.13873159734047025,57.5450240196072,62.68231368380688
20210729,5430499,139.76,140.18,138.73,139.48,139.83200000000002,139.68,138.30900000000003,139.53779190893147,139.08882794432773,137.93332036242285,136.47915854090618,135.31057054091605,133.1278704985642,1.1555075819048852,1.137579421723336,59.88700564971752,0.1347621018069382,55.88390595614541,60.41617777458639
20210730,14394250,142.0,144.54,141.55,142.23,140.32,139.852,138.65849999999998,140.4351946059543,139.57208518366193,138.25159292816932,136.66771071989285,135.42494127577694,133.20340684297446,1.32049225549261,1.1741619884771908,66.93280106453767,0.15829857205042763,60.755298734492825,60.5292180945552
20210802,7009458,141.77,142.425,140.8,141.88,140.64,139.99599999999998,138.95749999999998,140.91679640396956,139.92714900156008,138.52036382237898,136.83860545038817,135.5316364613013,133.2754117654394,1.4067851791810995,1.2206866266179726,66.14069690992773,0.15910986344482794,62.512898177188475,61.190444788766285
20210803,8456036,141.86,144.21,141.52,143.95,141.26,140.422,139.356,141.92786426931303,140.54604915516623,138.92255909479536,137.07176592742462,135.6707829660732,133.3639975599171,1.6234900603708695,1.301247313368552,68.34665027658272,0.16693843776728493,72.49689167538403,64.95926041763886
20210804,6628299,143.04,144.09,142.35,142.43,141.99399999999997,140.745,139.6275,142.0952428462087,140.83588774667913,139.18236953221793,137.24744573308283,135.78250556167532,133.43923409468957,1.6535182144612008,1.371701493587082,59.843467790487736,0.17704536728253736,72.23653368171273,67.38501817233015
20210805,5363444,143.35,143.55,141.47,142.5,142.598,141.215,139.90349999999998,142.23016189747247,141.0919050164208,139.42811993723882,137.4196606270801,135.89353852759805,133.51442717274193,1.6637850791819915,1.430118210706064,56.49054142204833,0.16512913369409682,69.82721456425217,68.19908363630415
20210806,6030208,143.03,143.12,141.22,141.41,142.43400000000003,141.377,140.1225,141.95677459831498,141.14084270620222,139.57492586781373,137.55049142619222,135.98471970896009,133.5799505986943,1.565916838388489,1.457277936242549,52.96636085626913,0.1614711485906137,61.98886917205145,66.12901214821991
20210809,4743859,141.95,142.59,141.7,142.18,142.494,141.56699999999998,140.3745,142.03118306554333,141.3007130590942,139.76789432204976,137.70227859254658,136.0871210360847,133.65132030326944,1.5328187370444368,1.4723860964029265,57.6053756872328,0.1624375589622155,61.16582130052148,64.4746151989871
20210810,5253709,141.91,142.51,141.66,142.27,142.158,141.709,140.6395,142.11078871036224,141.44983412692585,139.95323548337942,137.852039950168,136.1893173825957,133.7228446161054,1.4965986435464345,1.4772286058316282,59.6117720726363,0.16181534900483419,61.087024871604214,63.3454184231928
20210811,4205314,142.74,143.24,142.47,142.62,142.196,142.095,140.8715,142.28052580690817,141.62985964586034,140.1507735957217,138.0083665091789,136.29560965726355,133.79667993049455,1.4790860501386476,1.477600094693032,66.15281501340485,0.13806066605035383,56.94571711582885,61.21218465407148
20210812,4956225,143.15,143.15,142.355,142.95,142.286,142.442,141.06099999999998,142.50368387127213,141.8329581618818,140.3581236997423,138.17038727936975,136.405599580284,133.87264109289708,1.474834462139512,1.4770469681823282,61.91553544494723,0.13746195864249566,58.980429201363705,60.46826616983555
20210813,4888836,142.95,143.99,142.69,143.64,142.732,142.583,141.21750000000003,142.88245591418143,142.11096459851538,140.60122564790953,138.34971884398058,136.5251764467256,133.95369801328798,1.5097389506058505,1.4835853646670327,62.48142644873699,0.10559577810000466,66.29910441740836,62.41187891902648
20210816,6041066,143.67,144.69,143.375,144.64,143.224,142.859,141.4275,143.46830394278763,142.50004696797455,140.90039411843475,138.55595757040746,136.65930576165576,134.04238101732707,1.5996528495398081,1.506798861641588,63.64290856731463,0.10733243145430689,77.05242888153822,67.29206223986372
20210817,7577047,144.4,145.6,143.89,144.88,143.746,142.952,141.687,143.93886929519175,142.86619358828617,141.19517973929143,138.76330322383672,136.79518500526476,134.13231976407124,1.6710138489947326,1.539641859112217,75.41528239202668,0.0844601149513948,79.2221671995643,71.26876389309724
20210818,7161992,144.7,144.88,143.18,143.3,143.882,143.039,141.892,143.7259128634612,142.93293303624213,141.35109235119577,138.91204738043223,136.90270260848354,134.20840009797936,1.5818406850463589,1.5480816242990454,64.80620155038774,0.08564443869363778,68.64430629133825,70.3939446925109
20210819,5787162,143.16,145.28,143.16,144.99,144.29,143.28799999999998,142.25150000000002,144.14727524230747,143.24940487682028,141.620641065922,139.11132451550003,137.0363769455334,134.29787395608741,1.6287638108982776,1.5642180616188919,61.65540540540554,0.10064887020677485,73.9354596933796,71.57444969280046
20210820,5273873,145.25,145.98,144.78,145.09,144.57999999999998,143.656,142.5165,144.461516828205,143.53257335730947,141.87763061659444,139.3073466625328,137.16949468197086,134.38743516807008,1.654942740715029,1.5823629974381195,63.8481449525454,0.08803037229866946,75.7563558449692,72.96841841019003
20210823,4522261,144.29,145.34,144.23,144.35,144.522,143.873,142.72,144.42434455213666,143.65833130233878,142.0607690894393,139.4726795588432,137.2881807202854,134.47011205464213,1.5975622128994758,1.5854028405303908,51.94931773879146,0.09354235620346013,68.8490648161864,71.59530054552215
20210824,4560484,144.01,144.15,142.98,143.18,144.182,143.964,142.8365,144.00956303475778,143.58474187120973,142.14367508281418,139.59423104871718,137.3855661629253,134.54239328240445,1.4410667883955455,1.5565356301034219,53.78405650857721,0.1043305512189464,53.485583440676145,65.55872817724014
20210825,3861614,143.07,143.13,142.25,142.67,144.05599999999998,143.969,143.03199999999998,143.56304202317185,143.44401235256208,142.18266211371684,139.6950759323658,137.47291217676124,134.60984230080774,1.261350238845239,1.4974985518517854,50.821256038647284,0.10562066912429587,39.41040683355165,56.84262106267731
20210826,4749426,142.56,142.71,141.47,142.42,143.542,143.916,143.179,143.1820280154479,143.28647199062945,142.20024269788595,139.7844177050751,137.55468222342634,134.67465688752304,1.0862292927434964,1.4152447000301276,55.31019978969502,0.1051863758079157,33.29503840640317,48.99342684391926
20210827,4741264,142.48,142.77,141.64,142.31,142.986,143.783,143.18300000000002,142.89135201029862,143.13624553053262,142.2083728684129,139.86722368195788,137.633282517254,134.7380207307801,0.9278726621197109,1.3177702924480443,50.73446327683614,0.10154613396891259,28.405117991556327,42.13065722646495
20210830,3845772,142.6,142.99,142.05,142.93,142.702,143.612,143.2355,142.90423467353241,143.10451544891222,142.26182673001196,139.96764257763138,137.7208315665556,134.80600396123006,0.8426887189002628,1.2227539777384882,53.518123667377395,0.0971419759487824,29.727580508783376,37.996298320571086
20210831,9642489,143.04,143.53,142.05,142.39,142.544,143.363,143.15749999999997,142.7328231156883,142.9945899952334,142.27132104630738,140.04706413246313,137.7980079042985,134.86894168769288,0.7232689489260338,1.1228569719759973,48.79832810867284,0.09657864982545193,26.618091366535474,34.203562669225875
20210901,6214198,142.33,144.185,142.23,143.84,142.77799999999996,143.417,143.228,143.10188207712554,143.1246530728898,142.38751948732164,140.17142268549713,137.89787554224398,134.94339030439252,0.7371335855681593,1.0457122946944297,54.16276894293738,0.09800977001305111,35.26202395610871,34.55638309818682
20210902,5393716,143.97,144.73,143.58,143.95,143.084,143.31300000000002,143.3005,143.38458805141704,143.25162952321443,142.50325878455706,140.2953104663005,137.9979106572482,135.01813395331874,0.7483707386573712,0.986243983487018,51.53313550939665,0.07785656787529248,44.86891175023946,37.99389264887103
20210903,5466418,143.76,144.365,143.52,144.05,143.43200000000002,143.209,143.4325,143.60639203427803,143.3744557504122,142.61783220792321,140.41841504117588,138.09794519183916,135.0930871985194,0.7566235424889953,0.9403198952874136,46.79695982627594,0.07785884290991302,56.292975931652684,44.093587076464914
20210907,6520657,144.32,144.5,143.29,143.51,143.548,143.125,143.49899999999997,143.57426135618536,143.39530871188725,142.68391871104,140.5197784824488,138.18740064321372,135.16293709728689,0.7113900008472456,0.89453391639938,42.79705573080969,0.07617843559252191,58.38754632662324,48.85824015985102
20210908,6897784,143.08,144.94,143.01,144.6,143.98999999999998,143.267,143.6155,143.91617423745691,143.58064583313538,142.82585065837037,140.65355623712261,138.29339402101184,135.2412529719982,0.7547951747650075,0.8665861680725055,57.20620842572047,0.07360222993032033,68.9922739199582,55.56958474655341
20210909,6354834,144.57,144.88,143.65,143.99,144.01999999999998,143.399,143.684,143.94078282497128,143.64362339726839,142.91208394293554,140.76294783590546,138.38755279752405,135.31385668177415,0.7315394543328466,0.8395768253245738,43.70277078085647,0.07468915701419966,69.73222301734602,60.29046417015094
20210910,5750027,144.06,144.46,143.32,144.13,144.05599999999998,143.57,143.743,144.00385521664754,143.7184505669194,143.00229994716253,140.87334298882658,138.4824692802096,135.38701969686318,0.7161506197568599,0.814891584211031,43.98496240601503,0.07334521333577418,70.47892145793071,63.68661659941086
20210913,9952577,144.85,147.23,144.85,145.68,144.382,143.907,143.84499999999997,144.5625701444317,144.02022740277795,143.20064809922457,141.03093830066834,138.6014367301235,135.47243862054066,0.8195793035533825,0.8158291280795014,57.56541524459615,0.08500854260624988,70.3450209976939,65.90608473217186
20210914,5831807,146.13,146.36,144.95,145.43,144.76600000000002,144.15699999999998,143.8845,144.85171342962116,144.23711549465827,143.36578527705979,141.17516983179397,138.71430554450163,135.55507398468555,0.8713302175984836,0.8269293459832978,64.29479034307485,0.0862975318502484,68.23001399846271,66.68072782093547
20210915,6237213,145.35,145.77,144.74,145.12,144.87,144.43,143.8965,144.9411422864141,144.37294388009545,143.49572710838868,141.3045085258335,138.82018479169994,135.63445096406576,0.8772167717067703,0.8369868311279923,65.97131681877445,0.08396284462159613,62.153342665641915,65.1715994358376
20210916,6142295,144.84,145.19,142.82,144.11,144.894,144.457,143.937,144.66409485760943,144.3324909754654,143.5412288040636,141.39649185285535,138.90761975382063,135.70478747058803,0.7912621714017973,0.8278418991827534,60.023724792408174,0.08119177589801231,51.186128670518805,60.509775847398004
20210917,18738770,144.37,146.28,144.23,144.34,144.936,144.496,143.90449999999998,144.5560632384063,144.3336462100092,143.60039704079963,141.49300031669614,138.99741116284838,135.77644898535493,0.7332491692095573,0.8089233531881143,61.87134502923972,0.08143636265656506,45.61312584081458,55.54422584520353
20210920,10238720,144.22,144.85,141.97,142.89,144.378,144.38,143.79450000000003,144.0007088256042,144.1115467930847,143.54777503777743,141.53880358500118,139.06175147420626,135.83548260373374,0.5637717553072719,0.7598930336119458,49.7867803837952,0.09509110673136245,36.23891532606897,49.10912233882534
20210921,6651313,142.98,144.525,142.88,143.11,143.91400000000002,144.34,143.7325,143.70380588373615,143.95746267107168,143.5153472572013,141.5903182215585,139.1286646729797,135.8958520427069,0.44211541387036846,0.6963375096636304,53.97350993377496,0.09429533538550404,31.383611484806544,43.200618720819065
20210922,6332653,143.82,144.35,142.86,143.6,143.61,144.24,143.7535,143.66920392249077,143.90246841398374,143.52161783074195,141.65620942740904,139.20257104202136,135.95978688052676,0.380850583241795,0.6332401243792634,48.51851851851847,0.08741578632794705,31.251938708502195,39.217725383380106
20210923,5171154,144.06,144.685,143.49,144.19,143.626,144.26000000000002,143.8295,143.84280261499384,143.94670404260162,143.57112762105734,141.7392845281497,139.28500788430202,136.02808740433983,0.37557642154428095,0.5817073838122669,51.39860139860144,0.08792794031066953,34.90306687030693,37.77950587902238
20210924,5009363,143.8,144.45,143.09,143.55,143.46800000000002,144.202,143.886,143.74520174332923,143.88567265143215,143.56956261209012,141.79865224853825,139.35550362175158,136.09050991550714,0.3161100393420213,0.5285879149182179,47.25877192982456,0.09038851956296064,35.265674041100645,36.94156193304847
20210927,5749826,143.15,143.17,141.52,141.66,143.222,143.8,143.8535,143.05013449555284,143.54326147428873,143.42811352971307,141.79410627317634,139.39359447097883,136.13672975023323,0.11514794457565358,0.44589992084970503,41.16523400191024,0.08820995674775552,24.490841517596415,32.791321794564446
20210928,7015310,141.05,141.37,139.56,140.59,142.71800000000002,143.316,143.7365,142.2300896637019,143.08891355516738,143.21788289788248,141.75462737897382,139.41336976897918,136.17368634981636,-0.12896934271509508,0.330926068136745,30.81339712918664,0.09078310482370526,21.4363546625246,29.006332750551163
20210929,5459953,140.27,142.68,140.18,142.02,142.402,143.006,143.71800000000002,142.16005977580127,142.92446531591085,143.12915083137267,141.7633281206468,139.45645456618615,136.22220347554403,-0.20468551546181857,0.22380375141703232,41.259982253771085,0.11144358421167308,26.493284060730726,28.16864985394435
20210930,6936629,142.64,142.74,139.53,139.8,141.52400000000003,142.575,143.51600000000002,141.37337318386753,142.44377834423227,142.8825470660858,141.6989567068551,139.4621330031087,136.2518947330084,-0.43876872185353477,0.09128925676291891,33.78277153558061,0.12766077092283745,19.35391869712882,25.230406135005836
20211001,5587249,139.93,140.23,138.32,139.58,140.73,142.099,143.2975,140.77558212257836,142.00319706050422,142.63791395007945,141.6294827164664,139.46408121793337,136.27951386385482,-0.6347168895752304,-0.05391197250471096,24.625623960066605,0.12563958590469812,19.501198482034646,23.320670250682106
20211004,5816040,139.39,140.4,137.605,138.79,140.156,141.68900000000002,143.0345,140.11372141505225,141.50885905119588,142.35288328711061,141.5363849224839,139.45293937962043,136.30034777369835,-0.8440242359147305,-0.21193442518671488,23.566878980891715,0.12135133888603845,18.579895033220836,21.740411844861683
20211005,6902715,138.8,140.52,138.72,139.33,139.904,141.31099999999998,142.8255,139.8524809433682,141.1736499663965,142.1289660065839,141.46404443322214,139.45090732375894,136.32549011582535,-0.9553160401873981,-0.36061074818685157,27.36512900703687,0.12400280363483915,20.508065615367656,21.329629768363674
20211006,5333051,138.99,141.26,138.62,141.19,139.738,141.07,142.655,140.29832062891214,141.17616535618166,142.05941296905917,141.4550593698378,139.47965265725054,136.3658594924575,-0.8832476128775113,-0.46513812112498354,39.29618768328443,0.14351932527424366,31.130042282658096,24.596433939795148
20211007,5334558,141.75,143.03,141.75,142.32,140.24200000000002,140.88299999999998,142.57150000000001,140.9722137526081,141.3521399167691,142.07871571209182,141.48341807902347,139.52660054721335,136.41527144687694,-0.7265757953227308,-0.517425655964533,43.05364511691883,0.1485528631763212,48.995350141119204,32.72940600690316
20211008,6131852,142.29,142.62,141.04,141.73,140.672,140.701,142.4515,141.22480916840541,141.41027223726616,142.05288491860352,141.49150273217023,139.56302037287927,136.4593770780232,-0.6426126813373685,-0.5424630610391001,45.76023391812867,0.14840250105295297,58.00918888056175,41.15600029812269
20211011,5995592,142.37,142.77,141.77,142.32,141.378,140.767,142.2835,141.58987277893695,141.55023035460982,142.07267122092918,141.51866657701711,139.60859028407134,136.50801295289438,-0.5224408663193572,-0.5384586220951516,47.18861209964406,0.13560031106924775,67.64360671914558,49.98520243846365
20211012,6734918,142.6,143.04,141.7,142.11,141.93400000000003,140.919,142.1175,141.76324851929132,141.63634876159293,142.07543631567518,141.5380545580985,139.64993589921067,136.5545024719575,-0.4390875540822492,-0.5185844084925711,44.5896877269427,0.12944796662207556,72.72529929697114,57.565234724632816
20211013,5689846,142.4,142.76,141.025,142.44,142.184,140.961,141.9835,141.98883234619422,141.75998741365555,142.10244103303256,141.5676265398002,139.6960526612072,136.6033447750948,-0.3424536193770109,-0.48335825066945914,43.52331606217616,0.12075148466810512,78.13701339209302,64.42249428045288
20211014,6778788,142.83,144.31,142.81,144.05,142.53000000000003,141.386,141.98049999999998,142.67588823079615,142.11229704232395,142.24670466021533,141.64901583357724,139.7680187329228,136.6651427437662,-0.13440761789138378,-0.4135681241138441,51.726519337016576,0.09628652403626961,84.13210785920796,70.99236547337124
20211015,6923850,144.52,144.87,143.675,144.42,143.068,141.87,141.9845,143.25725882053078,142.4673282665818,142.40768950019938,141.73986777345993,139.84491098527118,136.72949840564368,0.05963876638242027,-0.31892674601459126,60.64814814814813,0.09330767571336493,87.02140523947187,76.3353787287381
20211018,9119005,143.55,143.7,142.095,142.34,143.07199999999997,142.225,141.957,142.95150588035386,142.4477393024923,142.40267546314757,141.75954423990387,139.8861521260105,136.77605858484995,0.04506383934472069,-0.24612862894272888,56.26342161775234,0.12049359173401011,77.85427015964791,76.84167587237471
20211019,9555253,139.08,140.82,138.8,140.66,142.782,142.358,141.8345,142.18767058690258,142.17270248672426,142.27358839180332,141.72349360908734,139.89894299996075,136.80829046381385,-0.10088590507905337,-0.2170800841699938,45.21800281293946,0.13809816553249116,62.11701481263725,71.93345551912888
20211020,7352748,140.15,141.96,139.85,141.21,142.536,142.35999999999999,141.71499999999997,141.8617803912684,142.0245944118436,142.19480406648455,141.7066577530517,139.92061336359777,136.84481917365773,-0.1702096546409564,-0.20770599826418634,55.61752988047808,0.12349322652449196,54.64582975427875,66.17091359751217
20211021,6545835,140.86,141.16,139.18,139.33,141.592,142.061,141.472,141.01785359417894,141.6100414254061,141.98259635785607,141.6287345480336,139.9108511592408,136.86544308093028,-0.3725549324499582,-0.24067578510134072,49.12033779028853,0.1305376175827892,39.341041911968375,57.22762303566424
20211022,5265017,139.39,141.01,139.32,140.83,140.874,141.971,141.336,140.95523572945265,141.4900350522667,141.89721884986673,141.6025465300653,139.92604370206325,136.89834396822548,-0.40718379760002676,-0.2739773876010779,56.83646112600545,0.1432781402566502,37.375082307045375,50.610109459457945
20211025,5382085,140.41,140.92,139.05,140.85,140.576,141.824,141.2955,140.92015715296844,141.39156812114874,141.81964708320993,141.57787287334185,139.94131570698784,136.93113779421532,-0.42807896206119267,-0.3047977024931009,55.277777777777736,0.14115545550802683,36.17427233429596,45.79816375107061
20211026,6234859,141.62,143.18,141.24,142.85,141.01399999999998,141.898,141.4085,141.56343810197896,141.61594225635662,141.89596952149068,141.61958195946178,139.98939313331863,136.98025698264507,-0.2800272651340663,-0.299843615021294,55.70839064649245,0.15837720819778142,46.35670873906379,45.984345413735
20211027,9643487,143.14,143.68,141.69,141.83,141.13799999999998,141.837,141.399,141.652292067986,141.64887421691714,141.89108289026916,141.62648091161057,140.01981638731337,137.02050381266463,-0.24220867335202456,-0.2883166266874401,48.30214830214836,0.16205979672992943,47.54368171840938,46.504124181959796
20211028,4538687,141.89,142.88,141.71,142.68,141.80800000000002,141.7,141.543,141.99486137865733,141.80750895277603,141.94952119469366,141.66102252106595,140.06378636438257,137.0674705860035,-0.14201224191762662,-0.25905574973347745,53.23349217154535,0.15425920728208997,58.09034563540226,50.366197999773945
20211029,6239699,142.16,143.48,142.02,142.99,142.24,141.557,141.7135,142.32657425243823,141.98943065234894,142.02659369879044,141.70459555316214,140.11215353191344,137.11662020769643,-0.03716304644149204,-0.21467720907508037,52.32477446217911,0.15404337250323952,67.34711566950315,56.02650388968368
20211101,5038861,143.36,143.8,142.49,142.64,142.598,141.58700000000002,141.906,142.4310495016255,142.08951824429525,142.07203120258373,141.7352645514191,140.15393611816282,137.16245738439605,0.017487041711518714,-0.16824435891776057,51.82130584192431,0.13716977405932188,70.09105956914227,60.71468911616988
20211102,9954302,142.72,144.58,142.28,144.06,142.84,141.927,142.14249999999998,142.97403300108368,142.39266928363443,142.21928815054048,141.8114853857988,140.21849915753202,137.21969840195294,0.17338113309395453,-0.09991926051541757,55.17902813299234,0.1277090800532795,76.92628805513638,66.1185554291587
20211103,7620097,144.13,145.11,143.52,145.05,143.484,142.31099999999998,142.3355,143.66602200072248,142.80148939384452,142.4289705097597,141.91766619282177,140.29835867558936,137.28468015795335,0.37251888408482614,-0.005431631595368832,53.328894806924104,0.1293494534620419,84.28749236679057,72.17486774170266
20211104,6402451,142.84,145.39,142.335,145.32,144.012,142.91,142.4855,144.21734800048165,143.1889525640223,142.64312084237008,142.02921812092598,140.38136101153003,137.35136331016952,0.5458317216522062,0.10482103905414618,53.01608579088473,0.09818671565208176,89.156961262403,77.8355655819361
20211105,6062769,145.44,146.37,144.8,146.04,144.62199999999999,143.43099999999998,142.701,144.82489866698776,143.6275752464804,142.89474152071304,142.16071916614152,140.47489223447997,137.42346817896478,0.7328337257673638,0.2304235763967897,63.64306784660762,0.09222814364137089,90.62705799559802,82.09939638649007
20211108,5854509,145.5,146.1,144.02,144.95,145.084,143.84099999999998,142.8325,144.86659911132517,143.83102520856033,143.0469828895491,142.25217099675982,140.548860957877,137.48592902395262,0.7840423190112347,0.3411473249196787,66.53816499614493,0.10569144381843325,83.63741188310513,82.61206821869509
20211109,4873235,145.03,145.83,144.58,145.39,145.35,144.095,142.9965,145.0410660742168,144.07086748416643,143.22053971254547,142.3550506362103,140.62887978501954,137.5515229739613,0.8503277716209539,0.44298341425993376,66.25194401244161,0.08766062217743209,82.08159361591831,82.43524335110283
20211110,7334936,145.74,147.31,145.59,146.82,145.704,144.594,143.2155,145.63404404947786,144.49381094814083,143.48716640050506,142.50144241862964,140.7312123505564,137.62843979575416,1.0066445476357728,0.5557156409351016,80.17727639000799,0.08108110914372314,84.9668091024836,83.27909860156308
20211111,4096274,146.86,146.97,146.21,146.4,145.92000000000002,144.966,143.33300000000003,145.8893626996519,144.787070802273,143.7029318523195,142.62926397867457,140.8249113199687,137.7012328264948,1.0841389499535126,0.6614003027387838,74.58075904677847,0.08499934705585843,83.94738897090691,83.50186205801103
20211112,5687659,146.74,147.08,145.98,146.56,146.02399999999997,145.323,143.44,146.11290846643462,145.05982914038486,143.91456652992545,142.7581405695377,140.91970617418409,137.7747495665239,1.1452626104594117,0.7581727642829095,74.89102005231041,0.08528287993891145,84.32808038749658,83.77726816783954
20211115,5510265,147.03,147.75,146.47,147.4,146.51399999999998,145.79899999999998,143.693,146.5419389776231,145.4198554264795,144.17274678696802,142.91033268201187,141.02681846882567,137.8546271634822,1.247108639511481,0.8559599393286238,72.06595538312324,0.08223114783208141,87.39754451194759,84.98402694920888
20211116,7603940,147.39,148.59,147.01,147.19,146.874,146.112,144.01950000000002,146.7579593184154,145.69218536086726,144.3962470249704,143.05064964325737,141.128689237936,137.93209913722924,1.2959383358968637,0.9439556186422718,78.21052631578931,0.07675636955779476,84.1376648997849,84.70190626606755
20211117,4900232,146.97,147.78,146.42,147.1,146.93,146.317,144.31400000000002,146.8719728789436,145.90877222842613,144.59652502312073,143.18341522872433,141.22738858937507,138.0081813020655,1.3122472053053968,1.0176139359748968,75.28604118993117,0.07339567558709849,78.55713035623872,82.65364762945794
20211118,5509373,147.04,148.0751,146.51,147.12,147.074,146.497,144.70350000000002,146.95464858596242,146.09511496251443,144.78344909548215,143.3124835818809,141.32478712508788,138.08379805474547,1.311665867032275,1.0764243221863725,74.43786982248504,0.07358446570428658,74.98265291437065,80.0966493910955
20211119,6274297,147.95,148.23,146.79,146.82,147.126,146.575,145.003,146.90976572397494,146.20663573751222,144.93430471803904,143.42748412017988,141.41561708996247,138.1562976559509,1.272331019473171,1.1156056616437322,74.88095238095232,0.07221154246377695,68.60855165197432,76.2672834780551
20211122,6625408,146.97,148.94,146.83,147.8,147.20600000000002,146.86,145.35049999999998,147.20651048264997,146.45176870097188,145.14657844262874,143.57084529656743,141.52114408021103,138.2363283807978,1.3051902583431456,1.153522580983615,73.49246231155774,0.06349447616075496,67.72908418589344,73.42121704733455
20211123,7913048,147.83,149.5,147.67,149.44,147.656,147.265,145.68,147.95100698843333,146.91149659313007,145.4646096691007,143.76327659831932,141.65203426070343,138.329304908758,1.4468869240293714,1.2121954495927663,75.4936120789778,0.07695289444960074,77.91787430574712,74.92010280013874
20211124,5665173,148.77,148.88,147.68,148.66,147.968,147.449,146.0215,148.1873379922889,147.1804971172639,145.70130524916732,143.92382490657116,141.76786840515462,138.41503681822888,1.479191868096592,1.2655947332935316,68.31140350877189,0.07555945417907316,77.3240374159526,75.72141433874336
20211126,6299783,148.58,149.715,147.31,147.47,148.03799999999998,147.55599999999998,146.261,147.9482253281926,147.22503602230023,145.83231967515493,144.04009294242127,141.86211851416033,138.49018174089917,1.3927163471452957,1.2910190560638846,57.45568300312828,0.08595025920366388,62.171513057271454,71.20478057825272
20211129,7113503,147.79,149.66,146.79,149.02,148.478,147.802,146.5625,148.3054835521284,147.50118432656174,146.06844414366196,144.20336858365334,141.98043060483536,138.57756612479213,1.432740182899778,1.3193632814310634,70.2487562189055,0.09771243393740651,67.7501538742964,70.05323834360061
20211130,11696450,147.81,148.54,144.12,144.58,147.834,147.51999999999998,146.6595,147.06365570141895,147.05177135324456,145.95818902190922,144.2157171546811,142.02339869401163,138.62737885404698,1.093582331335341,1.274207091411919,47.11743772242003,0.17759042832941518,47.907311400260795,62.67126269582067
20211201,8313557,144.85,147.87,144.85,146.4,147.22600000000003,147.441,146.7765,146.84243713427932,146.9514988373608,145.99091576102705,144.28733298567516,142.095739211466,138.6918819340964,0.9605830763337337,1.211482288396282,48.54570637119118,0.19052044467053028,45.52176434726949,56.954763246303614
20211202,9468906,147.01,148.46,146.94,147.26,146.946,147.457,146.887,146.98162475618622,146.9989605546899,146.08492200095097,144.3847974779481,142.1810988939211,138.76298664833627,0.9140385537389193,1.1519935414648095,52.8897849462365,0.19293296758593517,49.05502192707442,54.32151613989387
20211203,11200810,148.02,150.0,147.659,149.88,147.42800000000003,147.733,147.11499999999998,147.94774983745748,147.4421973924299,146.3660388897694,144.5649680524416,142.30835345765794,138.85524402054924,1.0761585026604905,1.1368265337039458,59.5732410611303,0.21021974819162204,65.35640917587271,57.999813818553484
20211206,11935080,150.19,152.385,150.19,152.15,148.05400000000003,148.26600000000002,147.4205,149.34849989163834,148.16647471667147,146.7944804534902,144.8136576244927,142.47102530133301,138.9655739456899,1.3719942631812785,1.1838600795994123,62.65316995205112,0.21782468680641542,75.95650105574418,63.98537623095038
20211207,7913393,151.945,152.58,151.27,151.75,149.488,148.661,147.7605,150.1489999277589,148.71778629872202,147.1615559754539,145.04107868598473,142.6243967839556,139.07166876771737,1.5562303232681245,1.2583341283331548,62.02531645569619,0.21899412066303398,80.70070913566549,69.55715386585541
20211208,8329342,151.67,152.66,150.28,152.43,150.694,148.96,148.1125,150.9093332851726,149.28889609891863,147.55181108838323,145.28333840119834,142.78647287017122,139.18252628831723,1.7370850105353952,1.3540843047736029,63.63171355498722,0.21484299271649215,86.23606994680591,75.11679255950557
20211209,8334318,152.31,154.19,151.6,153.32,151.906,149.426,148.4375,151.71288885678175,149.90906592985422,147.9790843410956,145.5468355027984,142.9605807566147,139.2998497216092,1.9299815887586362,1.4692637615706097,65.18119490695393,0.2119191802903362,87.94420551898942,79.39259687933352
20211210,7172321,153.855,155.8,153.43,155.46,153.02200000000002,150.225,148.8905,152.96192590452117,150.76305578679973,148.5332262417552,145.87185728959187,143.16718272757976,139.4339588525502,2.229829545044538,1.6213769182653954,69.40700808625338,0.20858755440597695,90.99248404462307,83.25922593443003
20211213,8944147,155.3,158.33,154.91,157.67,154.126,151.09,149.446,154.53128393634745,151.82566258883054,149.21002429792148,146.2586816407528,143.40689871555367,139.58529529360789,2.615638290909061,1.8202291927941285,71.00893997445718,0.21158449510611835,92.36294188533718,86.29379791806575
20211214,8677544,157.9,158.6284,156.66,158.25,155.426,152.45700000000002,149.9885,155.77085595756498,152.8140221905489,149.87965212770507,146.6518396197445,143.65223923265197,139.74018910859868,2.93437006284384,2.043057366804071,69.63887650468124,0.09750270751951916,93.82949533626359,88.80569705746503
20211215,9152566,157.64,159.64,157.64,158.86,156.71200000000002,153.703,150.572,156.80057063837666,153.74417262277217,150.5448630812084,147.05210717319548,143.9036071792197,139.89885973840285,3.199309541563764,2.2743078017560094,72.91105121293802,0.09844463717441142,93.71622756162677,90.44254055885227
20211216,10852860,158.73,161.32,158.42,161.11,158.27,155.08800000000002,151.27249999999998,158.23704709225112,154.87737683465338,151.32746581593372,147.5130216921071,144.18801036634005,140.07488579866506,3.549911018719655,2.5294284451487385,79.24528301886792,0.10130672859355572,95.18188755680784,92.02232289150413
20211217,24352820,160.66,161.72,157.31,157.46,158.67000000000002,155.846,151.7895,157.9780313948341,155.27470347547595,151.78172760734603,147.83915212843144,144.40738209582204,140.21916060531515,3.4929758681299177,2.7221379297449744,66.60110149488591,0.1728770082363231,84.3753376252845,89.47332780276425
20211220,9202608,156.6,158.46,156.568,157.86,158.708,156.417,152.3415,157.93868759655606,155.6724414023258,152.23197000680187,148.1677045176632,144.62973941655227,140.36555761273993,3.4404713955239288,2.8658046229007654,81.05706267539753,0.16452358025932387,78.33647216977013,85.7610425917662
20211221,6946009,157.65,158.15,156.79,157.76,158.60999999999999,157.018,152.8395,157.87912506437073,155.99360426350646,152.64145371000174,148.48220600888735,144.84676851710512,140.50990983172136,3.352150553504714,2.963073809021555,78.89114954221759,0.1628566639712893,72.51416985231049,81.34541834528096
20211222,6626414,157.77,159.58,157.27,159.32,158.702,157.707,153.33350000000002,158.3594167095805,156.50535745373622,153.1361608425942,148.83754351679266,145.08599548376455,140.6660101650681,3.36919661114203,3.0442983694456505,79.61689587426316,0.16533258099709192,72.02593229398099,78.23892299484763
20211223,5640972,159.5,160.92,159.44,160.1,158.5,158.38500000000002,153.90550000000002,158.93961113972034,157.05837938393066,153.6520007801798,149.20680438509453,145.33416084766927,140.82728808900944,3.406378603750852,3.116714416306691,77.59179265658736,0.16519259968385575,73.42110611081843,76.63298403350456
20211227,4548828,160.67,161.99,160.61,161.97,159.402,159.036,154.6305,159.94974075981358,157.8140133248644,154.26814887053686,149.62526981509143,145.6091333956417,141.00274627914214,3.5458644543275284,3.2025444239108585,77.0971302428255,0.16224282822961394,82.15778154836553,78.47458320512487
20211228,5929835,161.96,163.38,161.94,162.84,160.398,159.553,155.3215,160.9131605065424,158.587242044116,154.90310080605266,150.05853965721957,145.89394110811043,141.18396830172188,3.684141238063347,3.2988637867413564,79.82786444324897,0.1537604285113167,85.46279192674362,80.80398611233112
20211229,5346427,163.21,164.98,163.08,164.19,161.68400000000003,160.147,156.302,162.00544033769495,159.4492048065597,155.59101926486358,150.5218662258353,146.1963553046706,141.37488972660387,3.858185541696116,3.4107281377323084,80.52959501557622,0.15563365917654456,87.17807938562115,82.92868387009446
20211230,5911500,164.4,164.59,162.61,162.77,162.374,160.538,157.1205,162.2602935584633,159.96009637478127,156.12279561561442,150.9234443823653,146.47029984508927,141.55244250895572,3.837300759166851,3.4960426620192173,73.87569479535117,0.1663788954469504,82.69472212647375,82.85069662222088
20211231,5327027,162.86,163.73,162.46,163.58,163.07,160.785,157.9365,162.70019570564222,160.51700462481492,156.6751811255689,151.33841341900904,146.75310480632749,141.73524381593535,3.8418234992460043,3.565198829464575,71.99349945828816,0.15564350358553602,82.91551771500222,82.872303653148
20220103,9317892,161.69,162.94,159.88,162.9,163.25600000000003,161.329,158.5875,162.7667971370948,160.88361929792032,157.1362788199712,151.71748183150055,147.01999563597496,141.91088494609357,3.747340477949109,3.601627159161482,65.44595392793856,0.09541967016453494,80.14473667772641,81.9631146613408
20220104,9253754,162.29,164.39,162.18,163.47,163.382,161.89000000000001,159.1535,163.00119809139656,161.28152402131718,157.6054433518252,152.1028102960415,147.2918965345539,142.08979876396833,3.676080669491995,3.616517861227585,65.42553191489358,0.0953112459127167,80.23483958368101,81.38702296878753
20220105,9330245,163.44,165.32,163.4,164.21,163.38600000000002,162.535,159.7765,163.40413206093106,161.7320587872684,158.0946697702085,152.49976733551554,147.57153460836292,142.2733688987072,3.6373890170598884,3.6206920923940458,65.68914956011724,0.09281641774288167,80.53070938231802,81.10158510663102
20220106,7555999,164.34,165.2,162.61,162.83,163.398,162.88600000000002,160.2965,163.2127547072874,161.90097281999633,158.44543497241528,152.83846348844946,147.8237406478941,142.44396334768058,3.4555378475810414,3.587661243431445,55.3152039555006,0.10401644092802427,71.76311998036898,77.988763397877
20220107,6098455,163.13,163.53,161.95,162.74,163.23,163.15,160.76749999999998,163.05516980485828,162.03005392461228,158.76355090038453,153.16310402981176,148.07029038925126,142.61239518711892,3.2665030242277453,3.5234295995907052,70.91917591125193,0.10367588065387076,65.36658979083431,73.78137219552943
20220110,8054984,162.51,163.12,160.17,160.52,162.754,163.00500000000002,161.0205,162.21011320323888,161.79773793621038,158.89365824109677,153.40431373375236,148.27607071339588,142.76100601544158,2.9040796951136088,3.399559618695286,59.210526315789444,0.11213804749963796,47.499295154673945,65.0206798485776
20220111,11957890,160.22,160.22,156.91,158.66,161.792,162.58700000000002,161.07,161.02674213549258,161.31500902294724,158.87635022323775,153.57663131625227,148.4477059082158,142.8929478742346,2.4386587997094864,3.2073794548981263,52.777777777777786,0.11736513411723555,38.60238384865699,56.2145811819374
20220112,7126650,158.26,159.36,157.83,159.01,160.752,162.06900000000002,161.108,160.35449475699505,160.96039225018612,158.88625020670162,153.75477455178498,148.62228928163373,143.02669934415798,2.0741420434844997,2.980731972615401,48.96597731821213,0.10627135426509468,34.05834706042054,48.82916980809844
20220113,6551083,159.31,159.45,157.7819,158.29,159.844,161.621,161.0795,159.6663298379967,160.54956267323442,158.84208352472373,153.90347046811988,148.78208615301168,143.15336573964214,1.7074791485106857,2.7260814077944584,43.93837910247822,0.10265532007119417,28.175243660573642,41.944527758923506
20220114,10708200,158.07,160.49,157.56,159.81,159.25799999999998,161.244,161.0145,159.7142198919978,160.43578380042914,158.91378104141086,154.09712717408314,148.9643657207305,143.29159506960363,1.522002759018278,2.4852656780392226,42.59259259259261,0.11318842775104222,30.277748647279005,38.05560138837534
20220118,10991410,158.53,158.53,156.04,156.73,158.5,160.627,160.978,158.71947992799855,159.86566321574773,158.75201948278783,154.18345087329354,149.0927233121234,143.40311710222105,1.1136437329599005,2.210941289023358,31.80464562239426,0.13975470672428494,22.66361404071473,32.92493893915513
20220119,14088280,157.61,164.19,156.97,162.0,159.16799999999998,160.48,161.185,159.81298661866572,160.19402272101732,158.99261063221095,154.4397311725298,149.30606672845195,143.55744808062585,1.2014120888063644,2.0090354489799593,44.71269917914053,0.22436039154749363,36.797576754945226,34.215818211085164
20220120,10799070,160.12,164.33,160.12,162.0,159.766,160.25900000000001,161.397,160.5419910791105,160.47186537932234,159.21538021501016,154.68760883900424,149.51588380732053,143.71049830402313,1.2564851643121813,1.8585253920464038,48.00414722654223,0.22263529800230508,48.49633383984685,38.975990087339056
20220121,10900400,163.0,165.35,162.1,162.62,160.632,160.238,161.562,161.234660719407,160.80234762865737,159.46757427315754,154.9476872377254,149.732480769183,143.86742362930096,1.3347733554998342,1.75377498473709,47.486910994764386,0.22044912486869045,55.88978646967237,44.61392221478349
20220124,14846690,163.43,164.12,158.72,161.3,160.93,160.094,161.622,161.2564404796047,160.87890953194085,159.6033095121829,155.15595978730818,149.9236794341552,144.01209231287524,1.2756000197579453,1.6581399917412611,45.94731509625129,0.2237614299327669,56.092653922853614,48.44016611747353
20220125,9369589,160.45,161.3,157.885,159.54,161.49200000000002,159.996,161.5005,160.6842936530698,160.67292345010378,159.59861991868786,155.29969881067512,150.08262688152453,144.1409546173327,1.0743035314159215,1.5413726996761934,40.6115623506928,0.2201201185992138,49.92643093603775,48.9355877236616
20220126,10707110,157.34,159.57,156.38,158.15,160.722,159.945,161.26600000000002,159.83952910204655,160.28478138085705,159.4913147395258,155.39315130868576,150.21597189174727,144.25721225536316,0.7934666413312641,1.3917914880072075,35.9592215013902,0.21685894478388104,40.83888807837537,46.23668784189952
20220127,9084347,158.73,161.345,158.58,159.13,160.148,159.957,161.013,159.60301940136438,160.10712270687904,159.46455068474611,155.51567093790916,150.3633111993217,144.3806378798,0.6425720221329243,1.241947594832351,41.26534466477806,0.21884196818980015,38.28929810309164,43.587557928963555
20220128,9494403,158.61,160.95,157.32,160.5,159.724,160.178,160.89950000000002,159.90201293424292,160.16756536735917,159.54125063402418,155.67909156289574,150.53085977453955,144.51440851980166,0.6263147333349934,1.1188210225328796,45.013357079251996,0.2207750963493178,41.49469139561643,42.88993575118118
20220131,8950094,159.35,160.65,158.87,160.45,159.554,160.24200000000002,160.743,160.0846752894953,160.21101684930392,159.60856540187424,155.83551479034176,150.6948125055389,144.64665409225145,0.6024514474296723,1.0155471075122382,49.827501232134,0.21653337115202476,42.78761663461011,42.85582937899082
20220201,6284069,160.79,161.3,157.73,159.74,159.594,160.543,160.585,159.96978352633022,160.1385527186418,159.6183012980317,155.96353069885515,150.8443197368523,144.77191007488838,0.5202514206100943,0.9164879701318095,52.82131661442009,0.19226710008013226,41.011142416384494,42.24093372478871
20220202,7558750,160.14,162.84,159.47,162.6,160.484,160.603,160.54149999999998,160.84652235088683,160.51723691577382,159.83916786854786,156.18111985626973,151.03862850153243,144.91986102862376,0.6780690472259607,0.8688041855506398,58.29099307159354,0.1349724836295406,50.45484559457219,44.978904348049866
20220203,10474540,161.98,164.98,161.62,164.14,161.48600000000002,160.817,160.53799999999998,161.94434823392456,161.07458508257784,160.1577480264332,156.4420667462281,151.25518009654843,145.079364256602,0.9168370561446295,0.8784107596694377,63.01735647530039,0.14162367464016568,63.71408310955974,51.22396393521982
20220204,8960135,163.13,164.49,161.41,161.53,161.692,160.70800000000003,160.473,161.80623215594971,161.1446489160274,160.2593963207715,156.60888422995833,151.42501183048978,145.21588405530238,0.8852525952559063,0.8797791267867315,53.650254668930394,0.16273925278258491,62.437295716450706,54.96174119563011
20220207,6430488,161.87,162.265,159.67,160.32,161.666,160.60999999999999,160.352,161.3108214372998,161.01777985202318,160.26388548219583,156.73056015684494,151.57203642833292,145.3412294158393,0.7538943698273499,0.8546021753948553,58.275703088981125,0.16203468164283566,56.8961816404245,55.60655467722824
20220208,5048797,161.12,161.27,159.65,159.96,161.70999999999998,160.652,160.32399999999998,160.86054762486654,160.85504449017347,160.24137544647763,156.836443430391,151.7106804543109,145.4625470140481,0.6136690436958361,0.8064155490550515,43.92133492252682,0.15305373569718753,49.41903841302458,53.54404925582702
20220209,8077550,160.36,160.635,159.27,159.6,161.11,160.797,160.371,160.44036508324436,160.66196072245447,160.19386615414595,156.92705184250931,151.8410824302727,145.57987027534233,0.4680945683085156,0.7387513529057443,42.99883313885644,0.14639394678169282,42.86769662695982,49.98526504620462
20220210,7032976,159.09,159.5,156.6513,157.17,159.716,160.601,160.279,159.35024338882957,160.124735995923,159.96987606865366,156.93501735586966,151.92916371241697,145.67605392450963,0.15485992726934228,0.621973067778464,35.62005277044847,0.16193938304613795,30.654418648525382,43.54164958031154
20220211,9341436,158.01,158.5798,155.58,156.29,158.66799999999998,160.18,160.179,158.33016225921972,159.53477661193486,159.69729265616078,156.91386924584114,152.00124365105472,145.7641364645552,-0.16251604422592436,0.4650752453775863,36.46677471636945,0.154186692884306,22.954009595470755,36.67910291869795
20220214,9472171,156.14,157.06,153.3589,156.74,157.952,159.809,160.0255,157.80010817281317,159.1048109793295,159.47823394088962,156.90816861482995,152.07957020227695,145.85522246899873,-0.37342296156012367,0.29737560399004437,41.8604651162791,0.15614327636680592,25.000837035502983,32.78634762429962
20220215,6659367,157.77,159.32,156.11,156.82,157.324,159.517,160.03000000000003,157.4734054485421,158.7533015978942,159.28132772304593,156.90527784057323,152.15792441380958,145.9462164734054,-0.5280261251517402,0.13229525816168747,45.814977973568226,0.1562468662178197,26.594856325894753,30.722517191498
20220216,9315668,156.83,158.78,156.27,158.01,157.006,159.058,159.8305,157.6522702990281,158.63894750591047,159.1871552991166,156.94149823924295,152.2546529358954,146.04633085951824,-0.5482077932061316,-0.003805352111876342,46.52173913043476,0.12926296525223505,31.658147307942986,31.03439389697966
20220217,7925454,158.38,160.375,157.35,159.82,157.536,158.626,159.72150000000002,158.37484686601874,158.82064788961654,159.2340326843672,157.035875346153,152.37969999480623,146.160635167738,-0.41338479475066947,-0.08572124063963497,47.94437726723093,0.13421050840990417,45.28773355634685,35.78550711676872
20220218,8063159,159.5,161.06,158.82,159.9,158.25799999999998,158.463,159.5855,158.8832312440125,158.98670206044477,159.2833635966363,157.12978107250865,152.50400247423093,146.274654792902,-0.2966615361915217,-0.12790929975001233,48.34037417018713,0.11435790056663737,57.7526756867031,43.10789664008018
20220222,8179551,160.11,160.88,156.66,157.93,158.496,158.224,159.417,158.56548749600836,158.82413251268403,159.1831144413299,157.1560177586559,152.59368838374778,146.37137964939245,-0.35898192864587486,-0.17412382552918484,44.92428491306786,0.1233549011449923,58.28726898156275,48.16768742057437
20220223,6273013,158.3,158.6,155.6,155.96,158.324,157.824,159.238,157.6969916640056,158.3834967415019,158.94436522345362,157.11680406165078,152.64932989806601,146.45095326226055,-0.5608684819517293,-0.25147275681369374,30.40141676505317,0.13420882452080962,50.116744114815894,48.81737298532154
20220224,13145070,155.64,155.98,150.56,151.76,157.074,157.04000000000002,158.9185,155.7179944426704,157.36449724280928,158.4121900217163,156.94117114159664,152.6346302303294,146.49501174141193,-1.0476927789070203,-0.41071676123235906,18.418367346938822,0.17856870533890215,37.22068655273437,44.95181084112581
20220225,8866983,152.33,158.94,152.25,158.24,156.758,157.147,158.874,156.55866296178027,157.49918997468478,158.39943520529286,156.98375569433117,152.72728097032396,146.5924805236409,-0.9002452306080784,-0.5086224551075029,42.99105240732853,0.27620520560222006,49.19474341610865,46.36612169945342
20220228,8669154,156.29,157.19,153.82,155.89,155.95600000000002,157.107,158.6435,156.3357753078535,157.25162228627173,158.2135511160119,156.94789485189406,152.77955731792193,146.66963836161898,-0.9619288297401738,-0.5992837300340371,40.99959366111338,0.28501897315199143,49.71713053137397,47.48312464342693
20220301,8311984,154.31,155.4,152.34,153.31,155.03199999999998,156.76399999999998,158.2865,155.32718353856902,156.64521885761454,157.85032510741843,156.82861961084836,152.78832496555958,146.7247450972072,-1.2051062498038903,-0.7204482339880078,37.60715616846816,0.29466721747155744,41.87491241774137,45.61372056819841
20220302,6111319,152.96,155.08,152.6,153.79,154.598,156.461,157.98899999999998,154.81478902571268,156.20595441798153,157.5495602846467,156.7289927383615,152.8048815776991,146.78337791797728,-1.3436058666651718,-0.8450797605234407,39.220779220779235,0.29553835662006533,38.17057653246246,43.13267255628642
20220303,7451233,153.77,155.86,153.77,154.36,155.118,156.096,157.577,154.66319268380846,155.92196143059977,157.31329655985806,156.65132084530046,152.83058601443136,146.84625444977829,-1.3913351292582945,-0.9543308342704115,44.40015942606623,0.29296848870762543,37.51054308513374,41.25862939923553
20220304,8639712,153.12,155.345,152.55,155.14,154.498,155.62800000000001,157.127,154.8221284558723,155.80165967204596,157.1523116294982,156.60176934217586,152.86875814642423,146.91508221368053,-1.3506519574522429,-1.033595058906778,47.69907963185273,0.28697055220026996,39.80031037716922,40.77252305854676
20220307,8374459,154.49,154.52,151.135,152.84,153.88799999999998,154.922,156.6925,154.16141897058154,155.34601972250042,156.83288113842426,156.47843264243238,152.86828280516102,146.96425165589065,-1.4868614159238405,-1.1242483303101904,42.73472429210133,0.291641853475129,35.60275266194735,39.04926625968029
20220308,9517238,152.18,152.95,146.58,146.79,152.584,153.808,156.01600000000002,151.70427931372103,154.0297089959619,156.08896401705948,156.1607791131723,152.7678153207782,146.96280558405755,-2.0592550210975844,-1.3112496684676693,34.71502590673576,0.33755636062002164,24.301511483369374,34.133348000909976
20220309,7044122,148.83,150.47,147.81,148.77,151.58,153.089,155.4565,150.72618620914736,153.22052299658316,155.54681853431433,155.91845848651093,152.70173572869922,146.97780304809027,-2.32629553773117,-1.5142588423203696,36.25000000000004,0.349811199195379,22.107156522893497,30.124617508237815
20220310,9221108,147.8,148.28,143.94,144.94,149.69599999999997,152.40699999999998,154.7235,148.7974574727649,151.94659638172422,154.76112827251328,155.5585090279368,152.57344257615875,146.96089181947542,-2.8145318907890555,-1.7743134520141068,29.112857944974778,0.3478733280815011,17.253827619035917,25.83435421183718
20220311,7086146,145.4,146.16,143.03,143.22,147.31199999999998,150.905,154.026,146.9383049818433,150.60404309222818,153.90622988195673,155.1539677483323,152.41884021952805,146.9298470740856,-3.3021867897285517,-2.079888119556996,27.616747181964598,0.24660404487345436,11.996186456338304,21.221631626670884
20220314,7964794,144.45,146.04,143.355,145.05,145.754,149.821,153.464,146.30886998789555,149.74957492419307,153.25021285366364,154.82269011723943,152.29704120763503,146.91424668342927,-3.500637929470571,-2.364038081539711,32.65086206896555,0.26685037294250896,13.245574031427427,18.56294576158973
20220315,9868370,147.01,150.54,146.89,150.27,146.45000000000002,149.517,153.1405,147.62924665859705,149.82964032047107,153.02945634598484,154.67342158880535,152.2635363942857,146.94209525867052,-3.199816025513769,-2.5311936703345226,42.952687639336155,0.32828245274422835,27.64046322801839,21.58878491706595
20220316,6908879,150.625,151.785,148.04,149.76,146.648,149.114,152.7875,148.33949777239803,149.81892642501398,152.7872743944304,154.51232579900847,152.222155627438,146.9654803602583,-2.9683479694164134,-2.618624530150901,47.27371864776446,0.32718241797955416,36.64324290989558,26.606937581342493
20220317,6003952,149.99,150.47,148.5,150.23,147.706,148.701,152.3985,148.96966518159869,149.88216851347337,152.59784666150964,154.37192167445082,152.18922743524897,146.99257180955078,-2.715678148036261,-2.638035253727973,36.941636778611006,0.32691634993731333,45.316557066127025,32.843477409604006
20220318,15570270,150.87,150.87,148.24,150.15,149.092,148.202,151.915,149.3631101210658,149.9233733575544,152.416524686583,154.2334980129934,152.15552119664983,147.01877453312298,-2.493151329028592,-2.6090584687880973,39.89436619718313,0.32465551756289346,54.13576922688043,39.94090801536281
20220321,6937482,150.44,151.42,149.235,150.72,150.22600000000003,147.99,151.456,149.8154067473772,150.04593130254602,152.29085619128054,154.11830135682968,152.13179357356472,147.04949009716347,-2.2449248887345163,-2.536231752777381,45.09283819628647,0.31991071742786414,65.36902033743294,48.41694545605285
20220322,7292080,153.43,153.6022,150.52,151.88,150.548,148.499,151.15349999999998,150.5036044982515,150.32809571753893,152.26042239933383,154.04491442709755,152.12763169631572,147.08957731627416,-1.9323266817949047,-2.415450738580886,46.47210934613965,0.24552059408848098,71.48271610521985,56.105535672441846
20220323,5531995,152.2,153.01,150.69,150.82,150.76,148.704,150.8965,150.609069665501,150.40377329945602,152.15372444382763,153.93917952784844,152.1060179492692,147.1205351808694,-1.7499511443716074,-2.2823508197390305,43.577648766327975,0.24382114287092985,72.21641482426266,61.47582872304878
20220324,4203133,150.89,151.56,150.1601,151.08,150.93,149.318,150.8625,150.76604644366736,150.5078081764628,152.07418929984038,153.84543593677142,152.08905897490112,147.15339381007382,-1.566381123377596,-2.139156880466744,42.492603550295925,0.19625306003135554,73.27309222598593,65.40824989069449
20220325,5047710,151.63,153.92,151.51,152.83,151.46599999999998,150.279,150.592,151.45403096244493,150.86506845700697,152.13017527762997,153.81214295523793,152.10130593399367,147.20050257513546,-1.2651068206230036,-1.964346868497996,49.981124952812394,0.17881672857603984,77.01373526303294,69.2767450148073
20220328,4234012,153.64,153.9,152.63,153.88,152.098,151.16199999999998,150.4915,152.26268730829662,151.3289040790059,152.25979192373146,153.81436777637768,152.13070583591113,147.25593408903475,-0.9308878447255609,-1.7576550637435089,66.49604467194041,0.17584923529809443,84.44906613907415,74.33418538956292
20220329,5643428,155.37,156.47,154.02,155.46,152.81400000000002,151.68099999999998,150.599,153.3284582055311,151.96445729762038,152.4968443738254,153.86832293125053,152.1857354915159,147.3240176235656,-0.5323870762050262,-1.5126014662358125,65.86059743954479,0.08915083804104154,85.54198576950836,78.07011884954473
20220330,5779503,152.5,154.43,151.94,154.39,153.528,152.144,150.629,153.68230547035407,152.3376177133711,152.6370781239124,153.88542709743902,152.2221696156231,147.3826564814613,-0.29946041054131456,-1.269973255096913,75.77741407528633,0.0970970677149562,81.93686050085483,79.35903273331476
20220331,7538629,154.1,154.34,152.4,152.8,153.872,152.401,150.551,153.38820364690272,152.40875344977553,152.64914641103,153.8498393237525,152.23172053106737,147.42761368908404,-0.2403929612544573,-1.0640571963284218,76.31868131868133,0.11615549523175288,71.04936058269385,76.58914201644112
20220401,5742629,153.52,155.46,152.06,155.09,154.32399999999998,152.89499999999998,150.54850000000002,153.95546909793515,152.82125291904083,152.8299503805833,153.89050032953108,152.27896481981006,147.49120195722443,-0.008697461542482188,-0.8529852493712339,76.90246516613075,0.13094203078283237,73.40944234094995,75.52924212461073
20220404,5992017,153.81,154.35,151.26,154.08,154.364,153.23100000000002,150.6105,153.99697939862344,153.01490631611148,152.92254664868824,153.89671343348087,152.30873399634214,147.5458807791562,0.09235966742323853,-0.6639162660123394,63.18339100346022,0.13883581827297836,69.647299241632,73.56859449695115
20220405,7653018,153.61,157.37,153.54,154.62,154.196,153.505,151.002,154.20465293241563,153.2618438059405,153.0482839339706,153.92042774713724,152.34693674020426,147.60458716273166,0.2135598719698919,-0.4884210384158932,66.7817679558012,0.1360953470908562,67.05086642923783,71.39601847438004
20220406,8884737,154.415,157.29,153.935,156.83,154.68400000000003,154.10600000000002,151.405,155.07976862161044,153.8107909127189,153.32841104997277,154.0158235587065,152.42103695937445,147.6811466053646,0.48237986274611444,-0.2942608581834917,70.34525277435276,0.13899375487049911,75.08792077279253,72.62665257385086
20220407,6889726,157.87,159.39,156.97,158.86,155.89600000000002,154.884,152.101,156.3398457477403,154.58759231076215,153.7381583796044,154.17464901579808,152.52746610054183,147.77391717295495,0.8494339311577335,-0.06552190031524664,73.96807925151353,0.14459044067325508,81.2189254516445,75.4907435331154
20220408,6045430,159.7,160.53,158.92,160.1,156.89800000000002,155.61100000000002,152.945,157.59323049849354,155.43565503218335,154.20940590704112,154.3689228185588,152.65263195011966,147.87620831674786,1.2262491251422318,0.19283230477624907,74.89384288747348,0.14141808646160506,85.9330772338543,78.9715214333617
20220411,6158360,159.95,161.21,158.63,159.49,157.98000000000002,156.172,153.667,158.2254869989957,156.05940041184746,154.60056102503808,154.5368269884421,152.76564629805156,147.97258833071677,1.4588393868093874,0.44603372118287676,70.80371787862228,0.14627418654780308,84.85990743563488,80.93431676745276
20220412,7221479,159.31,160.63,158.7,159.01,158.858,156.52700000000002,154.10399999999998,158.48699133266382,156.51333881002478,154.92718613429452,154.68348839865712,152.868858755935,148.06418510805523,1.5861526757302613,0.6740575120923537,73.1225296442688,0.14471308307291847,82.5364207024835,81.468351412463
20220413,5247722,159.08,160.41,158.71,159.46,159.38400000000001,157.03400000000002,154.589,158.81132755510922,156.96667130079018,155.2629501243468,154.84009533640605,152.977803239308,148.15875618599668,1.7037211764433948,0.879990244962562,73.4078212290503,0.1363628520748676,82.49496723549152,81.81055668680582
20220414,7806452,159.98,160.3,158.45,158.57,159.326,157.61100000000002,155.00600000000003,158.7308850367395,157.21333725451476,155.50791678180258,154.96238729258945,153.07023624361696,148.24515654959836,1.7054204727121771,1.045076290512485,66.84272300469479,0.12590628286288108,79.48575705146666,81.0356234750261
20220418,6034506,158.48,158.98,156.53,157.06,158.718,157.808,155.35150000000002,158.17392335782634,157.18974690766632,155.62288590907647,155.03116147971767,153.13618275198695,148.31830877740254,1.5668609985898456,1.1494332321279572,59.0857142857143,0.12507519724177008,68.28820135460664,76.7864827682196
20220419,7897048,156.77,160.03,156.3,159.41,158.702,158.341,155.786,158.58594890521758,157.53132430648688,155.9034128787745,155.1747299557925,153.2398822106318,148.4103560074656,1.6279114277123767,1.2451288712448412,60.810071154898715,0.13271585696878455,70.61137822265867,74.72811458636596
20220420,10196130,160.5,164.48,160.0,163.65,159.63,159.244,156.3745,160.27396593681172,158.47265902856583,156.47723414701343,155.45260766215995,153.411950273266,148.53682608209243,1.9954248815523954,1.3951880733063522,71.59514925373142,0.17165654845942,77.02535239293795,75.49386052188996
20220421,9365701,163.82,164.9,162.43,162.61,160.26000000000002,159.822,156.964,161.0526439578745,159.1091730241711,156.93151309908652,155.6872762634006,153.56398415304673,148.65361590713732,2.1776599250845834,1.5516824436619985,73.48013403542367,0.17387438106369799,75.8075992697106,75.59844010449683
20220422,9394646,163.24,163.52,160.91,161.25,160.796,160.061,157.47250000000003,161.11842930524966,159.43853102045247,157.2514010176727,155.86966064820714,153.6910257372939,148.75815021496192,2.1871300027797815,1.6787719554855551,65.43086172344688,0.1748734229056551,69.72444602476827,73.64044207792064
20220425,6986760,161.7,163.29,159.8,162.55,161.894,160.30599999999998,157.95850000000002,161.5956195368331,159.91721855576748,157.64388983117843,156.08868816793805,153.83745506395022,148.87260539989998,2.2733287245890494,1.797683309306254,70.91358024691355,0.17510774660964307,70.70777021806258,72.66288479130128
20220426,7769465,162.68,163.64,159.75,159.79,161.97,160.33599999999998,158.25400000000002,160.99374635788874,159.8976464702648,157.80286095479485,156.21004265423514,153.9358442364469,148.96320618496307,2.094785515469937,1.8571037505389907,61.50422785936799,0.19559725077650825,60.66564526165405,68.66380494808553
20220427,6754947,160.21,161.45,159.11,159.36,161.11200000000002,160.371,158.449,160.44916423859252,159.8149316286856,157.918204587773,156.3133199442602,154.0254997036131,149.04948663156088,1.8967270409125945,1.8650284086137117,56.11406476558724,0.19547133246515327,52.30422862404845,63.21061284007317
20220428,9308388,160.54,163.71,159.27,163.41,161.272,160.766,158.90000000000003,161.43610949239502,160.36801907042627,158.32500424793795,156.54599797887462,154.1806154109914,149.1686610163612,2.043014822488317,1.9006256913886328,60.01761338617345,0.22887346640538814,62.42762528424932,62.94961698813188
20220429,10637050,162.47,162.95,160.2,160.55,161.132,160.964,159.2875,161.14073966159668,160.39601613651453,158.4898187480907,156.67727673366562,154.28589449510727,149.26311196228352,1.9061973884238341,1.901740030795673,50.924784217016054,0.246111738910384,58.091285073220476,61.33017301649474
20220502,10351640,161.6,162.0,156.19,158.38,160.298,161.096,159.452,160.22049310773113,160.08585980782,158.4816840260099,156.73310372600446,154.35356566047741,149.33877078417328,1.6041757818100848,1.8422271809985555,47.856315179606,0.251280842699625,47.1086944498852,56.589680160958224
20220503,10344010,158.22,158.99,155.01,156.21,159.582,160.776,159.5585,158.88366207182077,159.48957368354,158.31341113519434,156.71595278416825,154.3842505255935,149.39579343326727,1.1761625483456442,1.7090142544679734,44.92385786802034,0.2480327436308226,35.45028568313889,49.543215335018445
20220504,7770988,155.83,157.55,155.15,157.36,159.182,160.147,159.6955,158.3757747145472,159.1619469629954,158.2427880881429,156.73706908632667,154.43343646731924,149.46188643382106,0.919158874852485,1.5510431785448757,46.2871287128713,0.2065819893384334,32.637355206383845,43.90792862547357
20220505,8217145,156.3,157.295,153.14,154.46,157.392,159.332,159.57700000000003,157.07051647636482,158.43857050714993,157.96258156309528,156.6624110834963,154.43387553397514,149.50336455470222,0.47598894405464875,1.3360323316468303,43.215582700561264,0.2181268651833749,25.92096149678197,37.9122729159097
20220506,7304756,154.77,156.24,153.87,156.0,156.48200000000003,158.807,159.43400000000003,156.7136776509099,158.06340581374224,157.81720515101415,156.6406926873161,154.45976188878547,149.55727854180012,0.24620066272808572,1.1180659978630814,48.25197889182057,0.22843792503083887,26.299877831661043,34.04147455449348
20220509,8540760,153.96,156.76,152.75,155.61,155.928,158.113,159.2095,156.3457851006066,157.6859587654742,157.65370847316126,156.60689948445327,154.47877408897085,149.60750859539513,0.032250292312937745,0.9009028567530527,43.30042313117068,0.2206361084038251,26.231548724757033,31.438165944581332
20220510,7447352,155.55,156.62,153.94,154.79,155.644,157.613,158.97449999999998,155.8271900670711,157.24042664770894,157.44158191959374,156.54732900955315,154.48391831890524,149.65051682281924,-0.20115527188480087,0.680491231025482,32.23736968724937,0.21034264622100646,23.692078711881788,28.856136867014815
20220511,7692196,154.03,155.9,152.35,152.61,154.69400000000002,156.938,158.6545,154.7547933780474,156.52805331729218,157.0836869625868,156.41823625514158,154.4529444623944,149.6750768491859,-0.5556336452946198,0.4332662557614617,30.82822085889569,0.21669617225459406,16.612329204147667,24.774867646059096
20220512,9600841,153.52,153.61,149.88,151.99,154.2,155.796,158.281,153.83319558536493,155.829891268478,156.70637681720999,156.2730481812025,154.4122346365697,149.69428782969058,-0.8764855487319778,0.17131589486277382,31.728492501973165,0.1516465751795199,16.87796644412928,22.142567245415822
20220513,5675512,152.58,153.73,150.42,153.62,153.724,155.103,158.0335,153.7621303902433,155.48990799640447,156.47775631223146,156.18606299493356,154.3991398491884,149.72686635392552,-0.9878483158269944,-0.06051694727517983,32.60615504479934,0.16225956196826072,24.936573311819828,23.073902600883823
20220516,5970990,153.47,155.9,152.03,155.12,153.626,154.777,157.9365,154.21475359349554,155.4329990738807,156.37718177058468,156.15111010985376,154.41105489300347,149.77162264974356,-0.9441826967039901,-0.2372500971609419,40.43424825891029,0.1669041170103175,39.3970897263501,28.51496497603925
20220517,6509118,155.13,156.75,153.07,154.68,153.604,154.624,157.70000000000002,154.36983572899703,155.31715306251442,156.25146460239324,156.1028769914979,154.41550026667284,149.81235607173738,-0.93431153987882,-0.37666238570451754,40.41769041769039,0.15527384431044924,47.84260915449646,34.95751303552498
20220518,9670680,154.67,154.76,144.545,145.04,152.09,153.392,156.76950000000002,151.25989048599803,153.73605259135834,155.4209857429567,155.74015971308813,154.26053332011628,149.77275145703416,-1.6849331515983579,-0.6383165388832857,19.3935354881706,0.3325606696761493,33.24587096860005,34.38696567988333
20220519,9694141,143.41,143.42,140.6,141.7,150.032,152.116,155.724,148.07326032399868,151.88435219268783,154.40461642866362,155.27982660774097,154.05292119912264,149.705757669009,-2.5202642359757874,-1.014706078301786,19.088225647753333,0.3370014079727053,24.432890876756456,31.068940745507707
20220520,7786869,142.15,142.45,139.18,141.79,147.666,150.695,154.751,145.97884021599913,150.33137493227431,153.47020039691074,154.83753721076584,153.85022828674045,149.64006673399646,-3.138825464636426,-1.4395299555687142,20.80253431890179,0.3268749490397017,21.2402160009338,27.79269916398307
20220523,7134483,142.84,145.63,142.08,145.05,145.652,149.63899999999998,153.87600000000003,145.6692268106661,149.51885571192443,152.84648184899143,154.51663435139648,153.70476996795136,149.6019748938803,-3.327626137067,-1.8171491918683715,31.08474576271189,0.36090574205594267,25.296550754559178,26.960649694175103
20220524,7207400,144.89,147.94,144.82,147.63,144.242,148.923,153.26799999999997,146.3228178737774,149.22826252547452,152.46007578610318,154.29084306118676,153.6043605469935,149.58560995700165,-3.2318132606286554,-2.1000820056204286,34.27093436792755,0.3797042035242467,32.8954808103815,28.938926732910566
20220525,8217750,147.11,147.14,143.5,145.21,144.276,148.18300000000002,152.5605,145.95187858251828,148.61006829078613,151.92303313528072,153.99311050180359,153.46561078588616,149.54929784117593,-3.312964844494587,-2.3426585733952603,34.8111658456486,0.38133487865435156,33.37027500809725,30.416042824639458
20220526,5702555,146.48,147.38,145.04,146.48,145.23200000000003,147.632,151.714,146.1279190550122,148.28236547681902,151.5198454956303,153.74677900994118,153.35014614479715,149.52382648979687,-3.237480018811283,-2.521622862478465,34.22796554009274,0.38690989702316253,36.096214452372145,32.30943336721702
20220527,6028846,146.97,148.72,146.63,148.72,146.618,147.142,151.1225,146.99194603667482,148.34969386500072,151.31244953299102,153.58196658338574,153.27361480356083,149.51715573054545,-2.962755667990308,-2.6098494235808336,39.24445832032467,0.39169356805277006,42.16317540991001,35.59401404811468
20220531,12416920,147.29,148.9899,146.1606,147.88,147.18400000000003,146.418,150.5975,147.28796402444988,148.27743327038522,151.05819401202874,153.3950168593403,153.18446414565074,149.50356937593511,-2.780760741643519,-2.6440316871933707,39.21996879875195,0.3856731802477142,46.72239079531013,39.303472963846495
20220601,7036042,148.0,148.12,144.71,145.64,146.786,145.51399999999998,150.06900000000002,146.7386426829666,147.87167430571057,150.65684630743402,153.14075401149307,153.05976225894577,149.47150655953732,-2.7851720017234527,-2.672259750099387,39.146683276237894,0.3886254252149525,53.098875045475275,43.90194032438942
20220602,6480034,145.97,147.26,142.63,147.21,147.18599999999998,145.731,149.5615,146.89576178864442,147.76987825867818,150.4015243587352,152.94630306029657,152.96307197367395,149.45273887024655,-2.6316461000570257,-2.664137020090915,42.770719903206306,0.24116865729333906,62.68461141694329,50.16283068857405
20220603,4720680,146.36,147.21,145.119,145.89,147.06799999999998,146.15,149.13299999999998,146.56050785909628,147.48066621888154,150.06733736919927,152.71494886159832,152.84616169311735,149.42317257256815,-2.586671150317727,-2.6486438461362773,38.198473282442734,0.2120019273625918,60.16916756440617,53.49827631385142
20220606,4751096,147.37,147.64,144.59,145.32,146.38799999999998,146.503,148.599,146.14700523939752,147.1482560313613,149.71568274925858,152.47249152187376,152.72176232628897,149.38912134789953,-2.5674267178972627,-2.6324004204884743,34.60087994971717,0.21432892476678223,54.21153254955439,53.73602839241907
20220607,4918620,143.67,147.18,143.43,146.94,146.2,146.692,148.1655,146.41133682626503,147.1162166419211,149.51007661968387,152.29109835722215,152.6261960068462,149.36879668941074,-2.3938599777627587,-2.5846923319433315,38.27272727272727,0.19265074657675035,58.730475412287475,55.40084406570854
20220608,4369642,146.3,146.4297,144.99,145.11,146.094,146.44,147.6815,145.9775578841767,146.80756792777942,149.18414501822582,152.05565250944437,152.50196136210494,149.3334539782953,-2.3765770904464034,-2.543069283643946,50.13894402540694,0.18142314031800183,52.15175821156599,54.31781544766102
20220609,4626787,145.41,146.89,142.34,142.49,145.15,146.16799999999998,147.1755,144.81503858945115,146.14332670812104,148.68828242428316,151.74202455831505,152.33647439744206,149.27666182909783,-2.5449557161621215,-2.5434465701475815,51.61422149570907,0.1850459404157575,35.51972981359047,48.05178690297083
20220610,6632052,140.89,143.15,139.45,141.95,144.36200000000002,145.71499999999997,146.6735,143.86002572630076,145.49819952225627,148.18915039285477,151.42097457279652,152.16479713467444,149.21585965624226,-2.690950870598499,-2.572947430237765,50.32102728731941,0.17637641062596512,32.41506168469072,42.83954516354412
20220613,8549451,139.5,140.49,137.63,138.15,142.928,144.658,145.9,141.95668381753384,144.367707288063,147.44550962301366,150.98586065237697,151.93314759525833,149.12402679602448,-3.077802334950661,-2.6739184111803445,36.44933228593872,0.18068974126408818,23.262408457096036,36.31383292806143
20220614,9980162,137.51,137.58,132.54,133.84,140.30800000000002,143.254,144.836,139.25112254502258,142.7480600129764,146.43769409538302,150.42370128672528,151.63408730442762,148.99718839937697,-3.689634082406627,-2.877061545425601,24.641412283927963,0.21395223335386854,18.378029479123654,30.335231778415505
20220615,12178070,134.44,134.9,129.5,132.51,137.788,141.941,143.7275,137.00408169668174,141.17297385713388,145.40601305128058,149.83636681830805,151.3179866878255,148.86036525913318,-4.2330391941466985,-3.1482570751698207,25.67049808429121,0.21213396096293552,17.783074412028768,26.151179322953258
20220616,9683288,131.03,135.07,130.6,133.32,135.954,140.552,143.1415,135.7760544644545,139.96482403295943,144.5107528252598,149.29484659475696,151.02049930455567,148.7313995723354,-4.545928792300373,-3.4277914185959313,24.33697347893923,0.20194479599936122,18.874861074391827,23.725739906766112
20220617,17113330,132.56,134.26,131.43,132.36,134.036,139.199,142.6745,134.63736964296967,138.7948511048118,143.61069706042574,148.7396057227977,150.7120612995217,148.59553733522057,-4.8158459556139235,-3.70540232599953,16.42036124794754,0.2023232015204835,17.97539757900634,21.808959130846187
20220621,9017016,134.62,137.0,133.43,136.37,133.68,138.304,142.4035,135.21491309531314,138.42179708868693,143.07434913002382,148.3340448794273,150.4750024350668,148.49408059384945,-4.6525520413368895,-3.894832269067002,29.095532146749036,0.2769208724262007,25.152086022576988,22.92333476142312
20220622,8374622,135.68,139.69,135.67,138.5,134.612,137.45999999999998,142.076,136.3099420635421,138.43382830581203,142.73550845372577,148.01161717846247,150.27706851052025,148.41114216568474,-4.301680147913743,-3.9762018448363503,36.98030634573307,0.28461510432151516,34.0193511954232,26.622006906089812
20220623,6418526,139.05,142.475,138.9,142.3,136.57,137.17900000000003,141.8095,138.3066280423614,139.02862395107172,142.7032485682646,147.8243510414637,150.14521613844553,148.36042729294047,-3.674624617192876,-3.915886399307656,41.72006745362564,0.3215036749917356,53.93719872124674,35.72707084447545
20220624,19440640,144.2,145.239,143.12,144.35,138.776,137.365,141.7665,140.3210853615743,139.8472971893684,142.82523015580054,147.71043789256325,150.0494274419423,148.3271457386422,-2.9779329664321494,-3.728295712732555,47.46543778801844,0.3173233677621407,67.40866936373348,46.287603684228124
20220627,5618524,144.12,144.76,142.71,143.25,140.954,137.495,141.60500000000002,141.29739024104953,140.37078992946556,142.85669458870422,147.5641940272333,149.937040211497,148.2850117491099,-2.4859046592386562,-3.479817502033775,46.65156907149791,0.31940543339537936,74.05998039332448,55.54506258726024
20220628,6100267,143.54,144.09,140.58,140.92,141.864,137.772,141.21499999999997,141.17159349403303,140.45528378647086,142.71323573028167,147.3463516001109,149.7879982245301,148.22389131965673,-2.2579519438108093,-3.235444390389182,40.48070841239719,0.29909585681813283,73.55952438361324,61.54988318604457
20220629,5174562,141.6,142.86,141.15,142.2,142.60399999999998,138.608,140.931,141.51439566268868,140.72370166547535,142.67521826877933,147.17761876076298,149.66257676627342,148.17390052032349,-1.9515166033039861,-2.978658832972143,45.31702607016411,0.24071873351189002,75.45314467981481,66.18430368396798
20220630,7410304,141.69,144.44,141.23,143.79,142.902,139.73600000000002,140.8385,142.27293044179245,141.19543987078683,142.7577946933142,147.06654929319697,149.56550938170693,148.13751960314238,-1.562354822527368,-2.6953980308831884,52.163781624500636,0.22578744769688244,80.13771090755121,70.83543942516239
20220701,5937238,144.24,146.2498,143.4,146.11,143.254,141.01500000000001,140.7835,143.55195362786165,141.95152604451192,143.00610619751313,147.03518702128886,149.50839352415807,148.12069371431963,-1.0545801530012113,-2.367234455306793,56.53676932746704,0.22841041523133734,86.39497372775581,76.02195085936019
20220705,5761117,144.58,146.1,142.545,144.7,143.544,142.249,140.724,143.93463575190776,142.3743681915101,143.13157981251217,146.95862351239413,149.42891594524636,148.09230621461575,-0.7572116210020852,-2.0452298884458515,61.128100577641824,0.2331310197438335,86.04709244944206,79.36366472272081
20220706,5485269,145.51,147.49,144.97,146.05,144.57,143.217,140.7605,144.6397571679385,142.93985000820084,143.34775908565942,146.92883257756154,149.3730660949117,148.07535761532432,-0.4079090774585836,-1.717765726248398,73.06384586324137,0.20553925478421994,85.11016873424194,81.27916605989452
20220707,6623363,145.29,146.19,144.6,146.0,145.33,143.967,140.7135,145.09317144529234,143.41064231463147,143.54422137561056,146.89837905042836,149.31731293631813,148.05813473054985,-0.13357906097908767,-1.400928393194536,76.77649861055971,0.2025806397301028,82.88579507511926,81.81470906496943
20220708,4294177,145.99,146.8099,144.575,145.02,145.57600000000002,144.23899999999998,140.709,145.06878096352824,143.65823580468816,143.65353831075052,146.83679285205366,149.24628297042858,148.03292199419676,0.004697493937641184,-1.1198032157681006,73.06782334384857,0.17269810667903832,76.67543115958264,80.1016164298405
20220711,5483189,145.15,146.58,144.68,146.04,145.56199999999998,144.408,140.8865,145.39252064235217,144.02466106550537,143.83031325069493,146.8106684962486,149.19328655769422,148.0163832224607,0.19434781481044183,-0.8569730096523922,76.90794649881974,0.16269292746009664,77.45559375906562,79.21960887291554
20220712,5204424,145.86,146.92,144.37,144.75,145.572,144.558,141.0265,145.17834709490145,144.13625167081224,143.8984381950879,146.74310559473227,149.1198438046745,147.98927630775148,0.23781347572435152,-0.6380157125770435,68.45814977973563,0.1644570301779627,70.56450730099638,76.33457501560915
20220713,5075613,144.41,146.96,144.21,145.7,145.502,145.036,141.404,145.35223139660098,144.37682833684113,144.03188721767398,146.70890541129842,149.0633174607956,147.9702781641187,0.34494111916714587,-0.44142434622820564,66.72862453531593,0.13717478926557766,70.84492180023818,74.50469061048548
20220714,4867147,143.76,145.53,143.4663,145.27,145.356,145.34300000000002,141.97549999999998,145.32482093106734,144.5142393619425,144.12359927562406,146.66172818469846,149.0006179986337,147.94786921669862,0.3906400863184274,-0.275011459718879,58.18181818181818,0.1364955304074941,65.598670482262,71.53601723441099
20220715,6264592,145.34,145.7,144.1,145.07,145.36599999999999,145.47099999999998,142.6035,145.23988062071157,144.59974099856672,144.19370303298524,146.60954037536408,148.9356491060943,147.92398648460983,0.40603796558147565,-0.1388015746588081,52.2085889570552,0.12851025891936874,60.75300647587263,67.9416803148982
20220718,6047504,144.94,145.09,143.17,143.31,144.82,145.191,143.103,144.5965870804744,144.40131930647954,144.12824354906041,146.5013587237128,148.84266317045638,147.8856961403392,0.2730757574191216,-0.05642610824322217,50.176886792452834,0.11431536460837541,41.582251230828774,59.15520395354173
20220719,5943647,144.57,145.01,143.64,144.04,144.678,145.125,143.687,144.4110580536496,144.3457317208673,144.12170698987075,146.4206584376894,148.7632803081348,147.853781649548,0.22402473099654685,-0.00033594039526836346,60.156250000000014,0.11063335402468316,35.37321586013035,51.22787458907126
20220720,8635300,144.0,144.22,140.64,141.55,143.848,144.675,143.946,143.4573720357664,143.91561914842617,143.93121017580626,146.2609647184209,148.64405253444662,147.80146810888786,-0.015591027380082778,-0.0033869577922312467,48.03862401931208,0.12374965101946066,28.38172196582541,43.612490381322644
20220721,8310202,140.6,141.36,138.95,140.77,142.948,144.152,144.0595,142.56158135717763,143.431677740976,143.69704645907987,146.08093308830874,148.51390290577808,147.74311567644895,-0.26536871810387197,-0.05578330985455939,40.41878172588838,0.12326874694610962,26.495013978049304,37.90666491356486
20220722,5292834,140.76,143.17,140.67,143.02,142.538,143.952,144.09550000000002,142.71438757145177,143.36834270390278,143.6468948695184,145.980574626397,148.4230945932859,147.70391969573154,-0.278552165615622,-0.10033708100677192,40.15296367112808,0.1524994705947728,34.60050453301502,36.80461145338158
20220725,5262135,142.8,144.42,142.53,143.99,142.674,143.747,144.07750000000001,143.1395917143012,143.46398228791773,143.6723100643689,145.9153098845479,148.34982030248779,147.67309878539353,-0.20832777645117062,-0.12193522009565168,47.67213114754104,0.1521574629829418,44.04078579354562,39.216669566769596
20220726,5375711,142.69,144.49,141.71,144.27,142.72,143.699,144.1285,143.51639447620082,143.58798501285347,143.71658339293418,145.86136529816926,148.28238525616567,147.64485730169733,-0.12859838008071733,-0.12326785209266482,43.72355430183353,0.14744171991663257,55.632128800635456,44.68848931139155
20220727,5500030,143.88,146.21,143.53,145.64,143.53799999999998,143.693,144.3645,144.22426298413387,143.9036796262606,143.8590586971613,145.85410741954075,148.23870946680756,147.62821948176622,0.0446209290993238,-0.0896900958542671,48.838709677419295,0.1514565867965912,67.80433931061637,52.39377264446649
20220728,7115675,146.14,148.61,145.08,148.06,144.996,143.972,144.6575,145.5028419894226,144.54311352991283,144.1702395344086,145.92643176644106,148.23575559132314,147.63180272258145,0.3728739955042215,0.0028227224174306193,58.972845336481726,0.1692669506425256,76.63836561356477,60.47530363416591
20220729,18694720,141.43,142.5,138.23,138.91,144.174,143.35600000000002,144.4135,143.3052279929484,143.676480679157,143.78059216148944,145.69638482327906,148.0816108708054,147.55942261699988,-0.10411148233242784,-0.018564118532541075,35.779816513761446,0.3568169299785578,53.27593031912669,58.07551252915283
20220801,12590030,138.34,143.94,138.27,142.9,143.956,143.315,144.253,143.17015199529894,143.55702211313286,143.71536311249022,145.60470007497483,147.99596441013094,147.52075520938993,-0.1583409993573639,-0.046519494697505645,46.66906733885489,0.3853527503870012,50.51407557562847,55.55503354464471
20220802,7494999,143.11,143.7248,141.7673,141.95,143.49200000000002,143.106,144.1155,142.76343466353262,143.30978794188164,143.584595474528,145.48487384300844,147.89603111409573,147.47452487570206,-0.2748075326463493,-0.09217710228727438,43.24810947065178,0.3852917146584172,45.62210048009139,52.244055856460264
20220803,6811247,141.66,145.27,140.91,144.88,143.34,143.43900000000002,144.05700000000002,143.46895644235508,143.551359027746,143.6805513653037,145.46504191372946,147.84617936014374,147.45299354893274,-0.1291923375576971,-0.09958014934135893,49.35579781962336,0.3879196220522176,51.76990385249506,52.08600518847186
20220804,6124932,144.85,146.46,144.01,144.65,142.658,143.827,143.98950000000002,143.86263762823674,143.72038071578507,143.7523623752812,145.4383192280334,147.79334994923227,147.4297321916802,-0.0319816594961253,-0.08606045137231222,49.30693069306933,0.386361719485493,55.12983956254969,53.1006166464978
20220805,4580446,143.75,144.84,142.77,144.72,143.82,143.997,143.97449999999998,144.14842508549117,143.87416829797198,143.82403923637148,145.41476777793395,147.7425507765177,147.40724478759986,0.05012906160050079,-0.058822548777749624,52.46417336595596,0.3800735433022443,57.594587967839786,54.59860708694512
20220808,4487261,145.03,146.47,144.73,145.27,144.294,144.125,143.93599999999998,144.52228339032746,144.0889116367455,143.9311474410847,145.41002129341152,147.70168216864138,147.3895083163335,0.15776419566080335,-0.015505199890039031,52.163207879001085,0.3792381871523543,61.003970655502705,56.73372827646431
20220809,3977286,145.57,145.94,144.49,144.93,144.89000000000001,144.191,143.945,144.65818892688497,144.21830984647696,144.00513651952286,145.39428289034885,147.6558692402341,147.36909745893652,0.21317332695409164,0.030230505478787105,56.43074581430744,0.3794861583445158,62.1850491589029,58.55083523727717
20220810,4641404,145.89,146.5,145.39,146.3,145.174,144.257,143.975,145.20545928459,144.5385698700959,144.1751264069656,145.42397853328822,147.63345817841204,147.36022528085405,0.3634434631302952,0.09687309700908872,60.2902865649423,0.3794606245077927,73.98390621073176,63.695192228428695
20220811,5954410,146.81,147.29,144.925,145.26,145.296,143.977,143.9745,145.22363952306,144.64955912085037,144.25548741385703,145.4186021879345,147.5942274647193,147.34279602541127,0.39407170699334415,0.15631281900593982,54.36477007014804,0.37089346228305925,75.15408972807097,67.51482472830945
20220812,5038748,145.91,146.73,144.96,146.67,145.68599999999998,144.753,144.0545,145.70575968204,144.9603961791811,144.43434019801578,145.45963162439566,147.57895097769915,147.3372126559058,0.5260559811653138,0.23026145143781462,55.13409961685819,0.1756087685091768,80.19677037252795,71.74213994304895
20220815,6007996,146.87,148.77,146.745,148.56,146.344,145.31900000000002,144.317,146.65717312136002,145.514181382384,144.7399446277924,145.5612830465466,147.5951666640182,147.34736026871985,0.7742367545916125,0.3390565120685742,57.74088776614936,0.1356626650794812,85.90726167328832,76.46384718646208
20220816,7093138,148.36,150.6,148.36,149.93,147.344,146.11700000000002,144.6115,147.74811541424003,146.19353809278647,145.12439317388186,145.7045196679713,147.63375895056336,147.36879296358526,1.0691449189046125,0.4850741934357819,57.74088776614941,0.12518236051333703,87.75256355060435,80.22675264117616
20220817,4834576,149.1,149.7513,148.88,149.24,147.932,146.553,144.996,148.24541027616004,146.6622245400501,145.42925293877948,145.82043705590667,147.66030838939704,147.38432165268415,1.2329716012706058,0.6346536750027467,52.27097767513473,0.10493186222406084,86.04534462334888,82.16628330190039
20220818,3829152,148.87,149.99,148.5226,149.77,148.834,147.065,145.446,148.75360685077337,147.14034384158086,145.75078975812914,145.94993092292611,147.6951793251095,147.4041198132428,1.3895540834517135,0.7856337566925401,81.2788018433179,0.10212829040455211,86.16880039810827,83.50045566730302
20220819,6502516,149.21,150.63,148.72,149.73,149.446,147.566,145.7815,149.0790712338489,147.53875248133764,146.0455460723418,146.0738676139777,147.72881272469448,147.42342172350635,1.4932064089958317,0.9271482871531984,75.46607009694236,0.10274390605335322,85.89320678006345,84.29803937155648
20220822,6380738,148.98,150.13,148.84,149.33,149.6,147.972,146.04850000000002,149.1627141558993,147.8143290226703,146.28883895587205,146.1806260528637,147.75527863007144,147.4392439498673,1.5254900667982554,1.04681664308221,78.69362363919129,0.10666811655462362,82.9997948793763,83.86529120749643
20220823,5268168,148.43,148.44,145.8301,146.45,148.904,148.124,146.1575,148.25847610393288,147.6044322499518,146.30077681099263,146.1894579855567,147.73370377668184,147.4310344565074,1.3036554389591686,1.0981844022576017,56.12802498048395,0.14979127224166824,64.24350917754494,77.32469719751259
20220824,5903163,146.61,147.26,145.12,145.82,148.22,148.076,146.1665,147.44565073595527,147.32990421149768,146.26516371388206,146.17734460898106,147.70207230929867,147.41766487595547,1.0647404976156167,1.0914956213292049,54.42846328538979,0.14464507429968543,47.884855618657156,67.51141667122745
20220825,5097560,145.23,145.78,144.485,145.7,147.406,148.12,146.0485,146.86376715730353,147.0791497174211,146.22329973507598,146.16169396606364,147.66898020501276,147.4034103956571,0.85584998234512,1.044366493532388,53.695324283559515,0.14021729436322308,38.51396124509326,57.845598195849384
20220826,6086561,146.0,146.53,142.02,142.29,145.918,147.682,146.2175,145.33917810486903,146.34235745320248,145.93194419914443,146.03475318029106,147.58007144129354,147.3609754546143,0.4104132540580565,0.9175758456375217,40.75682382133993,0.17073304238839823,26.721270330642827,47.47082224078053
20220829,5272092,141.3,142.69,141.02,141.69,144.39,146.995,146.15699999999998,144.12278540324604,145.6266101527098,145.6177261103189,145.89230225634708,147.4827148885449,147.31391341764655,0.008884042390889135,0.7358374849881952,40.10989010989011,0.1487804498956417,20.138148309224903,38.35993093026198
20220830,5203706,142.41,142.41,139.91,140.18,143.13600000000002,146.02,146.0685,142.80852360216403,144.78867012921597,145.2149315836286,145.70501365777832,147.3620088573293,147.25471081667024,-0.4262614544126393,0.5034176971080283,31.47699757869252,0.13099760187500023,14.264984444955937,30.328282101826634
20220831,8406934,140.4,140.88,137.86,137.94,141.56,144.89,145.7215,141.1856824014427,143.73502857087504,144.67604776261908,145.4504230460479,147.2062731737371,147.17741031196758,-0.9410191917440329,0.21453031933761607,29.345372460496677,0.13760193129248952,9.718812391651607,23.458458865101623
20220901,7446540,137.83,139.76,136.76,139.64,140.34799999999998,143.877,145.47099999999998,140.67045493429515,143.1050241753558,144.30300718761026,145.25991737240696,147.08121080722904,147.11485918904668,-1.1979830122544683,-0.0679723469808008,30.48306496390896,0.1601922269315714,13.659462561774205,20.192126763992484
20220902,7077763,140.42,141.15,136.55,137.16,139.32199999999997,142.61999999999998,145.09300000000002,139.5003032895301,142.1904050714549,143.7738955440836,144.99434631101656,146.91722385173767,147.0322462497185,-1.5834904726286823,-0.37107597211037713,19.354838709677395,0.16351071461397804,10.816428923997453,17.066894150660808
20220906,8217219,135.88,137.94,135.29,135.63,138.10999999999999,141.25,144.61100000000002,138.21020219302008,141.18111198353876,143.17064402229963,144.68731856311436,146.73065816823788,146.93762179951338,-1.9895320387608706,-0.6947671854404759,11.886993603411469,0.16052196266301183,8.157764089125575,14.097184130149063
20220907,6609426,136.03,137.755,136.02,137.68,137.60999999999999,140.373,144.24849999999998,138.03346812868006,140.64247937068663,142.76392965027742,144.45757041350404,146.58106051256453,146.86079506258795,-2.121450279590789,-0.9801038042705386,21.272365805168988,0.18869670135936298,12.526291124660267,13.573553128319464
20220908,7380534,137.01,138.4933,136.06,137.86,137.594,139.577,143.8265,137.97564541912004,140.21440562135024,142.40067560210872,144.24125662945474,146.43691075202628,146.7860996678777,-2.186269980758482,-1.2213370395681273,19.878603945371808,0.19196340975158754,15.972450310864907,14.373185522501277
20220909,6434703,137.95,141.09,137.3,139.96,137.65800000000002,139.003,143.5615,138.63709694608005,140.17526629498866,142.21988481676735,144.10088755963653,146.32985437595974,146.7294515378538,-2.0446185217786876,-1.3859933360102394,27.62253779202935,0.21555064916736735,31.68433624327936,20.14356909609397
20220912,5818761,139.41,141.8,139.11,141.1,138.446,138.88400000000001,143.28300000000002,139.45806463072003,140.31753301883657,142.13693038589568,144.00249780358288,146.24341050197694,146.68273409770563,-1.8193973670591106,-1.4726741422200138,31.767833407177633,0.1946279292739973,48.323265360688104,29.536801184292013
20220913,6350157,140.78,141.43,137.86,138.18,138.956,138.533,142.76399999999998,139.0320430871467,139.9886817851694,141.8438244313849,143.81159623625229,146.11013098954757,146.612171989011,-1.8551426462154836,-1.5491678430191078,31.711632021229548,0.21689181824802492,47.01325729627034,35.36228655495145
20220914,6138000,138.66,139.66,137.67,138.51,139.122,138.36599999999999,142.193,138.85802872476447,139.76119227975872,141.59687447350453,143.63777340883416,145.98450898972035,146.54493404719346,-1.8356821937458108,-1.6064707131644484,33.61721201255038,0.213345475094429,47.82962672797945,39.51806661262745
20220915,5320907,138.78,138.89,136.64,137.44,139.038,138.316,141.603,138.38535248317632,139.40408577518045,141.28895784583753,143.4345677232986,145.84327743617126,146.46937442854457,-1.8848720706570816,-1.6621509846629752,32.24419604471193,0.20204351743070406,42.89512237574461,40.643751866999835
20220916,9321466,137.44,139.06,137.11,138.28,138.702,138.18,141.02849999999998,138.35023498878422,139.23114950207577,141.0660720794792,143.2655655028626,145.71826458598662,146.4014128150297,-1.8349225774034323,-1.6967053032110666,40.3093281778637,0.19434026939122337,43.906528076405266,41.73134393680164
20220919,6056100,138.2,138.46,137.23,137.99,138.08,138.26299999999998,140.44150000000002,138.2301566591895,139.04020342483335,140.83821488840667,143.092596142113,145.59052467547446,146.3316085593033,-1.7980114635733173,-1.7169665352835168,40.922473012757614,0.17302278571033447,40.632033711836485,41.364907195146586
20220920,5589800,137.41,137.97,136.53,137.5,137.94400000000002,138.45,139.85,137.98677110612635,138.80324905178207,140.59093971148766,142.90923233417485,145.45679699488812,146.2583172019647,-1.7876906597055893,-1.7311113601679313,43.07851239669418,0.16341353988211252,35.45039181253672,39.39340206760996
20220921,6413855,138.08,138.2,135.71,135.73,137.388,138.255,139.314,137.23451407075092,138.33044150535406,140.2308701032293,142.67384766748057,145.29602349084038,146.17094527497744,-1.9004285978752478,-1.7649748077093947,44.150344097406006,0.15881679874868296,23.74306361667736,34.17662258396576
20220922,5061761,135.74,137.07,135.24,136.21,137.142,138.09,138.8335,136.89300938050062,138.00421973529959,139.93302787336046,142.4619182357599,145.14584128438023,146.08828182871207,-1.928808138060873,-1.7977414737796906,40.29428409734018,0.1601287428022707,20.757570866402787,29.703605344778097
20220923,6523573,135.68,136.5,133.95,135.58,136.602,137.652,138.32750000000001,136.45533958700042,137.6312628529458,139.61058136422264,142.23628157229234,144.98772820529956,146.0010761703825,-1.97931851127683,-1.8340568812791185,45.00632111251585,0.13505970884039695,21.10219519435774,26.83646862797131
20220926,7396366,135.58,136.82,134.99,135.71,136.14600000000002,137.113,137.9985,136.2068930580003,137.33568395249262,139.32164941131725,142.02230512729915,144.83437732587313,145.9156730486366,-1.9859654588246372,-1.8644385967882222,50.277392510402265,0.12381674007665791,24.342502575573093,26.005146610505236
20220927,7722229,135.96,136.94,131.71,131.98,135.042,136.493,137.513,134.79792870533353,136.51173257518604,138.77782352899746,141.69304922148606,144.6219082791645,145.80002430964376,-2.266090953811414,-1.9447690681928607,32.29813664596267,0.14965405738391283,17.452824846300345,23.154372689103603
20220928,10455120,133.02,133.02,131.19,131.98,134.29199999999997,135.84,137.103,133.85861913688902,135.81454294823433,138.274281045368,141.3745885912734,144.41295111752544,145.6853353112235,-2.4597380971336804,-2.0477628739810245,31.532663316582827,0.14726410612298774,14.981256377838482,20.430000585348562
20220929,7128463,131.87,131.87,128.26,128.7,132.79000000000002,134.966,136.64100000000002,132.1390794245927,134.7199978792752,137.5650750420074,140.9590283095923,144.15323291723575,145.5443781717113,-2.8450771627321956,-2.207225731731259,17.076023391812797,0.17643604616559894,11.425412748624337,17.428471306440485
20220930,9431937,129.0,129.04,126.21,126.25,130.924,133.763,135.97150000000002,130.17605294972847,133.41692128246365,136.72692133519203,140.47676508632696,143.8573117119922,145.38425885078422,-3.310000052728384,-2.427780595930684,9.668658337859881,0.17177362424578785,7.728145613344793,14.19502940874192
20221003,8477669,127.25,129.1,126.68,128.51,129.48399999999998,132.815,135.539,129.62070196648565,132.6620103159308,136.11826049554818,140.0844121326769,143.60363713824026,145.24422350762418,-3.456250179617399,-2.6334745126680272,22.76056338028164,0.2131618771466067,11.546314478954905,13.312124432146247
20221004,7211561,129.1,130.87,128.7,130.1,129.108,132.075,135.2625,129.7804679776571,132.26785488271065,135.67246342180388,139.75705435783505,143.38043652438506,145.11854530424142,-3.404608539093232,-2.7877013179530685,27.880063124671253,0.23234298595124747,19.637383378849005,15.420544081047165
20221005,5071090,129.2,130.09,128.09,129.2,128.552,131.422,134.8385,129.5869786517714,131.79587720844748,135.19302168685545,139.41092142806997,143.14604914381673,144.98644119383277,-3.3971444784079665,-2.9095899500440483,28.13163481953292,0.22924479540568973,22.380187863004007,17.740425341699446
20221006,5530781,128.89,129.06,126.35,126.48,128.108,130.449,134.2695,128.55131910118095,130.9780499456094,134.5476126730143,138.98695679108405,142.8705772571421,144.8328607689877,-3.5695627274049,-3.041584505516219,21.525096525096558,0.23650004015393636,15.758895046289748,17.079915243229546
20221007,6095411,126.5,126.58,123.76,124.27,127.71199999999999,129.318,133.48499999999999,127.12421273412065,129.9460422616695,133.7863080305688,138.50443361760588,142.5631296991728,144.66221462152723,-3.840265768899286,-3.2013207581928325,19.699646643109546,0.24071346385097298,11.795763111284696,15.318531199247928
20221010,6923335,123.37,124.25,122.18,123.76,126.76199999999999,128.123,132.618,126.00280848941377,128.99434345218188,133.04361854682296,138.02100956456962,142.25233416695508,144.48875225952287,-4.049275094641075,-3.3709116254824814,19.682259488084767,0.23675953405786068,12.722390659675646,14.4531510193905
20221011,5516175,123.69,125.7,123.6,124.23,125.58800000000001,127.348,131.9205,125.41187232627586,128.2613675364616,132.39075791372497,137.56884531655095,141.95444434601367,144.32062983413263,-4.129390377263377,-3.5226073758386605,23.080524344569326,0.22141801779700854,15.533537357568413,14.813279798783137
20221012,6823671,124.84,125.81,124.41,124.43,124.63400000000001,126.59299999999999,131.2165,125.08458155085057,127.67192637700596,131.80107214233794,137.13806350289354,141.66478410888948,144.15556236662945,-4.129145765331984,-3.6439150537373255,22.058823529411754,0.22265501440569144,18.98630146814496,16.204287021903742
20221013,6910826,123.51,126.75,122.92,126.31,124.6,126.354,130.66000000000003,125.49305436723373,127.46239924208197,131.39432605772032,136.78304502738882,141.41098602444504,144.00746641337943,-3.9319268156383487,-3.70151740611753,29.243170622480932,0.21711977551212094,28.49949825532639,20.302690766377957
20221014,5520319,126.75,127.02,124.765,125.08,124.76200000000001,126.237,130.0,125.35536957815582,127.09587628176166,130.9265982015929,136.3993386330482,141.14105237114842,143.8503920033099,-3.830721919831234,-3.7273583088602713,27.315407597097717,0.20226715866200007,30.12356270339746,23.576314745384458
20221017,6664569,126.01,128.28,125.86,127.34,125.478,126.11999999999998,129.4675,126.01691305210389,127.13343377687525,130.66092426073416,136.10231113688266,140.91293580303028,143.71337630203763,-3.5274904838589123,-3.6873847438599996,39.435336976320606,0.20265099465914763,41.82700218995987,29.659877226909593
20221018,7114181,129.33,130.065,127.66,128.37,126.306,125.947,129.011,126.80127536806927,127.32367473427905,130.49122616734644,135.84879273895208,140.70561455008763,143.58604537836928,-3.1675514330673877,-3.5834180817014776,42.14876033057854,0.19660027855697118,54.052497338223105,37.790750597347426
20221019,9993668,131.64,133.0,129.51,129.56,127.33200000000002,125.98299999999999,128.7025,127.72085024537952,127.6677247751592,130.4222464512467,135.6426028130848,140.52138951620188,143.46964666153633,-2.7545216760875064,-3.4176388005786835,52.05741626794262,0.20003759618839684,58.77067290200702,44.78405803223396
20221020,8167987,128.62,129.77,126.68,126.99,127.468,126.03399999999999,128.24150000000003,127.4772334969197,127.56345942513471,130.16800597337658,135.35891091757384,140.29773018535556,143.33288610832855,-2.6045465482418706,-3.2550203501113213,51.760228353948605,0.19672588509988423,53.998686432514816,47.855600832327575
20221021,6394604,126.54,128.95,126.48,128.58,128.16799999999998,126.465,127.8915,127.8448223312798,127.71985028280629,130.0503759012746,135.13665154322715,140.10404869468854,143.21045551821794,-2.3305256184683145,-3.07012140378272,50.17199017199023,0.17856012602375987,54.71605550527446,50.142419056643206
20221024,6946022,129.49,130.44,128.35,129.37,128.574,127.026,127.57449999999999,128.35321488751987,127.97371947006687,129.99997768636538,134.94758100082626,139.92662640221437,143.09559696619954,-2.0262582162985154,-2.861348766285879,48.132992327365756,0.17429766888346424,57.80673541621473,52.69719117650038
20221025,6776004,129.6,131.18,128.47,130.86,129.07199999999997,127.689,127.51850000000002,129.18880992501326,128.41776262851812,130.0636830429309,134.81356195161885,139.77676480878935,142.99405674241365,-1.6459204144127852,-2.6182630959112605,54.12115193644495,0.17737708116325857,64.79443736742363,56.72960657347479
20221026,6613656,130.65,132.57,130.4,131.78,129.51600000000002,128.42400000000004,127.5085,130.05253995000885,128.9350299164384,130.19081763234342,134.71410090402478,139.64458687806558,142.90099403085836,-1.2557877159050292,-2.345768019910014,64.4492911668484,0.17648385111725096,71.59135330667748,61.68352215120902
20221027,6676715,132.0,133.12,131.5,131.88,130.494,128.981,127.66749999999999,130.6616933000059,129.38810223698633,130.31594225216983,134.6211795629092,139.5162465990893,142.80953349948194,-0.9278400151835058,-2.0621824189647127,73.44423906346272,0.1705915386726692,75.36760560206409,66.24488330149404
20221028,6996421,133.17,135.51,132.92,135.22,131.82200000000003,129.995,128.11599999999999,132.1811288666706,130.28531727744996,130.67920578904614,134.64081301986297,139.44523425860848,142.7465498189883,-0.3938885115961739,-1.728523637491005,80.06295907660017,0.17841711618868997,82.5078980130409,71.665888205343
20221031,8346305,135.2,135.67,134.26,134.67,132.882,130.728,128.424,133.0107525777804,130.95988385014996,130.9748201750427,134.6417699700314,139.36630476673065,142.67952450928718,-0.014936324892744324,-1.3858061749713528,77.2727272727272,0.17773306645447945,84.71146773593368,76.01441471553989
20221101,6428377,134.7,136.28,133.84,134.88,133.68599999999998,131.379,128.663,133.63383505185362,131.5629786424346,131.26409275466918,134.6495807906861,139.29215096893347,142.61479816481176,0.29888588776540814,-1.0488677624240006,77.28459530026102,0.1781606594034066,85.04574039538434,79.02485660882137
20221102,7326827,134.72,136.54,132.81,132.94,133.91799999999998,131.717,128.85,133.40255670123577,131.77482808206003,131.38823403210108,134.59352896148326,139.187156738042,142.53450938336104,0.3865940499589442,-0.7617753999474117,67.25663716814155,0.19844457748437794,78.10206417346365,78.71725913036879
20221103,5204163,131.73,132.64,130.96,132.03,133.948,132.221,129.1275,132.94503780082385,131.81408530020462,131.43577225194545,134.50947883159856,139.06885662666943,142.4473350316319,0.378313048259173,-0.5337577103060948,68.39597670725249,0.1682472607276089,67.0456577599241,74.82672534022055
20221104,5555471,133.32,135.0,132.52,134.44,133.79199999999997,132.80700000000002,129.636,133.4433585338826,132.21807217709622,131.65830764069023,134.5072008371199,138.99234659978234,142.38088411850632,0.5597645364059929,-0.31505326096367725,68.64495798319324,0.17737887445549622,69.3563368957115,73.0032625253842
20221107,6746778,135.35,137.19,135.06,136.5,134.158,133.52,130.273,134.4622390225884,132.8768303036968,132.01695151915763,134.57253851459137,138.9511507882157,142.33208010092537,0.8598787845391769,-0.08006685186310641,70.25411061285497,0.18465486691191688,76.1835569486383,74.0633606664689
20221108,5266204,136.82,137.52,135.8,136.81,134.544,134.115,130.902,135.24482601505895,133.4819333338973,132.37199214736816,134.6458979075556,138.91575986609644,142.2862537100463,1.1099411865291415,0.15793475581534316,68.89004689942675,0.18218917498879375,80.51464772185639,76.21378968493138
20221109,5690881,136.87,137.97,136.34,136.48,135.252,134.58499999999998,131.50449999999998,135.65655067670596,133.94317435945155,132.67628902534088,134.70603240238984,138.87549937244196,142.23806903195464,1.2668853341106683,0.3797248714744082,77.99410029498519,0.18436541713830865,79.92464864766646,77.45074267250973
20221110,8068902,139.46,141.63,138.2,141.18,137.08200000000002,135.51500000000001,132.248,137.49770045113732,135.05653215030515,133.3061935419823,134.91829363509837,138.91359029190573,142.2292883760878,1.750338608322835,0.6538476188440936,81.4057826520438,0.2329312313722085,85.21062174761647,80.03736903087864
20221111,7175228,141.2,141.63,139.1091,140.97,138.388,136.09,133.0425,138.65513363409156,135.96629643487358,133.87388290924287,135.11671023722627,138.94758053501474,142.21883785014515,2.092413525630718,0.9415608002014185,79.77412731006152,0.2141979015994917,88.07855882830789,82.71776563002172
20221114,8516206,140.51,143.56,140.26,140.98,139.284,136.72099999999998,133.72449999999998,139.4300890893944,136.73763544489304,134.40026195300265,135.3089492458418,138.9811742451798,142.20855703811074,2.3373734918903892,1.2207233385392127,78.111111111111,0.21106537963543348,85.2269757268084,83.55416899561727
20221115,7732354,142.09,143.2,139.7,140.49,140.01999999999998,137.28199999999998,134.3305,139.78339272626295,137.31492229952488,134.85135366018764,135.4788197623716,139.00611351385453,142.19429515397704,2.4635686393372396,1.4692923986988182,74.78656801365963,0.21422422179126127,82.02962402951249,83.04598734024901
20221116,6193736,141.5,142.91,140.98,141.74,141.072,138.16199999999998,134.9395,140.43559515084198,137.99570348421335,135.361623759433,135.68410436032661,139.05130172023712,142.19052506971167,2.6340797247803494,1.7022498639151245,76.33547008547009,0.19081883649863324,82.52458027088274,82.87218498379359
20221117,5189514,141.11,141.69,139.86,140.87,141.01,139.046,135.63349999999997,140.580396767228,138.43790294818052,135.76965162910463,135.8541337255618,139.08136284882826,142.17956635544022,2.6682513190758925,1.8954501549472782,67.38461538461537,0.18959681357527253,77.80070057274537,81.18169018011085
20221118,5671628,141.92,142.76,141.27,142.57,141.32999999999998,139.85899999999998,136.333,141.24359784481868,139.07361018692197,136.27338113805985,136.07432606242864,139.1390262728146,142.18280646867308,2.8002290488621213,2.0764059337302467,72.70114942528737,0.18227508437886192,80.94788972890923,81.10375669637696
20221121,6377188,143.06,145.19,142.83,144.38,142.01000000000002,140.647,137.08350000000002,142.28906522987913,139.88997785047243,136.87387142412948,136.34664324070965,139.22565393772675,142.2010404398874,3.016106426342958,2.264346032252789,75.0,0.1793249121697106,84.24774569497902,82.1517530292443
20221122,5372884,145.43,145.785,144.84,145.62,143.036,141.528,137.8215,143.39937681991944,140.77151971963053,137.52173280011988,136.6506877246208,139.33134560817754,142.2294135482701,3.2497869195106546,2.4614342097043624,84.64480874316939,0.17886832664574717,88.77338177072434,84.35896260973765
20221123,4296014,145.9,146.63,145.57,146.45,143.978,142.525,138.555,144.41625121327962,141.6451320704566,138.1830859260369,136.9719766516824,139.4490093171333,142.2644391619774,3.462046144419702,2.6615565966474306,89.57189901207461,0.17305601152146619,91.71781098533776,86.81191206827101
20221125,2411113,146.785,147.2,146.4,146.72,145.148,143.079,139.297,145.18416747551976,142.42588098269405,138.81544993151564,137.29158397457806,139.56919098131291,142.30141477059172,3.6104310511784092,2.8513314875536264,88.18407960199002,0.09969939163294161,92.34520732355855,88.65634382003353
20221128,6628288,146.39,147.34,146.14,146.6,145.954,143.642,139.866,145.6561116503465,143.06805313920268,139.3920832699219,137.59677794262467,139.68540270063008,142.33708767705986,3.6759698692807774,3.016259163899057,85.71428571428565,0.09884242890865376,91.66818359092382,89.66029041033028
20221129,5634161,145.75,146.06,144.53,145.48,146.17399999999998,144.092,140.4065,145.59740776689767,143.43912188701765,139.8430400647425,137.8552442395878,139.78118116838826,142.36316993700126,3.5960818222751527,3.132223695574276,78.99665551839458,0.11237685795844499,86.15668567380652,88.49242216482236
20221130,12396780,145.65,149.16,145.13,149.16,146.882,144.959,141.1205,146.78493851126512,144.3192569813226,140.53318524513193,138.22589196943736,139.93620296725788,142.41957516573984,3.786071736190678,3.2629933036975567,84.64480874316939,0.14662950484945786,90.77112378253767,89.25198937072746
20221201,6927461,149.53,150.36,148.57,149.25,147.442,145.71,141.93599999999998,147.60662567417677,145.0778328303499,141.17887522697401,138.58733813437382,140.09015002565033,142.47625918926067,3.898957603375891,3.390186163633224,79.47406866325782,0.14782336120453754,89.777008814321,89.4269958519253
20221202,4938278,148.47,150.77,148.08,150.61,148.22,146.684,142.86499999999998,148.6077504494512,145.92893547183454,141.87747706201299,138.9815237693124,140.2640318434082,142.54375911300124,4.051458409821549,3.522440612870889,82.47978436657687,0.13573221026748294,92.51296809283869,90.45565326556309
20221205,5402575,148.71,149.6705,148.27,149.09,148.718,147.336,143.59750000000003,148.76850029963416,146.4152530915523,142.4117380203824,139.31294921949888,140.40991561459154,142.59808476351577,4.003515071169915,3.6186555045306945,74.80122324159022,0.15367078619845115,86.03428642086679,88.98186431733099
20221206,6866696,149.72,150.08,148.275,149.28,149.478,147.826,144.2365,148.93900019975612,146.85598338515965,142.92049816702072,139.63973776967924,140.55652857963963,142.65353634224178,3.935485218138922,3.6820214472523403,77.38317757009337,0.1479085390616441,82.73012257117611,86.89795040194602
20221207,6175459,149.01,150.43,149.01,150.24,149.69400000000002,148.288,144.90800000000002,149.37266679983742,147.37660132590432,143.46268348798216,139.98728735100124,140.71658595848857,142.71649454687048,3.913917837922156,3.7284007253863036,76.96700507614204,0.1463494528342272,85.65555179958749,86.48381753449317
20221208,5187058,149.46,151.38,149.01,151.32,150.108,148.775,145.65,150.0217778665583,147.98327804499596,144.0447069333168,140.35885170014873,140.89184900049702,142.78789293237364,3.9385711116791526,3.7704348026448735,82.71759549154656,0.14716880272660543,90.14506373013859,87.70423293304164
20221209,5868231,150.7,151.95,150.22,150.92,150.17,149.195,146.137,150.3211852443722,148.43508142268888,144.55398790121927,140.70511885752092,141.05760356247228,142.8553792980801,3.8810935214696087,3.792566546409821,78.45944103612806,0.14979659905881734,88.80290861434214,88.0704581601418
20221212,6142366,151.22,152.56,151.04,152.47,150.846,149.78199999999998,146.71200000000002,151.0374568295815,149.0558381268906,145.14035916779562,141.09085266547103,141.24623821433224,142.9351686814985,3.915478959094969,3.817149028946851,78.07078417765432,0.1522379436244349,92.13150390350489,89.42414007459615
20221213,7680599,153.41,154.23,150.79,152.24,151.438,150.458,147.275,151.43830455305434,149.54570918429204,145.66625848869964,141.45639847971788,141.42795328516974,143.0123871986645,3.8794506955923964,3.8296093622759604,74.70149253731338,0.1429589249303857,83.96842807659141,87.60556940859456
20221214,7385563,152.79,154.44,152.17,152.84,151.958,150.826,147.89249999999998,151.9055363687029,150.0525231559394,146.19764674879596,141.82963131644843,141.61658215648924,143.09394415137268,3.8548764071434505,3.8346627712494588,74.25968109339405,0.09382370360988464,80.92654114959345,85.37922665559418
20221215,7117943,151.72,152.0,149.74,151.11,151.916,151.012,148.36100000000002,151.6403575791353,150.21521190117952,146.56152476740368,142.13390569951568,141.77349815390266,143.16046743642354,3.6536871337758328,3.798467643754734,65.00341763499661,0.11475886409019687,69.29408523965337,80.01751285028058
20221216,19966410,150.36,151.07,149.02,150.44,151.82000000000002,150.995,148.8395,151.2402383860902,150.24979468561344,146.8488192290775,142.4062366601873,141.91674611830098,143.22087849504243,3.400975456535946,3.7189692063109767,62.6482213438735,0.10943965714963057,57.901923276827546,72.64564965912956
20221219,5881793,150.22,151.375,149.24,150.4,151.406,151.12600000000003,149.231,150.96015892406015,150.27290319551906,147.11186965655324,142.6683272614926,142.05696519072578,143.28045626686782,3.1610335389658246,3.6073820728419466,67.44680851063833,0.0958973329728651,47.13412441905147,64.14180791243686
20221220,5646275,149.32,150.9,149.27,150.46,151.05,151.244,149.535,150.79343928270677,150.30168731928535,147.35987931162336,142.92379194144365,142.19585832806916,143.34003754266143,2.94180800766199,3.4742672598059556,56.20229007633592,0.09589615330407344,40.32391597243097,56.20251059910156
20221221,5024739,150.75,152.625,150.72,151.84,150.85,151.404,149.846,151.14229285513787,150.53835080862606,147.69174010335496,143.21612663188813,142.35526562843165,143.41057665019122,2.846610705271104,3.348735948898985,61.00254885301615,0.1006708370034456,44.225784080021626,52.21026842607491
20221222,5905909,151.13,152.41,150.88,152.19,151.066,151.491,150.133,151.49152857009193,150.79245068422205,148.02494454014348,143.51035198821967,142.51782322135014,143.48343493525186,2.767506144078567,3.2324899879349016,57.34200743494417,0.09578764476639967,48.979551010297286,51.1333626208157
20221223,3401860,152.31,152.9199,151.67,152.62,151.502,151.661,150.428,151.86768571339462,151.07361211741866,148.36531901865138,143.80902897221247,142.68480134992288,143.55925705197177,2.7082930987672853,3.1276506101013783,68.25232678386766,0.09468878517904518,54.793255409078895,52.3533268835701
20221227,4215100,152.7,154.32,152.66,153.95,152.212,151.80900000000003,150.7955,152.5617904755964,151.5161333301235,148.77899909134388,144.14151982558255,142.87100298050268,143.64548728390562,2.7371342387796176,3.049547335837026,71.60037002775208,0.09117635503665304,66.84864013741785,57.18509796818601
20221228,4197560,154.275,154.65,151.9,151.96,152.512,151.781,151.1195,152.3611936503976,151.5844205101045,149.01462878828136,144.39786343785852,143.02123433619687,143.71448738943337,2.569791721823151,2.9535962130342512,57.263513513513544,0.11290715642278609,61.972509647562156,58.780901861311385
20221229,3809088,152.81,153.24,152.14,152.59,152.662,151.756,151.291,152.43746243359843,151.7391250470115,149.2794711002605,144.66645807924021,143.1793957521275,143.78814309574514,2.45965394675099,2.854807759777599,55.57506584723449,0.11309851199220182,62.451773749647685,60.00452582409015
20221230,4532157,152.43,152.68,150.44,151.56,152.536,151.801,151.4065,152.1449749557323,151.71156734747126,149.44839916690788,144.89247584713397,143.31791813638986,143.8526398335398,2.263168180563383,2.736479843934756,52.66222961730456,0.10327728095915911,55.929032160886464,58.64602793635559
20230103,6447341,150.95,151.71,149.12,151.57,152.326,151.91400000000002,151.4545,151.95331663715487,151.6897877555526,149.60555478417396,145.1114110652607,143.45431618372228,143.91668431624902,2.08423297137864,2.606030469423533,45.70610687022895,0.10024897468705452,52.053953930042375,56.44866993425118
20230104,7313373,151.99,153.39,151.23,152.23,151.98200000000003,152.09699999999998,151.6115,152.04554442476993,151.77289733162144,149.7999581334944,145.34480742377676,143.59936880878473,143.98567448789842,1.9729391981270226,2.4794122151642313,49.95417048579276,0.10147089155677799,53.448868623644785,55.448736164049045
20230105,5373998,152.21,152.48,150.125,150.34,151.658,152.08499999999998,151.6645,151.4770296165133,151.55245158829507,149.83996123471704,145.50858422955457,143.7107842003751,144.0384074797001,1.7124903535780334,2.3260278428469916,39.754098360655675,0.12079943085529962,42.98640668942201,51.29462633917336
20230106,7882208,151.85,154.46,151.75,153.92,151.92399999999998,152.29299999999998,151.8485,152.29135307767555,151.91668980548044,150.1421863284417,145.78436835317572,143.87953156896393,144.12041239688102,1.774503477038735,2.2157229696853404,59.99999999999996,0.16119401124503288,57.59069668384603,53.39331645406425
20230109,5727156,153.44,154.8,151.9965,152.04,152.02,152.278,151.8845,152.20756871845037,151.9356606046373,150.2827651189275,145.98947103012077,144.01441534468353,144.1861351155791,1.6528954857097915,2.103157472890231,55.242463958060306,0.17355074996964936,55.52994802397238,54.10552697736696
20230110,4716522,152.1,152.7,150.94,151.89,152.084,152.20499999999998,151.93300000000002,152.10171247896693,151.92863589623155,150.4018195545625,146.1829309963463,144.14459029766397,144.2500676042465,1.526816341669047,1.9878892466459943,54.847104749512,0.17288242122296868,53.275833893915724,53.82896261621654
20230111,8691287,152.32,152.562,149.35,150.66,151.77,151.876,151.8425,151.62114165264464,151.73346114296515,150.42094403200232,146.32972014400707,144.25228302001665,144.3032620639623,1.3125171109628297,1.8528148195093614,50.60459492140262,0.1689352693883041,44.554781281389765,50.73756883794095
20230112,7801586,151.7,151.73,149.52,149.81,151.664,151.661,151.721,151.01742776842977,151.43754404404743,150.37568891852067,146.44382768026912,144.3441461105949,144.34896113397093,1.0618551255267619,1.6946228807128416,43.66021236727041,0.16045055236894837,33.75248329557438,45.07587365715209
20230113,5535776,149.61,151.05,149.42,150.88,151.05599999999998,151.49,151.623,150.9716185122865,151.3517680372709,150.41304529492655,146.58927595304718,144.45217675339498,144.40316062663507,0.9387227423443392,1.5434428530391413,46.084877465630576,0.16364924990348761,32.83029402803544,40.994013780779866
20230117,9611836,150.79,152.13,150.4,150.44,150.736,151.378,151.5895,150.79441234152435,151.2114960315369,150.4150419397468,146.71552920048825,144.55114903846285,144.4532588786962,0.7964540917901104,1.3940451007893353,43.48864994026278,0.16131156413894585,28.553529352023624,36.84718563786112
20230118,10461180,149.66,149.93,146.04,146.41,149.64,150.862,151.388,149.33294156101624,150.47280433437737,150.1183721664322,146.70551184965257,144.58187384774448,144.4694973942257,0.35443216794516275,1.186122514220501,30.606995884773596,0.2042471288244149,20.44360099876158,31.379324091494603
20230119,12683740,143.31,146.22,142.24,142.42,147.99200000000002,149.881,150.989,147.02862770734416,149.23391135985779,149.54812237632612,146.56500326441804,144.54614039571564,144.4524891170952,-0.3142110164683345,0.8860558080827339,27.75186567164168,0.22873886375991398,14.106774338877088,25.621807507288764
20230120,8603327,142.32,143.15,140.15,142.97,146.624,149.14399999999998,150.6145,145.67575180489612,148.27023268911043,149.06085405215381,146.4471343049289,144.52008848834845,144.44018630284546,-0.7906213630433854,0.55072037385751,27.481273408239645,0.23146811456971716,15.820898478477767,22.35483783101843
20230123,7473056,143.36,143.7,140.69,141.05,144.65800000000002,147.85700000000003,150.075,144.13383453659742,147.15942766001652,148.46745745569797,146.27017908181648,144.4627316538303,144.41205197668077,-1.308029795681449,0.17897033994971825,26.382022471910062,0.17714566992071143,12.937703899330483,19.215793187122443
20230124,6822541,140.69,142.38,139.81,141.82,142.934,146.83499999999998,149.55649999999997,143.36255635773162,146.3379772507832,147.97505319972035,146.12427157093725,144.41905013889098,144.39054117189505,-1.637075948937138,-0.184238917827653,28.81355932203384,0.18797178055043037,13.879213724605906,17.436933366283597
20230125,6902580,140.39,141.75,138.73,141.72,141.996,145.818,149.0115,142.81503757182108,145.62751921220118,147.51171592566698,145.97986922434913,144.37443773990105,144.36837900449345,-1.8841967134657978,-0.5242304769552819,26.592427616926457,0.18820194208962193,16.69062009501092,17.18816227585937
20230126,5398717,141.73,141.74,140.74,141.15,141.742,144.867,148.37150000000003,142.26002504788073,144.93867010263176,147.0404777089509,145.82151285633768,144.32114124833245,144.34167046503708,-2.1018076063191415,-0.8397459028280538,28.253667770941732,0.18855564299751035,17.146980560853088,17.174435037523942
20230127,6870791,141.07,141.36,139.295,140.57,141.262,143.943,147.802,141.69668336525382,144.26656700991919,146.56118306384343,145.64933210694954,144.25913891364928,144.31037029520274,-2.294616053924244,-1.130719933047292,13.182570325427406,0.1888755807247638,16.00843480176276,16.785768292270212
20230130,6369310,140.96,142.12,140.28,141.01,141.254,142.95600000000002,147.223,141.46778891016922,143.76555670070084,146.14998431837355,145.49722285754135,144.20543413821707,144.28298133009733,-2.3844276176727135,-1.3814614699723764,16.95626123427195,0.1825451979117174,17.458004153556118,17.009846912698848
20230131,9373412,141.23,142.47,140.76,142.38,141.366,142.15,146.764,141.77185927344615,143.55239413136226,145.87072622071625,145.39501882942523,144.17526167312258,144.26718895391394,-2.318332089353987,-1.5688355938486986,23.450586264656593,0.19838560946986605,27.88255016556612,20.634081330321273
20230201,7207973,142.08,144.095,141.35,143.19,141.66,141.828,146.34499999999997,142.2445728489641,143.49664118807576,145.6721539080706,145.3227231300998,144.15897635621147,144.25824962649557,-2.175512719994856,-1.6901710190779302,28.64493996569466,0.16727926299176346,46.29883586682352,29.18899950915535
20230202,6444253,142.17,142.71,141.21,142.17,141.86399999999998,141.80300000000003,145.84199999999998,142.21971523264276,143.2925425437564,145.4127351000654,145.2193551586211,144.12610071396006,144.24091975407651,-2.1201925563089787,-1.77617532652414,28.36919592298976,0.10616012882030326,52.238987813048496,36.8723289437864
20230203,5993228,142.78,143.38,141.17,142.61,142.272,141.767,145.4555,142.34981015509518,143.18753599856313,145.20512509265313,145.1338025304696,144.10104119802685,144.22738515030824,-2.017589094089999,-1.8244580800373118,25.719318849089944,0.10548926483117523,58.93285736154159,44.22583841637146
20230206,6108342,142.01,142.64,141.01,141.4,142.35,141.802,144.8295,142.03320677006346,142.91253046032264,144.92326397467883,145.01138277537223,144.05639588896855,144.20392137312726,-2.0107335143561897,-1.8617131669010876,24.606741573033787,0.09138710481302173,55.877574370260476,48.10975040100113
20230207,6278273,139.97,140.79,138.78,140.02,141.878,141.622,144.2285,141.36213784670898,142.46752577411917,144.56005923581372,144.84773088109773,143.98967860154758,144.1692000339312,-2.0925334616945577,-1.9078772258597818,28.910891089109,0.0981473994823281,45.02844876487111,47.08264985562445
20230208,7124028,139.06,139.54,138.4139,138.57,140.954,141.307,143.5625,140.43142523113931,141.86790642425467,144.11635114427196,144.64190363909452,143.9000971370592,144.12273364360811,-2.2484447200172895,-1.9759907246912836,34.73433782712141,0.1071868101754725,30.934868279981963,41.70005599707696
20230209,6547369,138.88,139.33,137.0,137.05,139.93,140.897,142.882,139.30428348742623,141.1266900512924,143.59291772617775,144.3929887656816,143.7868723909921,144.0640387585989,-2.4662276748853458,-2.074038114730096,28.203240058910225,0.11501744197721007,20.858152731639425,34.75275490859778
20230210,8108919,136.95,138.3,135.83,138.26,139.06,140.666,142.30450000000002,138.9561889916175,140.68566081263202,143.19788678349792,144.19190716680677,143.69551912833109,144.01587246184707,-2.5122259708658987,-2.1616756859572566,39.16083916083908,0.12746243391929232,23.705798130832743,31.0704359826761
20230213,5081703,138.94,140.45,138.74,140.07,138.794,140.57199999999997,141.76399999999998,139.327459327745,140.59094376453479,142.96619146620176,144.0567626695344,143.63559319232562,143.98312663228816,-2.3752477016669786,-2.204390089099201,43.70956146657082,0.14436975329219878,32.904087239470215,31.681653068274137
20230214,5253455,140.14,140.24,138.62,139.28,138.64600000000002,140.262,141.206,139.31163955183,140.3892601084525,142.69314024648313,143.90014750004147,143.5635999164194,143.94409653575465,-2.303880138030621,-2.224288098885485,41.64383561643837,0.1348501528751099,37.16784623911699,33.51038412522175
20230215,5530479,139.11,139.3225,138.07,138.96,138.72400000000002,139.839,140.83350000000002,139.19442636788668,140.16937393792136,142.4166113393362,143.73817545085979,143.48750735581743,143.90273473877744,-2.24723740141485,-2.228877959391358,42.36933797909409,0.12830485809184428,38.5975487068727,35.20610565243873
20230216,7595656,137.39,138.2,136.55,137.14,138.74200000000002,139.33599999999998,140.5695,138.50961757859113,139.7033164090104,142.0257512401261,143.52184182952013,143.38258987886178,143.8466124587876,-2.3224348311157144,-2.2475893337362294,38.99935856318153,0.13620020218775616,32.143838149172986,34.18534981801682
20230217,8034878,136.59,140.04,136.59,140.01,139.092,139.076,140.4215,139.0097450523941,139.75049849993187,141.8764363334501,143.4066994744539,143.32684459160788,143.8147733512458,-2.125937833518236,-2.223259033692631,47.2253052164262,0.17758514821041405,49.52062328224433,39.29710763942599
20230221,6899545,138.87,140.89,138.87,139.91,139.06,138.927,140.3645,139.3098300349294,139.77503719225004,141.73077438282417,143.29205359004555,143.27036782149867,143.78236859314418,-1.9557371905741263,-2.1697546650689303,42.6268656716418,0.17404037110538104,59.891219210560806,46.161811496470925
20230222,6126346,139.98,141.58,139.88,140.5,139.304,138.975,140.29850000000002,139.70655335661962,139.8865699319039,141.63960591002237,143.2005108493883,143.22457661783753,143.7551290197571,-1.7530359781184757,-2.0864109276788394,41.86327888687238,0.16901383604676812,66.99994324182308,53.107855411588304
20230223,5835448,140.23,141.14,139.1,140.05,139.522,139.123,140.21499999999997,139.82103557107976,139.9117130193033,141.52185732409478,143.09721541170344,143.17210427704683,143.72438106108692,-1.6101443047914756,-1.9911576031013667,43.35839598997502,0.16074640586609198,69.13039694382407,58.44870258900022
20230224,5260669,138.93,139.43,138.08,139.26,139.946,139.344,140.1205,139.63402371405317,139.81144947787203,141.3543123371248,142.97140507033612,143.1074413964345,143.68733225560072,-1.5428628592527787,-1.9014986543316492,39.73022685469031,0.15237983583453926,64.04584448342399,60.314416553808144
20230227,5821127,139.61,140.465,138.53,139.14,139.772,139.432,140.049,139.46934914270213,139.7081495581994,141.19028920104148,142.84578523196444,143.0418638526918,143.6495950584588,-1.4821396428420712,-1.8176268520337338,42.57555847568982,0.14776551391577158,59.86091421492662,60.163249107514304
20230228,6709913,138.45,138.59,137.28,137.56,139.302,139.181,139.8765,138.8328994284681,139.3776650107841,140.92137888985323,142.67248079812953,142.95125453281258,143.59905899988237,-1.5437138790691165,-1.7628442574408103,42.02334630350191,0.14190116110849868,46.60045043089204,55.64231621530688
20230301,7101801,138.05,138.33,136.51,137.66,138.73399999999998,139.01899999999998,139.6405,138.44193295231207,139.11340885527886,140.67979526838263,142.50813716540395,142.86379578020413,143.54977220320285,-1.5663864131037712,-1.7235526885734025,46.76616915422886,0.14079100733796993,38.62778220705098,49.970804879221575
20230302,5925013,138.0,140.43,137.78,139.93,138.70999999999998,139.116,139.47750000000002,138.9379553015414,139.23903826215903,140.62425487813206,142.42360807801364,142.81530328796936,143.51973259985678,-1.385216615973036,-1.6558854740533293,59.71659919028339,0.16325674244840555,48.23706190529237,49.39289055457851
20230303,5259353,141.185,141.24,139.965,140.95,139.048,139.497,139.41649999999998,139.60863686769426,139.5022631449038,140.64838414641858,142.37529305906236,142.7844718286641,143.49840701811524,-1.1461210015147856,-1.5539325795456207,59.193438140806556,0.1477551845342548,61.34936276920858,53.37838129278853
20230306,4943248,140.73,141.135,139.9425,140.35,139.29000000000002,139.531,139.3035,139.8557579117962,139.63268419953397,140.62628161705425,142.30889000794556,142.74423262488452,143.47227915904375,-0.9935974175202773,-1.4418655471405522,51.04321907600597,0.11557543053547897,66.14612350294371,57.634295362840255
20230307,5606803,140.43,140.62,137.34,137.56,139.29,139.296,139.1115,139.0905052745308,139.31380970729796,140.3991496454206,142.15318869620964,142.6585428294319,143.4232146017073,-1.0853399381226438,-1.3705604253369705,44.422827496757456,0.15098500129527476,51.496992835648214,55.58852785377624
20230308,5518821,137.2,137.69,136.595,137.58,139.274,139.004,138.9895,138.5870035163539,139.04706975232904,140.19032374575983,142.00324808321915,142.57459997274708,143.37472319422423,-1.1432539934307897,-1.3250991389557345,45.43650793650796,0.14819685144155714,41.871850051108794,51.016301919553754
20230309,4467211,138.15,138.56,136.1,136.57,138.602,138.656,138.8895,137.9146690109026,138.66598209812457,139.9221516164443,141.82510880180212,142.4753503864207,143.31825246232196,-1.256169518319723,-1.3113132148285322,48.00838574423482,0.15029015205547072,30.962556324604286,44.331720054570596
20230310,5928003,136.95,137.99,136.35,137.19,137.85,138.449,138.8965,137.67311267393507,138.43890792918234,139.7197700152262,141.67313802141516,142.3879892230088,143.26739559541474,-1.280862086043868,-1.3052229890715994,38.30845771144283,0.1527353463301867,27.710446110047478,38.79129540639622
20230313,8337075,137.045,141.32,137.045,138.14,137.408,138.349,138.8905,137.82874178262338,138.39292209392352,139.60275001409835,141.55729743054908,142.31777452510784,143.2248445946229,-1.2098279201748312,-1.286143975292246,43.14484895429895,0.15793508425860553,31.50045066340325,36.36101382539856
20230314,9219678,138.29,140.11,137.4,139.85,137.866,138.578,138.8795,138.50249452174893,138.6170879256276,139.62106482786885,141.50132046561305,142.2769848635358,143.1968375855389,-1.0039769022412486,-1.2297105606820464,47.68353528153954,0.1578453356158083,44.94666059552554,39.22289608210755
20230315,8823491,138.81,142.15,138.81,141.83,138.71599999999998,138.995,139.007,139.6116630144993,139.11138209091567,139.7846896554341,141.51209684378966,142.26959668397325,143.1854945350365,-0.6733075645184385,-1.118429961449325,55.719794344473,0.16830115995311565,61.53468833090137,46.66016016503882
20230316,7063643,141.94,143.124,141.61,142.89,139.98000000000002,139.291,139.2035,140.7044420096662,139.69270792308248,140.01471264392046,141.5572739964523,142.27985128423816,143.18304229823121,-0.32200472083798104,-0.9591449133270562,61.465571699305116,0.15531073083667007,73.24598052735865,55.522100285812094
20230317,16018760,142.5,143.39,141.53,142.93,141.128,139.48899999999998,139.493,141.4462946731108,140.19075285799286,140.23065985548192,141.60228140640467,142.29059754400282,143.1809423621463,-0.03990699748905513,-0.775297330159456,62.031746031746096,0.15299651537691308,80.06064911243215,63.701616561352104
20230320,8379233,143.5,145.4,143.23,145.13,142.526,139.967,139.749,142.67419644874053,140.95063703368626,140.59357394026102,141.71794431111272,142.33752981600279,143.19711711432768,0.35706309342523923,-0.548825245442517,73.12156383628586,0.16276660605595566,85.73935747280419,71.0475301985028
20230321,7753184,144.91,145.23,142.84,144.08,143.372,140.619,139.9575,143.1427976324937,141.43207749004222,140.85182772246392,141.7953887599287,142.36633097606887,143.20444394325443,0.5802497675782945,-0.3230102428383547,68.53348729792154,0.12281743782978487,85.76172218617056,75.95226086105872
20230322,5729129,144.04,145.75,143.83,143.99,143.804,141.26,140.132,143.4251984216625,141.82560403003572,141.08428492820732,141.86734322681627,142.39316848059667,143.2109630806548,0.7413191018283953,-0.11014437390500473,63.408190224570696,0.1235787273415685,84.26668003900735,78.72373392037493
20230323,5788459,144.24,145.12,143.19,143.79,143.984,141.982,140.31900000000002,143.546798947775,142.1278187946456,141.28470826685864,141.9303811538059,142.41625660488432,143.21576836629254,0.8431105277869619,0.08050660643338861,59.91620111731844,0.11175903306572857,82.00585485273281,79.81777423116088
20230324,6145622,144.3,146.76,144.3,146.72,144.74200000000002,142.935,140.692,144.60453263185,142.83430821085398,141.68732246931356,142.0874178372877,142.48739285934906,143.24484912673825,1.1469857415404192,0.29380243345479473,69.1291291291291,0.1324733035574863,87.86145309270509,82.49900051834229
20230327,5917156,146.89,147.4196,145.87,145.95,144.906,143.716,141.0325,145.05302175456666,143.31364540918412,142.00307636047552,142.2140598754094,142.5446260352276,143.2672985115786,1.3105690487086008,0.49715575650555593,78.6739576213259,0.14419059707159565,86.21786273825754,83.73862125831403
20230328,4213913,146.55,146.815,145.8,146.36,145.362,144.367,141.47250000000003,145.48868116971113,143.7823153462327,142.32581144488475,142.34999233851073,142.60769006770317,143.2929640840966,1.4565039013479577,0.6890253854740364,79.22769640479348,0.13992944346663194,84.81489681056348,84.0973797757305
20230329,4987741,147.08,147.2901,146.26,146.81,145.926,144.865,141.93,145.92912077980742,144.24811298527382,142.65797356007846,142.49622209790382,142.67714973600562,143.3221511041456,1.5901394251953604,0.8692481934183012,85.40802213001378,0.13058563487631852,86.42644845778939,84.87373600308347
20230330,4117824,146.92,147.54,146.3,147.45,146.658,145.321,142.30599999999998,146.4360805198716,144.7407109875394,143.01293848155413,142.65864104551352,142.7560398230138,143.3564071115801,1.7277725059852571,1.0409530559316924,85.42817679558003,0.129021836129197,90.31266776618581,86.68671325745092
20230331,7685942,147.74,148.69,147.575,148.69,147.052,145.897,142.693,147.18738701324776,145.34829391253334,143.43346155699456,142.8563905194311,142.85412180941026,143.40066929322674,1.9148323555387776,1.2157289158531095,85.71428571428567,0.1302508203555643,93.54177851079054,88.97173500856412
20230403,5721680,148.425,150.07,147.09,149.51,147.764,146.33499999999998,143.151,147.96159134216518,145.9885563875282,143.8835755157357,143.07454164994155,142.9641363249572,143.45136913311697,2.104980871792492,1.393579307040986,84.7982708933717,0.1164192395180695,92.98134071262004,90.30827024324942
20230404,6714506,150.08,151.71,150.08,150.23,148.538,146.95,143.78449999999998,148.71772756144347,146.64108617406234,144.35368103308863,143.30914684174675,143.08423324520584,143.5076233311824,2.2874051409737035,1.5723444738275296,83.28050713153715,0.10310904478686816,89.53059646882018,90.04904565177301
20230405,6094801,151.33,152.35,151.15,151.26,149.42799999999997,147.677,144.4685,149.56515170762898,147.35168830112966,144.86526021582281,143.5698305518534,143.21936988578096,143.57195840727218,2.486428085306841,1.755161196123392,83.24066719618739,0.10043367964626587,88.50694008894428,89.53501046416343
20230406,5399741,151.865,152.96,151.4168,152.22,150.382,148.52,145.251,150.45010113841934,148.1006593317251,145.41005575539148,143.8534426649074,143.36814063147054,143.6437263872948,2.690603576333615,1.9422496721654365,84.38193930421902,0.09476913053400934,88.89289488238738,89.32097193690475
20230410,4891875,151.65,151.67,149.51,150.96,150.83599999999998,148.94400000000002,145.9395,150.62006742561292,148.5405578960751,145.82116273647358,144.08644454474648,143.4936259102892,143.70444235088573,2.719395159601504,2.09767876965265,73.19013524264122,0.08125526884808339,83.28427629030666,87.3087400547054
20230411,6311997,151.255,151.44,150.52,150.66,151.06599999999997,149.415,146.5655,150.63337828374196,148.86662591206354,146.17959512636443,144.30197095311544,143.61207837458196,143.76216482100287,2.6870307856991076,2.215549172861942,77.83417935702181,0.0742126550531425,77.413398123886,84.01029274443226
20230412,6138080,150.31,152.41,149.93,151.07,151.23399999999998,149.88600000000002,147.1265,150.77891885582798,149.20560654097685,146.54184733922634,144.52387354481658,143.73534980640704,143.82281075609828,2.6637592017505085,2.3051911786396553,79.15980230642487,0.07422485662108096,75.48280595646446,81.16779714844299
20230413,5489710,150.9,151.87,149.82,151.77,151.336,150.382,147.62349999999998,151.10927923721866,149.6001286115958,146.92911790669106,144.76145146137998,143.86815394183833,143.88876253405599,2.671010704904745,2.3783550838926732,81.5664556962025,0.07454125477814678,76.89767983696156,79.7444247112825
20230414,4478782,151.35,151.5899,150.51,151.0,151.092,150.73700000000002,148.029,151.07285282481246,149.81549344058106,147.23066472841765,144.9659940364167,143.9860356948658,143.9477769528605,2.5848287121634144,2.4196498095468217,70.41984732824419,0.08418656139358369,73.46841347449903,77.65242096568801
20230417,4296401,151.17,151.47,150.34,151.05,151.10999999999999,150.973,148.435,151.06523521654165,150.00541752664552,147.51357845223856,145.16546964178008,144.10279543544652,144.0067165632102,2.491839074406954,2.434087662518848,76.12704918032786,0.07825746398145397,63.858169369472904,73.05433710028296
20230418,4158392,150.98,151.59,150.105,151.21,151.22,151.143,148.739,151.11349014436112,150.1907379071616,147.78738745577644,145.3636509650004,144.220269891059,144.0664948489927,2.4033504513851653,2.4279402202921117,75.4994742376445,0.07545216717859332,58.997233685928876,68.36863596216493
20230419,3837607,151.17,151.9,150.71,151.24,151.254,151.244,149.09699999999998,151.15566009624075,150.35216284452136,148.04313653312633,145.5563181464758,144.336298487901,144.1260260120716,2.30902631139503,2.4041574385126956,74.36743674367432,0.07294793723453707,56.0464649693633,64.26124563123105
20230420,5370911,150.37,151.36,150.365,150.85,151.07,151.203,149.44,151.05377339749384,150.42875317613345,148.25105234548735,145.7298814859356,144.4439629757043,144.18182662607933,2.1777008306461028,2.358866116939377,69.23076923076914,0.06638884320999491,52.76660883015025,60.42970003087078
20230421,14876930,154.94,158.11,154.5,156.07,152.084,151.58800000000002,150.054,152.72584893166257,151.29663730288215,148.83023365322902,146.06890176508526,144.63612887693233,144.2804836665268,2.466403649653131,2.380373623482128,78.78315132605292,0.17609191483287467,60.30841875367469,60.389272938472075
20230424,8109763,155.22,157.25,155.22,156.35,153.144,152.127,150.53549999999998,153.93389928777506,152.07407771782334,149.38725338261946,146.40598695311525,144.82974658144585,144.38064562780045,2.6868243352038803,2.441663765826479,77.8501628664494,0.16679025271980447,66.46214647912845,62.413564118690864
20230425,8341759,156.51,157.94,155.79,156.39,154.18,152.7,151.0575,154.75259952518337,152.73806576123513,149.90597535427727,146.73333164317702,145.02082515034758,144.48030831968592,2.8320904069578603,2.5197490940527554,76.5517241379309,0.16526117737290166,70.7254679784458,65.18419873860918
20230426,4843927,155.3,156.0,154.34,154.58,154.848,153.051,151.4685,154.69506635012226,153.02144025950665,150.2521994021086,146.99059945815483,145.1788280404245,144.56412318840222,2.769240857398046,2.5696474467218136,63.40872374798067,0.18089191318092507,65.78449895210986,65.38429880977607
20230427,4805563,155.3,156.61,155.01,156.47,155.972,153.52100000000002,151.95149999999998,155.28671090008152,153.55198791189025,150.71277722417463,147.30139947592025,145.36545898190508,144.66292714534495,2.839210687715621,2.6235600949205753,65.96543951915852,0.18678987822510254,70.36060080046961,67.04306614000724
20230428,5754704,156.275,157.37,155.76,156.38,156.034,154.059,152.398,155.65114060005436,153.98706669467637,151.1325715038654,147.59905850949664,145.5475175111298,144.76016426447072,2.8544951908109795,2.6697471140986564,72.32289950576599,0.18303598941984184,73.03656959464989,69.04090062488812
20230501,3844761,156.03,157.395,155.8,156.57,156.078,154.611,152.792,155.9574270667029,154.38444104934155,151.53534398506054,147.89318773869346,145.72970730433428,144.8581712000353,2.849097064281011,2.7056171041351273,74.56359102244387,0.18269856908467264,75.39644773062727,71.15941632680116
20230502,5262908,156.59,156.93,155.67,156.43,156.086,155.13299999999998,153.13799999999998,156.11495137780196,154.69914242636594,151.89791109727827,148.17308322267073,145.9065716464114,144.95420297430886,2.8012313290876705,2.7247399491256363,72.78911564625858,0.18361485081010281,76.3671605486299,72.89533106741074
20230503,5775009,156.64,157.57,155.43,156.23,156.416,155.632,153.438,156.15330091853465,154.9346589761558,152.21880657155396,148.4372444284848,146.07720682580958,145.04777805336025,2.715852404601833,2.7229624402208756,69.80461811722905,0.1843961310475909,67.62231569731809,71.13765927737984
20230504,4892639,156.1,156.6,155.09,155.51,156.224,156.098,153.65050000000002,155.9388672790231,155.02317297982412,152.46259867736478,148.6691380537804,146.23312076257307,145.13460147200456,2.5605743024593437,2.6904848126685694,70.11596788581623,0.18626452793214193,55.91487713154528,66.06339856210165
20230505,3989157,155.4,156.31,154.69,156.03,156.154,156.094,153.841,155.96924485268207,155.17806944446656,152.7268506271896,148.910477789722,146.395052650795,145.22501971705017,2.4512188172769527,2.6426316135902463,71.31849315068493,0.0902470332282891,52.92473290251167,61.68384334223832
20230508,4950679,155.35,155.73,154.87,155.3,155.9,155.98899999999998,154.05800000000002,155.7461632351214,155.1968279914717,152.91745428443483,149.11997032120652,146.54224186317856,145.30862951192944,2.279373707036882,2.569980032279574,66.69387755102045,0.09221445010137118,45.19027601137528,56.185987565283966
20230509,4472097,155.85,155.98,153.58,153.71,155.356,155.721,154.2105,155.0674421567476,154.96808522355298,152.9761613744767,149.2704630975604,146.66071720428306,145.37835042884288,1.9919238490762723,2.4543687956389135,58.94279507603188,0.10262634572681856,31.21289912871966,47.86162475309587
20230510,4754854,153.45,154.32,152.44,154.03,154.916,155.666,154.3585,154.72162810449842,154.82376441992943,153.05422349488583,149.4265134878043,146.782523531485,145.4501483505952,1.7695409250436,2.317403221519851,61.572052401746795,0.0891463008572853,31.139983434741012,42.28774431364425
20230511,3495324,154.81,154.89,153.39,154.39,154.69199999999998,155.458,154.4895,154.61108540299895,154.75703143224797,153.15316990267206,149.58925075049925,146.90826694418774,145.52433799083923,1.6038615295759087,2.1746948831310626,40.54054054054044,0.06279703798105907,33.430554258638196,39.335347628642225
20230512,5252889,154.695,156.05,154.39,155.96,154.678,155.416,154.7375,155.0607236019993,154.94210351959444,153.36108324321486,149.79812777507303,147.05788236659788,145.61094099506462,1.5810202763795758,2.0559599617807653,48.08259587020655,0.08335389797585892,45.159030974244914,41.276575410509786
20230515,5414904,156.61,156.75,154.64,156.01,154.82,155.36,154.9855,155.37714906799954,155.1063952858107,153.557299299273,150.00179571687391,147.2058512531004,145.69724023991887,1.5490959865376794,1.9545871667321484,48.133595284872314,0.08306130272818894,53.30290174111451,45.285350854044694
20230516,5591579,155.87,156.92,154.93,155.74,155.226,155.291,155.212,155.49809937866638,155.2038729341475,153.7189808326602,150.1899335622223,147.3469115629665,145.78058264456686,1.4848921014873042,1.8606481536831796,56.712962962962976,0.08329303224625642,60.08883925598124,50.21984698802354
20230517,4287036,156.26,156.56,153.9,155.08,155.436,155.176,155.40400000000002,155.35873291911093,155.1848155596633,153.81979706727796,150.35026360936254,147.47473120655386,145.85775623257877,1.3650184923853317,1.7615222214236101,40.62078272604593,0.08522132426982666,59.70208331351145,53.38059242985284
20230518,6997610,153.31,153.65,151.6,152.53,155.06400000000002,154.878,155.488,154.41582194607398,154.77638239663818,153.72425654377588,150.42173037626867,147.558289368429,145.91312755015073,1.0521258528623036,1.619642947711349,30.496453900709213,0.11334168955641367,45.62845654484728,50.79654713485098
20230519,4754120,152.47,153.32,151.84,153.17,154.506,154.592,155.34300000000002,154.00054796404933,154.52924664330922,153.68320050349618,150.51183757704675,147.65104491605828,145.9733505580333,0.8460461398130406,1.4649235861316874,33.52713178294566,0.1144040157090644,40.25606376172773,47.28305267714323
20230522,7876207,152.5,152.6,148.83,149.16,153.13600000000002,153.978,154.9835,152.3870319760329,153.7032086981847,153.3481486143483,150.467515033537,147.67598632240444,145.9997957816181,0.3550600838364062,1.2429508856726312,24.383368569414998,0.16441148935474142,28.197079178605403,40.92106151096395
20230523,6116037,148.79,148.88,147.07,147.55,151.498,153.36200000000002,154.54149999999998,150.77468798402194,152.7565612061563,152.9186561243966,150.37185880292924,147.6739039038523,146.0126605469159,-0.16209491824028532,0.9619417248900479,22.17948717948714,0.1649707229665154,20.4224182679705,34.08818042996614
20230524,5755426,147.59,148.2,146.09,146.33,149.748,152.592,154.129,149.2931253226813,151.76785948213225,152.43060752258944,150.23933884217746,147.65169061618533,146.01529406934813,-0.6627480404571884,0.6370037718206008,21.490683229813612,0.16257816697973457,14.353634339311848,27.50999839974804
20230525,6510519,145.49,146.21,144.35,145.39,148.32,151.692,153.575,147.99208354845422,150.786650331035,151.90908103943465,150.0803441260405,147.61430730021533,146.0101049069469,-1.122430708399662,0.2851168757765482,17.796610169491387,0.15772644794930774,12.32697871361175,22.448991837702607
20230526,4716495,145.33,146.01,144.725,145.4,146.76600000000002,150.636,153.026,147.1280556989695,149.95793489549115,151.42692688836541,149.9268902202687,147.57770717955063,146.00504179568594,-1.4689919928742654,-0.06570489795361449,18.670886075949312,0.1378465658708638,11.002393128088054,18.633458934497757
20230530,5561037,143.86,144.04,142.35,143.18,145.57000000000002,149.353,152.3565,145.81203713264634,148.91517568080022,150.81604341515316,149.70568070485004,147.50501780468204,145.9815974654313,-1.9008677343529428,-0.43273746523348017,17.954960438222713,0.13708728600854753,9.281914442886785,15.516277437294098
20230531,19854790,143.16,143.98,141.9,142.5,144.56,148.029,151.66,144.70802475509757,147.92822557606172,150.2000401992159,149.4694288784615,147.4222902376625,145.95270454040698,-2.271814623154171,-0.8005528968176183,15.664085765336495,0.13399798213514358,7.8900706214989755,12.974208498695724
20230601,6091064,143.25,144.1199,142.45,143.96,144.08599999999998,146.917,151.04649999999998,144.45868317006506,147.31772933359068,149.73781499927398,149.28879186605295,147.3650622998499,145.9361675732667,-2.4200856656833025,-1.1244594505907552,20.849636668529982,0.16143135248172877,11.272890046556832,12.40710234798276
20230602,6124403,144.51,146.68,144.39,146.52,144.31199999999998,146.316,150.59700000000004,145.14578878004338,147.1950017438075,149.4994583326611,149.19801180487087,147.35109432795159,145.94101265564623,-2.3044565888536113,-1.3604588782433265,25.000000000000014,0.19194064226295907,21.9077833955239,15.57399603049647
20230605,4753665,146.05,147.85,145.73,145.94,144.42000000000002,145.59300000000002,150.0925,145.41052585336226,147.0019245524525,149.235794752464,149.09119174569477,147.32777045476232,145.94100425186494,-2.233870200011495,-1.5351411425969603,24.059763008758424,0.1870197597294844,33.89840765050207,21.682133237165004
20230606,4636045,146.07,146.31,143.55,144.49,144.68200000000002,145.126,149.552,145.10368390224153,146.61547462130596,148.88425440042963,148.94033299993427,147.28086515798938,145.92896272280382,-2.268779779123662,-1.6818688699023008,22.680913064594492,0.15197253957616472,36.302642137371805,26.555636203900605
20230607,6194620,144.01,145.12,143.4749,144.8,145.142,144.851,149.1065,145.0024559348277,146.33617083341275,148.58171703743483,148.8045843769856,147.23985912232015,145.91959373755233,-2.2455462040220766,-1.794604336726256,24.604743083003996,0.1479908817117919,40.448260024354376,31.186510810718524
20230608,4864149,145.34,146.65,144.92,146.44,145.638,144.86200000000002,148.727,145.48163728988516,146.35214455134926,148.42307133095818,148.7270570203631,147.226638310381,145.92391246172204,-2.070926779608925,-1.84986882530279,34.24728401448526,0.15572737222162789,52.39968035237071,38.25756732460258
20230609,5569831,145.68,146.7788,144.73,146.56,145.64600000000002,144.97899999999998,148.3355,145.8410915265901,146.38412231268015,148.2850660471835,148.65600597051514,147.21561949533339,145.92919119647954,-1.9009437345033575,-1.8600838071429036,32.42955874534829,0.15185796180364905,61.03956281194464,45.851565820383264
20230612,5354690,147.0,147.01,144.55,145.41,145.54000000000002,144.98000000000002,147.80800000000002,145.69739435106007,146.2342573414986,148.07209819183657,148.54957954525233,147.18577454499732,145.92488255584485,-1.837840850337983,-1.8556352157819196,38.244514106583104,0.1574370043565361,60.35690742084823,50.686679687204915
20230613,5321204,144.51,145.68,144.275,145.06,145.654,145.168,147.2605,145.4849295673734,146.05360236588342,147.8489798072561,148.43516710114568,147.15063777565854,145.91770510724862,-1.7953774413726649,-1.8435836609000689,41.524846834581346,0.13615575171386401,56.349049391676665,52.57413625536216
20230614,5693491,145.31,146.885,144.83,146.42,145.978,145.56,146.79450000000003,145.79661971158228,146.10997123267057,147.74312945116304,148.36909604864908,147.13856111820965,145.9218735295951,-1.6331582184924684,-1.8014985724185488,50.30343897505049,0.13687498672996706,60.00437719420117,55.05088323497516
20230615,5862999,147.17,148.97,146.54,148.45,146.38,146.009,146.463,146.68107980772152,146.46997565841357,147.79549023255836,148.37174863721796,147.16023779394172,145.94285383225406,-1.3255145741447905,-1.7063017727637972,59.61055276381909,0.1427326421091538,70.18192609413894,60.09456418802975
20230616,11244930,148.92,150.09,148.9,149.54,146.97599999999997,146.31099999999998,146.3135,147.6340532051477,146.94228709558072,147.92471317829478,148.41005196058785,147.19957270643854,145.97270566767105,-0.9824260827140563,-1.5615266347538492,62.176470588235254,0.12336929704905447,77.34984699705602,65.84632512437183
20230620,5340854,149.745,150.28,148.11,148.16,147.52599999999998,146.533,146.06300000000002,147.8093688034318,147.12962754241445,147.9421418317544,148.40185353565053,147.21544753773708,145.99085748785635,-0.8125142893399584,-1.411724165671071,65.40841584158413,0.13215194187959955,74.51552941173196,68.7360598868252
20230621,4649893,148.26,149.605,147.87,149.44,148.402,147.028,146.077,148.35291253562121,147.48506945896608,148.0530942886615,148.4358911246456,147.25221699992326,146.01948107716873,-0.5680248296954176,-1.2429842984759405,70.70405727923628,0.1205459791877956,78.34757192533446,71.93989723299495
20230622,6666932,150.35,151.1,149.475,149.95,149.108,147.54299999999998,146.197,148.88527502374748,147.86428954220207,148.1936058228347,148.48553403859162,147.29680845446998,146.0520994914661,-0.3293162806326393,-1.0602506949072803,68.94370651486398,0.12037238972993716,79.94844233361732,74.60941226653574
20230623,13843540,150.25,150.5339,147.96,148.46,149.10999999999999,147.74499999999998,146.3035,148.74351668249832,147.95593730494022,148.21333872484695,148.48469685699845,147.31603476100767,146.0720820683004,-0.2574014199067278,-0.8996808399071698,56.5807327001357,0.12810629247434022,73.73852199530536,74.31911550945895
20230626,4353067,148.1,148.97,146.72,148.61,148.924,147.95,146.4645,148.69901112166556,148.05656233494943,148.24272104152496,148.488805156769,147.33742261619764,146.09314362789956,-0.1861587065755259,-0.7569764132408411,59.32914046121602,0.12808884215860053,70.33117583569815,72.98980228487201
20230627,5445569,148.44,150.17,148.39,150.02,149.296,148.411,146.69549999999998,149.13934074777706,148.35862966803413,148.37437133474532,148.53900826638312,147.38176273824396,146.12573164758504,-0.015741666711193147,-0.6087294639349116,69.37631394533994,0.1229695317309174,74.47915709620712,73.48625388865038
20230628,6733301,149.33,150.3,147.96,149.99,149.406,148.904,147.036,149.42289383185138,148.6096097191058,148.4940475321716,148.58658176584598,147.42487409794242,146.15780026461755,0.11556218693419851,-0.46387113376108957,68.54896354538963,0.12089759744917974,74.87206964308555,73.9481924734621
20230629,7343034,148.48,149.7,147.1,149.38,149.292,149.2,147.38000000000002,149.40859588790093,148.72813130078183,148.55967364089963,148.6125954784412,147.45719022855496,146.1845405113842,0.1684576598821934,-0.337405375032433,61.3425925925926,0.12101911748430122,70.15824429782568,72.68487641491663
20230630,7058273,149.83,152.07,149.79,151.74,149.948,149.529,147.769,150.18573059193398,149.19149571604615,148.79525337120336,148.71513333160706,147.52798047271108,146.23064390962998,0.39624234484278986,-0.19067583105738845,67.03947368421055,0.1259306756300009,78.0494214321954,74.47305808734288
20230703,3996098,151.48,152.53,150.47,152.5,150.72600000000003,149.825,148.06799999999998,150.95715372795598,149.70049637511596,149.06967904741052,148.8392273207347,147.61016261365802,146.28267176100235,0.6308173277054436,-0.026377199304822033,73.93652937204597,0.12402241688910906,85.19416391521,78.04676002996524
20230705,8280120,151.63,152.46,151.44,152.24,151.17000000000002,150.233,148.383,151.38476915197066,150.09118924048275,149.30451763649123,148.95072806431716,147.6866888514488,146.33211016962474,0.7866716039915218,0.13623256135444675,74.38858695652182,0.1113435124371973,88.46564456079982,81.51972154024344
20230706,7958486,151.2,152.19,150.7601,151.99,151.57000000000002,150.488,148.75799999999998,151.58651276798045,150.38331397271617,149.5034422560104,149.05037632450347,147.7578179613422,146.37906361220047,0.8798717167057646,0.28496039242471033,70.46289493019849,0.10834639089429088,89.21232299463537,84.08392202504075
20230707,9169548,151.71,151.92,148.75,148.8,151.454,150.37300000000002,148.958,150.65767517865365,150.1397272076829,149.45133542223186,149.04216726468368,147.7750441107415,146.39915437060546,0.6883917854510457,0.36564667102997744,51.18483412322282,0.15282928334036858,71.40833007445003,79.85872470817718
20230710,5529210,148.94,150.32,148.74,148.86,150.878,150.413,149.079,150.05845011910245,149.94284609880862,149.40753279836284,149.03619456748095,147.79297726593586,146.41957632603612,0.5353133004457789,0.3995799969131377,47.525473071324676,0.14484088750935886,58.40972772305274,72.70905904646902
20230711,5150361,148.73,149.05,146.96,148.08,149.99400000000003,150.36,149.15500000000003,149.3989667460683,149.6562543912996,149.30919703552115,149.00484392592418,147.79772144335843,146.4333557756126,0.3470573557784462,0.38907546868619947,49.69558599695593,0.14708768965318347,45.64239179143077,63.68683662812293
20230712,6764641,148.03,149.4,147.64,148.85,149.31599999999997,150.243,149.327,149.2159778307122,149.53221525417658,149.27518244029736,148.99976707589386,147.81511447735252,146.4534109144042,0.2570328138792206,0.36266693772480374,47.66429136975454,0.1412202045837614,41.738853653892136,56.37084230337933
20230713,5561424,149.0,149.52,148.2,148.95,148.708,150.139,149.5215,149.12731855380815,149.44264367661094,149.25109485212718,148.99813536848748,147.8338729157434,146.47412949602742,0.19154882448376043,0.3284433150765951,45.90834697217675,0.14137179164293395,39.73493894101476,50.82554118259113
20230714,6128878,149.27,150.63,148.73,150.05,148.958,150.20600000000002,149.703,149.43487903587211,149.5360831109785,149.31027301122887,149.0326227334551,147.8705031154832,146.5038047699193,0.22581009974962285,0.30791667201120065,56.720202874049036,0.1449251496642039,44.98188029939588,48.87765422152604
20230717,4626029,149.65,150.16,148.97,148.99,148.984,149.931,149.73000000000002,149.28658602391477,149.4520703246741,149.28654908447118,149.03122526678445,147.889007196219,146.52443709548015,0.1655212402029349,0.2794375856495475,51.49136577708005,0.1236344396189952,42.29095050262757,46.68208631522654
20230718,5355185,148.64,150.48,148.38,149.27,149.222,149.608,149.71650000000002,149.28105734927652,149.4240595054935,149.2853232263622,149.039053946562,147.91183352355424,146.54722184987452,0.13873627913127962,0.25129732434589397,46.77002583979329,0.12013881604357639,42.916720347832054,45.426964326095046
20230719,6203584,149.55,150.82,148.86,150.29,149.51,149.413,149.823,149.61737156618435,149.55728112003294,149.35974372811316,149.0800685712649,147.951142060355,146.5782822494606,0.1975373919197807,0.24054533786067134,51.190476190476126,0.12753333039670642,50.990179156619206,47.2813692696031
20230720,6445552,149.55,150.75,148.14,150.56,149.83200000000002,149.26999999999998,149.87900000000002,149.9315810441229,149.7115455631048,149.44865160010477,149.12859091319064,147.99426367919213,146.61132555029496,0.26289396300003887,0.24501506288854485,54.812398042414394,0.1283412685519818,65.08153567263395,53.21475807061338
20230721,9938441,151.15,153.67,150.7,152.93,150.40800000000002,149.683,150.028,150.9310540294153,150.20669239955023,149.70652925935627,149.25322727669257,148.07584609771789,146.66376268265768,0.5001631401939619,0.2960446783496283,54.84922575387123,0.09806597335624183,73.04491846630647,59.824811535844404
20230724,5549519,152.84,153.95,152.3,153.42,151.29399999999998,150.139,150.276,151.76070268627686,150.70104741500404,149.98160116607062,149.38984277581739,148.16417922006966,146.7198310421377,0.7194462489334228,0.3807249924663872,53.833333333333286,0.09728952988473465,79.23015694901149,66.2932600069001
20230725,5883845,153.48,153.86,152.45,153.78,152.196,150.709,150.53450000000004,152.43380179085125,151.17473242808035,150.26296404265798,149.53378235693813,148.25700270403544,146.7784216558959,0.9117683854223628,0.48693367105758234,56.36363636363634,0.0872201582809478,85.17810807501519,72.58820936293846
20230726,7013794,153.12,154.84,152.89,153.94,152.926,151.21800000000002,150.73049999999998,152.9358678605675,151.6001582083757,150.53533707653517,149.67824850916966,148.35093654363817,146.83785384132415,1.0648211318405174,0.6025111632141694,58.11823480432968,0.08776540808378977,85.64112677637826,76.93918183408505
20230727,7191578,154.155,154.6,151.915,152.11,153.236,151.534,150.8365,152.6605785737117,151.67859540708713,150.6519787745696,149.75797806624607,148.41306982390861,146.88160609160363,1.0266166325175163,0.6873322570748388,65.53990610328643,0.11416583812808008,76.8453282986801,76.90789732228339
20230728,9397878,154.66,157.48,154.6,156.41,153.932,152.17000000000002,151.188,153.9103857158078,152.4065038059968,151.07849886534223,149.97607714604126,148.54525048797626,146.96067989997206,1.32800494065458,0.815466793790787,75.35258562793823,0.16739440098897193,80.74485127121146,78.18688197192608
20230731,7955343,156.4,157.68,155.06,156.3,154.508,152.901,151.416,154.70692381053854,153.00550322045885,151.46527672716874,150.18341887895795,148.67342816586097,147.03818463109263,1.5402264932901062,0.9604187336906509,78.902953586498,0.1591477349372127,82.34143124579718,79.57173172988311
20230801,5719138,155.88,157.17,155.87,156.25,155.002,153.599,151.6035,155.22128254035903,153.50465657115748,151.8197006733044,150.3823231780085,148.7986607581608,147.11463123166448,1.6849558978530865,1.105326166523138,77.40740740740749,0.16049943279245132,83.23111489062927,80.7915261167985
20230802,5637323,155.97,157.73,155.97,156.59,155.532,154.22899999999998,151.821,155.6775216935727,153.9793247909794,152.17305617898555,150.58585356561477,148.92744322496807,147.19326499737682,1.8062686119938576,1.245514655617282,77.80203784570605,0.16038758697458372,83.41533785501417,81.66613002953704
20230803,5792784,156.76,157.7,156.21,157.0,156.51,154.873,152.07150000000001,156.11834779571512,154.44404405390566,152.53060757313477,150.79615344870936,149.06087391546447,147.27464869034463,1.9134364807708835,1.3790990206480025,76.6283524904215,0.16013713204342195,84.75897846109578,82.69707950672328
20230804,4785929,157.425,157.73,155.15,155.28,156.28400000000002,155.108,152.3955,155.83889853047677,154.5726526609971,152.7342662714211,150.94316481104676,149.16366938793615,147.34108314104716,1.8383863895760157,1.4709564944336053,72.93946024799422,0.16244794966553294,75.79518025236715,80.3964464219379
20230807,4107366,155.67,157.15,155.49,156.92,156.408,155.458,152.7985,156.19926568698452,154.9337830208437,153.04432062168618,151.1391266205206,149.2918731997058,147.42057622701358,1.8894623991575088,1.554657675378386,75.38155275381555,0.16797872605184555,79.22028927113956,80.00439403833845
20230808,4625619,157.28,157.63,156.5309,157.09,156.576,155.78900000000002,153.249,156.49617712465636,155.26550870994467,153.34400057563536,151.33423722312648,149.4207678575619,147.50082040770226,1.9215081343093061,1.6280277671645702,73.90998593530249,0.16806938609753136,82.47818654189479,80.82899153952388
20230809,4293200,157.31,158.09,156.77,156.89,156.636,156.084,153.651,156.62745141643757,155.51543044687625,153.60666719966238,151.51639337974527,149.54422624008157,147.5787389105429,1.9087632472138694,1.6841748631744302,72.36749116607771,0.1688070651962417,76.85747297635379,79.50515201846719
20230810,4307834,157.17,158.38,155.8,156.11,156.45800000000003,156.484,154.00900000000001,156.4549676109584,155.60690268581837,153.79209925894665,151.66700343286837,149.65275142619592,147.64953775775834,1.8148034268717197,1.7103005759138883,62.65923566878989,0.15725105653444715,61.78048399226812,73.5969293430675
20230811,3862326,156.43,157.464,155.79,157.02,156.80599999999998,156.54500000000002,154.35750000000002,156.64331174063895,155.82430227261554,154.0312030175432,151.84251151703663,149.77452412989516,147.72730092989312,1.7930992550723488,1.7268603117455805,63.867488443759754,0.08749612166384865,60.485234942213935,69.22636454278297
20230814,4297598,157.13,157.53,155.5,155.79,156.57999999999998,156.494,154.6975,156.35887449375932,155.81902499990545,154.16148427550294,151.97193736893706,149.87395348312003,147.79421129562016,1.6575407244025087,1.7129963942769662,57.256317689530675,0.09598378353216849,46.92823712349854,61.79365540302149
20230815,6921105,155.79,155.97,154.46,154.79,156.11999999999998,156.348,154.9735,155.83591632917287,155.66071346145847,154.20804099583606,152.06433286503747,149.95521045034118,147.85226763341583,1.4526724656224133,1.6609316085460557,52.89312457454049,0.10030019918355375,34.091613864645154,52.55964155689604
20230816,6356849,154.76,155.73,152.87,153.21,155.384,156.01,155.1195,154.96061088611526,155.28368062123408,154.13411203318154,152.1018957219215,150.0090086247157,147.8967301426821,1.1495685880525457,1.5586590044473538,53.808864265927966,0.10777691049934268,24.784608880120388,43.30129733130415
20230817,6419615,153.21,153.555,151.79,152.11,154.584,155.521,155.197,154.01040725741018,154.79542206412114,153.9841778085014,152.10216143595684,150.0437357548857,147.93169503776357,0.8112442556197266,1.4091760546818284,30.871886120996493,0.1069058682849887,18.141686648456695,34.91476043702166
20230818,5448262,151.62,152.89,151.17,152.54,153.68800000000002,155.24699999999999,155.1775,153.52027150494013,154.44843405425635,153.87720167453836,152.11651679871235,150.08499632092065,147.96993823247092,0.5712323797179977,1.2415873196890623,33.73702422145317,0.10146923732133384,18.428253419821814,29.419258097955044
20230821,4504747,152.09,152.78,151.26,151.77,152.88400000000001,154.73200000000003,155.095,152.9368476699601,154.03636727667845,153.7211126616096,152.10515559219718,150.1128476214013,148.00147401477406,0.3152546150688522,1.0563207787650204,31.75895765472309,0.078437065850534,15.059427383903502,24.63264785993786
20230822,4195967,151.42,152.1538,150.93,151.83,152.292,154.206,154.9975,152.56789844664007,153.69692615718947,153.5810302422311,152.09613409737105,150.1412303053451,148.03324601465147,0.11589591495837226,0.8682358060036908,30.166666666666615,0.0775238437668664,14.066463893519593,21.11058653779844
20230823,4522673,152.47,153.48,152.47,153.25,152.3,153.842,154.96300000000002,152.7952656310934,153.62816828685263,153.5565094835473,152.1339657663097,150.19261492839723,148.07653857884523,0.07165880330532559,0.7089204054640178,35.58800922367402,0.09842355641721579,21.09481431285142,21.105329129482765
20230824,4089013,152.55,154.68,152.48,152.54,152.38600000000002,153.48499999999999,154.9845,152.7101770873956,153.460757781183,153.48121248476602,152.14727836413562,150.23141468164687,148.11357975246477,-0.020454703583027367,0.5630453836546088,38.583333333333236,0.09820692512778681,22.19452267321401,21.468393644059844
20230825,3541524,153.4,154.08,152.46,153.54,152.586,153.137,154.841,152.9867847249304,153.47294889177022,153.48556711552408,152.19294136859017,150.28610204228082,148.15861228563935,-0.012618223753861457,0.44791266217291476,35.123239436619684,0.0997601695042451,32.05825321071403,24.99834683294457
20230828,3614733,153.71,154.37,153.05,153.78,152.988,152.93599999999998,154.715,153.25118981662027,153.52018752380556,153.50737695881858,152.24497607781672,150.34385242174727,148.20526280609047,0.012810564986978079,0.36089224273572745,35.52055993000867,0.096415143244077,41.16383547380938,30.38684304656617
20230829,4034627,153.95,154.04,152.03,153.87,153.396,152.844,154.596,153.45745987774686,153.57400482783547,153.534237924832,152.29825555067518,150.40213585279278,148.25227307325986,0.039766903003453535,0.2966671747892727,36.660777385159015,0.0927087490477735,53.5758903158729,38.11652546966841
20230830,3712241,154.1,154.865,153.71,154.04,153.554,152.927,154.4685,153.65163991849792,153.64569639278386,153.57170178225186,152.35536192606287,150.46226583869705,148.30030400211248,0.0739946105319973,0.25213266193781764,40.33613445378137,0.07738847748406055,62.06202937618958,46.09836010517546
20230831,5451433,154.12,155.16,153.83,154.34,153.914,153.15,154.3355,153.88109327899863,153.75251233235556,153.62861276134433,152.4204320268477,150.52636061822272,148.35042596060117,0.12389957101123628,0.22648604375250136,36.73267326732665,0.06569437325543367,68.24623865426038,53.480986288203766
20230901,4126437,154.9,155.28,153.56,154.51,154.108,153.347,154.297,154.09072885266576,153.86904889660855,153.69390070494845,152.48894245219694,150.59220589726038,148.40154275760864,0.17514819166009943,0.216218473334021,42.920353982300824,0.06530175443357021,72.93044262774438,59.96413840138397
20230905,5097037,153.8,154.85,152.3975,152.44,153.84,153.414,154.073,153.54048590177717,153.64919522020725,153.60101917124857,152.4873377816331,150.62274794854534,148.4350569255953,0.04817604895868044,0.1826099884589529,38.37784371908995,0.09257081504022682,52.82542329029109,57.58456669768634
20230906,3877460,152.29,152.45,151.54,152.14,153.494,153.445,153.82549999999998,153.07365726785144,153.41701134017535,153.49279552893387,152.47594965764512,150.6478264948504,148.46580334115052,-0.07578418875851867,0.1309311530154586,43.94110985277448,0.09328248143488625,40.56454244308169,51.91122527948478
20230907,4825042,152.485,154.19,152.37,153.59,153.404,153.47899999999998,153.6605,153.24577151190098,153.44362498014837,153.49999586012396,152.51247589837806,150.69645746187766,148.50832779475093,-0.05637087997558865,0.09347074641724916,58.061002178649204,0.09371929716765842,45.31397303692083,49.71214119863013
20230908,3384760,153.42,153.455,152.35,152.93,153.122,153.518,153.5015,153.14051434126733,153.36460575243325,153.45777394455922,152.52616521318532,150.73337552035903,148.54502216989823,-0.09316819212597238,0.056142958708604855,52.072263549415595,0.09329081314044033,42.597907158303826,47.34072985185469
20230911,4288731,153.33,155.1,153.08,154.75,153.17000000000002,153.639,153.38799999999998,153.6770095608449,153.577743328982,153.55349439311038,152.59907782914647,150.79976600762583,148.59651576184928,0.024248935871611366,0.04976415414120616,64.24474187380491,0.10495450730656918,57.008230440651744,50.563230048120374
20230912,4537794,154.99,155.15,151.57,152.03,153.088,153.464,153.2,153.12800637389662,153.33962897067707,153.4406429565837,152.58041953966625,150.82010045378078,148.62500940697916,-0.1010139859066328,0.01960852613163837,50.76219512195117,0.13676098560746,42.37268838645952,47.83304949423342
20230913,4040670,151.975,153.59,151.66,153.09,153.278,153.386,153.115,153.11533758259776,153.30122451364983,153.41466940424417,152.59712709574276,150.85761945454473,148.66206327082165,-0.11344489059433727,-0.007002157213556758,49.373040752351116,0.14204406008740444,42.063075680099644,45.90972488952216
20230914,4606909,153.845,154.92,153.37,154.77,153.51399999999998,153.459,153.193,153.66689172173184,153.52718997308833,153.51506426318903,152.66836883030857,150.92228690157705,148.7127515424331,0.01212570989929418,-0.003176583790986571,58.12090313182817,0.15217208256830184,56.82992924127864,49.54979300677432
20230915,10262390,154.03,155.32,153.23,153.47,153.622,153.372,153.261,153.60126114782125,153.51839151569013,153.51172616961946,152.69465181947876,150.96439786188157,148.75223078274485,0.006665346070661826,-0.0012081978186568917,49.75053456878121,0.15757450416367988,54.9060198469195,51.33520195348938
20230918,3536490,154.45,154.475,153.505,154.05,153.48200000000003,153.32600000000002,153.3365,153.75084076521418,153.6001774363532,153.5515983052032,152.73908946474174,151.01539955011495,148.7961956725146,0.04857913114997814,0.008749267975070115,50.93945720250525,0.15879507417633484,58.73805203198529,53.80281864632135
20230919,4704209,153.75,154.06,151.7433,153.6,153.796,153.442,153.428,153.7005605101428,153.6001501384527,153.5551836159289,152.76731603966823,151.0581202187081,148.83606126859334,0.04496652252379363,0.015992718884814818,49.083503054989784,0.14396095543781753,57.20314579910131,54.936261030581335
20230920,5446571,153.77,154.775,153.36,153.47,153.872,153.575,153.51,153.62370700676186,153.5801270402292,153.54887371845268,152.79035485803976,151.09798600021708,148.87451719167555,0.03125332177651785,0.019044839463155425,48.05990469707287,0.14352330094465285,55.02431942162314,54.96561382759527
20230921,5098146,153.45,153.71,152.065,152.14,153.346,153.43,153.4545,153.12913800450792,153.3585690340401,153.444512702271,152.7690317479401,151.11520937211432,148.9016166340683,-0.08594366823089672,-0.0019528620756550032,43.00254452926206,0.14214373508863737,41.74954628108203,50.56025797875752
20230922,6328163,152.44,153.34,151.38,151.58,152.96800000000002,153.29500000000002,153.4065,152.61275866967196,153.08494302880317,153.30640065025094,152.73004710046663,151.12289186183145,148.92384388191834,-0.22145762144776882,-0.045853813950077774,40.9062693978896,0.14180550851220763,29.525078231381396,43.54853139629881
20230925,5527129,151.18,151.28,150.02,150.66,152.29,152.886,153.2625,151.96183911311465,152.71187487052575,153.11037097245458,152.66217670373,151.11524075667722,148.93825181650823,-0.3984961019288278,-0.11638227154582778,44.05080213903746,0.1261183785364331,23.708542720291923,36.93520183762985
20230926,6366545,149.98,150.36,148.785,149.32,151.43400000000003,152.615,153.0395,151.08122607540977,152.19004796736795,152.82960275227276,152.55259713967328,151.0855673557404,148.94141985122602,-0.6395547849048171,-0.22101677421762564,41.18750000000005,0.10481195812933497,18.5345908367363,30.801664837331995
20230927,5403675,149.42,149.7,146.63,147.34,150.208,152.04000000000002,152.713,149.83415071693986,151.44388674161902,152.42296551136366,152.3816923154217,151.0236571515133,148.92813005992954,-0.9790787697446319,-0.3726291733230269,31.09497882637632,0.10668323603510221,15.079830791809654,25.561053488824545
20230928,6237072,147.815,147.98,145.68,146.34,149.048,151.197,152.328,148.66943381129326,150.65867339675455,151.97237547348487,152.1836040427849,150.94624133082715,148.90665180217079,-1.3137020767303227,-0.5608437540044862,30.46828689982219,0.07305294284429507,12.472132017702666,21.19807966511725
20230929,6683279,146.54,146.77,144.82,145.86,147.904,150.436,151.904,147.7329558741955,149.9204159511,151.5196069198934,151.97627276269358,150.86217122618538,148.8813683847254,-1.5991909687933799,-0.7685131969622649,21.377978106889984,0.07212876924939146,11.79709186246315,18.064417064232547
20231002,5153808,144.78,145.6,143.9,145.19,146.81,149.55,151.43800000000002,146.88530391613034,149.19265965093078,151.05074714804942,151.75377201637576,150.76841632988481,148.85073462219654,-1.858087497118646,-0.9864280569935412,24.629080118694432,0.05526619369991153,11.818750896814489,15.98252834175986
20231003,4670620,145.17,146.49,145.01,145.49,146.044,148.73899999999998,151.0905,146.42020261075356,148.62301970463375,150.6388399518976,151.54840244206835,150.68116977897765,148.8228447083194,-2.0158202472638607,-1.1923064950476052,20.125786163522164,0.06612785387933925,13.2818176213218,15.082291434947171
20231004,4727849,145.59,146.31,144.93,145.97,145.77,147.98899999999998,150.782,146.27013507383572,148.2148628269978,150.29299995546074,151.3655040013448,150.6032992041185,148.79916964849932,-2.0781371284629415,-1.3694726217306725,11.805555555555642,0.07561078543490249,16.16386711477948,15.442816661557941
20231005,5205662,145.68,146.0943,143.69,143.8,145.262,147.15500000000003,150.2925,145.4467567158905,147.53565316130585,149.81203699579697,151.11745468982528,150.49084797760418,148.75768276344954,-2.276383834491128,-1.5508548642827638,10.976594027441593,0.08819042710912899,11.25900319729266,14.048212173469514
20231006,7406682,143.6,144.555,141.45,144.09,144.908,146.406,149.8505,144.99450447726034,147.0055526749511,149.3881824035157,150.8870463393392,150.3850488374785,148.7189468069064,-2.382629728564609,-1.7172098371391329,8.842975206611527,0.095265295945211,17.38254534140501,15.159656562781343
20231009,5062170,143.36,143.97,141.6,143.36,144.542,145.67600000000002,149.281,144.4496696515069,146.44469841726632,148.94165037362566,150.64025793477072,150.26893232776814,148.67447421929722,-2.4969519563593394,-1.8731582609831743,8.642972536348921,0.09511403447489843,19.30553527810849,16.54161613455706
20231010,5988917,143.98,145.22,143.72,144.78,144.4,145.222,148.9185,144.55977976767127,146.1885909684561,148.63337997557932,150.448118330352,150.17820617359016,148.64215493117027,-2.4447890071232052,-1.9874844102111806,18.215069495244975,0.11531397076062191,29.86882545850424,20.984019242539453
20231011,5469148,145.14,145.56,142.56,143.0,143.806,144.788,148.414,144.03985317844752,145.69803851177056,148.21609256998084,150.20391772935685,150.05955813766306,148.59533206867093,-2.518054058210282,-2.093598339811001,17.634560906515517,0.11319529314702151,29.624329754291075,23.86412274645666
20231012,5965604,142.79,143.93,141.66,143.32,143.70999999999998,144.48600000000002,147.8415,143.799902118965,145.33218643303664,147.85341904627856,149.9782155087222,149.9481604824951,148.55155337930438,-2.5212326132419207,-2.1791251944971854,20.24495677233415,0.11369781369420867,32.11727803725223,26.61517451005518
20231013,7079323,143.19,145.03,143.19,144.69,143.83,144.369,147.4025,144.09660141264334,145.23338852026177,147.6190917095172,149.80483139368212,149.8612487389828,148.51950729316908,-2.3857031892554232,-2.2204407934488333,29.169574319609154,0.12596965743465488,42.84009012007289,32.023479713394416
20231016,6509765,145.86,147.06,145.46,146.07,144.37199999999999,144.457,147.00349999999997,144.75440094176224,145.36209797868304,147.50434417547888,149.68237790536466,149.79858347056987,148.49917943181498,-2.1422461967958384,-2.2048018741182345,38.69171885873343,0.1329522669963106,56.01104047220541,40.019333299664744
20231017,6160115,146.11,146.825,145.24,146.26,144.66799999999998,144.534,146.6365,145.25626729450818,145.50023675119334,147.4121705328508,149.57016879371335,149.74009448758525,148.48059702989121,-1.911933781657467,-2.146228255626081,45.70747217806035,0.13279052011234788,65.92061046334781,48.65309235422576
20231018,10508470,150.06,151.3,148.77,150.03,146.07399999999998,144.94,146.4645,146.84751152967212,146.19712340485592,147.6060838267137,149.58524522670635,149.74488631423674,148.49345514582572,-1.4089604218577847,-1.9987746888724218,62.01954397394139,0.17847930164393463,72.9826066371557,56.76293044853574
20231019,8145959,149.61,150.28,147.18,148.25,147.06,145.385,146.26999999999998,147.3150076864481,146.51295057333962,147.6537813210312,149.54146669468318,149.72017744953862,148.49143477117158,-1.1408307476915809,-1.8271859006362536,57.17717717717714,0.17131101396577925,71.50730476841305,61.677721888494844
20231020,7284217,149.05,149.88,147.92,148.05,147.732,145.781,146.0935,147.56000512429875,146.74941971590275,147.68313085280667,149.49256614731652,149.69257121070328,148.48777141207472,-0.9337111369039235,-1.6484909478897878,58.838071693448775,0.17256707029730528,69.7669721969227,64.37413865797079
20231023,5981784,147.86,149.5,147.56,148.15,148.148,146.26,145.96800000000002,147.75667008286584,146.96489360576388,147.71771375259877,149.44854758510942,149.66707416589827,148.48496832981684,-0.7528201468348925,-1.4693567876788087,58.32290362953694,0.16813991668904382,68.95253194870918,65.90026975488358
20231024,6322218,148.12,150.07,148.07,149.9,148.87600000000003,146.772,145.997,148.47111338857724,147.41644843564637,147.8793645857396,149.46334930363042,149.67092417968507,148.49671133122914,-0.4629161500932355,-1.2680686601616942,61.39130434782614,0.17022483458969417,74.46074744021827,68.7537623166618
20231025,6172937,149.635,151.19,149.12,150.6,148.99,147.53199999999998,146.16000000000003,149.1807422590515,147.90622559939308,148.0808931349441,149.50061653957695,149.68628080481426,148.51416600897826,-0.17466753555100922,-1.0493884352395573,71.54626108998735,0.14816661326464328,80.09672517387335,72.53474993573232
20231026,7582052,151.05,151.38,149.74,149.8,149.3,148.18,146.33300000000003,149.38716150603435,148.19757550717875,148.2082343842075,149.51043239073837,149.68816046093303,148.52483683048052,-0.010658877028731695,-0.8416425235973922,67.52608962553722,0.15611433335221037,78.1535171083152,74.40767232659329
20231027,8131875,148.98,149.95,146.28,147.16,149.122,148.427,146.398,148.64477433735624,148.03794850607434,148.13058739278472,149.43336903366497,149.64637268471927,148.51351038375455,-0.09263888671037535,-0.6918417962199889,60.43956043956042,0.18510463290169066,62.52579750760639,70.44704738693099
20231030,5412866,147.9,149.55,147.54,149.26,149.344,148.746,146.6015,148.8498495582375,148.22595642821676,148.21424758591178,149.427684803053,149.639986359352,148.51970531832922,0.011708842304983591,-0.5511316685149944,61.86440677966101,0.19130689409978477,61.160989188077416,67.35169465397979
20231031,6762155,149.46,150.255,148.64,150.03,149.36999999999998,149.123,146.82850000000002,149.24323303882503,148.5035015931065,148.34874776473313,149.44743284229716,149.646432865809,148.5322388841522,0.15475382837337293,-0.409954569137321,69.6698377168439,0.19174712641203867,65.28379671362026,66.66239534052661
20231101,5896946,150.68,150.68,149.21,149.61,149.172,149.081,147.0105,149.36548869255003,148.67373211724396,148.44217385623438,149.4527629130415,149.64583066967992,148.5411829598024,0.23155826100958166,-0.2816520031079405,67.50139120756825,0.14918439234375208,65.28723702476655,66.20400923527325
20231102,5859285,149.54,151.65,148.91,151.44,149.5,149.4,147.3925,150.05699246170002,149.0993117915141,148.66423505206888,149.517918227368,149.67548636109018,148.5652395327501,0.43507673944523617,-0.13830625459730514,68.3125339120999,0.14583766215977892,75.55461984146443,69.32087943733697
20231103,6587879,151.79,152.29,149.615,150.07,150.082,149.602,147.6915,150.0613283078,149.24864843897348,148.76836578895265,149.53601926909363,149.68200724768374,148.57772717148248,0.4802826500208255,-0.014588473673679018,60.85776330076007,0.1548651648032698,71.39026791427632,70.01067559631676
20231106,6480898,150.36,151.25,150.1,150.94,150.418,149.881,148.07049999999998,150.3542188718667,149.5088563714391,148.92922758236355,149.5820514242053,149.70280051631707,148.5973310953706,0.5796287890755423,0.10425497887616524,62.2513089005236,0.15620307669826802,73.43932447751536,71.15355855671629
20231107,6003843,150.92,151.25,150.12,150.59,150.53000000000003,149.95,148.36100000000002,150.43281258124446,149.67518616044848,149.05224776144775,149.61509891849366,149.71746497059283,148.61386776677833,0.6229383990007307,0.20799166290107832,51.78571428571429,0.14793288251203657,72.8641530903902,71.72375673460759
20231108,4832618,150.955,151.2,149.51,150.01,150.60999999999999,149.891,148.7115,150.29187505416297,149.72669598191794,149.12319237171087,149.62804649493648,149.72230026033512,148.62545392639012,0.6035036102070706,0.2870940523622768,56.07734806629833,0.1473999568447,69.2638447113971,70.90378606020408
20231109,6581536,149.74,150.35,149.12,150.35,150.392,149.946,149.063,150.31125003610865,149.82258890777672,149.2140670108434,149.65171710165987,149.73267546264364,148.63976551206324,0.6085218969333255,0.3513796212764866,57.86593707250338,0.14541663074441016,65.89519471987879,69.23425561342899
20231110,5387350,150.84,151.44,149.92,151.41,150.66,150.371,149.399,150.67750002407243,150.066805998888,149.3767287137439,149.70936572127758,149.76039983516193,148.66275500988843,0.690077285144099,0.4191191540500091,60.46213093709883,0.11141785166870294,69.2269334662206,69.23181489769286
20231113,6297527,151.445,152.9,151.445,152.46,150.964,150.69099999999997,149.7185,151.27166668271497,150.43498969136675,149.6051191793925,149.7995504517275,149.80502132548983,148.69426741644537,0.8298705119742635,0.50126942563486,58.602150537634415,0.09729786217347147,75.80876600337851,71.4241319329214
20231114,7982631,152.55,153.5,151.6801,152.12,151.27,150.9,150.0115,151.5544444551433,150.69422204654109,149.79140664758563,149.8756307647856,149.84328543581233,148.72269673249147,0.9028153989554539,0.5815786202989788,55.23415977961435,0.097861625189025,73.85072417654432,72.23299601412904
20231115,7672848,152.055,152.39,150.38,151.42,151.552,151.081,150.081,151.5096296367622,150.80588019322707,149.91204319220893,149.92626582167787,149.8693468335675,148.74508099197288,0.8938370010181416,0.6440302964428114,55.61719833564484,0.10016391542596662,66.73762129273415,70.40120444033073
20231116,7590516,151.99,152.89,151.31,152.83,152.048,151.22,150.31,151.9497530911748,151.11728324042292,150.12818814093418,150.02147022096713,149.91828324954162,148.7789807347781,0.9890950994887362,0.7130432570519964,71.49355572403333,0.0928819482473192,72.7261463108335,71.17618506383165
20231117,8495710,152.72,152.84,150.89,151.07,151.98,151.32,150.461,151.65650206078323,151.11000889574248,150.19795198234647,150.05584824650919,149.93731989004507,148.79799334278823,0.9120569133960146,0.7528459883208001,57.0428015564202,0.10013006295392163,63.32428018895742,68.55888343887356
20231120,6857809,150.21,151.03,149.66,150.27,151.542,151.253,150.567,151.19433470718883,150.98077675793596,150.20328887254303,150.0628696154761,149.94281873483772,148.81020916566968,0.7774878853929295,0.757774367735226,50.931677018633565,0.09977825081337212,50.96808938015735,62.695285419301484
20231121,7310387,149.85,150.01,148.83,149.61,151.04000000000002,151.15500000000003,150.55249999999998,150.6662231381259,150.76988802594582,150.15934154865096,150.04802143136212,149.9373175987247,148.81684643400436,0.6105464772948608,0.728328789647153,50.0,0.10124526497944351,39.546178073566736,54.97891630405657
20231122,4373087,150.1,151.48,150.1,151.02,150.95999999999998,151.256,150.5735,150.7841487587506,150.8083667911849,150.22309402652866,150.0798895811535,149.95521317560528,148.83512986608733,0.5852727646562528,0.6997175846489729,48.34645669291345,0.10993939204212001,41.995810364533455,50.65121432421553
20231124,2132494,151.18,151.74,151.03,151.38,150.67000000000002,151.35899999999998,150.65249999999997,150.9827658391671,150.89631036177184,150.3087907653043,150.12251615226322,149.97876337104984,148.85624912031068,0.5875195964675299,0.6772779870126844,55.60307955517534,0.10998351575078535,46.19849170626277,49.16697345156461
20231127,6021326,151.52,151.64,150.74,151.24,150.704,151.34199999999998,150.8565,151.06851055944475,150.94918569073002,150.37776922713363,150.1591549669431,149.99961025747876,148.87603128528735,0.5714164635963925,0.656105682329426,51.36861313868618,0.10482568592140598,48.00099304329012,48.778313315473106
20231128,6110455,151.145,152.772,151.145,152.29,151.108,151.325,151.008,151.4756737062965,151.1554648152331,150.51941595104967,150.22901873851873,150.03746793917333,148.9043629758659,0.6360488641834365,0.6520943187002282,57.289879931389294,0.10483876181086982,60.407886987809185,52.65483787291846
20231129,5342709,152.29,152.45,150.99,151.13,151.41199999999998,151.226,151.06300000000002,151.36044913753102,151.15154715135108,150.56464439912006,150.25855910774763,150.05552632034403,148.9228329926637,0.5869027522310262,0.6390560054063879,54.57516339869282,0.11060997808408969,59.15534009367901,54.821671946505305
20231130,9771509,150.9,153.63,150.08,153.52,151.912,151.436,151.2585,152.08029942502068,151.5159245126817,150.78355962881486,150.3654915960182,150.11279034810696,148.96098375621006,0.7323648838668362,0.6577177810984776,61.09167249825057,0.13240793480348598,72.00633784023054,60.549893911080375
20231201,5685434,153.33,153.49,152.23,152.66,152.168,151.419,151.3195,152.2735329500138,151.69193612611528,150.9225552118656,150.4407213797553,150.15489298698122,148.99168098644898,0.7693809142496661,0.6800504077287153,54.43577004968062,0.1289849843782271,74.60144744904257,65.2337450904011
20231204,6578318,151.77,152.5332,151.66,152.06,152.33200000000002,151.518,151.419,152.2023553000092,151.74856133748216,151.00681038135704,150.4938124820584,150.18638235909725,149.0171442147772,0.7417509561251165,0.6923905174079956,48.53372434017594,0.11637277786567883,72.16485385491728,67.54411467857315
20231205,11895820,152.14,152.61,146.18,146.76,151.22600000000003,151.167,151.20999999999998,150.3882368666728,150.9810903624849,150.69223183458985,150.3713924006794,150.12974793993862,148.99841272751766,0.2888585278950586,0.6116841195054082,35.59139784946235,0.20796248336531842,50.70498086972107,61.93107007562245
20231206,7610079,147.01,147.16,145.64,146.65,150.32999999999998,150.871,151.01299999999998,149.14215791111522,150.31476876825647,150.39280725424985,150.24937953508336,150.0722314450636,148.97892382521462,-0.0780384859933747,0.47373959840565166,36.75735702387567,0.2077876654905236,38.01692091356464,53.95968702160318
20231207,6119624,146.57,147.1,146.02,146.5,148.926,150.419,150.8375,148.26143860741016,149.7278812654478,150.10445116134244,150.12644905852324,150.01318629721132,148.95835184326265,-0.3765698958946473,0.3036776995455919,31.10447761194024,0.19915861309221533,28.93243204834227,45.61726869718287
20231208,6385269,145.92,146.24,144.52,145.15,147.424,149.796,150.57750000000001,147.22429240494012,149.02359183999428,149.73745477902077,149.96328679430934,149.9328030526293,148.92674726365053,-0.7138629390264839,0.10016957183117674,31.884944920440617,0.19889007122602123,21.59344719798009,37.60932819744861
20231211,8471213,144.8,145.87,144.65,145.82,146.176,149.254,150.298,146.75619493662674,148.53073155691823,149.44727294353774,149.82744132564346,149.86482283688338,148.9009651286825,-0.9165413866195138,-0.10317261985896137,36.27390499691539,0.20289032975968974,19.15230910893508,31.456988501277433
20231212,6069202,145.86,146.23,145.08,145.94,146.012,148.619,149.972,146.48412995775118,148.13215747123851,149.18747494772012,149.6999842329994,149.7999497321415,148.87639280396314,-1.055317476481605,-0.2936015911834901,38.28972559029985,0.19687652007564124,17.963961652572124,26.959312885042326
20231213,9055532,145.86,148.65,145.45,148.58,146.398,148.364,149.79500000000002,147.18275330516747,148.2010563218172,149.14247680344457,149.66326343847484,149.77978527375902,148.87393311264395,-0.9414204816273752,-0.42316536927226717,42.781065088757394,0.22187423056069808,27.063302565854485,26.993976111979713
20231214,10565170,148.46,148.55,144.38,144.66,146.03,147.478,149.457,146.34183553677832,147.65627842615302,148.8104414846709,149.49922201426256,149.69516072377954,148.83896271336891,-1.1541630585178666,-0.5693649071213871,33.577712609970675,0.2299221659371106,19.1762640840002,24.388072102653204
20231215,14549960,143.18,144.25,142.5,143.96,145.792,146.608,149.0135,145.54789035785222,147.08762020674487,148.45114952284342,149.31760817772934,149.6003646787584,148.79847339624553,-1.3635293160985498,-0.7281977889168196,32.68315889628926,0.22997864423546957,17.59789184894443,22.12467868475028
20231218,8421950,144.17,147.49,144.15,146.17,145.86200000000002,146.019,148.7685,145.75526023856816,146.94644786724567,148.28217548411428,149.21440790960705,149.54366443613432,148.77666033901528,-1.3357276168686099,-0.8497037545071777,36.203787195671765,0.25118133238908397,31.623526815285356,25.290961394928637
20231219,5233563,145.67,146.335,145.39,146.17,145.908,145.95999999999998,148.5635,145.8935068257121,146.82699434920787,148.12571804084655,149.11459125683305,149.4879013876032,148.75502830300687,-1.2987236916386848,-0.9395077419334792,38.201712654614646,0.18779657725489096,40.973950126179304,30.518624305345526
20231220,7663841,145.57,146.07,143.84,143.91,144.974,145.68599999999998,148.2785,145.23233788380807,146.37822598779127,147.81344263041348,148.94394892054345,149.39570467045272,148.71482059924747,-1.4352166426222084,-1.038649522071225,26.99856390617515,0.20128724163425804,34.95824317355041,31.998497261413817
20231221,6104714,144.52,144.79,143.13,144.26,144.894,145.462,147.94050000000001,144.90822525587205,146.0523450665926,147.55022465779027,148.79037682478793,149.3108169899494,148.67785113369357,-1.497879591197659,-1.1304955358965119,29.39156035328749,0.2023289574906153,32.844790841987475,32.28059512160503
20231222,4413842,144.5,145.63,144.29,145.28,145.158,145.475,147.6355,145.0321501705814,145.9335227486553,147.38205986832432,148.67528250266372,149.24419191573534,148.6496531989741,-1.4485371196690267,-1.1941038526510148,33.701923076923066,0.2015550908893305,36.96427790549841,33.84182271623616
20231226,3634885,145.09,146.17,144.97,145.94,145.112,145.487,147.3705,145.3347667803876,145.93451924886216,147.27524061881883,148.58560110913376,149.1895771733265,148.6271664504349,-1.3407213699566682,-1.2234273561121456,47.46287128712873,0.2015143766381445,43.28783838686341,36.99049460644524
20231227,4569442,145.65,146.305,145.3638,146.06,145.09,145.499,147.059,145.57651118692507,145.95382397980643,147.1852227952026,148.50279451539166,149.13784862500708,148.6058621645392,-1.231398815396176,-1.2250216479689517,48.175633889919595,0.2015143140693138,48.4728839934461,40.817957735445525
20231228,5023033,146.0,146.01,145.035,145.73,145.454,145.214,146.78900000000002,145.62767412461673,145.91938952137465,147.07742851407647,148.41188321980505,149.0815205485607,148.5819960884849,-1.1580389927018189,-1.2116251169155252,47.64525993883789,0.17802747663772459,53.891742301575846,45.17588592415563
20231229,5300991,146.0,146.96,145.73,146.54,145.91,145.402,146.44,145.93178274974449,146.01486805654778,147.03761899451524,148.35050999948356,149.03951194445224,148.56505006285434,-1.0227509379674586,-1.173850281125912,54.39595192915871,0.12238460611777639,61.99816459248776,50.783312146933
20240102,7238388,146.36,149.41,146.31,148.74,146.602,145.88,146.244,146.86785516649633,146.4341191247712,147.16372129121783,148.36328016343492,149.03456133380016,148.56650192955266,-0.7296021664466252,-1.0850006581900546,58.41983852364478,0.1330870685461562,71.1091797920195,57.558601361961834
20240103,7697534,148.34,149.2,147.175,147.84,146.98200000000003,146.04699999999997,146.033,147.1919034443309,146.650408490191,147.21381601038686,148.3461234367649,149.01481651836545,148.56047286789664,-0.5634075201958524,-0.9806820305912143,55.24282560706403,0.12310564175015236,72.40611986134637,62.50777419509001
20240104,7067618,148.05,149.2669,147.77,148.65,147.5,146.29500000000002,146.1275,147.67793562955396,146.95803795323855,147.32020000961748,148.35608660277262,149.0087864932685,148.56121583164852,-0.36216205637893495,-0.8569780357487584,50.21485573971759,0.1245763229990972,77.5701096315558,67.52855267391193
20240105,5294358,148.72,148.87,146.55,147.42,147.838,146.64600000000002,146.166,147.59195708636932,147.02910903735568,147.32759260149766,148.3253952387473,148.98252555949549,148.55174516084648,-0.29848356414197497,-0.7452791414274018,60.147058823529356,0.10193262704102916,72.0910105877038,69.04937197850921
20240108,8255307,147.91,148.92,147.65,148.69,148.26799999999997,147.089,146.27550000000002,147.9579713909129,147.28463072391634,147.42851166805337,148.3373494932146,148.9776904262807,148.55289250391,-0.1438809441370381,-0.6249995019693291,66.69019054340146,0.1060836864741279,75.9886016530638,71.36244853669407
20240109,9786934,148.57,149.4,148.05,149.3,148.38,147.491,146.483,148.4053142606086,147.59468753562152,147.56714043338275,148.36891180491247,148.98301785725127,148.5590925661182,0.02754710223877055,-0.49449018112770915,62.45027844073192,0.10417851223108603,83.1543058639474,75.2930676457785
20240110,8591116,149.35,150.0,149.26,149.94,148.8,147.891,146.689,148.91687617373907,147.9555048378336,147.74290780868773,148.420422893276,148.99883574390827,148.57055237884754,0.21259702914585432,-0.35307273907299647,64.26949280847839,0.10407425445378603,88.36671750446442,79.65095093200713
20240111,6659447,150.05,150.8,149.2935,150.51,149.17199999999997,148.336,146.9175,149.44791744915938,148.3485040935515,147.9478776006368,148.4889336180866,149.02381366549656,148.58664737985296,0.40062649291471075,-0.20233289267545504,78.64583333333314,0.1036816493236784,90.33783796813066,83.21324661071498
20240112,5684834,150.95,151.3,149.89,150.6,149.808,148.823,147.0185,149.83194496610625,148.69488807915897,148.14433111170072,148.55814890929688,149.04986633218257,148.60335570035213,0.5505569674582489,-0.05175492064871426,78.15275310834797,0.10088010111855258,88.88253994134551,85.10301105425849
20240116,8120101,150.15,151.5,148.88,149.79,150.02799999999996,149.148,147.275,149.8179633107375,148.86336683621144,148.26623251083402,148.5985374696478,149.06209994652667,148.6132033708886,0.5971343253774251,0.0780229285565136,70.40723981900436,0.1079162104864632,81.07320844574541,83.75974351808746
20240117,6541439,149.155,150.6,149.01,149.94,150.156,149.268,147.574,149.85864220715834,149.02900270756354,148.39021528780927,148.6425198476921,149.07661069121218,148.62421413129618,0.6387874197542658,0.19017582679606404,68.97533206831105,0.08441167818380796,76.87708845877972,81.46552516498488
20240118,6526221,148.225,148.4,146.92,148.14,149.796,149.298,147.67249999999999,149.2857614714389,148.89223306024607,148.37168082204562,148.62604378711205,149.0611295227624,148.6201957567626,0.5205522382004517,0.2562511090769416,58.51063829787222,0.1001260450724215,61.95846301292371,74.96317111429782
20240119,7848138,148.25,148.62,147.31,147.57,149.208,149.19,147.7425,148.71384098095928,148.68881258943898,148.31229705744965,148.59141940064936,149.03648275379112,148.6114804392791,0.37651553198932675,0.28030399365941866,57.38362760834668,0.09758982321128493,46.03635525461292,65.32089916106952
20240122,11084130,146.97,148.21,146.28,147.86,148.66,149.23399999999998,147.94,148.42922732063954,148.5613029602945,148.27879357171264,148.56743843669364,149.0170367578607,148.6052440870859,0.2825093885818717,0.2807450726439093,55.527638190954825,0.08940225524903031,40.78030324764752,57.14070052326218
20240123,19101560,153.11,156.4,152.89,153.98,149.498,149.763,148.426,150.27948488042637,149.39494865871075,148.7011051589932,148.74489947155612,149.099069208144,148.64984787059558,0.6938434997175591,0.36336475805863927,66.51954602774265,0.21102492162341868,52.54918767234467,55.61019623962301
20240124,11592670,153.93,154.23,152.09,152.12,149.934,150.045,148.768,150.89298992028426,149.8141873266014,148.95435662869738,148.85555850527558,149.14900194850526,148.67864581357819,0.859830697904016,0.46265794602771465,62.72294887039238,0.22367055638760572,54.26862840870409,55.16300696265003
20240125,10352450,152.4,155.66,152.06,155.62,151.43,150.613,149.252,152.46865994685618,150.70738927635503,149.4481079895346,149.07734347231573,149.25596059398453,148.73625041263563,1.2592812868204248,0.6219826141862567,67.86263454638646,0.24496029861504054,66.94324897866174,59.089754301320596
20240126,8356819,155.81,156.16,155.34,156.14,153.14399999999998,151.176,149.756,153.69243996457078,151.54317554153118,149.94380369401352,149.30890598142014,149.36974636929057,148.79769231792497,1.5993718475176593,0.8174604608525372,73.19148936170214,0.24496643687401035,77.10577599894967,65.09509486719695
20240129,8987609,156.68,157.33,155.395,156.16,154.804,151.732,150.2775,154.51495997638054,152.25345622744945,150.40426267964216,149.5335320148162,149.48198196649238,148.85879030698783,1.849193547807289,1.0238070782434876,71.2820512820513,0.2451251592054319,81.20777223459385,70.46598732299591
20240130,7794730,156.34,157.92,155.82,157.49,155.506,152.502,150.825,155.5066399842537,153.05907834630338,150.9291321107798,149.7943998176091,149.61434590093054,148.9304186031954,2.1299462355235903,1.2450349096995081,72.41379310344828,0.2411344868283434,86.2404621311955,75.72414559239577
20240131,8870215,157.99,158.5,156.7,157.14,156.51,153.22199999999998,151.24499999999998,156.0510933228358,153.6869124468721,151.38919639887018,150.03523916785142,149.73873687777467,148.99854790939295,2.2977160480019165,1.4555711373599898,70.02224694104555,0.2429692825896861,87.11720934223722,79.52183350900958
20240201,7601144,156.77,159.3,156.62,159.18,157.222,154.326,151.812,157.0940622152239,154.532002839661,151.96629296191685,150.33506739185628,149.89479081367924,149.08304128773824,2.5657098777441547,1.677598885436823,72.2879177377892,0.2281992988724419,91.10425323276642,83.38264008359519
20240202,7937716,158.97,159.6,157.525,158.09,157.61200000000002,155.37800000000001,152.284,157.42604147681593,155.07938701817469,152.41990089066374,150.58932747736918,150.03024881675893,149.15778783306823,2.659486127510945,1.8739763338516475,68.3129584352078,0.2322925454438626,87.39399375553131,84.71975797424057
20240205,6931933,158.17,159.0,157.555,158.21,158.02200000000002,156.413,152.8235,157.68736098454397,155.56101978460936,152.84879712098495,150.83918559286528,150.16545131565547,149.23290992573988,2.7122226636244022,2.0416255998061987,71.30566801619432,0.23300553122201575,85.45099141615444,84.96350245487852
20240206,6185982,158.305,159.07,157.87,158.96,158.316,156.911,153.337,158.11157398969598,156.08393981774637,153.3014788157268,151.10544180293527,150.31081575671902,149.31363266494535,2.7824610020195735,2.189792680248874,72.15127701375243,0.14962300796511704,87.47130639061052,85.79943710012252
20240207,7209276,159.1,159.83,158.74,159.12,158.71200000000002,157.61100000000002,153.828,158.44771599313066,156.55102599963155,153.73248038493222,151.36821420283903,150.45642210784763,149.39501330673002,2.8185456146993317,2.3155432671389655,79.32692307692308,0.12705597562726537,86.37656506218869,85.99181308747791
20240208,6121778,158.8,159.1,157.77,158.64,158.60399999999998,157.91299999999998,154.263,158.5118106620871,156.87240661507283,154.09600035641873,151.60663340930333,150.59168785813114,149.471735188002,2.776406258654106,2.4077158654419937,79.71014492753613,0.08662057925030313,81.97370402868178,84.65244340121254
20240209,5978181,158.26,158.34,156.96,157.42,158.46999999999997,158.041,154.6085,158.14787377472473,156.95665175121547,154.34222255223955,151.79723559260486,150.7045525216331,149.537695891836,2.6144291989759267,2.4490585321487806,74.43762781186084,0.09740418978577291,67.94921914464061,79.08470198235523
20240212,5482124,157.36,157.61,155.485,157.11,158.25,158.13600000000002,154.934,157.8019158498165,156.98024378949003,154.5472431039255,151.97142458956864,150.8104276865648,149.60053658982906,2.4330006855645365,2.445846962831932,61.38181818181825,0.09828711231323058,57.765915946829836,71.97843997051342
20240213,6046869,157.75,158.97,155.48,156.27,157.71200000000002,158.014,155.25799999999998,157.29127723321102,156.87097551418387,154.67485472585693,152.11236148827132,150.90066855124968,149.65588483389686,2.1961207883269367,2.395901727930933,66.30007855459542,0.09226258820780944,44.56425047796331,62.84037680633004
20240214,5727455,156.16,156.16,154.91,155.63,157.014,157.863,155.5425,156.73751815547402,156.68005620430944,154.7456062276453,152.22769389849194,150.97883931899761,149.70546255311763,1.9344499766641263,2.303611377677572,50.05065856129681,0.09343188409503675,34.58754909912999,53.42276757059669
20240215,6249241,156.3,157.42,156.15,157.01,156.68800000000002,157.64600000000002,155.98600000000002,156.8283454369827,156.73081678826182,154.9133390996716,152.38449081985286,151.0785279252952,149.76608112114155,1.8174776885902304,2.206384639860104,54.05405405405405,0.07912703660232433,37.286008342509334,48.043847827900905
20240216,6617706,157.04,158.45,156.67,157.51,156.706,157.588,156.483,157.05556362465512,156.85069112852923,155.10568435154778,152.55254030116916,151.18483324884403,149.83034600810305,1.7450067769814552,2.114109067284374,56.021409455842935,0.07593954675882034,42.47251504676764,46.186736900856474
20240220,6622058,158.7,159.79,158.13,158.51,156.98600000000002,157.618,157.01550000000003,157.54037574977008,157.1059694164478,155.35785588106276,152.7478668486718,151.30591038522678,149.90237633168726,1.7481135353850448,2.0409099609045085,54.68749999999989,0.08238106077495926,52.70525393361733,48.35957591177676
20240221,7121116,159.19,160.4,159.19,160.4,157.81199999999998,157.762,157.3365,158.49358383318005,157.6127433523789,155.73134803802108,152.99875646019075,151.45622591604948,149.98949354055293,1.8813953143578317,2.009007031595173,63.1239935587762,0.09781385130121929,68.47016928907821,55.06310703754391
20240222,6619639,159.46,161.0901,158.63,160.56,158.798,157.906,157.7585,159.18238922212004,158.06616745201293,156.08902596113063,153.2466660844468,151.6067015207429,150.07721558585953,1.9771414908823033,2.002633923452599,56.546489563567334,0.09781361834781739,76.12093582341517,62.08238329950099
20240223,5486533,160.6,161.74,160.16,161.03,159.602,158.145,158.029,159.79825948141337,158.5221416901648,156.4550240380839,153.50185736036656,151.76245852040003,150.16811006232544,2.0671176520808956,2.0155306691782586,64.81854838709674,0.09588463302339205,80.61551895304297,68.26009518401497
20240226,4531936,161.025,161.17,160.07,160.22,160.144,158.425,158.233,159.9388396542756,158.78335066090867,156.733911146374,153.72212433215782,151.902252594443,150.25152823608207,2.0494395145346687,2.022312438249541,59.47219604147026,0.0900719086390255,79.65875982911498,72.05965006571498
20240227,3868405,159.41,159.8,158.9613,159.3,160.302,158.64399999999998,158.39000000000001,159.72589310285042,158.86283517461501,156.92399180219815,153.90500550159527,152.0245294110638,150.3266192880648,1.9388433724168692,2.005618625083007,51.576994434137305,0.0956614423096497,74.53092529359255,72.8834084750075
20240228,3802915,159.065,160.12,158.64,160.05,160.23200000000003,159.022,158.518,159.83392873523363,159.04547591698193,157.15554796499828,154.10648073105116,152.15718181749253,150.40731124418045,1.8899279519836512,1.9824804904631357,54.08970976253301,0.08958897772124756,72.94309748255009,72.90330481085502
20240229,8348201,159.93,160.11,158.18,158.94,159.90800000000002,159.353,158.608,159.53595249015575,159.02924885283088,157.28772959722062,154.26495677265603,152.26929451472407,150.4781219392495,1.7415192556102568,1.93428824349256,51.25000000000005,0.09563346984410027,63.55312350250216,69.78657770807072
20240301,4819929,158.05,159.03,157.61,158.85,159.472,159.537,158.5915,159.30730166010383,159.0016721062415,157.40345333075985,154.41528605879844,152.37806650621624,150.54759810572875,1.598218775481655,1.867074349890379,56.577736890524406,0.08924085360756391,52.37682002668814,63.983325147609854
20240304,3841623,157.74,159.76,157.67,159.56,159.34,159.74200000000002,158.66500000000002,159.39153444006922,159.08756870528126,157.56319752848134,154.5839652044116,152.4967761507416,150.62238982269366,1.5243711767999173,1.7985337152722867,60.86956521739122,0.09017246779616613,50.65637880713825,59.54100970078598
20240305,4481715,159.46,159.99,158.78,159.32,159.344,159.823,158.72050000000002,159.36768962671283,159.1233273660072,157.69333104489013,154.73924503377515,152.60955671023348,150.69456916026468,1.4299963211170734,1.724826236441244,64.29240862230539,0.08680291802351761,47.572371989262315,55.55146379694475
20240306,5405719,159.68,159.99,158.91,159.57,159.248,159.73999999999998,158.751,159.43512641780856,159.19204623277534,157.83234356008344,154.89763044250384,152.72460535965112,150.76822418798034,1.3597026726918955,1.6518015236913746,69.16342412451355,0.06367021311606544,47.53412369905608,52.87901709764853
20240307,4783943,159.95,160.91,159.47,160.62,159.584,159.746,158.826,159.83008427853906,159.41173142773297,158.0388366297069,155.0852491165201,152.8551077504007,150.84998166359875,1.372894798026067,1.5960201785583132,68.14070351758792,0.07197440509626551,59.872936398621775,55.21032353130627
20240308,5080225,159.85,161.245,158.29,160.35,159.884,159.678,158.9115,160.00338951902606,159.55608043885098,158.21003391639528,155.257863899585,152.978990266923,150.92881999004192,1.3460465224557083,1.5460254473377923,64.60905349794231,0.0706509959913308,65.04137988243733,58.48734231501662
20240311,5171060,161.34,162.62,160.815,161.55,160.282,159.811,159.118,160.5189263460174,159.86283729441237,158.45743881147712,155.4641634438609,153.12065984928793,151.01696256273866,1.4053984829352544,1.517900054457285,65.32258064516128,0.07499644782489845,69.57515811191101,62.18328091398141
20240312,4229060,161.82,162.52,161.23,161.93,160.804,160.074,159.359,160.98928423067827,160.18086232604125,158.7146655661825,155.67615808504578,153.2662687773989,151.10752718877401,1.4661967598587466,1.5075593955375775,59.09631391200946,0.0665161163780873,75.12595371133389,66.49750517976557
20240313,5410679,162.38,162.73,161.33,162.3,161.35,160.29900000000004,159.6605,161.42618948711885,160.5068835066503,158.98024589461343,155.89333322979837,153.41558664884684,151.20041078056843,1.5266376120368648,1.511375038837435,60.09280742459395,0.06468604306744188,80.61782330755605,71.20427788902906
20240314,5848057,162.24,162.62,161.13,161.5,161.526,160.555,159.954,161.45079299141258,160.65967065947333,159.1668943468643,156.07715836980498,153.54921331580806,151.2858845500243,1.4927763126090383,1.5076552935917558,52.625698324022316,0.058538662976947355,78.97578207328513,73.79477928378108
20240315,10956890,160.7,161.5,160.3033,161.38,161.73200000000003,160.808,160.17249999999999,161.4271953276084,160.7704905580159,159.33082809894842,156.25102202981137,153.67864780645587,151.36965314297015,1.4396624590674776,1.4940567266869003,57.0217917675544,0.05870928838942206,75.84871958038832,74.47942604931683
20240318,6086268,161.48,162.72,161.0,161.21,161.66400000000002,160.973,160.35750000000002,161.35479688507226,160.8381073952442,159.47002601754482,156.4136114714569,153.80313296667975,151.45131577248907,1.368081377699383,1.4688616568893968,62.716378162449914,0.057758765424589055,72.48773497551426,73.81552902471597
20240319,6148240,161.8,162.17,161.17,161.83,161.644,161.224,160.52349999999998,161.5131979233815,160.99070625751432,159.6448389051341,156.59119798058947,153.93580845483382,151.5374459320535,1.3458673523802247,1.4442627959875625,62.05962059620584,0.057456421613881814,74.90173322691957,74.17759709211717
20240320,4870296,162.01,162.398,161.47,161.99,161.58200000000002,161.466,160.603,161.67213194892102,161.14444375635827,159.81855454179083,156.76820788286523,154.06893558781178,151.62418911933935,1.3258892145674395,1.420588079703538,73.7169517884913,0.05752150443101377,77.7122665957243,75.35582025998622
20240321,5211676,162.09,162.46,161.115,161.86,161.65400000000002,161.59,160.66799999999998,161.73475463261403,161.25452933230315,159.9697727238804,156.9351518867057,154.1977135119802,151.70913360797553,1.2847566084227537,1.3934217854473812,73.26120556414214,0.05160294276096197,73.19112576691117,74.6342554289612
20240322,6393425,162.2,162.41,161.47,161.66,161.71,161.721,160.6995,161.7098364217427,161.31690943502574,160.0949747443337,157.0900649396006,154.32105709029457,151.79171341205873,1.2219346906920237,1.3591243664963097,67.6174496644293,0.05111037547277137,67.42981687025268,72.23277590939169
20240325,7145692,161.17,161.66,159.73,160.19,161.50600000000003,161.58499999999998,160.69800000000004,161.2032242811618,161.14353875271408,160.10201365216085,157.19170215469566,154.41806441111615,151.86140873643998,1.0415251005532298,1.2956045133076939,56.050069541029195,0.05745383651973636,50.06432235794632,64.84329139224323
20240326,5842850,160.36,161.14,160.14,160.55,161.25,161.447,160.7605,160.9854828541079,161.05222509845038,160.13519782607486,157.3018102807712,154.51941871837045,151.93351322825376,0.9170272723755204,1.2198890651212593,56.71232876712335,0.05730918150590446,42.51779795992429,57.401460248136914
20240327,6599711,161.36,162.74,161.34,162.61,161.374,161.478,160.8885,161.52698856940526,161.29188277561187,160.31851650562487,157.47584928795902,154.65314733459573,152.02211477822675,0.9733662699869967,1.170584506094407,61.973525872442806,0.08616613108744807,60.23888634759078,58.347268947954866
20240328,7191571,162.82,163.14,161.7,162.25,161.452,161.55300000000003,161.054,161.76799237960353,161.43928542551774,160.46158935706006,157.63237881950135,154.77871514724706,152.10699349376014,0.977696068457675,1.1320068185670606,61.30952380952376,0.08299497832110563,64.79268865010462,60.49574218200478
20240401,5971857,161.78,162.07,159.8,160.58,161.23600000000002,161.473,161.1405,161.3719949197357,161.30708766774578,160.47036051579636,157.72902213689474,154.87460415307768,152.17730890045092,0.8367271519494182,1.072950885243532,44.53213077790307,0.09779342468091881,51.50402117240624,57.498501845471935
20240402,6771395,159.64,160.71,159.64,160.57,161.31199999999998,161.40900000000002,161.191,161.1046632798238,161.19368956501566,160.47774121832995,157.82216895207853,154.968742927407,152.24695778924388,0.7159483466857068,1.0015503775319672,41.99999999999998,0.09776511882439677,43.193156972080416,52.730053554341424
20240403,9601812,160.63,160.88,155.68,156.15,160.43200000000002,160.841,161.0325,159.45310885321587,160.41773732424403,160.15716779474997,157.76734374053495,154.9882678376978,152.27934818103438,0.2605695294940631,0.8533542079243864,25.49800796812754,0.16013641728356492,30.895527346891857,45.45187815185824
20240404,6801662,156.88,157.08,155.41,155.45,159.0,160.187,160.8265,158.11873923547725,159.65347004359108,159.80848869884255,157.69136525723872,154.99589977426479,152.3056606442623,-0.1550186552514674,0.6516796352892157,25.70281124497997,0.15831940532030028,20.76950637270148,37.224420892139314
20240405,5121197,155.29,157.06,154.69,156.1,157.77,159.611,160.6005,157.44582615698485,159.10678234457708,159.53378583226163,157.6391893471653,155.0141493647728,152.33714893767092,-0.4270034876845443,0.43594301069446373,29.66101694915261,0.162660979424592,19.40846775931577,31.285769847864795
20240408,5476752,155.97,156.7,155.63,156.04,156.862,159.049,160.385,156.9772174379899,158.63496967618062,159.27498688172372,157.58675690955332,155.03110557361956,152.36787799213008,-0.6400172055431028,0.2207509674469504,29.91452991452995,0.16302623898377758,18.264422293192744,26.94532066297411
20240409,4613751,156.27,156.75,155.7,156.66,156.08,158.696,160.14050000000003,156.87147829199327,158.33112818753744,159.0812841497442,157.55637143710894,155.05802944843578,152.40349726190493,-0.7501559622067475,0.02656958151621082,29.91452991452995,0.16362987040520602,19.947484684613705,24.61270867018731
20240410,7785084,155.65,157.58,155.65,157.24,156.298,158.365,159.906,156.99431886132885,158.16326231253169,158.94489273124464,157.54599860310535,155.09409507738727,152.4436342140883,-0.7816304187129504,-0.13507041852962143,32.129420617005366,0.1647710482071233,23.357494720709,24.194304020361205
20240411,8209765,157.55,157.6,155.77,155.84,156.376,157.688,159.58300000000003,156.6095459075526,157.80583734137298,158.71490067707836,157.49006422267567,155.1064240843726,152.47181982227013,-0.9090633357053832,-0.28986900196477383,29.326923076923165,0.146988333613986,20.76588175599212,23.05149659890484
20240412,6770659,155.22,155.97,154.74,155.33,156.222,156.996,159.27450000000002,156.18303060503507,157.42493928885406,158.4641672935911,157.41924244488303,155.1101195540524,152.49553915984467,-1.0392280047370264,-0.43974080251922437,28.715534633490392,0.14670441877734242,17.29034012596575,21.131111107925143
20240415,5753987,156.42,156.82,155.33,155.45,156.10399999999998,156.483,158.978,155.93868707002338,157.12110247518422,158.24089564221399,157.3546771188213,155.11573741266312,152.52005750706587,-1.1197931670297692,-0.5757512754213333,32.470414201183445,0.144812568047762,15.619515926734252,19.293912714194846
20240416,6103296,155.85,156.94,155.665,155.95,155.962,156.021,158.715,155.94245804668225,156.9409328636174,158.07119966871664,157.30862213131894,155.12952687691663,152.54852176011926,-1.1302668050992395,-0.6866543813569146,33.16251830161049,0.1474419839319197,24.846000308544397,21.14460857897803
20240417,6621906,156.3,157.115,155.74,156.96,155.906,156.102,158.47150000000002,156.28163869778817,156.94386626921474,157.98888858214505,157.2971918975052,155.15978263101718,152.58513153804358,-1.045022312930314,-0.7583279676715945,27.597145122918377,0.07235773229573683,42.56629115644097,28.285169438132343
20240418,7819261,156.34,157.63,155.96,157.29,156.196,156.286,158.2365,156.61775913185878,156.99711761241247,157.9371190575417,157.29695609758699,155.19499283546318,152.6241760895951,-0.9400014451292407,-0.7946626631631237,30.286168521462628,0.06750277817071358,57.789292143509606,38.11987700659142
20240419,12034190,154.98,158.175,153.52,158.14,156.75799999999998,156.49,158.0505,157.12517275457253,157.17294567204132,157.95214727550157,157.32459688127264,155.2436706398357,152.66995056188063,-0.7792016034602511,-0.7915704512225492,39.625850340135955,0.06909368155845022,71.60890152925685,49.28288518081323
20240422,8926327,158.43,161.285,157.2525,160.54,157.77599999999998,156.94,157.9945,158.26344850304835,157.6909540301888,158.14384006990886,157.43001993434567,155.331213273888,152.735262175475,-0.45288603972005603,-0.7238335689220506,49.89399293286218,0.0942092745470349,77.87448983684732,58.81342006615792
20240423,7707250,161.68,162.1,160.415,161.5,158.886,157.424,158.06,159.34229900203223,158.27696110246745,158.39244450917488,157.56346190371139,155.43317669084854,152.80799858895654,-0.11548340670742618,-0.6021635364791258,75.02338634237596,0.0952823993100603,82.91865756022924,66.84849923084835
20240424,7217563,161.2,162.86,159.42,162.6,160.01399999999998,157.95999999999998,158.1625,160.42819933468817,158.94204400978015,158.70411528627304,157.72859430031102,155.551636580256,152.88926001145484,0.23792872350711036,-0.4341450844818786,82.23624887285845,0.09694013397747678,87.684529736798,73.79384273283156
20240425,7094620,162.97,164.32,162.08,162.55,161.06599999999997,158.631,158.1595,161.13546622312546,159.49711416212168,158.988995635438,157.88667317571065,155.66731200868153,152.96943212754235,0.5081185266836883,-0.24569236224876526,80.74356530028612,0.07574461581141623,86.32672352823575,77.97146966463295
20240426,5659784,162.5,163.32,160.49,161.29,161.696,159.227,158.1115,161.18697748208365,159.7729427525645,159.1594404031833,157.99825766175292,155.76024900027357,153.03848248333037,0.6135023493811786,-0.07385341992277648,72.45508982035929,0.08887185642780404,81.53263050030529,79.15852327652372
20240429,4622164,161.17,161.79,160.41,161.66,161.92000000000002,159.848,158.1655,161.34465165472244,160.06325925216996,159.34466703998456,158.1183147875971,155.8577655457236,153.11003034653925,0.7185922121853991,0.08463570649885865,71.85314685314685,0.08787146074540375,79.47854379032698,79.26519678112481
20240430,8106098,161.84,163.35,161.6,163.2,162.26,160.573,158.29699999999997,161.9631011031483,160.5458347518361,159.63024725924495,158.28492741751194,155.97912479290173,153.19376453453478,0.9155874925911576,0.25082606371731847,74.03225806451609,0.09159645078386404,82.86223907009452,80.46421087744804
20240501,7543154,163.28,164.24,162.22,163.4,162.42000000000002,161.217,158.65949999999998,162.44206740209887,160.98493709770747,159.9094882030046,158.45263471529842,156.10178388723395,153.2784635840407,1.0754488947028733,0.41575062991442946,83.75000000000004,0.09223092996400888,85.7353198738902,82.22124720959542
20240502,5647490,163.54,164.49,162.6401,163.84,162.67799999999997,161.872,159.079,162.9080449347326,161.42417754421402,160.20063722500427,158.62926964266566,156.22968828579207,153.3661111891524,1.2235403192097465,0.5773085677734929,88.23000898472594,0.0919641165597514,87.49654600688821,83.97968014202635
20240503,5581692,163.54,164.71,162.16,164.46,163.31199999999998,162.504,159.497,163.42536328982175,161.8912271527965,160.51614557870766,158.82044112979136,156.36572649594427,153.45817665646234,1.3750815740888243,0.7368631690365592,88.7360275150473,0.09170573080867205,90.08906469772384,86.01614166059218
20240506,5472549,164.78,164.98,163.2629,164.44,163.868,162.894,159.917,163.76357552654784,162.28334605236626,160.80680146176636,159.0046889616015,156.49918556212702,153.54931211989418,1.4765445905999002,0.8847994533492275,88.0717488789237,0.07149048384249063,90.15529972654016,87.39586101590817
20240507,6433090,164.98,166.04,164.59,165.76,164.38000000000002,163.32,160.372,164.4290503510319,162.81821589046376,161.17370505719106,159.22617456941782,156.65225687514973,153.65064562927265,1.6445108332727045,1.036741729333923,88.39441535776604,0.07462993081146505,91.77908081236484,88.85693428139372
20240508,4579471,165.98,166.37,164.93,165.07,164.714,163.567,160.7635,164.64270023402128,163.1646442150078,161.46231949739914,159.4177754032074,156.79139312514727,153.74541205558575,1.7023247176086613,1.1698583269888707,82.91032148900163,0.07734580284094501,87.24869369593891,88.32085408624212
20240509,4671126,165.05,166.33,165.05,166.04,165.154,163.916,161.27349999999998,165.10846682268087,163.60700664346814,161.80140694203624,159.63489752113503,156.9442626602688,153.84744183105806,1.8055997014319018,1.297006601877477,83.08207705192625,0.07925072540213228,89.65349154673325,88.76506657307249
20240510,4879427,166.09,167.36,165.7,166.85,165.632,164.47199999999998,161.84949999999998,165.68897788178725,164.1059286983192,162.1753767981817,159.871458258147,157.10799385596684,153.95534687810323,1.9305519001374876,1.4237156615294793,80.48309178743956,0.059951653227942124,90.15093880893318,89.22702398502605
20240513,5725523,166.85,167.65,165.36,165.87,165.91799999999998,164.893,162.3705,165.74931858785817,164.37732428319316,162.449052590909,160.06813175787985,157.2528204038021,154.05422366749656,1.92827169228417,1.5246268676804176,71.07039537126327,0.0746009094695315,82.62643036563973,87.02682611189726
20240514,6009837,165.53,166.07,163.95,165.76,165.91799999999998,165.149,162.861,165.75287905857212,164.59004362424037,162.69430795454537,160.25475038876903,157.39343494258225,154.15136703955054,1.895735669695,1.598848628083334,66.84434968017051,0.0660776425431132,76.94221040769418,83.66528754382956
20240515,5102897,165.31,166.68,165.12,166.51,166.206,165.45999999999998,163.33849999999998,166.00525270571475,164.88542152820338,162.97695180976422,160.45984053995693,157.5441219683247,154.25392830893188,1.9084697184391644,1.6607728461545002,69.64285714285695,0.06750332152107835,77.70646449766124,81.67901319510679
20240516,6793672,166.93,168.34,166.59,167.86,166.57,165.862,163.867,166.62350180380986,165.34304898540287,163.338659083115,160.70246871897473,157.71463234901356,154.36684176694905,2.004389902287869,1.729496257381174,82.30088495575218,0.07370709860502803,81.98623766862663,81.78142135294674
20240517,4700819,167.67,168.0,166.88,167.64,166.728,166.18,164.34199999999998,166.96233453587325,165.69642606457165,163.65727692881018,160.92992876097554,157.87868801266623,154.47699245767976,2.039149135761477,1.7914268330572347,79.8403193612772,0.07531922919096817,82.67571501370844,82.0795192398673
20240520,3804823,167.55,167.88,166.7905,167.31,167.01600000000002,166.46699999999998,164.6805,167.0782230239155,165.9446682084837,163.92784900815758,161.13911142455012,158.03457746700232,154.58349044558284,2.0168192003261254,1.8365053065110128,73.32576617480129,0.07707332450405416,80.62967181627641,81.596236765337
20240521,5147065,167.76,168.535,167.2902,168.35,167.53400000000002,166.72599999999997,165.023,167.50214868261034,166.31471925333236,164.25541574829407,161.37553400079437,158.20508031878742,154.6977353381506,2.0593035050382866,1.8810649462164677,75.64766839378224,0.07379561706926026,85.74148241041472,82.97798531369624
20240522,4536733,168.01,168.425,167.6268,167.81,167.794,167.0,165.2835,167.6047657884069,166.5447624451274,164.51871828545748,161.58650009912898,158.36383932178268,154.8065508125228,2.026044159669908,1.910060788907156,70.3589743589743,0.07204306291667216,85.22351099262113,83.72649387333786
20240523,4729792,167.29,168.11,165.32,165.49,167.32,166.945,165.4305,166.89984385893794,166.38249129972317,164.5906650791273,161.7144837024362,158.48162710158792,154.89521014187946,1.7918262205958797,1.886413875244901,54.49781659388646,0.09931965541347595,68.01160274826154,78.48819683164575
20240524,3820090,165.85,166.31,165.15,165.33,166.858,166.793,165.6325,166.37656257262532,166.22056956130422,164.64543062882157,161.83302522038912,158.59482334784266,154.9818059083369,1.5751389324826448,1.8241588866924499,53.83951682484907,0.09543506469882189,55.37378387506801,70.78339251278649
20240528,6466193,164.49,164.755,162.26,163.11,166.018,166.517,165.70499999999998,165.28770838175024,165.74202039802665,164.53169502668663,161.87489324595012,158.66945436688658,155.04925980121376,1.2103253713400193,1.7013921836219639,39.391513210568554,0.1110869351570371,41.43112816106803,60.999304395547
20240529,4360383,162.65,162.74,161.42,161.65,164.678,166.106,165.6275,164.07513892116683,165.11247879833024,164.31823613582097,161.86751969690258,158.71871958396284,155.10403772817466,0.7942426625092764,1.5199622793994265,37.10407239819011,0.11613536846410495,28.698287830030445,50.232298873708146
20240530,4756454,161.65,162.7,161.48,162.58,163.632,165.71300000000002,165.5865,163.5767592807779,164.7228666755102,164.18947790353795,161.8908797068402,158.78254240075685,155.1660789088537,0.5333887719722554,1.3226475779139923,36.913767019667276,0.1181273682731858,24.56671987919117,41.677105875535815
20240531,10341640,162.44,164.77,161.97,164.54,163.442,165.38100000000003,165.6215,163.8978395205186,164.69473334081633,164.21544250327588,161.9777361098946,158.8777069891741,155.2438707851288,0.47929083754044655,1.1539762298392833,41.962421711899786,0.12791317137938435,30.994819577460312,38.11634377617732
20240603,5828442,163.93,166.24,163.63,164.65,163.30599999999998,165.082,165.631,164.14855968034576,164.68785128838306,164.24763194747766,162.06535131940626,158.97311679100594,155.32192994873768,0.4402193409054007,1.011224852052507,45.481481481481495,0.12852681718050907,35.79556254800944,37.34275003345469
20240604,6277001,164.79,167.12,164.4,167.01,164.08599999999998,165.052,165.7595,165.1023731202305,165.04510493632412,164.45225180322007,162.22747094827818,159.1059578357827,155.41892638069837,0.5928531331040574,0.927550508262817,53.96825396825397,0.14944364086554937,50.46375595039784,41.716418672435736
20240605,5243345,167.01,167.01,164.98,166.05,164.966,164.82200000000003,165.774,165.41824874682035,165.19970417688964,164.57060352150006,162.3527997696461,159.22073539221606,155.50715105803698,0.6291006553895784,0.8678605376881694,48.55889724310783,0.14742600352010027,56.7117615653375,46.714866303402985
20240606,6302243,165.83,168.58,165.08,168.47,166.144,164.888,165.94400000000002,166.4354991645469,165.7028266112143,164.85944770509266,162.5533637116249,159.3736157989563,155.61472656792878,0.843378906121643,0.8629642113748641,51.79095713446854,0.16488735168668586,70.6290700938376,54.686267566881185
20240607,4558190,168.4,168.97,166.84,167.06,166.648,165.04500000000002,165.995,166.64366610969796,165.91162251718134,165.02245157878951,162.70112227845686,159.50066347170085,155.70970809018664,0.8891709383918283,0.8682055567782571,48.40834248079038,0.15458988363528897,71.98670898088072,60.4530813715477
20240610,4110668,166.78,167.715,166.08,167.35,167.18800000000002,165.247,166.02,166.87911073979865,166.1329113606919,165.19486257295324,162.85354449883533,159.63040457134215,155.80630802304816,0.9380487877386656,0.8821742029703388,50.11001100110009,0.15428316187053534,74.17215477312577,65.02610583874039
20240611,3947671,166.97,167.5,166.02,167.48,167.282,165.684,166.1005,167.07940715986578,166.34015576673931,165.36413201199375,163.00523156444729,159.76014995032824,155.9031851348901,0.9760237547455688,0.9009441133253848,47.481181239143,0.1335034686575696,76.1503728750077,68.7341948508295
20240612,5474498,167.5,167.64,164.2209,165.18,167.108,166.037,166.0715,166.44627143991053,166.16167026416403,165.35049260369792,163.07653544758017,159.84973424866993,155.9801711503682,0.8111776604661145,0.8829908227535308,43.089858118759835,0.14556844009242226,66.05262953571946,67.84033974579282
20240613,4902180,164.47,167.0,164.47,166.41,166.69599999999997,166.42,166.06650000000002,166.43418095994036,166.19987483890802,165.42897463305363,163.18582936733162,159.95816839332002,156.0667257466307,0.7709002058543888,0.8605726993737025,52.56410256410254,0.1468249297116664,61.38839472169062,65.68969140442542
20240614,3694974,165.99,166.93,165.25,166.79,166.642,166.64499999999998,166.013,166.55278730662693,166.29066332522987,165.52979132690152,163.30399889627157,160.0710912297941,156.1557155744595,0.760871998328355,0.8406325591646331,54.01982378854622,0.13773608641762267,58.95778503615148,63.44572261500077
20240617,6759352,165.85,168.71,165.4,167.5,166.67199999999997,166.93,166.00600000000003,166.86852487108462,166.47671512134835,165.675732710094,163.4415727029512,160.19388311029337,156.2498590136756,0.8009824112543527,0.8327025295825771,63.1831831831832,0.1383378722998616,62.3207789427031,63.070741390901546
20240618,5112634,167.03,168.65,166.94,168.56,166.88799999999998,167.085,166.0685,167.43234991405643,166.79722048729477,165.88938213897592,163.609389991379,160.3321660340902,156.35201786003515,0.9078383483188475,0.8477296933298312,71.26153846153856,0.12475299392312113,72.00278105701311,66.04808794627206
20240620,8483606,168.37,168.78,166.86,167.67,167.386,167.24699999999999,166.0345,167.51156660937096,166.9314942584802,166.02127975831104,163.74252474576002,160.45345254592343,156.4459430230224,0.9102145001691611,0.8602266546976972,65.70018507094386,0.124135606761305,72.2106514943688,68.10227579563764
20240621,14682060,167.48,168.88,167.18,168.26,167.756,167.226,166.057,167.76104440624732,167.13587975717556,166.18711088732505,163.890638688522,160.58248638813959,156.54398498963633,0.948768869850511,0.8779350977282601,62.53369272237201,0.10333787746414964,77.0380039603376,71.08085185053763
20240624,7565304,168.76,169.41,167.48,168.45,168.08800000000002,167.36499999999998,166.205,167.99069627083156,167.33805210222548,166.35473230307875,164.040125944636,160.71252793544306,156.64279009345677,0.9833197991467273,0.8990120380119536,62.734584450402146,0.09360358892427446,78.52522998215329,73.56231122774284
20240625,8323968,168.63,168.9075,165.9,166.85,167.958,167.315,166.281,167.61046418055437,167.26296716342156,166.39141879914698,164.13225296284466,160.81397375469194,156.72749722961066,0.871548364274588,0.8935193032644806,49.43502824858758,0.1055063134725816,69.23875956657756,72.12112734068774
20240626,5164046,166.05,167.81,165.66,167.45,167.736,167.31199999999998,166.498,167.5569761203696,167.2917414459721,166.4698322214324,164.2410315542268,160.9236601389119,156.81648065509108,0.8219092245396951,0.8791972875195235,55.072463768115874,0.10706808868336497,66.26713525761035,70.1697966463286
20240627,5006990,167.49,168.1,165.5,166.62,167.526,167.456,166.7465,167.24465074691307,167.18839660813023,166.48095576058554,164.31903051966196,161.01781451678116,156.89783766210277,0.7074408475446887,0.8448459995245566,42.424242424242415,0.08412683896758916,55.15565427430438,65.16508252232053
20240628,9253317,166.0,167.24,164.58,164.92,166.858,167.307,166.8635,166.46976716460873,166.83941251457173,166.3653294079496,164.33873443705008,161.08231345038809,156.96441162341313,0.47408310662214603,0.7706934209440746,41.43999999999992,0.0912504409683044,39.116882007576116,56.482349017405724
20240701,7638639,165.59,166.21,162.2,162.72,165.712,166.89999999999998,166.7725,165.21984477640584,166.20565674309915,166.09530500736074,164.28566117681893,161.10938264955524,157.01217584230596,0.11035173573841917,0.6386250839029435,33.934767522553756,0.10680027934460389,28.481989761870018,47.148895932227155
20240702,5449219,162.58,164.04,161.71,163.9,165.122,166.54000000000002,166.73499999999999,164.7798965176039,165.8509403210839,165.9326898216303,164.27301654807076,161.15550855617417,157.06933620875986,-0.08174950054640817,0.4945501670130732,38.42173350582151,0.11231948607115276,28.468512655099495,40.92210150651793
20240703,2980461,163.21,164.21,162.975,163.83,164.398,166.06699999999998,166.576,164.4632643450693,165.54002642553252,165.77693502002805,164.25849141534712,161.19971502632006,157.12544130246312,-0.2369085944955316,0.34825841471135227,44.897959183673485,0.10375694514436201,28.156497614222207,36.66690020908602
20240705,6509248,164.01,165.625,163.5,165.21,164.116,165.821,166.53400000000002,164.7121762300462,165.48925312929674,165.7349398333593,164.2896884181226,161.26600072836436,157.19253307588667,-0.24568670406256388,0.22946939095656904,45.51569506726461,0.11542647895724883,33.92251356099664,35.75210465972289
20240708,5144458,165.95,166.6734,165.62,166.52,164.436,165.647,166.4365,165.31478415336414,165.6478295709434,165.79309243829564,164.36281338802021,161.3528436915319,157.26993944040214,-0.14526286735224403,0.15452293929480643,49.05660377358497,0.12191186805784669,44.89126236936656,38.798490562937445
20240709,4393179,166.63,166.759,165.14,165.66,165.024,165.368,166.3665,165.42985610224278,165.64970194464442,165.78323373916263,164.4053440966097,161.42403635778757,157.339566498988,-0.13353179451820552,0.09691199253220405,43.63762102351314,0.12278198498625192,50.532620400652284,42.70986717550906
20240710,5037097,165.9,166.92,165.54,166.8,165.604,165.363,166.339,165.88657073482852,165.82667087623759,165.85854975848392,164.48385740491756,161.51289526096465,157.41807632057316,-0.03187888224633184,0.07115381757649687,43.94773039889963,0.12111161104602669,60.24031761712768,48.55335065604859
20240711,5833061,166.3,166.63,164.78,165.54,165.946,165.172,166.24200000000002,165.77104715655236,165.78256766450872,165.8349534800777,164.51848503098583,161.57945897565946,157.48547817683396,-0.05238581556898225,0.04644589094740105,42.85714285714289,0.12434147916020247,63.24640824866971,53.45103652025563
20240712,4684642,166.22,167.64,166.02,166.61,166.226,165.171,166.3135,166.05069810436825,165.909864946892,165.89236433340528,164.58705929226497,161.66260841407833,157.56120034964033,0.017500613486703287,0.0406568354552615,44.639376218323676,0.12734321772164345,69.70783596566751,58.86996966872625
20240715,5752513,166.47,166.615,164.46,164.58,165.83800000000002,165.137,166.222,165.56046540291217,165.70527033967784,165.79515216056043,164.58682784005956,161.71082976260598,157.61944764964332,-0.08988182088259578,0.014549104187690044,38.7695879280326,0.1316905349490408,62.60454944085543,60.114829592769304
20240716,6378312,164.91,167.07,164.61,166.95,166.096,165.56,166.23,166.02364360194144,165.89676721049662,165.88069644496338,164.66430889448384,161.79742761776953,157.69687961935583,0.016070765533243048,0.014853436456800645,50.27777777777776,0.1276711887361985,70.13936736571497,63.45634218375119
20240717,7982328,167.75,170.17,167.33,169.44,166.624,166.114,166.327,167.16242906796097,166.4418799473433,166.1443485601513,164.82088893073026,161.92375112821964,157.794332900523,0.29753138719200933,0.07138902660384239,55.00251382604325,0.1392207251317869,76.44473566509939,67.78580667753391
20240718,5926346,168.8,170.92,168.28,168.44,167.204,166.575,166.321,167.5882860453073,166.7492830323674,166.3143968149549,164.93954831005058,162.03145772114163,157.88267868558088,0.43488621741249744,0.1440884647655734,54.536390827517415,0.14527529005671241,71.4997928169806,69.02380205734947
20240719,6597090,167.97,169.035,167.13,167.96,167.474,166.85,166.3355,167.71219069687155,166.93554718123394,166.43629334718048,165.03857951299975,162.12945015550295,157.96630790810718,0.49925383405346224,0.2151215386231512,58.06794055201702,0.1441904595115057,65.72638406580961,67.92466272683617
20240722,6383031,167.93,168.7,167.7,168.25,168.208,167.023,166.335,167.89146046458103,167.13777069181333,166.57064198813006,165.14387198798335,162.23061626863515,158.05164975119342,0.5671287036832666,0.2855229716351743,66.33195510927345,0.14039770320668774,63.37383292725802,66.40771946031012
20240723,4863398,168.11,168.4199,166.32,166.62,168.142,167.119,166.24349999999998,167.4676403097207,167.05811366230358,166.57429813715746,165.1922696277216,162.30316806584779,158.12275639226237,0.48381552514612736,0.32518148233736494,57.82508630609895,0.14700082574503973,53.394732787418675,62.07005723601297
20240724,5906992,166.32,168.28,165.575,168.0,167.85399999999998,167.239,166.301,167.64509353981381,167.2030192527184,166.6799056825532,165.28432636123893,162.39733057715608,158.2047252188826,0.5231135701652079,0.3647678999029335,61.15569823434987,0.1486375035452653,53.86274239491484,59.33428562231359
20240725,7338521,168.32,170.085,166.87,166.9,167.546,167.375,166.2735,167.39672902654254,167.15640090614633,166.69620896532703,165.3372992674278,162.47175486513697,158.27688517557237,0.4601919408192998,0.3838527080862068,54.58989679521998,0.1472836351400728,48.49879420754903,55.722455150725395
20240726,5581557,167.25,169.32,167.03,169.11,167.776,167.625,166.398,167.96781935102837,167.45695461289304,166.87500830122875,165.46099437341377,162.58147792521737,158.36678654340994,0.5819463116642964,0.42347142880182476,56.7063697566028,0.1568973471595378,56.10432027994034,55.84974352713037
20240729,6797832,168.85,170.5399,168.11,169.93,168.11200000000002,168.16000000000003,166.6485,168.62187956735227,167.83742313398642,167.1013039826192,165.60751914805593,162.70294110000717,158.462746821058,0.7361191513672054,0.4860009733149009,61.07939802802285,0.13928190621023986,64.56221913268251,58.75390206231442
20240730,15746250,161.79,162.38,158.04,161.7,167.128,167.635,166.5975,166.31458637823485,166.8932041902962,166.70120739131409,165.47940376615244,162.6863635611641,158.48961199266748,0.1919967989821032,0.42720013844834137,40.32625189681332,0.27633280626956724,52.513529111229325,56.673777745286046
20240731,9660902,160.81,162.86,159.21,160.76,165.68,166.767,166.44050000000001,164.4630575854899,165.94963431486602,166.26111795492045,165.32466921644252,162.65452284114485,158.5084533869192,-0.3114836400544334,0.2794633827477864,40.82181259600614,0.2594172203582452,42.26241076795043,51.86998875284084
20240801,12532700,160.88,166.305,160.68,165.69,165.43800000000002,166.49200000000002,166.5335,164.87203839032662,165.9096905741174,166.21881292122265,165.3366472749198,162.7046960173243,158.5680512841232,-0.30912234710524444,0.16174623677718025,48.46153846153843,0.30934230230363835,48.57510371327258,50.77169373965142
20240802,11899040,167.44,170.35,165.15,170.08,165.632,166.704,166.777,166.6080255935511,166.55127663963782,166.50482677890986,165.49216703639786,162.82660186827763,158.66358612823836,0.04644986072796087,0.13868696156733637,58.52448853068816,0.3361645101438998,64.49032599756995,55.34457115895759
20240805,10338770,170.88,170.88,166.67,168.06,165.25799999999998,166.685,166.85399999999998,167.0920170623674,166.7833879258474,166.6200247952869,165.5763582811061,162.91310431673585,158.74156466659323,0.1633631305604979,0.14362219536596868,51.73926668755878,0.3419388312469741,69.00601172423669,59.898384680717285
20240806,7454869,167.9,170.33,167.85,168.09,166.536,166.832,166.9755,167.4246780415783,166.98440516802472,166.72891184748786,165.65877276369278,162.99867284042617,158.81914504280408,0.255493320536857,0.16599642040014637,47.70797962648558,0.3381470797990716,72.09435049528554,63.9637066189067
20240807,8385546,168.57,171.72,168.01,170.02,168.388,167.034,167.1365,168.2897853610522,167.4514197575594,166.97269615508137,165.8017638206209,163.1147278347993,158.91209819597583,0.47872360247802703,0.2285418568157225,52.60039499670839,0.34021750875129114,77.25393346859195,68.39378223546845
20240808,6386941,169.42,171.56,169.0,170.87,169.424,167.431,167.403,169.14985690736813,167.97735517947334,167.26138532877906,165.96793549863332,163.2429141515795,159.0113338955943,0.7159698506942789,0.3260274555914338,54.73170731707316,0.338015597060594,82.7648055482621,73.18412333973299
20240809,5377378,170.12,171.26,169.65,170.54,169.516,167.574,167.5995,169.61323793824542,168.37160822878513,167.5042456747954,166.1178392527765,163.3635271408096,159.10700747322423,0.8673625539897216,0.4342944752710914,53.71873985060082,0.3334696560582054,85.6346267007907,77.33429112675222
20240812,7208103,169.4,169.65,166.2,166.81,169.26600000000002,167.262,167.71099999999998,168.67882529216362,168.13136080897203,167.452820069255,166.14053304776743,163.42049363434995,159.1709327224091,0.6785407397170218,0.4831437281602775,50.28884159318941,0.3496422260623775,77.34021742749223,77.33626656033222
20240813,3770007,167.34,167.8,166.46,167.29,169.106,167.821,167.728,168.2158835281091,168.0019206845148,167.44075932338427,166.17822048882422,163.48445241725327,159.23831087409036,0.5611613611305302,0.4987472547543281,48.89027821194122,0.24146793820831614,71.51787442026048,75.39680251364163
20240814,5476675,166.5,169.47,165.82,168.8,168.862,168.625,167.696,168.41058901873942,168.12470211766637,167.5414438179484,166.2641804727972,163.5723127078772,159.31766099131784,0.5832582997179827,0.515649463747059,52.9320987654321,0.23747407622517636,66.19710146535888,72.33023549754738
20240815,9491625,169.46,169.68,166.75,167.92,168.272,168.848,167.67000000000002,168.24705934582627,168.09320948417923,167.56948501661887,166.3184696376235,163.644175307747,159.38904969678407,0.5237244675603563,0.5172644645097185,48.08496942388152,0.19910094356957214,55.9958077565669,66.88542625055388
20240816,5640925,167.82,168.35,166.8,167.89,167.74200000000002,168.62900000000002,167.66649999999998,168.1280395638842,168.06194648661318,167.5932268672397,166.3699952232752,163.71435422828011,159.45959700220496,0.4687196193734735,0.5075554954824696,46.63143989431966,0.14978772291669545,49.025453758615164,60.932102086574304
20240819,3885315,168.18,169.235,168.17,168.42,168.064,168.665,167.675,168.22535970925614,168.11703164251884,167.65446932151823,166.43720849464322,163.79213349723418,159.53395719305803,0.462562321000604,0.4985568605860965,64.88042515500439,0.13964630640817788,47.372901375799884,56.41236851631616
20240820,4513600,168.77,170.56,168.11,170.41,168.688,168.897,167.8645,168.9535731395041,168.46979600520825,167.85858270510948,166.56746395383524,163.9015197204204,159.62421480971315,0.6112133000987683,0.5210881484886308,70.41895895048661,0.15005125380705986,58.23698651534159,57.0205745159913
20240821,4082026,170.19,171.89,169.6,170.16,168.95999999999998,168.911,167.9725,169.35571542633608,168.72982738902238,168.02905806028656,166.6852520209226,164.00496567545477,159.71164871170723,0.7007693287358165,0.557024384538068,61.794195250659584,0.14055962027608976,62.6577164358181,58.89962182260023
20240822,4097382,170.88,171.24,169.14,170.15,169.406,168.839,168.135,169.62047695089072,168.94831548301894,168.1861648706357,166.7988503153186,164.10653649073652,159.79827403360179,0.7621506123832376,0.598049630107102,50.2402196293754,0.1381562546710385,65.54995483420282,61.11639949313442
20240823,4771267,170.05,170.11,168.25,169.17,169.66199999999998,168.702,168.138,169.47031796726048,168.9824207933237,168.2590415468849,166.87659292793109,164.19023010245988,159.87604769307399,0.7233792464388102,0.6231155533734437,54.10199556541012,0.14040930768734172,62.09645533702482,61.44308477443122
20240826,6472417,168.695,170.97,168.695,170.35,170.048,169.05599999999998,168.159,169.763545311507,169.19281759435083,168.41392735822677,166.99047512701532,164.29204448093162,159.96296845910658,0.778890236124056,0.6542704899235662,57.69754768392364,0.08752709772357571,66.27407840700064,63.053415985287685
20240827,4456635,170.83,171.1,169.08,169.25,169.816,169.252,168.5365,169.59236354100466,169.20161488752763,168.4758586650248,167.06455790973612,164.37399415893276,160.04003926027582,0.725756222502838,0.6685676364394205,47.22021660649817,0.0963322037436529,60.39542970324042,62.16742055793859
20240828,5645040,169.42,171.2,168.58,169.06,169.596,169.27799999999996,168.95149999999998,169.41490902733645,169.17982798175416,168.51912839354148,167.12998224056443,164.4514488009339,160.11489370624864,0.6606995882126796,0.6669940267940724,43.13874147081125,0.08725184595439246,55.063881753699256,59.79957428985881
20240829,4413165,169.75,170.6,168.94,170.03,169.57199999999997,169.48899999999998,169.1685,169.61993935155763,169.31062367686891,168.6310448088347,167.22506479005412,164.54365625876972,160.1971767460308,0.6795788680342127,0.6695109950421005,48.156182212581385,0.08580375155942375,53.6404714336831,57.7465400044669
20240830,7301617,170.16,171.88,169.69,171.54,170.046,169.85399999999998,169.2415,170.2599595677051,169.65360464965832,168.84652297114323,167.3665380756261,164.65929830407933,160.29130805934176,0.8070816785150896,0.6970251317366984,70.37037037037025,0.09251334595350455,66.007227869369,60.50010262610093
20240903,10101420,171.03,175.0,170.99,174.52,170.88,170.464,169.5645,171.67997304513673,170.40228085740318,169.26678052883634,167.60107781085145,164.8222851089706,160.40938849038457,1.1355003285668488,0.7847201711027285,75.62012756909986,0.11729952070712618,74.96778154254235,65.32266226491474
20240904,7517526,173.63,176.0,173.63,175.9,172.20999999999998,171.01299999999998,169.95499999999998,173.08664869675783,171.24808380241808,169.7581301192929,167.87317362033173,165.00538783444216,160.5379412829955,1.4899536831251794,0.9257668735072188,75.3934191702431,0.11181079371992382,82.88174683481321,71.1756904548809
20240905,6061865,175.99,176.55,174.67,175.47,173.49200000000002,171.54399999999998,170.2275,173.8810991311719,171.89760937127684,170.18123159193786,168.12224989507493,165.1783566305671,160.66185878272168,1.716377779338984,1.083889054673572,77.90096082779007,0.11292655261026179,84.25048182561841,75.53395424512672
20240906,5785684,175.76,177.04,175.34,175.59,174.604,172.08800000000002,170.4635,174.45073275411463,172.46566946800348,170.58188110364617,168.36709416081018,165.3504499094007,160.7857437720767,1.883788364357315,1.2438689166103207,78.26725403817915,0.11246211615690713,83.78716124859986,78.28502324628442
20240909,6450204,175.54,176.84,174.66,176.06,175.50799999999998,172.777,170.7395,174.98715516940976,173.01864339600294,170.98766768856126,168.61932058176723,165.52746726627012,160.9125010851715,2.0309757074416837,1.4012902747765934,78.17109144542772,0.10230775189488546,85.33013271577266,80.63339306944717
20240910,6396311,175.91,177.94,175.91,177.79,176.16199999999998,173.52100000000002,171.2885,175.92143677960652,173.75269825815633,171.49154415607524,168.91999859547977,165.73015375773673,161.05256331682983,2.2611541020810932,1.5732630402374934,77.7443609022556,0.10521304858643357,89.68590044299373,83.65089552729602
20240911,6828173,176.6,177.0,173.63,173.92,175.76600000000002,173.988,171.62,175.25429118640434,173.77843698767074,171.67142977414375,169.08393306775912,165.86552311711299,161.15934702374412,2.107007213526998,1.6800118748953945,61.111111111111065,0.1579733247779344,78.23504473977356,81.84561193145518
20240912,4839752,173.9,174.6111,172.44,173.47,175.36599999999999,174.429,171.8535,174.6595274576029,173.7309851434137,171.80465719828123,169.22773854094734,165.99121694988798,161.26151011898276,1.9263279451324706,1.72927508894281,59.5622119815668,0.15902455451381545,67.42942376590965,77.04021587627334
20240913,3917986,173.37,174.54,172.8,174.08,175.064,174.834,172.1615,174.46635163840196,173.78467973673466,171.97320110951966,169.3868290805884,166.12491584327827,161.3678876283688,1.8114786272149956,1.7457157965972472,64.44967628016488,0.15826907527255651,59.77309306216522,71.28450827157063
20240916,6892335,174.71,177.31,174.32,177.24,175.3,175.404,172.629,175.390901092268,174.31626746954473,172.36333436066636,169.6443100943396,166.30863624256293,161.49960640323712,1.9529331088783692,1.7871592590534717,68.16025303110177,0.1730271684318744,68.9396377990193,70.50288478072018
20240917,4757247,176.625,176.97,175.36,175.88,174.918,175.54,173.002,175.553934061512,174.55684170499939,172.6238281117281,169.84875894370552,166.46684060219,161.61894576918536,1.9330135932712835,1.8163301258970341,67.23868954758188,0.16278641138229435,66.80824338116436,69.2713376475349
20240918,5102884,175.05,175.9,172.57,173.92,174.91799999999998,175.342,173.1775,175.00928937434134,174.4588660580764,172.71984084419267,169.98224225702666,166.59003331950916,161.7210292067855,1.7390252138837354,1.8008691434943744,61.57142857142852,0.16712208896373806,53.508525890473145,64.01706706184765
20240919,8692016,172.88,173.16,170.38,171.54,174.53199999999998,174.949,173.24650000000003,173.85285958289424,174.00980974144926,172.63244522610432,170.03331628138642,166.67185095059168,161.80251444158395,1.3773645153449365,1.716168217864487,53.36903168228467,0.17774481244522342,40.78698904162052,56.27370772177194
20240920,28647460,171.51,174.54,171.5,174.22,174.56,174.81199999999998,173.45,173.9752397219295,174.04214670430324,172.75004187602252,170.17058460002949,166.7966137447968,161.90556411426792,1.2921048282807135,1.6313555399477324,55.682782018659886,0.1969162243489327,44.122542958963955,52.223319467502606
20240923,10265200,174.01,175.185,172.5901,173.77,173.866,174.583,173.68,173.90682648128634,174.00027798056428,172.82559432965047,170.28859821970065,166.91187632752744,162.00402416311218,1.1746836509138063,1.5400211621409472,48.218527315914486,0.19618143685203207,45.72094494522566,50.05586129341029
20240924,5422351,172.88,174.5,172.615,173.24,173.33800000000002,174.128,173.8245,173.68455098752423,173.88331213740054,172.85629104597265,170.38536549118587,167.01647341302285,162.09726877586644,1.0270210914278834,1.4374211479983345,43.415841584158436,0.18721925097918274,44.23724372009758,48.11632210230605
20240925,8916483,174.07,174.68,172.06,172.26,173.006,173.962,173.975,173.2097006583495,173.63357180856968,172.81212133886356,170.44682891770435,167.10314327396463,162.18160679432398,0.8214504697061216,1.314227012339892,42.26506024096385,0.15848880185033826,38.5343048562074,44.9223163536065
20240926,4957367,171.5,174.61,171.36,173.21,173.34,173.936,174.1825,173.2098004388997,173.56840691494358,172.8415938322811,170.53742469089437,167.20408305456027,162.2731287296408,0.7268130826624883,1.1967442264044115,44.485634847080654,0.16105249532377666,39.30185018311859,43.04882763011052
20240927,4599709,173.01,174.445,172.58,173.55,173.206,173.88299999999998,174.3585,173.3232002925998,173.56557508187535,172.89406836322323,170.63619765184865,167.3089742437411,162.3667127235857,0.6715067186521253,1.0916967248539542,44.14918414918418,0.16033257905667742,42.235629004223796,42.777761421481614
20240930,6296653,173.73,174.0,172.71,173.2,173.092,173.47899999999998,174.4415,173.28213352839987,173.50933276158685,172.91672996594744,170.72025674523064,167.40634657029082,162.4566155225601,0.592602795639408,0.991877939011045,38.565022421524695,0.12781763743201255,45.18607151006216,43.58053145100846
20241001,7130825,173.24,174.0,172.2,173.04,173.052,173.195,174.3675,173.20142235226658,173.4371277213427,172.92586107958095,170.7963139011247,167.49946480879842,162.54444443938533,0.5112666417617504,0.8957556795611862,47.31051344743279,0.12464201827834122,48.57704802023564,45.246036974084184
20241002,6212890,172.01,172.45,171.08,171.92,172.98399999999998,172.995,174.1685,172.7742815681777,173.20372345652075,172.85135285146384,170.83315606830095,167.57253150617368,162.62224987972237,0.35237060505690465,0.7870786646603299,45.44920728126834,0.11732073867949651,39.20564874105824,43.2325742297422
20241003,4794348,171.37,171.37,169.77,170.12,172.366,172.853,173.901,171.88952104545183,172.72930446320987,172.64903041802208,170.80977390212715,167.614638423427,162.68447187242177,0.08027404518779235,0.6457177407658224,39.13282107574095,0.10924438305143891,28.291608240422295,38.25225223330223
20241004,6003668,168.85,170.09,168.26,168.88,171.432,172.31900000000002,173.5655,170.88634736363457,172.13710377656218,172.36984297965006,170.74650262664755,167.6355534908084,162.735887043605,-0.2327392030878741,0.47002635199508314,24.355828220858967,0.07041888622566117,22.080179117706262,32.86156119477024
20241007,6325281,169.16,169.58,166.87,167.12,170.216,171.654,173.11849999999998,169.63089824242306,171.36524165709108,171.9809657218982,170.62760090118368,167.6270319455058,162.77226972374106,-0.6157240648071252,0.25287626863464147,23.772455089820454,0.07849348745447697,15.787127521065804,27.170083303535428
20241008,7472965,166.85,168.59,166.27,168.16,169.23999999999998,171.14600000000002,172.637,169.14059882828204,170.87212755600015,171.69793122397982,170.5466959536039,167.63584133483627,162.81698117831584,-0.8258036679796703,0.0371402813117791,31.74904942965786,0.09219948310378147,18.07870851524285,24.139625040771232
20241009,8758806,168.38,169.805,168.0,169.27,168.70999999999998,170.847,172.4045,169.18373255218805,170.6256463935386,171.518084466648,170.50483706987916,167.66285222186377,162.87053320173231,-0.892438073109389,-0.14877538957245454,42.17780840799457,0.10119326570234587,24.28488824563593,24.188046109059464
20241010,6932308,168.8,169.79,168.37,168.95,168.476,170.421,172.1785,169.1058217014587,170.36785464068652,171.32785598763704,170.45385880529295,167.68412739175034,162.92098520835694,-0.96000134695052,-0.3110205810480676,28.31275720164615,0.09369114343702745,27.74663097358903,25.37424106390265
20241011,7036480,169.46,171.41,168.97,171.09,168.918,170.175,172.02900000000002,169.76721446763915,170.47895392673473,171.31023702558986,170.474715893644,167.74042280676275,162.9887778622295,-0.8312830988551241,-0.41507308460947895,40.317919075144545,0.1171437208186404,39.282575025945945,30.010352384583747
20241014,5909158,171.02,172.84,170.74,172.51,169.996,170.106,171.7925,170.68147631175944,170.79142255339093,171.39910835702764,170.5414465200819,167.81925879342785,163.06779215382926,-0.6076858036367128,-0.45359562841492573,47.52206381534279,0.1257577019670658,57.847439667221124,39.2893814787962
20241015,7172262,172.89,174.905,172.815,173.57,171.078,170.159,171.677,171.64431754117297,171.2188960067154,171.55991514539596,170.64074335548904,167.91431236709022,163.1549474056647,-0.341019138680565,-0.4310803304680536,54.42268737339634,0.12944378038902943,66.74484783064689,48.44120359607976
20241016,6117053,171.88,172.59,170.89,172.38,171.7,170.20499999999998,171.59999999999997,171.88954502744866,171.39752739029765,171.62066217166293,170.69776816350577,167.988125385816,163.23150385872972,-0.22313478136527465,-0.38949122064749786,47.24252491694348,0.12996686683629202,68.0827454945096,54.9883842288897
20241017,7045586,172.18,173.68,171.76,172.28,172.36599999999999,170.421,171.637,172.0196966849658,171.53329240717494,171.669502010799,170.74964461716132,168.0590654620835,163.30659511301414,-0.136209603624053,-0.3388348972428089,45.71235651586763,0.11715403470949769,68.5886514066852,59.521806621488196
20241018,8372536,170.3,172.21,168.46,171.28,172.404,170.661,171.49,171.77313112331055,171.49432434453263,171.64065000999906,170.767033318238,168.1123040494871,163.37276444817584,-0.14632566546643488,-0.3003330508875341,43.79042690815012,0.11458509453596034,65.06566337747357,61.36975887348332
20241021,5522460,170.975,171.48,168.45,169.54,171.81,170.903,171.2785,171.02875408220703,171.19365906075836,171.48504630555468,170.72680271764003,168.1359023296609,163.4239448261993,-0.2913872447963115,-0.2985438896692896,39.73004694835682,0.1138958193079814,50.81133532430167,57.850284357089436
20241022,7511671,168.57,170.73,168.57,169.7,171.036,171.057,171.1015,170.5858360548047,170.96386535910324,171.35282065329136,170.69313705476657,168.16175518371608,163.476028271625,-0.388955294188122,-0.3166261705730561,43.097014925373145,0.11106863833566355,40.65820722716763,52.11959198044883
20241023,4837810,169.55,170.1656,168.725,169.58,170.476,171.088,170.9675,170.25055736986982,170.75096299616428,171.2215006048994,170.65664075788897,168.18519724679516,163.52668363866547,-0.4705376087351283,-0.34740845820547056,48.12500000000003,0.10704695534887805,32.940741301458104,45.72664175411858
20241024,5861303,169.42,169.96,168.93,169.62,169.944,171.155,170.78799999999998,170.04037157991323,170.57696868906208,171.10287093046242,170.62265253631884,168.20891299478203,163.57725057942343,-0.5259022414003311,-0.3831072148444427,52.80303030303034,0.1064855971785751,28.00232224125099,39.81853524982938
20241025,4877911,168.92,169.4,168.041,168.22,169.332,170.868,170.5215,169.4335810532755,170.21435812151407,170.88932493561336,170.54387704332478,168.20909625106663,163.6157796202581,-0.6749668140992924,-0.44147913469541267,54.28348909657319,0.0916298115487878,19.53748444677029,33.05818498214302
20241028,5754043,169.28,169.66,168.375,169.3,169.28400000000002,170.547,170.32649999999998,169.389054035517,170.07368764128114,170.77159716260496,170.50309418944528,168.22712771799115,163.66295157361697,-0.6979095213238224,-0.49276521202109463,54.42546583850937,0.08682526888830414,20.467207518512534,28.86119249426619
20241029,5681358,168.86,168.86,166.83,167.17,168.778,169.907,170.033,168.64936935701135,169.6269664656994,170.5048121875972,170.39381241274214,168.20965453256983,163.6920557099355,-0.8778457218977849,-0.5697813139964327,42.446043165467565,0.08924522587351724,15.29930622888658,24.340563739139654
20241030,5518085,167.09,167.32,165.96,166.16,168.094,169.285,169.745,167.8195795713409,169.09358700943795,170.18297424777518,170.2549988910129,168.17577594525463,163.7125365754132,-1.089387238337224,-0.673702498864591,40.43865661411929,0.08860564593164777,11.266204152590992,19.982443876956765
20241031,6056514,165.76,167.04,165.09,165.18,167.206,168.575,169.498,166.9397197142273,168.49149670029365,169.8123835627548,170.08860548475016,168.12625898748183,163.7247146951193,-1.3208868624611512,-0.803139371583903,27.997021593447485,0.08754637984754762,7.980286336469131,15.98172469679422
20241101,5455095,165.31,166.35,164.985,165.1,166.582,167.957,169.309,166.32647980948488,167.96972797717154,169.46331811366184,169.92504464918457,168.0762381777714,163.7361278511764,-1.4935901364902975,-0.9412295245651819,19.354838709677452,0.08874981663621717,5.987437772325409,12.650295721971283
20241104,5130338,165.72,166.27,164.58,165.08,165.738,167.51100000000002,169.207,165.9109865396566,167.5251544422221,169.13862788302023,169.76619072626048,168.0267135797917,163.74728031714176,-1.6134734407981455,-1.0756783078117746,11.583710407239849,0.08283557938548283,6.975488448999905,10.75869329764749
20241105,4397441,164.33,166.32,164.33,165.76,165.456,167.11700000000002,169.08700000000002,165.8606576931044,167.25359222034177,168.88835915094467,169.63484021064536,167.98924723962986,163.7639833850493,-1.6347669306028934,-1.1874960323699983,18.59582542694484,0.08755252895079457,13.116873886070863,11.544753493788614
20241106,11473690,165.61,166.04,159.81,161.05,164.43400000000003,166.264,168.67600000000002,164.25710512873627,166.29919341721228,168.3077399545784,169.35337003980453,167.8745489381484,163.74146070135595,-2.0085465373661293,-1.3517061333692246,12.937293729372854,0.1525483541547678,12.940860086483822,12.01012235802035
20241107,9056725,161.96,163.9534,161.475,163.41,164.07999999999998,165.643,168.399,163.97473675249086,165.85470212225655,167.94494440238742,169.15850544833552,167.80075474082363,163.7387099901414,-2.090242280130866,-1.499413362721553,26.16596002422763,0.17835127701882927,20.809981174407135,14.943408630149278
20241108,7506566,164.015,167.75,163.93,167.71,164.602,165.592,168.23,165.21982450166058,166.14013256498632,167.9275411133217,169.11101346642286,167.79925466246291,163.77166675370867,-1.787408548335378,-1.557012399844318,45.20188778185634,0.22485928454915063,42.97092667612408,24.28591464547421
20241111,6364403,167.0,168.52,165.775,166.03,164.792,165.26500000000001,167.906,165.48988300110707,166.12318909344995,167.7869825123349,169.00999663145816,167.77001078374454,163.7904081084497,-1.66379341888495,-1.5783686036524445,41.08790675084993,0.22616042844314835,52.4513410906269,33.67439012719177
20241112,6507823,166.14,167.06,165.57,165.84,164.808,165.132,167.5195,165.60658866740474,166.0796215406115,167.6427615854953,168.90606231567264,167.73810977905455,163.80741716979037,-1.563140044883795,-1.5753228918987148,40.948693126815066,0.21895157223961217,58.044483804007655,41.797754686130396
20241113,5412566,166.06,166.795,165.68,166.58,165.91400000000002,165.174,167.2295,165.93105911160316,166.1566028420559,167.56403850508823,168.82979797745386,167.71896746865696,163.8304261559332,-1.407435663032345,-1.541745446125441,42.883895131086156,0.2183084469417896,64.60523948969819,49.40024962065299
20241114,7444273,166.71,168.04,166.51,167.08,166.648,165.364,166.96949999999998,166.31403940773546,166.29866394327806,167.52818380100763,168.77242755196357,167.70840602289405,163.85739357372628,-1.2295198577295707,-1.479300328446267,47.214076246334336,0.21607770411079877,70.89258598968782,56.56436174366459
20241115,9939416,167.94,170.57,166.88,169.54,167.01399999999998,165.80800000000002,166.8825,167.38935960515698,166.79733102892757,167.67720722315522,168.79759386173527,167.73868030350738,163.90455213328042,-0.8798761942276485,-1.3594155016025433,50.549450549450505,0.22499359922095286,77.40422709101864,63.510983526115936
20241118,6681087,169.11,171.45,168.8301,170.75,167.958,166.375,166.94299999999998,168.50957307010466,167.4054339475541,167.9048215029215,168.86160717774393,167.78845418278826,163.9613608292698,-0.49938755536740587,-1.187409912355516,58.55640535372856,0.2253819794035687,82.93156949252334,69.98451218158507
20241119,5683673,170.69,171.17,169.66,170.76,168.942,166.875,166.996,169.2597153800698,167.92152103254577,168.11631620640878,168.9238495653589,167.83757064257688,164.01778107135056,-0.19479517386301382,-0.9888869646570155,61.54618473895585,0.22587518451801233,86.31528191732133,75.42810209349716
20241120,7081237,170.01,171.07,169.5055,170.89,169.804,167.85899999999998,167.0615,169.8031435867132,168.3782101044618,168.3217742651933,168.98831351403564,167.88802402038553,164.07481193382898,0.05643583926848805,-0.7798224038719148,64.97115888830623,0.1531564444775192,88.39458510800142,79.75026309833191
20241121,6240403,171.66,173.51,170.22,172.75,170.938,168.79299999999998,167.21800000000002,170.7854290578088,169.05079316531382,168.6497909862901,169.11164749718202,167.968387259718,164.14680519578891,0.4010021790237204,-0.5436574872927878,68.34532374100726,0.1488442418452013,89.07246060096824,82.85766226587735
20241122,10609790,174.145,177.4,173.88,176.28,172.286,169.65,167.621,172.61695270520588,170.16297883218863,169.2149916539723,169.3466754480941,168.105769288483,164.24749560910186,0.947987178216323,-0.24532855419096572,72.98850574712645,0.13035066168929063,89.5591551935449,85.09149324176653
20241125,19357010,177.48,178.82,176.904,177.39,173.61399999999998,170.786,168.0255,174.20796847013725,171.27482824262114,169.82054782775214,169.61039100717298,168.25922764735105,164.35656203558236,1.4542804148690038,0.0945932396210282,73.45703912868095,0.10320459668098418,89.4118365927539,86.53160769209565
20241126,6276933,177.2,179.46,177.2,179.31,175.324,172.13299999999998,168.6325,175.90864564675817,172.51100851298713,170.5234702108816,169.92841097415092,168.44188504160974,164.4806569564489,1.98753830210552,0.4731822521179266,91.49999999999997,0.09596029062590969,92.55512400906886,88.53944646442005
20241127,5522912,180.0,180.43,178.725,179.36,177.018,173.411,169.2925,177.0590970978388,173.5646995109891,171.17802797303852,170.23764340122793,168.62234975166578,164.6041369817066,2.3866715379505763,0.8558801092844566,90.50279329608938,0.10153582004784473,92.40452301711603,89.82780531531871
20241129,3823708,178.7,179.63,178.28,179.26,178.32,174.629,169.9965,177.7927313985592,174.44089958622155,171.77669256762826,170.53345837167947,168.7981786813903,164.72576240094557,2.664207018593288,1.217545491146223,87.28211749515802,0.10669347304197155,91.57425072895705,90.40995378653149
20241202,5728297,179.12,180.16,178.01,179.7,179.004,175.64499999999998,170.72650000000002,178.42848759903947,175.2499919575721,172.36360422928541,170.834000720149,168.97837407508635,164.85002993288794,2.886387728286678,1.551313938574314,97.96491228070161,0.10046168748768394,92.15542447944165,90.99177735083487
20241203,8127329,178.77,179.62,175.2,175.42,178.61,176.112,171.2435,177.42565839935966,175.27614704102254,172.590003916005,170.98436135227524,169.08484723087005,164.93774752680588,2.686143125017537,1.7782797758629587,76.1177753544165,0.17367353056528784,79.4835421743579,87.15569895867587
20241204,6823659,174.17,175.15,173.46,175.11,177.77,176.547,171.71099999999998,176.6537722662398,175.2505859577883,172.77667029259723,171.11962819318424,169.18443653283916,165.02216455977845,2.473915665191072,1.9174069537285814,73.81351200446679,0.1745890392792791,68.95376856677731,81.08838882804301
20241205,5022189,174.86,176.459,174.45,176.03,177.10399999999998,177.061,172.46,176.44584817749322,175.37049581043627,173.01765767833078,171.28062399012902,169.29758634221372,165.11351589123257,2.3528381321054894,2.0044931894039633,74.41352973267865,0.1747577392990614,58.25994901104137,73.47890888904246
20241206,5741167,175.37,176.74,173.75,173.82,176.016,177.168,172.98049999999998,175.57056545166216,175.13195799344606,173.07709044289888,171.36388221996086,169.3723369811854,165.18576887138832,2.0548675505471863,2.014568061632608,61.8362831858407,0.18364787847871628,40.561630282827124,62.50648268697068
20241209,7164286,173.635,173.76,170.43,170.79,174.23399999999998,176.619,173.1345,173.97704363444146,174.46396445599282,172.9076763360175,171.34506640947032,169.3957694277774,165.23227701353449,1.556288119975335,1.9229120733011535,50.1005025125628,0.16965223040526206,28.241086855218033,51.08468407638646
20241210,6220088,170.42,172.93,169.93,172.28,173.606,176.108,173.447,173.411362422961,174.12796992430162,172.8611817926088,171.37571996981555,169.44344266037612,165.290764341223,1.2667881316928344,1.7916872849794898,53.55472404115998,0.17337795516665166,26.28770869712946,42.81902561663412
20241211,5237533,173.01,173.39,170.395,170.63,172.70999999999998,175.24,173.6865,172.48424161530733,173.5898207051783,172.69590906723036,171.35127013473962,169.46305517838644,165.3350733508394,0.8939116379479515,1.6121321555731822,49.43231441048037,0.15944266856444278,19.806012380034787,35.14802120443434
20241212,4072810,171.43,171.8177,170.02,170.85,171.674,174.38899999999998,173.9,171.9394944102049,173.16830982745856,172.55917506225035,171.3348350483547,169.48597988618172,165.3808403769735,0.6091347652082106,1.411532677500188,45.531514581373465,0.16034892949602095,16.20172738010787,28.832589929658848
20241213,3884513,170.77,171.7875,170.12,171.06,171.12199999999999,173.569,174.099,171.64632960680328,172.84395446938802,172.4481250576392,171.32582406316274,169.51199674756717,165.42797033235132,0.3958294117488208,1.2083920243499147,35.451505016722436,0.16177608001217134,14.688320489387342,24.117833449568344
20241216,5943680,171.445,172.78,171.0975,171.14,171.19199999999998,172.713,174.179,171.47755307120218,172.5818076279437,172.3512269052215,171.31973147092788,169.53890589223548,165.47537306818245,0.23058072272220898,1.0128297640243735,31.519810762862235,0.15983568972822018,15.714876410448042,21.316847769861575
20241217,6069344,170.67,171.954,170.02,170.33,170.802,172.204,174.15800000000002,171.09503538080148,172.23537568518313,172.2015063937236,171.2872812587663,169.55198182790102,165.51566042861248,0.03386929145952422,0.8170376695114037,21.58227848101265,0.12364993524905679,12.434489315237538,18.356061618320226
20241218,7517081,169.76,170.56,169.02,169.08,170.49200000000002,171.601,174.074,170.42335692053433,171.74993327207804,171.97028369789223,171.21491138142972,169.54418047537374,165.54524001011777,-0.22035042581418907,0.6095600504462851,19.764705882352885,0.12517233900229285,8.548726901004654,15.086950045881702
20241219,8585220,169.01,170.1,167.35,169.19,170.16,170.91699999999997,173.989,170.0122379470229,171.35609738406603,171.7643367573076,171.14852084433366,169.5383262526403,165.57548698098816,-0.408239373241571,0.40600016570871394,20.399764844209187,0.11884076424126926,15.26753400264587,15.147144698136424
20241220,21999340,168.87,169.865,167.5,168.06,169.56,170.341,173.7545,169.36149196468193,170.84900547882512,171.4899414419515,171.04725786583091,169.51389110796856,165.59610534629115,-0.6409359631263669,0.1966129399416978,17.118644067796524,0.11103460123266763,14.096678297569701,14.796989231280849
20241223,6984079,168.06,168.68,166.36,168.11,168.954,170.073,173.346,168.94432797645464,170.42762002054434,171.23957540921435,170.9509543292463,169.4906862962666,165.6169675425875,-0.8119553886700146,-0.005100725780644696,22.865627319970287,0.08227512658759512,17.695556987379355,15.763178483313684
20241224,2460756,167.62,169.18,167.42,168.94,168.676,169.739,172.9235,168.94288531763644,170.19875540199905,171.06923649001328,170.88502140041854,169.48158404343576,165.6445445754291,-0.8704810880142304,-0.17817679822736185,27.948534667619597,0.0717188395946876,25.19267662086967,18.90634452916568
20241226,3629533,168.31,170.3,168.07,170.16,168.892,169.692,172.466,169.34859021175762,170.19279303246074,171.0018856389012,170.86125020696218,169.49279753032113,165.6820172345542,-0.8090926064404584,-0.3043599598699812,29.461161651504483,0.07114188651454388,36.52512813146238,24.77927239659791
20241227,4367879,169.42,170.76,169.26,169.53,168.96,169.56,171.97449999999998,169.40906014117175,170.09082487362062,170.89285707305666,170.81760265919291,169.49341244717533,165.71395070148736,-0.8020321994360415,-0.4038944077831933,33.123524783634906,0.07234380353327204,40.809067767807704,30.122537520334507
20241230,4354543,168.665,168.98,166.71,167.09,168.766,169.163,171.366,168.63604009411452,169.62915950844823,170.61116395653394,170.69538617856364,169.4536866216022,165.72537019774057,-0.9820044480857177,-0.5195164158436982,34.73597359735972,0.096197809474984,31.555943879527565,30.600339640065524
20241231,3957920,167.36,168.08,166.59,167.65,168.674,168.81400000000002,170.7635,168.30736006274302,169.32467343022543,170.39181847827217,170.5955374513976,169.42387361959226,165.7413422292946,-1.06714504804674,-0.6290421422843065,29.311885612153617,0.09924912269477358,30.810023192412306,30.67023415751445
20250102,5401712,168.085,168.7052,165.91,165.98,168.08200000000002,168.379,170.29149999999998,167.53157337516203,168.81010828711382,170.06501710951127,170.44420835463046,169.36695008868992,165.74332279170707,-1.2549088223974536,-0.754215478306936,29.259589652096224,0.10579223915519666,21.021115117965543,27.45386114433148
20250103,5256807,166.25,166.5,164.25,165.13,167.07599999999996,167.98399999999998,169.79250000000002,166.73104891677468,168.24393778140401,169.69946028658453,170.26997201513439,169.29691785581903,165.73823297600828,-1.455522505180511,-0.894476883681651,25.844594594594497,0.10376649131174695,18.51996512216646,24.475895803609806
20250106,8731671,162.81,163.5,160.44,160.6,165.29,167.125,169.02100000000002,164.68736594451647,167.0679473534957,169.02542619128198,169.95292375234308,169.1531671474584,165.69559203844804,-1.957478837786283,-1.1070772745025774,17.636138613861235,0.15754859932461981,12.863439280410704,20.605076962543436
20250107,8447744,161.46,162.61,160.74,161.3,164.132,166.449,168.395,163.558243963011,166.18057083757327,168.45317239933516,169.66922133423347,169.02336273179793,165.65911409622026,-2.2726015617618884,-1.3401821319544398,20.67938021454114,0.16358737027056458,11.353403964718293,17.521185963268387
20250108,4974783,160.99,162.4,160.565,162.1,163.022,165.848,167.9605,163.07216264200733,165.55279070871583,167.98256703642144,169.4210501429471,168.9089269841649,165.62957787965414,-2.4297763277056106,-1.558100971104674,25.462134764460274,0.1681757909071352,12.930693082422007,15.991021669652925
20250110,8501525,160.15,161.21,157.47,158.56,161.53799999999998,164.81,167.27450000000002,161.5681084280049,164.4769767535288,167.28459910779762,169.06495013826031,168.73787033979855,165.57090918355743,-2.8076223542688297,-1.8080052477375053,22.402938090241292,0.18211278525590777,11.354347181609663,14.445463506971837
20250113,6772198,159.35,160.09,158.41,158.84,160.28,163.67800000000003,166.685,160.6587389520033,163.6097495606782,166.65907324796075,168.7297058714321,168.57426917715725,165.51505101605903,-3.0493236872825378,-2.056268935646512,23.088923556942277,0.17357610992601974,11.537129224461482,13.476018746135052
20250114,5982254,158.85,160.07,158.31,159.74,160.108,162.699,166.1295,160.35249263466886,163.01440347442002,166.14654930366737,168.43496141663104,168.42824819902242,165.46712528148592,-3.1321458292473494,-2.2714443143666796,28.105263157894754,0.18333853613738374,14.426205393920906,13.792747628730336
20250115,8059231,160.59,161.15,159.335,159.65,159.778,161.95499999999998,165.55900000000003,160.1183284231126,162.49680293989385,165.66532342932163,168.14692989477427,168.28315318746834,165.4188503828844,-3.1685204894277774,-2.450859549378899,27.783613445378123,0.1789207780322746,16.0852382299547,14.55691116247179
20250116,5774429,159.62,160.58,159.135,160.5,159.458,161.23999999999998,165.02700000000002,160.24555228207507,162.18960248760249,165.28270687900152,167.89621088183085,168.15450602734492,165.3780300477567,-3.093104391399038,-2.579308517782927,27.85939139559288,0.18133465468517534,21.90843124521897,17.00741785672085
20250117,7262739,159.74,161.75,159.6,161.13,159.972,160.75500000000002,164.56699999999998,160.54036818805005,162.02658672027903,164.97509896203846,167.67436790209868,168.03839848970287,165.34277668636454,-2.948512241759431,-2.653149262578228,25.554953979426088,0.18252160313528357,34.8377933011244,22.9508763381887
20250121,13914690,160.96,162.35,160.96,161.72,160.548,160.41400000000002,164.199,160.9335787920334,161.9794195325438,164.733980520406,167.47914272498068,167.9339621510301,165.31271214954825,-2.7545609878621917,-2.673431607635021,28.81172002170375,0.18467673992764908,50.786803834990764,32.22951883712272
20250122,14356690,167.1,168.14,164.44,164.74,161.548,160.82800000000003,163.9765,162.2023858613556,162.40412421984476,164.73442640778333,167.38933476678457,167.88116938820318,165.3079593516267,-2.330302187938571,-2.604805723695731,43.819042609153094,0.1506604810946953,56.56952183188705,40.34285316871083
20250123,7614308,163.88,166.48,163.32,166.15,162.848,161.313,163.881,163.51825724090375,162.9804128014071,164.83928371091048,167.34870084000474,167.85255501815024,165.3149472408248,-1.8588709095033664,-2.4556187608572584,46.22356495468278,0.15320914588900764,64.82954064018966,48.50508232587044
20250124,6199939,165.91,165.91,163.2,164.12,163.572,161.51500000000001,163.68149999999997,163.7188381606025,163.15573390888295,164.7860034360282,167.24284179607014,167.7908598938833,165.30503066621216,-1.6302695271452592,-2.2905489141148587,45.400593471810126,0.16878867890744834,62.92128752072329,53.310484057488054
20250127,9170829,166.72,169.94,166.11,169.66,165.278,162.625,163.71750000000003,165.69922544040168,164.15639023059327,165.14704021854465,167.32209288472356,167.82175477167036,165.34117149055896,-0.9906499879513717,-2.0305691288821612,59.092733841830594,0.18118143909029227,74.47833613448046,60.36643474981885
20250128,6716387,168.91,169.59,166.11,166.19,166.172,163.35999999999999,163.519,165.8628169602678,164.46925327204048,165.22429649865245,167.28497508522443,167.79478361841961,165.34821571055434,-0.7550432266119742,-1.7754639484281238,61.71907756813418,0.22336194564816067,71.41683923696199,64.04990291219988
20250129,4850295,166.72,167.29,165.8805,166.23,166.46999999999997,164.009,163.35399999999998,165.9852113068452,164.74013738403426,165.29879305430782,167.2503857381679,167.76891942637963,165.35553342249995,-0.5586556702735663,-1.5321022927972123,60.62958171625698,0.22415854356217316,69.49924096593392,65.86634893011123
20250130,4136546,167.48,167.6,165.93,167.41,166.722,164.78500000000003,163.37,166.46014087123015,165.15088547879822,165.45517875398872,167.25561899265418,167.76298687387748,165.37258293766592,-0.30429327519050275,-1.2865404892758705,61.26431904963938,0.22320404539583005,71.51013227516162,67.74761004512803
20250131,5464903,166.0,166.62,165.21,165.99,167.096,165.334,163.28699999999998,166.30342724748678,165.27998002052158,165.49479514258215,167.21412328797697,167.7336813057142,165.37770673071435,-0.21481512206057118,-1.0721954158328106,67.31934731934734,0.2318707492728619,66.34454252642551,67.2799208722272
20250203,8668729,165.47,169.38,165.23,168.76,166.916,166.097,163.426,167.12228483165785,165.8153677096721,165.73666216905755,167.2648077703384,167.75064525107433,165.40577555452586,0.07870554061454982,-0.8420152245433385,70.71846282372599,0.24028348972190325,71.72722221840827,68.76235465428755
20250204,6410938,169.29,169.29,166.28,168.13,167.304,166.738,163.57600000000002,167.4581898877719,166.17146498510715,165.91394645283106,167.29317472868794,167.75691557750287,165.42838322627253,0.25751853227609445,-0.622108473179452,67.7228559357837,0.2435951519360571,72.19994834342944,69.90821921733485
20250205,7537232,168.09,169.14,166.61,169.01,167.85999999999999,167.165,163.9965,167.97545992518127,166.60816267970606,166.14328375262136,167.34946408184572,167.77762771671772,165.45810618705036,0.4648789270846976,-0.40471099312662207,69.13327882256746,0.2314222184333179,76.86722570076302,72.22788804514423
20250206,4957889,169.37,169.93,168.03,168.88,168.154,167.43800000000002,164.37550000000002,168.2769732834542,166.95767611359744,166.3460034746494,167.39964558735898,167.79584874619346,165.486503646079,0.6116726389480505,-0.20143426671168757,67.64953664700928,0.22961188684087905,77.10810113666085,73.85462574231643
20250207,4535617,169.09,169.12,167.87,167.97,168.55,167.823,164.66899999999998,168.17464885563615,167.11341824996705,166.46629951356425,167.41834573203573,167.79872727931422,165.50711357432732,0.6471187364028026,-0.03172366608878954,64.2381348875937,0.22127684308894444,70.89692618150265,72.86872588871182
20250210,7063167,167.69,168.48,166.4,167.53,168.304,167.61,165.1175,167.95976590375744,167.1775077499721,166.54509214218913,167.42200652770669,167.79428550610243,165.52390101354453,0.6324156077829741,0.10110418868556319,62.17008797653963,0.14938351268097663,63.6487982452955,69.79541667423972
20250211,5438081,167.69,169.57,166.5,169.43,168.564,167.934,165.647,168.44984393583832,167.52404501920716,166.7587890205455,167.48784237925727,167.82132210930735,165.55631677276824,0.7652559986616723,0.23393455068078503,60.30769230769233,0.11925590442707083,72.23479205053599,70.6085417996718
