Date,Volume,Open,High,Low,Close
20150223,1424028,96.5833,96.8333,96.055,96.52
20150224,1300521,96.55,97.09,96.1133,96.8733
20150225,1322322,96.82,96.97,95.8533,95.9167
20150226,1677273,95.6733,96.5767,95.4533,95.90
20150227,1580739,95.9367,96.1033,95.02,95.0667
20150302,2096106,95.52,96.9967,95.1133,96.9633
20150303,1853781,96.25,96.64,94.4067,95.31
20150304,2089623,94.9567,96.15,94.24,95.3033
20150305,2069340,95.4767,96.59,95.3733,96.39
20150306,1727262,95.93,96.4033,95.1433,95.48
20150309,1731048,95.64,96.1333,94.94,95.2467
20150310,1729668,94.45,94.8067,93.8067,93.82
20150311,1663242,94.0433,94.2933,93.64,93.65
20150312,1545894,94.0367,95.4133,93.68,95.0767
20150313,1715187,94.9167,95.38,94.5933,95.08
20150316,1801299,95.2767,96.21,95.1167,96.0467
20150317,1706427,95.5533,95.8467,95.1267,95.35
20150318,3720516,95.0967,95.3467,91.9467,94.2667
20150319,2563368,94.38,95.2567,94.12,94.83
20150320,6448990,95.50,96.6667,94.93,96.6667
20150323,2347926,95.9667,96.5333,95.6167,95.9533
20150324,2785629,95.7033,96.0833,95.1934,95.2867
20150325,2284407,95.61,95.9483,93.7333,93.7833
20150326,2126661,93.58,93.65,92.76,93.1067
20150327,1455801,93.4633,94.0367,92.92,93.8933
20150330,1311336,94.7633,95.0133,94.2433,94.7467
20150331,1859775,93.99,95.3167,93.9833,94.8333
20150401,2074485,95.0433,95.29,94.1567,95.2733
20150402,2120328,95.40,95.7433,94.39,94.7833
20150406,1470030,94.4367,95.7167,94.19,95.6267
20150407,1454655,95.6267,96.3333,95.1833,95.8667
20150408,1637115,96.1667,96.8833,95.98,96.8833
20150409,1893378,96.82,97.4733,96.5633,97.0167
20150410,1588851,97.2667,97.4867,96.6333,96.8833
20150413,2232354,97.1767,97.5033,96.4233,96.60
20150414,1535388,96.8167,97.13,96.2067,96.73
20150415,1931769,97.12,97.4367,95.80,96.2433
20150416,3993894,95.33,95.95,93.3333,94.6033
20150417,2821164,93.98,94.895,93.6302,94.0467
20150420,1776138,94.5067,95.0033,93.6333,93.97
20150421,1691952,94.4367,94.6733,93.6567,94.14
20150422,1586919,94.30,94.30,93.25,93.88
20150423,2113257,93.75,94.5467,93.36,94.12
20150424,2154858,94.24,94.78,93.7267,94.2067
20150427,2047308,94.3133,94.92,94.0133,94.3033
20150428,2261337,94.1033,94.36,93.39,93.96
20150429,2927709,93.7133,93.94,92.3893,93.0667
20150430,3176832,92.6833,93.7233,92.4367,92.6667
20150501,1582212,93.1933,94.4167,92.7333,94.0533
20150504,1641564,94.08,94.6967,93.23,93.3467
20150505,2159367,93.5267,93.6967,91.3767,91.6433
20150506,1884261,92.06,92.73,91.3407,92.63
20150507,1845051,92.8833,93.98,92.4936,93.80
20150508,2354400,94.8767,96.1567,94.5957,95.7333
20150511,1621671,95.6667,96.2567,95.315,95.65
20150512,2206359,95.38,96.6133,94.8467,96.2367
20150513,2275650,95.97,96.5167,95.0133,95.9767
20150514,1435434,96.32,97.2467,96.0567,97.10
20150515,1988730,97.25,97.41,96.5667,97.0733
20150518,1119864,96.9467,97.33,96.4933,97.0167
20150519,2014992,97.2467,98.1167,97.0333,97.48
20150520,1809132,97.5067,97.6442,95.85,95.89
20150521,1189440,96.15,96.2433,95.6867,95.8167
20150522,1571601,95.66,96.01,95.5033,95.5033
20150526,2092023,95.44,95.7525,94.8767,95.4633
20150527,2013741,95.65,96.9733,95.42,96.58
20150528,1454964,96.1967,96.7567,96.16,96.6367
20150529,1780839,96.59,96.6633,95.6933,96.06
20150601,1558482,96.3067,96.3067,95.41,96.08
20150602,1142202,95.8567,96.40,95.25,95.5067
20150603,985662,95.56,95.90,95.4033,95.7533
20150604,1188318,95.28,95.4567,93.9233,94.07
20150605,1826496,94.3367,94.3367,92.8067,93.46
20150608,1298211,93.21,93.4067,92.6967,92.7667
20150609,1055406,92.8867,93.2167,92.2967,92.7233
20150610,2219547,93.0433,94.28,92.5233,94.1633
20150611,1126509,94.4967,94.9383,94.1767,94.2567
20150612,1008378,94.00,94.4967,93.4167,93.6367
20150615,1173825,93.11,93.5233,92.6967,92.9533
20150616,986361,93.0267,93.09,92.4933,93.0367
20150617,1764924,93.45,93.8633,92.87,93.41
20150618,1420743,93.8467,94.6317,93.7823,94.5033
20150619,5271136,94.8833,94.9067,93.9567,93.9967
20150622,1657128,94.3967,95.1567,94.1934,95.06
20150623,1247268,95.3333,95.43,94.5183,94.84
20150624,1251312,94.7167,94.7167,93.9933,93.9933
20150625,1198581,94.1967,94.6767,93.9067,94.20
20150626,1584159,94.2833,94.79,93.8334,94.3633
20150629,2308953,93.21,93.93,92.0833,92.09
20150630,1514382,92.5733,92.97,91.6667,91.6733
20150701,1792176,92.0533,93.7167,91.7733,93.6033
20150702,1523343,94.09,94.13,92.46,92.5567
20150706,1768674,91.6667,93.7233,91.6667,93.32
20150707,2096769,93.6533,94.6567,93.205,94.5433
20150708,2502546,94.0467,94.7033,93.6467,93.6467
20150709,1963506,94.8067,95.00,92.38,92.47
20150710,2049954,92.8333,93.3333,92.2367,92.7367
20150713,1614618,93.52,94.1567,93.1467,94.0267
20150714,1696404,93.7767,94.8867,93.6867,94.76
20150715,2908119,94.6667,95.3133,94.0033,94.0533
20150716,21493940,85.3567,88.8967,83.4233,87.0767
20150717,6581614,87.08,89.6667,86.5633,88.67
20150720,3331494,88.67,90.01,88.3333,89.2067
20150721,2945220,89.6567,90.17,88.7933,88.9967
20150722,3859545,89.00,91.5533,89.00,91.23
20150723,2211609,91.1467,91.1467,89.85,90.16
20150724,2082312,90.1533,90.4133,88.5467,89.04
20150727,1694958,88.68,89.04,88.1833,88.68
20150728,2419863,88.4967,91.32,88.4967,91.28
20150729,2845134,91.41,93.5033,91.05,92.9333
20150730,1750392,92.7333,93.00,91.9333,92.64
20150731,2350203,93.1533,93.2967,92.4933,92.5867
20150803,1899192,92.7733,93.0633,92.0633,92.7367
20150804,1191051,92.7433,93.2433,92.3467,92.5067
20150805,2694774,93.3333,93.3333,91.30,91.5567
20150806,2184192,91.2833,91.83,90.1433,90.5733
20150807,2123076,90.4133,90.4267,89.18,89.78
20150810,1521309,90.6467,91.4073,90.1133,91.1633
20150811,1953534,90.27,90.65,89.65,90.34
20150812,2214519,89.90,91.333,89.1567,91.0567
20150813,1662498,91.2133,92.9367,90.55,92.0033
20150814,1706571,91.8633,93.7333,91.56,93.1233
20150817,2374212,93.12,95.4967,92.8267,94.8967
20150818,2155632,95.00,96.1533,94.3867,95.0233
20150819,2163075,94.6233,95.05,93.9013,93.9733
20150820,3514458,93.1567,93.2733,89.52,89.64
20150821,4901598,88.67,88.875,86.0767,87.1167
20150824,4631406,83.8733,88.5867,83.5733,84.7733
20150825,3769746,87.5167,87.77,82.8333,82.8833
20150826,2906871,84.5833,85.3667,83.0333,85.1833
20150827,2014008,86.15,87.47,85.1033,86.4567
20150828,1495254,86.1467,86.6367,85.38,86.0367
20150831,1839834,85.61,86.5567,85.0367,85.27
20150901,1983543,83.9367,84.4833,82.53,82.8433
20150902,2019342,83.7933,84.7067,83.0933,84.7067
20150903,1674189,85.00,86.16,84.84,85.29
20150904,1515396,84.46,85.39,84.0133,84.62
20150908,1386423,86.0167,87.2233,85.4867,87.21
20150909,1787322,88.1967,88.3333,85.66,85.76
20150910,1950561,85.4333,86.3067,84.97,85.22
20150911,1613322,85.00,85.4567,84.5717,85.22
20150914,2466144,85.4967,85.6867,83.7067,83.9833
20150915,2891841,84.5667,84.84,83.4033,83.5567
20150916,3252036,83.5567,84.9967,82.9167,83.5433
20150917,3008511,83.5433,85.8933,82.9333,84.39
20150918,2832189,82.80,83.58,81.9867,82.2167
20150921,3433905,82.88,83.1733,81.1767,81.4233
20150922,5756935,80.61,80.64,78.5833,79.0833
20150923,4986756,78.32,79.3267,77.4467,77.54
20150924,6755347,76.99,76.99,74.9433,75.9333
20150925,4137606,76.6067,77.57,75.5967,75.83
20150928,4234671,76.7167,76.7167,73.2233,73.52
20150929,4827516,73.42,74.4267,72.7567,72.98
20150930,7592281,73.9833,75.0567,73.7647,74.26
20151001,6678790,74.2533,77.6633,73.4767,77.3067
20151002,4762383,76.5233,79.0633,75.7667,79.00
20151005,3445458,79.6133,80.7433,79.6133,80.39
20151006,3625257,80.25,80.71,78.5333,78.8933
20151007,2515938,77.5867,80.3533,77.50,79.7067
20151008,2202381,79.70,81.6067,79.2367,81.4033
20151009,2049684,81.3067,82.0033,80.3767,80.9533
20151012,1404573,80.67,81.39,80.4533,81.2567
20151013,2439141,80.62,81.6633,80.3333,81.6333
20151014,2249382,81.17,81.7433,80.7667,80.8367
20151015,5329168,80.2633,80.40,78.60,78.6933
20151016,3411534,78.8233,81.1567,78.5433,81.0567
20151019,2618601,80.69,81.3687,79.6433,80.9567
20151020,2435487,80.92,81.24,79.48,79.8667
20151021,2698044,80.1833,80.65,78.7517,79.4533
20151022,3038148,80.2567,82.4767,79.5533,82.31
20151023,1850322,83.0867,83.31,81.17,81.9233
20151026,1983864,82.2967,82.5733,81.1133,82.4133
20151027,3067656,81.6667,81.6667,80.0967,80.6367
20151028,4003188,80.7767,82.4367,80.415,82.2533
20151029,6517537,86.6567,87.2833,83.00,86.0367
20151030,5587444,86.84,89.9533,86.0133,88.9433
20151102,3035118,89.4733,90.24,88.4733,89.9433
20151103,2337099,89.8567,90.18,89.0983,89.9967
20151104,2483034,90.42,90.7367,89.3467,90.2333
20151105,3049131,90.4967,90.73,89.1767,89.37
20151106,2045541,89.1933,89.64,88.2833,89.0767
20151109,1581384,89.1733,89.2333,87.86,88.8533
20151110,1335996,88.4133,88.8352,87.6833,88.19
20151111,1550076,88.2933,89.2133,87.5933,88.7067
20151112,1529685,88.1367,88.4167,87.1117,87.3633
20151113,2158137,87.4333,88.3233,86.5067,87.5433
20151116,2131428,87.5433,89.1733,86.76,88.97
20151117,2978487,89.1133,91.0567,89.0033,89.91
20151118,1926426,89.48,91.00,89.3967,90.87
20151119,1660656,91.00,91.6667,90.7333,90.94
20151120,2302404,90.8733,91.9767,90.6667,91.4267
20151123,1927908,91.4267,93.1533,91.4267,91.8133
20151124,1947153,90.8533,92.8433,90.4667,92.1067
20151125,1275195,92.4967,92.55,91.7033,91.9267
20151127,602601,92.06,92.8233,91.73,92.2767
20151130,2588430,92.2433,92.2567,91.23,92.0233
20151201,1952910,92.3567,94.00,92.2033,92.52
20151202,2072409,92.5867,92.5867,90.70,91.07
20151203,3088722,91.4033,91.45,88.2233,88.67
20151204,2109384,89.28,90.8533,89.2567,90.8067
20151207,1393326,90.35,91.3067,89.3733,90.20
20151208,1489410,89.35,91.11,89.34,90.2867
20151209,1341111,89.89,91.2767,88.99,89.2367
20151210,1493385,89.74,89.9967,88.6667,88.8467
20151211,2159916,88.0233,88.2933,87.10,87.2933
20151214,1469211,87.38,87.8633,86.7367,87.78
20151215,1853730,88.7167,88.9467,87.5733,87.7967
20151216,1983492,88.7267,90.0767,88.3667,89.84
20151217,1712346,90.1633,90.3333,87.6933,87.7333
20151218,2311269,87.0067,87.25,85.3633,85.41
20151221,2479536,86.0467,87.11,84.8967,87.03
20151222,1143993,87.35,87.6467,86.58,87.2833
20151223,1353297,87.9267,89.4367,87.75,89.05
20151224,340794,88.7733,89.4783,88.2767,88.39
20151228,913254,87.75,88.58,87.75,88.0767
20151229,1276251,88.67,88.7933,87.97,88.2967
20151230,1587300,87.9833,88.7967,87.2333,87.4833
20151231,1855554,87.1367,87.8333,86.53,86.5333
20160104,3405027,85.77,86.6783,83.7033,84.9167
20160105,2272059,85.5233,86.22,84.9467,85.26
20160106,2370768,83.6733,84.1067,82.1733,82.7933
20160107,2642361,81.21,83.03,80.1867,80.5233
20160108,3164364,81.1333,81.59,80.3433,80.59
20160111,2174814,80.8333,81.2983,79.8467,80.6567
20160112,3054987,81.2833,82.3067,81.02,82.14
20160113,1758129,82.61,82.61,80.1433,80.3867
20160114,2503740,81.22,82.17,80.34,81.08
20160115,2650287,79.4933,81.1767,79.0867,80.70
20160119,3081426,81.1633,81.32,78.68,79.7833
20160120,6558922,80.00,81.9233,78.32,81.79
20160121,4894503,81.73,83.2933,79.9633,81.99
20160122,2888787,82.81,84.70,82.3567,83.3367
20160125,2596659,82.80,83.2267,81.3133,81.38
20160126,2197611,81.9367,83.4667,81.5267,83.14
20160127,4251435,83.14,85.03,82.4267,84.0833
20160128,5981452,81.1167,86.09,81.1167,83.22
20160129,4042359,83.4867,86.52,83.4867,85.2233
20160201,2338035,83.33,85.6133,81.9367,84.95
20160202,1938702,84.4533,85.0333,82.7033,82.9833
20160203,2373531,82.8733,85.63,81.8467,85.62
20160204,2475561,85.55,86.87,84.6267,86.7533
20160205,3181086,86.5167,86.94,84.4733,85.3733
20160208,2997255,84.4267,85.0767,80.30,82.21
20160209,2452329,82.0633,84.7533,81.9233,84.1433
20160210,1930206,84.6667,86.1067,83.99,84.2367
20160211,2197230,82.5867,83.3667,81.5733,82.6267
20160212,2001294,83.6267,85.66,82.9133,85.55
20160216,1739727,86.3533,86.79,84.8867,86.3133
20160217,2067735,87.2567,87.8567,85.8668,86.3833
20160218,2021574,86.3567,86.4667,84.7833,84.9267
20160219,1744611,84.82,85.5367,84.2567,85.17
20160222,1734870,85.8933,86.58,85.5967,85.9333
20160223,1686708,86.0633,86.5367,84.5067,84.9033
20160224,1900578,84.2567,86.64,83.9267,86.57
20160225,2423862,86.7867,88.5367,85.83,88.4867
20160226,4752873,88.96,92.4667,88.6667,91.01
20160229,3590280,90.80,92.27,90.06,90.1667
20160301,3399564,90.6467,94.6567,90.6467,93.72
20160302,2703624,92.7833,93.28,90.879,91.23
20160303,2745135,92.0567,92.4317,90.1183,90.6633
20160304,2150880,91.0667,92.5333,90.11,92.27
20160307,1884066,91.7167,92.7767,91.175,92.0933
20160308,2430993,91.3033,92.9167,90.75,92.0633
20160309,2309127,92.37,93.00,91.2967,91.7367
20160310,2690292,92.81,94.5667,92.1733,93.20
20160311,3137589,94.32,95.6567,94.0833,94.9433
20160314,1876371,94.7567,95.3767,94.3467,94.5633
20160315,1710375,93.8733,94.96,93.6767,94.2467
20160316,2039475,94.7733,95.7333,94.2467,95.67
20160317,2473446,95.34,95.9633,94.7867,95.6967
20160318,2737677,95.7967,96.33,95.17,96.23
20160321,13573747,95.78,96.0967,90.18,91.0967
20160322,5370118,91.0467,96.6333,90.9867,94.00
20160323,3564414,93.91,95.1267,93.3333,94.33
20160324,1872570,93.8867,94.3967,93.2833,93.7833
20160328,1580415,94.34,94.9767,93.9133,94.6433
20160329,1847649,94.1467,95.37,93.8118,95.20
20160330,1823589,95.7167,95.7833,94.1933,94.81
20160331,2161599,94.6633,95.1633,93.8767,94.89
20160401,1963953,94.2367,96.0367,93.85,95.8833
20160404,1368783,96.0067,96.4467,94.5267,95.71
20160405,1823073,94.61,96.4767,94.6067,95.7467
20160406,2206212,95.4033,96.96,95.1317,96.9233
20160407,3825648,96.5933,97.7517,96.27,97.5767
20160408,3042033,98.1333,99.0833,98.00,98.9933
20160411,2356464,98.98,99.5833,98.02,98.2367
20160412,2214618,98.1733,99.5367,98.0867,99.22
20160413,2873376,99.5167,99.9967,98.79,99.0267
20160414,2327916,98.89,99.1267,97.58,98.1667
20160415,1454016,98.3233,99.2033,98.2233,98.81
20160418,1627395,98.6667,99.14,97.8367,98.9233
20160419,1716105,99.2067,99.44,98.7533,99.4333
20160420,2719017,99.5967,100.5333,98.6312,100.0067
20160421,5534032,101.00,103.00,97.5433,99.1233
20160422,2179536,99.3867,100.00,97.92,99.70
20160425,2081937,99.29,100.1067,99.05,99.75
20160426,3489756,99.9667,100.29,99.66,100.04
20160427,2376315,100.0933,100.1533,98.8367,99.5933
20160428,3502515,98.8867,99.4667,96.37,96.5367
20160429,2243451,96.46,96.59,95.1667,95.77
20160502,2368263,95.11,96.69,94.2433,96.5033
20160503,1729653,96.0833,96.3367,95.2767,96.3333
20160504,1551252,95.9933,96.4767,95.5333,96.3333
20160505,1527918,96.6667,97.08,95.8233,96.2933
20160506,1201083,96.2067,96.8267,96.03,96.8267
20160509,1607208,96.2633,97.50,96.2633,97.2667
20160510,2351034,97.59,98.86,97.59,98.6667
20160511,1866486,98.8033,98.8033,97.5533,98.00
20160512,2240550,98.9567,99.2733,98.00,98.7267
20160513,2073045,98.5567,99.30,97.6033,97.7233
20160516,1316328,98.1667,99.33,98.04,99.2267
20160517,1952844,98.7067,99.3967,97.3633,97.56
20160518,1556463,97.2933,97.9133,96.6567,97.0767
20160519,1419846,97.0133,97.3233,95.8217,96.1133
20160520,1099962,96.6667,97.25,96.3233,96.5367
20160523,2098089,96.89,97.66,96.3667,97.5733
20160524,2063190,96.9233,97.9867,95.7687,97.3067
20160525,1756137,97.6733,98.0967,97.0233,97.0833
20160526,1931829,97.0567,97.7167,96.14,96.14
20160527,1394343,96.2933,97.4567,96.2133,97.2633
20160531,1727151,97.41,98.00,96.5967,97.03
20160601,1047426,96.88,97.2133,96.46,97.1133
20160602,1603389,97.0767,97.3467,96.4358,97.3433
20160603,1372014,96.9867,97.3733,96.0667,97.00
20160606,2218701,97.1767,98.4333,97.00,97.8233
20160607,1756167,97.8933,98.3166,97.7067,97.9433
20160608,2028906,98.00,98.66,97.70,98.4333
20160609,1359801,97.7533,98.2214,96.9267,97.6767
20160610,1695237,97.23,98.0267,96.7567,97.35
20160613,1904055,97.23,97.66,96.6167,97.15
20160614,2055861,96.79,97.4267,96.3567,97.3833
20160615,2357043,97.7667,97.9933,96.91,96.9733
20160616,1538796,96.7933,96.9667,95.7967,96.8467
20160617,2236233,96.6433,96.8867,95.565,96.1033
20160620,1625778,97.07,97.6667,96.4367,96.52
20160621,1407624,96.8733,96.99,95.75,95.8333
20160622,1638045,95.8333,96.7567,95.83,96.64
20160623,3021348,97.58,97.75,96.2867,96.31
20160624,5037274,94.0733,95.83,93.8633,94.5833
20160627,2813319,93.8367,94.54,92.9133,93.44
20160628,3028725,94.23,96.91,94.2117,96.6867
20160629,1894512,97.4433,97.6567,95.97,96.8033
20160630,1877499,97.15,98.06,96.3233,97.89
20160701,1322400,98.0733,98.39,97.4833,97.9333
20160705,1584810,97.4667,98.46,97.1967,98.22
20160706,3020217,97.6033,100.16,97.4067,99.93
20160707,2212044,99.84,101.0767,99.84,100.70
20160708,1875606,101.3933,102.6533,101.2333,102.1733
20160711,1625595,101.64,103.0633,101.00,102.3967
20160712,1747848,102.7367,103.2167,101.8767,101.8933
20160713,1015323,101.98,102.805,101.9467,102.2967
20160714,1358913,102.85,102.85,101.77,102.0833
20160715,1538637,101.9867,102.9067,101.7034,101.9667
20160718,1225791,101.5767,102.6133,101.3833,102.4167
20160719,1455504,102.6733,103.0533,102.10,103.00
20160720,2864265,103.3333,104.16,102.85,104.0333
20160721,10397263,99.4667,100.00,95.0833,96.8767
20160722,3504519,97.18,98.46,97.18,97.86
20160725,2053977,98.16,98.44,97.7633,98.3967
20160726,1818951,98.5133,98.6633,97.0967,97.6333
20160727,2060418,97.8467,98.1267,96.8633,97.4333
20160728,1834380,97.4333,99.4167,96.9533,99.2967
20160729,2472450,99.35,99.91,99.0133,99.91
20160801,1537038,98.6667,99.9467,98.6667,99.12
20160802,2208096,99.3467,100.6433,99.09,100.5767
20160803,1577184,100.8933,100.9633,99.7367,100.5033
20160804,1188399,100.74,100.8933,99.76,100.01
20160805,1418847,100.29,100.44,99.4967,100.1267
20160808,1812696,100.2767,100.5133,98.8767,99.19
20160809,2034807,99.3233,99.62,98.43,98.43
20160810,1210353,98.7367,98.9033,98.3767,98.82
20160811,1596102,99.3733,99.5433,98.5867,98.9133
20160812,1259415,98.4333,98.6967,97.9067,98.6033
20160815,1019469,99.0733,99.2667,98.6133,98.7767
20160816,1747197,98.8333,99.217,97.1333,97.1767
20160817,3317628,96.7433,96.85,95.6067,95.8833
20160818,1366044,95.8467,96.6067,95.8267,96.1933
20160819,2831229,95.8867,96.035,95.1033,95.9233
20160822,3432204,95.6867,96.74,95.5267,95.9633
20160823,2165664,96.5133,97.6567,95.9667,97.0433
20160824,1432839,96.5967,96.84,95.4167,95.6033
20160825,1918002,95.3867,95.89,95.2667,95.5033
20160826,1618332,95.5667,96.3833,94.97,95.2733
20160829,2464485,95.2967,95.9917,94.96,95.56
20160830,1935168,95.3833,96.2033,95.29,95.57
20160831,1508067,95.67,95.7367,94.4733,94.57
20160901,3057297,94.4567,95.4233,94.2333,95.09
20160902,1274994,95.1833,95.7867,94.8767,95.4767
20160906,1111320,95.7933,95.7933,94.6967,95.0433
20160907,2036760,94.8633,95.70,94.3133,95.4967
20160908,1806840,95.0633,95.3633,94.3067,94.45
20160909,3444864,93.6833,93.8467,91.4633,91.4633
20160912,2965491,91.13,93.35,91.0933,93.1167
20160913,3030267,92.92,93.15,91.2117,91.25
20160914,2094915,91.6133,92.3867,91.4767,91.87
20160915,2088651,92.08,92.6667,91.6667,92.2467
20160916,2888475,92.0633,92.2067,90.5633,91.3267
20160919,2578812,90.8333,91.8067,90.60,91.1767
20160920,2383188,91.6667,92.3683,91.5033,91.7233
20160921,1745283,91.67,92.8267,91.05,92.7933
20160922,1646820,93.1167,93.5667,92.7383,93.2067
20160923,2288379,93.38,94.6433,93.2667,94.3333
20160926,1623015,94.0467,94.3133,93.3867,93.4367
20160927,1290639,93.28,94.2533,92.8333,94.1267
20160928,1976058,94.6067,94.6067,93.5433,93.9733
20160929,2199525,93.9233,94.1667,92.0867,92.4333
20160930,2174295,92.91,93.2333,91.63,92.22
20161003,1828608,91.9733,92.13,91.6433,91.9467
20161004,2788302,92.0133,92.24,90.3333,90.3333
20161005,2238006,90.62,91.0067,90.2067,90.6967
20161006,2494203,90.5667,91.57,90.17,91.3567
20161007,7022143,90.3933,90.3933,87.13,89.58
20161010,2233911,90.51,91.6567,90.00,90.2467
20161011,3751902,89.88,90.0133,88.5333,89.1367
20161012,1564041,89.16,89.8933,88.83,89.6767
20161013,1852257,89.06,90.1733,88.69,89.82
20161014,1604061,90.3667,90.41,89.46,89.4667
20161017,1523865,89.4933,90.1433,89.44,89.8633
20161018,1257735,90.4367,90.5133,89.5667,90.2833
20161019,1886355,90.2533,90.7167,89.6733,90.50
20161020,2872458,90.8533,92.4067,90.7517,91.9433
20161021,2206242,91.2133,92.5433,90.9933,92.38
20161024,2769468,92.8433,93.0233,92.0733,92.6267
20161025,18011027,85.1833,86.00,82.2267,82.5367
20161026,4842519,82.5133,83.9733,82.3333,83.0767
20161027,3521283,83.0967,83.3467,82.0433,82.5333
20161028,5139745,82.37,82.9033,80.58,81.5767
20161031,2893512,82.0933,82.47,81.2533,81.62
20161101,4025976,81.95,81.95,79.8267,80.21
20161102,2793852,80.3167,81.24,80.1333,80.8267
20161103,2035686,81.3167,81.6833,80.4267,80.5067
20161104,2447814,80.9267,81.8233,80.8333,80.8467
20161107,3017898,82.1567,82.8933,81.6967,82.6567
20161108,3805803,82.9333,84.3633,82.8367,84.0633
20161109,4071582,83.2333,86.0317,82.70,85.9133
20161110,6203071,86.07,89.6933,86.0552,88.3367
20161111,2965353,87.97,88.45,86.8533,87.2533
20161114,3859581,87.48,87.8767,87.08,87.7933
20161115,3159876,88.2067,88.8767,87.55,88.5767
20161116,2252835,88.0967,88.26,87.2533,87.3267
20161117,2542380,87.7533,88.1867,87.3567,87.57
20161118,2429799,87.57,88.11,86.6667,86.7633
20161121,2622579,86.7467,88.7667,86.6838,88.7133
20161122,3323970,88.6633,89.9833,88.5641,89.5933
20161123,2383788,89.4033,91.0033,89.4033,90.8033
20161125,1131615,90.6867,91.6667,90.59,91.6567
20161128,3076983,91.2333,91.72,90.98,91.34
20161129,2514438,91.4467,92.4967,90.8537,92.1067
20161130,3554796,92.2133,92.3367,89.4867,89.5567
20161201,3781689,89.3867,89.8183,88.00,88.6267
20161202,3198480,88.6233,88.6266,87.2167,88.3533
20161205,2540739,88.2267,88.8433,87.6867,88.80
20161206,1866717,89.0133,89.49,88.41,88.82
20161207,2368554,88.6067,89.9267,87.9633,89.9267
20161208,2475123,89.56,90.6667,89.2033,90.4533
20161209,2104413,90.3633,91.14,90.1433,90.3067
20161212,2570772,90.43,90.43,88.8533,90.2533
20161213,2291457,90.81,90.8633,89.7567,89.8633
20161214,2815407,89.8867,90.08,88.5233,88.83
20161215,2857740,88.8467,89.7267,88.8267,89.24
20161216,3884676,89.1067,90.9533,89.0133,90.5867
20161219,2686185,90.6067,90.7567,88.86,89.6267
20161220,2418693,89.3233,89.47,88.38,88.73
20161221,2336661,88.98,90.5433,88.5067,90.4033
20161222,1252983,90.8033,90.9133,89.7067,90.07
20161223,1430133,90.24,90.82,89.4317,90.7667
20161227,1166100,90.71,91.06,90.19,90.7933
20161228,1410330,91.0933,91.1633,90.0683,90.10
20161229,1094028,90.00,90.5867,89.57,90.3767
20161230,1760934,90.81,90.81,89.35,89.58
20170103,2671017,90.24,91.54,90.0967,91.5133
20170104,1897884,91.6933,92.51,91.5767,92.1333
20170105,2495688,91.21,92.43,90.66,92.06
20170106,2330970,91.9933,93.4467,91.8867,92.9967
20170109,2013699,92.9933,93.16,92.41,92.92
20170110,2632038,92.4867,93.0733,92.0467,92.96
20170111,2523261,92.5367,94.7733,92.5367,94.5867
20170112,1949505,93.98,94.7433,93.3867,94.5133
20170113,1740363,94.5867,95.1067,93.60,95.0333
20170117,2220162,94.8567,95.24,94.1533,94.7867
20170118,2363358,94.9067,95.7867,94.39,95.6533
20170119,3458862,95.62,95.9967,93.8167,94.3633
20170120,2747832,94.7633,94.9733,93.93,94.54
20170123,3195591,94.5433,95.0433,94.3267,94.6667
20170124,4618632,94.8033,95.30,93.5133,93.59
20170125,7054894,94.1533,94.4733,93.38,94.4733
20170126,9041152,100.52,102.9767,99.50,101.6667
20170127,4504155,101.6067,103.3333,101.20,101.7333
20170130,3495462,101.55,102.25,100.77,101.61
20170131,2738079,100.92,101.63,100.0583,101.27
20170201,2311515,100.7333,102.1933,100.5633,102.06
20170202,2213712,102.2467,102.4533,101.19,101.2867
20170203,1762956,102.2467,102.2467,101.00,101.3333
20170206,1756665,101.1633,101.5533,100.5833,100.6567
20170207,1432041,100.94,101.3267,100.5033,100.6833
20170208,1294896,100.74,101.82,100.67,101.7867
20170209,1576239,101.92,102.3233,101.70,102.1633
20170210,1220412,102.2133,102.57,101.7517,102.1567
20170213,2231805,102.3333,103.2267,102.00,103.2067
20170214,2446929,102.81,103.3333,102.2733,103.30
20170215,1707381,103.0733,103.3667,102.44,103.3033
20170216,1766574,103.3067,104.1467,102.7783,103.7233
20170217,1423368,103.75,104.0567,103.5233,103.7833
20170221,1749462,103.78,104.58,103.5067,104.1733
20170222,1226832,103.95,104.4433,103.63,104.1533
20170223,1095540,103.89,104.1133,103.2967,103.40
20170224,1464267,102.9233,104.2167,102.9233,104.2167
20170227,1048341,104.33,104.4533,103.2083,103.40
20170228,1836768,103.09,103.4267,102.50,102.8467
20170301,2514747,103.9933,105.5533,103.6433,105.12
20170302,1306887,104.8467,104.90,104.1067,104.3233
20170303,1160583,104.2733,104.5333,103.5067,103.9767
20170306,1225170,103.73,104.2633,103.4583,103.77
20170307,1258707,103.51,103.975,103.46,103.5267
20170308,2045394,103.3333,105.1633,103.1433,103.6667
20170309,1645194,103.5433,103.92,103.29,103.4033
20170310,1196616,103.8333,104.4333,103.5533,103.9667
20170313,961446,103.83,104.1433,103.39,103.9633
20170314,1288254,103.4233,103.7533,102.7533,103.38
20170315,1745397,103.5033,104.38,103.205,104.20
20170316,1344759,104.2533,104.5767,103.4567,103.7767
20170317,2218122,104.2233,104.6333,103.9333,104.46
20170320,1149000,104.50,104.50,103.5333,104.0433
20170321,2726097,103.8767,104.43,102.5367,102.65
20170322,1773504,102.79,103.9967,101.90,103.8867
20170323,1412643,103.6467,104.4167,103.07,103.5833
20170324,1028046,103.65,104.0533,102.78,103.15
20170327,1895313,102.2933,103.3567,102.0548,103.1567
20170328,983289,103.07,103.99,103.01,103.6467
20170329,1763559,103.57,104.0567,102.8767,103.38
20170330,1152327,103.3633,103.8933,103.0983,103.4033
20170331,840372,103.31,103.76,103.1433,103.3967
20170403,1557807,103.30,103.9233,102.0167,102.87
20170404,1551789,103.02,103.3667,102.1283,102.7933
20170405,1555578,102.7933,104.0767,102.425,103.0933
20170406,1214706,103.1267,103.8933,102.92,103.49
20170407,1368201,103.62,104.46,103.4967,104.3567
20170410,758979,104.3133,104.5833,103.7233,103.95
20170411,1035513,103.5267,104.1867,103.1667,104.1333
20170412,1495449,104.1167,104.5667,103.8433,104.32
20170413,1307016,103.99,104.3167,102.7667,102.7833
20170417,1027035,103.21,103.79,103.01,103.6167
20170418,1295259,103.2667,103.85,103.2167,103.69
20170419,1936995,104.0167,104.1433,103.39,103.8467
20170420,4863240,107.04,108.5033,105.73,108.0067
20170421,2308806,107.8133,108.39,107.3633,108.20
20170424,2007807,109.6433,109.88,108.46,109.2433
20170425,1603563,110.00,110.4767,109.34,110.3933
20170426,1841214,110.2767,110.6567,109.3333,110.3133
20170427,1769775,110.4133,112.1267,110.00,111.8567
20170428,2147421,112.49,112.6667,111.0133,111.56
20170501,1334346,111.0933,112.02,110.85,110.85
20170502,1320984,111.0333,111.7867,110.84,111.5667
20170503,1116351,112.0133,112.4425,110.7233,111.3933
20170504,2321820,111.63,112.9633,111.2978,112.87
20170505,1387155,113.16,113.1867,112.07,112.7467
20170508,1068156,112.8333,113.12,112.367,112.5833
20170509,1083792,112.3467,113.2067,112.2067,112.7933
20170510,940635,112.8033,112.9933,112.21,112.5667
20170511,1186437,112.0933,112.2633,110.7333,111.5467
20170512,770910,111.53,111.9267,111.19,111.35
20170515,1217229,111.2533,111.8333,111.1333,111.31
20170516,1747614,111.3433,112.31,111.2033,112.2933
20170517,2124720,111.4667,111.7467,109.47,109.49
20170518,2107260,109.3333,110.90,108.9683,110.4067
20170519,1552725,110.6033,111.24,110.0933,110.79
20170522,1419120,111.3067,111.3067,109.875,110.4833
20170523,1363239,110.5933,111.19,110.34,110.6367
20170524,1086447,110.6367,111.4967,110.21,110.9267
20170525,1582038,111.2733,111.5167,110.57,111.3633
20170526,1214511,111.1733,111.8067,111.0167,111.65
20170530,1363569,111.65,111.9867,111.3767,111.7867
20170531,3073998,111.88,112.00,110.3133,110.59
20170601,2511198,110.8367,113.0833,110.5767,112.98
20170602,2208168,113.2767,115.62,112.8833,115.1333
20170605,1261407,115.0933,115.12,113.6433,114.0867
20170606,1491381,114.03,114.4167,113.3333,113.44
20170607,942240,113.7233,113.8867,112.7067,113.42
20170608,2653050,114.0033,115.9867,113.4933,115.3233
20170609,3853794,115.4333,118.21,115.4333,117.6367
20170612,3493119,117.5033,118.01,115.4183,115.98
20170613,1824519,116.39,118.0533,116.2033,117.75
20170614,2029248,118.1933,118.2133,115.91,117.5633
20170615,1342272,116.40,117.23,116.1667,117.1667
20170616,2610384,117.24,117.2967,116.1833,116.85
20170619,2384850,117.5367,119.00,117.4433,119.00
20170620,2123976,119.00,120.1933,119.00,119.32
20170621,1588665,119.1067,119.89,118.2933,118.4667
20170622,1056753,118.2933,118.5633,117.6934,118.25
20170623,1792968,118.6833,119.0767,118.0267,119.0333
20170626,1820715,119.3333,119.8667,119.0633,119.66
20170627,1411539,119.78,120.5167,119.06,119.3867
20170628,1529688,120.03,120.8567,119.9933,120.3433
20170629,2107797,120.29,120.7033,117.47,117.5467
20170630,2954673,117.9033,118.2433,116.8567,116.9867
20170703,920460,117.93,118.6233,117.135,117.7433
20170705,2367405,117.8333,118.0033,116.62,117.0267
20170706,2075670,116.4667,116.9567,115.6267,116.61
20170707,1678542,116.56,117.7817,116.0033,117.3433
20170710,1211712,117.2533,117.80,116.9233,117.31
20170711,1650429,117.3333,117.9567,116.7333,117.7567
20170712,1802364,118.3333,119.0333,117.5867,118.6533
20170713,1138890,118.90,119.2667,118.31,118.3833
20170714,1357461,118.4533,119.08,118.3133,118.8233
20170717,1483047,119.2167,120.4233,119.00,119.80
20170718,1838271,119.5867,119.8533,118.8733,119.39
20170719,1861266,119.83,120.2833,119.3033,119.9067
20170720,9239509,117.3633,119.20,112.5933,116.9267
20170721,2723364,116.67,117.81,115.7633,117.39
20170724,1762080,117.2467,117.77,116.6803,117.2167
20170725,1503333,117.6967,117.9767,116.6433,117.4067
20170726,1252749,117.5967,118.01,116.6767,116.8667
20170727,2633817,116.8767,117.0783,114.48,115.1933
20170728,2366037,115.1933,115.2417,113.6633,114.1267
20170731,2668065,114.15,114.2767,112.3833,112.4233
20170801,3250665,112.3833,113.3767,111.44,112.3633
20170802,2268654,112.4667,113.1533,111.7867,112.3567
20170803,2207085,112.7867,112.7867,110.56,111.3433
20170804,1575093,111.7967,112.3383,111.2433,111.69
20170807,1357473,111.9467,112.6633,111.2467,111.4633
20170808,1654089,111.3833,111.9133,110.4933,110.8333
20170809,2287461,110.3133,112.6133,110.1833,111.8933
20170810,2422575,111.5433,111.8533,110.3333,110.68
20170811,1527039,110.4933,111.4033,110.2018,110.6267
20170814,1888746,111.4267,112.6133,110.9967,112.5033
20170815,1784265,112.4667,112.4667,110.8333,110.8567
20170816,1671249,110.8067,111.51,110.4167,111.1433
20170817,1374009,110.90,111.2567,109.7733,109.8533
20170818,1661496,109.7433,110.2233,109.0267,109.6567
20170821,2089515,109.6667,110.4267,108.8933,109.8733
20170822,2602944,110.3867,113.10,110.3867,113.01
20170823,1547751,112.3633,112.7167,111.10,111.9233
20170824,1330947,112.2733,112.2833,111.4433,111.8533
20170825,1588572,112.2567,113.3533,111.5533,113.0533
20170828,1443642,112.6067,114.15,112.5667,112.9733
20170829,1728660,112.3933,112.5767,111.0467,111.0467
20170830,2229603,111.0433,113.10,110.87,112.6667
20170831,2238663,113.2967,113.76,112.785,113.09
20170901,2123220,113.4067,115.2133,112.96,114.54
20170905,1884327,114.4033,116.4367,114.18,114.9933
20170906,1536402,115.0467,115.5591,113.8733,114.32
20170907,1575735,114.1967,114.32,112.5567,113.1833
20170908,2181057,113.3167,115.09,112.09,114.85
20170911,1894095,115.53,115.8433,114.5667,115.84
20170912,1692987,116.1667,117.4633,116.0667,116.7833
20170913,1107618,116.7533,117.2933,115.365,115.64
20170914,1436511,115.6333,116.02,114.9233,115.5133
20170915,2881482,115.4233,115.4233,113.5567,113.66
20170918,1946736,113.8467,113.8467,112.8167,113.2333
20170919,2101560,113.7333,114.72,113.2567,114.2467
20170920,2289969,114.5733,115.95,114.1967,115.68
20170921,2082297,115.7633,117.2233,115.6345,116.5367
20170922,1710513,116.6967,116.7732,114.6917,116.5867
20170925,1562142,115.80,117.6433,115.74,117.3333
20170926,2572437,118.3333,120.00,116.9917,117.38
20170927,1715808,117.3633,117.8033,115.29,116.6133
20170928,3196359,116.0833,119.2067,116.00,119.0133
20170929,2346399,119.0033,121.3266,118.8433,119.3467
20171002,2297016,119.28,119.9067,118.50,119.81
20171003,6071242,124.9167,125.7467,122.4867,124.79
20171004,2114952,125.00,125.5567,123.7433,124.7233
20171005,2491968,126.6867,127.00,125.4583,126.6333
20171006,2152851,126.35,127.88,126.00,127.8233
20171009,1712208,127.6667,127.83,126.50,127.3333
20171010,1315653,127.3733,127.775,126.4933,127.1567
20171011,1389159,126.73,127.9167,126.5333,127.68
20171012,1341906,127.3533,128.33,127.0633,127.8567
20171013,2194572,128.49,129.0567,127.9133,128.6133
20171016,1422300,128.8333,128.8833,127.6083,128.0233
20171017,1557084,128.1867,128.3333,127.14,127.56
20171018,1360674,127.94,128.4133,127.53,128.03
20171019,1084677,127.84,129.24,127.66,129.19
20171020,1587645,129.83,130.20,129.1167,129.90
20171023,2357175,130.03,130.1067,128.4133,128.86
20171024,2482572,127.4867,131.3667,127.4567,129.6367
20171025,2174694,130.04,131.1367,128.54,130.8467
20171026,1793511,131.2067,132.74,130.6067,132.1667
20171027,1804890,132.18,132.6633,130.9703,132.43
20171030,1234725,132.3767,132.6767,131.2333,131.4167
20171031,1335222,131.4467,132.44,131.4033,131.7167
20171101,1126116,130.8833,132.0633,130.4767,131.9233
20171102,1537548,132.31,132.31,130.2967,130.7033
20171103,1021464,131.0667,132.7067,130.6667,132.37
20171106,1134582,131.66,132.5767,131.12,131.3133
20171107,971724,131.5533,132.0133,131.1167,131.3367
20171108,1121700,131.5533,132.1333,130.5033,131.8367
20171109,1339944,131.61,131.61,128.3003,129.01
20171110,750276,128.84,130.06,128.84,129.82
20171113,909450,129.1767,130.25,128.9433,129.9033
20171114,812631,129.7467,130.07,128.9037,129.71
20171115,1000461,128.84,129.1633,128.0367,128.6533
20171116,1526121,128.36,129.6133,128.1267,129.3433
20171117,968091,128.8167,129.4367,128.5367,128.9933
20171120,677061,128.84,129.8467,128.7542,129.23
20171121,1047828,129.6433,130.08,129.10,130.0433
20171122,977352,130.2533,130.5767,129.6233,130.1867
20171124,444612,130.6667,131.6367,130.6467,131.3433
20171127,1518624,131.3333,131.6667,129.97,130.07
20171128,1764108,130.7133,132.55,130.47,132.5133
20171129,1395339,132.5467,132.99,130.8533,131.32
20171130,1917528,131.38,134.1017,131.2733,133.14
20171201,1964331,133.2967,133.9133,130.4203,131.69
20171204,2682303,132.4167,136.8867,132.4167,135.6433
20171205,1683540,135.3767,136.3733,134.4467,135.1833
20171206,1080351,134.3067,134.9583,133.12,133.73
20171207,1127808,133.6767,135.5367,133.6767,135.49
20171208,1651110,135.49,137.9933,135.3367,136.2833
20171211,938643,136.0967,136.63,135.1533,135.92
20171212,1066992,136.25,136.6167,135.44,135.6733
20171213,1458978,135.8067,136.1867,135.12,135.15
20171214,1336086,135.75,136.2217,132.6667,133.41
20171215,2597709,134.14,135.14,133.5133,134.6067
20171218,1211418,135.1767,136.24,135.1717,136.05
20171219,1264695,136.6667,137.9767,136.3667,137.29
20171220,1075773,137.65,138.325,137.0967,138.1133
20171221,1247988,138.5833,138.5833,137.0467,137.1767
20171222,1209447,137.6667,137.9067,136.9733,137.6967
20171226,548646,137.2533,137.8767,137.055,137.13
20171227,1040235,137.5433,137.565,136.4633,136.7333
20171228,920724,137.0267,137.7233,136.00,137.69
20171229,1086588,137.9333,138.565,136.4633,136.68
20180102,1099626,136.8633,137.9267,136.5871,137.90
20180103,1014762,138.2033,138.5902,137.40,138.4533
20180104,1669617,139.3233,140.5467,137.6667,137.70
20180105,1618956,138.79,140.6633,138.41,140.5533
20180108,1277745,140.53,141.5283,140.3467,141.3333
20180109,1568100,141.47,142.4433,141.2333,141.4033
20180110,1050702,140.64,140.9967,139.6033,139.8433
20180111,898416,140.1967,141.8033,140.1567,141.7867
20180112,3062139,142.5267,144.6333,141.43,144.28
20180116,2739435,144.7667,145.05,140.8118,141.29
20180117,2194551,142.1367,143.6433,140.84,142.3133
20180118,1922094,142.33,144.49,142.0067,143.5867
20180119,1909644,143.82,144.4673,143.0033,143.60
20180122,1711206,143.3333,143.5933,141.0367,142.3933
20180123,2137791,142.3333,143.07,141.2833,143.07
20180124,2252652,143.4467,144.6533,142.2833,143.1267
20180125,4401048,139.6833,143.6367,138.67,141.5533
20180126,2872011,141.5667,141.9233,139.44,141.2267
20180129,2213016,141.2667,142.4367,139.8167,140.2633
20180130,1972773,139.88,140.7233,138.5333,140.4533
20180131,2171664,140.65,140.78,138.8367,139.0367
20180201,2605212,138.26,138.92,136.13,137.3767
20180202,1954122,137.30,137.9267,134.1533,134.3767
20180205,3490155,133.3333,135.5733,131.0733,131.0767
20180206,3172485,129.3333,135.3467,127.9617,135.00
20180207,2379225,135.2367,137.00,134.21,134.4933
20180208,2378427,134.5833,134.9567,129.1233,129.2167
20180209,3061782,130.4567,134.1667,127.1633,132.9533
20180212,1611825,133.9367,135.5267,131.8667,134.5633
20180213,1312791,134.0367,135.76,133.4867,135.2533
20180214,2192298,134.3333,136.05,133.8033,135.22
20180215,2196030,136.1667,136.34,133.3667,133.6967
20180216,2297496,133.43,134.9167,132.47,134.10
20180220,1653774,133.78,134.10,131.61,132.2233
20180221,1595394,132.6967,135.1533,132.2233,132.3767
20180222,1615182,133.14,133.9033,132.0033,132.96
20180223,1809186,133.1367,133.5261,131.5767,132.7333
20180226,1518195,133.5267,135.00,133.08,134.7333
20180227,1486512,134.7833,135.1649,133.08,133.1367
20180228,2773110,133.7267,136.5267,133.3767,133.86
20180301,2257857,133.86,134.06,131.1433,132.17
20180302,2024661,131.7133,131.96,129.9133,130.08
20180305,2588112,129.2933,131.6633,129.1333,131.0333
20180306,1613493,131.0267,135.20,130.32,133.6767
20180307,1932690,132.1633,136.4367,131.82,135.9333
20180308,1546848,136.0867,136.335,133.8567,134.7833
20180309,2474898,135.87,140.4833,134.87,140.3867
20180312,1305219,140.3333,140.41,138.0333,138.4167
20180313,1264395,139.15,139.5966,136.7533,137.9233
20180314,1375167,138.5033,138.5033,135.8633,136.34
20180315,1086351,136.7867,137.13,135.5667,136.7567
20180316,2132934,136.60,137.0408,135.7833,136.3433
20180319,1114977,136.1933,136.4633,134.195,135.11
20180320,1030917,135.5133,136.4783,134.837,135.3033
20180321,1165620,135.1067,136.6333,134.8933,135.0767
20180322,1689546,134.1367,134.3167,130.94,131.0333
20180323,1775310,131.4967,133.0766,129.2167,129.4733
20180326,1351446,130.84,132.12,129.6333,131.6433
20180327,1402374,132.0133,132.8467,129.5733,130.24
20180328,1793199,130.65,130.9767,128.23,128.4167
20180329,1682688,129.3233,131.8167,129.045,130.7067
20180402,1837851,130.40,131.32,126.0467,127.2933
20180403,2206272,127.9167,131.7133,127.4467,131.0067
20180404,1799664,129.1933,132.3733,128.65,132.1533
20180405,1770816,132.77,134.0467,131.37,132.2733
20180406,2103504,131.15,132.23,128.2667,128.57
20180409,1454730,129.6133,131.8367,128.8583,129.7067
20180410,2121813,130.8833,131.3833,129.1067,129.39
20180411,1772208,128.48,130.12,128.38,129.5433
20180412,1493655,130.0933,130.81,128.6333,128.8833
20180413,1736559,129.3633,130.275,128.12,128.4767
20180416,2132712,129.2433,129.8333,128.7133,129.3033
20180417,2738040,130.1167,133.25,129.7433,132.8067
20180418,1866258,132.6667,134.7367,132.4017,133.6267
20180419,1991517,133.57,134.80,131.72,132.0633
20180420,1930431,132.5267,132.5267,130.071,130.7967
20180423,2214024,130.65,130.6667,129.0233,129.2367
20180424,7386193,127.2033,129.2567,122.12,123.0267
20180425,3668427,122.65,125.6267,121.7867,124.24
20180426,3770871,124.4533,124.7733,121.9633,123.7567
20180427,2651835,123.7567,125.6033,123.0967,125.0467
20180430,2569515,125.0033,126.57,122.52,122.5533
20180501,3220176,121.3633,124.6917,120.7867,124.6067
20180502,2924928,124.75,124.7733,123.58,123.71
20180503,2065008,123.62,124.24,121.8917,123.4167
20180504,1836936,123.0667,127.0567,122.66,125.8433
20180507,1585797,125.9167,126.6833,125.1467,126.2167
20180508,1459905,125.65,127.63,125.5133,125.98
20180509,1535247,126.6167,127.46,125.1117,126.9367
20180510,1754325,127.1233,127.6667,126.1133,126.8167
20180511,1656354,126.48,128.4067,126.48,127.03
20180514,1833570,127.3767,128.3267,127.1767,128.1933
20180515,2072838,127.8467,128.21,126.2467,126.55
20180516,2272524,126.55,127.5833,125.6933,127.04
20180517,1168620,126.28,127.52,126.0767,126.7433
20180518,2303040,126.71,129.5967,126.3817,129.19
20180521,1965894,129.6667,131.4367,129.31,130.2633
20180522,3248952,130.36,130.84,125.0067,125.3233
20180523,3692028,125.3333,128.1667,125.27,128.1667
20180524,3118356,127.6967,129.19,126.1033,128.8267
20180525,2874069,128.6833,131.0333,128.5767,130.75
20180529,3083808,129.7033,130.4633,128.60,129.3233
20180530,2177748,129.48,130.00,127.0833,128.4167
20180531,4695825,128.5233,128.9933,126.3233,126.4167
20180601,2011716,127.2267,129.56,127.0567,128.6667
20180604,1274946,129.0167,129.3833,127.6667,128.95
20180605,1653135,128.98,130.5467,128.4933,130.1433
20180606,1889520,130.17,131.9067,128.4267,131.8567
20180607,1420668,131.79,132.7503,131.17,131.6933
20180608,1461030,132.0133,132.7333,131.2167,132.6833
20180611,1243944,132.5267,133.26,131.7833,132.84
20180612,2333406,133.3333,134.3767,132.80,134.1467
20180613,2602881,134.00,134.2567,131.6733,132.05
20180614,1346220,132.5367,134.08,131.7633,133.7333
20180615,2874348,132.81,134.51,132.62,134.0367
20180618,1652352,133.3333,133.3333,132.4417,132.78
20180619,1642722,131.93,132.9083,131.4033,132.5367
20180620,1168794,132.5467,133.33,131.49,132.6333
20180621,1700508,131.8933,132.9933,131.5883,131.7933
20180622,1569672,132.3367,132.9667,131.59,132.0433
20180625,2218041,131.91,132.3933,130.1567,131.65
20180626,1832187,132.25,134.19,131.9515,133.5967
20180627,1968948,133.6667,135.5667,132.4985,132.84
20180628,2249652,132.9367,135.7298,132.6717,134.9567
20180629,2359404,135.20,137.6433,135.20,135.8567
20180702,1366794,135.25,135.95,134.4933,135.5867
20180703,1140276,135.67,137.62,133.3933,135.6433
20180705,1324182,135.7333,136.7133,134.6733,136.62
20180706,1236807,136.5033,138.1267,135.8933,137.86
20180709,1341609,138.3333,139.4933,138.0133,138.39
20180710,1502505,138.28,139.7367,137.5667,139.6267
20180711,1579083,138.74,139.33,138.08,138.4267
20180712,1948365,139.09,139.1533,137.1167,138.0267
20180713,1618902,138.1833,140.93,138.0367,139.4633
20180716,1567938,139.4633,139.9167,138.5033,138.95
20180717,1525068,138.8867,141.6667,138.5333,141.4533
20180718,1725201,141.4533,143.9467,141.4533,142.1767
20180719,1721403,141.6667,143.07,141.12,143.0267
20180720,1792827,141.8833,142.52,140.7733,142.04
20180723,2663769,141.9733,142.33,139.11,140.5233
20180724,4554018,141.3333,144.9995,139.3333,143.26
20180725,2673735,143.68,146.1367,142.3367,145.7633
20180726,3939219,146.66,149.8967,144.40,149.6767
20180727,2482671,149.6667,150.2767,147.5967,147.9233
20180730,1597227,147.8133,148.25,146.22,146.76
20180731,2120391,146.6667,148.1533,146.225,146.91
20180801,1675443,146.27,147.03,144.8167,146.0833
20180802,1701228,145.96,146.99,145.1722,146.1233
20180803,1577163,147.07,148.46,146.56,147.6267
20180806,1310988,147.38,148.5933,147.1333,148.1433
20180807,1051626,148.00,148.6433,146.8204,148.03
20180808,984768,148.1367,149.22,147.6867,147.8867
20180809,1264614,148.1867,148.4567,147.29,148.0167
20180810,1521759,147.81,148.3033,146.5633,147.6633
20180813,2429925,148.1333,148.96,144.40,145.05
20180814,1872135,145.00,146.8057,144.6258,145.4467
20180815,1744620,145.2133,146.575,144.4267,146.2067
20180816,1742805,147.1133,147.71,145.85,147.45
20180817,1217820,147.6667,148.3183,147.035,147.7967
20180820,1272357,147.98,148.29,146.8733,148.02
20180821,1892007,148.3333,149.6665,148.0367,148.2667
20180822,1323384,148.3333,148.63,146.2967,146.36
20180823,1540443,146.4433,146.9867,145.09,146.6067
20180824,1879491,146.66,149.6367,146.5233,149.13
20180827,2660961,149.5167,152.4733,149.0833,151.68
20180828,2238480,151.7933,152.9667,150.5633,150.8733
20180829,1210047,150.5467,152.4833,150.205,152.1433
20180830,1421895,151.9767,152.8833,151.40,152.0733
20180831,1313001,151.5867,153.00,150.99,151.86
20180904,1287888,151.4033,153.3167,151.1533,153.1167
20180905,1689123,152.6633,153.9967,152.6633,153.8867
20180906,1284732,154.00,154.9833,153.2533,154.13
20180907,1641771,153.3567,155.25,153.1737,154.1733
20180910,995313,155.00,156.07,154.5467,155.67
20180911,1944993,155.67,156.96,154.4567,156.4767
20180912,1412340,156.6433,156.9167,155.00,156.05
20180913,1075989,156.3467,157.2083,155.8633,156.6233
20180914,1167075,156.62,156.6367,155.5667,155.9933
20180917,1796469,154.6467,156.6533,154.4683,156.49
20180918,994467,156.6367,158.2083,156.2567,157.66
20180919,1989399,157.50,159.4067,157.2133,158.3467
20180920,1494792,158.7233,159.82,158.18,159.3267
20180921,5647426,159.88,159.88,155.8633,156.6533
20180924,2666154,155.7433,156.5767,154.2433,155.5333
20180925,2153346,156.1133,156.1133,153.1167,153.8667
20180926,1619664,153.72,154.19,152.36,152.7033
20180927,1935411,153.2033,153.35,151.31,151.84
20180928,2406990,151.8033,152.6667,151.2033,151.7367
20181001,1972188,152.95,154.1567,152.3033,152.3333
20181002,1819959,152.72,153.3267,151.2033,151.3333
20181003,4476651,151.71,151.8966,146.84,147.4033
20181004,2236725,146.9667,147.5659,145.635,146.4267
20181005,1848846,146.6667,147.6567,145.8967,147.3167
20181008,1511472,147.40,148.0467,146.2967,147.52
20181009,3800784,142.4767,145.0333,140.6333,141.5767
20181010,3026445,140.7133,141.48,138.0733,138.2633
20181011,2733738,137.62,139.62,134.795,135.74
20181012,2539902,138.03,138.59,134.3833,135.6567
20181015,1985058,135.5633,135.7067,133.79,134.10
20181016,2589921,134.74,138.42,134.0067,138.31
20181017,2503410,137.7933,137.915,135.78,136.89
20181018,2568075,136.8433,137.7167,134.4533,135.6067
20181019,2690067,135.84,136.3167,133.7233,134.46
20181022,1754433,135.3267,135.5567,133.84,134.5867
20181023,2436411,132.52,134.98,129.3367,133.9833
20181024,2950539,133.89,134.5733,128.77,129.30
20181025,7325482,122.6667,125.5867,118.4267,122.6667
20181026,6425116,121.95,125.9688,119.39,123.48
20181029,3210156,125.2633,126.1533,120.8047,122.24
20181030,3877833,122.6067,128.44,122.0967,128.2667
20181031,4749162,129.92,133.4567,129.1733,131.1567
20181101,3300054,130.8933,133.6267,130.51,132.62
20181102,3701232,133.51,136.4533,132.41,134.1267
20181105,2073057,133.3567,135.50,133.1467,134.7067
20181106,1752150,134.2367,135.44,134.2367,135.0233
20181107,2089125,136.4367,138.6767,135.35,138.26
20181108,2431335,137.55,139.0433,136.4833,138.4467
20181109,2014407,136.415,139.1433,135.8367,138.28
20181112,1938468,136.7817,138.4333,136.1333,136.35
20181113,2666259,136.5833,139.4867,136.38,138.92
20181114,3978882,139.71,142.1333,137.8467,138.30
20181115,2204298,136.86,141.4467,135.35,140.33
20181116,2403087,139.13,142.3767,138.5667,141.32
20181119,2545911,141.3067,141.6267,136.97,138.42
20181120,4481751,135.9533,137.45,134.12,136.68
20181121,2163030,137.3233,139.7033,136.04,136.82
20181123,880020,136.47,139.6333,136.306,138.3667
20181126,1788294,140.00,140.01,136.4267,137.18
20181127,2560689,136.2133,137.3767,133.9167,134.48
20181128,2631522,134.76,138.8733,133.2467,138.8267
20181129,1713078,138.6933,140.78,138.2033,139.92
20181130,1807680,139.9467,141.4267,139.4933,141.3567
20181203,2960253,142.52,144.6667,139.015,139.4467
20181204,3141684,139.73,140.7367,135.4367,135.5333
20181206,3833268,133.3533,134.99,131.3533,133.6767
20181207,2209782,133.2167,135.6867,129.3333,129.8333
20181210,2130174,129.6233,131.80,128.1433,131.1533
20181211,1585392,132.9167,133.5167,129.33,130.2833
20181212,1359345,131.59,132.3233,130.4067,130.5167
20181213,2359467,130.8667,131.7133,127.9967,128.63
20181214,3093801,128.1767,129.5467,127.8817,128.6667
20181217,3097215,130.7567,131.6667,124.25,125.4833
20181218,2699355,126.8867,129.4533,126.5167,127.97
20181219,2316402,129.3333,131.6567,125.9367,126.7467
20181220,3436989,125.98,128.3333,125.2183,126.4633
20181221,3851616,126.39,129.3067,125.43,125.5167
20181224,1065528,124.73,125.4533,121.7333,121.7467
20181226,1951086,122.61,128.9433,121.78,128.9067
20181227,1793037,127.3467,130.39,125.4133,130.39
20181228,1665231,130.97,132.18,129.24,129.86
20181231,1544304,130.2467,131.2733,129.6633,131.1533
20190102,1522581,129.7933,131.7233,128.8533,130.7433
20190103,2575644,130.2933,130.2933,125.8667,126.7967
20190104,3170613,129.1967,132.2533,126.22,130.1567
20190107,2585310,130.3033,134.1967,130.3033,131.9933
20190108,1737579,132.39,133.9933,130.9667,132.93
20190109,2947824,133.20,134.2767,131.4067,132.7133
20190110,1304928,132.2033,133.56,130.5467,133.1833
20190111,1699605,131.85,132.96,131.0867,131.9767
20190114,1673316,132.0233,133.3517,130.21,132.60
20190115,7677919,126.00,127.8267,123.6667,127.1467
20190116,3239409,126.8533,129.40,126.8533,128.98
20190117,2417961,128.3267,132.1067,127.6733,131.51
20190118,4287462,132.4667,134.1033,131.9433,132.8433
20190122,2798595,131.65,132.9933,130.1233,131.3233
20190123,2224251,131.5667,132.2733,129.3167,131.13
20190124,1858761,130.84,131.6167,129.4783,130.0867
20190125,2723835,131.6833,132.9167,130.8233,130.9433
20190128,2150253,130.1733,132.3333,129.6685,132.3333
20190129,2018214,132.1633,134.4267,131.7533,134.3333
20190130,3126393,133.83,136.56,133.4767,135.0767
20190131,5006806,133.3333,142.5633,132.3333,140.5067
20190201,2392665,141.00,142.8289,138.14,139.0067
20190204,2220141,139.7633,139.9169,137.63,139.6533
20190205,1848447,139.6367,140.63,138.8433,140.61
20190206,1468005,140.0267,140.9383,140.0267,140.35
20190207,1396248,139.6533,140.4167,138.4433,139.37
20190208,1531362,139.28,140.56,138.3367,140.3367
20190211,1267386,140.97,141.3167,139.79,141.2367
20190212,2228922,142.00,145.9917,141.57,145.7467
20190213,1232856,145.6867,146.3667,144.3167,144.6633
20190214,1428555,144.24,145.4832,143.485,143.9267
20190215,1247274,145.1467,146.5067,144.7933,146.3933
20190219,1780878,145.00,147.0167,144.3334,145.85
20190220,1489461,145.9167,147.7667,145.79,146.4233
20190221,1673076,146.7167,146.8867,145.2133,146.5667
20190222,1050837,146.43,147.2467,145.725,146.6267
20190225,1614396,147.00,147.5833,145.5067,145.8933
20190226,1759749,145.1833,146.0733,144.7067,144.7733
20190227,2252253,144.8367,147.32,143.6767,146.7733
20190228,1564449,146.35,146.84,143.6767,144.40
20190301,1160784,145.3833,145.96,144.6033,145.54
20190304,1645863,146.01,146.9033,144.3583,145.9167
20190305,1626339,145.76,146.03,143.6233,143.81
20190306,3070356,143.5867,143.5867,140.0867,140.7533
20190307,2679345,140.67,140.7733,137.61,138.0167
20190308,2157960,137.40,139.18,136.7833,138.99
20190311,1677279,139.87,142.8433,139.0983,142.6633
20190312,1467411,143.05,143.1867,140.7767,140.90
20190313,2411010,141.5233,142.3883,141.20,141.7367
20190314,2280201,141.6333,143.0567,141.2983,142.94
20190315,2411397,142.8833,144.3967,142.8833,143.6767
20190318,1435665,143.3267,143.9867,142.6483,143.7833
20190319,1200114,144.2467,145.4233,142.955,143.4233
20190320,1253010,143.8133,144.5067,142.3567,143.0867
20190321,1261956,142.87,145.0833,142.87,144.5433
20190322,3214875,143.0967,143.26,140.1083,140.24
20190325,1305408,140.25,141.3317,139.6367,140.7967
20190326,1636839,141.9733,142.1567,139.4367,140.1333
20190327,1857261,140.44,142.7667,139.7467,142.23
20190328,952266,142.99,144.155,142.3133,143.74
20190329,2536278,143.75,143.93,142.7267,143.57
20190401,1758696,143.94,145.1567,143.1133,144.4433
20190402,1263480,145.00,145.7567,143.7233,145.7233
20190403,1728261,146.3333,147.20,146.1333,146.8933
20190404,1194720,147.29,148.9433,146.8333,148.1267
20190405,1268646,147.91,149.9367,147.91,149.7433
20190408,1208973,149.50,149.50,147.9567,148.81
20190409,1164618,147.9833,148.6883,147.1467,147.9133
20190410,1370781,147.9667,148.1667,145.92,147.9033
20190411,1049334,148.4033,148.5333,147.58,147.7533
20190412,1827267,148.4067,148.54,145.88,147.1767
20190415,1232724,147.5667,148.0483,146.86,147.9233
20190416,1344117,147.99,150.2033,147.7767,150.1567
20190417,1665387,150.00,150.3333,147.3167,147.6367
20190418,2285223,148.41,151.2167,148.0667,150.81
20190422,2366769,149.88,151.8233,149.7633,150.63
20190423,3760512,150.00,155.0333,148.2333,153.48
20190424,1734867,153.2833,153.6133,151.96,152.6333
20190425,1479600,152.03,152.43,150.25,150.4333
20190426,1015092,150.3633,152.7533,150.0967,152.2233
20190429,1792386,151.98,151.98,149.8033,150.51
20190430,1687995,150.6667,151.9933,150.4833,151.61
20190501,2129871,152.00,152.00,148.8667,149.1667
20190502,1487802,148.6667,151.2033,148.04,150.89
20190503,1099314,151.37,152.40,150.34,151.97
20190506,1357452,149.78,151.9433,149.6667,150.80
20190507,1632381,149.2933,150.2233,147.6083,148.9933
20190508,1317009,148.6767,149.1067,147.8383,148.17
20190509,1125897,146.7033,148.22,145.675,147.32
20190510,1503027,146.7667,147.82,145.50,146.64
20190513,1632954,144.06,144.95,142.3833,143.63
20190514,1262046,143.5367,145.63,142.82,144.8033
20190515,1039443,143.76,144.81,143.2333,143.64
20190516,1781295,143.5233,145.0517,143.4633,144.4267
20190517,1376013,143.7367,146.1483,143.5367,145.2267
20190520,1578912,143.9633,144.76,141.3233,141.5033
20190521,1300827,141.9233,144.8367,141.8233,143.9733
20190522,1023126,144.2567,145.1733,143.5467,143.8133
20190523,1966815,143.1933,144.1633,141.7167,143.5233
20190524,1095900,144.2433,144.44,143.2133,143.5733
20190528,1521678,143.58,144.7367,142.3433,142.3433
20190529,1309455,142.33,142.7167,141.3633,142.1467
20190530,1253217,141.34,143.1367,141.2033,141.5233
20190531,1445889,140.1967,140.995,139.1983,139.8167
20190603,1567425,139.6967,142.40,139.1633,142.27
20190604,2294460,143.81,145.13,142.4533,145.13
20190605,2216619,146.0467,149.9667,144.4833,149.9233
20190606,2588940,150.00,155.52,149.3841,155.52
20190607,2902140,155.5167,159.6617,154.9283,157.9933
20190610,1480242,158.9033,159.0133,157.1367,157.1833
20190611,1880097,158.29,159.1233,155.2867,156.9567
20190612,1341663,157.8967,158.19,156.1867,157.9567
20190613,1673118,158.7567,159.7133,158.2833,159.67
20190614,1434225,159.37,159.37,157.27,157.8833
20190617,1250064,157.8833,158.09,155.505,155.92
20190618,2081268,157.06,157.2267,154.1567,154.9233
20190619,1707366,154.93,155.5933,153.5483,155.00
20190620,1603143,156.5067,157.4733,154.1967,157.22
20190621,2249949,156.6667,157.2033,154.9167,155.23
20190624,1151544,155.72,156.80,154.62,155.32
20190625,1453773,154.64,155.745,153.4233,154.4433
20190626,1312230,153.8533,154.3067,151.40,151.4233
20190627,1122027,152.0167,152.6333,150.33,151.5833
20190628,1647240,151.6733,152.7633,150.8133,152.7633
20190701,1261932,153.84,154.5533,152.52,153.7667
20190702,1001979,153.89,155.0267,153.3333,154.4633
20190703,642240,155.3167,156.7567,154.52,156.72
20190705,683235,155.2733,155.78,153.4733,155.38
20190708,946662,155.0533,155.67,154.0367,154.2633
20190709,852642,153.9967,154.4167,152.9567,154.0467
20190710,1485765,155.2333,155.7167,151.68,152.5133
20190711,1232088,152.61,155.10,152.3467,155.0667
20190712,1272789,155.50,157.00,155.4054,156.5767
20190715,1000929,156.7667,157.9967,156.2733,157.9567
20190716,1507884,158.00,158.0467,155.6433,155.8467
20190717,1735398,155.6667,155.9383,152.2033,152.2833
20190718,1743138,151.91,153.2567,149.21,152.5633
20190719,1464513,152.8767,153.69,151.83,152.20
20190722,1603239,152.4033,153.895,151.26,151.53
20190723,6339295,156.3333,164.0867,155.34,163.41
20190724,2743110,165.00,167.1466,162.8683,167.0433
20190725,2669382,166.8633,170.1766,166.39,169.7666
20190726,1778697,169.8733,171.11,168.2333,170.7666
20190729,1946646,170.0366,170.7666,168.7233,170.0466
20190730,1718916,168.6933,172.1433,168.1133,171.6733
20190731,1909821,171.0166,173.2483,169.17,171.0133
20190801,1615590,171.5233,174.42,170.375,170.9833
20190802,1261149,169.7733,171.2066,168.5566,170.1566
20190805,1532568,167.41,168.7133,164.5067,165.12
20190806,1704642,166.2233,167.2566,164.3133,166.29
20190807,2234415,164.9467,171.5687,163.9483,170.9966
20190808,1599843,172.20,174.4833,172.1533,174.4366
20190809,992046,173.53,174.6666,171.82,173.2533
20190812,969444,172.7066,174.1733,171.4366,171.91
20190813,1577835,171.8133,175.6666,171.59,175.2833
20190814,1548768,172.3466,174.7833,171.6916,171.7533
20190815,1291521,173.29,173.8733,171.7166,173.40
20190816,1806609,174.9666,177.34,174.1666,176.6966
20190819,1446930,177.0866,178.9132,175.2466,176.1466
20190820,1209270,175.1433,175.36,173.1633,174.6666
20190821,1467048,176.4133,178.0366,174.9183,175.8866
20190822,1248018,177.12,177.2166,174.2033,174.50
20190823,1838925,174.1066,174.3566,170.0833,170.8666
20190826,1046952,172.1366,172.5808,169.7733,171.1533
20190827,980727,172.59,173.33,170.835,171.7966
20190828,899547,170.8133,174.2866,170.79,174.23
20190829,1246050,176.08,176.61,174.3183,174.8933
20190830,1274064,175.9633,176.6033,174.7233,175.5833
20190903,933330,175.1733,176.2233,173.3266,175.7266
20190904,1065678,177.4666,178.4366,176.6266,178.2233
20190905,1296288,179.88,179.88,177.155,178.1733
20190906,983928,179.64,179.6666,178.04,178.2466
20190909,1382424,178.05,178.1416,173.32,174.3433
20190910,1447068,172.95,174.1733,171.2966,173.91
20190911,1540518,173.6733,176.8833,173.1683,175.80
20190912,1878696,177.8033,182.9933,176.97,179.65
20190913,1189608,178.69,181.1483,178.6566,180.5066
20190916,1257843,178.67,178.67,175.79,175.83
20190917,1041057,176.2766,179.6666,175.8966,179.1733
20190918,973869,179.7033,181.3266,178.27,180.9466
20190919,1580712,180.0466,183.5766,179.1733,183.26
20190920,2432349,184.0566,184.6933,181.82,183.5133
20190923,1492962,182.70,183.55,180.3833,180.55
20190924,1634583,182.44,184.0316,179.64,180.8333
20190925,1414983,181.9866,182.17,179.4233,181.5133
20190926,849429,181.75,183.5133,180.4383,182.7833
20190927,1079652,183.8866,183.8866,180.62,181.4266
20190930,1082637,181.9733,183.5066,181.8433,183.29
20191001,1459206,183.70,184.37,181.1633,181.62
20191002,1629939,181.1866,181.8166,178.27,180.3366
20191003,1078242,180.34,181.6966,178.9566,181.0633
20191004,1078554,181.92,184.1433,181.92,182.9466
20191007,920757,182.54,184.4933,182.28,183.0933
20191008,1185375,181.7766,183.6666,180.54,181.98
20191009,1214619,181.6666,185.6933,181.6666,185.22
20191010,1343049,185.4566,186.2833,184.2066,186.2333
20191011,2163594,187.80,188.1466,182.93,183.3366
20191014,878889,183.7166,185.3033,183.0633,183.45
20191015,1274247,185.32,186.52,184.23,186.2966
20191016,1211268,186.0733,188.3833,185.31,188.08
20191017,1245879,188.0633,189.00,186.3733,186.8466
20191018,1362630,185.9033,187.3825,185.67,186.9533
20191021,2466045,187.1833,187.5866,183.1433,183.47
20191022,3325059,185.8333,192.7866,182.0566,188.9633
20191023,1840566,190.00,190.00,186.1266,187.9566
20191024,1451232,188.95,191.6666,188.7516,191.35
20191025,1298616,191.9166,193.3333,191.0333,191.6433
20191028,1586511,191.6766,193.74,191.6766,192.7466
20191029,1845234,191.7833,194.4366,191.7833,193.87
20191030,1610454,194.1166,195.7133,192.5933,195.41
20191031,2370879,195.8333,196.3333,190.5266,190.7733
20191101,1533336,191.9533,193.47,191.0033,193.2133
20191104,1831110,194.76,194.8433,190.2916,190.3333
20191105,2490699,189.5033,191.33,186.25,188.3033
20191106,1567410,188.43,191.9366,188.1933,191.7466
20191107,1794000,192.7233,192.7266,189.0216,189.82
20191108,1129539,190.46,193.82,190.151,193.7833
20191111,976266,192.8166,194.3333,192.5583,193.1366
20191112,1352613,193.16,196.4333,192.95,195.7466
20191113,1163841,195.5533,197.6966,195.00,196.58
20191114,857607,195.6666,198.3333,195.22,197.8166
20191115,1131798,198.3333,199.00,197.03,197.59
20191118,1453026,193.67,197.2333,193.5133,195.36
20191119,2064102,195.9366,196.2133,194.39,194.7333
20191120,1882200,194.73,194.73,190.8766,192.0066
20191121,2166669,191.0033,192.2133,188.8733,189.52
20191122,1986432,189.97,192.00,189.4133,191.61
20191125,1280892,192.58,194.0666,192.1109,193.3366
20191126,2161854,193.6966,195.8066,193.12,195.7266
20191127,918015,195.0966,195.6633,194.075,194.9533
20191129,709623,194.8033,195.52,193.5966,194.3766
20191202,1001610,193.5233,193.5233,191.00,191.61
20191203,1388646,190.5733,192.7766,190.00,192.6366
20191204,1279890,193.1066,194.3333,190.2633,190.4366
20191205,1192284,191.4733,191.8633,189.185,190.8333
20191206,1000704,192.64,193.57,191.0866,192.8466
20191209,776955,192.6166,193.0787,191.4733,192.19
20191210,1244271,191.56,191.9172,190.12,190.2833
20191211,813849,191.1833,191.9033,190.0566,191.83
20191212,1304277,191.75,193.51,191.6433,192.27
20191213,1213539,191.6666,193.0666,190.6666,190.7433
20191216,1358304,191.43,193.63,190.42,193.17
20191217,1135959,193.3733,193.554,192.0666,192.7133
20191218,1004139,193.2433,193.2433,190.08,190.87
20191219,1141050,191.3233,193.2233,190.5666,192.6166
20191220,2224554,193.7566,194.2033,192.05,193.66
20191223,697155,193.97,194.73,193.1533,194.42
20191224,294354,193.4566,194.65,193.07,193.7133
20191226,453204,194.0066,194.06,192.4188,193.8666
20191227,525231,194.5766,195.02,193.6266,193.8966
20191230,695940,192.75,193.6033,192.3933,192.9133
20191231,867210,192.70,194.6083,192.28,194.5133
20200102,1806867,195.0166,195.04,189.58,190.6166
20200103,1635741,188.4466,190.51,188.0966,188.15
20200106,1926588,187.41,188.572,186.9733,187.8033
20200107,1804137,188.5666,188.7133,186.4649,186.7866
20200108,1886484,187.3466,190.11,187.00,189.76
20200109,2245197,190.5366,191.0466,187.585,188.5433
20200110,1001874,189.2833,190.3966,188.7533,189.03
20200113,1306350,189.1566,191.75,188.7766,191.62
20200114,1810161,191.58,192.99,190.8533,191.49
20200115,1460481,192.0433,195.9316,191.32,194.8533
20200116,1494918,196.6066,196.6066,193.93,194.9933
20200117,2143356,195.4466,198.3566,194.61,198.1566
20200121,1596039,198.15,199.415,196.7833,197.6866
20200122,1093830,198.6933,198.8683,196.9633,197.6433
20200123,1297134,198.0533,198.8766,196.484,198.8466
20200124,1400505,199.6666,199.9833,197.3116,198.28
20200127,1233345,195.9633,196.65,194.1833,194.7566
20200128,1189557,194.8333,197.6533,194.8333,197.0166
20200129,1906887,197.6666,199.3333,196.7533,196.7533
20200130,3222777,187.4666,190.2566,185.1666,189.6333
20200131,2703582,186.79,188.00,183.7333,185.6633
20200203,2517993,186.44,192.6933,185.9533,191.6366
20200204,1922445,192.9466,196.6633,192.1333,195.6566
20200205,2439864,195.6533,195.8266,190.31,194.1466
20200206,1985253,194.6866,195.1933,193.10,193.9666
20200207,1704498,193.7733,193.7733,190.5433,190.85
20200210,1518576,190.37,191.5866,189.62,190.76
20200211,1223844,191.0833,193.7166,190.89,192.3466
20200212,1109340,192.3833,193.995,191.8826,193.38
20200213,838365,192.41,194.19,192.0333,193.2533
20200214,916296,193.4566,195.15,193.0561,195.15
20200218,1239387,194.3733,194.6266,192.0666,193.9266
20200219,1478976,195.00,197.4633,194.98,196.35
20200220,1021731,195.2566,197.0933,193.3333,194.6933
20200221,1149480,193.4366,194.3966,190.7966,191.1133
20200224,1697490,187.12,190.6566,185.67,189.0333
20200225,2530470,189.93,190.2666,183.4166,183.6533
20200226,2172360,185.0533,188.375,182.95,183.5366
20200227,2345076,180.7866,182.7816,174.9666,175.12
20200228,4079445,169.3833,172.25,165.89,172.25
20200302,2520987,174.0066,179.44,171.0066,179.44
20200303,2212701,180.1733,184.1366,176.87,180.1933
20200304,2209950,184.4233,191.62,181.7666,191.5933
20200305,1775610,187.0133,188.68,183.0866,184.97
20200306,1971954,180.92,181.5066,176.4966,180.3333
20200309,3484491,167.1166,179.445,166.8333,175.72
20200310,2829420,180.7566,182.1533,171.8066,182.0066
20200311,3127650,177.6666,178.2166,169.1833,173.38
20200312,3269121,162.2233,169.785,157.0033,160.88
20200313,4273833,167.5233,168.4866,154.29,166.4433
20200316,4736628,149.6667,150.22,135.1467,135.3567
20200317,5943463,138.3667,144.73,125.8991,140.1267
20200318,5137999,129.5967,136.73,108.4767,134.2867
20200319,3081825,132.9467,149.6533,129.3667,148.3733
20200320,3788505,151.0733,152.3433,135.3267,137.5667
20200323,2876949,136.94,140.9367,130.2567,132.2333
20200324,3735285,139.52,153.47,138.8167,151.34
20200325,2766837,150.7567,158.2767,149.0833,150.5533
20200326,2563437,155.01,157.755,151.3333,155.38
20200327,1990578,150.3333,157.1633,150.00,153.22
20200330,2259468,157.2167,162.16,154.2967,160.61
20200331,3840717,158.83,160.5833,152.5167,153.1733
20200401,3430512,146.6367,148.1733,140.4667,141.66
20200402,3258147,140.0667,146.6567,137.3367,145.6367
20200403,2051493,145.00,147.53,138.7467,140.01
20200406,2193231,147.5967,154.3267,146.0367,152.8733
20200407,2436165,158.4533,161.6567,154.01,154.45
20200408,1770978,156.75,163.99,154.0167,162.77
20200409,3194076,166.0833,172.7233,162.55,164.05
20200413,2571843,160.77,164.1367,157.6267,163.0667
20200414,2263155,166.6667,170.2166,163.3367,168.13
20200415,1870191,163.5867,166.66,161.9467,164.2267
20200416,2226159,166.5633,167.33,158.70,161.6767
20200417,1824243,165.8467,172.6866,165.8467,172.25
20200420,1747125,168.94,171.635,164.31,165.29
20200421,984546,162.7967,164.2967,159.8717,161.6333
20200422,1117302,164.89,168.4533,164.89,166.7633
20200423,915258,166.8133,169.5566,165.8767,166.2333
20200424,807174,167.1966,168.9116,164.8644,168.6866
20200427,1401102,167.9866,171.6133,165.7633,170.4866
20200428,1564653,173.00,173.2933,168.3516,169.5766
20200429,2886615,178.6666,186.5433,174.66,179.62
20200430,2059203,175.9566,181.2066,174.5433,178.79
20200501,1241004,175.2133,176.5833,173.3566,175.48
20200504,1184412,174.7366,176.6216,172.32,176.28
20200505,1121667,177.9866,179.9133,176.51,177.5633
20200506,1025586,178.3333,178.865,174.48,174.6733
20200507,1172571,176.5866,177.7666,175.4033,176.1866
20200508,1477197,179.6866,184.5266,178.2333,183.2266
20200511,2395665,181.07,187.9233,180.9333,186.28
20200512,1867710,185.6966,187.92,184.4866,184.4866
20200513,1466778,183.48,184.90,179.8983,182.7733
20200514,1630980,180.1066,181.8733,176.0633,181.85
20200515,2658888,180.1633,189.46,179.7666,189.46
20200518,1856808,193.3333,195.3733,190.6327,190.75
20200519,1664985,190.30,191.8833,187.5033,187.9133
20200520,1890513,190.2666,191.87,188.1033,188.21
20200521,1605264,188.6066,190.4166,187.665,190.00
20200522,837462,190.5633,192.4433,189.3133,192.4333
20200526,1377765,195.00,195.2966,193.1216,194.3766
20200527,1355115,195.00,195.165,190.8516,194.2866
20200528,1647837,196.6666,198.6416,195.29,196.67
20200529,1315446,196.09,198.7666,195.0733,197.95
20200601,1040790,197.8066,198.31,193.3466,194.1533
20200602,1582869,193.45,199.7266,193.0633,199.0366
20200603,1545984,199.77,201.12,197.6966,198.0533
20200604,1907691,196.8566,197.6666,190.61,191.72
20200605,2654427,194.3466,196.9833,188.78,195.0966
20200608,2092569,194.4766,194.7566,190.1666,191.6666
20200609,1523586,190.2366,195.2933,190.0833,193.9233
20200610,1123365,194.3466,195.2611,192.4533,193.6533
20200611,2883339,191.39,192.06,181.3133,182.1066
20200612,2205609,186.7333,187.0976,179.7233,182.54
20200615,2628231,178.6666,190.6666,178.6566,190.0033
20200616,1304475,195.48,196.1133,188.6933,192.12
20200617,1229229,193.4233,196.00,192.1866,194.00
20200618,834939,192.6666,195.0133,192.5166,193.90
20200619,2112288,197.2233,197.2583,192.945,194.89
20200622,1333215,198.15,198.15,191.3733,194.1566
20200623,1479621,196.56,196.56,191.38,192.11
20200624,1248357,191.6566,191.73,188.70,188.8833
20200625,985401,189.21,191.4333,185.8433,191.07
20200626,1648365,190.9366,191.2933,185.2866,185.8433
20200629,1030833,187.03,189.9333,184.3366,188.6666
20200630,1443195,189.20,193.2933,187.9066,192.6166
20200701,1906761,192.59,193.98,190.4966,192.52
20200702,1351458,194.2833,195.5233,193.3966,194.3233
20200706,1644660,196.6666,197.5766,194.5869,197.3866
20200707,1329861,195.1633,197.1933,194.70,196.2466
20200708,1418940,196.6666,198.5466,191.80,195.3733
20200709,1049466,195.70,195.9133,190.6666,193.23
20200710,820680,194.0866,195.5383,190.8766,194.60
20200713,1141989,196.2466,196.88,191.8666,192.0133
20200714,1150446,191.75,195.71,191.75,195.5666
20200715,1211343,196.6666,199.3466,195.6416,199.1466
20200716,1049787,198.2766,201.17,197.77,199.59
20200717,1824762,200.00,204.3766,199.65,203.3633
20200720,970788,202.9033,204.2433,202.1733,202.6933
20200721,1511244,205.00,205.0066,202.6666,204.4666
20200722,1147002,203.7666,208.64,203.7666,208.6333
20200723,1140711,207.6166,209.48,204.29,206.1666
20200724,1344534,205.84,207.28,204.6366,206.6733
20200727,2471814,208.74,210.6266,207.8416,208.5066
20200728,3127548,216.6666,219.9566,207.1883,211.1833
20200729,2016027,211.6766,216.9933,211.5066,215.8766
20200730,1373289,213.7766,216.73,213.09,215.8766
20200731,1778364,215.36,216.50,213.4166,215.9733
20200803,1411908,216.23,217.55,213.63,213.7133
20200804,1849350,213.6266,219.2833,213.6266,216.97
20200805,1411284,217.70,219.6333,216.91,216.91
20200806,1288998,216.76,219.6333,216.4581,218.19
20200807,1127826,218.02,219.1866,217.5316,218.9066
20200810,1049112,218.6666,219.73,216.4166,217.0833
20200811,1179351,218.3333,220.41,216.6866,217.4666
20200812,1722330,218.74,225.2466,218.1733,223.9633
20200813,834555,222.5533,224.85,221.77,223.0766
20200814,678810,223.3933,224.6566,221.1033,222.1866
20200817,1032840,223.58,224.7233,221.89,223.6666
20200818,887406,225.00,225.3433,222.89,223.3266
20200819,949743,224.13,224.27,221.2833,221.6966
20200820,957909,221.11,223.4666,221.11,222.5166
20200821,1068714,222.6233,225.98,221.50,225.2733
20200824,786174,226.6666,227.20,222.7233,223.8033
20200825,809979,224.90,226.2033,222.12,223.43
20200826,917055,223.31,226.30,222.3733,225.57
20200827,800442,226.75,226.75,223.6866,223.9333
20200828,1015197,224.6566,225.46,223.2259,225.3033
20200831,1129845,225.4533,225.4533,223.22,223.6833
20200901,1512798,223.1666,228.68,222.6466,228.68
20200902,1393410,228.1833,233.27,227.8333,233.0533
20200903,1576752,232.3333,232.3333,223.7466,226.28
20200904,1858437,226.92,228.1766,220.3583,226.54
20200908,1951833,223.61,224.4333,220.565,223.10
20200909,1585089,228.9333,232.5033,227.375,231.4766
20200910,2507358,232.3033,236.445,231.00,234.22
20200911,1420779,235.1033,237.655,233.4633,236.2466
20200914,1336188,238.00,240.3375,237.00,239.20
20200915,1062561,240.2533,241.97,237.95,238.75
20200916,1212249,239.5766,240.5633,237.6733,238.3733
20200917,1413195,236.6666,237.8666,234.255,237.5166
20200918,2295807,236.0733,237.82,230.6766,231.83
20200921,1043724,229.2966,229.94,224.7266,227.61
20200922,1332972,228.0933,232.8866,227.8033,232.1066
20200923,1138071,230.66,231.14,225.2766,225.7733
20200924,902439,227.11,230.3166,226.43,228.6333
20200925,856491,228.27,232.7438,227.2566,232.4833
20200928,1284639,235.24,237.39,233.9633,235.6866
20200929,871365,236.8233,238.4466,235.21,235.2233
20200930,2412966,236.6666,238.3333,230.6366,232.2466
20201001,1557009,234.9933,236.5096,229.5566,230.2666
20201002,1234668,228.9033,232.2983,226.9223,229.66
20201005,1940172,231.1733,233.8166,228.9183,229.8666
20201006,1562628,230.6266,232.19,226.99,227.46
20201007,1350888,229.2466,231.22,228.4366,230.60
20201008,1477122,231.54,232.6533,228.49,229.4266
20201009,1356606,230.45,232.9798,230.00,232.80
20201012,943227,234.00,236.2466,233.0648,234.1266
20201013,1303932,234.2033,235.45,231.7166,232.3933
20201014,1297554,232.93,232.93,230.1933,231.33
20201015,1279248,229.4466,230.9333,227.6633,229.3333
20201016,1140585,230.5466,233.92,230.22,231.7733
20201019,1038588,232.12,233.0267,226.5066,227.2766
20201020,1581894,229.1666,229.5552,224.5333,224.9766
20201021,1533075,225.00,228.1655,224.3733,224.69
20201022,859896,225.4133,226.8766,222.99,226.00
20201023,1108944,227.0466,228.35,224.5716,227.77
20201026,1461237,225.7033,226.6133,221.4066,223.46
20201027,1791513,225.72,227.4366,222.5882,224.49
20201028,2416842,224.74,228.6666,221.9766,226.22
20201029,1851879,225.9733,231.675,224.8566,230.6966
20201030,2065050,228.75,231.67,227.10,229.3266
20201102,1853007,232.2866,238.48,231.6666,236.4333
20201103,1396767,236.64,239.5833,235.0866,236.6966
20201104,1410576,236.8766,243.1066,236.8766,241.33
20201105,1110741,243.3333,246.91,242.8333,243.2733
20201106,1279632,244.2933,245.7333,241.8866,245.3666
20201109,3004743,248.50,252.6666,230.2233,230.2533
20201110,2378682,230.8566,241.3666,230.8566,240.8033
20201111,1159716,242.1033,243.4783,240.18,242.4933
20201112,1688829,241.58,242.7783,237.475,239.1033
20201113,980118,241.0466,242.85,240.07,242.0933
20201116,1522188,242.7066,244.7733,240.8266,243.90
20201117,1476549,241.6666,244.8233,239.7833,243.6933
20201118,1462773,244.4633,246.0686,241.20,241.2033
20201119,1563762,241.2033,245.1433,238.6566,242.91
20201120,969753,243.3333,244.2266,241.2083,241.41
20201123,1046934,242.47,245.52,242.1433,244.71
20201124,1643583,246.4966,248.79,244.425,245.0966
20201125,1005309,246.26,247.3266,242.5733,243.75
20201127,418209,243.9933,247.1666,243.4633,245.27
20201130,2643132,244.63,249.5366,244.175,249.21
20201201,1743231,250.00,251.6666,246.64,247.7533
20201202,1773759,247.83,248.7766,237.9933,238.55
20201203,1362936,238.5533,239.9583,235.58,236.0166
20201204,2087013,237.5266,238.00,234.37,235.3033
20201207,1912029,235.8466,237.7383,235.5033,236.6933
20201208,1317558,237.1433,240.3966,236.9333,239.7533
20201209,1691436,240.6166,242.95,237.7133,240.2133
20201210,1383273,238.8433,241.6383,237.6033,239.94
20201211,1086999,239.52,240.85,237.7766,239.5366
20201214,1545519,241.35,243.3333,239.5966,239.6166
20201215,957528,241.2833,242.1033,239.07,240.78
20201216,1149507,242.2566,242.9866,239.9333,240.83
20201217,1515816,242.3633,243.1033,241.19,242.0833
20201218,2662923,242.25,243.15,239.5333,242.7433
20201221,1051173,239.9733,243.2266,237.1778,243.0566
20201222,1004799,243.3333,246.6633,241.99,245.69
20201223,800853,245.84,246.8666,241.48,241.4833
20201224,325950,242.43,245.07,242.0416,244.6333
20201228,513357,246.0333,246.0333,242.9466,243.1133
20201229,586740,244.66,244.86,241.9983,243.53
20201230,641964,244.0133,245.30,242.30,242.3766
20201231,920388,242.8133,245.28,241.2416,244.97
20210104,1224969,244.9966,245.64,238.2266,241.1566
20210105,1171959,240.1633,242.6933,239.23,239.9533
20210106,1648926,238.3333,242.0033,237.85,240.7833
20210107,1507122,241.57,246.6733,241.33,245.0433
20210108,1203462,244.5033,244.8261,240.3966,242.9233
20210111,781779,241.9033,246.2016,239.7066,244.98
20210112,926667,244.68,246.95,243.2033,246.3866
20210113,1207833,247.0833,247.0833,242.2837,242.7133
20210114,1224258,242.1366,242.7033,238.83,239.5933
20210115,2126319,239.30,242.8566,237.3633,241.85
20210119,1353444,243.1633,245.8766,241.81,241.87
20210120,1271718,242.5366,245.6666,241.0316,245.4066
20210121,909504,245.6666,249.3233,244.62,245.45
20210122,924900,244.2366,245.8216,242.64,244.0566
20210125,1200684,245.0233,247.1233,243.9266,244.76
20210126,1313481,245.7733,245.7733,240.3516,241.2133
20210127,1682559,239.4466,240.9133,235.1766,239.18
20210128,2002968,238.2866,241.13,230.5868,237.35
20210129,2348604,235.31,235.31,228.6166,230.60
20210201,1426566,231.54,233.2233,227.1966,232.70
20210202,1223085,233.2066,238.3633,233.2066,236.8466
20210203,1770120,240.1366,242.4833,233.5633,233.78
20210204,1771656,234.4533,240.8433,234.32,236.7733
20210205,1947225,237.87,242.0233,237.65,238.86
20210208,1424694,240.9866,243.14,240.4566,241.3366
20210209,1220526,241.3833,241.7466,237.5766,237.67
20210210,1541388,238.53,239.19,236.00,237.44
20210211,1202925,238.0966,240.5009,237.67,239.7633
20210212,1308747,239.1033,242.4333,239.09,240.35
20210216,1562670,240.6666,240.7966,235.6133,235.8066
20210217,1724376,234.3333,241.2833,232.98,240.4666
20210218,1444197,239.4466,243.5316,238.3466,242.2533
20210219,1486212,243.05,243.14,237.6866,238.97
20210222,1414359,237.8566,238.3333,233.91,236.21
20210223,2318517,235.2166,235.2166,230.35,232.1966
20210224,2742156,232.37,232.68,226.73,227.3433
20210225,2021172,226.2066,228.0933,223.5166,224.39
20210226,2456241,225.23,230.275,225.1816,226.78
20210301,1863894,228.3333,234.5616,228.3333,231.28
20210302,1482621,230.4033,232.2566,228.1333,229.8933
20210303,1626882,230.3066,231.31,224.2766,224.4033
20210304,2101260,223.7066,225.3793,218.0633,219.8533
20210305,2087055,221.1633,225.6333,219.0733,225.23
20210308,1971681,226.10,234.2361,225.67,229.37
20210309,2317674,231.15,237.5433,230.83,235.3466
20210310,1690734,236.6966,239.88,234.9233,235.3666
20210311,1447314,235.1666,237.35,234.4333,234.6666
20210312,1228266,233.9666,236.8815,233.36,236.0433
20210315,818115,236.0433,238.99,234.8166,238.99
20210316,1269591,239.17,240.2666,237.0666,239.0166
20210317,1074669,239.2566,239.5533,236.1933,237.4533
20210318,1385277,236.28,238.7666,232.9333,236.71
20210319,2829798,236.17,238.0066,235.2666,235.4166
20210322,1058739,235.46,240.6333,235.1133,240.08
20210323,1797489,240.6833,246.0666,240.5083,241.98
20210324,1266696,240.5633,244.2066,240.5633,241.3833
20210325,1430949,241.1033,247.0766,240.0466,246.4033
20210326,1691346,246.45,253.3333,245.7216,253.0066
20210329,1092786,253.00,256.00,250.4733,252.1033
20210330,1084611,251.1466,251.29,247.39,248.74
20210331,1321362,248.7466,249.8933,245.9883,246.0033
20210401,1474780,246.34,250.78,244.67,249.75
20210405,1371196,251.69,256.50,250.21,255.90
20210406,1908987,255.07,259.58,254.33,258.95
20210407,1742784,258.92,259.69,250.36,251.70
20210408,1235898,251.72,254.97,251.11,253.48
20210409,1554156,254.20,255.39,252.75,255.29
20210412,1016520,255.73,259.1847,255.04,257.60
20210413,694100,257.60,258.35,256.26,257.41
20210414,890621,257.00,257.54,254.78,255.05
20210415,1181175,255.87,258.32,255.84,257.14
20210416,2133410,258.79,269.32,258.575,266.92
20210419,1157570,265.78,267.88,262.77,265.60
20210420,1057015,266.26,269.76,265.15,267.24
20210421,1168374,268.64,271.58,268.34,270.96
20210422,1053766,270.91,272.23,268.00,269.73
20210423,1108979,271.08,274.44,269.12,273.92
20210426,1230423,274.25,275.00,269.00,269.54
20210427,1538843,265.48,270.365,262.88,269.49
20210428,1290187,270.47,271.485,268.10,268.96
20210429,1686124,270.80,274.1799,270.07,273.44
20210430,1279220,272.61,274.63,271.51,273.87
20210503,1094329,275.00,279.46,274.56,277.91
20210504,1644422,276.51,283.60,276.04,283.50
20210505,818290,284.84,285.26,280.45,283.28
20210506,1065475,283.91,286.35,283.58,285.39
20210507,888137,284.74,287.77,283.01,287.23
20210510,1497464,288.71,293.045,288.06,288.65
20210511,1244364,287.36,287.99,283.185,285.84
20210512,1870029,284.50,286.84,279.75,279.84
20210513,1059432,281.04,287.02,280.18,285.81
20210514,980367,287.35,289.29,285.59,286.09
20210517,1268667,286.43,287.58,282.87,284.23
20210518,1034788,284.23,286.47,282.84,283.17
20210519,1035673,280.61,282.18,277.21,281.27
20210520,1029124,280.38,285.46,280.01,282.59
20210521,1438417,283.95,287.35,282.84,283.13
20210524,923280,283.84,285.69,282.70,284.97
20210525,835231,285.50,286.68,284.57,285.59
20210526,960933,286.05,287.09,285.12,285.64
20210527,2675796,286.16,288.37,285.58,285.77
20210528,1444629,286.61,286.88,283.38,283.53
20210601,1201654,285.90,288.64,282.66,282.84
20210602,1304221,285.00,285.57,281.49,282.41
20210603,1008125,280.77,283.00,278.13,282.57
20210604,1049062,283.64,284.33,281.43,283.20
20210607,849514,283.02,284.20,280.44,280.81
20210608,926267,281.94,282.19,278.74,281.00
20210609,1879762,279.51,280.455,276.11,276.96
20210610,1206851,281.95,282.46,276.42,277.86
20210611,1151936,277.86,278.795,275.05,276.74
20210614,1150048,276.05,277.195,271.50,273.76
20210615,1325649,274.92,274.92,271.12,271.62
20210616,1251637,272.25,272.77,267.51,268.48
20210617,1302706,269.64,270.01,265.72,269.23
20210618,2048708,266.86,270.03,266.11,268.16
20210621,1041935,270.00,274.50,269.16,273.10
20210622,672624,273.43,275.17,271.99,273.46
20210623,591344,273.50,274.56,271.22,271.37
20210624,892885,273.19,273.19,269.17,270.08
20210625,1840847,269.80,274.06,269.79,273.99
20210628,936402,273.74,273.74,270.24,272.49
20210629,647754,273.25,275.58,272.16,272.78
20210630,971963,272.68,273.34,271.13,272.45
20210701,790254,273.68,275.5293,270.80,275.34
20210702,549343,275.63,275.96,273.96,275.22
20210706,686103,275.00,275.22,269.6101,273.50
20210707,674725,272.99,277.66,272.65,277.41
20210708,1166529,274.70,275.1413,271.155,273.09
20210709,698342,275.73,276.72,273.45,276.22
20210712,731552,276.60,279.15,275.13,277.97
20210713,1217948,276.75,278.60,276.48,278.05
20210714,681169,278.79,279.615,275.15,276.93
20210715,824038,276.46,279.98,276.46,279.12
20210716,1032971,280.20,283.87,279.95,282.41
20210719,2059652,280.94,284.18,278.36,282.93
20210720,1660985,276.48,282.84,275.88,281.24
20210721,1203480,282.23,282.815,279.00,281.83
20210722,716284,281.83,283.85,281.13,281.55
20210723,1092872,282.36,286.44,282.02,285.97
20210726,1344222,285.76,286.74,283.37,285.48
20210727,1709287,282.99,288.67,279.4305,287.72
20210728,1103075,287.77,289.34,286.13,287.54
20210729,964547,289.11,289.75,287.12,289.39
20210730,1219386,289.53,291.68,288.86,291.03
20210802,879592,292.39,293.19,290.62,291.57
20210803,863048,291.43,296.09,291.01,295.98
20210804,920874,295.28,297.71,294.56,296.23
20210805,956659,297.29,298.99,294.56,295.66
20210806,709481,295.55,298.27,295.55,296.95
20210809,862017,297.14,297.85,295.70,297.41
20210810,622872,297.71,298.095,295.79,296.07
20210811,1151517,297.33,303.03,297.08,302.33
20210812,1325399,301.56,304.34,299.55,303.71
20210813,911070,303.71,307.33,303.705,305.66
20210816,853708,305.34,308.82,303.61,307.76
20210817,869896,306.03,306.46,302.50,304.92
20210818,850436,304.92,305.61,300.88,301.11
20210819,707621,298.72,303.57,297.9366,302.64
20210820,860279,303.56,308.56,303.18,307.06
20210823,686851,307.46,309.98,304.58,304.72
20210824,555904,305.03,305.0413,302.595,303.11
20210825,920909,300.96,303.60,299.5725,302.73
20210826,673000,303.39,303.39,299.40,302.27
20210827,682225,303.45,304.86,302.52,302.87
20210830,615120,304.58,307.50,303.86,305.31
20210831,963120,305.00,305.305,302.61,303.67
20210901,682006,302.62,306.77,302.02,305.91
20210902,818047,306.64,308.79,305.56,308.70
20210903,786823,307.01,310.43,305.7746,307.43
20210907,938636,302.35,305.06,300.096,302.84
20210908,1688363,298.68,299.38,294.10,296.69
20210909,1708775,294.19,299.32,293.35,297.30
20210910,1200162,297.26,304.075,296.01,300.64
20210913,1190248,303.57,304.85,300.70,302.07
20210914,1067262,302.06,302.51,297.87,298.86
20210915,606489,300.44,300.62,296.76,299.41
20210916,643445,298.91,299.25,296.33,298.02
20210917,1862406,296.41,297.04,293.02,293.74
20210920,1101628,289.02,293.34,288.14,291.77
20210921,802696,293.48,293.75,289.66,290.36
20210922,812620,291.86,294.30,290.475,291.99
20210923,854144,293.34,295.63,292.33,294.25
20210924,746749,292.97,293.84,291.07,291.80
20210927,783657,289.97,291.36,287.45,287.61
20210928,1619706,285.73,286.46,278.70,279.62
20210929,2580932,273.46,285.46,272.0125,282.26
20210930,1670782,283.30,284.20,278.77,279.73
20211001,1797852,280.78,289.70,280.24,285.04
20211004,1483514,284.98,289.00,283.71,285.29
20211005,1571277,286.13,292.89,285.04,291.34
20211006,1409131,289.72,294.01,287.96,293.86
20211007,1426276,296.31,299.79,292.98,293.75
20211008,1171366,293.75,294.86,288.04,289.99
20211011,855165,289.00,292.475,288.27,288.29
20211012,1237739,289.195,293.33,288.28,291.86
20211013,838236,293.50,293.50,286.59,289.94
20211014,1079292,288.75,292.355,285.03,292.22
20211015,1058716,294.04,297.24,291.90,296.39
20211018,757209,294.81,297.39,294.26,297.35
20211019,656896,298.86,298.86,296.03,298.28
20211020,847053,299.32,301.93,297.35,301.88
20211021,970595,301.89,306.94,300.57,306.78
20211022,653608,306.78,308.45,306.24,306.62
20211025,1052964,308.00,310.75,306.74,309.72
20211026,1931717,309.715,318.85,302.02,316.02
20211027,1365442,317.60,321.6739,316.3101,317.38
20211028,1152033,316.68,323.82,314.50,321.42
20211029,1524691,321.31,323.50,314.60,316.61
20211101,1284082,316.62,318.03,310.05,310.09
20211102,994771,311.33,314.19,310.92,312.79
20211103,1281667,314.22,314.93,310.27,314.26
20211104,1040918,313.00,318.91,312.95,318.59
20211105,1098684,318.92,322.33,317.31,319.03
20211108,765177,320.32,322.48,319.42,320.80
20211109,780987,320.62,324.64,319.359,324.05
20211110,973184,323.31,325.68,323.31,324.61
20211111,620590,323.95,326.11,323.00,326.00
20211112,1212711,327.05,331.50,326.00,331.40
20211115,852193,330.28,333.00,327.855,332.85
20211116,1334548,333.38,340.07,332.875,338.64
20211117,1131707,338.03,340.45,332.9606,333.16
20211118,1126144,333.38,335.49,330.38,330.74
20211119,1355848,331.92,334.77,329.32,332.25
20211122,971845,332.69,335.505,329.77,329.81
20211123,1024724,329.00,331.25,326.09,327.49
20211124,907230,327.00,328.56,326.24,328.02
20211126,1030569,323.92,328.73,323.00,323.30
20211129,1629544,325.34,335.26,323.61,334.28
20211130,2644782,332.94,337.53,329.40,331.24
20211201,1813356,333.40,339.665,330.83,330.95
20211202,1482435,331.73,342.92,330.76,339.67
20211203,1794680,340.16,347.04,336.89,342.40
20211206,1123646,345.30,345.39,339.84,341.13
20211207,1261558,344.62,345.82,341.09,341.77
20211208,841280,342.50,344.08,339.08,342.22
20211209,668292,343.89,347.31,343.12,343.87
20211210,659734,346.41,348.12,343.79,346.46
20211213,1007905,346.77,348.55,343.19,346.00
20211214,918828,346.35,346.35,340.06,342.76
20211215,1413462,338.79,345.70,338.10,345.64
20211216,944487,347.46,349.72,345.54,348.25
20211217,2325608,346.66,346.66,338.68,340.44
20211220,1153610,337.61,338.00,329.00,335.69
20211221,1045112,336.78,339.30,332.54,334.49
20211222,454115,334.00,339.21,333.67,338.72
20211223,785616,338.52,342.13,337.76,338.38
20211227,842004,339.26,346.525,339.26,345.55
20211228,601231,347.70,349.665,346.08,348.40
20211229,484685,347.77,352.37,347.75,351.36
20211230,410715,352.05,354.15,349.7714,350.36
20211231,852140,349.57,353.27,349.235,352.16
20220103,1484153,348.48,350.385,335.36,339.12
20220104,1707941,334.32,337.68,332.40,335.72
20220105,1182479,336.53,342.57,333.99,336.35
20220106,947098,335.86,337.465,332.85,333.56
20220107,1325460,333.00,333.175,322.69,323.22
20220110,1603733,322.30,323.46,317.07,323.30
20220111,1063658,323.42,324.665,318.0653,324.50
20220112,1191428,325.35,326.01,319.295,321.59
20220113,1064301,322.24,324.50,316.64,317.39
20220114,2622733,310.24,313.45,304.00,308.46
20220118,2738172,300.71,306.95,297.78,306.22
20220119,1859774,306.66,309.20,303.57,303.79
20220120,1501385,305.32,307.57,296.751,297.66
20220121,2124936,297.66,301.85,292.76,292.85
20220124,2987306,287.25,299.64,284.90,298.52
20220125,2908047,294.51,298.95,290.52,294.26
20220126,3524129,295.00,299.99,291.72,292.75
20220127,3374560,290.28,294.94,279.81,283.17
20220128,2316764,282.38,287.85,273.78,287.70
20220131,2498729,287.00,288.90,283.20,286.51
20220201,2220981,288.73,294.30,284.69,293.09
20220202,1190310,293.70,295.75,290.17,294.32
20220203,998826,291.51,294.085,287.40,287.83
20220204,1459738,286.02,286.10,280.61,281.73
20220207,1474934,282.15,282.68,279.22,279.22
20220208,1125894,280.10,281.00,277.9825,279.67
20220209,1086354,283.00,288.50,282.96,286.62
20220210,1215167,283.18,285.4238,278.51,279.93
20220211,1265089,278.94,279.93,272.20,273.10
20220214,1074768,273.54,274.645,269.18,270.48
20220215,1166915,274.74,275.05,270.24,271.57
20220216,924048,271.86,273.05,266.88,272.63
20220217,946175,271.25,273.06,266.455,267.22
20220218,1317365,267.69,271.49,266.355,268.07
20220222,2088557,265.86,266.72,259.13,261.58
20220223,2101447,262.90,264.095,259.145,259.40
20220224,2010241,253.52,259.58,251.4335,258.94
20220225,1423811,259.55,267.39,259.16,267.27
20220228,2315080,264.73,266.795,260.83,263.13
20220301,2311248,261.52,263.46,253.95,255.53
20220302,1449301,256.05,261.18,255.58,260.22
20220303,997868,262.82,263.93,256.22,258.04
20220304,1643678,255.46,258.75,253.52,258.49
20220307,2197775,257.45,258.50,242.90,242.95
20220308,2049066,242.45,248.08,236.20,239.85
20220309,1887100,241.98,244.54,238.01,241.71
20220310,1672343,238.38,239.44,235.85,237.55
20220311,1269930,238.01,239.13,233.32,233.59
20220314,1340672,234.86,239.67,233.41,237.63
20220315,1757479,239.73,244.48,239.265,242.44
20220316,1651121,244.98,249.60,239.66,244.38
20220317,1409030,242.51,247.53,241.49,247.52
20220318,2068325,248.13,252.63,244.88,251.53
20220321,1135906,251.20,251.88,244.14,245.82
20220322,1400254,251.49,252.15,248.55,250.17
20220323,1276481,248.42,249.76,246.80,247.64
20220324,1369794,248.46,250.01,246.60,249.93
20220325,1143336,249.29,250.79,244.46,245.21
20220328,1282061,245.54,250.62,244.1119,250.58
20220329,1904064,259.05,264.4255,256.315,259.35
20220330,1157539,257.00,258.11,252.19,253.01
20220331,1816711,253.452,255.50,249.62,249.62
20220401,1378271,251.36,255.37,249.64,255.21
20220404,1587529,253.82,259.08,252.32,259.04
20220405,1603309,258.28,262.305,256.75,257.97
20220406,1671292,255.91,263.65,254.30,262.63
20220407,1559360,261.26,264.21,258.33,263.83
20220408,1131311,265.00,266.775,262.40,263.76
20220411,995960,262.08,264.46,260.73,261.10
20220412,857635,262.99,265.20,255.84,256.95
20220413,1282374,255.74,259.72,254.225,258.40
20220414,1246848,259.84,261.26,252.75,252.90
20220418,1389270,249.76,252.58,245.38,246.17
20220419,1275542,246.65,253.845,246.65,252.25
20220420,1705536,255.03,258.67,251.0202,253.09
20220421,1408448,256.39,258.43,251.33,251.61
20220422,1426488,251.15,251.1526,244.64,244.92
20220425,1738464,245.13,248.35,240.70,248.02
20220426,5012137,268.78,275.935,266.32,271.37
20220427,3950163,272.74,283.99,272.45,279.38
20220428,2367136,283.00,284.70,276.26,281.31
20220429,3099499,280.03,285.00,273.90,274.96
20220502,2870689,273.80,278.1972,265.91,268.78
20220503,2007030,268.49,271.08,265.92,269.37
20220504,2059121,270.44,283.15,270.21,282.53
20220505,2129967,280.11,282.16,273.61,276.95
20220506,1758583,275.77,275.77,268.135,273.38
20220509,2280446,269.99,280.84,269.52,276.97
20220510,2208700,278.67,280.00,265.18,266.37
20220511,1376579,265.36,271.47,263.78,264.67
20220512,2637559,262.42,275.11,261.00,274.54
20220513,1501587,275.66,277.9107,270.49,273.33
20220516,1278686,270.62,274.71,265.32,271.37
20220517,1603758,275.30,276.45,266.66,269.26
20220518,1526960,266.40,267.975,258.06,259.66
20220519,1690324,257.74,263.32,255.16,259.37
20220520,2576141,260.51,262.31,250.18,257.95
20220523,1290349,260.61,261.795,257.37,259.27
20220524,1450689,259.39,260.02,254.20,257.65
20220525,1420777,257.21,265.46,255.76,265.12
20220526,1363887,270.27,274.27,266.40,271.97
20220527,1180140,274.10,276.38,272.505,276.35
20220531,4118266,272.71,272.71,265.00,268.04
20220601,1202066,270.12,270.12,263.43,265.26
20220602,2271574,266.55,269.767,265.07,269.49
20220603,1395786,266.80,273.43,266.41,268.88
20220606,1220011,268.99,275.89,268.18,275.03
20220607,1293194,272.13,278.31,271.45,277.23
20220608,1154566,275.02,275.77,266.93,268.08
20220609,1593057,267.30,273.845,261.87,261.99
20220610,1513822,258.13,258.295,247.22,247.42
20220613,1635635,241.45,245.25,236.63,237.86
20220614,1539006,236.92,239.20,226.94,229.48
20220615,1580178,231.72,233.51,224.40,228.99
20220616,1552994,223.29,223.82,216.12,218.95
20220617,2627925,218.56,226.28,214.22,222.79
20220621,2509437,221.70,224.16,217.23,220.15
20220622,2370505,215.13,223.55,215.01,221.20
20220623,2481923,222.06,225.32,220.49,224.89
20220624,2744257,227.00,231.655,226.00,231.25
20220627,1633421,230.36,231.2099,226.18,227.16
20220628,1143280,229.09,231.37,222.81,223.31
20220629,1266823,222.32,226.32,221.09,225.41
20220630,1548368,224.00,225.60,218.61,223.91
20220701,2295772,225.00,235.49,224.38,235.23
20220705,2331148,233.00,242.66,230.97,242.23
20220706,1817689,242.84,247.04,240.37,242.74
20220707,1528262,240.79,245.76,239.21,239.49
20220708,923522,238.50,239.66,236.16,238.29
20220711,1214150,236.24,243.665,236.01,241.96
20220712,1691181,245.08,252.175,243.61,246.56
20220713,1308509,240.00,246.565,237.87,245.72
20220714,1098265,242.27,245.16,240.58,244.44
20220715,1109582,248.62,249.06,243.81,245.57
20220718,1269645,246.11,247.09,242.07,243.25
20220719,1034930,246.21,248.01,243.05,247.48
20220720,1062784,248.25,250.52,246.18,249.53
20220721,1086989,250.46,257.09,249.72,256.59
20220722,1496873,258.65,263.235,256.86,259.01
20220725,1194617,257.81,259.84,255.77,259.01
20220726,1366521,257.00,257.28,252.54,254.29
20220727,7253632,226.19,233.28,220.74,231.97
20220728,2498397,230.83,245.605,230.51,243.04
20220729,1973985,243.00,246.035,241.48,241.94
20220801,2162180,240.38,243.74,238.83,243.09
20220802,1979958,244.09,245.37,239.45,243.61
20220803,1887437,242.79,243.225,237.82,239.32
20220804,1016755,239.57,244.76,239.57,243.09
20220805,1955179,240.01,240.8151,235.73,237.08
20220808,1518643,239.80,242.9092,238.72,240.49
20220809,2056707,239.47,240.20,232.18,232.36
20220810,2465126,237.88,247.22,237.165,243.74
20220811,1624823,246.24,247.34,242.105,243.99
20220812,1479071,245.11,251.82,243.99,251.61
20220815,1333617,252.15,258.275,251.335,257.34
20220816,1369323,255.35,258.92,255.12,256.27
20220817,1419481,252.36,254.135,250.05,251.47
20220818,1262608,250.81,251.96,247.435,248.97
20220819,939926,247.99,248.865,244.14,244.58
20220822,1065409,241.49,244.53,240.43,241.44
20220823,1241280,239.36,240.85,236.954,238.08
20220824,1464250,238.26,242.69,237.115,239.53
20220825,825252,241.32,244.63,240.06,244.53
20220826,1183971,245.00,245.00,235.53,235.70
20220829,1255735,233.83,236.37,231.64,234.01
20220830,1343585,235.94,238.17,234.41,235.00
20220831,1742610,237.92,237.99,232.06,232.10
20220901,1575011,231.09,233.41,230.08,232.33
20220902,1199133,235.25,236.26,230.85,231.81
20220906,1303106,232.50,232.75,227.87,228.38
20220907,1434496,229.60,238.71,228.2401,238.65
20220908,1179685,236.75,241.13,235.49,240.78
20220909,1318315,241.20,242.36,239.51,240.35
20220912,1477845,241.93,244.82,241.00,242.97
20220913,1084167,236.13,236.735,230.26,230.86
20220914,1360943,230.06,230.41,223.87,225.85
20220915,1100052,225.99,229.86,223.525,223.87
20220916,2410653,219.70,223.17,219.70,221.56
20220919,1159831,220.86,223.51,220.57,223.18
20220920,1188001,220.00,220.52,217.07,218.83
20220921,1197233,220.09,221.15,213.66,213.84
20220922,2213934,211.72,212.50,207.68,208.05
20220923,1610739,206.47,212.94,206.40,211.22
20220926,1783331,211.05,212.32,206.84,209.00
20220927,1538200,211.41,212.71,206.04,208.56
20220928,1579493,211.68,214.19,208.18,213.07
20220929,1100856,211.24,211.65,206.315,207.84
20220930,1512176,208.41,210.75,204.57,204.75
20221003,1606418,206.84,216.06,206.65,214.38
20221004,1704368,217.26,221.40,216.68,219.51
20221005,1363185,216.59,219.71,216.59,217.37
20221006,1178083,217.30,220.49,215.85,216.77
20221007,1198888,213.71,214.80,204.05,205.60
20221010,1621702,205.15,207.475,200.24,205.80
20221011,1228279,204.19,208.55,202.37,204.51
20221012,1399094,206.05,206.36,201.08,201.51
20221013,1797224,198.13,207.09,195.24,205.68
20221014,1180992,206.73,209.24,201.46,201.70
20221017,1304496,205.62,210.16,205.62,209.12
20221018,1270687,215.03,218.84,211.32,212.63
20221019,1046496,210.02,211.2994,205.315,207.24
20221020,1704830,206.33,208.7967,199.79,201.22
20221021,2082612,199.51,207.93,199.01,207.82
20221024,2003704,209.08,214.95,207.50,212.53
20221025,2812591,224.90,228.57,219.135,220.20
20221026,2100559,219.45,222.46,215.38,220.88
20221027,1755023,222.20,224.52,221.295,221.85
20221028,1469405,221.83,227.61,221.605,226.23
20221031,1666049,225.20,228.31,224.19,225.03
20221101,2148859,227.04,227.59,221.43,224.78
20221102,1777159,225.00,225.42,215.43,215.73
20221103,1767582,212.40,219.95,211.8701,217.19
20221104,1774042,220.53,221.07,213.01,216.23
20221107,1343085,217.59,222.04,215.71,221.37
20221108,1273813,223.53,228.28,221.75,225.42
20221109,988246,224.25,225.99,221.44,222.00
20221110,2699267,234.12,244.86,231.74,239.00
20221111,1913067,237.52,242.375,236.1301,237.24
20221114,2775862,236.74,237.62,233.16,234.08
20221115,1799182,239.00,243.56,237.87,240.59
20221116,1539917,239.99,243.17,239.105,240.81
20221117,1521179,238.13,238.68,231.67,237.11
20221118,1394820,240.00,244.89,237.60,240.04
20221121,1583018,240.50,243.97,238.74,239.26
20221122,2046847,240.04,243.58,235.62,243.45
20221123,1380514,243.59,250.06,241.64,250.00
20221125,403941,248.00,249.87,246.94,249.52
20221128,816956,247.37,249.80,245.11,245.56
20221129,1239146,245.00,246.95,239.61,241.57
20221130,2873618,237.51,249.59,236.63,249.18
20221201,1060983,253.31,253.31,248.89,251.61
20221202,1769375,248.38,259.69,246.68,257.75
20221205,1431591,253.75,256.50,252.92,253.59
20221206,1150651,254.41,255.55,249.38,253.46
20221207,1285688,253.36,255.46,249.99,251.12
20221208,1153890,251.52,254.58,249.88,254.45
20221209,972667,254.19,255.22,251.945,252.88
20221212,1402783,254.68,254.68,249.03,253.88
20221213,1312677,261.88,265.64,255.03,258.86
20221214,1742925,254.00,258.93,248.64,248.68
20221215,1324643,246.01,246.01,241.23,244.19
20221216,2295250,242.01,243.54,238.51,240.47
20221219,1026148,239.67,241.6076,237.15,238.11
20221220,952804,237.09,240.49,236.42,238.58
20221221,1046461,239.48,242.31,238.52,242.21
20221222,934244,239.18,241.53,237.72,241.30
20221223,604992,240.69,244.23,238.84,242.67
20221227,653280,241.83,242.69,239.08,239.42
20221228,861138,240.00,242.27,237.185,237.48
20221229,605222,239.31,242.095,239.00,241.32
20221230,877692,239.62,240.86,235.105,237.33
20230103,1006059,240.58,241.09,236.91,239.37
20230104,790141,242.41,245.0957,240.68,244.18
20230105,1601794,239.80,241.14,226.50,227.75
20230106,1400031,229.46,237.2075,228.11,235.80
20230109,1047436,237.10,241.265,234.07,236.01
20230110,865777,233.94,235.8699,232.62,234.10
20230111,1459168,237.16,243.96,236.74,243.76
20230112,1077558,244.16,246.57,238.55,243.74
20230113,827097,241.03,246.45,241.03,245.88
20230117,1379058,246.49,248.45,244.80,247.80
20230118,1382141,249.50,249.92,244.09,244.27
20230119,1435367,241.81,243.71,233.87,234.34
20230120,1648430,236.02,246.31,234.66,245.31
20230123,1110886,244.28,247.72,242.18,246.04
20230124,1133338,246.53,249.74,243.40,249.36
20230125,1608841,245.53,249.365,244.70,247.09
20230126,7702990,220.80,230.28,219.07,225.06
20230127,2871709,225.10,230.65,225.10,228.54
20230130,2315684,230.47,232.86,229.78,230.88
20230131,2244464,231.84,237.08,231.34,236.59
20230201,1818113,236.15,244.47,235.0201,243.22
20230202,1678035,243.95,247.75,242.38,245.35
20230203,1691867,241.78,242.99,240.09,241.73
20230206,1342474,240.88,244.20,239.43,243.03
20230207,2156556,241.03,242.39,234.475,238.44
20230208,1268390,232.29,237.62,231.39,235.51
20230209,1228297,236.61,238.76,230.83,231.51
20230210,1452045,230.17,232.26,228.90,230.49
20230213,1575724,231.56,235.695,230.88,233.08
20230214,1246237,231.95,233.94,230.02,231.95
20230215,1906690,231.66,234.15,229.27,232.65
20230216,1712549,228.00,230.70,226.89,227.13
20230217,1594921,226.15,228.205,224.25,227.98
20230221,2326090,226.45,227.34,221.61,223.22
20230222,2339213,224.78,224.90,222.02,222.63
20230223,1718470,223.01,224.1816,219.41,223.05
20230224,1423094,219.00,221.61,216.66,221.08
20230227,1173938,223.80,224.67,220.87,221.94
20230228,1675435,221.27,223.75,220.53,221.35
20230301,1515349,219.00,220.92,217.63,219.01
20230302,1350094,216.75,225.18,216.25,224.02
20230303,1297528,226.33,228.82,224.21,228.34
20230306,1861541,228.98,230.55,224.47,224.47
20230307,1310094,224.05,225.07,219.37,220.50
20230308,1034954,220.43,222.37,218.49,220.03
20230309,1502553,221.82,223.14,216.735,217.19
20230310,1678561,218.73,219.93,213.41,214.10
20230313,1727308,211.90,217.885,211.89,213.60
20230314,1471961,215.99,218.73,214.015,216.99
20230315,1425710,214.96,218.74,213.74,216.55
20230316,1390364,215.93,221.135,214.94,220.35
20230317,1756589,219.64,220.14,216.16,217.32
20230320,1035094,217.46,220.3299,217.15,219.55
20230321,1109972,221.00,222.66,217.585,220.80
20230322,2572770,218.98,219.00,211.16,211.34
20230323,1873412,211.83,213.28,205.43,209.06
20230324,2237060,208.61,212.74,205.81,211.28
20230327,1021753,213.80,214.75,211.10,213.93
20230328,958923,214.37,214.37,210.92,211.72
20230329,1005158,214.23,215.40,211.91,215.32
20230330,1063825,216.60,217.285,215.15,217.02
20230331,1484477,217.92,225.28,217.07,224.77
20230403,1864702,226.98,228.53,225.19,226.64
20230404,1747629,226.16,228.27,222.89,223.24
20230405,1361211,222.40,224.68,220.46,222.83
20230406,1366222,220.22,224.03,220.22,223.98
20230410,1085188,222.13,224.56,221.8975,224.38
20230411,1095956,225.32,227.17,224.63,226.28
20230412,1205972,228.46,228.97,225.51,225.78
20230413,1318902,226.54,228.14,225.35,227.45
20230414,1012058,227.24,228.58,224.90,225.65
20230417,1269229,226.68,230.95,226.1722,230.70
20230418,887010,232.06,232.83,228.72,230.07
20230419,1140220,230.00,233.95,229.03,233.59
20230420,1213992,233.03,235.15,231.18,233.77
20230421,1132632,233.78,234.62,231.48,233.64
20230424,2008416,234.52,237.08,233.31,236.56
20230425,2550079,238.08,239.15,232.405,234.79
20230426,1538194,235.55,235.98,228.57,228.90
20230427,1664354,229.52,232.70,227.43,232.69
20230428,1911073,233.24,238.63,232.95,237.54
20230501,1666306,237.17,237.99,231.90,231.94
20230502,1230855,231.06,232.79,229.25,231.88
20230503,1486654,233.42,235.00,231.12,231.52
20230504,1363373,229.88,232.07,226.13,227.34
20230505,1007960,229.18,231.68,228.66,230.84
20230508,1085752,230.85,233.05,230.635,230.93
20230509,875398,229.10,231.44,228.41,229.35
20230510,958652,231.87,233.96,228.09,230.00
20230511,1503691,230.00,230.47,228.66,230.18
20230512,2209636,231.46,232.47,225.90,227.43
20230515,1233618,228.18,229.79,225.395,226.60
20230516,1477297,225.01,225.33,221.76,222.22
20230517,1792201,222.22,229.24,221.84,227.63
20230518,1224125,227.00,233.00,225.9101,232.87
20230519,1046884,234.39,234.82,230.39,232.77
20230522,1332429,233.16,234.14,230.62,230.64
20230523,1445865,229.27,231.245,226.09,227.05
20230524,1200703,230.60,230.74,226.22,228.78
20230525,1947826,229.00,229.40,223.28,226.51
20230526,1118027,226.99,230.37,226.9535,229.14
20230530,1229663,228.82,230.81,225.98,228.44
20230531,1976231,228.55,228.75,224.40,227.78
20230601,1722488,227.78,235.20,227.20,234.89
20230602,1693680,237.04,242.84,236.94,240.83
20230605,1253009,240.56,243.21,239.63,239.73
20230606,943978,239.48,242.84,238.25,240.30
20230607,1345536,239.79,242.61,239.44,240.76
20230608,1623794,241.12,245.77,240.24,243.25
20230609,1021883,242.00,242.00,239.03,240.76
20230612,1026583,241.67,244.97,240.05,244.91
20230613,806063,244.99,247.52,244.65,247.19
20230614,1168889,249.77,249.79,244.70,245.85
20230615,1045243,246.41,251.01,244.81,249.47
20230616,2244788,250.72,250.72,247.57,247.89
20230620,1210428,245.33,249.155,244.99,248.37
20230621,970467,247.98,249.46,245.7727,247.28
20230622,820726,248.88,249.165,245.46,246.28
20230623,1608479,243.65,248.05,242.44,247.04
20230626,1109516,250.06,251.965,248.03,251.71
20230627,1795473,251.98,258.69,251.45,256.69
20230628,1837523,257.58,260.59,254.55,256.02
20230629,1410744,255.35,262.37,255.12,261.29
20230630,1769043,262.50,266.51,261.72,265.52
20230703,753146,262.94,264.54,262.11,264.13
20230705,2068677,262.61,263.12,257.96,258.78
20230706,1300909,255.26,257.71,252.805,257.37
20230707,1018928,256.60,258.44,255.155,255.42
20230710,1047297,255.39,259.78,255.21,256.93
20230711,770538,258.20,261.55,257.72,261.38
20230712,917923,265.00,265.44,261.26,263.21
20230713,1154136,263.40,266.45,262.075,266.30
20230714,1137139,266.34,267.685,264.30,267.04
20230717,945604,267.14,268.26,265.58,267.83
20230718,1623629,268.17,271.1806,265.83,267.69
20230719,1385929,268.18,270.30,266.91,268.01
20230720,1255989,267.08,268.67,265.54,266.33
20230721,2298631,265.44,269.74,261.715,268.73
20230724,2275638,268.43,268.80,265.625,268.02
20230725,4040492,275.11,282.98,274.88,275.96
20230726,2289089,279.46,281.45,277.33,280.90
20230727,1889715,281.68,283.80,275.63,277.06
20230728,1201960,279.87,282.11,278.6773,280.12
20230731,1779986,281.48,281.99,272.67,276.50
20230801,2013537,276.21,281.61,275.28,280.20
20230802,1239818,277.41,279.48,275.66,277.68
20230803,1580598,277.03,277.92,272.68,273.23
20230804,1218441,276.06,277.00,272.495,273.56
20230807,1096676,275.00,276.57,272.73,274.32
20230808,964343,272.00,272.9797,269.32,272.81
20230809,1339838,272.58,274.36,271.38,271.51
20230810,1112350,272.26,276.08,272.031,272.86
20230811,1240555,273.31,274.44,271.50,273.72
20230814,1359246,273.35,276.72,272.48,276.63
20230815,1026809,275.29,277.96,275.035,275.26
20230816,1662048,275.98,276.72,272.65,273.07
20230817,1189108,272.93,274.0181,267.57,268.03
20230818,1440582,266.32,270.98,265.0859,270.15
20230821,964334,270.34,272.12,267.79,270.38
20230822,1015976,272.14,273.15,268.38,270.41
20230823,1784701,271.38,273.6175,270.59,272.05
20230824,929216,271.43,273.40,268.87,269.23
20230825,1478123,269.65,270.05,264.33,264.63
20230828,1731399,264.57,268.59,264.37,266.36
20230829,1461761,266.29,270.56,264.62,270.46
20230830,944122,270.91,272.0399,269.70,270.12
20230831,1490070,270.74,273.04,269.85,271.72
20230901,1575793,273.21,275.18,272.47,274.82
20230905,1463910,273.73,274.175,267.71,269.59
20230906,1083622,270.22,270.22,267.32,269.07
20230907,1038386,268.53,272.16,267.72,271.16
20230908,1088420,270.55,273.82,270.4109,271.45
20230911,1035812,271.98,274.64,271.76,273.65
20230912,1358139,272.06,272.235,267.61,268.73
20230913,910071,268.04,269.23,265.465,268.46
20230914,1035465,269.46,270.10,266.51,268.07
20230915,2620142,267.90,267.90,260.74,261.63
20230918,1471375,261.18,261.54,259.19,259.95
20230919,1264426,259.02,261.60,257.50,261.42
20230920,864491,263.08,264.305,259.57,259.81
20230921,1207660,257.96,258.1347,254.24,254.38
20230922,1091911,255.19,255.97,253.69,254.67
20230925,978258,253.72,257.04,252.35,256.21
20230926,1030946,254.98,256.912,252.76,253.87
20230927,1243029,254.86,255.35,248.94,250.62
20230928,1371497,251.36,256.86,250.71,256.21
20230929,1450893,258.24,258.97,254.05,255.05
20231002,1217876,254.16,255.12,250.68,252.65
20231003,1787567,251.50,254.60,248.53,248.77
20231004,1872149,253.21,256.85,251.497,256.46
20231005,1220814,256.41,257.775,252.422,253.72
20231006,1196814,252.18,257.38,251.20,254.85
20231009,1140136,251.86,253.03,247.94,251.82
20231010,1277299,251.20,256.44,251.00,253.20
20231011,1470663,254.46,257.56,251.21,255.54
20231012,931913,255.36,255.36,247.345,249.07
20231013,939603,249.06,251.475,245.66,246.94
20231016,1132899,250.02,252.71,248.94,252.37
20231017,934121,250.04,254.56,249.42,252.84
20231018,1540622,247.86,248.00,241.88,242.29
20231019,2148364,241.00,243.32,237.075,238.89
20231020,1663627,239.22,240.64,237.63,237.70
20231023,3265806,236.34,240.74,236.34,238.64
20231024,3721372,245.00,247.765,232.10,234.98
20231025,2266740,235.20,241.22,234.39,238.61
20231026,1536386,239.96,241.26,237.47,237.71
20231027,1426796,237.32,239.90,235.02,236.03
20231030,1920035,237.86,239.09,232.06,235.42
20231031,1249033,235.91,239.24,235.84,238.21
20231101,1327626,237.70,239.21,235.905,238.91
20231102,1495486,241.49,246.96,240.00,245.32
20231103,1444563,247.04,252.61,247.04,250.91
20231106,1048297,250.39,251.99,249.9304,250.50
20231107,1017225,251.00,252.84,249.49,251.99
20231108,1173834,252.63,256.71,252.23,256.09
20231109,1116325,256.39,256.565,252.20,252.40
20231110,1518341,253.24,256.38,251.69,255.75
20231113,1079284,254.91,255.625,252.75,253.89
20231114,1663963,259.05,268.70,258.525,266.34
20231115,1201336,266.34,269.12,264.70,264.79
20231116,1327666,264.54,269.86,264.54,269.30
20231117,1104398,270.38,271.402,268.29,270.28
20231120,1987915,270.28,274.42,269.28,273.04
20231121,1838296,273.25,274.63,270.95,273.54
20231122,764670,276.79,277.795,273.57,274.65
20231124,364936,275.11,276.81,274.85,275.83
20231127,1378481,274.88,276.51,274.02,275.38
20231128,1249599,274.59,275.19,272.75,273.45
20231129,1037434,274.60,276.10,273.21,273.72
20231130,1647967,273.41,279.12,272.34,278.80
20231201,1537156,278.18,282.59,276.13,282.33
20231204,1608822,281.12,285.55,280.01,281.46
20231205,1786800,280.84,283.26,278.45,283.00
20231206,3189738,286.09,289.40,285.95,286.71
20231207,1923839,287.52,292.84,286.47,291.58
20231208,1265646,290.92,292.435,288.27,289.82
20231211,1360827,293.00,293.35,290.05,291.63
20231212,1890050,292.65,295.36,290.89,294.82
20231213,1864657,295.66,304.09,294.89,303.39
20231214,2130830,306.26,310.19,305.00,306.77
20231215,2849142,305.59,311.865,305.59,309.77
20231218,1255362,308.98,309.00,306.535,308.37
20231219,1789327,309.00,310.4555,306.94,307.21
20231220,1566986,307.00,307.71,303.44,304.21
20231221,921856,307.17,307.85,305.15,306.93
20231222,1347928,307.71,311.32,306.17,311.27
20231226,548533,311.45,314.03,310.37,312.67
20231227,694065,311.94,313.41,311.81,313.27
20231228,664168,313.14,314.00,311.97,312.84
20231229,682013,312.90,314.14,311.51,311.90
20240102,1968545,304.60,306.43,300.89,304.91
20240103,2153209,301.00,301.23,296.18,296.77
20240104,1711182,295.23,297.95,293.17,295.77
20240105,1343023,294.96,299.27,294.96,296.68
20240108,1334520,296.88,300.35,294.57,299.47
20240109,1730381,297.47,298.72,295.08,297.51
20240110,1824154,297.47,298.81,296.495,298.40
20240111,1341237,299.00,299.345,296.32,297.42
20240112,1515398,298.87,302.58,296.39,302.51
20240116,1177784,302.00,302.84,298.685,300.08
20240117,1562604,297.76,302.78,297.50,300.88
20240118,1215636,301.89,306.80,300.60,306.37
20240119,1673695,307.42,307.66,302.925,304.02
20240122,1169076,305.02,308.45,304.945,307.48
20240123,1409571,308.70,309.165,305.04,305.46
20240124,1846978,306.49,307.83,300.855,301.06
20240125,3830757,295.00,305.976,292.00,303.91
20240126,1721578,304.28,306.26,300.635,301.85
20240129,1564208,301.85,308.40,301.77,308.09
20240130,1367705,307.54,310.00,306.67,307.63
20240131,1910631,307.50,308.73,304.001,304.38
20240201,1503104,304.89,309.53,302.37,309.08
20240202,1526421,306.32,311.57,304.445,309.99
20240205,2267522,307.10,308.04,302.87,304.49
20240206,1517467,304.50,308.06,303.89,307.88
20240207,1828600,310.11,312.98,309.49,309.86
20240208,1259974,311.11,312.42,307.47,312.15
20240209,912517,312.22,312.99,309.39,311.74
20240212,991616,311.96,313.26,310.2184,310.42
20240213,974978,305.65,308.245,301.98,307.21
20240214,945680,308.97,311.85,307.43,311.03
20240215,977403,313.00,314.38,311.57,312.51
20240216,1699176,311.83,312.89,308.79,309.08
20240220,998164,307.98,312.01,306.38,311.26
20240221,1096965,311.77,314.765,310.64,314.29
20240222,1020695,315.00,321.23,314.55,320.62
20240223,1387795,320.75,322.8618,319.80,322.03
20240226,1532171,322.03,324.50,321.52,322.51
20240227,1434067,325.00,328.09,323.38,327.72
20240228,1340364,327.36,330.73,325.80,329.68
20240229,1852555,330.86,332.83,329.73,332.03
20240301,1596399,330.30,335.94,328.95,335.23
20240304,1146118,334.31,337.49,334.14,337.10
20240305,1277824,335.66,339.50,332.25,333.28
20240306,1097631,336.28,337.44,334.21,336.49
20240307,1581397,344.00,346.14,340.00,344.66
20240308,1297538,346.06,347.71,340.07,340.69
20240311,992723,340.29,340.64,335.925,340.39
20240312,1305098,340.62,343.29,339.145,342.70
20240313,1835198,341.71,342.00,333.59,336.81
20240314,1417133,336.53,338.73,332.39,334.92
20240315,1623785,331.43,337.945,330.82,334.66
20240318,1083191,337.80,338.34,334.70,335.27
20240319,855820,336.35,337.37,334.83,336.58
20240320,1222675,337.78,342.85,336.13,341.05
20240321,1332219,343.02,347.62,340.01,347.23
20240322,889290,347.00,347.00,342.66,342.87
20240325,1168751,341.28,342.52,340.1267,342.00
20240326,1127222,342.23,344.47,341.79,342.00
20240327,958608,345.00,347.04,344.07,346.89
20240328,995098,346.58,348.3739,344.63,347.33
20240401,992182,346.44,346.465,337.81,338.16
20240402,1608125,334.83,335.00,331.60,333.96
20240403,1095152,333.50,335.50,332.17,334.29
20240404,1316711,337.64,340.00,328.66,329.86
20240405,870262,331.07,332.52,329.37,331.85
20240408,1097787,332.48,333.54,330.94,332.30
20240409,789944,336.65,336.88,327.32,334.55
20240410,1563199,327.40,329.03,321.01,321.16
20240411,1323415,322.49,322.49,319.29,319.92
20240412,1280164,317.60,319.25,315.05,318.25
20240415,1745225,322.05,322.05,313.42,313.97
20240416,1440738,310.58,311.91,306.93,308.38
20240417,1523891,310.79,311.40,307.8401,310.16
20240418,1127484,311.48,313.24,307.66,309.38
20240419,1563345,310.84,311.15,305.37,305.96
20240422,1638127,306.13,311.99,304.915,309.26
20240423,4426547,297.83,304.67,294.55,302.36
20240424,2287853,301.81,304.19,300.355,303.73
20240425,2004854,303.27,307.54,299.82,304.81
20240426,1820261,306.19,309.91,305.90,306.45
20240429,1869117,307.51,309.77,304.91,306.09
20240430,1779405,305.32,305.32,299.11,299.61
20240501,1954586,301.19,307.74,298.3657,303.34
20240502,1521045,304.65,306.25,300.635,304.46
20240503,2027799,315.45,315.57,310.95,311.30
20240506,1533927,313.64,315.49,311.66,314.99
20240507,1820371,315.33,319.83,314.58,318.75
20240508,933558,318.01,319.95,317.47,319.00
20240509,1287528,319.01,320.87,317.35,320.45
20240510,1075749,322.00,322.275,319.715,320.86
20240513,1153698,321.50,322.99,315.64,315.87
20240514,2196064,315.51,316.11,311.93,314.05
20240515,1509070,316.35,319.84,315.60,316.37
20240516,1139692,315.96,316.35,313.14,314.02
20240517,968562,315.89,315.89,311.235,312.40
20240520,1424448,311.75,312.3999,308.88,309.42
20240521,1529700,310.01,311.38,308.67,309.96
20240522,1876349,309.10,310.66,306.075,307.22
20240523,1569851,307.54,307.76,302.855,303.09
20240524,1011191,303.78,307.39,303.45,304.84
20240528,1735147,304.28,305.44,301.04,301.73
20240529,1711673,299.34,300.29,295.78,297.43
20240530,1149066,297.98,302.56,296.35,302.05
20240531,6144790,302.11,304.62,300.82,303.80
20240603,1971314,304.98,305.66,298.205,302.03
20240604,3117714,302.02,306.95,300.04,305.84
20240605,1607529,306.17,308.39,301.955,308.23
20240606,1727318,307.92,308.52,303.01,304.06
20240607,3302682,293.69,295.22,282.09,291.95
20240610,2137359,290.85,294.90,290.18,293.11
20240611,1082419,293.18,297.01,291.77,296.00
20240612,1639759,303.57,306.29,298.39,299.29
20240613,1333084,298.93,300.71,296.00,300.45
20240614,927859,298.36,299.95,294.40,296.99
20240617,1535446,296.20,303.16,295.93,302.85
20240618,1973242,302.49,302.49,298.74,300.19
20240620,1786400,299.23,303.78,298.05,301.35
20240621,2312736,302.66,306.90,299.67,301.26
20240624,1602321,302.00,304.57,300.53,300.55
20240625,3308820,300.24,301.88,292.27,294.68
20240626,1617453,293.82,297.42,293.04,296.86
20240627,1133241,297.02,297.9288,295.565,297.00
20240628,2175805,297.00,299.63,295.87,298.43
20240701,1818476,298.58,299.12,294.68,295.79
20240702,2354004,295.51,296.42,292.33,294.65
20240703,1007010,294.65,297.69,293.56,297.22
20240705,1098019,296.76,296.76,294.32,295.70
20240708,1660480,296.42,300.46,296.40,300.25
20240709,1229226,300.08,300.08,297.855,298.91
20240710,1241809,300.00,305.90,298.82,305.37
20240711,1603377,308.45,314.80,306.63,313.97
20240712,1494727,314.46,320.07,313.03,318.37
20240715,1961931,317.50,320.84,316.76,318.47
20240716,2239867,320.23,326.53,319.89,326.40
20240717,1824069,324.57,327.61,322.35,325.80
20240718,2014016,324.93,329.8399,324.4625,325.46
20240719,1537799,324.80,325.06,320.90,321.85
20240722,2350465,322.34,323.33,318.01,322.35
20240723,4163094,339.00,345.55,331.735,344.50
20240724,1919999,344.16,344.60,331.69,332.02
20240725,2536106,335.40,348.15,335.40,342.74
20240726,1929018,344.21,351.99,343.00,349.22
20240729,1322946,349.48,353.78,348.79,352.55
20240730,1358247,352.93,356.69,349.62,351.84
20240731,1785322,354.49,355.70,348.06,350.80
20240801,1351574,351.38,353.58,346.86,350.38
20240802,1446528,348.42,349.34,342.57,347.25
20240805,2539114,341.08,345.075,336.1168,339.09
20240806,2579245,339.63,346.51,337.87,344.12
20240807,1909760,346.66,347.53,338.861,339.71
20240808,1774129,341.60,344.58,340.04,342.71
20240809,1763139,341.75,346.68,341.75,345.64
20240812,1789958,345.39,345.895,342.05,343.24
20240813,2487716,343.24,350.50,343.01,349.08
20240814,1230808,349.40,352.36,348.33,352.15
20240815,1277819,355.05,357.64,353.835,356.47
20240816,1023717,355.91,356.55,351.726,354.40
20240819,1457482,354.82,356.495,353.56,356.00
20240820,1739771,355.48,358.50,354.38,355.34
20240821,1238500,355.34,358.88,354.43,357.97
20240822,1077661,359.08,360.31,356.68,357.91
20240823,1358595,359.37,360.695,357.27,358.73
20240826,1359341,359.88,363.125,359.33,360.69
20240827,1380247,360.69,362.91,359.06,359.98
20240828,1156677,360.79,362.9225,359.52,361.70
20240829,847527,362.84,363.15,359.36,360.61
20240830,1882204,362.73,370.27,361.15,369.37
20240903,1446193,368.36,371.19,362.42,363.75
20240904,990288,363.55,365.64,361.46,362.70
20240905,874304,363.12,363.44,358.01,360.08
20240906,1171249,360.56,364.31,357.91,360.83
20240909,1169681,362.85,364.715,360.85,363.90
20240910,1480878,365.61,372.34,364.17,371.85
20240911,1743841,369.83,372.03,360.23,371.60
20240912,902620,371.15,374.26,367.825,373.97
20240913,1006429,375.00,378.86,374.56,375.40
20240916,1154325,377.02,380.13,375.905,379.06
20240917,830385,380.26,382.83,377.1012,378.00
20240918,1172494,378.59,379.6359,374.39,375.31
20240919,1069282,380.00,380.99,376.29,379.75
20240920,2543545,378.68,379.52,375.71,378.52
20240923,1213733,379.14,382.40,377.50,381.87
20240924,1079163,380.25,383.705,379.735,381.56
20240925,759409,383.43,383.43,379.03,381.18
20240926,981654,380.32,385.23,379.9507,383.93
20240927,1325924,383.49,385.25,380.61,382.73
20240930,1706739,382.43,383.49,376.61,381.67
20241001,1255647,383.06,383.815,377.715,380.58
20241002,794326,377.45,380.535,376.30,378.16
20241003,713800,377.27,377.27,372.32,373.10
20241004,883705,374.52,374.52,368.25,371.30
20241007,805382,366.00,369.03,363.85,367.78
20241008,1013408,370.00,375.34,369.08,373.40
20241009,834025,375.32,379.17,374.13,378.96
20241010,975496,376.32,378.705,374.36,376.45
20241011,945377,377.31,379.07,375.82,378.99
20241014,849499,378.90,385.01,377.35,384.16
20241015,1037142,386.65,392.57,384.56,388.55
20241016,777188,388.23,391.195,388.23,389.39
20241017,1080748,390.38,392.30,387.51,389.08
20241018,1280307,391.00,391.00,387.26,388.36
20241021,1351186,386.45,388.02,380.93,381.75
20241022,4720485,378.885,389.00,361.00,361.38
20241023,1847809,358.12,366.075,357.77,362.72
20241024,1386229,360.14,363.15,359.96,361.59
20241025,1121961,361.62,365.04,358.63,359.04
20241028,1002168,363.19,366.10,360.57,363.27
20241029,1044347,358.87,363.75,358.87,361.62
20241030,1333979,362.32,365.76,361.63,361.89
20241031,949883,359.76,362.16,358.62,358.77
20241101,1093806,361.34,363.99,357.59,357.97
20241104,5565871,382.195,383.70,369.17,374.40
20241105,2582688,373.83,379.73,373.76,378.21
20241106,4691344,379.87,383.43,375.28,380.73
20241107,16521780,384.50,389.19,382.17,384.00
20241108,2209492,384.975,389.74,381.315,386.67
20241111,1172607,386.76,391.51,386.76,389.25
20241112,1146371,391.99,391.99,383.33,383.67
20241113,1172731,385.05,389.605,383.52,387.29
20241114,1276649,386.31,388.79,385.34,388.46
20241115,1722807,385.70,388.65,378.78,378.99
20241118,1511882,379.01,382.87,373.05,375.35
20241119,1671730,372.40,375.13,367.37,373.50
20241120,1440807,374.00,374.00,367.35,371.66
20241121,2588483,373.09,383.42,369.485,383.32
20241122,1619932,385.00,388.445,382.955,388.30
20241125,3292067,392.00,400.31,389.71,399.71
20241126,1889323,399.76,400.03,395.15,396.14
20241127,2249090,397.73,400.42,393.90,393.96
20241129,1373229,397.52,398.77,393.635,397.40
20241202,1538768,396.05,398.50,392.66,395.58
20241203,1016933,395.74,398.00,390.365,395.32
20241204,1213891,394.81,394.89,390.77,392.07
20241205,1388293,390.42,391.525,384.48,385.24
20241206,1909970,387.76,389.68,384.46,384.96
20241209,2337606,385.40,385.90,375.47,376.45
20241210,1808600,375.36,375.83,370.61,371.60
20241211,1302611,373.94,374.63,370.51,371.94
20241212,1219297,370.71,370.96,366.33,366.85
20241213,1118837,367.18,367.23,362.45,364.50
20241216,1486595,366.20,368.27,363.96,365.03
20241217,1292409,363.47,368.58,362.54,362.79
20241218,2306780,361.58,364.56,348.35,348.66
20241219,2056273,348.99,349.91,342.18,342.38
20241220,3294827,339.74,349.35,339.30,345.47
20241223,1083330,344.35,345.805,340.76,344.84
20241224,445855,343.80,346.52,342.03,346.52
20241226,750556,342.85,346.64,342.85,345.51
20241227,881748,344.09,346.44,341.38,343.29
20241230,1217447,342.57,342.58,337.10,338.75
20241231,1053108,338.88,341.07,337.57,339.93
20250102,2263657,340.20,342.02,331.00,333.16
20250103,1636097,334.63,338.20,333.04,336.54
20250106,1841153,337.68,341.75,337.02,337.82
20250107,1625941,336.02,342.77,331.47,334.40
20250108,1413804,335.17,337.61,332.20,337.54
20250110,1685153,330.01,333.35,328.00,330.16
20250113,1442751,329.72,336.42,327.44,336.12
20250114,1501389,336.54,343.01,336.40,341.64
20250115,1741197,352.16,354.0315,344.2255,346.93
20250116,1469685,346.44,355.255,344.52,354.17
20250117,2392510,360.10,366.96,353.04,353.98
20250121,1808241,359.01,361.82,356.905,361.52
20250122,1181570,361.84,362.85,356.58,357.74
20250123,800048,358.60,361.64,355.99,361.11
20250124,1335392,363.01,366.2814,358.69,360.15
20250127,1270520,360.02,364.70,357.16,364.17
20250128,1338849,363.48,365.27,359.375,364.17
20250129,1616269,362.60,365.42,359.00,360.41
20250130,3418556,362.33,370.00,355.5588,365.55
20250131,1870881,365.73,366.68,356.55,358.16
20250203,1641762,352.43,362.75,349.50,357.64
20250204,1783252,356.16,358.27,353.13,357.59
20250205,1619635,360.31,365.42,356.68,364.48
20250206,970376,367.72,368.18,362.80,365.22
20250207,951124,363.94,364.605,357.32,360.57
20250210,1263220,362.97,362.97,355.94,359.16
20250211,1111179,360.10,364.71,359.09,361.37
20250212,1095027,353.00,357.7213,348.46,355.50
20250213,1907326,359.00,361.875,354.55,361.13
20250214,1871973,362.18,366.45,356.32,356.86
20250218,1498621,357.70,357.71,350.79,352.99
20250219,2042654,347.75,352.21,347.3885,351.85
20250220,2041807,350.87,351.25,348.44,350.02
20250221,2871814,352.73,353.155,342.32,344.57
